date,开盘,最高,最低,收盘,成交量,成交额,流通股本,换手率
1996-09-27,20.8,23.8,20.09,23.0,12913200.0,274708857.0,18000000.0,0.7174
1996-10-03,22.9,22.92,21.85,21.88,3291600.0,72923476.0,18000000.0,0.18286666666666668
1996-10-04,21.5,22.29,21.0,21.46,1626600.0,34960259.0,18000000.0,0.09036666666666666
1996-10-07,21.45,21.68,20.92,21.68,1780600.0,38097448.0,18000000.0,0.09892222222222222
1996-10-08,21.57,21.85,21.3,21.7,990200.0,21300376.0,18000000.0,0.05501111111111111
1996-10-09,21.61,21.93,21.02,21.1,1419700.0,30490831.0,18000000.0,0.07887222222222222
1996-10-10,21.01,21.28,20.95,21.12,771500.0,16298167.0,18000000.0,0.042861111111111114
1996-10-11,21.25,23.08,21.25,22.7,3301100.0,74979340.0,18000000.0,0.18339444444444444
1996-10-14,22.81,23.5,22.3,22.45,1456400.0,33425901.0,18000000.0,0.08091111111111111
1996-10-15,22.48,22.5,21.95,22.2,890700.0,19834368.0,18000000.0,0.04948333333333333
1996-10-16,22.33,22.5,21.81,21.99,939400.0,20771119.0,18000000.0,0.05218888888888889
1996-10-17,21.95,23.8,21.88,23.0,1622700.0,36703830.0,18000000.0,0.09015
1996-10-18,23.15,23.5,21.3,21.5,1206400.0,26719184.0,18000000.0,0.06702222222222222
1996-10-21,21.7,22.45,21.7,21.75,927200.0,20373175.0,18000000.0,0.05151111111111111
1996-10-22,21.49,22.87,20.0,22.7,2833200.0,62093181.0,18000000.0,0.1574
1996-10-23,23.0,26.3,22.8,26.1,5367100.0,132511503.0,18000000.0,0.2981722222222222
1996-10-24,27.02,27.5,25.5,26.3,3383600.0,89565570.0,18000000.0,0.18797777777777777
1996-10-25,26.3,26.5,24.28,24.7,4103900.0,102959810.0,18000000.0,0.22799444444444444
1996-10-28,24.0,25.5,24.0,25.25,2671600.0,65012493.0,18000000.0,0.14842222222222223
1996-10-29,25.3,25.3,24.5,24.78,2944600.0,73529061.0,18000000.0,0.1635888888888889
1996-10-30,24.0,25.0,23.85,23.93,1396300.0,33754794.0,18000000.0,0.07757222222222222
1996-10-31,24.0,24.58,23.75,24.0,2222600.0,53371280.0,18000000.0,0.12347777777777778
1996-11-01,23.9,24.19,22.92,23.08,2235200.0,52496446.0,18000000.0,0.12417777777777778
1996-11-04,23.05,25.5,23.05,24.15,1900600.0,46474730.0,18000000.0,0.10558888888888888
1996-11-06,23.02,23.8,22.6,22.99,666300.0,15340154.0,18000000.0,0.03701666666666667
1996-11-07,23.2,23.5,22.5,22.7,381600.0,8687945.0,18000000.0,0.0212
1996-11-08,23.01,23.48,22.6,22.85,589200.0,13515719.0,18000000.0,0.032733333333333337
1996-11-11,23.4,23.6,23.0,23.4,651000.0,15138041.0,18000000.0,0.036166666666666666
1996-11-12,23.77,23.98,23.1,23.4,521100.0,12173796.0,18000000.0,0.02895
1996-11-13,23.4,23.5,22.88,23.3,1016100.0,23455034.0,18000000.0,0.05645
1996-11-14,23.5,24.5,23.5,23.93,1300900.0,31197096.0,18000000.0,0.07227222222222222
1996-11-15,23.82,24.5,23.0,24.2,1613200.0,38676543.0,18000000.0,0.08962222222222223
1996-11-18,24.71,25.2,23.86,24.05,1190000.0,28780389.0,18000000.0,0.0661111111111111
1996-11-19,24.15,24.39,23.6,24.39,1468000.0,35220211.0,18000000.0,0.08155555555555556
1996-11-20,24.29,25.55,23.9,25.15,2145800.0,53694917.0,18000000.0,0.11921111111111111
1996-11-21,25.15,25.18,23.38,23.4,1827600.0,44770450.0,18000000.0,0.10153333333333334
1996-11-22,23.01,23.6,22.8,23.6,917100.0,21171957.0,18000000.0,0.05095
1996-11-25,23.57,24.45,23.3,24.0,1005200.0,24132680.0,18000000.0,0.05584444444444445
1996-11-26,24.19,24.19,23.31,23.54,857400.0,20257092.0,18000000.0,0.04763333333333333
1996-11-27,23.6,24.3,23.45,23.57,847700.0,20261522.0,18000000.0,0.047094444444444446
1996-11-28,23.5,23.6,23.2,23.4,554500.0,12945337.0,18000000.0,0.030805555555555555
1996-11-29,23.42,23.9,23.15,23.5,396500.0,9299382.0,18000000.0,0.022027777777777778
1996-12-02,23.76,23.95,23.2,23.33,482500.0,11370315.0,18000000.0,0.026805555555555555
1996-12-03,23.5,23.51,23.2,23.5,406900.0,9511819.0,18000000.0,0.022605555555555556
1996-12-04,23.79,24.69,23.5,24.15,1106600.0,26776365.0,18000000.0,0.06147777777777778
1996-12-05,24.0,24.4,23.9,24.25,846860.0,20487174.0,18000000.0,0.04704777777777778
1996-12-06,24.26,25.8,23.98,25.75,1649500.0,40500298.0,18000000.0,0.0916388888888889
1996-12-09,26.3,26.65,25.3,26.05,2013100.0,52351494.0,18000000.0,0.11183888888888889
1996-12-10,26.0,27.5,25.3,26.85,2296000.0,60286360.0,18000000.0,0.12755555555555556
1996-12-11,27.0,28.74,26.9,28.4,2753800.0,76952638.0,18000000.0,0.1529888888888889
1996-12-12,28.6,28.85,26.5,26.85,1529300.0,42042675.0,18000000.0,0.08496111111111111
1996-12-13,26.8,26.83,25.5,25.51,1298300.0,34042958.0,18000000.0,0.07212777777777778
1996-12-16,23.0,23.0,23.0,23.0,111900.0,2573700.0,18000000.0,0.006216666666666666
1996-12-17,20.7,22.48,20.7,20.7,1370300.0,28532004.0,18000000.0,0.07612777777777778
1996-12-18,19.75,22.77,19.75,22.77,1462400.0,31711612.0,18000000.0,0.08124444444444444
1996-12-19,22.7,23.77,20.49,20.75,2037300.0,44829441.0,18000000.0,0.11318333333333333
1996-12-20,20.76,21.3,19.51,20.95,1248800.0,25704154.0,18000000.0,0.06937777777777777
1996-12-23,21.6,22.7,21.08,22.15,1526800.0,33547631.0,18000000.0,0.08482222222222222
1996-12-24,22.12,22.9,21.3,21.35,1221100.0,27023690.0,18000000.0,0.06783888888888889
1996-12-25,21.8,22.9,21.5,22.64,1036000.0,23109278.0,18000000.0,0.057555555555555554
1996-12-26,23.0,23.16,22.6,22.7,373000.0,8514973.0,18000000.0,0.020722222222222222
1996-12-27,22.78,23.3,22.5,23.2,1124300.0,25819499.0,18000000.0,0.06246111111111111
1996-12-30,23.5,25.53,23.2,25.07,1648900.0,40435675.0,18000000.0,0.09160555555555555
1996-12-31,25.07,25.97,24.2,25.0,2172300.0,55033215.0,18000000.0,0.12068333333333334
1997-01-02,25.2,27.5,25.2,26.17,3381200.0,89027992.0,18000000.0,0.18784444444444445
1997-01-03,26.38,26.38,24.7,25.0,1820400.0,46164544.0,18000000.0,0.10113333333333334
1997-01-06,24.8,24.88,23.52,23.68,855800.0,20909917.0,18000000.0,0.047544444444444445
1997-01-07,23.45,24.86,23.2,24.6,1008700.0,24428324.0,18000000.0,0.05603888888888889
1997-01-08,24.62,25.3,24.0,24.71,860400.0,21313479.0,18000000.0,0.0478
1997-01-09,24.75,25.2,24.7,24.98,688400.0,17176727.0,18000000.0,0.03824444444444444
1997-01-10,25.2,25.3,24.68,25.0,410300.0,10227538.0,18000000.0,0.022794444444444444
1997-01-13,25.6,25.7,25.0,25.19,868600.0,21930370.0,18000000.0,0.04825555555555556
1997-01-14,25.18,25.29,24.3,24.45,377800.0,9313170.0,18000000.0,0.02098888888888889
1997-01-15,24.3,24.75,24.3,24.55,314800.0,7721406.0,18000000.0,0.01748888888888889
1997-01-16,24.3,24.95,24.3,24.68,352700.0,8693240.0,18000000.0,0.019594444444444446
1997-01-17,24.88,25.1,24.7,24.9,480400.0,11963451.0,18000000.0,0.02668888888888889
1997-01-20,25.18,25.28,24.71,24.85,417500.0,10384225.0,18000000.0,0.023194444444444445
1997-01-21,24.79,24.8,24.4,24.5,474800.0,11657724.0,18000000.0,0.026377777777777778
1997-01-22,24.65,25.3,24.5,24.79,1055200.0,26331698.0,18000000.0,0.05862222222222222
1997-01-23,25.0,25.4,24.45,25.0,1492600.0,37176005.0,18000000.0,0.08292222222222222
1997-01-24,25.1,25.25,24.5,24.78,565400.0,13989987.0,18000000.0,0.03141111111111111
1997-01-27,25.1,25.42,24.75,25.0,817900.0,20525975.0,18000000.0,0.04543888888888889
1997-01-28,25.1,25.2,24.71,24.78,489700.0,12168030.0,18000000.0,0.027205555555555556
1997-01-29,25.0,25.0,24.61,24.7,431900.0,10713545.0,18000000.0,0.023994444444444443
1997-01-30,24.98,24.98,24.5,24.65,457700.0,11269559.0,18000000.0,0.02542777777777778
1997-01-31,24.6,25.1,24.55,24.95,582400.0,14542829.0,18000000.0,0.032355555555555554
1997-02-17,25.1,25.1,24.68,24.83,280200.0,6951026.0,18000000.0,0.015566666666666666
1997-02-18,24.6,24.65,22.35,22.35,941000.0,22071549.0,18000000.0,0.05227777777777778
1997-02-19,22.95,23.99,22.8,23.58,896600.0,20824962.0,18000000.0,0.04981111111111111
1997-02-20,21.22,23.3,21.22,22.9,1044900.0,23435251.0,18000000.0,0.05805
1997-02-21,22.9,23.28,22.81,23.13,554500.0,12779367.0,18000000.0,0.030805555555555555
1997-02-24,23.25,24.9,23.25,24.1,737600.0,17927304.0,18000000.0,0.04097777777777778
1997-02-25,24.79,24.79,24.0,24.23,448800.0,10835059.0,18000000.0,0.02493333333333333
1997-02-26,24.5,24.6,24.25,24.39,345400.0,8416778.0,18000000.0,0.019188888888888887
1997-02-27,24.4,25.19,24.36,24.5,603900.0,14858466.0,18000000.0,0.03355
1997-02-28,24.7,24.95,24.0,24.5,428900.0,10415835.0,18000000.0,0.023827777777777778
1997-03-03,24.7,25.65,24.7,25.25,1025400.0,25887716.0,18000000.0,0.056966666666666665
1997-03-04,25.65,25.65,24.8,24.92,600400.0,15065846.0,18000000.0,0.033355555555555555
1997-03-05,24.9,25.0,24.35,24.38,483200.0,11946422.0,18000000.0,0.026844444444444445
1997-03-06,24.26,24.6,24.15,24.4,327500.0,7999223.0,18000000.0,0.018194444444444444
1997-03-07,24.95,25.09,24.38,24.75,598600.0,14809727.0,18000000.0,0.03325555555555555
1997-03-10,24.8,25.3,24.76,25.1,555100.0,13932210.0,18000000.0,0.030838888888888888
1997-03-11,25.18,25.3,24.86,25.19,731200.0,18359300.0,18000000.0,0.04062222222222222
1997-03-12,25.28,27.0,25.01,26.29,1925500.0,50598057.0,18000000.0,0.10697222222222222
1997-03-13,26.35,26.7,25.58,25.85,819900.0,21322512.0,18000000.0,0.04555
1997-03-14,26.0,26.48,25.58,26.39,796300.0,20611223.0,18000000.0,0.04423888888888889
1997-03-17,26.6,27.02,26.38,26.94,1530800.0,40877026.0,18000000.0,0.08504444444444445
1997-03-18,27.08,27.85,26.61,27.3,1635500.0,44706186.0,18000000.0,0.09086111111111111
1997-03-19,27.8,30.01,27.72,30.01,2651300.0,78009727.0,18000000.0,0.14729444444444445
1997-03-20,31.18,31.6,28.0,28.05,2169100.0,63962722.0,18000000.0,0.12050555555555556
1997-03-21,28.0,28.88,27.25,28.78,1817700.0,50915969.0,18000000.0,0.10098333333333333
1997-03-24,29.3,29.37,27.9,28.25,1792200.0,50521156.0,18000000.0,0.09956666666666666
1997-03-25,28.3,29.2,27.6,28.58,1394300.0,39454320.0,18000000.0,0.0774611111111111
1997-03-26,28.29,28.55,28.0,28.22,855400.0,24150971.0,18000000.0,0.04752222222222222
1997-03-27,28.25,29.0,27.7,27.75,1051800.0,29807012.0,18000000.0,0.05843333333333333
1997-03-28,27.7,28.3,27.11,27.42,1373200.0,37651817.0,19965500.0,0.06877864315945005
1997-03-31,27.45,27.5,27.0,27.5,1213500.0,32965863.0,19965500.0,0.06077984523302697
1997-04-01,27.71,28.15,27.15,27.4,956500.0,26162999.0,19965500.0,0.0479076406801733
1997-04-02,27.2,27.9,26.81,27.54,719400.0,19627928.0,19965500.0,0.036032155468182614
1997-04-03,27.85,27.85,27.03,27.31,413100.0,11253661.0,19965500.0,0.020690691442738725
1997-04-04,27.6,29.55,27.4,28.5,2150100.0,61289373.0,19965500.0,0.10769076657233728
1997-04-07,28.61,29.1,28.0,28.9,1614400.0,46445033.0,19965500.0,0.08085948260749794
1997-04-08,28.91,29.0,27.5,27.74,1156200.0,32420842.0,19965500.0,0.057909894568130026
1997-04-09,27.7,28.69,27.5,28.08,1190300.0,33375259.0,19965500.0,0.05961784077533746
1997-04-10,28.08,28.08,27.4,27.5,888400.0,24613846.0,19965500.0,0.044496756905662266
1997-04-11,27.21,27.48,26.48,26.75,858900.0,23085773.0,19965500.0,0.043019208134031206
1997-04-14,26.5,27.5,26.5,27.0,461100.0,12436070.0,19965500.0,0.023094838596579098
1997-04-15,27.1,27.38,26.9,27.01,383300.0,10395334.0,19965500.0,0.01919811675139616
1997-04-16,27.0,27.3,26.6,26.67,451200.0,12083188.0,19965500.0,0.022598983246099522
1997-04-17,26.8,27.35,26.65,27.0,450900.0,12116990.0,19965500.0,0.02258395732638802
1997-04-18,27.01,27.15,26.5,26.6,417300.0,11158982.0,19965500.0,0.020901054318699756
1997-04-21,26.65,27.0,26.65,27.0,606500.0,16329103.0,19965500.0,0.030377401016753902
1997-04-22,27.3,27.3,26.8,26.88,440500.0,11874214.0,19965500.0,0.022063058776389272
1997-04-23,25.0,26.5,24.3,25.84,2887900.0,74051116.0,19965500.0,0.14464451178282536
1997-04-24,25.5,26.28,24.85,26.0,2560300.0,65299160.0,19965500.0,0.12823620745786482
1997-04-25,26.0,26.96,25.3,26.12,1939700.0,50769835.0,19965500.0,0.09715258821467031
1997-04-28,26.1,27.6,26.1,27.15,2315600.0,62579062.0,19965500.0,0.11598006561318273
1997-04-29,27.91,28.2,26.0,26.27,1446600.0,38586800.0,19965500.0,0.07245498484886428
1997-04-30,26.18,26.5,25.7,26.1,599600.0,15637731.0,19965500.0,0.03003180486338935
1997-05-05,26.26,27.6,26.2,27.29,1644200.0,44701043.0,19965500.0,0.0823520572988405
1997-05-06,27.51,29.5,27.3,29.45,3453600.0,99509012.0,19965500.0,0.17297838771881496
1997-05-07,29.8,31.5,29.0,30.43,2496100.0,76218876.0,19965500.0,0.12502066063960332
1997-05-08,30.0,30.3,27.5,28.75,2242800.0,65651141.0,19965500.0,0.1123337757631915
1997-05-09,28.5,29.0,27.63,28.98,1645600.0,46950313.0,19965500.0,0.08242217825749418
1997-05-12,28.8,29.48,28.0,28.28,1059100.0,30473136.0,19965500.0,0.0530465052215071
1997-05-13,27.9,28.0,27.01,27.34,758600.0,20851187.0,19965500.0,0.03799554231048559
1997-05-14,27.5,27.5,26.45,26.88,571500.0,15371809.0,19965500.0,0.028624377050411962
1997-05-15,26.5,27.4,26.5,27.22,405200.0,10911564.0,19965500.0,0.02029500889033583
1997-05-16,25.0,28.38,24.53,24.93,1062600.0,27705049.0,19965500.0,0.05322180761814129
1997-05-19,25.39,26.4,25.2,25.72,344800.0,8806993.0,19965500.0,0.017269790388420025
1997-05-20,25.95,27.0,25.81,26.98,505100.0,13318763.0,19965500.0,0.025298640154266108
1997-05-21,26.99,26.99,25.5,25.86,304200.0,7918305.0,19965500.0,0.015236282587463375
1997-05-22,23.27,24.8,23.27,23.27,602200.0,14170298.0,19965500.0,0.030162029500889035
1997-05-26,24.8,25.0,23.0,24.25,398400.0,9596210.0,19965500.0,0.01995442137687511
1997-05-27,24.6,25.08,24.0,24.97,456100.0,11290729.0,19965500.0,0.022844406601387392
1997-05-28,24.7,25.5,24.51,25.0,440100.0,11042919.0,19965500.0,0.022043024216773933
1997-05-29,25.05,26.28,25.0,25.63,824700.0,21323694.0,19965500.0,0.04130625328691994
1997-05-30,25.65,26.0,25.6,26.0,375200.0,9716415.0,19965500.0,0.018792416919185595
1997-06-02,26.3,27.7,25.9,27.22,831900.0,22135953.0,19965500.0,0.04166687535999599
1997-06-03,26.73,27.35,26.12,26.52,394000.0,10511552.0,19965500.0,0.019734041221106408
1997-06-04,26.68,27.0,26.3,26.45,225300.0,5962637.0,19965500.0,0.011284465703338258
1997-06-05,26.5,26.75,26.0,26.2,262800.0,6902262.0,19965500.0,0.01316270566727605
1997-06-06,23.61,25.3,23.61,24.45,526300.0,12925383.0,19965500.0,0.02636047181387894
1997-06-09,24.9,24.9,23.8,24.26,211300.0,5095358.0,19965500.0,0.010583256116801483
1997-06-10,24.3,24.58,23.8,23.8,172500.0,4146554.0,19965500.0,0.008639903834113847
1997-06-11,23.7,23.7,22.48,23.05,242500.0,5576564.0,19965500.0,0.012145951766797726
1997-06-12,23.3,23.47,23.05,23.26,111000.0,2584857.0,19965500.0,0.005559590293255866
1997-06-13,22.15,23.92,22.11,23.61,183200.0,4224219.0,19965500.0,0.009175828303824097
1997-06-16,24.1,24.62,23.63,23.72,192800.0,4634093.0,19965500.0,0.00965665773459217
1997-06-17,23.72,24.36,23.62,23.82,199200.0,4726339.0,19965500.0,0.009977210688437555
1997-06-18,23.34,23.7,22.91,23.12,156000.0,3602342.0,19965500.0,0.007813478249981218
1997-06-19,23.12,23.77,23.12,23.53,161700.0,3795789.0,19965500.0,0.008098970724499763
1997-06-20,24.52,24.72,23.67,24.65,312200.0,7596540.0,19965500.0,0.015636973779770105
1997-06-23,25.02,25.57,23.82,24.72,1145700.0,28218714.0,19965500.0,0.05738398737822744
1997-06-24,24.72,25.43,24.12,24.97,498600.0,12286353.0,19965500.0,0.024973078560516893
1997-06-25,25.02,25.39,24.97,25.1,432600.0,10810045.0,19965500.0,0.021667376223986377
1997-06-26,25.33,25.33,24.42,24.62,246200.0,6051486.0,19965500.0,0.012331271443239589
1997-06-27,24.62,25.13,24.12,24.12,607100.0,14889441.0,19965500.0,0.030407452856176905
1997-07-02,24.33,25.61,23.62,25.29,757000.0,18719509.0,19965500.0,0.03791540407202424
1997-07-03,25.23,25.25,24.22,24.46,344700.0,8473589.0,19965500.0,0.01726478174851619
1997-07-04,24.12,24.77,24.02,24.47,229100.0,5558352.0,19965500.0,0.011474794019683954
1997-07-07,24.57,24.76,22.49,22.51,248800.0,5784724.0,19965500.0,0.012461496080739275
1997-07-08,22.13,24.11,22.11,24.11,217400.0,4893351.0,19965500.0,0.010888783150935364
1997-07-09,23.6,23.62,22.86,23.32,120300.0,2775712.0,19965500.0,0.006025393804312439
1997-07-10,23.37,23.91,23.13,23.24,177400.0,4164270.0,19965500.0,0.008885327189401718
1997-07-11,23.22,24.37,23.01,24.27,342400.0,8149820.0,19965500.0,0.017149583030728006
1997-07-14,24.67,25.44,24.12,25.42,636400.0,15894828.0,19965500.0,0.0318749843480003
1997-07-15,25.42,26.51,25.16,26.27,1115200.0,28922896.0,19965500.0,0.05585635220755804
1997-07-16,26.57,27.94,26.57,26.76,1787300.0,48447768.0,19965500.0,0.08951942100122712
1997-07-17,26.57,27.42,26.43,27.23,948500.0,25542832.0,19965500.0,0.04750694948786657
1997-07-18,27.34,28.04,27.16,27.25,839900.0,23059075.0,19965500.0,0.042067566552302725
1997-07-21,27.36,27.64,25.83,26.17,635300.0,16939428.0,19965500.0,0.03181988930905812
1997-07-22,25.93,26.43,25.83,26.26,413000.0,10730011.0,19965500.0,0.02068568280283489
1997-07-23,26.31,27.94,26.31,27.13,967900.0,26330042.0,19965500.0,0.04847862562921039
1997-07-24,27.44,27.48,26.16,26.21,340000.0,9064895.0,19965500.0,0.017029375673035987
1997-07-25,26.11,27.24,25.95,26.63,459700.0,12140156.0,19965500.0,0.02302471763792542
1997-07-28,27.14,27.14,25.98,26.01,307300.0,8060151.0,19965500.0,0.015391550424482231
1997-07-29,25.63,26.29,25.5,25.98,159300.0,4104177.0,19965500.0,0.007978763366807744
1997-07-30,25.98,26.62,25.93,26.43,179400.0,4667455.0,19965500.0,0.0089854999874784
1997-07-31,26.61,26.96,26.49,26.67,207400.0,5517386.0,19965500.0,0.010387919160551953
1997-08-01,26.73,27.14,26.73,27.14,308300.0,8278645.0,19965500.0,0.015441636823520573
1997-08-04,27.64,27.64,26.41,26.93,258500.0,6888590.0,19965500.0,0.012947334151411184
1997-08-05,26.93,27.16,26.41,26.45,166400.0,4435938.0,19965500.0,0.008334376799979965
1997-08-06,26.43,26.88,26.38,26.49,147700.0,3907815.0,19965500.0,0.007397761137962986
1997-08-07,26.44,26.73,25.73,26.65,157000.0,4108034.0,19965500.0,0.007863564649019559
1997-08-08,26.55,27.49,26.33,27.03,556700.0,14973530.0,19965500.0,0.027883098344644513
1997-08-11,27.14,28.44,27.14,28.39,2139600.0,59525713.0,19965500.0,0.1071648593824347
1997-08-12,28.72,29.15,26.94,27.12,1500100.0,41509876.0,19965500.0,0.07513460719741555
1997-08-13,27.22,27.81,26.83,27.02,840500.0,22979137.0,19965500.0,0.042097618391725725
1997-08-14,27.15,27.74,27.03,27.59,490100.0,13378454.0,19965500.0,0.02454734416869099
1997-08-15,27.75,27.84,26.83,27.0,251400.0,6811427.0,19965500.0,0.012591720718238962
1997-08-18,27.14,27.22,26.41,26.73,295800.0,7834705.0,19965500.0,0.014815556835541309
1997-08-19,26.83,27.01,26.33,26.53,133400.0,3533470.0,19965500.0,0.006681525631714708
1997-08-20,26.46,26.53,26.13,26.33,260500.0,6828316.0,19965500.0,0.013047506949487867
1997-08-21,26.53,27.1,26.33,27.03,244600.0,6555141.0,19965500.0,0.012251133204778242
1997-08-22,27.32,27.64,26.94,27.18,279600.0,7615381.0,19965500.0,0.014004157171120182
1997-08-25,27.03,27.44,26.93,27.12,247100.0,6667058.0,19965500.0,0.012376349202374095
1997-08-26,26.93,27.39,26.69,26.91,522700.0,13983998.0,19965500.0,0.026180160777340915
1997-08-27,26.93,27.13,26.71,26.9,283100.0,7591142.0,19965500.0,0.014179459567754377
1997-08-28,26.93,27.24,26.33,26.52,432000.0,11442033.0,19965500.0,0.02163732438456337
1997-08-29,26.43,26.54,25.93,26.09,496700.0,12928847.0,19965500.0,0.024877914402344044
1997-09-01,26.07,27.24,25.98,27.14,573700.0,15177241.0,19965500.0,0.02873456712829631
1997-09-02,27.34,27.89,26.74,27.76,814500.0,22269443.0,19965500.0,0.04079537201672886
1997-09-03,27.62,28.44,27.59,28.44,1583900.0,44253872.0,19965500.0,0.07933184743682853
1997-09-04,28.44,28.44,27.62,28.12,637000.0,17826666.0,19965500.0,0.031905036187423304
1997-09-05,28.23,28.32,27.84,28.23,795200.0,22237926.0,19965500.0,0.039828704515288874
1997-09-08,28.29,28.34,26.94,28.02,547000.0,15060268.0,19965500.0,0.0273972602739726
1997-09-09,27.93,27.94,27.14,27.94,175000.0,4790957.0,19965500.0,0.0087651198317097
1997-09-10,27.2,27.88,27.19,27.87,401000.0,11020277.0,19965500.0,0.020084646014374798
1997-09-11,27.84,28.64,27.14,27.99,1218500.0,34039574.0,19965500.0,0.061030277228218674
1997-09-12,27.79,27.79,27.09,27.14,126500.0,3439510.0,19965500.0,0.006335929478350154
1997-09-15,27.09,27.09,26.33,26.41,111000.0,2937860.0,19965500.0,0.005559590293255866
1997-09-16,26.63,26.63,26.13,26.43,90700.0,2371832.0,19965500.0,0.004542836392777541
1997-09-17,26.63,26.63,26.03,26.13,75000.0,1957376.0,19965500.0,0.0037564799278755855
1997-09-18,26.31,26.38,26.03,26.38,47400.0,1235028.0,19965500.0,0.00237409531441737
1997-09-19,26.45,26.68,26.18,26.36,39800.0,1046701.0,19965500.0,0.0019934386817259775
1997-09-22,26.13,26.13,24.62,24.64,177700.0,4476925.0,19965500.0,0.00890035310911322
1997-09-23,24.15,24.22,22.81,22.89,144600.0,3400156.0,19965500.0,0.007242493300944129
1997-09-24,23.32,24.12,23.27,24.1,164000.0,3860189.0,19965500.0,0.008214169442287946
1997-09-25,24.32,24.62,23.73,24.0,122200.0,2942223.0,19965500.0,0.006120557962485287
1997-09-26,24.2,24.52,23.56,24.22,88900.0,2106957.0,19965500.0,0.004452680874508527
1997-09-29,24.22,24.22,23.22,23.32,78800.0,1842107.0,19965500.0,0.003946808244221282
1997-09-30,23.32,24.12,23.12,23.82,42000.0,992199.0,19965500.0,0.002103628759610328
1997-10-06,23.82,23.92,23.57,23.72,37800.0,891386.0,19965500.0,0.001893265883649295
1997-10-07,23.92,24.22,23.37,23.61,32000.0,752430.0,19965500.0,0.0016027647692269163
1997-10-08,24.12,24.52,23.62,24.42,107300.0,2587292.0,19965500.0,0.005374270616814004
1997-10-09,24.2,24.32,24.0,24.0,48800.0,1173935.0,19965500.0,0.0024442162730710475
1997-10-10,24.12,24.22,23.97,24.03,35400.0,847561.0,19965500.0,0.0017730585259572763
1997-10-13,24.03,24.03,23.52,23.62,70500.0,1667900.0,19965500.0,0.0035310911322030502
1997-10-14,23.62,23.62,23.32,23.37,103300.0,2407803.0,19965500.0,0.005173925020660639
1997-10-15,23.37,24.12,23.32,23.92,72500.0,1710704.0,19965500.0,0.0036312639302797326
1997-10-16,24.0,25.43,24.0,24.97,281900.0,6945056.0,19965500.0,0.014119355888908367
1997-10-17,25.13,26.18,25.08,25.73,343600.0,8736509.0,19965500.0,0.017209686709574016
1997-10-20,25.98,26.13,25.14,25.49,254800.0,6510165.0,19965500.0,0.012762014474969323
1997-10-21,25.53,26.49,25.43,26.46,358500.0,9300561.0,19965500.0,0.017955974055245297
1997-10-22,26.63,26.83,25.63,25.85,392800.0,10243500.0,19965500.0,0.0196739375422604
1997-10-23,25.78,26.09,24.62,25.68,216900.0,5531265.0,19965500.0,0.010863739951416193
1997-10-24,25.74,25.93,25.33,25.88,179000.0,4564248.0,19965500.0,0.008965465427863063
1997-10-27,26.14,27.01,26.14,26.5,388900.0,10304655.0,19965500.0,0.01947860058601087
1997-10-28,26.43,27.01,26.03,26.75,838400.0,22129536.0,19965500.0,0.04199243695374521
1997-10-29,26.83,26.93,26.13,26.91,350800.0,9297134.0,19965500.0,0.017570308782650073
1997-10-30,26.93,28.64,26.93,27.24,865400.0,24035580.0,19965500.0,0.043344769727780424
1997-10-31,26.93,27.49,26.51,27.17,301100.0,8139805.0,19965500.0,0.015081014750444518
1997-11-03,26.92,27.44,26.92,26.94,127200.0,3422855.0,19965500.0,0.006370989957676993
1997-11-04,26.69,27.14,26.68,27.06,121500.0,3266035.0,19965500.0,0.006085497483158449
1997-11-05,27.22,27.64,27.03,27.34,196400.0,5340551.0,19965500.0,0.0098369687711302
1997-11-06,27.64,28.12,27.24,27.63,443500.0,12240547.0,19965500.0,0.022213317973504294
1997-11-07,27.64,29.34,27.64,28.81,1206400.0,34384217.0,19965500.0,0.06042423179985475
1997-11-10,29.15,29.5,28.04,28.25,817600.0,23565004.0,19965500.0,0.040950639853747715
1997-11-11,28.14,29.04,27.63,28.61,511100.0,14399423.0,19965500.0,0.025599158548496155
1997-11-12,28.64,29.61,28.54,28.62,641300.0,18594006.0,19965500.0,0.032120407703288174
1997-11-13,28.34,28.79,28.02,28.79,414700.0,11724888.0,19965500.0,0.02077082968120007
1997-11-14,29.04,29.15,28.52,28.64,288500.0,8303524.0,19965500.0,0.014449926122561418
1997-11-17,29.02,30.45,28.94,29.5,1166400.0,34602876.0,19965500.0,0.0584207758383211
1997-11-18,29.25,29.5,28.74,29.04,423100.0,12255554.0,19965500.0,0.021191555433122136
1997-11-19,28.94,29.48,28.64,29.15,323700.0,9364678.0,19965500.0,0.016212967368711025
1997-11-20,29.33,29.33,28.54,28.64,314600.0,9027344.0,19965500.0,0.015757181137462124
1997-11-21,28.15,28.62,27.64,27.74,315700.0,8815180.0,19965500.0,0.015812276176404298
1997-11-24,27.14,27.34,26.78,27.15,295400.0,7967067.0,19965500.0,0.014795522275925971
1997-11-25,27.12,27.74,26.83,27.74,160800.0,4368109.0,19965500.0,0.008053892965365255
1997-11-26,28.09,28.12,27.46,27.85,64100.0,1769592.0,19965500.0,0.003210538178357667
1997-11-27,27.84,27.92,27.12,27.24,220800.0,6040872.0,19965500.0,0.011059076907665723
1997-11-28,27.14,28.02,26.95,27.95,127900.0,3504690.0,19965500.0,0.0064060504370038315
1997-12-01,27.74,28.54,27.69,28.25,151000.0,4254870.0,19965500.0,0.007563046254789512
1997-12-02,28.3,28.4,27.64,28.09,49900.0,1402102.0,19965500.0,0.0024993113120132227
1997-12-03,28.22,28.22,27.99,28.01,84700.0,2367605.0,19965500.0,0.0042423179985474945
1997-12-04,28.14,28.84,27.88,28.52,167200.0,4746312.0,19965500.0,0.008374445919210638
1997-12-05,28.44,28.92,28.44,28.49,237500.0,6786476.0,19965500.0,0.01189551977160602
1997-12-08,28.99,29.35,28.84,29.06,171300.0,4951637.0,19965500.0,0.008579800155267837
1997-12-09,29.13,29.54,29.13,29.54,336200.0,9820154.0,19965500.0,0.01683904735669029
1997-12-10,29.7,30.3,29.53,29.62,622800.0,18582893.0,19965500.0,0.03119380932107886
1997-12-11,29.61,30.1,29.4,29.75,314600.0,9313328.0,19965500.0,0.015757181137462124
1997-12-12,29.8,30.2,29.65,29.85,323900.0,9688667.0,19965500.0,0.016222984648518696
1997-12-15,29.95,31.15,29.95,31.15,626900.0,19077697.0,19965500.0,0.03139916355713606
1997-12-16,31.36,32.44,31.36,31.88,1122500.0,35709494.0,19965500.0,0.05622198292053793
1997-12-17,31.83,31.83,30.15,30.55,778200.0,24015721.0,19965500.0,0.038977235731637076
1997-12-18,30.15,31.05,29.85,30.9,463100.0,14165434.0,19965500.0,0.023195011394655782
1997-12-19,31.66,31.66,30.92,31.31,358600.0,11121497.0,19965500.0,0.017960982695149133
1997-12-22,31.15,32.27,31.01,32.1,714800.0,22751945.0,19965500.0,0.03580175803260625
1997-12-23,32.26,32.54,31.18,31.49,356600.0,11220779.0,19965500.0,0.01786080989707245
1997-12-24,31.46,31.46,30.65,31.09,349300.0,10753359.0,19965500.0,0.01749517918409256
1997-12-25,30.95,31.56,30.58,31.31,324400.0,10051419.0,19965500.0,0.016248027848037864
1997-12-26,31.46,31.96,30.89,31.02,518600.0,16040325.0,19965500.0,0.025974806541283715
1997-12-29,31.66,31.66,30.8,30.81,273200.0,8416598.0,19965500.0,0.013683604217274799
1997-12-30,30.81,30.81,30.35,30.4,230300.0,6995569.0,19965500.0,0.011534897698529964
1997-12-31,30.15,31.87,30.15,31.8,278600.0,8654232.0,19965500.0,0.013954070772081842
1998-01-05,32.24,32.4,31.64,32.16,625800.0,19984051.0,19965500.0,0.031344068518193886
1998-01-06,32.16,32.4,31.76,32.14,493500.0,15762357.0,19965500.0,0.02471763792542135
1998-01-07,32.06,32.06,31.16,31.79,389900.0,12281146.0,19965500.0,0.01952868698504921
1998-01-08,31.66,31.79,31.03,31.33,512200.0,15983585.0,19965500.0,0.025654253587438332
1998-01-09,31.31,32.64,30.95,32.48,1132200.0,36111615.0,19965500.0,0.056707820991209835
1998-01-12,33.07,33.97,32.52,32.56,735800.0,24449876.0,19965500.0,0.03685357241241141
1998-01-13,31.56,32.16,29.31,30.94,971300.0,29370365.0,19965500.0,0.04864891938594075
1998-01-14,30.3,31.46,30.3,31.1,540900.0,16707753.0,19965500.0,0.02709173323983872
1998-01-15,31.81,32.01,30.35,31.64,398500.0,12381286.0,19965500.0,0.019959430016778943
1998-01-16,31.76,31.86,30.9,31.07,439600.0,13614220.0,19965500.0,0.022017981017254766
1998-01-19,32.06,32.16,31.05,31.16,463200.0,14566233.0,19965500.0,0.023200020034559614
1998-01-20,31.06,31.51,30.45,30.52,262000.0,8021671.0,19965500.0,0.013122636548045378
1998-01-21,30.53,31.03,30.25,30.37,200900.0,6092957.0,19965500.0,0.010062357566802734
1998-01-22,30.65,31.36,30.25,31.36,218700.0,6668828.0,19965500.0,0.010953895469685207
1998-01-23,31.66,31.84,30.76,31.65,234900.0,7327225.0,19965500.0,0.011765295134106334
1998-02-09,32.09,32.26,30.97,31.12,147300.0,4620016.0,19965500.0,0.0073777265783476495
1998-02-10,30.74,30.77,30.21,30.33,178600.0,5408905.0,19965500.0,0.008945430868247728
1998-02-11,30.15,30.65,29.75,30.15,127300.0,3818757.0,19965500.0,0.006375998597580827
1998-02-12,30.15,30.15,29.53,29.6,147300.0,4358831.0,19965500.0,0.0073777265783476495
1998-02-13,30.15,30.65,29.55,30.01,86600.0,2578875.0,19965500.0,0.004337482156720343
1998-02-16,29.85,29.85,29.13,29.35,145200.0,4244000.0,19965500.0,0.007272545140367133
1998-02-17,29.13,29.99,28.92,29.18,113300.0,3299630.0,19965500.0,0.005674789011044051
1998-02-18,29.15,29.69,29.13,29.66,106900.0,3114228.0,19965500.0,0.005354236057198668
1998-02-19,29.7,29.9,29.15,29.3,109900.0,3210744.0,19965500.0,0.0055044952543136915
1998-02-20,29.63,29.65,28.94,28.97,100800.0,2914403.0,19965500.0,0.005048709023064786
1998-02-23,28.74,28.74,27.84,28.05,160200.0,4487268.0,19965500.0,0.00802384112594225
1998-02-24,27.64,28.24,27.59,27.76,105800.0,2949965.0,19965500.0,0.005299141018256492
1998-02-25,27.72,27.74,26.95,27.09,137100.0,3730128.0,19965500.0,0.0068668453081565705
1998-02-26,27.08,28.34,26.93,27.94,122600.0,3359571.0,19965500.0,0.006140592522100623
1998-02-27,28.24,28.24,27.64,27.79,55300.0,1531903.0,19965500.0,0.002769777866820265
1998-03-02,27.14,27.14,26.13,26.48,122300.0,3235607.0,19965500.0,0.006125566602389121
1998-03-03,26.48,26.73,26.14,26.73,66400.0,1746171.0,19965500.0,0.0033257368961458517
1998-03-04,27.01,27.93,26.63,27.63,87300.0,2370669.0,19965500.0,0.004372542636047181
1998-03-05,27.62,28.14,27.62,27.8,108800.0,3018402.0,19965500.0,0.005449400215371516
1998-03-06,27.62,27.62,27.03,27.14,103600.0,2802420.0,19965500.0,0.005188950940372142
1998-03-09,27.14,27.14,26.67,26.72,63200.0,1685586.0,19965500.0,0.00316546041922316
1998-03-10,26.63,27.34,26.61,27.03,90800.0,2438451.0,19965500.0,0.004547845032681375
1998-03-11,27.44,27.44,26.53,26.63,129300.0,3474751.0,19965500.0,0.0064761713956575095
1998-03-12,26.13,26.33,25.93,26.06,113100.0,2935052.0,19965500.0,0.005664771731236383
1998-03-13,26.13,26.26,25.97,26.05,105100.0,2724666.0,19965500.0,0.0052640805389296535
1998-03-16,26.15,27.64,26.13,26.25,249900.0,6533388.0,19965500.0,0.012516591119681451
1998-03-17,26.37,26.79,26.37,26.62,381200.0,10079336.0,19965500.0,0.019092935313415643
1998-03-18,26.53,27.84,26.53,27.66,702500.0,19179249.0,19965500.0,0.03518569532443465
1998-03-19,27.64,27.69,26.73,26.92,290500.0,7854374.0,19965500.0,0.014550098920638101
1998-03-20,26.92,27.19,26.66,27.0,242600.0,6518920.0,19965500.0,0.01215096040670156
1998-03-23,27.0,27.0,25.65,26.08,316900.0,8230482.0,19965500.0,0.015872379855250307
1998-03-24,25.74,26.23,25.74,25.93,216100.0,5583904.0,19965500.0,0.01082367083218552
1998-03-25,26.63,26.72,25.78,26.31,336700.0,8750403.0,19965500.0,0.016864090556209462
1998-03-26,26.23,26.23,25.82,25.93,292700.0,7556118.0,19965500.0,0.014660288998522451
1998-03-27,25.93,26.11,25.13,25.63,387200.0,9832085.0,19965500.0,0.01939345370764569
1998-03-30,25.78,26.23,25.33,25.78,524300.0,13457858.0,19965500.0,0.02626029901580226
1998-03-31,26.14,26.31,25.23,25.58,633400.0,16208414.0,19965500.0,0.03172472515088528
1998-04-01,24.02,25.23,23.62,24.15,908600.0,22078252.0,19965500.0,0.04550850216623676
1998-04-02,24.12,25.13,24.12,24.58,725900.0,17762263.0,19965500.0,0.03635771706193183
1998-04-03,24.7,25.02,24.42,24.84,429000.0,10541174.0,19965500.0,0.021487065187448348
1998-04-06,25.02,25.13,24.42,24.57,544200.0,13320203.0,19965500.0,0.027257018356665247
1998-04-07,24.62,26.43,24.52,26.14,893000.0,22735755.0,19965500.0,0.04472715434123864
1998-04-08,26.12,26.13,25.53,25.98,539400.0,13868986.0,19965500.0,0.02701660364128121
1998-04-09,25.93,26.31,25.65,26.03,604700.0,15704658.0,19965500.0,0.030287245498484886
1998-04-10,25.93,26.93,25.93,26.93,673500.0,17904903.0,19965500.0,0.033733189752322756
1998-04-13,27.18,27.64,26.94,27.0,798700.0,21700345.0,19965500.0,0.040004006911923067
1998-04-14,26.92,26.93,26.26,26.42,329300.0,8687611.0,19965500.0,0.016493451203325737
1998-04-15,26.33,26.43,25.93,26.06,367000.0,9519140.0,19965500.0,0.018381708447071196
1998-04-16,26.13,26.58,25.68,25.71,343000.0,8841263.0,19965500.0,0.01717963487015101
1998-04-17,25.53,25.71,25.0,25.14,290400.0,7297416.0,19965500.0,0.014545090280734266
1998-04-20,24.92,25.53,24.67,25.13,198400.0,4956402.0,19965500.0,0.009937141569206881
1998-04-21,25.13,25.88,24.93,25.82,180900.0,4577592.0,19965500.0,0.009060629586035911
1998-04-22,25.83,26.13,25.53,25.8,244300.0,6294915.0,19965500.0,0.01223610728506674
1998-04-23,26.13,26.33,25.62,25.74,186800.0,4806969.0,19965500.0,0.009356139340362125
1998-04-24,25.93,26.93,25.93,26.68,611500.0,16203162.0,19965500.0,0.030627833011945608
1998-04-27,27.34,27.44,25.75,25.84,595100.0,15614289.0,19965500.0,0.02980641606771681
1998-04-28,25.73,26.33,25.73,25.94,324800.0,8421766.0,19965500.0,0.016268062407653203
1998-04-29,26.33,26.33,25.63,25.92,288200.0,7446546.0,19965500.0,0.014434900202849916
1998-04-30,25.94,26.13,25.01,26.13,376700.0,9588976.0,19965500.0,0.018867546517743108
1998-05-04,26.43,27.14,26.31,26.61,603600.0,16026210.0,19965500.0,0.030232150459542712
1998-05-05,26.73,26.93,26.33,26.35,331400.0,8762069.0,19965500.0,0.016598632641306253
1998-05-06,26.33,26.35,25.71,25.75,292700.0,7537968.0,19965500.0,0.014660288998522451
1998-05-07,25.75,26.66,25.43,25.72,413600.0,10691616.0,19965500.0,0.020715734642257896
1998-05-08,25.62,26.0,25.23,25.84,273200.0,7009515.0,19965500.0,0.013683604217274799
1998-05-11,26.11,26.28,25.68,25.7,317400.0,8190694.0,19965500.0,0.015897423054769478
1998-05-12,25.73,26.01,25.48,25.5,194600.0,4973720.0,19965500.0,0.009746813252861185
1998-05-13,25.61,26.09,25.28,25.46,275000.0,6956977.0,19965500.0,0.013773759735543813
1998-05-14,25.51,25.73,25.14,25.33,215500.0,5424969.0,19965500.0,0.010793618992762516
1998-05-15,25.81,25.83,25.43,25.52,253900.0,6468811.0,19965500.0,0.012716936715834815
1998-05-18,25.48,25.52,25.25,25.33,179400.0,4523135.0,19965500.0,0.0089854999874784
1998-05-19,25.23,25.43,24.73,25.11,134000.0,3355565.0,19965500.0,0.006711577471137713
1998-05-20,25.95,25.95,25.11,25.23,185400.0,4652014.0,19965500.0,0.009286018381708448
1998-05-21,25.23,25.23,24.82,24.98,136800.0,3398475.0,19965500.0,0.006851819388445068
1998-05-22,25.13,25.43,25.02,25.13,186400.0,4654039.0,19965500.0,0.009336104780746788
1998-05-26,25.19,25.19,24.62,24.72,174600.0,4316390.0,19965500.0,0.008745085272094362
1998-05-27,24.51,24.82,24.42,24.43,287100.0,6999054.0,19965500.0,0.01437980516390774
1998-05-28,24.52,24.82,24.52,24.65,182000.0,4456584.0,19965500.0,0.009115724624978087
1998-05-29,24.65,25.38,24.65,24.77,206000.0,5114867.0,19965500.0,0.010317798201898274
1998-06-01,24.92,25.02,24.67,24.79,244900.0,6050554.0,19965500.0,0.012266159124489745
1998-06-02,24.79,24.8,24.44,24.57,253600.0,6201383.0,19965500.0,0.012701910796123313
1998-06-03,24.62,24.62,24.12,24.32,203700.0,4942629.0,19965500.0,0.01020259948411009
1998-06-04,24.29,24.62,24.2,24.45,149100.0,3613784.0,19965500.0,0.007467882096616664
1998-06-05,24.47,25.13,24.44,25.11,212500.0,5268590.0,19965500.0,0.010643359795647492
1998-06-08,25.13,25.33,24.86,24.89,186600.0,4637905.0,19965500.0,0.009346122060554456
1998-06-09,24.82,24.82,24.12,24.31,206800.0,5035439.0,19965500.0,0.010357867321128948
1998-06-10,24.2,24.82,24.2,24.6,119000.0,2912722.0,19965500.0,0.005960281485562596
1998-06-11,24.62,24.72,24.32,24.32,95400.0,2321111.0,19965500.0,0.0047782424682577445
1998-06-12,25.01,25.13,24.64,24.94,141500.0,3497817.0,19965500.0,0.007087225463925271
1998-06-15,24.92,24.94,24.12,24.39,126400.0,3084723.0,19965500.0,0.00633092083844632
1998-06-16,24.32,24.33,23.62,24.1,142300.0,3386835.0,19965500.0,0.007127294583155944
1998-06-17,24.13,24.25,23.62,23.74,37200.0,892569.0,19965500.0,0.0018632140442262904
1998-06-18,23.78,24.62,23.78,24.1,135900.0,3268925.0,19965500.0,0.006806741629310561
1998-06-19,24.14,24.61,24.07,24.38,96200.0,2321329.0,19965500.0,0.004818311587488418
1998-06-22,24.44,24.92,24.4,24.9,187000.0,4599542.0,19965500.0,0.009366156620169793
1998-06-23,24.9,24.92,24.47,24.72,109700.0,2692031.0,19965500.0,0.005494477974506023
1998-06-24,24.8,24.92,24.67,24.69,127300.0,3137856.0,19965500.0,0.006375998597580827
1998-06-25,24.98,24.98,24.47,24.47,102800.0,2478756.0,19965500.0,0.005148881821141469
1998-06-26,24.47,24.47,24.16,24.21,117000.0,2781680.0,19965500.0,0.005860108687485913
1998-06-29,24.26,24.26,23.46,23.55,97500.0,2273926.0,19965500.0,0.004883423906238261
1998-06-30,23.57,23.57,23.19,23.19,157100.0,3599516.0,19965500.0,0.007868573288923392
1998-07-01,23.67,23.81,22.95,23.09,84100.0,1925862.0,19965500.0,0.00421226615912449
1998-07-02,23.09,24.16,23.04,24.02,315000.0,7226821.0,19965500.0,0.01577721569707746
1998-07-03,23.65,24.26,23.6,23.87,110200.0,2599863.0,19965500.0,0.005519521174025194
1998-07-06,23.87,24.16,23.53,23.6,82900.0,1933036.0,19965500.0,0.00415216248027848
1998-07-07,23.54,23.64,23.25,23.38,63300.0,1453784.0,19965500.0,0.003170469059126994
1998-07-08,23.45,23.96,23.35,23.55,85000.0,1960782.0,19965500.0,0.004257343918258997
1998-07-09,23.53,23.53,23.12,23.33,49100.0,1128143.0,19965500.0,0.00245924219278255
1998-07-10,23.33,24.12,23.25,23.6,95500.0,2208361.0,19965500.0,0.004783251108161578
1998-07-13,23.45,24.23,23.45,23.86,74300.0,1747125.0,19965500.0,0.0037214194485487464
1998-07-14,23.86,25.28,22.92,24.93,1854200.0,42111033.0,19965500.0,0.09287020109689213
1998-07-15,24.15,24.77,24.06,24.36,848500.0,20324298.0,19965500.0,0.04249830958403246
1998-07-16,24.47,24.47,23.54,23.65,224500.0,5233265.0,19965500.0,0.011244396584107585
1998-07-17,23.65,23.86,23.37,23.67,144200.0,3341011.0,19965500.0,0.007222458741328792
1998-07-20,23.7,23.76,23.04,23.2,148600.0,3399733.0,19965500.0,0.007442838897097493
1998-07-21,22.94,24.16,22.94,23.73,113900.0,2626837.0,19965500.0,0.005704840850467055
1998-07-22,22.84,23.73,22.84,23.25,57000.0,1304594.0,19965500.0,0.002854924745185445
1998-07-23,23.45,23.73,23.14,23.68,69200.0,1590310.0,19965500.0,0.003465978813453207
1998-07-24,23.6,24.21,23.55,23.76,143400.0,3370899.0,19965500.0,0.0071823896220981195
1998-07-27,24.24,24.88,23.97,24.49,317400.0,7650590.0,19965500.0,0.015897423054769478
1998-07-28,24.57,24.7,24.13,24.16,138600.0,3311904.0,19965500.0,0.0069419749067140815
1998-07-29,24.17,24.56,23.76,23.87,93400.0,2209224.0,19965500.0,0.0046780696701810625
1998-07-30,24.21,24.98,23.91,24.49,206200.0,4959393.0,19965500.0,0.010327815481705943
1998-07-31,24.57,24.6,24.26,24.32,78900.0,1889454.0,19965500.0,0.0039518168841251155
1998-08-03,24.47,24.47,23.91,24.04,81100.0,1919044.0,19965500.0,0.004062006962009466
1998-08-04,23.96,24.42,23.5,23.6,64600.0,1501168.0,19965500.0,0.0032355813778768374
1998-08-05,23.4,23.96,23.4,23.76,57000.0,1323399.0,19965500.0,0.002854924745185445
1998-08-06,23.55,23.96,23.28,23.32,105500.0,2429719.0,19965500.0,0.00528411509854499
1998-08-07,23.14,23.47,23.04,23.14,83800.0,1907193.0,19965500.0,0.004197240239412987
1998-08-10,23.12,23.12,21.41,21.79,178900.0,3876880.0,19965500.0,0.00896045678795923
1998-08-11,21.79,22.11,21.24,21.31,132400.0,2801392.0,19965500.0,0.006631439232676367
1998-08-12,21.31,21.31,19.37,19.88,238400.0,4662872.0,19965500.0,0.011940597530740527
1998-08-13,20.01,20.47,19.87,20.33,145000.0,2863882.0,19965500.0,0.007262527860559465
1998-08-14,20.18,20.18,18.35,18.5,349200.0,6516627.0,19965500.0,0.017490170544188725
1998-08-17,17.54,17.64,16.61,16.61,231600.0,3811628.0,19965500.0,0.011600010017279807
1998-08-18,16.19,16.71,15.17,15.93,352600.0,5503344.0,19965500.0,0.017660464300919086
1998-08-19,15.8,17.52,15.8,17.46,395100.0,6660199.0,19965500.0,0.019789136260048582
1998-08-20,17.43,17.84,16.93,17.42,353700.0,6036528.0,19965500.0,0.01771555933986126
1998-08-21,17.42,17.53,16.98,17.45,364200.0,6135579.0,19965500.0,0.018241466529763842
1998-08-24,17.33,17.84,17.13,17.55,271200.0,4675845.0,19965500.0,0.013583431419198117
1998-08-25,17.33,17.62,17.23,17.62,160500.0,2731047.0,19965500.0,0.008038867045653753
1998-08-26,17.38,17.54,17.23,17.23,123700.0,2111275.0,19965500.0,0.006195687561042799
1998-08-27,16.48,17.13,16.48,16.68,110100.0,1806980.0,19965500.0,0.005514512534121359
1998-08-28,16.41,16.57,16.32,16.36,119000.0,1915884.0,19965500.0,0.005960281485562596
1998-08-31,16.11,16.65,15.24,16.65,177700.0,2731220.0,19965500.0,0.00890035310911322
1998-09-01,16.83,16.83,16.16,16.39,103400.0,1665090.0,19965500.0,0.005178933660564474
1998-09-02,16.41,16.52,16.21,16.42,93300.0,1497110.0,19965500.0,0.004673061030277228
1998-09-03,16.21,16.52,16.21,16.4,71500.0,1150845.0,19965500.0,0.003581177531241391
1998-09-04,16.31,17.11,16.31,16.81,134600.0,2218628.0,19965500.0,0.006741629310560718
1998-09-07,17.03,17.43,16.98,17.38,248600.0,4214556.0,19965500.0,0.012451478800931608
1998-09-08,17.5,17.79,17.24,17.25,213300.0,3656070.0,19965500.0,0.010683428914878165
1998-09-09,17.15,17.61,17.03,17.58,157600.0,2684457.0,19965500.0,0.007893616488442563
1998-09-10,17.66,18.35,17.66,18.17,441000.0,7807573.0,19965500.0,0.022088101975908443
1998-09-11,18.17,18.61,17.95,18.05,350600.0,6283235.0,19965500.0,0.017560291502842402
1998-09-14,18.35,18.4,17.98,18.4,280800.0,5028403.0,19965500.0,0.014064260849966191
1998-09-15,18.38,18.75,18.2,18.26,249300.0,4513475.0,19965500.0,0.012486539280258446
1998-09-16,18.25,18.61,18.05,18.35,328100.0,5893344.0,19965500.0,0.016433347524479728
1998-09-17,18.21,18.35,17.89,17.9,361100.0,6442469.0,19965500.0,0.018086198692744984
1998-09-18,17.84,18.0,17.69,17.91,251400.0,4420235.0,19965500.0,0.012591720718238962
1998-09-21,17.64,18.5,17.32,18.44,165400.0,2898886.0,19965500.0,0.008284290400941625
1998-09-22,18.08,18.96,18.08,18.92,730200.0,13465607.0,19965500.0,0.036573088577796696
1998-09-23,18.93,19.63,18.93,19.34,1078200.0,20576964.0,19965500.0,0.05400315544313942
1998-09-24,19.35,19.58,18.35,18.45,277100.0,5163585.0,19965500.0,0.013878941173524329
1998-09-25,18.45,18.94,18.35,18.71,162100.0,2956195.0,19965500.0,0.008119005284115098
1998-09-28,18.86,18.99,18.23,18.45,147100.0,2669641.0,19965500.0,0.007367709298539982
1998-09-29,18.46,18.46,18.15,18.17,279500.0,5000252.0,19965500.0,0.013999148531216348
1998-09-30,18.35,18.5,18.15,18.37,71000.0,1278704.0,19965500.0,0.0035561343317222207
1998-10-05,18.38,18.56,18.25,18.56,73800.0,1330308.0,19965500.0,0.003696376249029576
1998-10-06,18.4,18.75,18.15,18.35,59700.0,1073513.0,19965500.0,0.002990158022588966
1998-10-07,18.15,18.61,18.1,18.55,120300.0,2166106.0,19965500.0,0.006025393804312439
1998-10-08,18.56,18.85,18.4,18.71,243200.0,4479201.0,19965500.0,0.012181012246124565
1998-10-09,18.86,18.96,18.46,18.57,67600.0,1237663.0,19965500.0,0.0033858405749918608
1998-10-12,18.56,18.76,18.2,18.25,74600.0,1350069.0,19965500.0,0.003736445368260249
1998-10-13,18.25,18.35,18.13,18.15,72900.0,1306441.0,19965500.0,0.003651298489895069
1998-10-14,18.09,18.64,18.09,18.22,33000.0,590395.0,19965500.0,0.0016528511682652575
1998-10-15,18.15,18.35,18.11,18.2,66500.0,1186434.0,19965500.0,0.0033307455360496855
1998-10-16,18.35,18.64,18.21,18.35,121300.0,2188647.0,19965500.0,0.00607548020335078
1998-10-19,18.35,18.63,18.33,18.6,204400.0,3713118.0,19965500.0,0.010237659963436929
1998-10-20,18.64,18.68,18.25,18.35,87700.0,1585612.0,19965500.0,0.004392577195662518
1998-10-21,18.13,18.2,17.54,17.67,205800.0,3603951.0,19965500.0,0.010307780922090606
1998-10-22,17.41,17.74,17.27,17.54,134900.0,2301473.0,19965500.0,0.00675665523027222
1998-10-23,17.65,17.85,17.35,17.57,82400.0,1429184.0,19965500.0,0.00412711928075931
1998-10-26,17.57,17.57,17.01,17.13,154200.0,2589798.0,19965500.0,0.007723322731712203
1998-10-27,17.43,17.43,17.08,17.23,72500.0,1220211.0,19965500.0,0.0036312639302797326
1998-10-28,17.26,17.59,17.25,17.43,54100.0,925410.0,19965500.0,0.0027096741879742555
1998-10-29,17.45,17.74,17.34,17.45,90600.0,1549252.0,19965500.0,0.004537827752873707
1998-10-30,17.5,18.04,17.45,17.66,142600.0,2505794.0,19965500.0,0.007142320502867446
1998-11-02,17.74,18.05,17.74,18.02,77300.0,1357728.0,19965500.0,0.00387167864566377
1998-11-03,19.37,19.37,18.23,18.52,278300.0,5113772.0,19965500.0,0.013939044852370339
1998-11-04,18.66,18.71,18.33,18.38,116500.0,2112327.0,19965500.0,0.005835065487966743
1998-11-05,18.3,18.76,18.3,18.56,113300.0,2063687.0,19965500.0,0.005674789011044051
1998-11-06,18.56,19.0,18.5,18.8,448500.0,8304086.0,19965500.0,0.022463749968696
1998-11-09,18.96,19.74,18.84,19.74,662400.0,12528072.0,19965500.0,0.03317723072299717
1998-11-10,19.73,19.98,19.42,19.47,645000.0,12459583.0,19965500.0,0.03230572737973003
1998-11-11,19.47,19.63,18.97,19.56,282500.0,5330678.0,19965500.0,0.014149407728331372
1998-11-12,19.63,19.75,19.09,19.16,184600.0,3501204.0,19965500.0,0.009245949262477774
1998-11-13,19.32,19.32,18.88,18.96,138900.0,2590237.0,19965500.0,0.006957000826425584
1998-11-16,18.96,19.5,18.86,19.37,179800.0,3397603.0,19965500.0,0.009005534547093737
1998-11-17,19.68,19.73,19.07,19.37,183000.0,3473335.0,19965500.0,0.009165811024016429
1998-11-18,19.35,19.47,19.07,19.12,122200.0,2297348.0,19965500.0,0.006120557962485287
1998-11-19,19.07,19.07,18.86,18.87,91900.0,1707243.0,19965500.0,0.004602940071623551
1998-11-20,18.76,19.04,18.76,18.86,63600.0,1180612.0,19965500.0,0.0031854949788384965
1998-11-23,18.76,19.36,18.61,19.13,99600.0,1840517.0,19965500.0,0.004988605344218778
1998-11-24,19.13,19.22,18.92,18.94,78100.0,1465110.0,19965500.0,0.003911747764894443
1998-11-25,18.96,18.98,18.66,18.67,68600.0,1261251.0,19965500.0,0.003435926974030202
1998-11-26,18.57,18.9,18.27,18.46,134700.0,2456110.0,19965500.0,0.0067466379504645515
1998-11-27,18.35,18.45,17.84,17.94,123300.0,2213006.0,19965500.0,0.006175653001427462
1998-11-30,17.94,18.1,17.94,18.07,62000.0,1095845.0,19965500.0,0.0031053567403771507
1998-12-01,18.1,18.1,17.84,17.87,44100.0,777390.0,19965500.0,0.002208810197590844
1998-12-02,17.84,17.84,17.58,17.78,66700.0,1156741.0,19965500.0,0.003340762815857354
1998-12-03,17.94,18.13,17.79,18.0,33000.0,582453.0,19965500.0,0.0016528511682652575
1998-12-04,18.0,18.2,17.84,18.12,49300.0,871340.0,19965500.0,0.002469259472590218
1998-12-07,18.32,18.35,17.84,17.86,54700.0,972861.0,19965500.0,0.0027397260273972603
1998-12-08,17.93,18.15,17.84,17.96,14900.0,263032.0,19965500.0,0.0007462873456712829
1998-12-09,17.99,18.13,17.84,17.95,63000.0,1105924.0,19965500.0,0.0031554431394154917
1998-12-10,17.96,17.96,17.64,17.67,49900.0,870250.0,19965500.0,0.0024993113120132227
1998-12-11,17.14,17.74,17.14,17.74,55300.0,948485.0,19965500.0,0.002769777866820265
1998-12-14,17.74,17.74,17.34,17.5,28300.0,486128.0,19965500.0,0.0014174450927850542
1998-12-15,17.33,17.5,17.13,17.33,59800.0,1014746.0,19965500.0,0.0029951666624928003
1998-12-16,17.43,17.46,17.19,17.24,21100.0,359227.0,19965500.0,0.001056823019708998
1998-12-17,17.26,17.33,17.03,17.21,77100.0,1291523.0,19965500.0,0.0038616613658561017
1998-12-18,17.13,17.33,17.13,17.14,26000.0,438886.0,19965500.0,0.0013022463749968697
1998-12-21,17.13,17.28,17.04,17.11,20800.0,349751.0,19965500.0,0.0010417970999974956
1998-12-22,17.18,17.64,17.14,17.56,42400.0,723211.0,19965500.0,0.002123663319225664
1998-12-23,17.54,17.55,17.13,17.36,47300.0,805030.0,19965500.0,0.002369086674513536
1998-12-24,17.19,17.34,17.19,17.28,35000.0,593502.0,19965500.0,0.0017530239663419399
1998-12-25,17.28,17.67,17.23,17.36,22400.0,383718.0,19965500.0,0.0011219353384588416
1998-12-28,17.43,17.43,17.2,17.2,32800.0,556978.0,19965500.0,0.0016428338884575894
1998-12-29,17.15,17.2,16.78,16.85,82000.0,1361173.0,19965500.0,0.004107084721143973
1998-12-30,16.82,17.03,15.81,16.62,107700.0,1752223.0,19965500.0,0.005394305176429341
1998-12-31,16.71,16.82,16.63,16.7,26300.0,431568.0,20000000.0,0.001315
1999-01-04,16.67,16.82,16.31,16.42,38000.0,618522.0,20000000.0,0.0019
1999-01-05,16.31,16.31,16.03,16.17,62600.0,994030.0,20000000.0,0.00313
1999-01-06,16.31,16.43,16.12,16.34,30000.0,481554.0,20000000.0,0.0015
1999-01-07,16.36,16.5,16.21,16.32,29600.0,476351.0,20000000.0,0.00148
1999-01-08,16.36,16.93,16.31,16.93,71400.0,1172781.0,20000000.0,0.00357
1999-01-11,17.01,17.01,16.31,16.8,40300.0,662899.0,20000000.0,0.002015
1999-01-12,16.72,16.77,16.62,16.66,37500.0,614484.0,20000000.0,0.001875
1999-01-13,16.42,16.52,16.36,16.42,63800.0,1028672.0,20000000.0,0.00319
1999-01-14,16.39,16.76,16.33,16.7,37500.0,608841.0,20000000.0,0.001875
1999-01-15,16.72,16.72,16.39,16.47,38600.0,624897.0,20000000.0,0.00193
1999-01-18,16.47,17.05,16.47,17.0,87900.0,1456000.0,20000000.0,0.004395
1999-01-19,17.03,17.33,16.92,17.13,76700.0,1289921.0,20000000.0,0.003835
1999-01-20,17.13,17.31,17.08,17.1,52300.0,881035.0,20000000.0,0.002615
1999-01-21,17.1,17.11,16.9,17.05,38900.0,649985.0,20000000.0,0.001945
1999-01-22,17.43,17.43,17.05,17.08,44400.0,746501.0,20000000.0,0.00222
1999-01-25,16.82,17.04,16.72,16.72,64800.0,1072985.0,20000000.0,0.00324
1999-01-26,16.72,16.72,16.4,16.45,71300.0,1152669.0,20000000.0,0.003565
1999-01-27,16.41,16.62,16.41,16.52,49000.0,793490.0,20000000.0,0.00245
1999-01-28,16.52,16.52,16.41,16.43,51400.0,830290.0,20000000.0,0.00257
1999-01-29,16.32,16.47,16.32,16.36,44500.0,716656.0,20000000.0,0.002225
1999-02-01,16.31,16.31,16.11,16.13,52500.0,833519.0,20000000.0,0.002625
1999-02-02,16.11,16.34,16.11,16.29,37900.0,603425.0,20000000.0,0.001895
1999-02-03,16.29,16.52,16.29,16.31,28400.0,455701.0,20000000.0,0.00142
1999-02-04,16.31,16.31,15.85,16.0,38800.0,612871.0,20000000.0,0.00194
1999-02-05,15.9,15.96,15.5,15.51,86200.0,1329112.0,20000000.0,0.00431
1999-02-08,15.19,15.39,15.09,15.12,57300.0,854783.0,20000000.0,0.002865
1999-02-09,14.99,15.29,14.99,15.27,47200.0,706008.0,20000000.0,0.00236
1999-03-01,15.39,15.39,15.09,15.23,49900.0,745747.0,20000000.0,0.002495
1999-03-02,15.19,15.58,15.19,15.29,48100.0,723525.0,20000000.0,0.002405
1999-03-03,15.29,15.8,15.2,15.77,41600.0,628546.0,20000000.0,0.00208
1999-03-04,15.51,15.65,15.5,15.59,28300.0,433161.0,20000000.0,0.001415
1999-03-05,15.58,15.7,15.41,15.63,49900.0,763514.0,20000000.0,0.002495
1999-03-08,15.65,15.66,15.39,15.59,81100.0,1237707.0,20000000.0,0.004055
1999-03-09,15.62,15.8,15.59,15.79,79600.0,1224378.0,20000000.0,0.00398
1999-03-10,15.79,15.79,15.5,15.51,28300.0,431238.0,20000000.0,0.001415
1999-03-11,15.77,15.8,15.46,15.73,96300.0,1479712.0,20000000.0,0.004815
1999-03-12,15.8,15.9,15.65,15.84,69300.0,1070830.0,20000000.0,0.003465
1999-03-15,15.78,16.31,15.66,16.2,137900.0,2173194.0,20000000.0,0.006895
1999-03-16,16.01,16.26,15.8,16.05,76200.0,1195379.0,20000000.0,0.00381
1999-03-17,16.01,16.03,15.8,15.99,92800.0,1448368.0,20000000.0,0.00464
1999-03-18,15.93,16.21,15.75,16.2,111100.0,1744273.0,20000000.0,0.005555
1999-03-19,16.21,16.82,16.09,16.63,304800.0,4934363.0,20000000.0,0.01524
1999-03-22,16.72,17.13,16.49,16.81,141400.0,2315181.0,20000000.0,0.00707
1999-03-23,16.8,16.82,16.31,16.62,56200.0,908441.0,20000000.0,0.00281
1999-03-24,16.34,16.8,16.31,16.76,258700.0,4198550.0,20000000.0,0.012935
1999-03-25,16.63,17.09,16.42,16.51,295400.0,4912160.0,20000000.0,0.01477
1999-03-26,16.51,16.58,16.19,16.24,78300.0,1256280.0,20000000.0,0.003915
1999-03-29,16.21,16.21,15.99,16.06,51500.0,811590.0,20000000.0,0.002575
1999-03-30,16.78,16.82,16.11,16.49,270800.0,4368170.0,20000000.0,0.01354
1999-03-31,16.51,16.94,16.34,16.81,512300.0,8424259.0,20000000.0,0.025615
1999-04-01,16.52,16.79,16.21,16.4,94600.0,1524604.0,20000000.0,0.00473
1999-04-02,16.39,16.43,16.1,16.31,181100.0,2879058.0,20000000.0,0.009055
1999-04-05,16.31,16.52,15.9,16.2,141800.0,2245485.0,20000000.0,0.00709
1999-04-06,15.9,16.72,15.9,16.26,98800.0,1574463.0,20000000.0,0.00494
1999-04-07,16.21,16.26,15.89,15.89,142000.0,2222681.0,20000000.0,0.0071
1999-04-08,15.85,16.01,15.78,15.78,85800.0,1335401.0,20000000.0,0.00429
1999-04-09,15.8,15.86,15.7,15.77,90600.0,1403393.0,20000000.0,0.00453
1999-04-12,15.75,15.86,15.37,15.49,119600.0,1825084.0,20000000.0,0.00598
1999-04-13,15.45,15.45,15.29,15.3,105800.0,1593387.0,20000000.0,0.00529
1999-04-14,15.3,15.51,15.29,15.34,73800.0,1113882.0,20000000.0,0.00369
1999-04-15,15.29,15.39,15.27,15.32,82200.0,1235311.0,20000000.0,0.00411
1999-04-16,15.32,15.61,15.31,15.56,88000.0,1334451.0,20000000.0,0.0044
1999-04-19,15.5,15.7,15.3,15.32,75900.0,1154643.0,20000000.0,0.003795
1999-04-20,15.34,15.49,15.24,15.28,44100.0,663634.0,20000000.0,0.002205
1999-04-21,15.27,15.29,14.99,15.0,82800.0,1228215.0,20000000.0,0.00414
1999-04-22,14.99,14.99,14.27,14.76,115900.0,1655089.0,20000000.0,0.005795
1999-04-23,14.78,14.89,14.39,14.51,108900.0,1551605.0,20000000.0,0.005445
1999-04-26,14.29,14.29,13.99,14.0,104300.0,1444935.0,20000000.0,0.005215
1999-04-27,14.0,14.0,13.57,13.64,97700.0,1313013.0,20000000.0,0.004885
1999-04-28,13.56,14.04,13.56,13.76,73800.0,1002211.0,20000000.0,0.00369
1999-04-29,13.77,14.15,13.77,14.07,40600.0,557151.0,20000000.0,0.00203
1999-04-30,14.14,14.48,13.87,14.37,67100.0,938676.0,20000000.0,0.003355
1999-05-04,14.37,14.37,13.92,14.08,35300.0,488749.0,20000000.0,0.001765
1999-05-05,14.08,14.32,13.99,14.26,62300.0,866182.0,20000000.0,0.003115
1999-05-06,14.1,14.44,13.97,14.33,35800.0,503624.0,20000000.0,0.00179
1999-05-07,14.36,14.36,13.99,14.0,51700.0,715542.0,20000000.0,0.002585
1999-05-10,12.74,13.85,12.74,13.21,87500.0,1152110.0,20000000.0,0.004375
1999-05-11,13.25,13.54,13.21,13.51,51100.0,670536.0,20000000.0,0.002555
1999-05-12,13.54,13.74,13.25,13.28,72100.0,951671.0,20000000.0,0.003605
1999-05-13,13.25,13.72,12.95,13.46,81900.0,1069896.0,20000000.0,0.004095
1999-05-17,12.74,13.23,12.74,12.95,95600.0,1208111.0,20000000.0,0.00478
1999-05-18,12.74,13.05,12.74,12.85,106700.0,1343680.0,20000000.0,0.005335
1999-05-19,12.78,14.13,12.78,14.08,274500.0,3711893.0,20000000.0,0.013725
1999-05-20,14.17,14.45,13.79,14.41,328100.0,4598537.0,20000000.0,0.016405
1999-05-21,14.48,14.99,14.46,14.58,442700.0,6396861.0,20000000.0,0.022135
1999-05-24,14.58,15.27,14.32,15.1,434800.0,6385662.0,20000000.0,0.02174
1999-05-25,15.63,16.12,14.68,14.7,481400.0,7237191.0,20000000.0,0.02407
1999-05-26,14.66,15.65,14.58,15.38,541600.0,8120663.0,20000000.0,0.02708
1999-05-27,15.6,16.72,15.5,16.46,958200.0,15225763.0,20000000.0,0.04791
1999-05-28,16.52,16.69,15.68,16.03,713400.0,11288795.0,20000000.0,0.03567
1999-05-31,16.03,16.52,15.34,15.77,640000.0,10095026.0,20000000.0,0.032
1999-06-01,15.94,15.94,15.6,15.8,214000.0,3296629.0,20000000.0,0.0107
1999-06-02,15.8,16.16,15.29,15.42,384700.0,5932054.0,20000000.0,0.019235
1999-06-03,15.29,15.29,14.78,14.82,224300.0,3290352.0,20000000.0,0.011215
1999-06-04,14.89,15.29,14.79,15.28,166100.0,2439980.0,20000000.0,0.008305
1999-06-07,15.3,15.55,14.83,15.51,295300.0,4383550.0,20000000.0,0.014765
1999-06-08,15.77,15.77,15.29,15.46,168100.0,2508639.0,20000000.0,0.008405
1999-06-09,15.37,15.79,15.17,15.67,311800.0,4649865.0,20000000.0,0.01559
1999-06-10,15.77,16.4,15.58,16.05,540300.0,8348939.0,20000000.0,0.027015
1999-06-11,16.1,16.3,15.89,16.02,324900.0,5031865.0,20000000.0,0.016245
1999-06-14,16.03,17.34,16.03,17.24,1076100.0,17524813.0,20000000.0,0.053805
1999-06-15,18.97,18.97,16.1,16.63,1097000.0,18699527.0,20000000.0,0.05485
1999-06-16,16.73,18.27,16.73,18.23,1159800.0,19709804.0,20000000.0,0.05799
1999-06-17,18.54,19.16,18.29,18.88,959500.0,17385293.0,20000000.0,0.047975
1999-06-18,18.91,18.96,18.18,18.53,592900.0,10587748.0,20000000.0,0.029645
1999-06-21,18.7,19.73,18.49,19.54,830900.0,15409222.0,20000000.0,0.041545
1999-06-22,19.73,19.73,19.22,19.58,502600.0,9404954.0,20000000.0,0.02513
1999-06-23,19.73,19.96,19.27,19.59,500500.0,9449412.0,20000000.0,0.025025
1999-06-24,19.74,20.32,19.59,20.14,741700.0,14264458.0,20000000.0,0.037085
1999-06-25,20.25,22.02,19.85,20.15,1332700.0,27066957.0,20000000.0,0.066635
1999-06-28,20.33,21.81,20.23,21.61,861600.0,17453137.0,20000000.0,0.04308
1999-06-29,22.33,22.33,20.98,21.29,767500.0,15814200.0,20000000.0,0.038375
1999-06-30,21.81,21.81,19.73,19.99,602500.0,11923977.0,20000000.0,0.030125
1999-07-01,19.73,19.73,18.0,18.18,765400.0,13542728.0,20000000.0,0.03827
1999-07-02,17.91,19.53,17.91,19.42,531200.0,9602356.0,20000000.0,0.02656
1999-07-05,19.68,19.7,18.59,18.63,242300.0,4456996.0,20000000.0,0.012115
1999-07-06,18.62,18.62,17.66,17.76,225200.0,3897065.0,20000000.0,0.01126
1999-07-07,17.76,18.18,17.55,18.08,190800.0,3271720.0,20000000.0,0.00954
1999-07-08,18.18,18.48,18.07,18.45,183800.0,3219562.0,20000000.0,0.00919
1999-07-09,18.28,18.7,18.18,18.33,213600.0,3803183.0,20000000.0,0.01068
1999-07-12,18.33,18.97,18.0,18.64,268900.0,4807848.0,20000000.0,0.013445
1999-07-13,18.56,18.68,18.18,18.49,141600.0,2508296.0,20000000.0,0.00708
1999-07-14,18.49,19.22,18.44,18.89,159800.0,2876318.0,20000000.0,0.00799
1999-07-15,19.01,19.14,18.49,18.49,99600.0,1795331.0,20000000.0,0.00498
1999-07-16,18.9,18.96,18.07,18.37,320400.0,5744335.0,20000000.0,0.01602
1999-07-19,17.97,17.97,17.14,17.22,144185.0,2434581.0,20000000.0,0.00720925
1999-07-20,17.03,18.9,17.03,18.7,227000.0,3919000.0,20000000.0,0.01135
1999-07-21,18.85,18.85,18.12,18.59,312900.0,5574955.0,20000000.0,0.015645
1999-07-22,18.38,18.46,17.66,17.74,141200.0,2451232.0,20000000.0,0.00706
1999-07-23,17.66,18.49,17.66,18.07,77700.0,1350121.0,20000000.0,0.003885
1999-07-26,18.08,18.08,17.75,17.95,105300.0,1819807.0,20000000.0,0.005265
1999-07-27,17.86,18.31,17.85,18.02,82600.0,1435885.0,20000000.0,0.00413
1999-07-28,18.12,18.66,18.12,18.19,102800.0,1812531.0,20000000.0,0.00514
1999-07-29,18.29,19.27,18.29,18.9,865500.0,15849078.0,20000000.0,0.043275
1999-07-30,19.11,19.16,17.71,18.49,329100.0,5870257.0,20000000.0,0.016455
1999-08-02,18.49,18.52,18.18,18.47,173900.0,3089333.0,20000000.0,0.008695
1999-08-03,18.6,18.96,18.18,18.38,254600.0,4503470.0,20000000.0,0.01273
1999-08-04,18.38,18.7,18.38,18.6,122500.0,2193000.0,20000000.0,0.006125
1999-08-05,18.57,18.8,18.57,18.7,99000.0,1778167.0,20000000.0,0.00495
1999-08-06,18.7,18.9,18.18,18.43,102600.0,1810524.0,20000000.0,0.00513
1999-08-09,18.43,18.43,17.56,17.85,278700.0,4791517.0,20000000.0,0.013935
1999-08-10,17.86,17.97,16.62,16.98,349900.0,5819328.0,20000000.0,0.017495
1999-08-11,16.93,17.66,16.93,17.08,95300.0,1575271.0,20000000.0,0.004765
1999-08-12,17.09,17.45,16.62,17.12,84400.0,1385214.0,20000000.0,0.00422
1999-08-13,17.14,17.14,16.83,16.86,67200.0,1092933.0,20000000.0,0.00336
1999-08-16,16.62,16.64,16.36,16.4,91800.0,1454298.0,20000000.0,0.00459
1999-08-17,16.68,17.55,16.63,17.13,116900.0,1926010.0,20000000.0,0.005845
1999-08-18,17.14,17.44,17.01,17.14,116200.0,1922528.0,20000000.0,0.00581
1999-08-19,17.35,17.75,17.29,17.75,122500.0,2070042.0,20000000.0,0.006125
1999-08-20,18.02,18.07,17.35,17.45,157300.0,2653186.0,20000000.0,0.007865
1999-08-23,17.5,17.55,17.14,17.35,92100.0,1541801.0,20000000.0,0.004605
1999-08-24,17.45,17.71,17.24,17.45,300300.0,5037530.0,20000000.0,0.015015
1999-08-25,17.46,17.53,17.16,17.19,73900.0,1233570.0,20000000.0,0.003695
1999-08-26,17.12,17.4,17.12,17.31,71200.0,1182801.0,20000000.0,0.00356
1999-08-27,17.32,17.32,17.14,17.19,92100.0,1524787.0,20000000.0,0.004605
1999-08-30,17.35,17.35,16.63,16.86,153600.0,2500257.0,20000000.0,0.00768
1999-08-31,16.86,17.07,16.84,17.07,58800.0,957495.0,20000000.0,0.00294
1999-09-01,16.98,17.13,16.83,16.83,40200.0,656728.0,20000000.0,0.00201
1999-09-02,16.72,17.02,16.64,16.93,70400.0,1135554.0,20000000.0,0.00352
1999-09-03,16.93,16.98,16.67,16.68,73700.0,1190592.0,20000000.0,0.003685
1999-09-06,16.6,16.6,16.32,16.47,37300.0,591932.0,20000000.0,0.001865
1999-09-07,16.92,16.92,16.62,16.83,78900.0,1273909.0,20000000.0,0.003945
1999-09-08,17.05,18.48,17.05,17.19,96600.0,1629795.0,20000000.0,0.00483
1999-09-09,17.42,18.06,17.25,17.9,220500.0,3765099.0,20000000.0,0.011025
1999-09-10,18.06,18.17,17.61,17.62,197600.0,3372812.0,20000000.0,0.00988
1999-09-13,17.61,17.66,17.46,17.56,115800.0,1954942.0,20000000.0,0.00579
1999-09-14,17.66,17.95,17.53,17.73,193300.0,3298567.0,20000000.0,0.009665
1999-09-15,17.69,17.76,17.49,17.49,89300.0,1511839.0,20000000.0,0.004465
1999-09-16,17.43,17.62,17.32,17.38,49900.0,836706.0,20000000.0,0.002495
1999-09-17,18.26,18.26,17.24,17.5,56400.0,956375.0,20000000.0,0.00282
1999-09-20,17.61,17.61,17.24,17.47,53400.0,895063.0,20000000.0,0.00267
1999-09-21,17.57,19.2,17.45,17.82,241100.0,4175354.0,20000000.0,0.012055
1999-09-22,17.97,17.97,17.47,17.51,66700.0,1133782.0,20000000.0,0.003335
1999-09-23,17.66,17.66,17.35,17.36,39700.0,667568.0,20000000.0,0.001985
1999-09-24,17.35,17.66,17.35,17.5,32800.0,551741.0,20000000.0,0.00164
1999-09-27,17.55,17.55,17.36,17.45,30500.0,512556.0,20000000.0,0.001525
1999-09-28,17.48,17.48,15.7,17.09,95700.0,1534186.0,20000000.0,0.004785
1999-09-29,17.19,17.65,17.04,17.13,84440.0,1412260.0,20000000.0,0.004222
1999-09-30,17.14,17.51,15.89,17.03,82700.0,1346720.0,20000000.0,0.004135
1999-10-08,16.63,17.03,16.6,16.61,59400.0,953987.0,20000000.0,0.00297
1999-10-11,16.62,16.8,16.61,16.64,43100.0,690693.0,20000000.0,0.002155
1999-10-12,16.64,16.83,16.62,16.63,20200.0,323949.0,20000000.0,0.00101
1999-10-13,16.68,16.77,16.51,16.51,45300.0,724085.0,20000000.0,0.002265
1999-10-14,16.32,16.67,16.32,16.56,38000.0,604506.0,20000000.0,0.0019
1999-10-15,16.39,16.81,16.39,16.73,51100.0,821878.0,20000000.0,0.002555
1999-10-18,16.78,16.78,16.1,16.31,98600.0,1543201.0,20000000.0,0.00493
1999-10-19,16.1,16.3,15.89,16.01,41400.0,640041.0,20000000.0,0.00207
1999-10-20,16.0,16.1,15.89,16.05,40000.0,617050.0,20000000.0,0.002
1999-10-21,16.35,16.35,15.64,15.71,59900.0,906696.0,20000000.0,0.002995
1999-10-22,16.09,16.13,15.68,16.07,56600.0,870664.0,20000000.0,0.00283
1999-10-25,16.1,16.1,15.58,15.68,43000.0,650318.0,20000000.0,0.00215
1999-10-26,15.84,15.89,15.71,15.84,26400.0,401081.0,20000000.0,0.00132
1999-10-27,16.1,16.4,16.04,16.2,103200.0,1612064.0,20000000.0,0.00516
1999-10-28,16.19,16.62,16.15,16.31,220300.0,3457759.0,20000000.0,0.011015
1999-10-29,16.21,16.51,15.64,16.03,718800.0,10953816.0,20000000.0,0.03594
1999-11-01,15.98,16.32,15.86,16.2,184700.0,2883780.0,20000000.0,0.009235
1999-11-02,16.25,16.31,16.01,16.18,58400.0,908942.0,20000000.0,0.00292
1999-11-03,16.2,16.23,15.88,16.2,243400.0,3752662.0,20000000.0,0.01217
1999-11-04,16.05,16.23,15.69,16.22,83800.0,1304073.0,20000000.0,0.00419
1999-11-05,16.18,16.31,16.1,16.29,70800.0,1106577.0,20000000.0,0.00354
1999-11-08,16.32,17.23,16.31,16.75,773700.0,12560255.0,20000000.0,0.038685
1999-11-09,16.75,16.75,16.41,16.51,121900.0,1941238.0,20000000.0,0.006095
1999-11-10,16.62,16.81,16.2,16.34,88900.0,1401636.0,20000000.0,0.004445
1999-11-11,16.27,16.39,16.04,16.11,49800.0,777754.0,20000000.0,0.00249
1999-11-12,16.11,16.23,15.78,16.09,30400.0,470538.0,20000000.0,0.00152
1999-11-15,16.2,16.21,16.06,16.18,49800.0,774526.0,20000000.0,0.00249
1999-11-16,16.37,16.37,15.79,15.91,70200.0,1086936.0,20000000.0,0.00351
1999-11-17,16.0,16.32,15.79,16.32,104200.0,1603091.0,20000000.0,0.00521
1999-11-18,16.41,16.63,16.15,16.44,188700.0,2991399.0,20000000.0,0.009435
1999-11-19,16.41,16.62,16.34,16.48,122900.0,1953232.0,20000000.0,0.006145
1999-11-22,16.57,16.72,16.47,16.63,118500.0,1891019.0,20000000.0,0.005925
1999-11-23,16.62,16.68,16.51,16.57,63900.0,1021714.0,20000000.0,0.003195
1999-11-24,16.57,16.62,16.25,16.51,34600.0,550613.0,20000000.0,0.00173
1999-11-25,16.2,16.51,16.2,16.31,29800.0,468926.0,20000000.0,0.00149
1999-11-26,16.36,16.44,16.27,16.31,23300.0,366380.0,20000000.0,0.001165
1999-11-29,16.32,16.33,16.0,16.08,32300.0,502520.0,20000000.0,0.001615
1999-11-30,16.18,16.47,15.89,16.05,42000.0,648699.0,20000000.0,0.0021
1999-12-01,16.07,16.28,16.0,16.13,27800.0,432613.0,20000000.0,0.00139
1999-12-02,16.15,16.15,16.0,16.05,30700.0,474837.0,20000000.0,0.001535
1999-12-03,16.37,16.62,16.08,16.33,23300.0,365247.0,20000000.0,0.001165
1999-12-06,16.41,16.41,16.18,16.36,28200.0,442670.0,20000000.0,0.00141
1999-12-07,16.21,16.4,16.2,16.31,19900.0,313070.0,20000000.0,0.000995
1999-12-08,16.31,16.57,16.25,16.4,58100.0,917384.0,20000000.0,0.002905
1999-12-09,16.2,16.36,16.2,16.35,28700.0,449931.0,20000000.0,0.001435
1999-12-10,16.4,16.6,16.22,16.46,60688.0,961627.0,20000000.0,0.0030344
1999-12-13,16.51,16.51,16.21,16.25,41400.0,652661.0,20000000.0,0.00207
1999-12-14,16.25,16.39,16.1,16.3,44100.0,689874.0,20000000.0,0.002205
1999-12-15,16.49,16.66,16.42,16.49,139100.0,2217742.0,20000000.0,0.006955
1999-12-16,16.83,16.83,16.39,16.39,93300.0,1481992.0,20000000.0,0.004665
1999-12-17,16.39,16.62,16.25,16.36,61200.0,965120.0,20000000.0,0.00306
1999-12-21,16.31,16.51,16.1,16.22,63000.0,987126.0,20000000.0,0.00315
1999-12-22,16.22,16.41,15.43,15.91,70400.0,1078697.0,20000000.0,0.00352
1999-12-23,15.83,15.92,15.48,15.58,100009.0,1506340.0,20000000.0,0.00500045
1999-12-24,15.5,15.66,15.37,15.42,58900.0,877834.0,20000000.0,0.002945
1999-12-27,15.24,15.37,15.16,15.16,48100.0,703932.0,20000000.0,0.002405
1999-12-28,15.15,15.48,15.11,15.32,37000.0,543056.0,20000000.0,0.00185
1999-12-29,15.2,15.27,15.12,15.14,49900.0,728908.0,20000000.0,0.002495
1999-12-30,15.16,15.33,15.16,15.29,19200.0,282582.0,20000000.0,0.00096
2000-01-04,15.19,15.79,15.16,15.64,62500.0,936259.0,20000000.0,0.003125
2000-01-05,15.66,15.79,15.47,15.57,75500.0,1138663.0,20000000.0,0.003775
2000-01-06,15.57,16.04,15.47,15.89,170000.0,2583418.0,20000000.0,0.0085
2000-01-07,16.05,16.44,16.05,16.37,306300.0,4802884.0,20000000.0,0.015315
2000-01-10,16.49,16.72,16.41,16.69,313700.0,5004570.0,20000000.0,0.015685
2000-01-11,16.77,16.81,15.79,16.06,142300.0,2234485.0,20000000.0,0.007115
2000-01-12,16.06,16.29,15.58,15.59,112100.0,1696773.0,20000000.0,0.005605
2000-01-13,15.6,15.74,15.42,15.66,77300.0,1158257.0,20000000.0,0.003865
2000-01-14,15.87,15.91,15.48,15.5,54100.0,810610.0,20000000.0,0.002705
2000-01-17,15.53,15.54,15.38,15.48,71300.0,1061065.0,20000000.0,0.003565
2000-01-18,15.59,15.79,15.4,15.5,65600.0,981478.0,20000000.0,0.00328
2000-01-19,15.9,16.0,15.58,15.8,95400.0,1455216.0,20000000.0,0.00477
2000-01-20,15.9,15.91,15.63,15.81,87600.0,1329095.0,20000000.0,0.00438
2000-01-21,15.9,15.96,15.59,15.96,210400.0,3188914.0,20000000.0,0.01052
2000-01-24,15.97,15.97,15.68,15.88,216000.0,3284902.0,20000000.0,0.0108
2000-01-25,15.79,16.4,15.79,16.31,317500.0,4958485.0,20000000.0,0.015875
2000-01-26,14.76,17.94,14.76,17.14,1135700.0,18704982.0,20000000.0,0.056785
2000-01-27,16.76,17.12,16.32,16.7,509100.0,8200925.0,20000000.0,0.025455
2000-01-28,16.72,16.72,16.1,16.41,282300.0,4426093.0,20000000.0,0.014115
2000-02-14,16.62,17.66,16.51,17.59,501700.0,8334927.0,20000000.0,0.025085
2000-02-15,17.66,17.86,16.68,16.99,672000.0,11148303.0,20000000.0,0.0336
2000-02-16,16.93,16.93,16.25,16.7,432000.0,6893593.0,20000000.0,0.0216
2000-02-17,16.7,17.64,16.12,16.24,514300.0,8235521.0,20000000.0,0.025715
2000-02-18,16.2,16.9,16.14,16.81,278800.0,4422767.0,20000000.0,0.01394
2000-02-21,16.72,17.29,16.46,16.95,521300.0,8484870.0,20000000.0,0.026065
2000-02-22,17.16,17.16,16.31,16.31,316000.0,5079163.0,20000000.0,0.0158
2000-02-23,16.41,16.41,16.1,16.15,181900.0,2843168.0,20000000.0,0.009095
2000-02-24,16.11,16.81,16.1,16.7,123600.0,1940722.0,20000000.0,0.00618
2000-02-25,16.62,16.62,16.31,16.42,172900.0,2732339.0,20000000.0,0.008645
2000-02-28,16.46,16.9,16.32,16.72,440300.0,7075477.0,20000000.0,0.022015
2000-02-29,18.26,18.26,16.78,17.01,553900.0,9239766.0,20000000.0,0.027695
2000-03-01,17.14,17.28,16.61,16.81,263000.0,4256000.0,20000000.0,0.01315
2000-03-02,16.63,16.83,16.49,16.62,210200.0,3367136.0,20000000.0,0.01051
2000-03-03,17.03,17.1,16.58,16.65,444100.0,7200807.0,20000000.0,0.022205
2000-03-06,15.74,17.55,15.74,16.91,721100.0,11769649.0,20000000.0,0.036055
2000-03-07,16.81,17.03,16.54,17.01,270300.0,4375235.0,20000000.0,0.013515
2000-03-08,17.12,17.84,17.12,17.53,857000.0,14462555.0,20000000.0,0.04285
2000-03-09,17.55,17.63,17.14,17.27,283400.0,4716269.0,20000000.0,0.01417
2000-03-10,17.38,17.64,16.81,16.84,317800.0,5245869.0,20000000.0,0.01589
2000-03-13,16.93,17.2,16.72,17.0,207900.0,3394510.0,20000000.0,0.010395
2000-03-14,16.92,16.95,16.11,16.42,371100.0,5865914.0,20000000.0,0.018555
2000-03-15,16.42,16.78,16.27,16.63,203400.0,3235178.0,20000000.0,0.01017
2000-03-16,16.63,16.63,16.11,16.19,213100.0,3346141.0,20000000.0,0.010655
2000-03-17,16.1,16.62,16.1,16.44,173500.0,2746253.0,20000000.0,0.008675
2000-03-20,16.47,16.83,16.41,16.72,240600.0,3851385.0,20000000.0,0.01203
2000-03-21,16.53,17.55,15.71,17.54,901500.0,14613731.0,20000000.0,0.045075
2000-03-22,17.53,18.05,17.16,17.24,670700.0,11425343.0,20000000.0,0.033535
2000-03-23,17.22,17.29,16.88,17.24,363200.0,5979174.0,20000000.0,0.01816
2000-03-24,17.45,17.45,16.99,17.24,344800.0,5709428.0,20000000.0,0.01724
2000-03-27,17.29,17.97,17.29,17.95,807900.0,13753038.0,20000000.0,0.040395
2000-03-28,18.17,18.49,17.68,18.47,886400.0,15382109.0,20000000.0,0.04432
2000-03-29,18.54,18.7,17.97,18.66,725500.0,12812286.0,20000000.0,0.036275
2000-03-30,18.7,19.94,18.26,19.41,2114100.0,39161941.0,20000000.0,0.105705
2000-03-31,19.42,19.42,18.39,19.05,1039500.0,18918319.0,20000000.0,0.051975
2000-04-03,19.36,19.36,18.36,18.37,736500.0,13378494.0,20000000.0,0.036825
2000-04-04,18.38,18.38,17.81,17.88,487000.0,8414262.0,20000000.0,0.02435
2000-04-05,17.76,18.33,17.76,18.17,406900.0,7055746.0,20000000.0,0.020345
2000-04-06,18.22,18.88,18.21,18.86,614700.0,10970082.0,20000000.0,0.030735
2000-04-07,18.96,18.96,18.6,18.72,483600.0,8719627.0,20000000.0,0.02418
2000-04-10,18.9,19.22,18.61,18.96,577000.0,10563154.0,20000000.0,0.02885
2000-04-11,18.82,19.93,18.82,19.45,1293300.0,24382297.0,20000000.0,0.064665
2000-04-12,19.53,20.04,19.4,20.01,1314000.0,25020461.0,20000000.0,0.0657
2000-04-13,20.13,20.13,19.61,19.88,696400.0,13274193.0,20000000.0,0.03482
2000-04-14,19.94,20.03,19.22,19.31,574100.0,10771463.0,20000000.0,0.028705
2000-04-17,19.22,19.83,19.01,19.72,731100.0,13698353.0,20000000.0,0.036555
2000-04-18,19.63,19.73,19.23,19.51,346400.0,6491000.0,20000000.0,0.01732
2000-04-19,19.47,19.84,19.33,19.66,410900.0,7797142.0,20000000.0,0.020545
2000-04-20,19.82,19.84,19.44,19.62,319700.0,6014219.0,20000000.0,0.015985
2000-04-21,19.73,19.82,19.22,19.4,347600.0,6507432.0,20000000.0,0.01738
2000-04-24,19.22,19.4,18.75,18.86,298500.0,5444975.0,20000000.0,0.014925
2000-04-25,18.85,19.17,18.7,18.86,203900.0,3698527.0,20000000.0,0.010195
2000-04-26,18.9,19.71,17.53,19.39,443700.0,8105656.0,20000000.0,0.022185
2000-04-27,19.32,19.58,18.7,18.81,222800.0,4094791.0,20000000.0,0.01114
2000-04-28,18.9,19.11,18.7,19.03,203600.0,3709721.0,20000000.0,0.01018
2000-05-08,19.53,19.53,18.9,19.2,168100.0,3113876.0,20000000.0,0.008405
2000-05-09,19.15,19.2,18.49,18.58,227100.0,4098418.0,20000000.0,0.011355
2000-05-10,18.5,18.5,17.76,17.91,256000.0,4438285.0,20000000.0,0.0128
2000-05-11,17.92,18.07,17.45,17.45,202900.0,3463300.0,20000000.0,0.010145
2000-05-12,17.64,17.76,17.36,17.45,202900.0,3429906.0,20000000.0,0.010145
2000-05-15,17.5,17.76,17.2,17.75,208500.0,3527956.0,20000000.0,0.010425
2000-05-16,17.78,18.27,17.67,17.93,297800.0,5124144.0,20000000.0,0.01489
2000-05-17,17.93,18.23,17.76,17.84,170700.0,2962638.0,20000000.0,0.008535
2000-05-19,17.95,18.36,17.95,18.18,135000.0,2356409.0,20000000.0,0.00675
2000-05-22,18.23,18.63,18.12,18.6,477300.0,8439414.0,20000000.0,0.023865
2000-05-23,18.6,18.68,18.23,18.38,205000.0,3624079.0,20000000.0,0.01025
2000-05-24,18.38,18.64,18.24,18.46,279000.0,4959003.0,20000000.0,0.01395
2000-05-25,18.47,18.92,18.38,18.73,325100.0,5831762.0,20000000.0,0.016255
2000-05-26,18.72,19.38,18.49,19.16,519500.0,9477911.0,20000000.0,0.025975
2000-05-29,19.27,19.36,18.93,19.1,305300.0,5618897.0,20000000.0,0.015265
2000-05-30,19.12,19.37,18.85,18.86,435100.0,8002935.0,20000000.0,0.021755
2000-05-31,18.85,19.01,18.69,18.8,266100.0,4806639.0,20000000.0,0.013305
2000-06-01,18.99,19.01,18.7,18.78,214700.0,3880872.0,20000000.0,0.010735
2000-06-02,18.9,18.9,18.28,18.56,223900.0,4011975.0,20000000.0,0.011195
2000-06-05,18.57,19.15,18.39,18.89,534200.0,9699029.0,20000000.0,0.02671
2000-06-06,19.22,20.78,19.22,20.78,3092100.0,60949182.0,20000000.0,0.154605
2000-06-07,21.69,21.69,20.2,20.3,2696500.0,53972098.0,20000000.0,0.134825
2000-06-08,19.94,20.25,19.63,19.79,855800.0,16344761.0,20000000.0,0.04279
2000-06-09,19.62,19.79,19.22,19.28,554200.0,10386314.0,20000000.0,0.02771
2000-06-12,19.28,19.67,19.03,19.62,535700.0,10007258.0,20000000.0,0.026785
2000-06-13,19.62,20.15,19.51,19.87,561600.0,10508914.0,20000000.0,0.02808
2000-06-14,19.87,20.55,19.65,20.04,569600.0,10856607.0,20000000.0,0.02848
2000-06-15,20.05,20.83,20.05,20.5,512300.0,9957826.0,20000000.0,0.025615
2000-06-16,20.52,20.56,19.73,19.95,469500.0,8893406.0,20000000.0,0.023475
2000-06-19,19.84,20.36,19.83,19.91,232900.0,4431291.0,20000000.0,0.011645
2000-06-20,19.94,20.04,19.62,19.91,233100.0,4383306.0,20000000.0,0.011655
2000-06-21,19.94,20.15,19.81,20.06,187400.0,3540069.0,20000000.0,0.00937
2000-06-22,20.15,20.15,19.86,19.89,153700.0,2904510.0,20000000.0,0.007685
2000-06-23,19.92,20.56,19.67,20.23,320700.0,6154190.0,20000000.0,0.016035
2000-06-26,20.34,20.62,20.25,20.46,331900.0,6446782.0,20000000.0,0.016595
2000-06-27,20.57,20.57,20.04,20.24,299000.0,5752785.0,20000000.0,0.01495
2000-06-28,20.25,20.45,20.17,20.25,212000.0,4069293.0,20000000.0,0.0106
2000-06-29,20.26,21.79,20.26,21.23,1344000.0,26968319.0,20000000.0,0.0672
2000-06-30,21.4,21.81,21.04,21.18,1076200.0,21927466.0,20000000.0,0.05381
2000-07-03,21.08,21.62,20.46,21.22,598200.0,12000882.0,20000000.0,0.02991
2000-07-04,21.33,23.34,21.26,22.85,2395000.0,51290760.0,20000000.0,0.11975
2000-07-05,22.89,23.73,22.36,23.0,1383700.0,30372138.0,20000000.0,0.069185
2000-07-06,23.05,23.2,22.68,22.69,509700.0,11022682.0,20000000.0,0.025485
2000-07-07,22.66,23.42,22.55,23.39,651000.0,14249900.0,20000000.0,0.03255
2000-07-10,23.73,24.84,23.47,23.53,1295100.0,29636071.0,20000000.0,0.064755
2000-07-11,23.73,23.73,22.78,23.4,1095500.0,23966639.0,20000000.0,0.054775
2000-07-12,23.31,24.21,23.01,23.4,517900.0,11614561.0,20000000.0,0.025895
2000-07-13,23.21,23.52,22.89,23.07,630800.0,13791111.0,20000000.0,0.03154
2000-07-14,23.05,23.51,22.55,23.05,326300.0,7130399.0,20000000.0,0.016315
2000-07-17,23.11,23.3,22.78,22.97,284000.0,6210679.0,20000000.0,0.0142
2000-07-18,22.96,23.1,22.57,23.02,324800.0,7027754.0,20000000.0,0.01624
2000-07-19,23.0,23.31,22.78,22.9,287200.0,6273187.0,20000000.0,0.01436
2000-07-20,23.0,23.0,22.52,22.67,299200.0,6438134.0,20000000.0,0.01496
2000-07-21,22.67,23.2,22.64,23.18,231100.0,5004272.0,20000000.0,0.011555
2000-07-24,23.2,24.37,23.2,24.07,745900.0,16930763.0,20000000.0,0.037295
2000-07-25,24.07,24.25,23.63,23.92,242600.0,5504742.0,20000000.0,0.01213
2000-07-26,23.71,23.95,23.43,23.76,184900.0,4155624.0,20000000.0,0.009245
2000-07-27,23.89,24.23,23.63,23.73,402200.0,9120555.0,20000000.0,0.02011
2000-07-28,23.89,24.05,23.59,23.82,309300.0,6980730.0,20000000.0,0.015465
2000-07-31,23.86,23.86,23.21,23.31,312600.0,6965532.0,20000000.0,0.01563
2000-08-01,23.31,23.31,22.78,22.82,404900.0,8799473.0,20000000.0,0.020245
2000-08-02,22.78,23.3,22.73,22.9,156700.0,3414206.0,20000000.0,0.007835
2000-08-03,22.89,23.31,22.78,23.21,285400.0,6265300.0,20000000.0,0.01427
2000-08-04,23.42,23.42,22.78,22.96,279100.0,6076745.0,20000000.0,0.013955
2000-08-07,22.78,23.04,22.49,23.0,284000.0,6115035.0,20000000.0,0.0142
2000-08-08,22.84,23.05,22.72,22.87,187700.0,4066121.0,20000000.0,0.009385
2000-08-09,23.05,23.3,22.92,23.26,259900.0,5695129.0,20000000.0,0.012995
2000-08-10,23.27,23.27,22.9,23.0,339700.0,7428044.0,20000000.0,0.016985
2000-08-11,22.93,23.52,22.49,23.04,380500.0,8349413.0,20000000.0,0.019025
2000-08-14,23.04,23.21,22.84,22.89,192300.0,4179673.0,20000000.0,0.009615
2000-08-15,22.88,23.36,22.88,23.08,196500.0,4309850.0,20000000.0,0.009825
2000-08-16,21.95,23.21,21.95,22.82,203200.0,4406511.0,20000000.0,0.01016
2000-08-17,22.16,22.63,22.15,22.57,395900.0,8460730.0,20000000.0,0.019795
2000-08-18,22.47,22.78,22.38,22.73,429800.0,9213837.0,20000000.0,0.02149
2000-08-21,22.73,22.73,22.22,22.36,457600.0,9701706.0,20000000.0,0.02288
2000-08-22,22.27,23.08,22.25,22.52,584400.0,12505910.0,20000000.0,0.02922
2000-08-23,22.31,23.08,21.73,22.96,859000.0,18188714.0,20000000.0,0.04295
2000-08-24,22.88,24.37,22.87,24.3,2091500.0,47412802.0,20000000.0,0.104575
2000-08-25,24.37,24.62,23.62,24.08,2987900.0,68580713.0,20000000.0,0.149395
2000-08-28,24.26,25.63,24.24,25.45,2707400.0,65262563.0,20000000.0,0.13537
2000-08-29,25.45,26.53,25.04,25.23,2633700.0,64923780.0,20000000.0,0.131685
2000-08-30,25.18,26.36,25.11,25.51,3387900.0,82452137.0,20000000.0,0.169395
2000-08-31,25.43,25.83,24.68,24.81,1997300.0,48095547.0,20000000.0,0.099865
2000-09-01,24.89,25.21,24.37,24.58,1322200.0,31165792.0,20000000.0,0.06611
2000-09-04,24.77,25.79,24.45,25.77,1152800.0,27701510.0,20000000.0,0.05764
2000-09-05,25.79,26.37,25.33,25.71,1960300.0,48549498.0,20000000.0,0.098015
2000-09-06,25.53,26.11,25.47,25.71,938323.0,22940422.0,20000000.0,0.04691615
2000-09-07,25.64,26.37,25.42,26.05,1245200.0,30732456.0,20000000.0,0.06226
2000-09-08,26.05,26.48,25.42,26.01,1103400.0,27316225.0,20000000.0,0.05517
2000-09-11,26.05,26.43,25.47,25.53,1084600.0,26816925.0,20000000.0,0.05423
2000-09-12,25.41,25.74,25.0,25.39,656600.0,15738673.0,20000000.0,0.03283
2000-09-13,25.39,27.43,25.39,26.98,3645300.0,92033449.0,20000000.0,0.182265
2000-09-14,26.93,27.42,26.6,27.1,1908300.0,49023281.0,20000000.0,0.095415
2000-09-15,27.11,27.62,26.69,27.1,1432300.0,36954224.0,20000000.0,0.071615
2000-09-18,27.19,27.41,26.69,27.04,751200.0,19267917.0,20000000.0,0.03756
2000-09-19,27.0,27.16,26.48,26.85,873700.0,22203859.0,20000000.0,0.043685
2000-09-20,27.0,27.37,26.7,27.07,1490400.0,38275750.0,20000000.0,0.07452
2000-09-21,27.0,27.1,26.69,26.88,551400.0,14064108.0,20000000.0,0.02757
2000-09-22,26.68,27.61,26.68,26.79,1737800.0,44901865.0,20000000.0,0.08689
2000-09-25,26.79,27.22,24.98,25.03,1031200.0,25143519.0,20000000.0,0.05156
2000-09-26,24.58,25.74,24.21,25.31,1117800.0,26629069.0,20000000.0,0.05589
2000-09-27,25.31,26.21,25.21,25.38,575600.0,13856949.0,20000000.0,0.02878
2000-09-28,25.37,25.98,25.37,25.54,979900.0,23859938.0,20000000.0,0.048995
2000-09-29,25.54,25.71,25.0,25.27,724800.0,17407323.0,20000000.0,0.03624
2000-10-09,25.16,25.32,24.16,24.6,905500.0,21063056.0,20000000.0,0.045275
2000-10-10,24.63,25.71,24.63,25.51,2025300.0,48742444.0,20000000.0,0.101265
2000-10-11,25.7,25.8,24.79,24.88,388400.0,9356004.0,20000000.0,0.01942
2000-10-12,25.0,25.42,24.58,24.87,532200.0,12560801.0,20000000.0,0.02661
2000-10-13,24.89,25.09,24.38,24.79,560500.0,13116862.0,20000000.0,0.028025
2000-10-16,24.74,24.74,24.37,24.47,642900.0,14939001.0,20000000.0,0.032145
2000-10-17,24.69,25.16,24.37,24.61,828200.0,19454016.0,20000000.0,0.04141
2000-10-18,24.58,25.05,24.32,24.39,493300.0,11523237.0,20000000.0,0.024665
2000-10-19,24.49,24.84,23.92,24.25,482600.0,11106565.0,20000000.0,0.02413
2000-10-20,24.16,24.57,24.0,24.29,423000.0,9731609.0,20000000.0,0.02115
2000-10-23,24.16,25.07,24.07,24.95,344600.0,8027127.0,20000000.0,0.01723
2000-10-24,25.0,25.07,24.6,24.99,408500.0,9649645.0,20000000.0,0.020425
2000-10-25,25.0,25.47,24.89,25.28,693200.0,16566527.0,20000000.0,0.03466
2000-10-26,25.32,25.73,25.14,25.33,766900.0,18537494.0,20000000.0,0.038345
2000-10-27,25.49,25.66,25.18,25.32,500900.0,12078315.0,20000000.0,0.025045
2000-10-30,25.21,25.37,24.79,24.98,162000.0,3831948.0,20000000.0,0.0081
2000-10-31,24.98,25.54,24.68,25.33,519100.0,12449588.0,20000000.0,0.025955
2000-11-01,25.32,25.79,25.21,25.71,1063700.0,25752866.0,20000000.0,0.053185
2000-11-02,25.84,28.28,25.63,28.28,3217500.0,82387310.0,20000000.0,0.160875
2000-11-03,28.32,30.22,27.44,28.13,3482000.0,95191325.0,20000000.0,0.1741
2000-11-06,27.95,28.98,27.53,28.55,1512900.0,40459021.0,20000000.0,0.075645
2000-11-07,28.64,29.02,28.38,28.83,595500.0,16202694.0,20000000.0,0.029775
2000-11-08,28.85,29.53,28.59,28.87,571500.0,15751367.0,20000000.0,0.028575
2000-11-09,28.48,29.68,28.48,28.82,1371300.0,37903332.0,20000000.0,0.068565
2000-11-10,28.82,29.06,28.14,28.67,523800.0,14161187.0,20000000.0,0.02619
2000-11-13,28.8,29.48,27.95,29.0,1131700.0,31032675.0,20000000.0,0.056585
2000-11-14,29.01,29.43,28.43,28.77,987300.0,27181700.0,20000000.0,0.049365
2000-11-15,28.6,29.31,27.7,27.99,1233100.0,33390544.0,20000000.0,0.061655
2000-11-16,28.01,28.48,27.95,28.11,660200.0,17612441.0,20000000.0,0.03301
2000-11-17,28.16,28.33,27.43,27.7,486600.0,12844426.0,20000000.0,0.02433
2000-11-20,27.95,28.64,27.66,28.61,468152.0,12525469.0,20000000.0,0.0234076
2000-11-21,28.64,29.41,27.64,28.48,830950.0,22725713.0,20000000.0,0.0415475
2000-11-22,28.48,28.85,28.22,28.57,299773.0,8112391.0,20000000.0,0.01498865
2000-11-23,27.74,29.13,27.74,29.01,1095252.0,29690905.0,20000000.0,0.0547626
2000-11-24,29.06,29.49,28.27,28.63,1239534.0,33929513.0,20000000.0,0.0619767
2000-11-27,28.48,29.15,28.27,29.1,1288519.0,35388337.0,20000000.0,0.06442595
2000-11-28,29.15,30.17,29.15,29.63,1505295.0,42415227.0,20000000.0,0.07526475
2000-11-29,28.69,29.64,28.69,29.39,482365.0,13305050.0,20000000.0,0.02411825
2000-11-30,29.2,29.53,29.2,29.36,162660.0,4527174.0,20000000.0,0.008133
2000-12-01,29.42,30.06,29.24,29.54,414629.0,11689352.0,20000000.0,0.02073145
2000-12-05,29.54,30.38,29.54,29.92,1291306.0,36672050.0,20000000.0,0.0645653
2000-12-06,29.96,29.96,29.55,29.96,694100.0,19559286.0,20000000.0,0.034705
2000-12-07,29.9,30.05,29.57,29.78,456721.0,12919132.0,20000000.0,0.02283605
2000-12-08,29.54,30.17,29.54,29.95,705054.0,19993977.0,20000000.0,0.0352527
2000-12-11,29.96,30.8,29.9,30.14,1745000.0,50243229.0,20000000.0,0.08725
2000-12-12,30.06,30.44,29.8,30.25,940580.0,26857359.0,20000000.0,0.047029
2000-12-13,30.27,31.14,30.27,30.84,1572022.0,45957220.0,20000000.0,0.0786011
2000-12-14,31.28,31.59,30.59,30.86,764360.0,22458844.0,20000000.0,0.038218
2000-12-15,30.91,31.54,30.18,30.47,358511.0,10353869.0,20000000.0,0.01792555
2000-12-18,30.59,31.01,30.49,30.72,719850.0,21046372.0,20000000.0,0.0359925
2000-12-19,30.38,31.07,30.38,30.74,366055.0,10645154.0,20000000.0,0.01830275
2000-12-20,30.7,31.18,30.07,30.16,845040.0,24388565.0,20000000.0,0.042252
2000-12-21,30.59,30.59,30.01,30.19,488290.0,14061020.0,20000000.0,0.0244145
2000-12-22,30.7,30.7,30.06,30.42,219458.0,6339370.0,20000000.0,0.0109729
2000-12-25,30.07,30.66,30.06,30.54,502136.0,14457204.0,20000000.0,0.0251068
2000-12-26,30.5,30.58,30.06,30.24,346906.0,9986038.0,20000000.0,0.0173453
2000-12-27,30.49,30.58,30.07,30.31,317030.0,9076533.0,20000000.0,0.0158515
2000-12-28,30.27,30.78,30.07,30.18,336900.0,9740291.0,20000000.0,0.016845
2000-12-29,30.08,30.54,30.06,30.27,102631.0,2938974.0,20000000.0,0.00513155
2001-01-02,30.25,31.0,30.18,30.74,806263.0,23443202.0,20000000.0,0.04031315
2001-01-03,30.8,31.28,30.18,30.46,535971.0,15600598.0,20000000.0,0.02679855
2001-01-04,30.49,30.64,29.55,30.06,945850.0,26978956.0,20000000.0,0.0472925
2001-01-05,30.27,30.27,29.06,29.45,744102.0,20738798.0,20000000.0,0.0372051
2001-01-08,29.32,29.7,28.8,29.18,251594.0,6940309.0,20000000.0,0.0125797
2001-01-09,29.22,30.04,28.69,28.74,461200.0,12840332.0,20000000.0,0.02306
2001-01-10,28.8,29.22,28.33,28.68,778768.0,21236477.0,20000000.0,0.0389384
2001-01-11,28.69,29.06,28.41,28.48,531750.0,14406960.0,20000000.0,0.0265875
2001-01-12,28.48,29.29,28.39,29.25,656587.0,17904519.0,20000000.0,0.03282935
2001-01-15,29.38,29.38,26.75,28.07,419220.0,11306952.0,20000000.0,0.020961
2001-01-16,28.07,28.57,27.81,28.28,434294.0,11604217.0,20000000.0,0.0217147
2001-01-17,28.18,28.29,27.64,27.85,173250.0,4575702.0,20000000.0,0.0086625
2001-01-18,27.8,29.01,27.22,27.35,431950.0,11394403.0,20000000.0,0.0215975
2001-01-19,27.22,27.85,27.22,27.55,180701.0,4703737.0,20000000.0,0.00903505
2001-02-05,27.59,27.95,27.33,27.42,152900.0,3996308.0,20000000.0,0.007645
2001-02-06,27.42,27.56,27.23,27.35,219200.0,5686819.0,20000000.0,0.01096
2001-02-07,27.43,27.85,27.37,27.47,118300.0,3094219.0,20000000.0,0.005915
2001-02-08,27.48,27.77,27.34,27.52,306278.0,8010052.0,20000000.0,0.0153139
2001-02-09,27.5,27.8,27.41,27.54,259901.0,6773011.0,20000000.0,0.01299505
2001-02-12,27.54,27.94,27.43,27.93,393681.0,10357491.0,20000000.0,0.01968405
2001-02-13,27.94,28.02,27.74,27.94,210990.0,5581931.0,20000000.0,0.0105495
2001-02-14,27.94,28.15,27.74,28.11,584354.0,15525622.0,20000000.0,0.0292177
2001-02-15,27.93,28.1,27.0,27.01,384376.0,10041621.0,20000000.0,0.0192188
2001-02-16,26.89,26.98,25.08,26.16,513624.0,12593290.0,20000000.0,0.0256812
2001-02-19,26.05,27.43,25.53,26.79,528739.0,13068295.0,20000000.0,0.02643695
2001-02-20,27.42,27.42,25.86,26.68,401800.0,10080800.0,20000000.0,0.02009
2001-02-21,26.37,26.37,25.33,25.88,373314.0,9102286.0,20000000.0,0.0186657
2001-02-22,25.84,25.84,25.16,25.32,227710.0,5478540.0,20000000.0,0.0113855
2001-02-23,25.32,25.72,25.16,25.58,203797.0,4891239.0,20000000.0,0.01018985
2001-02-26,25.53,26.05,25.34,26.04,294187.0,7160222.0,20000000.0,0.01470935
2001-02-27,26.16,26.27,25.74,26.08,158810.0,3906390.0,20000000.0,0.0079405
2001-02-28,26.11,26.2,25.84,26.05,117700.0,2900424.0,20000000.0,0.005885
2001-03-01,26.11,26.61,26.05,26.38,485090.0,12179863.0,20000000.0,0.0242545
2001-03-02,26.48,26.62,26.16,26.4,275593.0,6893403.0,20000000.0,0.01377965
2001-03-05,26.48,26.63,25.95,26.21,107390.0,2689558.0,20000000.0,0.0053695
2001-03-06,26.27,26.37,25.74,26.11,366030.0,9041550.0,20000000.0,0.0183015
2001-03-07,26.12,26.5,25.69,25.97,292550.0,7218843.0,20000000.0,0.0146275
2001-03-08,25.95,26.68,25.69,26.51,1197523.0,29897349.0,20000000.0,0.05987615
2001-03-09,26.53,26.62,25.93,26.31,549723.0,13709800.0,20000000.0,0.02748615
2001-03-12,26.89,27.11,26.37,26.75,1078200.0,27446499.0,20000000.0,0.05391
2001-03-13,26.66,27.08,25.84,26.26,689000.0,17457973.0,20000000.0,0.03445
2001-03-14,27.22,27.22,26.26,26.55,749600.0,18912751.0,20000000.0,0.03748
2001-03-15,26.58,26.77,26.17,26.37,470600.0,11806765.0,20000000.0,0.02353
2001-03-16,26.37,26.7,26.21,26.41,725900.0,18197807.0,20000000.0,0.036295
2001-03-20,26.48,27.83,24.16,27.15,1146936.0,29336153.0,20000000.0,0.0573468
2001-03-21,26.9,27.42,26.51,27.18,1484220.0,37881811.0,20000000.0,0.074211
2001-03-22,27.22,27.39,27.04,27.39,1327039.0,34276908.0,20000000.0,0.06635195
2001-03-23,27.41,27.62,26.74,26.88,686815.0,17656620.0,20000000.0,0.03434075
2001-03-26,26.9,27.41,26.9,27.27,1267981.0,32681855.0,20000000.0,0.06339905
2001-03-27,27.33,27.43,26.9,27.12,1014400.0,26200061.0,20000000.0,0.05072
2001-03-28,27.22,27.62,27.0,27.5,1270717.0,32941267.0,20000000.0,0.06353585
2001-03-29,27.58,27.62,27.22,27.28,1196651.0,31043036.0,20000000.0,0.05983255
2001-03-30,27.32,27.74,27.32,27.62,1022610.0,26703226.0,20000000.0,0.0511305
2001-04-02,27.65,27.81,27.43,27.51,978850.0,25625164.0,20000000.0,0.0489425
2001-04-03,27.53,27.53,26.78,26.91,758900.0,19412599.0,20000000.0,0.037945
2001-04-04,26.92,27.1,26.27,26.47,959000.0,24177383.0,20000000.0,0.04795
2001-04-05,26.48,26.95,26.37,26.9,650455.0,16396492.0,20000000.0,0.03252275
2001-04-06,26.9,27.12,26.45,26.78,549159.0,13858160.0,20000000.0,0.02745795
2001-04-09,26.79,26.9,25.79,26.27,865296.0,21453422.0,20000000.0,0.0432648
2001-04-10,26.27,26.27,25.76,25.97,887100.0,21807108.0,20000000.0,0.044355
2001-04-11,25.95,27.09,25.74,26.85,1144237.0,28805822.0,20000000.0,0.05721185
2001-04-12,26.9,27.07,26.37,26.57,584000.0,14799373.0,20000000.0,0.0292
2001-04-13,26.58,27.1,26.38,26.86,842461.0,21428721.0,20000000.0,0.04212305
2001-04-16,26.9,27.27,26.86,27.14,731481.0,18826905.0,20000000.0,0.03657405
2001-04-17,27.32,27.43,26.79,26.96,540005.0,13854871.0,20000000.0,0.02700025
2001-04-18,27.04,27.06,26.47,26.59,552515.0,13797456.0,20000000.0,0.02762575
2001-04-19,26.58,27.12,26.26,26.97,588571.0,14619878.0,20000000.0,0.02942855
2001-04-20,27.0,27.0,26.15,26.58,480445.0,11918811.0,20000000.0,0.02402225
2001-04-23,26.67,26.67,26.26,26.39,398788.0,9904084.0,20000000.0,0.0199394
2001-04-24,26.45,27.05,26.26,26.27,659400.0,16452000.0,20000000.0,0.03297
2001-04-25,26.31,26.63,25.62,25.75,580085.0,14115443.0,20000000.0,0.02900425
2001-04-26,25.67,26.21,25.51,25.77,547553.0,13242455.0,20000000.0,0.02737765
2001-04-27,25.77,26.15,25.72,25.93,539840.0,13122589.0,20000000.0,0.026992
2001-04-30,25.94,26.13,25.65,26.08,457900.0,11125000.0,20000000.0,0.022895
2001-05-08,26.15,26.18,25.85,26.1,211405.0,5168078.0,20000000.0,0.01057025
2001-05-09,26.1,26.83,26.04,26.43,993342.0,24665270.0,20000000.0,0.0496671
2001-05-10,26.47,26.88,26.2,26.4,678900.0,16875000.0,20000000.0,0.033945
2001-05-11,26.42,26.68,25.94,26.26,380400.0,9354546.0,20000000.0,0.01902
2001-05-14,26.42,26.52,25.92,26.24,495790.0,12112288.0,20000000.0,0.0247895
2001-05-15,26.26,26.32,25.85,26.13,442370.0,10760946.0,20000000.0,0.0221185
2001-05-16,26.2,26.25,25.91,25.95,261500.0,6370571.0,20000000.0,0.013075
2001-05-17,26.04,26.14,25.87,26.07,752754.0,18313303.0,20000000.0,0.0376377
2001-05-18,26.15,26.15,25.84,25.86,432400.0,10495851.0,20000000.0,0.02162
2001-05-21,25.87,26.14,25.61,26.08,763772.0,18393867.0,20000000.0,0.0381886
2001-05-22,26.1,26.15,25.92,26.0,328500.0,8019623.0,20000000.0,0.016425
2001-05-23,26.15,26.45,25.94,26.26,412107.0,10113239.0,20000000.0,0.02060535
2001-05-24,26.36,26.36,25.98,26.01,197822.0,4844916.0,20000000.0,0.0098911
2001-05-25,26.04,26.2,25.31,25.48,606601.0,14538793.0,20000000.0,0.03033005
2001-05-28,25.4,25.51,24.45,24.62,602000.0,13998020.0,20000000.0,0.0301
2001-05-29,24.66,25.08,24.55,24.68,343923.0,7962627.0,20000000.0,0.01719615
2001-05-30,25.08,25.19,24.74,24.94,311230.0,7280607.0,20000000.0,0.0155615
2001-05-31,25.08,25.16,24.61,24.76,510238.0,11832088.0,20000000.0,0.0255119
2001-06-01,24.76,24.83,24.55,24.66,362810.0,8379172.0,20000000.0,0.0181405
2001-06-04,24.66,24.71,24.34,24.37,400907.0,9170826.0,20000000.0,0.02004535
2001-06-05,24.37,25.05,24.37,24.93,414148.0,9638428.0,20000000.0,0.0207074
2001-06-07,25.04,25.78,24.96,25.47,486461.0,11615627.0,20000000.0,0.02432305
2001-06-08,25.62,25.7,25.17,25.28,259320.0,6160599.0,20000000.0,0.012966
2001-06-11,25.31,25.4,24.57,24.92,505900.0,11828992.0,20000000.0,0.025295
2001-06-12,24.92,24.98,24.55,24.6,337520.0,7792651.0,20000000.0,0.016876
2001-06-13,24.64,25.24,24.64,25.24,322967.0,7547891.0,20000000.0,0.01614835
2001-06-14,25.3,25.93,25.3,25.41,596687.0,14311310.0,20000000.0,0.02983435
2001-06-15,25.3,25.54,25.12,25.5,164040.0,3881453.0,20000000.0,0.008202
2001-06-18,25.52,25.52,24.77,24.84,384457.0,9081878.0,20000000.0,0.01922285
2001-06-19,24.82,25.28,24.82,25.07,66800.0,1569178.0,20000000.0,0.00334
2001-06-20,25.08,25.08,24.71,24.76,64713.0,1510091.0,20000000.0,0.00323565
2001-06-21,24.97,25.06,24.76,24.97,182000.0,4246838.0,20000000.0,0.0091
2001-06-22,24.99,25.5,24.98,25.24,450890.0,10682967.0,20000000.0,0.0225445
2001-06-25,25.3,25.52,25.09,25.34,394541.0,9348801.0,20000000.0,0.01972705
2001-06-26,25.41,25.52,25.2,25.28,239691.0,5695539.0,20000000.0,0.01198455
2001-06-27,25.35,25.5,25.26,25.41,305820.0,7278067.0,20000000.0,0.015291
2001-06-28,25.52,25.56,25.1,25.17,254900.0,6045977.0,20000000.0,0.012745
2001-06-29,25.17,25.4,24.88,25.06,160100.0,3767353.0,20000000.0,0.008005
2001-07-02,24.96,25.08,24.73,24.82,135545.0,3149244.0,19975500.0,0.006785562313834447
2001-07-03,24.82,24.82,24.55,24.69,257300.0,5944526.0,19975500.0,0.012880778954218918
2001-07-04,24.71,24.85,24.53,24.65,226901.0,5241010.0,19975500.0,0.01135896473179645
2001-07-05,24.55,24.76,24.31,24.58,348260.0,7984854.0,19975500.0,0.017434357087432104
2001-07-06,24.55,24.87,24.35,24.57,280700.0,6483833.0,19975500.0,0.014052213962103577
2001-07-09,24.55,24.76,24.38,24.44,88040.0,2016621.0,19975500.0,0.00440739906385322
2001-07-10,24.53,24.71,24.35,24.54,188566.0,4318024.0,19975500.0,0.009439863833195665
2001-07-11,24.39,24.68,23.9,24.33,319650.0,7251319.0,19975500.0,0.016002102575655177
2001-07-12,24.46,24.54,23.92,23.99,341000.0,7757676.0,19975500.0,0.01707091186703712
2001-07-13,23.99,24.23,23.8,24.18,217650.0,4890975.0,19975500.0,0.010895847413081024
2001-07-16,24.12,24.12,23.65,23.65,107900.0,2401578.0,19975500.0,0.005401616980801481
2001-07-17,23.65,23.75,23.01,23.06,134200.0,2922652.0,19975500.0,0.006718229831543641
2001-07-18,23.06,23.27,22.74,22.84,148900.0,3191602.0,19975500.0,0.007454131310855799
2001-07-19,22.84,23.44,22.8,23.43,254206.0,5491045.0,19975500.0,0.012725889214287502
2001-07-20,22.84,23.38,22.84,23.17,325700.0,7068760.0,19975500.0,0.016304973592650998
2001-07-23,23.17,23.38,22.84,23.24,360301.0,7763016.0,19975500.0,0.01803714550324147
2001-07-24,23.25,23.35,22.95,22.97,78400.0,1694727.0,19975500.0,0.00392480788966484
2001-07-25,22.97,23.23,22.85,22.95,65590.0,1412508.0,19975500.0,0.0032835223148356737
2001-07-26,23.03,23.2,22.07,22.09,156675.0,3299564.0,19975500.0,0.00784335811368927
2001-07-27,21.87,21.93,21.26,21.27,245565.0,4934698.0,19975500.0,0.012293309303897274
2001-07-30,21.03,21.03,19.43,19.47,188300.0,3539411.0,19975500.0,0.009426547520712873
2001-07-31,19.48,20.28,19.47,19.71,282950.0,5266748.0,19975500.0,0.014164851943630949
2001-08-01,19.73,20.27,19.73,20.24,240170.0,4500067.0,19975500.0,0.012023228454857201
2001-08-02,20.27,20.28,19.44,19.76,173050.0,3213310.0,19975500.0,0.008663112312582913
2001-08-03,19.74,20.07,19.65,19.93,133310.0,2487099.0,19975500.0,0.006673675252183925
2001-08-06,19.96,19.96,19.1,19.2,194700.0,3540929.0,19975500.0,0.00974694000150184
2001-08-07,18.79,19.08,18.59,19.07,313008.0,5519870.0,19975500.0,0.015669595254186378
2001-08-08,19.0,20.01,19.0,19.57,333029.0,6073453.0,19975500.0,0.016671873044479486
2001-08-09,19.51,20.37,19.38,20.35,413856.0,7709297.0,19975500.0,0.020718179770218517
2001-08-10,20.45,20.7,20.15,20.58,438506.0,8383635.0,19975500.0,0.02195219143450727
2001-08-13,20.64,20.68,20.37,20.44,95645.0,1834527.0,19975500.0,0.004788115441415735
2001-08-14,20.58,20.58,19.79,19.97,75199.0,1420874.0,19975500.0,0.003764561587945233
2001-08-15,19.96,20.24,19.96,20.13,35000.0,659585.0,19975500.0,0.0017521463793146604
2001-08-16,20.08,20.12,19.85,19.96,23100.0,433489.0,19975500.0,0.001156416610347676
2001-08-17,19.97,19.97,19.8,19.85,58700.0,1092819.0,19975500.0,0.002938599784736302
2001-08-20,19.0,19.96,19.0,19.8,65709.0,1220784.0,19975500.0,0.0032894796125253435
2001-08-21,19.8,20.81,19.8,20.19,271889.0,5133515.0,19975500.0,0.013611123626442392
2001-08-22,20.23,20.39,19.64,20.01,128300.0,2386657.0,19975500.0,0.0064228680133163124
2001-08-23,19.75,20.17,19.64,20.13,206277.0,3849747.0,19975500.0,0.010326499962454007
2001-08-24,20.05,20.23,19.65,19.74,75800.0,1411665.0,19975500.0,0.0037946484443443216
2001-08-27,19.63,19.63,18.68,18.92,185600.0,3308518.0,19975500.0,0.009291381942880029
2001-08-28,19.1,19.1,18.27,18.74,132280.0,2312150.0,19975500.0,0.006622112087306951
2001-08-29,19.0,19.27,18.68,19.06,227437.0,4051198.0,19975500.0,0.011385797602062526
2001-08-30,19.06,19.43,18.72,19.16,92300.0,1650738.0,19975500.0,0.004620660308878376
2001-08-31,19.27,19.75,19.01,19.05,51650.0,941446.0,19975500.0,0.002585667442617206
2001-09-03,19.43,19.43,18.92,19.01,16300.0,291688.0,19975500.0,0.000815999599509399
2001-09-04,19.2,19.3,19.0,19.24,82588.0,1485302.0,19975500.0,0.004134464719281119
2001-09-05,19.37,19.51,19.22,19.29,70130.0,1270960.0,19975500.0,0.003510800730895347
2001-09-06,19.13,19.37,19.05,19.08,48300.0,864392.0,19975500.0,0.0024179620034542313
2001-09-07,19.21,19.21,18.68,18.91,122585.0,2153455.0,19975500.0,0.00613676754023679
2001-09-10,18.68,19.52,18.68,19.11,53200.0,956754.0,19975500.0,0.002663262496558284
2001-09-11,19.11,19.11,18.8,18.92,46752.0,829969.0,19975500.0,0.0023404670721634
2001-09-12,18.41,18.84,18.36,18.84,76361.0,1333003.0,19975500.0,0.00382273284773848
2001-09-13,18.89,18.99,18.65,18.7,41606.0,730673.0,19975500.0,0.0020828514930790218
2001-09-14,18.63,18.95,18.63,18.74,32200.0,565565.0,19975500.0,0.0016119746689694876
2001-09-17,19.0,19.11,18.34,18.53,69610.0,1211418.0,19975500.0,0.0034847688418312432
2001-09-18,18.53,18.95,18.41,18.55,37700.0,659566.0,19975500.0,0.0018873119571475056
2001-09-19,18.55,18.68,18.35,18.47,63200.0,1091363.0,19975500.0,0.003163875747791044
2001-09-20,18.68,18.76,18.36,18.57,234041.0,4058087.0,19975500.0,0.011716402593176642
2001-09-21,18.68,18.68,18.34,18.44,133200.0,2300777.0,19975500.0,0.006668168506420365
2001-09-24,18.57,18.89,18.12,18.52,120069.0,2071900.0,19975500.0,0.006010813246226628
2001-09-25,18.52,18.59,18.04,18.37,75281.0,1279684.0,19975500.0,0.0037686666166053414
2001-09-26,18.36,18.36,17.93,18.06,41100.0,693885.0,19975500.0,0.002057520462566644
2001-09-27,17.72,18.67,17.72,17.99,85500.0,1450873.0,19975500.0,0.004280243298040099
2001-09-28,18.15,18.15,17.48,17.53,79780.0,1320447.0,19975500.0,0.003993892518334961
2001-10-08,17.53,17.53,16.59,16.66,33901.0,540160.0,19975500.0,0.00169712898300418
2001-10-09,16.7,17.07,16.54,16.93,37600.0,590730.0,19975500.0,0.0018823058246351782
2001-10-10,16.93,16.93,16.33,16.34,44410.0,687836.0,19975500.0,0.002223223448724688
2001-10-11,16.54,16.54,15.9,15.99,65270.0,980762.0,19975500.0,0.003267502690796225
2001-10-12,16.01,16.56,15.67,16.43,71955.0,1086242.0,19975500.0,0.0036021626492453254
2001-10-15,16.33,16.74,16.33,16.57,41900.0,648201.0,19975500.0,0.002097569522665265
2001-10-16,16.6,16.63,16.12,16.21,31010.0,473176.0,19975500.0,0.0015524016920727892
2001-10-17,16.54,16.54,15.48,15.83,34610.0,517516.0,19975500.0,0.0017326224625165828
2001-10-18,16.11,16.11,15.82,15.82,57300.0,856579.0,19975500.0,0.0028685139295637156
2001-10-19,15.8,15.82,15.46,15.46,73400.0,1072630.0,19975500.0,0.0036745012640484595
2001-10-22,14.95,15.73,14.52,14.61,84509.0,1179491.0,19975500.0,0.004230632524842933
2001-10-23,15.69,16.07,15.49,16.07,325228.0,4883279.0,19975500.0,0.016281344647192813
2001-10-24,16.84,17.16,16.22,16.86,460241.0,7180336.0,19975500.0,0.023040274336061674
2001-10-25,16.76,16.76,16.07,16.25,112686.0,1725574.0,19975500.0,0.005641210482841481
2001-10-26,16.28,16.28,15.72,16.07,101508.0,1516488.0,19975500.0,0.005081624990613502
2001-10-29,16.29,16.85,16.2,16.52,90800.0,1400018.0,19975500.0,0.004545568321193462
2001-10-30,16.38,16.48,16.14,16.28,41868.0,638260.0,19975500.0,0.00209596756026132
2001-10-31,16.03,16.12,15.9,16.12,32011.0,478545.0,19975500.0,0.0016025130785211885
2001-11-01,16.12,16.3,14.94,16.06,222986.0,3342729.0,19975500.0,0.011162974643938825
2001-11-02,16.01,16.37,15.85,16.16,109414.0,1648435.0,19975500.0,0.005477409827038122
2001-11-05,15.94,16.8,15.94,16.31,48901.0,754663.0,19975500.0,0.0024480488598533205
2001-11-06,16.12,16.35,16.01,16.14,38519.0,582754.0,19975500.0,0.0019283121824234686
2001-11-07,16.02,16.02,15.21,15.37,91901.0,1346953.0,19975500.0,0.004600685840154189
2001-11-08,15.05,15.53,14.95,15.53,45434.0,651512.0,19975500.0,0.0022744862456509224
2001-11-09,15.42,15.69,15.26,15.69,36012.0,520144.0,19975500.0,0.0018028084403394157
2001-11-12,15.69,15.9,15.37,15.7,19404.0,286874.0,19975500.0,0.0009713899526920478
2001-11-13,15.48,15.59,15.36,15.59,19603.0,284696.0,19975500.0,0.0009813521563915796
2001-11-14,15.39,15.78,15.17,15.48,14900.0,214633.0,19975500.0,0.0007459137443368126
2001-11-15,15.58,15.67,15.26,15.33,29500.0,425504.0,19975500.0,0.0014768090911366424
2001-11-16,16.17,16.54,15.72,15.72,135700.0,2035134.0,19975500.0,0.006793321819228555
2001-11-19,15.8,16.0,15.8,15.94,36310.0,541537.0,19975500.0,0.001817726715226152
2001-11-20,16.2,16.41,16.01,16.38,123884.0,1891893.0,19975500.0,0.006201797201571926
2001-11-21,16.38,16.52,16.33,16.43,145506.0,2236590.0,19975500.0,0.007284223173387399
2001-11-22,16.45,16.65,16.38,16.65,207500.0,3206903.0,19975500.0,0.010387724963079773
2001-11-23,16.72,16.72,16.5,16.6,87602.0,1361471.0,19975500.0,0.004385472203449225
2001-11-26,16.65,17.25,16.54,16.81,107900.0,1698994.0,19975500.0,0.005401616980801481
2001-11-27,16.85,16.97,16.7,16.97,82482.0,1300789.0,19975500.0,0.004129158218818052
2001-11-28,17.02,17.21,16.86,17.02,220740.0,3538650.0,19975500.0,0.011050536907711947
2001-11-29,16.97,17.15,16.97,17.11,101500.0,1622888.0,19975500.0,0.005081224500012515
2001-11-30,17.13,17.5,17.08,17.49,100698.0,1626494.0,19975500.0,0.0050410753172636475
2001-12-03,17.61,17.81,17.53,17.64,144170.0,2386439.0,19975500.0,0.007217341243022703
2001-12-04,17.61,17.69,17.36,17.61,88513.0,1457857.0,19975500.0,0.004431078070636529
2001-12-05,17.61,18.02,17.48,17.52,155450.0,2575847.0,19975500.0,0.007782032990413256
2001-12-06,17.4,17.71,17.3,17.61,87968.0,1445966.0,19975500.0,0.004403794648444344
2001-12-07,17.48,17.67,17.38,17.38,70300.0,1149672.0,19975500.0,0.0035193111561663036
2001-12-10,17.18,17.3,17.08,17.18,71987.0,1159385.0,19975500.0,0.0036037646116492705
2001-12-11,17.25,17.32,17.18,17.21,39060.0,630992.0,19975500.0,0.001955395359315161
2001-12-12,17.18,17.24,16.86,16.86,77700.0,1247121.0,19975500.0,0.003889764962078546
2001-12-13,16.86,17.08,16.54,16.6,84300.0,1324502.0,19975500.0,0.004220169707892168
2001-12-14,16.6,16.67,16.2,16.2,112900.0,1739526.0,19975500.0,0.005651923606417862
2001-12-17,16.02,16.51,16.02,16.36,32325.0,494719.0,19975500.0,0.0016182323346098971
2001-12-18,16.19,16.52,16.19,16.51,76594.0,1175537.0,19975500.0,0.0038343971364922028
2001-12-19,16.62,16.81,16.36,16.44,94400.0,1473934.0,19975500.0,0.004725789091637255
2001-12-20,16.36,16.36,15.99,16.01,95250.0,1434629.0,19975500.0,0.00476834121799204
2001-12-21,15.8,16.21,15.49,16.17,60125.0,901075.0,19975500.0,0.0030099371730369705
2001-12-24,16.22,16.28,15.9,15.9,60600.0,912921.0,19975500.0,0.0030337163024705266
2001-12-25,15.9,16.22,15.9,16.16,53600.0,809420.0,19975500.0,0.0026832870266075945
2001-12-26,16.1,16.28,16.01,16.28,87709.0,1320652.0,19975500.0,0.004390828765237416
2001-12-27,16.31,16.44,16.12,16.17,122900.0,1864744.0,19975500.0,0.006152536857650622
2001-12-28,16.27,16.31,16.12,16.28,35180.0,534743.0,19975500.0,0.0017611574178368501
2001-12-31,16.21,16.46,16.17,16.33,77995.0,1193916.0,19975500.0,0.0039045330529899128
2002-01-04,16.33,16.33,15.97,16.0,48222.0,725000.0,19975500.0,0.002414057220094616
2002-01-07,16.01,16.01,15.81,15.89,23500.0,350005.0,19975500.0,0.0011764411403969862
2002-01-08,15.94,16.17,15.8,15.82,24200.0,361519.0,19975500.0,0.0012114840679832795
2002-01-09,15.74,15.79,15.41,15.47,72950.0,1060812.0,19975500.0,0.0036519736677429852
2002-01-10,15.46,15.53,15.0,15.52,112549.0,1613199.0,19975500.0,0.005634352081299592
2002-01-11,15.67,15.67,15.16,15.16,50800.0,732476.0,19975500.0,0.0025431153162624215
2002-01-14,14.95,15.36,14.59,14.64,79474.0,1099394.0,19975500.0,0.003978573752847238
2002-01-15,14.39,14.73,14.37,14.45,101473.0,1377092.0,19975500.0,0.005079872844234187
2002-01-16,14.39,14.73,14.39,14.62,40002.0,544841.0,19975500.0,0.002002553127581287
2002-01-17,14.62,14.62,13.88,13.9,92100.0,1226626.0,19975500.0,0.004610648043853721
2002-01-18,13.92,14.22,13.68,13.89,90870.0,1181627.0,19975500.0,0.004549072613952091
2002-01-21,13.89,13.89,13.02,13.14,59000.0,745127.0,19975500.0,0.002953618182273285
2002-01-22,13.11,13.56,12.92,13.0,80650.0,1005628.0,19975500.0,0.00403744587119221
2002-01-23,13.08,13.85,12.95,13.8,111498.0,1382096.0,19975500.0,0.005581737628595029
2002-01-24,13.66,14.19,13.34,13.91,135929.0,1772423.0,19975500.0,0.006804785862681785
2002-01-25,13.88,14.14,13.88,14.0,59995.0,785092.0,19975500.0,0.0030034292007709443
2002-01-28,13.78,14.24,13.13,13.19,136300.0,1732636.0,19975500.0,0.00682335861430252
2002-01-29,12.82,13.45,12.82,13.4,81807.0,1022492.0,19975500.0,0.00409536682435984
2002-01-30,13.38,13.76,13.34,13.57,47725.0,603346.0,19975500.0,0.0023891767415083476
2002-01-31,13.77,14.57,13.77,14.42,246737.0,3305073.0,19975500.0,0.012351981176941754
2002-02-01,14.44,14.6,14.05,14.29,163372.0,2188754.0,19975500.0,0.008178618808039849
2002-02-04,14.09,14.52,14.09,14.47,82660.0,1115002.0,19975500.0,0.0041380691346899956
2002-02-05,14.57,14.75,14.41,14.69,125308.0,1713239.0,19975500.0,0.0062730845285474705
2002-02-06,14.77,16.16,14.77,16.16,1083344.0,16267826.0,19975500.0,0.05423363620435033
2002-02-07,16.33,16.49,15.88,16.41,1049263.0,15966953.0,19975500.0,0.05252749618282396
2002-02-08,15.69,15.89,15.32,15.36,892183.0,12904022.0,19975500.0,0.044663863232459765
2002-02-25,15.8,15.9,15.35,15.36,356750.0,5201697.0,19975500.0,0.017859377737728718
2002-02-26,15.35,15.48,15.08,15.35,254967.0,3656936.0,19975500.0,0.012763985882706315
2002-02-27,15.33,15.54,15.27,15.35,167185.0,2409782.0,19975500.0,0.0083695026407349
2002-02-28,15.41,15.54,14.85,14.94,230757.0,3275174.0,19975500.0,0.011552001201471804
2002-03-01,14.94,15.02,14.73,14.78,137723.0,1915155.0,19975500.0,0.006894595879952942
2002-03-04,14.7,15.0,14.62,15.0,121292.0,1682103.0,19975500.0,0.0060720382468523945
2002-03-05,15.08,15.48,15.05,15.39,213380.0,3065143.0,19975500.0,0.010682085554804635
2002-03-06,15.42,15.88,15.2,15.39,383232.0,5591800.0,19975500.0,0.019185101749643312
2002-03-07,15.39,15.75,15.39,15.74,319414.0,4652966.0,19975500.0,0.015990288102926086
2002-03-08,15.82,16.22,15.82,16.14,561920.0,8416709.0,19975500.0,0.028130459813271256
2002-03-11,16.49,16.97,16.31,16.59,579429.0,8997685.0,19975500.0,0.029006983554854697
2002-03-12,16.59,16.65,16.01,16.02,499811.0,7589124.0,19975500.0,0.02502120097118971
2002-03-13,16.02,16.02,15.62,15.67,144004.0,2131305.0,19975500.0,0.007209031063052239
2002-03-14,15.67,16.38,15.67,16.36,230656.0,3455781.0,19975500.0,0.011546945007634353
2002-03-15,16.46,16.76,15.84,15.85,359450.0,5536907.0,19975500.0,0.01799454331556156
2002-03-18,16.01,16.39,15.74,16.01,164673.0,2463035.0,19975500.0,0.008243748592025231
2002-03-19,16.01,16.38,15.82,16.3,195669.0,2970675.0,19975500.0,0.009795449425546294
2002-03-20,16.36,16.63,16.2,16.43,308593.0,4757946.0,19975500.0,0.015448574503767114
2002-03-21,16.43,16.63,16.22,16.31,246707.0,3789177.0,19975500.0,0.012350479337188055
2002-03-22,16.32,16.32,16.01,16.17,196816.0,2972856.0,19975500.0,0.009852869765462692
2002-03-25,16.17,16.31,16.01,16.2,111378.0,1683801.0,19975500.0,0.005575730269580236
2002-03-26,16.28,16.28,15.74,15.85,120800.0,1801394.0,19975500.0,0.006047408074891743
2002-03-27,15.8,15.96,15.74,15.87,120400.0,1786024.0,19975500.0,0.006027383544842432
2002-03-28,15.98,16.13,15.8,16.05,103588.0,1552737.0,19975500.0,0.005185752546869916
2002-03-29,15.99,16.14,15.58,15.59,109800.0,1616727.0,19975500.0,0.005496733498535706
2002-04-01,15.48,15.62,15.16,15.56,74699.0,1080118.0,19975500.0,0.003739530925383595
2002-04-02,15.51,15.52,15.1,15.23,90499.0,1295261.0,19975500.0,0.004530499862331356
2002-04-03,15.17,15.46,15.17,15.26,54900.0,786326.0,19975500.0,0.002748366749267853
2002-04-04,15.21,15.77,15.03,15.67,79652.0,1152571.0,19975500.0,0.003987484668719181
2002-04-05,15.67,15.86,15.48,15.59,64600.0,948145.0,19975500.0,0.0032339616029636305
2002-04-08,15.58,15.78,15.32,15.5,43679.0,635792.0,19975500.0,0.002186628620059573
2002-04-09,15.46,16.12,15.42,16.01,156920.0,2340977.0,19975500.0,0.007855623138344472
2002-04-10,16.1,16.18,15.93,16.1,144260.0,2172908.0,19975500.0,0.007221846762283797
2002-04-11,16.1,16.2,15.69,15.74,93368.0,1390641.0,19975500.0,0.004674125804110035
2002-04-12,15.81,15.99,15.75,15.84,68000.0,1008281.0,19975500.0,0.003404170108382769
2002-04-15,15.99,15.99,15.69,15.77,72800.0,1077754.0,19975500.0,0.003644464468974494
2002-04-16,15.77,15.89,15.67,15.67,82000.0,1207020.0,19975500.0,0.004105028660108633
2002-04-17,15.67,15.69,15.48,15.61,47422.0,692108.0,19975500.0,0.002374008159995995
2002-04-19,15.61,15.61,15.21,15.56,89913.0,1296704.0,19975500.0,0.004501163925809116
2002-04-22,15.56,15.56,15.26,15.32,36101.0,520469.0,19975500.0,0.0018072638982753874
2002-04-23,15.35,15.56,15.27,15.41,40850.0,589726.0,19975500.0,0.002045005131285825
2002-04-24,15.32,15.52,15.27,15.37,34550.0,496684.0,19975500.0,0.0017296187830091862
2002-04-25,15.38,15.38,15.21,15.26,60600.0,867933.0,19975500.0,0.0030337163024705266
2002-04-26,15.47,16.12,15.26,15.96,154814.0,2291169.0,19975500.0,0.007750193987634853
2002-04-29,16.12,17.21,16.05,17.01,1091247.0,17176596.0,19975500.0,0.054629270856799576
2002-04-30,17.08,17.21,16.53,16.6,449166.0,7053648.0,19975500.0,0.022485845160321392
2002-05-08,16.6,16.66,16.31,16.32,193115.0,2969537.0,19975500.0,0.009667592801181447
2002-05-09,16.28,16.54,16.23,16.32,110923.0,1704212.0,19975500.0,0.005552952366649145
2002-05-10,16.33,16.38,16.02,16.09,132500.0,2003742.0,19975500.0,0.006633125578834072
2002-05-13,16.12,16.12,15.88,16.1,138350.0,2070033.0,19975500.0,0.006925984330805236
2002-05-14,16.32,16.32,15.9,16.1,85700.0,1292433.0,19975500.0,0.004290255563064754
2002-05-15,16.06,16.2,15.9,16.01,90100.0,1352828.0,19975500.0,0.004510525393607169
2002-05-16,15.85,15.89,15.34,15.41,184223.0,2679563.0,19975500.0,0.009222447498185278
2002-05-17,15.66,15.66,15.26,15.48,130339.0,1888344.0,19975500.0,0.0065249430552426725
2002-05-20,15.56,15.56,15.17,15.37,103851.0,1487831.0,19975500.0,0.005198918675377337
2002-05-21,15.65,16.13,15.56,15.93,155005.0,2304171.0,19975500.0,0.0077597557007333985
2002-05-22,15.91,15.91,15.58,15.79,54667.0,805307.0,19975500.0,0.00273670246051413
2002-05-23,15.93,15.96,15.8,15.84,89877.0,1338322.0,19975500.0,0.0044993617181046785
2002-05-24,15.75,15.75,15.48,15.58,42687.0,624728.0,19975500.0,0.0021369677855372833
2002-05-27,15.48,15.67,15.33,15.48,73939.0,1070318.0,19975500.0,0.003701484318289905
2002-05-28,15.59,15.78,15.54,15.59,64700.0,933164.0,19975500.0,0.003238967735475958
2002-05-29,15.55,15.55,15.15,15.18,125171.0,1771541.0,19975500.0,0.006266226127005582
2002-05-30,15.24,15.24,14.83,14.98,120125.0,1662129.0,19975500.0,0.006013616680433531
2002-05-31,14.97,15.04,14.84,14.91,89400.0,1234875.0,19975500.0,0.004475482466020876
2002-06-03,14.6,14.6,14.29,14.36,86900.0,1156128.0,19975500.0,0.004350329153212686
2002-06-04,14.21,14.82,14.21,14.37,104304.0,1383728.0,19975500.0,0.0052215964556581815
2002-06-06,13.85,15.48,13.75,14.95,145920.0,1966092.0,19975500.0,0.007304948561988436
2002-06-07,14.96,15.15,14.81,14.99,132463.0,1834280.0,19975500.0,0.00663127330980451
2002-06-10,14.83,14.83,14.63,14.69,59550.0,809607.0,19975500.0,0.0029811519110910867
2002-06-11,14.63,15.08,14.61,14.91,41632.0,572967.0,19975500.0,0.002084153087532227
2002-06-12,14.72,15.0,14.72,14.91,28900.0,396094.0,19975500.0,0.0014467722960626768
2002-06-13,14.83,15.04,14.51,14.51,38100.0,518641.0,19975500.0,0.001907336487196816
2002-06-14,14.5,14.93,14.43,14.61,40399.0,550725.0,19975500.0,0.0020224274736552277
2002-06-17,14.5,14.72,14.46,14.61,14117.0,190366.0,19975500.0,0.0007067157267652875
2002-06-18,14.98,15.2,14.61,15.13,166241.0,2315373.0,19975500.0,0.008322244749818528
2002-06-19,15.04,15.08,14.89,14.9,15600.0,216292.0,19975500.0,0.0007809566719231058
2002-06-20,14.93,15.18,14.93,15.04,66600.0,928443.0,19975500.0,0.0033340842532101826
2002-06-21,15.25,15.56,15.0,15.55,186264.0,2657427.0,19975500.0,0.009324622662761883
2002-06-24,17.11,17.11,16.43,17.11,1060313.0,16589888.0,19975500.0,0.05308067382543616
2002-06-25,17.11,17.15,16.34,16.44,449114.0,6981772.0,19975500.0,0.022483241971414984
2002-06-26,16.86,16.86,16.23,16.56,214231.0,3260976.0,19975500.0,0.010724687742484543
2002-06-27,16.23,16.56,16.23,16.27,227706.0,3435853.0,19975500.0,0.011399264098520687
2002-06-28,16.29,16.43,15.96,16.14,250587.0,3737910.0,19975500.0,0.012544717278666366
2002-07-01,16.14,16.3,16.14,16.18,134200.0,2010745.0,19975500.0,0.006718229831543641
2002-07-02,15.91,16.23,15.91,16.19,107400.0,1600051.0,19975500.0,0.005376586318239844
2002-07-03,16.27,16.27,16.13,16.22,75502.0,1129742.0,19975500.0,0.0037797301694575854
2002-07-04,16.34,16.34,16.13,16.13,53700.0,804061.0,19975500.0,0.002688293159119922
2002-07-05,16.13,16.32,16.13,16.25,28900.0,432723.0,19975500.0,0.0014467722960626768
2002-07-08,16.25,16.43,16.02,16.25,137899.0,2066258.0,19975500.0,0.006903406673174639
2002-07-09,16.21,16.29,16.09,16.1,68890.0,1028401.0,19975500.0,0.0034487246877424847
2002-07-10,16.03,16.14,15.81,15.86,100158.0,1475564.0,19975500.0,0.005014042201697079
2002-07-11,15.86,16.03,15.8,15.95,71235.0,1045015.0,19975500.0,0.003566118495156567
2002-07-12,16.02,16.23,16.02,16.07,49900.0,742167.0,19975500.0,0.002498060123651473
2002-07-15,15.8,16.07,15.8,15.86,29532.0,434741.0,19975500.0,0.0014784110535405871
2002-07-16,16.02,16.02,15.89,15.9,24550.0,361371.0,19975500.0,0.001229005531776426
2002-07-17,15.97,15.97,15.82,15.96,35240.0,517484.0,19975500.0,0.0017641610973442468
2002-07-18,16.19,16.21,16.02,16.14,65846.0,983091.0,19975500.0,0.0032963380140672324
2002-07-19,16.08,16.23,16.02,16.2,46176.0,688522.0,19975500.0,0.002311631748892393
2002-07-22,16.3,16.3,15.8,15.93,45009.0,666409.0,19975500.0,0.00225321018247353
2002-07-23,15.89,15.92,15.8,15.86,65400.0,957914.0,19975500.0,0.0032740106630622513
2002-07-24,15.87,15.99,15.72,15.8,43594.0,636508.0,19975500.0,0.0021823734074240945
2002-07-25,15.91,16.0,15.72,15.86,34461.0,502724.0,19975500.0,0.0017251633250732147
2002-07-26,16.22,16.22,15.73,15.87,34700.0,512011.0,19975500.0,0.0017371279817776776
2002-07-29,15.96,15.96,15.73,15.87,25921.0,378886.0,19975500.0,0.0012976396085204376
2002-07-30,15.8,15.89,15.75,15.87,28017.0,409908.0,19975500.0,0.001402568145978824
2002-07-31,16.1,16.17,15.91,15.96,40159.0,594637.0,19975500.0,0.0020104127556256415
2002-08-01,16.0,16.52,15.83,16.44,364309.0,5496504.0,19975500.0,0.018237791294335563
2002-08-02,16.44,16.54,16.31,16.38,185702.0,2816148.0,19975500.0,0.009296488198042602
2002-08-05,16.44,16.97,16.4,16.75,595586.0,9214533.0,19975500.0,0.02981582438487147
2002-08-06,16.78,16.82,16.56,16.82,343116.0,5311779.0,19975500.0,0.01717684163099797
2002-08-07,16.86,16.86,16.45,16.46,213883.0,3274647.0,19975500.0,0.010707266401341644
2002-08-08,16.83,16.83,16.35,16.42,129200.0,1979227.0,19975500.0,0.006467923205927261
2002-08-09,16.32,16.32,15.97,15.99,145000.0,2153919.0,19975500.0,0.007258892142875022
2002-08-12,15.96,15.96,15.8,15.82,132239.0,1936725.0,19975500.0,0.006620059572976897
2002-08-13,15.83,16.0,15.83,15.92,24600.0,361729.0,19975500.0,0.00123150859803259
2002-08-14,15.92,16.25,15.92,16.25,66276.0,987986.0,19975500.0,0.003317864383870241
2002-08-15,16.33,16.33,16.13,16.19,82864.0,1243459.0,19975500.0,0.004148281645015144
2002-08-16,16.31,16.78,16.13,16.57,218724.0,3335317.0,19975500.0,0.010949613276263422
2002-08-19,16.62,16.72,16.45,16.46,108589.0,1664019.0,19975500.0,0.005436109233811419
2002-08-20,16.35,16.83,16.35,16.7,220934.0,3409710.0,19975500.0,0.011060248804785863
2002-08-21,16.7,16.81,16.49,16.78,177350.0,2734075.0,19975500.0,0.008878376010613
2002-08-22,16.78,17.62,16.78,17.14,983629.0,15738740.0,19975500.0,0.04924177116968286
2002-08-23,17.13,17.27,16.84,17.13,315866.0,4964743.0,19975500.0,0.0158126705213887
2002-08-26,17.12,18.05,17.1,17.77,1203069.0,19758603.0,19975500.0,0.06022722835473455
2002-08-27,17.75,18.51,17.64,18.13,1490433.0,25071229.0,19975500.0,0.07461305098745964
2002-08-28,18.14,18.24,17.84,17.99,520981.0,8632961.0,19975500.0,0.02608099922404946
2002-08-29,17.92,18.07,17.45,17.53,789218.0,12868297.0,19975500.0,0.03950929889114165
2002-08-30,17.43,17.85,17.43,17.65,297434.0,4858033.0,19975500.0,0.014889940176716477
2002-09-02,17.67,17.78,17.59,17.68,133397.0,2181621.0,19975500.0,0.00667803058746965
2002-09-03,17.71,17.83,17.54,17.68,180550.0,2943306.0,19975500.0,0.009038572251007484
2002-09-04,17.73,17.75,17.54,17.62,165970.0,2701924.0,19975500.0,0.00830867813071012
2002-09-05,17.37,17.37,16.72,16.83,389329.0,6108659.0,19975500.0,0.019490325648919928
2002-09-06,16.76,16.95,16.7,16.91,128677.0,2000993.0,19975500.0,0.0064417411328877875
2002-09-09,16.91,16.91,16.42,16.55,103790.0,1587808.0,19975500.0,0.005195864934544817
2002-09-10,16.58,16.84,16.58,16.71,55528.0,858093.0,19975500.0,0.0027798052614452706
2002-09-11,16.56,16.87,16.54,16.82,93336.0,1430787.0,19975500.0,0.00467252384170609
2002-09-12,16.82,17.04,16.82,16.92,93380.0,1463116.0,19975500.0,0.004674726540011514
2002-09-13,16.99,16.99,16.78,16.84,33250.0,517532.0,19975500.0,0.0016645390603489275
2002-09-16,16.94,16.94,16.51,16.52,69900.0,1070234.0,19975500.0,0.003499286626116993
2002-09-17,16.61,16.88,16.34,16.67,64180.0,979851.0,19975500.0,0.0032129358464118543
2002-09-18,16.42,16.67,16.41,16.52,31800.0,485767.0,19975500.0,0.0015919501389201772
2002-09-19,16.41,17.06,16.41,17.0,238305.0,3687258.0,19975500.0,0.01192986408350229
2002-09-20,16.98,16.98,16.67,16.69,39720.0,616425.0,19975500.0,0.001988435833896523
2002-09-23,16.84,17.41,16.83,17.3,391695.0,6210689.0,19975500.0,0.019608770744161598
2002-09-24,17.31,17.53,17.2,17.41,334276.0,5359613.0,19975500.0,0.016734299516908212
2002-09-25,17.37,17.41,17.1,17.24,117039.0,1861259.0,19975500.0,0.0058591274311031016
2002-09-26,17.32,17.32,16.86,16.92,110237.0,1735507.0,19975500.0,0.005518610297614578
2002-09-27,16.84,17.1,16.66,16.73,63800.0,991654.0,19975500.0,0.0031939125428650096
2002-10-08,16.76,16.76,16.36,16.43,54670.0,831764.0,19975500.0,0.0027368526444894997
2002-10-09,16.43,16.65,15.91,16.04,82700.0,1234275.0,19975500.0,0.004140071587694926
2002-10-10,16.02,16.22,16.02,16.1,68886.0,1022578.0,19975500.0,0.0034485244424419916
2002-10-11,16.32,16.32,16.02,16.02,37100.0,552882.0,19975500.0,0.0018572751620735402
2002-10-14,15.8,15.96,15.35,15.91,141029.0,2026933.0,19975500.0,0.007060098620810493
2002-10-15,15.89,16.0,15.78,15.89,51609.0,756166.0,19975500.0,0.0025836149282871517
2002-10-16,15.91,16.45,15.91,16.21,65826.0,986634.0,19975500.0,0.0032953367875647667
2002-10-17,16.02,16.28,15.8,15.83,41280.0,609675.0,19975500.0,0.002066531501088834
2002-10-18,15.91,16.18,15.69,16.1,38827.0,570386.0,19975500.0,0.0019437310705614377
2002-10-21,16.02,16.23,15.8,16.2,48350.0,713507.0,19975500.0,0.002420465069710395
2002-10-22,16.02,16.56,16.02,16.34,91939.0,1388882.0,19975500.0,0.004602588170508873
2002-10-23,16.34,16.34,15.99,16.29,153328.0,2281396.0,19975500.0,0.0076758028585016645
2002-10-24,16.03,16.53,16.03,16.35,106950.0,1600151.0,19975500.0,0.00535405872193437
2002-10-25,16.35,16.4,16.07,16.12,42020.0,628586.0,19975500.0,0.002103576881680058
2002-10-28,16.02,16.02,15.76,16.02,48456.0,708359.0,19975500.0,0.0024257715701734624
2002-10-29,15.8,16.18,15.8,16.07,28042.0,413904.0,19975500.0,0.0014038196791069059
2002-10-30,16.1,16.1,15.8,15.95,13140.0,192766.0,19975500.0,0.0006578058121198468
2002-10-31,16.07,16.07,15.8,15.92,27340.0,401027.0,19975500.0,0.0013686766288703662
2002-11-01,16.06,17.09,15.91,16.25,62020.0,930822.0,19975500.0,0.0031048033841455784
2002-11-04,16.23,16.45,16.23,16.34,60631.0,914251.0,19975500.0,0.0030352682035493478
2002-11-05,16.56,16.67,16.26,16.65,150401.0,2289877.0,19975500.0,0.0075292733598658354
2002-11-06,16.6,16.61,16.4,16.51,65631.0,997295.0,19975500.0,0.003285574829165728
2002-11-07,16.48,16.48,16.3,16.34,54113.0,818596.0,19975500.0,0.002708968486395835
2002-11-08,16.45,16.46,15.91,16.18,72300.0,1080051.0,19975500.0,0.003619433806412856
2002-11-11,16.1,16.1,15.8,15.84,60896.0,893031.0,19975500.0,0.0030485344547070163
2002-11-12,16.02,16.02,15.42,15.49,72474.0,1042128.0,19975500.0,0.0036281444769843056
2002-11-13,15.48,15.56,15.02,15.54,83001.0,1168138.0,19975500.0,0.004155140046557032
2002-11-14,15.48,15.48,15.08,15.1,32000.0,450391.0,19975500.0,0.0016019624039448324
2002-11-15,15.02,15.39,15.02,15.18,49701.0,697256.0,19975500.0,0.0024880979199519413
2002-11-18,15.1,15.15,14.72,14.9,63300.0,871529.0,19975500.0,0.0031688818803033716
2002-11-19,14.9,14.91,14.61,14.83,63813.0,870073.0,19975500.0,0.003194563340091612
2002-11-20,14.83,14.83,14.43,14.54,50750.0,684664.0,19975500.0,0.0025406122500062577
2002-11-21,14.54,14.72,13.86,13.86,66000.0,865932.0,19975500.0,0.003304047458136217
2002-11-22,13.94,14.44,13.75,13.97,64136.0,827347.0,19975500.0,0.0032107331481064302
2002-11-25,13.97,14.16,13.65,14.16,46614.0,604662.0,19975500.0,0.002333558609296388
2002-11-26,14.23,14.23,13.85,13.85,31250.0,402940.0,19975500.0,0.0015644164101023753
2002-11-27,13.65,13.85,13.65,13.79,68171.0,866034.0,19975500.0,0.0034127305949788493
2002-11-28,13.82,14.22,13.78,14.07,69800.0,902747.0,19975500.0,0.0034942804936046656
2002-11-29,14.2,14.67,14.07,14.41,134813.0,1792047.0,19975500.0,0.006748917423844209
2002-12-02,14.29,14.34,13.8,13.84,43100.0,559950.0,19975500.0,0.002157643112813196
2002-12-03,13.84,14.17,13.75,14.05,45732.0,591450.0,19975500.0,0.0022894045205376586
2002-12-04,14.07,14.26,13.98,14.17,44650.0,584398.0,19975500.0,0.002235238166754274
2002-12-05,13.96,14.45,13.96,14.09,76311.0,1005642.0,19975500.0,0.003820229781482316
2002-12-06,13.96,14.22,13.91,14.03,38379.0,498025.0,19975500.0,0.00192130359690621
2002-12-09,13.91,14.06,13.91,14.02,22800.0,294345.0,19975500.0,0.0011413982128106932
2002-12-10,14.2,14.2,13.91,13.91,29300.0,378118.0,19975500.0,0.0014667968261119872
2002-12-11,13.85,13.91,13.77,13.84,37100.0,473877.0,19975500.0,0.0018572751620735402
2002-12-12,14.03,14.08,13.82,13.84,60300.0,776854.0,19975500.0,0.0030186979049335438
2002-12-13,13.77,14.06,13.77,14.01,27877.0,359028.0,19975500.0,0.0013955595604615654
2002-12-16,14.07,14.17,13.86,14.02,48680.0,630951.0,19975500.0,0.0024369853070010765
2002-12-17,14.04,14.61,13.91,14.6,697931.0,9187449.0,19975500.0,0.034939350704613154
2002-12-18,14.54,14.56,14.28,14.39,307310.0,4091101.0,19975500.0,0.015384345823633952
2002-12-19,14.35,14.58,14.24,14.29,98921.0,1310422.0,19975500.0,0.004952116342519587
2002-12-20,14.29,14.45,14.15,14.44,122309.0,1612118.0,19975500.0,0.006122950614502766
2002-12-23,14.44,14.5,14.29,14.33,92147.0,1225560.0,19975500.0,0.0046130009261345145
2002-12-24,14.2,14.37,14.2,14.29,47381.0,624171.0,19975500.0,0.0023719556456659407
2002-12-25,14.24,14.38,14.2,14.21,63046.0,831343.0,19975500.0,0.0031561663037220594
2002-12-26,14.24,14.24,13.75,13.83,137771.0,1770234.0,19975500.0,0.00689699882355886
2002-12-27,13.75,13.85,13.65,13.78,78544.0,996957.0,19975500.0,0.003932016720482591
2002-12-30,13.69,13.69,13.33,13.34,79012.0,983674.0,19975500.0,0.003955445420640284
2002-12-31,13.34,13.53,13.23,13.23,54000.0,665728.0,19975500.0,0.0027033115566569045
2003-01-02,13.2,13.29,13.0,13.02,66340.0,801663.0,19975500.0,0.0033210683086781307
2003-01-03,12.94,13.1,12.85,12.9,91892.0,1098619.0,19975500.0,0.00460023528822808
2003-01-06,12.9,13.2,12.85,13.15,44900.0,540383.0,19975500.0,0.002247753498035093
2003-01-07,13.15,13.26,12.97,13.12,34567.0,420146.0,19975500.0,0.001730469825536282
2003-01-08,13.01,13.4,13.01,13.38,52844.0,647680.0,19975500.0,0.0026454406648143977
2003-01-09,13.38,13.64,13.31,13.63,99552.0,1242750.0,19975500.0,0.004983705038672374
2003-01-10,13.69,13.75,13.37,13.37,115991.0,1461721.0,19975500.0,0.005806663162373908
2003-01-13,13.31,13.6,13.31,13.56,90293.0,1128243.0,19975500.0,0.0045201872293559615
2003-01-14,13.42,14.28,13.42,14.06,195014.0,2514189.0,19975500.0,0.009762659257590548
2003-01-15,14.19,14.29,13.89,13.9,139810.0,1817350.0,19975500.0,0.00699907386548522
2003-01-16,13.9,14.17,13.77,14.16,102150.0,1320795.0,19975500.0,0.005113764361342645
2003-01-17,14.12,14.16,13.97,14.08,156448.0,2034374.0,19975500.0,0.007831994192886285
2003-01-20,13.92,15.14,13.81,14.32,127002.0,1667526.0,19975500.0,0.0063578884133063005
2003-01-21,14.45,14.45,13.96,13.96,121400.0,1590128.0,19975500.0,0.006077444869965708
2003-01-22,13.85,14.08,13.85,13.99,57683.0,744653.0,19975500.0,0.0028876874170859304
2003-01-23,14.03,14.25,13.86,13.96,79801.0,1034947.0,19975500.0,0.003994943806162549
2003-01-24,13.73,14.08,13.73,13.99,56300.0,727482.0,19975500.0,0.0028184526044404395
2003-01-27,14.02,14.45,13.96,14.23,144696.0,1900958.0,19975500.0,0.007243673500037546
2003-01-28,14.13,14.29,14.13,14.18,56623.0,742871.0,19975500.0,0.0028346224124552576
2003-01-29,14.13,14.26,14.13,14.2,76110.0,999752.0,19975500.0,0.0038101674551325373
2003-02-10,14.34,14.35,14.02,14.02,55380.0,724741.0,19975500.0,0.0027723961853270257
2003-02-11,13.85,14.17,13.85,14.13,38000.0,493165.0,19975500.0,0.0019023303546844884
2003-02-12,14.15,14.29,14.03,14.23,71527.0,934579.0,19975500.0,0.0035807364020925634
2003-02-13,14.23,14.59,14.21,14.32,166920.0,2218784.0,19975500.0,0.008356236389577233
2003-02-14,14.16,14.34,14.16,14.24,89180.0,1175479.0,19975500.0,0.004464468974493755
2003-02-17,15.57,15.57,14.43,14.56,348399.0,4747415.0,19975500.0,0.01744131561162424
2003-02-18,14.56,14.56,14.34,14.41,68157.0,907661.0,19975500.0,0.0034120297364271233
2003-02-19,14.43,14.6,14.34,14.58,68680.0,914889.0,19975500.0,0.0034382118094665967
2003-02-20,14.56,14.56,14.37,14.39,97600.0,1301909.0,19975500.0,0.004885985332031739
2003-02-21,14.3,14.34,13.96,13.98,148922.0,1941263.0,19975500.0,0.0074552326600085105
2003-02-24,13.96,14.05,13.85,13.97,78299.0,1011965.0,19975500.0,0.003919751695827389
2003-02-25,14.08,14.34,14.08,14.34,106277.0,1398258.0,19975500.0,0.005320367450126405
2003-02-26,14.22,14.38,14.2,14.38,48145.0,635020.0,19975500.0,0.0024102024980601237
2003-02-27,14.23,14.49,14.23,14.45,61220.0,812599.0,19975500.0,0.0030647543240469575
2003-02-28,14.43,14.44,14.26,14.37,30605.0,405301.0,19975500.0,0.0015321268553978623
2003-03-03,14.37,14.49,14.31,14.45,53882.0,717659.0,19975500.0,0.002697404320292358
2003-03-04,14.45,14.99,14.42,14.67,257942.0,3507002.0,19975500.0,0.012912918324948062
2003-03-05,14.67,14.67,14.37,14.47,87384.0,1168929.0,19975500.0,0.004374558834572351
2003-03-06,14.46,14.58,14.22,14.23,68500.0,908949.0,19975500.0,0.0034292007709444067
2003-03-07,14.08,14.48,13.85,14.21,122570.0,1602134.0,19975500.0,0.006136016620359941
2003-03-10,14.17,14.2,13.94,13.96,67880.0,878069.0,19975500.0,0.003398162749367976
2003-03-11,13.96,14.03,13.86,13.95,37500.0,482641.0,19975500.0,0.0018772996921228506
2003-03-12,13.91,14.05,13.82,13.94,52551.0,673893.0,19975500.0,0.0026307726965532777
2003-03-13,13.85,14.07,13.82,13.91,38366.0,492259.0,19975500.0,0.0019206527996796076
2003-03-14,13.83,13.97,13.83,13.85,29500.0,379241.0,19975500.0,0.0014768090911366424
2003-03-17,13.83,13.86,13.62,13.72,69569.0,882794.0,19975500.0,0.0034827163275011888
2003-03-18,13.72,14.02,13.71,13.71,30200.0,385057.0,19975500.0,0.0015118520187229357
2003-03-19,13.71,13.83,13.59,13.69,39400.0,499564.0,19975500.0,0.001972416209857075
2003-03-20,13.69,13.69,13.47,13.51,40850.0,511947.0,19975500.0,0.002045005131285825
2003-03-21,13.67,13.77,13.46,13.69,34000.0,428879.0,19975500.0,0.0017020850541913846
2003-03-24,13.58,13.75,13.58,13.72,10600.0,134120.0,19975500.0,0.0005306500463067257
2003-03-25,13.69,13.7,13.55,13.66,21600.0,272345.0,19975500.0,0.0010813246226627619
2003-03-26,13.66,13.75,13.54,13.65,18948.0,238843.0,19975500.0,0.0009485619884358339
2003-03-27,13.65,14.05,13.65,13.96,49092.0,628474.0,19975500.0,0.002457610572951866
2003-03-28,13.91,13.91,13.75,13.77,120069.0,1531252.0,19975500.0,0.006010813246226628
2003-03-31,13.69,13.83,13.69,13.82,29735.0,379158.0,19975500.0,0.0014885735025406122
2003-04-01,13.82,14.05,13.78,13.99,92005.0,1179141.0,19975500.0,0.004605892217967009
2003-04-02,13.85,13.94,13.64,13.85,47300.0,603487.0,19975500.0,0.0023679006783309552
2003-04-03,13.84,13.84,13.77,13.78,26900.0,342881.0,19975500.0,0.0013466496458161246
2003-04-04,13.75,13.75,13.59,13.69,68255.0,861001.0,19975500.0,0.0034169357462892043
2003-04-07,13.59,14.06,13.34,13.83,108641.0,1363770.0,19975500.0,0.0054387124227178296
2003-04-08,14.56,14.56,13.49,13.67,92482.0,1194169.0,19975500.0,0.004629771470050812
2003-04-09,13.63,13.63,13.39,13.53,112233.0,1397038.0,19975500.0,0.005618532702560637
2003-04-10,13.54,13.72,13.31,13.62,193283.0,2394018.0,19975500.0,0.009676003103802157
2003-04-11,13.64,13.8,13.45,13.69,135537.0,1697668.0,19975500.0,0.006785161823233461
2003-04-14,13.69,14.01,13.69,13.94,182306.0,2338052.0,19975500.0,0.009126479937923957
2003-04-15,14.06,14.07,13.89,14.05,241144.0,3115754.0,19975500.0,0.012071988185527271
2003-04-16,14.02,14.39,13.73,13.77,210763.0,2740268.0,19975500.0,0.010551075066957022
2003-04-17,13.65,13.96,13.54,13.68,136971.0,1731210.0,19975500.0,0.006856949763460239
2003-04-18,13.75,13.85,13.64,13.71,160712.0,2037813.0,19975500.0,0.008045455683211935
2003-04-21,13.66,13.7,13.44,13.55,93200.0,1168648.0,19975500.0,0.004665715501489324
2003-04-22,13.55,13.55,13.38,13.49,48180.0,599921.0,19975500.0,0.0024119546444394385
2003-04-23,13.51,13.51,13.31,13.31,91000.0,1122844.0,19975500.0,0.0045555805862181175
2003-04-24,13.2,13.31,12.97,13.01,156391.0,1896334.0,19975500.0,0.00782914069735426
2003-04-25,13.1,13.24,12.89,12.89,47100.0,566262.0,19975500.0,0.0023578884133063
2003-04-28,12.88,12.97,12.53,12.88,88900.0,1046752.0,19975500.0,0.004450451803459238
2003-04-29,12.88,13.28,12.75,12.9,84584.0,1011076.0,19975500.0,0.004234387124227178
2003-04-30,13.1,13.1,12.45,12.58,70598.0,825709.0,19975500.0,0.00353422943105304
2003-05-13,12.59,12.59,11.49,11.7,130057.0,1417835.0,19975500.0,0.006510825761557908
2003-05-14,11.39,11.88,11.39,11.83,69257.0,749905.0,19975500.0,0.003467097194062727
2003-05-15,11.83,12.28,11.62,12.11,120928.0,1322092.0,19975500.0,0.0060538159245075215
2003-05-16,12.09,12.34,11.96,12.01,56500.0,632852.0,19975500.0,0.0028284648694650947
2003-05-19,11.96,12.23,11.96,12.18,93531.0,1044146.0,19975500.0,0.004682285800105128
2003-05-20,12.02,12.07,11.88,11.91,51100.0,564516.0,19975500.0,0.0025581337137994043
2003-05-21,12.23,12.23,11.91,11.96,47523.0,526033.0,19975500.0,0.002379064353833446
2003-05-22,11.96,12.12,11.92,12.08,34700.0,385190.0,19975500.0,0.0017371279817776776
2003-05-23,12.11,12.11,11.92,12.05,177365.0,1962693.0,19975500.0,0.00887912693048985
2003-05-26,12.18,12.21,12.01,12.07,61568.0,687054.0,19975500.0,0.0030821756651898576
2003-05-27,12.08,12.08,11.82,12.0,53199.0,588160.0,19975500.0,0.0026632124352331606
2003-05-28,12.11,12.39,12.02,12.34,188915.0,2140761.0,19975500.0,0.009457335235663687
2003-05-29,12.18,12.42,12.18,12.32,93057.0,1055282.0,19975500.0,0.004658556731996696
2003-05-30,12.29,12.66,12.25,12.46,142379.0,1642978.0,19975500.0,0.007127681409726916
2003-06-02,12.5,12.8,12.45,12.75,164613.0,1924561.0,19975500.0,0.008240744912517835
2003-06-03,12.64,12.72,12.45,12.5,110846.0,1287914.0,19975500.0,0.005549097644614653
2003-06-04,12.33,12.51,12.28,12.37,57791.0,660986.0,19975500.0,0.0028930940401992442
2003-06-05,12.34,12.44,12.23,12.23,45500.0,516763.0,19975500.0,0.0022777902931090587
2003-06-06,12.23,12.23,12.02,12.12,39241.0,439591.0,19975500.0,0.001964456459162474
2003-06-09,12.08,12.21,11.98,12.01,23000.0,255818.0,19975500.0,0.0011514104778353484
2003-06-10,11.99,12.08,11.96,12.08,65450.0,726295.0,19975500.0,0.003276513729318415
2003-06-11,12.08,12.36,12.08,12.34,77049.0,872264.0,19975500.0,0.0038571750394232936
2003-06-12,12.23,12.64,12.23,12.46,68899.0,790415.0,19975500.0,0.003449175239668594
2003-06-13,12.48,12.49,12.29,12.35,48000.0,550455.0,19975500.0,0.0024029436059172485
2003-06-16,12.42,12.47,12.24,12.29,49207.0,560283.0,19975500.0,0.0024633676253410426
2003-06-17,12.35,12.52,12.26,12.49,70950.0,811267.0,19975500.0,0.003551851017496433
2003-06-18,12.83,12.83,12.47,12.6,97168.0,1129476.0,19975500.0,0.004864358839578484
2003-06-19,12.5,12.53,12.23,12.34,62909.0,715882.0,19975500.0,0.003149307902180171
2003-06-20,12.32,12.38,12.23,12.34,29150.0,331605.0,19975500.0,0.0014592876273434958
2003-06-23,11.65,12.46,11.65,12.12,47500.0,530015.0,19975500.0,0.0023779129433556105
2003-06-24,12.1,12.17,11.99,12.11,21500.0,239796.0,19975500.0,0.0010763184901504343
2003-06-25,12.02,12.54,12.01,12.17,84700.0,967292.0,19975500.0,0.004240194237941478
2003-06-26,12.14,12.27,12.07,12.12,45260.0,507276.0,19975500.0,0.002265775575079472
2003-06-27,12.13,12.13,11.96,12.0,34000.0,378040.0,19975500.0,0.0017020850541913846
2003-06-30,11.95,12.06,11.81,11.85,28205.0,310089.0,19975500.0,0.001411979675102
2003-07-01,11.86,11.99,11.8,11.85,33500.0,368460.0,19975500.0,0.0016770543916297465
2003-07-02,11.69,11.88,11.69,11.85,15700.0,171274.0,19975500.0,0.0007859628044354334
2003-07-03,12.31,12.31,11.8,12.17,24800.0,271354.0,19975500.0,0.0012415208630572451
2003-07-04,12.03,12.17,11.86,11.91,18900.0,208182.0,19975500.0,0.0009461590448299166
2003-07-07,11.88,12.02,11.82,11.86,20615.0,224262.0,19975500.0,0.001032014217416335
2003-07-08,12.19,12.2,11.82,12.07,21101.0,232531.0,19975500.0,0.0010563440214262471
2003-07-09,11.98,11.98,11.51,11.74,61300.0,656731.0,19975500.0,0.0030687592300568194
2003-07-10,11.67,11.87,11.59,11.85,97889.0,1050267.0,19975500.0,0.004900453054992366
2003-07-11,11.85,11.85,11.63,11.69,61171.0,655032.0,19975500.0,0.003062301319115917
2003-07-14,11.63,11.69,11.47,11.51,81956.0,865490.0,19975500.0,0.004102825961803209
2003-07-15,11.47,11.58,11.47,11.52,75341.0,795392.0,19975500.0,0.003771670296112738
2003-07-16,11.58,11.63,11.52,11.58,28750.0,304406.0,19975500.0,0.0014392630972941854
2003-07-17,11.59,11.63,11.52,11.57,64600.0,684150.0,19975500.0,0.0032339616029636305
2003-07-18,11.58,11.58,11.2,11.25,112938.0,1170341.0,19975500.0,0.005653825936772546
2003-07-21,11.15,11.15,10.76,10.84,75912.0,758796.0,19975500.0,0.0038002553127581286
2003-07-22,10.87,11.01,10.84,10.88,53550.0,535128.0,19975500.0,0.0026807839603514307
2003-07-23,11.09,11.29,10.93,11.12,40661.0,411395.0,19975500.0,0.002035543540837526
2003-07-24,11.03,11.12,11.03,11.1,29400.0,297551.0,19975500.0,0.0014718029586243148
2003-07-25,11.14,11.14,10.87,10.88,22000.0,220090.0,19975500.0,0.0011013491527120723
2003-07-28,10.88,10.88,10.56,10.61,58100.0,564568.0,19975500.0,0.0029085629896623364
2003-07-29,10.58,10.72,10.57,10.7,41000.0,398974.0,19975500.0,0.0020525143300543164
2003-07-30,10.81,10.81,10.66,10.72,14109.0,138069.0,19975500.0,0.0007063152361643012
2003-07-31,10.41,10.7,10.41,10.64,43617.0,420391.0,19975500.0,0.00218352481790193
2003-08-01,10.63,10.67,10.4,10.51,28872.0,277253.0,19975500.0,0.001445370578959225
2003-08-04,10.69,10.76,10.43,10.75,73038.0,713499.0,19975500.0,0.0036563790643538334
2003-08-05,10.74,11.0,10.74,10.99,102490.0,1018060.0,19975500.0,0.005130785211884558
2003-08-06,11.85,11.85,11.06,11.11,160821.0,1662758.0,19975500.0,0.008050912367650372
2003-08-07,11.11,11.11,10.88,10.99,31907.0,320786.0,19975500.0,0.0015973067007083678
2003-08-08,10.99,10.99,10.7,10.75,72000.0,711242.0,19975500.0,0.003604415408875873
2003-08-11,10.54,10.77,10.54,10.75,20750.0,202606.0,19975500.0,0.0010387724963079772
2003-08-12,10.72,10.87,10.68,10.87,34400.0,341153.0,19975500.0,0.0017221095842406948
2003-08-13,10.88,10.88,10.65,10.76,43700.0,430184.0,19975500.0,0.002187679907887162
2003-08-14,10.7,10.77,10.56,10.63,35029.0,341831.0,19975500.0,0.0017535981577432355
2003-08-15,10.51,10.73,10.51,10.69,32230.0,312307.0,19975500.0,0.001613476508723186
2003-08-18,10.6,10.77,10.54,10.6,21000.0,205704.0,19975500.0,0.0010512878275887962
2003-08-19,10.76,10.78,10.69,10.74,12100.0,118885.0,19975500.0,0.0006057420339916397
2003-08-20,10.8,10.82,10.65,10.66,7600.0,74759.0,19975500.0,0.0003804660709368977
2003-08-21,10.7,10.7,10.57,10.68,15000.0,145937.0,19975500.0,0.0007509198768491402
2003-08-22,10.72,10.79,10.68,10.73,28950.0,284674.0,19975500.0,0.0014492753623188406
2003-08-25,10.62,10.69,10.57,10.57,15200.0,147527.0,19975500.0,0.0007609321418737955
2003-08-26,10.6,10.6,10.46,10.46,13700.0,131971.0,19975500.0,0.0006858401541888813
2003-08-27,10.39,10.75,10.39,10.57,18300.0,175795.0,19975500.0,0.0009161222497559511
2003-08-28,10.72,10.76,10.44,10.52,30100.0,291969.0,19975500.0,0.001506845886210608
2003-08-29,10.68,10.68,10.4,10.64,22300.0,214215.0,19975500.0,0.0011163675502490551
2003-09-01,10.35,10.87,10.35,10.81,70860.0,692671.0,19975500.0,0.0035473454982353383
2003-09-02,10.87,10.87,10.55,10.76,52490.0,511745.0,19975500.0,0.002627718955720758
2003-09-03,10.68,10.78,10.61,10.76,26519.0,259266.0,19975500.0,0.0013275762809441566
2003-09-04,10.85,10.92,10.7,10.8,54861.0,543843.0,19975500.0,0.0027464143575880455
2003-09-05,10.87,10.87,10.49,10.7,35700.0,349343.0,19975500.0,0.0017871893069009537
2003-09-08,10.51,10.68,10.51,10.65,9550.0,92449.0,19975500.0,0.0004780856549272859
2003-09-09,10.75,10.75,10.45,10.6,14260.0,137245.0,19975500.0,0.0007138744962579159
2003-09-10,10.51,10.63,10.49,10.62,10800.0,104315.0,19975500.0,0.0005406623113313809
2003-09-11,10.51,10.65,10.49,10.49,12600.0,121730.0,19975500.0,0.0006307726965532778
2003-09-12,10.43,10.65,10.4,10.52,13250.0,126739.0,19975500.0,0.0006633125578834072
2003-09-15,10.49,10.49,10.14,10.27,37500.0,354013.0,19975500.0,0.0018772996921228506
2003-09-16,10.14,10.21,10.05,10.16,50039.0,463357.0,19975500.0,0.0025050186478436085
2003-09-17,10.21,10.44,9.94,10.13,41800.0,389135.0,19975500.0,0.0020925633901529373
2003-09-18,10.15,10.15,9.94,10.07,22600.0,206503.0,19975500.0,0.001131385947786038
2003-09-19,10.04,10.16,9.94,10.11,48300.0,444244.0,19975500.0,0.0024179620034542313
2003-09-22,10.05,10.1,9.83,10.06,87100.0,789097.0,19975500.0,0.004360341418237341
2003-09-23,9.94,10.05,9.92,10.05,43740.0,400891.0,19975500.0,0.0021896823608920928
2003-09-24,10.13,10.16,9.95,10.14,48492.0,447459.0,19975500.0,0.0024275737778779003
2003-09-25,10.14,10.15,9.95,9.96,16100.0,147140.0,19975500.0,0.0008059873344847438
2003-09-26,9.96,10.09,9.89,9.99,14200.0,129243.0,19975500.0,0.0007108708167505194
2003-09-29,9.84,10.08,9.64,9.81,27100.0,242985.0,19975500.0,0.0013566619108407799
2003-09-30,10.01,10.01,9.78,9.86,25450.0,229429.0,19975500.0,0.0012740607243873746
2003-10-08,9.75,9.83,9.68,9.82,51040.0,454951.0,19975500.0,0.0025551300342920077
2003-10-09,10.02,10.02,9.71,9.82,23700.0,213773.0,19975500.0,0.0011864534054216414
2003-10-10,9.95,10.06,9.75,10.05,39090.0,354544.0,19975500.0,0.0019568971990688595
2003-10-13,10.13,10.16,9.95,9.95,54100.0,499926.0,19975500.0,0.002708317689169232
2003-10-14,10.01,10.01,9.83,9.97,31055.0,282017.0,19975500.0,0.0015546544517033366
2003-10-15,9.99,10.09,9.91,10.03,45642.0,418121.0,19975500.0,0.002284899001276564
2003-10-16,10.06,10.06,9.64,9.76,18800.0,168949.0,19975500.0,0.0009411529123175891
2003-10-17,9.7,9.9,9.6,9.84,30450.0,271188.0,19975500.0,0.0015243673500037547
2003-10-20,9.62,9.84,9.39,9.72,24600.0,214487.0,19975500.0,0.00123150859803259
2003-10-21,9.49,9.7,9.48,9.69,20100.0,177765.0,19975500.0,0.0010062326349778478
2003-10-22,9.68,9.89,9.54,9.85,72166.0,644008.0,19975500.0,0.003612725588846337
2003-10-23,9.83,9.98,9.64,9.71,28654.0,255647.0,19975500.0,0.001434457210082351
2003-10-24,9.89,9.89,9.45,9.5,34000.0,296498.0,19975500.0,0.0017020850541913846
2003-10-27,9.76,9.78,9.3,9.38,33924.0,291978.0,19975500.0,0.0016982803934820156
2003-10-28,9.38,9.42,9.08,9.2,37500.0,317052.0,19975500.0,0.0018772996921228506
2003-10-29,9.08,9.2,8.74,8.83,53842.0,436867.0,19975500.0,0.0026954018672874273
2003-10-30,8.83,8.95,8.69,8.74,47815.0,383553.0,19975500.0,0.0023936822607694428
2003-10-31,8.75,8.89,8.73,8.75,29791.0,239231.0,19975500.0,0.0014913769367475157
2003-11-03,8.76,8.84,8.64,8.8,42004.0,337489.0,19975500.0,0.0021027759004780856
2003-11-04,8.79,9.02,8.79,8.93,113090.0,925819.0,19975500.0,0.005661435258191285
2003-11-05,8.93,8.96,8.74,8.81,46340.0,375629.0,19975500.0,0.0023198418062126106
2003-11-06,8.84,8.9,8.45,8.59,68119.0,539758.0,19975500.0,0.003410127406072439
2003-11-07,8.41,8.47,8.08,8.28,85593.0,645045.0,19975500.0,0.004284899001276564
2003-11-10,8.2,8.47,8.2,8.42,33839.0,257358.0,19975500.0,0.001694025180846537
2003-11-11,8.72,8.72,8.41,8.57,61791.0,485734.0,19975500.0,0.003093339340692348
2003-11-12,8.2,8.54,8.2,8.21,30002.0,228557.0,19975500.0,0.001501939876348527
2003-11-13,8.36,8.37,7.97,8.31,65516.0,489664.0,19975500.0,0.0032798177767765515
2003-11-14,8.31,8.41,8.19,8.38,23702.0,180660.0,19975500.0,0.001186553528071888
2003-11-17,8.39,8.47,8.32,8.4,21800.0,167779.0,19975500.0,0.001091336887687417
2003-11-18,8.37,8.53,8.36,8.36,36030.0,278603.0,19975500.0,0.0018037095441916348
2003-11-19,8.19,8.45,8.04,8.42,59119.0,449100.0,19975500.0,0.0029595754799629547
2003-11-20,8.36,8.85,8.36,8.74,136430.0,1077595.0,19975500.0,0.006829866586568547
2003-11-21,8.79,8.93,8.62,8.68,169048.0,1353831.0,19975500.0,0.008462766889439564
2003-11-24,8.78,8.93,8.77,8.91,103450.0,838174.0,19975500.0,0.005178844084002904
2003-11-25,8.91,9.2,8.91,9.03,104427.0,864068.0,19975500.0,0.0052277539986483445
2003-11-26,9.03,9.12,8.93,9.04,123203.0,1019492.0,19975500.0,0.006167705439162975
2003-11-27,9.08,9.2,8.89,8.89,202708.0,1666428.0,19975500.0,0.010147831093089034
2003-11-28,8.89,9.08,8.79,8.96,33197.0,271785.0,19975500.0,0.0016618858101173938
2003-12-01,9.12,9.12,8.96,9.11,65290.0,541857.0,19975500.0,0.003268503917298691
2003-12-02,9.23,9.23,9.06,9.07,70848.0,591406.0,19975500.0,0.003546744762333859
2003-12-03,9.07,9.23,8.95,9.16,76500.0,638069.0,19975500.0,0.003829691371930615
2003-12-04,9.15,9.16,8.88,9.06,76547.0,631052.0,19975500.0,0.003832044254211409
2003-12-05,9.16,9.16,8.86,8.93,82900.0,678928.0,19975500.0,0.004150083852719581
2003-12-08,9.02,9.02,8.87,8.9,53193.0,434801.0,19975500.0,0.002662912067282421
2003-12-09,8.88,8.96,8.83,8.9,36186.0,293399.0,19975500.0,0.0018115191109108657
2003-12-10,8.89,9.03,8.86,9.0,59302.0,485410.0,19975500.0,0.0029687367024605143
2003-12-11,9.06,9.12,8.9,9.03,107151.0,884360.0,19975500.0,0.005364121048284148
2003-12-12,9.04,9.16,9.0,9.16,142262.0,1186509.0,19975500.0,0.007121824234687492
2003-12-15,9.16,9.32,9.12,9.32,164485.0,1396517.0,19975500.0,0.008234337062902055
2003-12-16,9.28,9.31,9.02,9.2,113311.0,945373.0,19975500.0,0.005672498811043528
2003-12-17,9.22,9.47,9.12,9.31,232787.0,1993833.0,19975500.0,0.011653625691472054
2003-12-18,9.18,9.26,9.04,9.15,114438.0,954656.0,19975500.0,0.00572891792445746
2003-12-19,9.16,9.25,8.54,8.56,154506.0,1257109.0,19975500.0,0.007734775099496884
2003-12-22,8.51,8.74,8.28,8.64,129704.0,1000778.0,19975500.0,0.006493154113789392
2003-12-23,8.71,8.72,8.5,8.63,104601.0,824568.0,19975500.0,0.005236464669219794
2003-12-24,8.51,8.69,8.51,8.62,88200.0,691111.0,19975500.0,0.0044154088758729445
2003-12-25,8.56,8.57,8.3,8.48,201703.0,1551115.0,19975500.0,0.010097519461340142
2003-12-26,8.48,8.49,8.36,8.47,110246.0,851017.0,19975500.0,0.005519060849540687
2003-12-29,8.49,8.49,8.36,8.38,66500.0,510764.0,19975500.0,0.003329078120697855
2003-12-30,8.44,8.45,8.13,8.18,568400.0,4279116.0,19975500.0,0.028454857200070086
2003-12-31,8.13,8.57,7.97,8.51,865007.0,6477379.0,19975500.0,0.04330339666090961
2004-01-02,8.19,8.96,8.19,8.84,1244802.0,9746852.0,19975500.0,0.06231643763610423
2004-01-05,8.84,8.84,8.49,8.6,653450.0,5147471.0,19975500.0,0.03271257290180471
2004-01-06,8.62,8.74,8.3,8.41,291130.0,2241394.0,19975500.0,0.014574353583139346
2004-01-07,8.41,8.45,8.21,8.41,270058.0,2050436.0,19975500.0,0.013519461340141673
2004-01-08,8.41,8.53,8.41,8.49,255258.0,1977566.0,19975500.0,0.01277855372831719
2004-01-09,8.52,8.8,8.44,8.56,284128.0,2237481.0,19975500.0,0.014223824184626166
2004-01-12,8.54,8.62,8.42,8.59,165985.0,1292253.0,19975500.0,0.008309429050586969
2004-01-13,8.67,8.68,8.52,8.64,233550.0,1840730.0,19975500.0,0.011691822482541112
2004-01-14,8.64,8.79,8.6,8.74,254420.0,2034424.0,19975500.0,0.012736602337863884
2004-01-15,8.71,9.01,8.71,8.93,398417.0,3232615.0,19975500.0,0.01994528297164026
2004-01-16,8.97,8.98,8.74,8.81,208818.0,1685906.0,19975500.0,0.01045370578959225
2004-01-29,8.81,9.1,8.81,9.06,237318.0,1942611.0,19975500.0,0.011880453555605616
2004-01-30,8.98,9.11,8.97,8.98,271100.0,2238352.0,19975500.0,0.013571625240920128
2004-02-02,9.01,9.44,9.01,9.32,391148.0,3307131.0,19975500.0,0.019581387199319168
2004-02-03,9.34,9.57,9.24,9.56,431915.0,3720827.0,19975500.0,0.02162223724061976
2004-02-04,9.56,9.71,9.51,9.67,330725.0,2907248.0,19975500.0,0.01655653175139546
2004-02-05,9.7,9.94,9.61,9.92,630322.0,5629054.0,19975500.0,0.03155475457435358
2004-02-06,9.94,10.08,9.72,9.83,562853.0,5131697.0,19975500.0,0.028177167029611275
2004-02-09,9.82,9.99,9.7,9.89,291723.0,2630154.0,19975500.0,0.014604039948937449
2004-02-10,9.9,10.47,9.9,10.1,543020.0,5071767.0,19975500.0,0.02718430076844134
2004-02-11,10.03,10.54,10.03,10.22,365194.0,3416214.0,19975500.0,0.01828209556706966
2004-02-12,10.25,10.45,10.11,10.17,320611.0,3019730.0,19975500.0,0.016050211509098647
2004-02-13,10.23,10.23,9.87,9.93,288717.0,2642068.0,19975500.0,0.014453555605616881
2004-02-16,9.96,10.21,9.94,10.18,162154.0,1501834.0,19975500.0,0.008117644114039698
2004-02-17,10.21,10.38,10.14,10.35,332370.0,3123262.0,19975500.0,0.016638882631223248
2004-02-18,10.38,10.54,10.27,10.39,312172.0,2964486.0,19975500.0,0.01562774398638332
2004-02-19,10.28,10.9,10.27,10.85,566949.0,5564405.0,19975500.0,0.02838221821731621
2004-02-20,10.81,11.52,10.81,11.44,736224.0,7567665.0,19975500.0,0.03685634902755876
2004-02-23,11.56,11.86,10.98,11.27,656428.0,6905131.0,19975500.0,0.032861655528021824
2004-02-24,10.98,11.31,10.77,11.28,538424.0,5427019.0,19975500.0,0.026954218918174764
2004-02-25,11.31,11.39,10.6,10.72,429179.0,4326876.0,19975500.0,0.021485269455082476
2004-02-26,10.57,10.57,10.17,10.27,413621.0,3897090.0,19975500.0,0.020706415358814546
2004-02-27,10.25,10.46,10.19,10.41,253017.0,2403200.0,19975500.0,0.012666366298715927
2004-03-01,10.49,10.5,10.21,10.47,154995.0,1471982.0,19975500.0,0.007759255087482165
2004-03-02,10.49,10.54,10.26,10.35,149000.0,1420354.0,19975500.0,0.007459137443368126
2004-03-03,10.35,10.64,10.3,10.4,203488.0,1948963.0,19975500.0,0.010186878926685189
2004-03-04,10.4,10.49,10.16,10.42,122738.0,1159541.0,19975500.0,0.006144426922980652
2004-03-05,10.42,10.43,10.29,10.29,205900.0,1948645.0,19975500.0,0.010307626842882531
2004-03-08,10.32,10.32,9.94,10.01,168400.0,1563627.0,19975500.0,0.00843032715075968
2004-03-09,9.94,10.05,9.67,9.73,201300.0,1816911.0,19975500.0,0.010077344747315461
2004-03-10,9.94,10.23,9.75,9.97,134547.0,1223712.0,19975500.0,0.006735601111361417
2004-03-11,9.96,10.57,9.43,10.22,314599.0,2881890.0,19975500.0,0.015749242822457512
2004-03-12,10.17,10.46,10.16,10.25,178325.0,1681774.0,19975500.0,0.008927185802608196
2004-03-15,10.26,10.53,10.1,10.53,290500.0,2762513.0,19975500.0,0.014542814948311682
2004-03-16,10.38,10.64,9.99,10.6,332348.0,3133372.0,19975500.0,0.016637781282070538
2004-03-17,10.58,10.69,10.37,10.6,341131.0,3311930.0,19975500.0,0.01707746990062827
2004-03-18,10.57,10.63,10.33,10.39,97959.0,941015.0,19975500.0,0.004903957347750995
2004-03-19,10.39,10.46,10.2,10.43,147679.0,1391981.0,19975500.0,0.007393006432880278
2004-03-22,10.29,10.49,10.29,10.38,162700.0,1543412.0,19975500.0,0.008144977597557007
2004-03-23,10.33,10.33,10.16,10.21,181453.0,1699555.0,19975500.0,0.009083777627593803
2004-03-24,10.21,10.27,10.16,10.23,120096.0,1122995.0,19975500.0,0.006012164902004956
2004-03-25,10.17,10.26,10.17,10.22,109420.0,1023401.0,19975500.0,0.005477710194988861
2004-03-26,10.33,10.79,10.21,10.79,683397.0,6652414.0,19975500.0,0.03421175940527146
2004-03-29,10.79,10.85,10.62,10.63,259526.0,2550071.0,19975500.0,0.012992215463943331
2004-03-30,10.62,10.79,10.57,10.79,255458.0,2500282.0,19975500.0,0.012788565993341845
2004-03-31,10.92,11.05,10.82,10.96,269104.0,2698458.0,19975500.0,0.013471702835974068
2004-04-01,10.96,10.98,10.79,10.86,227323.0,2256403.0,19975500.0,0.011380090610998473
2004-04-02,10.86,11.14,10.73,11.14,303990.0,3035694.0,19975500.0,0.015218142224224676
2004-04-05,11.03,11.16,10.87,11.12,244801.0,2468528.0,19975500.0,0.01225506245150309
2004-04-06,11.09,11.47,11.03,11.32,375678.0,3887698.0,19975500.0,0.018806938499662085
2004-04-07,11.34,11.52,11.09,11.14,203863.0,2088138.0,19975500.0,0.010205651923606418
2004-04-08,11.16,11.31,10.98,11.13,157918.0,1615420.0,19975500.0,0.007905584340817501
2004-04-09,11.09,11.25,10.6,10.65,283072.0,2816638.0,19975500.0,0.014170959425295988
2004-04-12,10.54,10.81,10.38,10.78,176291.0,1696421.0,19975500.0,0.008825361067307452
2004-04-13,10.73,10.73,10.44,10.49,259476.0,2517032.0,19975500.0,0.012989712397687167
2004-04-14,10.49,10.5,10.1,10.18,253085.0,2370599.0,19975500.0,0.01266977046882431
2004-04-15,10.26,10.43,10.06,10.2,103702.0,970564.0,19975500.0,0.005191459537933969
2004-04-16,10.16,10.34,9.86,10.05,112231.0,1036412.0,19975500.0,0.00561843257991039
2004-04-19,10.14,10.2,9.92,10.05,84891.0,783744.0,19975500.0,0.004249755951040024
2004-04-20,10.03,10.19,9.85,10.17,84050.0,766454.0,19975500.0,0.004207654376611349
2004-04-21,10.08,10.23,9.97,10.13,57111.0,530526.0,19975500.0,0.0028590523391154163
2004-04-22,10.13,10.21,9.97,10.16,39000.0,359942.0,19975500.0,0.0019523916798077645
2004-04-23,10.21,10.38,9.96,10.35,222377.0,2060704.0,19975500.0,0.01113248729693875
2004-04-26,10.25,10.45,10.07,10.09,177570.0,1679293.0,19975500.0,0.008889389502140122
2004-04-27,10.08,10.19,9.85,9.87,114699.0,1046786.0,19975500.0,0.005741983930314635
2004-04-28,9.83,9.96,9.61,9.79,90700.0,808783.0,19975500.0,0.004540562188681135
2004-04-29,9.93,9.93,9.5,9.5,82300.0,724005.0,19975500.0,0.004120047057645616
2004-04-30,9.8,9.8,9.54,9.57,56801.0,499991.0,19975500.0,0.002843533328327201
2004-05-10,9.7,9.78,9.39,9.49,39100.0,338270.0,19975500.0,0.0019573978123200923
2004-05-11,9.45,9.59,9.45,9.56,21802.0,189844.0,19975500.0,0.0010914370103376637
2004-05-12,9.46,9.89,9.2,9.85,136600.0,1215657.0,19975500.0,0.006838377011839503
2004-05-13,9.87,9.87,9.66,9.72,39901.0,354674.0,19975500.0,0.0019974969337438362
2004-05-14,9.75,9.75,9.47,9.54,22600.0,197785.0,19975500.0,0.001131385947786038
2004-05-17,9.6,9.6,9.39,9.4,23700.0,205400.0,19975500.0,0.0011864534054216414
2004-05-18,9.28,9.78,9.28,9.74,77453.0,683212.0,19975500.0,0.003877399814773097
2004-05-20,9.75,9.75,9.5,9.55,45000.0,395195.0,19975500.0,0.0022527596305474207
2004-05-21,9.63,9.81,9.45,9.72,32982.0,292602.0,19975500.0,0.0016511226252158896
2004-05-24,9.72,9.73,9.62,9.7,34500.0,306432.0,19975500.0,0.0017271157167530224
2004-05-25,9.64,9.7,9.39,9.39,62100.0,538465.0,19975500.0,0.0031088082901554403
2004-05-26,9.37,9.48,9.28,9.33,40800.0,348468.0,19975500.0,0.002042502065029661
2004-05-27,9.18,9.59,9.18,9.49,97927.0,838049.0,19975500.0,0.00490235538534705
2004-05-28,9.52,9.73,9.39,9.64,256448.0,2256176.0,19975500.0,0.012838126705213887
2004-05-31,9.67,9.72,9.26,9.56,138491.0,1214366.0,19975500.0,0.006933042977647619
2004-06-01,9.28,10.14,9.28,10.1,448318.0,4068055.0,19975500.0,0.022443393156616857
2004-06-02,10.19,10.27,9.96,10.16,361129.0,3342264.0,19975500.0,0.018078596280443542
2004-06-03,10.21,10.21,9.74,9.78,246500.0,2235788.0,19975500.0,0.012340116642887537
2004-06-04,9.68,10.13,9.68,9.98,410072.0,3728520.0,19975500.0,0.02052874771595204
2004-06-07,9.74,9.83,9.67,9.71,104100.0,931287.0,19975500.0,0.005211383945333033
2004-06-08,9.83,9.83,9.42,9.45,135546.0,1179926.0,19975500.0,0.006785612375159571
2004-06-09,9.45,9.5,9.23,9.24,80901.0,692171.0,19975500.0,0.004050011263798153
2004-06-10,9.12,9.24,9.01,9.09,95599.0,798215.0,19975500.0,0.004785812620460064
2004-06-11,9.12,9.36,9.04,9.07,69350.0,580592.0,19975500.0,0.0034717528972991914
2004-06-14,8.98,9.04,8.63,8.74,86038.0,694515.0,19975500.0,0.0043071762909564215
2004-06-15,8.74,9.18,8.63,9.08,379800.0,3104956.0,19975500.0,0.01901329128182023
2004-06-16,9.08,9.42,8.86,9.39,361188.0,3057919.0,19975500.0,0.018081549898625815
2004-06-17,9.27,9.34,9.09,9.18,122500.0,1036418.0,19975500.0,0.006132512327601311
2004-06-18,9.07,9.63,9.07,9.61,248937.0,2132242.0,19975500.0,0.012462116092212962
2004-06-21,9.7,10.57,9.7,10.57,478667.0,4570028.0,19975500.0,0.02396270431278316
2004-06-22,11.22,11.23,10.11,10.49,2400957.0,23109835.0,19975500.0,0.12019508898400541
2004-06-23,10.05,10.26,9.64,9.85,965679.0,8747510.0,19975500.0,0.04834317038372006
2004-06-24,9.83,10.09,9.73,9.89,494251.0,4494621.0,19975500.0,0.024742860003504293
2004-06-25,9.85,9.85,9.02,9.06,458176.0,3907436.0,19975500.0,0.022936897699682112
2004-06-28,9.07,9.15,8.74,8.76,278853.0,2256362.0,19975500.0,0.013959750694600885
2004-06-29,8.74,8.95,8.52,8.87,235615.0,1878717.0,19975500.0,0.011795199118920678
2004-06-30,8.62,8.93,8.61,8.69,131000.0,1046972.0,19975500.0,0.006558033591149158
2004-07-01,8.78,9.01,8.73,8.98,181959.0,1481720.0,19975500.0,0.00910910865810618
2004-07-02,9.11,9.11,8.79,8.86,113573.0,922129.0,19975500.0,0.0056856148782258266
2004-07-05,8.9,8.93,8.83,8.91,68400.0,554965.0,19975500.0,0.003424194638432079
2004-07-06,8.96,9.07,8.86,9.03,128543.0,1054542.0,19975500.0,0.006435032915321269
2004-07-07,9.01,9.01,8.81,8.83,75304.0,611366.0,19975500.0,0.0037698180270831767
2004-07-08,8.83,8.91,8.74,8.84,92008.0,739928.0,19975500.0,0.004606042401942379
2004-07-09,8.84,8.92,8.69,8.71,72700.0,584742.0,19975500.0,0.0036394583364621662
2004-07-12,8.71,8.9,8.31,8.38,174300.0,1346909.0,19975500.0,0.00872568896898701
2004-07-13,8.25,8.47,8.21,8.38,87400.0,664808.0,19975500.0,0.004375359815774324
2004-07-14,8.38,8.49,8.04,8.15,119237.0,890978.0,19975500.0,0.005969162223724062
2004-07-15,8.19,8.28,8.08,8.19,91582.0,684062.0,19975500.0,0.004584716277439864
2004-07-16,8.19,8.47,8.14,8.42,125191.0,953792.0,19975500.0,0.006267227353508048
2004-07-19,8.41,8.48,8.35,8.42,81717.0,629570.0,19975500.0,0.004090861305098746
2004-07-20,8.38,8.41,8.19,8.29,77240.0,586136.0,19975500.0,0.003866736752521839
2004-07-21,8.3,8.4,8.21,8.27,76400.0,580112.0,19975500.0,0.0038246852394182873
2004-07-22,8.2,8.3,8.09,8.12,120250.0,901520.0,19975500.0,0.006019874346073941
2004-07-23,8.07,8.19,8.07,8.14,52800.0,392596.0,19975500.0,0.0026432379665089737
2004-07-26,8.17,8.19,8.06,8.14,46550.0,346077.0,19975500.0,0.0023303546844884986
2004-07-27,8.1,8.19,8.04,8.1,64599.0,478555.0,19975500.0,0.0032339115416385074
2004-07-28,8.17,8.19,8.06,8.19,38307.0,285108.0,19975500.0,0.0019176991814973342
2004-07-29,8.16,8.37,8.09,8.36,56100.0,423818.0,19975500.0,0.0028084403394157843
2004-07-30,8.19,8.38,8.19,8.19,55500.0,420639.0,19975500.0,0.0027784035443418186
2004-08-02,8.14,8.25,8.14,8.2,27101.0,202399.0,19975500.0,0.0013567119721659031
2004-08-03,8.26,8.26,8.15,8.19,34910.0,262100.0,19975500.0,0.0017476408600535656
2004-08-04,8.25,8.57,8.24,8.41,118500.0,916203.0,19975500.0,0.005932267027108208
2004-08-05,8.38,8.47,8.28,8.3,68500.0,525802.0,19975500.0,0.0034292007709444067
2004-08-06,8.51,8.51,8.28,8.4,44631.0,341364.0,19975500.0,0.002234287001576932
2004-08-09,8.32,8.33,8.19,8.3,44550.0,337220.0,19975500.0,0.0022302320342419465
2004-08-10,8.29,8.38,8.08,8.37,134693.0,1016041.0,19975500.0,0.006742910064829416
2004-08-11,8.26,8.76,8.2,8.43,273161.0,2135399.0,19975500.0,0.0136748016319992
2004-08-12,8.25,8.27,8.08,8.14,101160.0,755779.0,19975500.0,0.005064203649470601
2004-08-13,8.14,8.28,8.07,8.13,70500.0,523813.0,19975500.0,0.003529323421190959
2004-08-16,8.07,8.17,7.65,7.66,112800.0,809225.0,19975500.0,0.005646917473905534
2004-08-17,7.59,7.82,7.48,7.71,69471.0,484392.0,19975500.0,0.0034778103176391077
2004-08-18,7.7,7.72,7.55,7.58,67644.0,471976.0,19975500.0,0.0033863482766388828
2004-08-19,7.42,7.58,7.38,7.38,41400.0,281807.0,19975500.0,0.002072538860103627
2004-08-20,7.39,7.51,7.23,7.47,44210.0,298119.0,19975500.0,0.0022132111837000327
2004-08-23,7.37,7.43,7.23,7.29,36200.0,243713.0,19975500.0,0.0018122199694625917
2004-08-24,7.34,7.61,7.29,7.54,54189.0,372337.0,19975500.0,0.002712773147105204
2004-08-25,7.41,7.51,7.41,7.46,24801.0,168753.0,19975500.0,0.0012415709243823684
2004-08-26,7.5,7.84,7.39,7.74,236218.0,1641472.0,19975500.0,0.011825386097970013
2004-08-27,7.65,7.91,7.65,7.89,161735.0,1148517.0,19975500.0,0.008096668418813046
2004-08-30,7.95,7.95,7.65,7.93,119700.0,857627.0,19975500.0,0.005992340617256139
2004-08-31,7.97,8.44,7.95,8.37,517052.0,3878189.0,19975500.0,0.02588430827764011
2004-09-01,8.33,8.47,7.77,8.2,353000.0,2632937.0,19975500.0,0.017671647768516433
2004-09-02,8.0,8.72,8.0,8.53,245377.0,1880505.0,19975500.0,0.012283897774774098
2004-09-03,8.19,8.42,7.95,8.05,773407.0,5757070.0,19975500.0,0.03871777927961753
2004-09-06,7.86,8.02,7.76,7.83,217549.0,1559190.0,19975500.0,0.010890791219243573
2004-09-07,7.81,7.86,7.7,7.76,110800.0,787612.0,19975500.0,0.005546794823658982
2004-09-08,7.85,7.85,7.68,7.8,71068.0,504739.0,19975500.0,0.00355775825386098
2004-09-09,7.67,7.79,7.48,7.53,96300.0,669783.0,19975500.0,0.00482090560937148
2004-09-10,7.46,7.59,7.46,7.57,54889.0,378194.0,19975500.0,0.002747816074691497
2004-09-13,7.48,7.56,7.26,7.36,61000.0,415919.0,19975500.0,0.0030537408325198366
2004-09-14,7.23,7.65,7.23,7.59,76250.0,529232.0,19975500.0,0.003817176040649796
2004-09-15,7.64,8.07,7.55,7.98,281583.0,2042711.0,19975500.0,0.014096418112187429
2004-09-16,7.86,8.14,7.86,8.03,206328.0,1520171.0,19975500.0,0.010329053090035293
2004-09-17,7.98,8.24,7.93,8.22,475682.0,3521043.0,19975500.0,0.02381327125729018
2004-09-20,8.22,8.55,8.12,8.54,529144.0,4061034.0,19975500.0,0.02648964982103076
2004-09-21,8.71,8.71,8.3,8.4,391652.0,3020661.0,19975500.0,0.019606618107181298
2004-09-22,8.3,8.52,8.14,8.15,288460.0,2177123.0,19975500.0,0.014440689845060199
2004-09-23,8.2,8.45,8.08,8.42,213080.0,1613466.0,19975500.0,0.010667067157267653
2004-09-24,8.47,8.63,8.19,8.2,366617.0,2836172.0,19975500.0,0.01835333283272008
2004-09-27,8.04,8.19,7.86,7.89,258480.0,1888505.0,19975500.0,0.012939851317864385
2004-09-28,8.03,8.03,7.77,7.85,95510.0,689311.0,19975500.0,0.004781357162524092
2004-09-29,7.85,7.96,7.78,7.84,116609.0,834871.0,19975500.0,0.005837601061300093
2004-09-30,7.67,7.67,7.32,7.33,357884.0,2428219.0,19975500.0,0.01791614728041851
2004-10-08,7.38,7.58,7.37,7.56,143656.0,985338.0,19975500.0,0.007191609721909339
2004-10-11,7.54,7.8,7.51,7.65,179321.0,1252508.0,19975500.0,0.008977046882430978
2004-10-12,7.66,7.7,7.47,7.47,85400.0,594340.0,19975500.0,0.0042752371655277715
2004-10-13,7.47,7.54,7.32,7.47,93860.0,638773.0,19975500.0,0.004698755976070687
2004-10-14,7.48,7.51,7.26,7.3,136290.0,919279.0,19975500.0,0.006822858001051288
2004-10-15,7.27,7.27,6.61,6.82,181671.0,1146601.0,19975500.0,0.009094690996470676
2004-10-18,6.82,6.88,6.67,6.79,72900.0,451753.0,19975500.0,0.0036494706014868214
2004-10-19,6.86,6.88,6.74,6.76,99120.0,616737.0,19975500.0,0.0049620785462191185
2004-10-20,6.72,6.72,6.43,6.49,142835.0,852304.0,19975500.0,0.007150509373983129
2004-10-21,6.51,6.53,6.09,6.13,226245.0,1289982.0,19975500.0,0.011326124502515581
2004-10-22,5.99,6.23,5.79,6.08,129900.0,720386.0,19975500.0,0.006502966133513554
2004-10-25,6.11,6.23,6.04,6.04,100009.0,559617.0,19975500.0,0.005006583064253711
2004-10-26,6.01,6.29,6.01,6.23,109696.0,617134.0,19975500.0,0.005491527120722885
2004-10-27,6.23,6.49,6.08,6.46,198057.0,1136877.0,19975500.0,0.009914995869940678
2004-10-28,6.47,6.51,6.23,6.34,169201.0,987308.0,19975500.0,0.008470426272183425
2004-10-29,6.2,6.3,6.03,6.14,99240.0,563538.0,19975500.0,0.004968085905233912
2004-11-01,6.15,6.36,6.06,6.36,173779.0,991339.0,19975500.0,0.008699607018597783
2004-11-02,6.32,6.44,6.27,6.36,140300.0,818900.0,19975500.0,0.0070236039147956245
2004-11-03,6.37,6.49,6.25,6.46,96000.0,561005.0,19975500.0,0.004805887211834497
2004-11-04,6.39,6.5,6.25,6.34,182702.0,1066806.0,19975500.0,0.009146304222672774
2004-11-05,6.38,6.5,6.32,6.49,134947.0,792016.0,19975500.0,0.006755625641410728
2004-11-08,6.41,6.51,6.35,6.36,60000.0,352148.0,19975500.0,0.003003679507396561
2004-11-09,6.36,6.71,6.29,6.42,410835.0,2467017.0,19975500.0,0.020566944507021102
2004-11-10,6.59,6.73,6.38,6.73,353791.0,2131415.0,19975500.0,0.017711246276688943
2004-11-11,6.9,7.41,6.9,7.41,1713076.0,11423137.0,19975500.0,0.08575885459688118
2004-11-12,7.37,7.38,6.91,7.23,764703.0,5019412.0,19975500.0,0.03828204550574454
2004-11-15,7.02,7.26,7.02,7.19,391122.0,2576822.0,19975500.0,0.01958008560486596
2004-11-16,7.17,7.21,7.02,7.06,160743.0,1043725.0,19975500.0,0.008047007584290757
2004-11-17,6.88,7.1,6.88,7.03,147000.0,939491.0,19975500.0,0.007359014793121574
2004-11-18,7.02,7.1,6.9,7.08,184038.0,1173708.0,19975500.0,0.009213186153037472
2004-11-19,7.21,7.67,7.19,7.27,391600.0,2634521.0,19975500.0,0.019604014918274886
2004-11-22,7.27,7.37,7.06,7.19,205169.0,1348207.0,19975500.0,0.010271032014217417
2004-11-23,7.19,7.29,7.17,7.24,185014.0,1223117.0,19975500.0,0.009262046006357789
2004-11-24,7.21,7.26,7.1,7.13,136898.0,898231.0,19975500.0,0.00685329528672624
2004-11-25,7.05,7.06,6.84,6.93,177814.0,1129164.0,19975500.0,0.008901604465470201
2004-11-26,6.93,7.11,6.93,6.99,87900.0,564299.0,19975500.0,0.004400390478335962
2004-11-29,6.8,6.99,6.8,6.82,77400.0,488093.0,19975500.0,0.0038747465645415633
2004-11-30,6.78,6.9,6.78,6.9,63390.0,399018.0,19975500.0,0.0031733873995644663
2004-12-01,6.9,6.9,6.79,6.83,85300.0,533195.0,19975500.0,0.004270231033015444
2004-12-02,6.8,6.95,6.74,6.93,142601.0,889045.0,19975500.0,0.007138795023904283
2004-12-03,7.18,7.18,6.88,7.07,151302.0,974913.0,19975500.0,0.007574378613801907
2004-12-06,6.95,7.11,6.95,7.05,33600.0,215837.0,19975500.0,0.0016820605241420741
2004-12-07,7.05,7.05,6.82,6.85,84072.0,532307.0,19975500.0,0.004208755725764061
2004-12-08,6.85,6.94,6.78,6.86,56798.0,357360.0,19975500.0,0.002843383144351831
2004-12-09,6.78,6.95,6.78,6.88,116900.0,737363.0,19975500.0,0.005852168906910966
2004-12-10,6.82,6.95,6.64,6.64,108400.0,668284.0,19975500.0,0.0054266476433631194
2004-12-13,6.65,6.66,6.5,6.56,63500.0,380848.0,19975500.0,0.0031788941453280268
2004-12-14,6.55,6.61,6.51,6.53,44900.0,269263.0,19975500.0,0.002247753498035093
2004-12-15,6.54,6.54,6.28,6.42,90171.0,528794.0,19975500.0,0.004514079747690921
2004-12-16,6.03,6.43,6.03,6.3,49500.0,287294.0,19975500.0,0.0024780355936021626
2004-12-17,6.2,6.34,6.19,6.31,60150.0,345412.0,19975500.0,0.0030111887061650524
2004-12-21,6.3,6.39,6.3,6.34,29030.0,168144.0,19975500.0,0.0014532802683287027
2004-12-22,6.35,6.48,6.27,6.46,57557.0,335567.0,19975500.0,0.0028813796901203973
2004-12-23,6.46,6.51,6.39,6.39,58200.0,342971.0,19975500.0,0.002913569122174664
2004-12-24,6.39,6.52,6.36,6.42,15400.0,90280.0,19975500.0,0.0007709444068984506
2004-12-27,6.37,6.37,6.09,6.32,31291.0,181481.0,19975500.0,0.0015664689244324298
2004-12-28,6.42,6.42,6.26,6.4,51300.0,297192.0,19975500.0,0.0025681459788240595
2004-12-29,7.03,7.03,6.43,6.52,214611.0,1314495.0,19975500.0,0.010743711046031388
2004-12-30,6.52,6.52,6.34,6.38,67498.0,396212.0,19975500.0,0.0033790393231708845
2004-12-31,6.36,6.5,6.01,6.23,97300.0,549864.0,19975500.0,0.004870966934494756
2005-01-04,6.24,6.24,5.91,6.12,48401.0,270539.0,19975500.0,0.0024230181972916824
2005-01-05,6.16,6.39,6.16,6.24,37901.0,217727.0,19975500.0,0.001897374283497284
2005-01-06,6.23,6.23,6.12,6.13,47927.0,269526.0,19975500.0,0.0023992891291832494
2005-01-07,6.24,6.24,6.14,6.17,25354.0,143749.0,19975500.0,0.00126925483717554
2005-01-10,6.18,6.26,6.15,6.25,37899.0,215966.0,19975500.0,0.0018972741608470375
2005-01-11,6.32,6.32,6.24,6.26,26590.0,152835.0,19975500.0,0.0013311306350279092
2005-01-12,6.26,6.32,6.2,6.26,19114.0,109370.0,19975500.0,0.0009568721684062977
2005-01-13,6.28,6.37,6.28,6.37,43300.0,251033.0,19975500.0,0.0021676553778378514
2005-01-14,6.29,6.37,6.17,6.32,45300.0,261178.0,19975500.0,0.0022677780280844035
2005-01-17,6.23,6.28,6.05,6.11,34372.0,194221.0,19975500.0,0.0017207078671372432
2005-01-18,6.09,6.23,6.07,6.18,55090.0,309273.0,19975500.0,0.0027578784010412758
2005-01-19,6.16,6.31,6.14,6.19,40700.0,232148.0,19975500.0,0.0020374959325173336
2005-01-20,6.14,6.23,6.06,6.08,55855.0,313645.0,19975500.0,0.002796175314760582
2005-01-21,6.17,6.24,6.04,6.23,72498.0,408398.0,19975500.0,0.0036293459487872644
2005-01-24,6.44,6.44,6.24,6.37,100101.0,577552.0,19975500.0,0.005011188706165052
2005-01-25,6.31,6.31,6.23,6.29,36198.0,207743.0,19975500.0,0.0018121198468123451
2005-01-26,6.44,6.44,6.23,6.28,55910.0,320969.0,19975500.0,0.002798928687642362
2005-01-27,6.34,6.34,6.14,6.15,27600.0,156682.0,19975500.0,0.001381692573402418
2005-01-28,6.26,6.26,5.92,5.93,52201.0,290179.0,19975500.0,0.002613251232760131
2005-01-31,5.93,5.93,5.66,5.68,91500.0,482372.0,19975500.0,0.0045806112487797555
2005-02-01,5.68,5.79,5.66,5.7,53208.0,278111.0,19975500.0,0.00266366298715927
2005-02-02,5.73,5.96,5.69,5.93,109808.0,585676.0,19975500.0,0.005497133989136692
2005-02-03,5.93,6.08,5.8,5.8,134186.0,732192.0,19975500.0,0.006717528972991915
2005-02-04,5.8,5.94,5.79,5.89,58500.0,314993.0,19975500.0,0.002928587519711647
2005-02-16,5.85,6.04,5.85,6.01,27060.0,148464.0,19975500.0,0.001354659457835849
2005-02-17,5.91,5.97,5.9,5.95,37001.0,201106.0,19975500.0,0.0018523190908863358
2005-02-18,5.93,6.05,5.9,5.92,38800.0,210575.0,19975500.0,0.0019423794147831093
2005-02-21,5.89,6.03,5.89,6.03,36775.0,201007.0,19975500.0,0.0018410052314084754
2005-02-22,6.03,6.2,6.0,6.15,90899.0,509189.0,19975500.0,0.004550524392380666
2005-02-23,6.75,6.75,6.22,6.3,318309.0,1876619.0,19975500.0,0.015934970338664863
2005-02-24,6.19,6.38,6.18,6.34,62102.0,358024.0,19975500.0,0.003108908412805687
2005-02-25,6.24,6.36,6.24,6.25,138615.0,801327.0,19975500.0,0.006939250581962904
2005-02-28,6.17,6.34,6.17,6.19,40862.0,234155.0,19975500.0,0.0020456058671873044
2005-03-01,6.2,6.29,6.16,6.28,91783.0,521570.0,19975500.0,0.004594778603789642
2005-03-02,6.25,6.31,6.18,6.22,61383.0,350988.0,19975500.0,0.0030729143200420514
2005-03-03,6.18,6.24,6.13,6.2,44006.0,249625.0,19975500.0,0.0022029986733748843
2005-03-04,6.22,6.28,6.09,6.11,77306.0,435943.0,19975500.0,0.0038700407999799754
2005-03-07,6.12,6.25,6.07,6.15,44268.0,247974.0,19975500.0,0.0022161147405571823
2005-03-08,6.19,6.24,6.09,6.24,61920.0,350591.0,19975500.0,0.0030997972516332508
2005-03-09,6.28,6.29,6.17,6.28,100464.0,574048.0,19975500.0,0.005029360967184801
2005-03-10,6.31,6.31,6.13,6.16,87699.0,498104.0,19975500.0,0.004390328151986183
2005-03-11,6.05,6.31,6.01,6.15,85402.0,483425.0,19975500.0,0.0042753372881780185
2005-03-14,6.15,6.2,6.03,6.03,84947.0,473137.0,19975500.0,0.004252559385246928
2005-03-15,6.04,6.08,5.9,5.91,37202.0,203400.0,19975500.0,0.0018623814172361143
2005-03-16,6.11,6.11,5.87,5.96,52301.0,285766.0,19975500.0,0.0026182573652724587
2005-03-17,5.85,5.96,5.77,5.81,63655.0,340375.0,19975500.0,0.003186653650722135
2005-03-18,5.79,5.89,5.68,5.68,70900.0,371923.0,19975500.0,0.0035493479512402693
2005-03-21,5.68,5.73,5.55,5.6,65705.0,340018.0,19975500.0,0.0032892793672248503
2005-03-22,5.79,5.79,5.44,5.47,101600.0,518513.0,19975500.0,0.005086230632524843
2005-03-23,5.35,5.47,5.09,5.31,97250.0,473046.0,19975500.0,0.004868463868238592
2005-03-24,5.35,5.48,5.3,5.36,94600.0,464075.0,19975500.0,0.0047358013566619105
2005-03-25,5.36,5.52,5.36,5.44,49834.0,246592.0,19975500.0,0.0024947560761933367
2005-03-28,5.43,5.43,5.2,5.3,70995.0,342053.0,19975500.0,0.0035541037771269807
2005-03-29,5.22,5.3,5.0,5.18,95100.0,453189.0,19975500.0,0.0047608320192235485
2005-03-30,5.13,5.54,5.05,5.45,411796.0,2014132.0,19975500.0,0.02061505344046457
2005-03-31,5.24,5.43,5.13,5.38,189621.0,921217.0,19975500.0,0.009492678531200721
2005-04-01,5.25,5.67,5.14,5.49,318753.0,1565185.0,19975500.0,0.015957197567019597
2005-04-04,5.45,5.45,5.29,5.29,127104.0,623479.0,19975500.0,0.006362994668468874
2005-04-05,5.33,5.33,5.24,5.32,43363.0,210130.0,19975500.0,0.0021708092413206177
2005-04-06,5.38,5.43,5.17,5.31,124512.0,598239.0,19975500.0,0.006233235713749343
2005-04-07,5.32,5.49,5.24,5.42,163478.0,810428.0,19975500.0,0.008183925308502916
2005-04-08,5.38,5.49,5.31,5.48,134581.0,667305.0,19975500.0,0.0067373031964156095
2005-04-11,5.44,5.66,5.43,5.61,253651.0,1286289.0,19975500.0,0.012698105178844085
2005-04-12,5.57,5.63,5.43,5.44,156000.0,789400.0,19975500.0,0.007809566719231058
2005-04-13,5.35,5.35,5.17,5.33,897297.0,4298220.0,19975500.0,0.0449198768491402
2005-04-14,5.31,5.32,5.07,5.11,359252.0,1710838.0,19975500.0,0.017984631173187153
2005-04-15,5.04,5.11,4.75,4.78,409700.0,1832628.0,19975500.0,0.02051012490300618
2005-04-18,4.77,4.77,4.42,4.49,407814.0,1697827.0,19975500.0,0.020415709243823684
2005-04-19,4.48,4.55,4.48,4.54,179281.0,739576.0,19975500.0,0.008975044429426047
2005-04-20,4.54,4.54,4.33,4.38,187800.0,765779.0,19975500.0,0.009401516858151234
2005-04-21,4.48,4.49,4.24,4.37,214709.0,851972.0,19975500.0,0.010748617055893469
2005-04-22,4.37,4.37,4.16,4.25,205370.0,796691.0,19975500.0,0.010281094340567195
2005-04-25,4.19,4.24,3.99,4.05,150600.0,563841.0,19975500.0,0.007539235563565367
2005-04-26,4.04,4.23,3.95,4.19,196823.0,747433.0,19975500.0,0.009853220194738554
2005-04-27,4.16,4.21,4.04,4.06,166554.0,625111.0,19975500.0,0.008337913944582113
2005-04-28,4.04,4.41,3.96,4.27,395392.0,1532088.0,19975500.0,0.01979384746314235
2005-04-29,3.88,4.07,3.84,3.84,1022535.0,3641864.0,19975500.0,0.05118945708492904
2005-07-01,3.65,3.65,3.65,3.65,18000.0,60120.0,19975500.0,0.0009011038522189682
2005-07-04,3.46,3.46,3.46,3.46,11400.0,36138.0,19975500.0,0.0005706991064053466
2005-07-05,3.29,3.29,3.29,3.29,34300.0,103243.0,19975500.0,0.0017171034517283672
2005-07-06,3.12,3.45,3.12,3.45,1294485.0,3820003.0,19975500.0,0.06480363445220395
2005-07-07,3.28,3.57,3.28,3.33,1727497.0,5213016.0,19975500.0,0.08648078896648394
2005-07-08,3.17,3.28,3.17,3.17,400187.0,1163497.0,19975500.0,0.02003389151710846
2005-07-11,3.01,3.1,3.01,3.01,597900.0,1658012.0,19975500.0,0.029931666291206728
2005-07-12,2.91,2.97,2.86,2.89,843722.0,2225230.0,19975500.0,0.04223784135566069
2005-07-13,2.88,2.98,2.85,2.93,404911.0,1076835.0,19975500.0,0.020270381216990815
2005-07-14,2.87,2.93,2.79,2.81,559025.0,1455002.0,19975500.0,0.027985532277039375
2005-07-15,2.81,2.81,2.67,2.67,633240.0,1564935.0,19975500.0,0.0317008335210633
2005-07-18,2.62,2.72,2.53,2.55,254430.0,606078.0,19975500.0,0.012737102951115116
2005-07-19,2.55,2.6,2.47,2.56,188591.0,436690.0,19975500.0,0.009441115366323747
2005-07-20,2.56,2.61,2.5,2.6,212473.0,501594.0,19975500.0,0.010636679932917824
2005-07-21,2.59,2.67,2.51,2.63,276435.0,663006.0,19975500.0,0.013838702410452805
2005-07-22,2.61,2.69,2.57,2.68,327890.0,796381.0,19975500.0,0.01641460789467097
2005-07-25,2.68,2.73,2.63,2.73,385722.0,952239.0,19975500.0,0.01930975444920027
2005-07-26,2.69,2.87,2.69,2.85,762907.0,1980608.0,19975500.0,0.03819213536582313
2005-07-27,2.86,2.89,2.79,2.87,413940.0,1083938.0,19975500.0,0.020722384921528874
2005-07-28,2.83,2.93,2.83,2.89,387949.0,1030354.0,19975500.0,0.019421241020249808
2005-07-29,2.87,3.0,2.84,2.94,344825.0,915427.0,19975500.0,0.01726239643563365
2005-08-02,2.89,2.95,2.82,2.92,352084.0,931447.0,19975500.0,0.01762579159470351
2005-08-03,2.92,2.99,2.88,2.97,489406.0,1323600.0,19975500.0,0.02450031288328202
2005-08-04,2.97,3.01,2.93,2.95,313999.0,851293.0,19975500.0,0.015719206027383546
2005-08-05,2.93,3.01,2.93,3.01,371304.0,1013363.0,19975500.0,0.018587970263572878
2005-08-08,3.04,3.17,2.96,3.17,864633.0,2441577.0,19975500.0,0.043284673725313506
2005-08-09,3.24,3.25,3.12,3.2,419080.0,1215264.0,19975500.0,0.02097970013266251
2005-08-10,3.19,3.28,3.19,3.27,490884.0,1452742.0,19975500.0,0.024574303521814223
2005-08-11,3.27,3.43,3.23,3.43,973945.0,3032651.0,19975500.0,0.04875697729718906
2005-08-12,3.56,3.56,3.25,3.3,1065009.0,3294108.0,19975500.0,0.05331576180821506
2005-08-15,3.28,3.36,3.23,3.34,428570.0,1299564.0,19975500.0,0.0214547821080824
2005-08-16,3.34,3.51,3.31,3.51,821388.0,2592660.0,19975500.0,0.04111977172035744
2005-08-17,3.5,3.68,3.4,3.68,1037076.0,3425874.0,19975500.0,0.051917398813546595
2005-08-18,3.69,3.87,3.68,3.7,1316110.0,4600063.0,19975500.0,0.0658862106079948
2005-08-19,3.7,3.89,3.53,3.72,812634.0,2801529.0,19975500.0,0.04068153488022828
2005-08-22,3.69,3.87,3.6,3.87,403019.0,1393426.0,19975500.0,0.020175665189857576
2005-08-23,3.91,4.02,3.84,3.99,477200.0,1723529.0,19975500.0,0.023889264348827315
2005-08-24,3.95,4.02,3.83,3.96,467780.0,1680499.0,19975500.0,0.023417686666166053
2005-08-25,3.93,4.16,3.91,4.15,824800.0,3059391.0,19975500.0,0.04129058096167806
2005-08-26,4.15,4.36,4.06,4.36,1067068.0,4220007.0,19975500.0,0.05341883807664389
2005-08-29,4.41,4.58,4.24,4.39,1220868.0,4950532.0,19975500.0,0.06111826988060374
2005-08-30,4.26,4.26,4.17,4.17,128500.0,491637.0,19975500.0,0.006432880278340968
2005-08-31,3.96,3.96,3.96,3.96,129100.0,468633.0,19975500.0,0.006462917073414933
2005-09-01,3.77,4.07,3.77,3.96,867538.0,3087367.0,19975500.0,0.04343010187479662
2005-09-02,4.01,4.16,3.93,4.16,780180.0,2911670.0,19975500.0,0.03905684463467748
2005-09-05,4.37,4.37,4.3,4.37,740430.0,2960014.0,19975500.0,0.03706690696102726
2005-09-06,4.59,4.59,4.39,4.59,1612535.0,6758886.0,19975500.0,0.08072563890766189
2005-09-07,4.66,4.82,4.48,4.52,2073397.0,8888932.0,19975500.0,0.10379700132662512
2005-09-08,4.5,4.75,4.5,4.75,739173.0,3189279.0,19975500.0,0.0370039798753473
2005-09-09,4.99,4.99,4.96,4.99,362365.0,1654990.0,19975500.0,0.018140472078295913
2005-09-12,5.24,5.24,5.24,5.24,178333.0,855998.0,19975500.0,0.00892758629320918
2005-09-13,5.51,5.51,5.51,5.51,63280.0,318931.0,19975500.0,0.0031678806538009063
2005-09-14,5.78,5.78,5.25,5.55,2760190.0,14092917.0,19975500.0,0.13817876899201523
2005-09-15,5.54,5.78,5.44,5.47,904799.0,4599031.0,19975500.0,0.045295436910215016
2005-09-16,5.54,5.54,5.21,5.37,1074097.0,5257336.0,19975500.0,0.053770719130935396
2005-09-19,5.11,5.65,5.1,5.64,1949429.0,9625935.0,19975500.0,0.09759099897374283
2005-09-20,5.54,5.66,5.42,5.46,1147628.0,5818942.0,19975500.0,0.057451778428575004
2005-09-21,5.46,5.49,5.19,5.19,1159410.0,5610647.0,19975500.0,0.05804160096117744
2005-09-22,4.97,5.07,4.93,4.93,640010.0,2909653.0,19975500.0,0.03203974869214788
2005-09-23,4.67,4.93,4.67,4.76,832020.0,3633733.0,19975500.0,0.04165202372906811
2005-09-26,4.7,4.74,4.52,4.52,533100.0,2228864.0,19975500.0,0.026687692423218442
2005-09-27,4.38,4.52,4.29,4.29,1062478.0,4233346.0,19975500.0,0.05318905659432805
2005-09-28,4.29,4.29,4.07,4.07,1073853.0,4040963.0,19975500.0,0.05375850416760532
2005-09-29,3.94,4.28,3.94,4.28,1298799.0,5004697.0,19975500.0,0.06501959900878576
2005-09-30,4.28,4.5,4.28,4.5,1378233.0,5576219.0,19975500.0,0.06899617030862806
2005-10-10,4.5,4.53,4.27,4.27,446900.0,1757354.0,19975500.0,0.02237240619759205
2005-10-11,4.14,4.47,4.05,4.47,718290.0,2864923.0,19975500.0,0.035958549222797925
2005-10-12,4.48,4.61,4.34,4.51,597748.0,2452508.0,19975500.0,0.02992405696978799
2005-10-13,4.51,4.59,4.45,4.48,566790.0,2335993.0,19975500.0,0.028374258466621612
2005-10-14,4.53,4.54,4.45,4.51,441034.0,1822515.0,19975500.0,0.022078746464418913
2005-10-17,4.54,4.58,4.48,4.53,324331.0,1350693.0,19975500.0,0.016236439638557233
2005-10-18,4.58,4.76,4.46,4.75,465000.0,1992317.0,19975500.0,0.023278516182323346
2005-10-19,4.99,4.99,4.99,4.99,147989.0,676310.0,19975500.0,0.007408525443668494
2005-10-20,5.24,5.24,5.24,5.24,507929.0,2438059.0,19975500.0,0.025427598808540463
2005-10-21,5.45,5.45,4.98,4.98,1440400.0,6754144.0,19975500.0,0.07210833270756677
2005-10-25,5.02,5.23,4.73,4.95,1210518.0,5544213.0,19975500.0,0.060600135165577836
2005-10-26,4.71,4.84,4.7,4.7,476908.0,2058875.0,19975500.0,0.023874646441891318
2005-10-27,4.49,4.61,4.47,4.47,267801.0,1105798.0,19975500.0,0.01340647292933844
2005-10-28,4.37,4.37,4.25,4.25,236500.0,925799.0,19975500.0,0.011839503391654778
2005-10-31,4.11,4.46,4.11,4.46,373428.0,1502603.0,19975500.0,0.018694300518134716
2005-11-01,4.54,4.54,4.24,4.33,283187.0,1120442.0,19975500.0,0.014176716477685165
2005-11-02,4.27,4.41,4.27,4.39,146581.0,584501.0,19975500.0,0.0073380390978949215
2005-11-03,4.33,4.61,4.33,4.5,260700.0,1075900.0,19975500.0,0.013050987459638057
2005-11-04,4.5,4.53,4.37,4.46,162107.0,658140.0,19975500.0,0.008115291231758904
2005-11-07,4.67,4.67,4.48,4.6,221883.0,921448.0,19975500.0,0.01110775700232785
2005-11-08,4.54,4.6,4.46,4.6,198059.0,823382.0,19975500.0,0.009915095992590923
2005-11-09,4.54,4.57,4.5,4.5,148830.0,617662.0,19975500.0,0.007450627018097169
2005-11-10,4.53,4.53,4.27,4.27,248621.0,989011.0,19975500.0,0.012446296713474006
2005-11-11,4.26,4.43,4.26,4.36,176601.0,703823.0,19975500.0,0.008840880078095668
2005-11-14,4.29,4.43,4.29,4.37,118000.0,468586.0,19975500.0,0.00590723636454657
2005-11-15,4.41,4.43,4.28,4.35,100751.0,402615.0,19975500.0,0.005043728567495182
2005-11-16,4.28,4.4,4.28,4.36,84500.0,333502.0,19975500.0,0.004230181972916823
2005-11-17,4.29,4.38,4.28,4.35,119110.0,473610.0,19975500.0,0.005962804435433406
2005-11-18,4.26,4.47,4.26,4.46,193610.0,782027.0,19975500.0,0.009692373157117469
2005-11-21,4.49,4.49,4.39,4.42,134751.0,545791.0,19975500.0,0.006745813621686566
2005-11-22,4.38,4.42,4.35,4.37,154076.0,617564.0,19975500.0,0.007713248729693875
2005-11-23,4.36,4.39,4.28,4.36,195037.0,769896.0,19975500.0,0.009763810668068383
2005-11-24,4.35,4.4,4.3,4.35,84490.0,335019.0,19975500.0,0.004229681359665591
2005-11-25,4.29,4.37,4.29,4.36,99400.0,394924.0,19975500.0,0.004976095717253636
2005-11-28,4.36,4.37,4.3,4.33,71911.0,285298.0,19975500.0,0.0035999599509399013
2005-11-29,4.27,4.35,4.11,4.11,479200.0,1824104.0,19975500.0,0.023989386999073867
2005-11-30,4.11,4.15,4.01,4.1,173601.0,644446.0,19975500.0,0.00869069610272584
2005-12-01,4.1,4.3,4.1,4.3,305567.0,1196235.0,19975500.0,0.015297088933944082
2005-12-02,4.36,4.39,4.17,4.29,206002.0,805798.0,19975500.0,0.010312733098045106
2005-12-05,4.28,4.28,4.09,4.11,99430.0,374839.0,19975500.0,0.004977597557007334
2005-12-06,4.1,4.12,3.96,4.02,182812.0,674842.0,19975500.0,0.009151810968436334
2005-12-07,4.01,4.14,3.95,4.09,121400.0,450932.0,19975500.0,0.006077444869965708
2005-12-08,4.19,4.19,4.0,4.03,105300.0,388578.0,19975500.0,0.0052714575354809645
2005-12-09,4.04,4.12,4.04,4.1,141337.0,528569.0,19975500.0,0.007075517508948462
2005-12-12,4.1,4.14,4.07,4.12,113870.0,428366.0,19975500.0,0.00570048309178744
2005-12-13,4.11,4.26,4.11,4.26,191520.0,737399.0,19975500.0,0.009587744987609823
2005-12-14,4.23,4.29,4.18,4.28,179100.0,696094.0,19975500.0,0.008965983329578734
2005-12-15,4.28,4.31,4.21,4.21,119400.0,462839.0,19975500.0,0.005977322219719156
2005-12-16,4.23,4.24,4.15,4.21,187150.0,717024.0,19975500.0,0.009368976996821106
2005-12-19,4.41,4.41,4.26,4.33,195802.0,776344.0,19975500.0,0.00980210758178769
2005-12-20,4.25,4.33,4.25,4.31,88800.0,349449.0,19975500.0,0.00444544567094691
2005-12-21,4.26,4.31,4.23,4.26,61099.0,238224.0,19975500.0,0.003058696903707041
2005-12-22,4.23,4.48,4.23,4.47,450400.0,1824182.0,19975500.0,0.022547620835523516
2005-12-23,4.47,4.49,4.34,4.47,189742.0,773375.0,19975500.0,0.009498735951540637
2005-12-26,4.47,4.52,4.37,4.47,417256.0,1687869.0,19975500.0,0.020888388275637656
2005-12-27,4.47,4.47,4.39,4.43,149407.0,606759.0,19975500.0,0.0074795124026932995
2005-12-28,4.43,4.57,4.43,4.52,224741.0,926799.0,19975500.0,0.011250832269530175
2005-12-29,4.52,4.54,4.42,4.43,198251.0,810757.0,19975500.0,0.009924707767014592
2005-12-30,4.42,4.5,4.4,4.48,229402.0,934227.0,19975500.0,0.011484168105929764
2006-01-04,4.71,4.71,4.54,4.57,744270.0,3175510.0,19978000.0,0.03725447992792071
2006-01-05,4.52,4.63,4.49,4.59,312271.0,1295694.0,19978000.0,0.01563074381820002
2006-01-06,4.51,4.61,4.51,4.58,252411.0,1056008.0,19978000.0,0.012634447892681951
2006-01-09,4.58,4.65,4.55,4.64,213359.0,903925.0,19978000.0,0.010679697667434178
2006-01-10,4.65,4.83,4.65,4.75,266309.0,1158536.0,19978000.0,0.01333011312443688
2006-01-11,4.69,4.8,4.65,4.67,298057.0,1284019.0,19978000.0,0.014919261187306037
2006-01-12,4.61,4.72,4.61,4.69,118831.0,507587.0,19978000.0,0.005948092902192411
2006-01-13,4.65,4.74,4.65,4.72,187058.0,802813.0,19978000.0,0.009363199519471418
2006-01-16,4.75,4.75,4.64,4.64,131300.0,561608.0,19978000.0,0.006572229452397637
2006-01-17,4.59,4.67,4.54,4.66,166700.0,706543.0,19978000.0,0.008344178596456102
2006-01-18,4.64,4.73,4.64,4.72,172611.0,740402.0,19978000.0,0.008640054059465411
2006-01-19,4.67,4.73,4.65,4.7,264958.0,1138131.0,19978000.0,0.013262488737611372
2006-01-20,4.69,4.73,4.65,4.73,201954.0,867111.0,19978000.0,0.010108819701671838
2006-01-23,4.73,4.76,4.59,4.67,218524.0,929405.0,19978000.0,0.010938232055260786
2006-01-24,4.62,4.81,4.61,4.81,491729.0,2127629.0,19978000.0,0.024613524877365102
2006-01-25,4.89,4.89,4.7,4.75,260500.0,1136566.0,19978000.0,0.013039343277605366
2006-02-06,4.75,4.81,4.73,4.78,192728.0,840435.0,19978000.0,0.009647011712884172
2006-02-07,4.75,4.82,4.66,4.75,189061.0,823480.0,19978000.0,0.009463459805786365
2006-02-08,4.74,4.77,4.69,4.75,260648.0,1126228.0,19978000.0,0.013046751426569227
2006-02-09,4.74,4.8,4.67,4.67,223499.0,964788.0,19978000.0,0.011187255981579738
2006-02-10,4.67,4.74,4.65,4.74,220709.0,947483.0,19978000.0,0.011047602362598859
2006-02-13,4.75,4.83,4.73,4.81,166199.0,726888.0,19978000.0,0.008319101011112223
2006-02-14,4.81,5.05,4.81,5.05,477459.0,2178528.0,19978000.0,0.023899239163079386
2006-02-15,5.1,5.28,5.02,5.1,706715.0,3321545.0,19978000.0,0.03537466212834117
2006-02-16,5.02,5.12,4.85,4.85,244458.0,1105575.0,19978000.0,0.012236359995995595
2006-02-17,4.92,4.97,4.82,4.84,254591.0,1136004.0,19978000.0,0.012743567924717189
2006-02-20,4.82,5.08,4.8,4.97,305808.0,1405028.0,19978000.0,0.015307237961757933
2006-02-21,4.97,5.0,4.83,4.99,146889.0,662246.0,19978000.0,0.0073525377915707275
2006-02-22,4.95,5.07,4.95,5.05,222603.0,1025719.0,19978000.0,0.011142406647312043
2006-02-23,5.11,5.3,5.06,5.24,721166.0,3447941.0,19978000.0,0.03609800780858945
2006-02-24,5.24,5.41,5.2,5.29,524596.0,2551719.0,19978000.0,0.02625868455300831
2006-02-27,5.23,5.51,5.2,5.43,606541.0,2973774.0,19978000.0,0.030360446491140253
2006-02-28,5.42,5.42,5.16,5.16,636941.0,3023214.0,19978000.0,0.0318821203323656
2006-03-01,5.05,5.18,5.0,5.08,307598.0,1426916.0,19978000.0,0.015396836520172189
2006-03-02,5.06,5.17,5.0,5.01,262158.0,1217663.0,19978000.0,0.013122334568024828
2006-03-03,5.13,5.19,4.98,5.09,190850.0,891163.0,19978000.0,0.009553008309140054
2006-03-06,5.12,5.14,5.01,5.05,149400.0,692156.0,19978000.0,0.007478226048653519
2006-03-07,5.05,5.07,4.8,4.81,310682.0,1376513.0,19978000.0,0.015551206326959655
2006-03-08,4.81,4.81,4.61,4.67,234700.0,1007181.0,19978000.0,0.011747922714986486
2006-03-09,4.67,4.74,4.63,4.69,177495.0,760381.0,19978000.0,0.0088845229752728
2006-03-10,4.63,4.7,4.46,4.54,221956.0,928790.0,19978000.0,0.011110021023125439
2006-03-13,4.54,4.61,4.54,4.57,90400.0,377361.0,19978000.0,0.004524977475222745
2006-03-14,4.61,4.77,4.51,4.7,226680.0,957888.0,19978000.0,0.011346481129242166
2006-03-15,4.71,4.73,4.61,4.7,128350.0,548668.0,19978000.0,0.006424567023726098
2006-03-16,4.67,4.73,4.6,4.71,123050.0,524476.0,19978000.0,0.006159275202722995
2006-03-17,4.72,4.72,4.61,4.69,156970.0,666507.0,19978000.0,0.007857142857142858
2006-03-20,4.69,4.74,4.66,4.73,107820.0,464218.0,19978000.0,0.0053969366302933225
2006-03-21,4.71,4.81,4.67,4.81,241850.0,1052244.0,19978000.0,0.012105816398037842
2006-03-22,4.86,4.99,4.86,4.89,264382.0,1188172.0,19978000.0,0.013233657022724998
2006-03-23,4.85,4.9,4.81,4.89,99297.0,441537.0,19978000.0,0.004970317349083993
2006-03-24,4.86,4.97,4.82,4.89,194599.0,876944.0,19978000.0,0.009740664731204324
2006-03-27,4.88,4.9,4.83,4.9,121137.0,539385.0,19978000.0,0.006063519871859045
2006-03-28,4.9,5.1,4.83,5.01,261731.0,1186492.0,19978000.0,0.01310096105716288
2006-03-29,5.02,5.02,4.89,4.93,275159.0,1242053.0,19978000.0,0.013773100410451497
2006-03-30,4.96,5.0,4.88,4.96,157663.0,710185.0,19978000.0,0.007891831014115527
2006-04-03,4.98,5.21,4.98,5.19,589741.0,2777495.0,19978000.0,0.029519521473620983
2006-04-04,5.14,5.41,5.14,5.3,584829.0,2828168.0,19978000.0,0.02927365101611773
2006-04-05,5.3,5.56,5.25,5.56,1157304.0,5784163.0,19978000.0,0.05792892181399539
2006-04-10,5.57,5.83,5.34,5.79,935678.0,4907824.0,19978000.0,0.04683541896085694
2006-04-11,5.9,6.08,5.9,6.08,1177276.0,6509914.0,19978000.0,0.058928621483631996
2006-04-12,6.07,6.15,5.96,6.09,625000.0,3469173.0,19978000.0,0.031284412854139555
2006-04-13,6.09,6.26,5.84,5.92,783324.0,4317174.0,19978000.0,0.03920933026328962
2006-04-14,5.91,6.22,5.85,6.22,516547.0,2880420.0,19978000.0,0.025855791370507558
2006-04-17,6.44,6.52,6.44,6.52,335551.0,2002159.0,19978000.0,0.01679602562819101
2006-04-18,6.85,6.85,6.52,6.85,1740520.0,10813969.0,19978000.0,0.08712183401741916
2006-05-11,7.19,7.19,7.19,7.19,29702.0,195439.0,19978000.0,0.0014867354089498448
2006-05-12,7.55,7.55,7.55,7.55,57868.0,399868.0,19978000.0,0.002896586244869356
2006-05-16,7.93,7.93,7.93,7.93,31865.0,231340.0,19978000.0,0.001595004504955451
2006-05-17,8.32,8.32,8.32,8.32,87540.0,667055.0,19978000.0,0.004381820002002202
2006-05-18,8.74,8.74,8.52,8.74,875235.0,6994212.0,19978000.0,0.04380994093502853
2006-05-19,9.18,9.18,9.18,9.18,536891.0,4509884.0,19978000.0,0.026874111522674944
2006-06-19,9.27,9.92,8.7,9.48,5324311.0,33197931.0,27969200.0,0.190363363986099
2006-06-20,9.48,9.6,9.01,9.01,1445575.0,8688601.0,27969200.0,0.05168453155614033
2006-06-21,8.7,8.72,8.56,8.56,632800.0,3551737.0,27969200.0,0.022624887376113727
2006-06-22,8.14,8.87,8.14,8.52,1936367.0,10640934.0,27969200.0,0.06923211961729331
2006-06-23,8.41,8.79,8.33,8.66,1494059.0,8363485.0,27969200.0,0.053418009810791874
2006-06-26,8.72,8.96,8.58,8.87,1447032.0,8367091.0,27969200.0,0.051736624572744305
2006-06-27,8.87,9.24,8.82,9.1,1447140.0,8592153.0,27969200.0,0.05174048596313087
2006-06-28,9.1,9.3,8.88,8.92,1035376.0,6162655.0,27969200.0,0.037018434563734395
2006-06-29,8.95,9.11,8.81,8.96,1292724.0,7562697.0,27969200.0,0.04621955579709108
2006-06-30,9.1,9.1,8.52,8.62,1816396.0,10311926.0,27969200.0,0.0649427227092659
2006-07-03,8.61,8.78,8.35,8.7,965037.0,5424891.0,27969200.0,0.03450356106002317
2006-07-04,8.7,8.76,8.49,8.56,819858.0,4598094.0,27969200.0,0.029312887032879025
2006-07-05,8.56,8.58,8.29,8.33,880215.0,4826460.0,27969200.0,0.03147086795475022
2006-07-06,8.7,8.75,8.69,8.75,374810.0,2141467.0,27969200.0,0.013400812322125767
2006-07-07,9.18,9.19,8.87,9.19,2822351.0,16841217.0,27969200.0,0.10090925017519271
2006-07-10,9.54,9.54,9.19,9.21,1873253.0,11445845.0,27969200.0,0.06697556597972056
2006-07-11,9.19,9.27,8.98,9.08,919474.0,5456210.0,27969200.0,0.032874519113882415
2006-07-12,9.18,9.54,9.1,9.54,1999832.0,12331143.0,27969200.0,0.07150122277362242
2006-07-13,9.47,10.02,9.07,9.56,3080304.0,19451314.0,27969200.0,0.11013200234543713
2006-07-14,9.33,9.54,9.11,9.45,1404308.0,8514123.0,27969200.0,0.050209087138709724
2006-07-17,9.33,9.39,9.04,9.25,699048.0,4221058.0,27969200.0,0.02499349284212634
2006-07-18,9.19,9.59,9.18,9.36,711351.0,4359621.0,27969200.0,0.025433369563662888
2006-07-19,9.27,9.42,8.88,8.88,1006720.0,5945511.0,27969200.0,0.035993878981164996
2006-07-20,8.75,9.01,8.59,8.79,645028.0,3694557.0,27969200.0,0.02306208257654849
2006-07-21,8.78,8.87,8.73,8.76,367100.0,2114623.0,27969200.0,0.013125151952862435
2006-07-24,8.76,8.98,8.35,8.82,613384.0,3487343.0,27969200.0,0.02193069519328404
2006-07-25,8.82,8.88,8.75,8.85,472686.0,2731368.0,27969200.0,0.01690023311356778
2006-07-26,8.88,8.88,8.73,8.81,376681.0,2171363.0,27969200.0,0.01346770733521159
2006-07-27,8.79,8.92,8.64,8.67,476259.0,2732196.0,27969200.0,0.01702798077885674
2006-07-28,8.66,8.66,8.24,8.3,846560.0,4629912.0,27969200.0,0.03026758005234329
2006-07-31,8.3,8.32,7.89,7.89,733559.0,3832328.0,27969200.0,0.026227385838708293
2006-08-01,7.66,7.86,7.49,7.49,788540.0,3915348.0,27969200.0,0.02819315532800366
2006-08-02,7.48,7.55,7.13,7.19,726074.0,3437363.0,27969200.0,0.02595977003275031
2006-08-03,7.28,7.48,7.22,7.32,418726.0,2009464.0,27969200.0,0.014970968064871358
2006-08-04,7.34,7.58,7.16,7.17,496199.0,2401574.0,27969200.0,0.01774090785578422
2006-08-07,6.9,7.0,6.82,6.82,433980.0,1954865.0,27969200.0,0.015516353703359409
2006-08-08,6.82,7.05,6.82,7.03,386200.0,1755070.0,27969200.0,0.013808045993449938
2006-08-09,7.06,7.11,6.94,7.0,247960.0,1143611.0,27969200.0,0.008865466298642793
2006-08-10,7.06,7.22,7.0,7.22,380453.0,1766667.0,27969200.0,0.013602569969823949
2006-08-11,7.32,7.32,7.13,7.2,330260.0,1555974.0,27969200.0,0.011807988787666432
2006-08-14,7.2,7.37,7.0,7.06,338050.0,1593120.0,27969200.0,0.012086509446105
2006-08-15,7.03,7.42,6.97,7.42,525133.0,2512856.0,27969200.0,0.01877540294323756
2006-08-16,7.05,7.42,7.05,7.36,491724.0,2349600.0,27969200.0,0.017580910430044477
2006-08-17,7.51,7.71,7.36,7.52,767954.0,3794647.0,27969200.0,0.027457131415986158
2006-08-18,7.48,7.55,7.37,7.46,400298.0,1945973.0,27969200.0,0.014312100453355835
2006-08-21,7.16,7.77,7.1,7.77,700614.0,3494154.0,27969200.0,0.025049483002731576
2006-08-22,7.77,7.86,7.66,7.72,320055.0,1620103.0,27969200.0,0.011443123149750439
2006-08-23,7.69,7.71,7.49,7.57,310820.0,1545634.0,27969200.0,0.011112938518084179
2006-08-24,7.57,7.69,7.48,7.68,234625.0,1165520.0,27969200.0,0.008388691846745707
2006-08-25,7.69,7.77,7.57,7.68,304352.0,1521871.0,27969200.0,0.010881684138266378
2006-08-28,7.58,7.78,7.58,7.78,462525.0,2331102.0,27969200.0,0.01653694063469817
2006-08-29,7.8,7.88,7.72,7.78,540640.0,2753558.0,27969200.0,0.019329834246242295
2006-08-30,7.78,7.8,7.66,7.69,288901.0,1455520.0,27969200.0,0.01032925503768431
2006-08-31,7.71,7.91,7.66,7.88,630178.0,3211246.0,27969200.0,0.022531141398395377
2006-09-01,7.89,8.09,7.72,7.72,663349.0,3436148.0,27969200.0,0.023717124551292136
2006-09-04,7.71,7.81,7.69,7.75,385498.0,1955126.0,27969200.0,0.013782946955937245
2006-09-05,7.75,7.78,7.65,7.75,362980.0,1830244.0,27969200.0,0.0129778470603378
2006-09-06,7.77,7.95,7.72,7.88,509840.0,2623422.0,27969200.0,0.018228622913776582
2006-09-07,7.95,8.06,7.66,7.8,341720.0,1755407.0,27969200.0,0.012217725212018936
2006-09-08,7.68,7.86,7.66,7.74,239439.0,1208615.0,27969200.0,0.00856080974786551
2006-09-11,7.83,7.84,7.52,7.84,451024.0,2270468.0,27969200.0,0.016125738312143357
2006-09-12,7.68,8.04,7.68,8.0,865446.0,4488164.0,27969200.0,0.03094282281938704
2006-09-13,7.98,8.17,7.77,8.04,944180.0,4950524.0,27969200.0,0.03375784791842455
2006-09-14,7.95,8.09,7.88,8.04,586332.0,3067518.0,27969200.0,0.020963488408678118
2006-09-15,8.09,8.44,8.04,8.44,1230317.0,6746019.0,27969200.0,0.043988279965104474
2006-09-18,8.76,8.76,8.43,8.55,1248217.0,6998485.0,27969200.0,0.04462826966806344
2006-09-19,8.62,8.62,8.36,8.41,668583.0,3715950.0,27969200.0,0.023904258970581925
2006-09-20,8.41,8.46,8.23,8.33,580361.0,3168080.0,27969200.0,0.02075000357536147
2006-09-21,8.33,8.41,8.2,8.26,558633.0,3029428.0,27969200.0,0.019973149035367475
2006-09-22,8.29,8.62,8.29,8.33,520774.0,2878116.0,27969200.0,0.01861955293680191
2006-09-25,8.3,8.4,8.21,8.26,376554.0,2037911.0,27969200.0,0.013463166626145903
2006-09-26,8.33,8.36,8.17,8.24,297300.0,1611620.0,27969200.0,0.01062954964746936
2006-09-27,8.23,8.29,8.12,8.27,293893.0,1576851.0,27969200.0,0.010507737082219012
2006-09-28,8.36,8.69,8.23,8.52,690410.0,3824028.0,27969200.0,0.024684653118430273
2006-09-29,8.52,8.72,8.41,8.44,353619.0,1961731.0,27969200.0,0.012643157473220543
2006-10-09,8.5,8.87,8.49,8.87,1045173.0,6037867.0,27969200.0,0.037368712726856684
2006-10-10,9.02,9.08,8.79,8.92,784879.0,4573424.0,27969200.0,0.02806226134462194
2006-10-11,8.92,9.01,8.78,8.87,357827.0,2076135.0,27969200.0,0.012793608683837936
2006-10-12,8.87,8.95,8.75,8.85,411847.0,2383549.0,27969200.0,0.014725018949415787
2006-10-13,8.76,8.93,8.75,8.76,377480.0,2173509.0,27969200.0,0.013496274473349256
2006-10-16,8.76,8.84,8.72,8.82,414105.0,2380638.0,27969200.0,0.01480575061138681
2006-10-17,8.75,8.95,8.72,8.85,533652.0,3087071.0,27969200.0,0.019079987986785465
2006-10-18,8.76,8.95,8.75,8.93,569025.0,3308572.0,27969200.0,0.020344700599230582
2006-10-19,8.95,8.95,8.72,8.76,672530.0,3857643.0,27969200.0,0.024045378487765112
2006-10-20,8.76,8.76,8.46,8.47,447890.0,2528468.0,27969200.0,0.016013686483703504
2006-10-23,8.47,8.52,8.04,8.07,685285.0,3658949.0,27969200.0,0.024501415843141743
2006-10-24,8.04,8.3,8.01,8.24,272152.0,1454324.0,27969200.0,0.009730417745234043
2006-10-25,8.24,8.35,8.15,8.26,421683.0,2274426.0,27969200.0,0.015076691503511005
2006-10-26,8.24,8.33,8.17,8.18,355181.0,1914164.0,27969200.0,0.012699004619367018
2006-10-27,8.1,8.24,8.09,8.17,192070.0,1024180.0,27969200.0,0.00686719677359381
2006-10-30,8.18,8.23,8.04,8.15,140560.0,747439.0,27969200.0,0.005025528080888978
2006-10-31,8.15,8.15,8.06,8.1,205853.0,1090474.0,27969200.0,0.007359988844872217
2006-11-01,8.17,8.52,8.17,8.52,516733.0,2851475.0,27969200.0,0.018475072579837822
2006-11-02,8.49,8.95,8.49,8.95,1627218.0,9471188.0,27969200.0,0.058178925389356866
2006-11-03,9.18,9.39,9.18,9.39,782984.0,4778586.0,27969200.0,0.02799450824478355
2006-11-06,9.86,9.86,9.7,9.86,922159.0,5942123.0,27969200.0,0.03297051756932626
2006-11-07,10.34,10.35,9.37,9.37,3389036.0,21969910.0,27969200.0,0.12117028731604765
2006-11-08,9.21,9.85,8.9,9.83,2091221.0,12873339.0,27969200.0,0.07476870986656751
2006-11-09,9.86,10.32,9.57,9.73,2377433.0,15630076.0,27969200.0,0.08500182343434921
2006-11-10,9.48,9.91,9.33,9.57,1063739.0,6700419.0,27969200.0,0.038032514337199494
2006-11-13,9.51,9.63,9.1,9.1,882960.0,5322292.0,27969200.0,0.0315690116270755
2006-11-14,8.79,9.13,8.64,9.04,879568.0,5062696.0,27969200.0,0.031447735366045504
2006-11-15,8.99,9.5,8.92,9.25,704391.0,4289801.0,27969200.0,0.025184524405417387
2006-11-16,9.08,9.27,9.01,9.02,578350.0,3433776.0,27969200.0,0.020678103056218984
2006-11-17,9.01,9.45,8.87,9.31,712710.0,4310583.0,27969200.0,0.025481958726027203
2006-11-20,9.27,9.33,8.85,8.99,545500.0,3210970.0,27969200.0,0.01950359681363786
2006-11-21,8.75,9.05,8.75,8.87,722203.0,4170501.0,27969200.0,0.025821367790283597
2006-11-22,8.79,8.99,8.64,8.87,530934.0,3057612.0,27969200.0,0.018982809662056833
2006-11-23,8.88,9.01,8.81,8.92,436400.0,2545505.0,27969200.0,0.015602877450910288
2006-11-24,8.9,9.36,8.82,9.34,1060207.0,6343823.0,27969200.0,0.03790623257011284
2006-11-27,9.37,9.56,9.3,9.33,614825.0,3781646.0,27969200.0,0.021982216152052973
2006-11-28,9.34,9.53,9.24,9.45,677256.0,4152779.0,27969200.0,0.024214350070792156
2006-11-29,9.33,9.8,9.18,9.59,944234.0,5951709.0,27969200.0,0.033759778613617834
2006-11-30,9.79,10.0,9.56,9.63,841039.0,5348590.0,27969200.0,0.030070184345637345
2006-12-01,9.63,9.74,9.4,9.45,692512.0,4333367.0,27969200.0,0.02475980721650959
2006-12-04,9.53,9.62,9.27,9.44,1464861.0,8977237.0,27969200.0,0.05237407576906025
2006-12-05,9.48,9.65,9.33,9.48,1069471.0,6614163.0,27969200.0,0.03823745405660512
2006-12-06,9.53,9.57,9.02,9.44,897082.0,5460313.0,27969200.0,0.03207392417373396
2006-12-07,9.45,9.45,9.21,9.21,879939.0,5384107.0,27969200.0,0.03146099995709566
2006-12-08,9.11,9.4,9.02,9.08,496980.0,2977662.0,27969200.0,0.01776883142885746
2006-12-11,8.88,9.4,8.88,9.36,675977.0,4109634.0,27969200.0,0.024168621197603078
2006-12-12,9.36,9.51,9.08,9.33,413550.0,2521811.0,27969200.0,0.014785907355233614
2006-12-13,9.31,9.37,9.13,9.3,318325.0,1929318.0,27969200.0,0.01138126939633597
2006-12-14,9.33,9.76,9.28,9.76,2058203.0,12995273.0,27969200.0,0.07358819701671838
2006-12-15,9.74,9.74,9.42,9.57,1435564.0,8968840.0,27969200.0,0.05132660211947428
2006-12-18,9.57,10.05,9.48,9.83,1734911.0,11194064.0,27969200.0,0.06202933941621498
2006-12-19,9.83,10.32,9.68,10.32,2224845.0,14712191.0,27969200.0,0.07954625087596356
2006-12-20,10.35,10.84,10.18,10.46,2681529.0,18698194.0,27969200.0,0.09587435464725484
2006-12-21,10.32,10.63,10.22,10.23,1264420.0,8607005.0,27969200.0,0.04520758548689272
2006-12-22,10.09,10.35,9.79,9.96,1113762.0,7289583.0,27969200.0,0.03982101740485963
2006-12-25,9.91,10.17,9.88,10.02,805409.0,5276020.0,27969200.0,0.028796283054216783
2006-12-26,9.94,10.11,9.73,9.86,798710.0,5185637.0,27969200.0,0.02855676958940549
2006-12-27,9.88,10.35,9.65,10.35,749818.0,5012193.0,27969200.0,0.02680870385996024
2006-12-28,10.72,10.87,10.44,10.47,3051432.0,21598015.0,27969200.0,0.1090997239820946
2006-12-29,10.81,10.99,10.52,10.99,2178232.0,15584849.0,27969200.0,0.07787966763439784
2007-01-04,11.24,11.55,10.9,10.93,2805597.0,20578145.0,27969200.0,0.100310234114669
2007-01-05,10.72,11.3,10.57,11.24,1296656.0,9293333.0,27969200.0,0.04636013901005392
2007-01-08,11.15,11.81,11.13,11.81,1395756.0,10699434.0,27969200.0,0.04990332222587704
2007-01-09,12.05,12.31,11.82,12.07,1187053.0,9361423.0,27969200.0,0.04244143557913705
2007-01-10,12.07,12.6,11.87,12.55,1062091.0,8528751.0,27969200.0,0.03797359238018964
2007-01-11,12.4,13.18,12.4,13.18,1680060.0,14325830.0,27969200.0,0.06006821789682937
2007-01-12,13.38,13.84,13.38,13.84,1076395.0,9713573.0,27969200.0,0.03848501208472176
2007-06-21,15.23,15.23,15.23,15.23,5701.0,56782.0,27969200.0,0.0002038313573502281
2007-06-22,16.76,16.76,16.76,16.76,4922.0,53945.0,27969200.0,0.0001759792915063713
2007-06-25,18.44,18.44,18.44,18.44,29887.0,360437.0,27969200.0,0.0010685682822533357
2007-06-26,20.29,20.29,20.29,20.29,25920.0,343958.0,27969200.0,0.0009267336927763397
2007-06-27,22.33,22.33,22.33,22.33,107372.0,1567631.0,27969200.0,0.0038389371165424824
2007-06-28,24.56,24.56,24.56,24.56,342679.0,5503425.0,27969200.0,0.012252012928507071
2007-06-29,27.02,27.02,25.69,27.02,9190467.0,159823972.0,39750000.0,0.23120671698113207
2007-07-02,27.34,29.73,25.38,29.73,13467343.0,254715833.0,39750000.0,0.33880108176100626
2007-07-03,30.13,32.69,29.74,32.69,9024398.0,189663395.0,39750000.0,0.22702888050314465
2007-07-04,34.33,35.97,33.64,35.97,4949534.0,114713308.0,39750000.0,0.12451657861635221
2007-07-05,39.15,39.56,37.17,39.56,2147588.0,54746208.0,39750000.0,0.05402737106918239
2007-07-06,43.52,43.52,41.75,43.52,2644186.0,74894758.0,39750000.0,0.06652040251572328
2007-07-09,47.88,47.88,47.86,47.88,726154.0,22735860.0,39750000.0,0.018268025157232703
2007-07-10,52.67,52.67,43.12,48.02,18837446.0,585499844.0,39750000.0,0.47389801257861636
2007-07-11,43.22,43.22,43.22,43.22,654500.0,18496170.0,39750000.0,0.016465408805031445
2007-07-12,38.89,38.89,38.89,38.89,199600.0,5075828.0,39750000.0,0.0050213836477987425
2007-07-13,35.0,42.77,35.0,42.77,16938290.0,417730253.0,39750000.0,0.4261205031446541
2007-07-16,40.43,42.05,38.49,38.49,9787527.0,254193681.0,39750000.0,0.24622709433962264
2007-07-17,34.65,37.69,34.64,35.71,7701642.0,178281253.0,39750000.0,0.193752
2007-07-18,33.73,35.69,33.03,33.81,6142479.0,137007082.0,39750000.0,0.15452777358490566
2007-07-19,33.64,35.91,32.08,34.56,5866719.0,130767773.0,39750000.0,0.14759041509433962
2007-07-20,33.49,35.02,32.95,33.9,5480608.0,121562148.0,39750000.0,0.13787693081761007
2007-07-23,33.6,37.3,33.28,37.3,8660061.0,204945664.0,39750000.0,0.21786316981132076
2007-07-24,37.47,40.2,37.3,37.47,10193315.0,256893753.0,39750000.0,0.25643559748427674
2007-07-25,37.24,38.2,35.94,37.65,5101486.0,124529619.0,39750000.0,0.12833927044025156
2007-07-26,38.23,39.74,36.7,39.27,7030728.0,177060441.0,39750000.0,0.1768736603773585
2007-07-27,38.23,39.22,38.0,38.46,4350478.0,109464418.0,39750000.0,0.10944598742138364
2007-07-30,38.46,39.25,38.15,38.38,4693488.0,118315425.0,39750000.0,0.11807516981132075
2007-07-31,38.38,42.22,38.23,42.22,7573637.0,205541708.0,39750000.0,0.19053174842767295
2007-08-01,44.35,45.26,39.76,40.16,10176379.0,285647248.0,39750000.0,0.25600953459119496
2007-08-02,40.14,42.05,38.69,41.67,6245007.0,165318322.0,39750000.0,0.15710709433962264
2007-08-03,40.92,41.95,40.45,40.89,4312318.0,115675233.0,39750000.0,0.10848598742138364
2007-08-06,39.99,40.22,36.98,39.91,5195147.0,132206492.0,39750000.0,0.1306955220125786
2007-08-07,39.76,41.29,37.92,39.53,4789805.0,122799136.0,39750000.0,0.12049823899371069
2007-08-08,39.3,41.29,38.09,40.54,4284655.0,112788510.0,39750000.0,0.10779006289308177
2007-08-09,40.68,41.26,38.99,39.3,2837488.0,73651465.0,39750000.0,0.07138334591194968
2007-08-10,38.96,39.53,35.63,37.05,3651954.0,89419222.0,39750000.0,0.09187305660377358
2007-08-13,35.94,37.01,34.7,34.84,3055868.0,70334826.0,39750000.0,0.07687718238993711
2007-08-14,34.9,37.14,34.9,36.64,1914260.0,45211556.0,39750000.0,0.048157484276729556
2007-08-15,36.7,37.01,35.02,35.74,1635229.0,38153160.0,39750000.0,0.041137836477987424
2007-08-16,35.74,35.94,34.41,35.06,1573281.0,35831411.0,39750000.0,0.0395793962264151
2007-08-17,35.11,36.07,35.1,35.34,1520762.0,35415015.0,39750000.0,0.03825816352201258
2007-08-20,35.94,36.39,35.51,36.24,1839011.0,43388435.0,39750000.0,0.04626442767295597
2007-08-21,36.39,36.85,35.32,35.77,1692935.0,39669145.0,39750000.0,0.04258955974842767
2007-08-22,35.16,37.24,34.87,36.85,3442746.0,82574578.0,39750000.0,0.08660996226415095
2007-08-23,36.85,37.47,36.24,36.59,2264536.0,54420712.0,39750000.0,0.05696945911949686
2007-08-24,36.55,36.98,36.17,36.24,2115737.0,50338960.0,39750000.0,0.053226088050314466
2007-08-27,36.24,36.55,35.14,35.19,2302591.0,53537122.0,39750000.0,0.057926817610062895
2007-08-28,35.17,35.25,33.95,34.56,2159460.0,48597630.0,39750000.0,0.054326037735849056
2007-08-30,34.64,35.4,33.96,35.16,1982522.0,45112407.0,39750000.0,0.049874767295597484
2007-08-31,35.25,35.55,34.25,34.93,1459233.0,33153950.0,39750000.0,0.036710264150943396
2007-09-03,34.93,35.94,34.48,35.42,2755045.0,63358839.0,39750000.0,0.06930930817610063
2007-09-04,35.63,35.72,34.45,34.76,1433774.0,32684095.0,39750000.0,0.036069786163522015
2007-09-05,35.17,38.23,34.56,38.23,5639058.0,137250576.0,39750000.0,0.14186309433962263
2007-09-06,39.07,42.05,38.4,42.05,8509218.0,228851913.0,39750000.0,0.21406837735849057
2007-09-07,42.36,46.03,42.13,43.58,10668996.0,308915586.0,39750000.0,0.2684024150943396
2007-09-10,43.73,43.73,39.22,40.45,4896423.0,129878390.0,39750000.0,0.12318045283018868
2007-09-11,39.76,41.29,36.7,36.7,4864225.0,124223332.0,39750000.0,0.12237044025157233
2007-09-12,36.7,37.39,34.25,35.61,3374383.0,78042786.0,39750000.0,0.08489013836477988
2007-09-13,35.65,37.47,34.87,36.49,2811431.0,65950453.0,39750000.0,0.07072782389937107
2007-09-14,36.52,39.73,34.99,38.58,4245483.0,103361136.0,39750000.0,0.1068046037735849
2007-09-17,37.6,39.76,37.16,37.88,2723473.0,68391569.0,39750000.0,0.06851504402515723
2007-09-18,37.13,37.92,35.95,37.07,2456957.0,58959427.0,39750000.0,0.061810238993710694
2007-09-19,36.78,36.78,35.8,35.91,1462035.0,34492650.0,39750000.0,0.03678075471698113
2007-09-20,35.94,38.02,35.94,36.56,1469399.0,35493781.0,39750000.0,0.03696601257861635
2007-09-21,37.47,37.47,35.48,35.92,1342054.0,31542800.0,39750000.0,0.03376236477987422
2007-09-24,36.55,36.55,35.02,35.32,1335380.0,30877750.0,39750000.0,0.03359446540880503
2007-09-25,35.65,35.75,35.11,35.49,1106584.0,25580210.0,39750000.0,0.027838591194968555
2007-09-26,35.25,37.31,35.25,36.23,2488426.0,59495843.0,39750000.0,0.06260191194968553
2007-09-27,35.63,36.36,35.17,35.6,1189700.0,27631861.0,39750000.0,0.029929559748427672
2007-09-28,35.74,36.24,35.32,35.74,1181637.0,27714625.0,39750000.0,0.029726716981132075
2007-10-08,36.47,36.7,35.2,35.35,1092437.0,25300203.0,39750000.0,0.027482691823899372
2007-10-09,35.19,37.91,35.19,37.24,3164810.0,76730563.0,39750000.0,0.07961786163522012
2007-10-10,37.3,37.74,35.94,36.35,2021252.0,48159417.0,39750000.0,0.050849106918239
2007-10-11,36.41,39.99,35.97,39.99,5134857.0,130086232.0,39750000.0,0.12917879245283018
2007-10-12,40.75,42.5,37.16,38.84,6841957.0,180157351.0,39750000.0,0.17212470440251573
2007-10-15,38.25,41.44,36.7,39.28,3896075.0,99225151.0,39750000.0,0.09801446540880503
2007-10-16,38.69,40.52,37.8,39.65,3072877.0,80037854.0,39750000.0,0.07730508176100628
2007-10-17,39.74,40.45,38.15,38.77,1822410.0,46871125.0,39750000.0,0.04584679245283019
2007-10-18,38.61,38.77,36.09,36.12,1711093.0,41264419.0,39750000.0,0.04304636477987421
2007-10-19,35.19,36.7,35.19,35.72,1269675.0,29726343.0,39750000.0,0.03194150943396226
2007-10-22,35.78,35.78,34.12,34.25,1055647.0,24217264.0,39750000.0,0.026557157232704402
2007-10-23,34.18,36.04,34.18,35.1,888781.0,20339753.0,39750000.0,0.022359270440251572
2007-10-24,35.46,35.98,34.41,34.96,967244.0,22261520.0,39750000.0,0.024333182389937105
2007-10-25,34.44,35.17,31.47,31.5,1371491.0,29115786.0,39750000.0,0.03450291823899371
2007-10-26,30.63,31.32,28.44,30.4,1264810.0,24483759.0,39750000.0,0.03181911949685535
2007-10-29,30.4,30.65,28.6,29.41,1145824.0,21933194.0,39750000.0,0.028825761006289308
2007-10-30,29.44,30.58,29.44,30.13,827596.0,16247057.0,39750000.0,0.020820025157232705
2007-10-31,30.49,31.53,29.97,31.53,1194032.0,24295208.0,39750000.0,0.030038540880503145
2007-11-01,31.93,31.93,30.28,30.4,825875.0,16536978.0,39750000.0,0.02077672955974843
2007-11-02,29.82,29.82,28.6,29.04,997938.0,18988070.0,39750000.0,0.025105358490566037
2007-11-05,28.73,28.75,26.76,28.03,957500.0,17378451.0,39750000.0,0.02408805031446541
2007-11-06,26.78,28.9,26.78,27.77,627948.0,11549942.0,39750000.0,0.01579743396226415
2007-11-07,27.54,28.44,27.04,27.75,787820.0,14195564.0,39750000.0,0.01981937106918239
2007-11-08,27.77,28.06,26.0,26.0,650490.0,11475855.0,39750000.0,0.016364528301886793
2007-11-09,25.69,25.94,23.82,24.15,971577.0,15612415.0,39750000.0,0.02444218867924528
2007-11-12,23.87,23.87,22.01,22.8,1378855.0,20621863.0,39750000.0,0.03468817610062893
2007-11-13,22.8,24.7,22.8,23.75,1201302.0,18652671.0,39750000.0,0.03022143396226415
2007-11-14,24.01,24.5,23.52,24.5,875233.0,13787624.0,39750000.0,0.022018440251572326
2007-11-15,24.62,24.62,23.78,23.87,743456.0,11784545.0,39750000.0,0.018703295597484276
2007-11-16,23.86,26.26,23.7,26.26,1133582.0,19049210.0,39750000.0,0.02851778616352201
2007-11-19,28.89,28.89,28.89,28.89,399229.0,7541436.0,39750000.0,0.010043496855345911
2007-11-20,30.06,31.78,29.05,30.86,5295730.0,105804257.0,39750000.0,0.13322591194968553
2007-11-21,29.82,32.65,28.75,31.15,4218796.0,84930830.0,39750000.0,0.10613323270440252
2007-11-22,30.26,31.96,28.06,28.89,2393281.0,47824434.0,39750000.0,0.06020832704402516
2007-11-23,28.58,30.48,28.29,28.98,1588320.0,30454953.0,39750000.0,0.039957735849056604
2007-11-26,28.99,30.08,28.14,28.31,1214932.0,23018665.0,39750000.0,0.030564327044025157
2007-11-27,27.54,27.98,26.07,26.76,1287046.0,22785588.0,39750000.0,0.03237851572327044
2007-11-28,26.61,29.44,26.13,29.44,3090644.0,57989537.0,39750000.0,0.07775205031446542
2007-11-29,29.28,30.4,27.98,29.61,2808046.0,53695781.0,39750000.0,0.07064266666666667
2007-11-30,28.75,30.02,28.52,28.55,1511687.0,28799027.0,39750000.0,0.038029861635220125
2007-12-03,27.54,28.55,27.53,27.95,850182.0,15535875.0,39750000.0,0.02138822641509434
2007-12-04,28.0,28.73,27.95,28.6,717270.0,13251678.0,39750000.0,0.018044528301886794
2007-12-05,28.49,29.41,27.95,28.78,880452.0,16603869.0,39750000.0,0.022149735849056603
2007-12-06,28.79,31.61,28.29,30.98,2966602.0,58844516.0,39750000.0,0.07463149685534591
2007-12-07,30.28,31.87,29.9,30.74,2280092.0,46045032.0,39750000.0,0.05736080503144654
2007-12-10,30.43,31.81,29.85,31.27,1895434.0,38437505.0,39750000.0,0.04768387421383648
2007-12-11,31.29,34.25,31.29,32.8,3409569.0,73570833.0,39750000.0,0.08577532075471699
2007-12-12,32.57,33.87,32.11,33.0,2145973.0,46649278.0,39750000.0,0.05398674213836478
2007-12-13,32.89,33.64,31.12,31.2,1845789.0,39003427.0,39750000.0,0.04643494339622641
2007-12-14,30.75,34.32,29.82,34.32,3726106.0,80191228.0,39750000.0,0.09373851572327044
2007-12-17,34.87,36.69,34.32,35.8,5466662.0,128568974.0,39750000.0,0.13752608805031447
2007-12-18,35.63,36.36,34.42,35.37,2121962.0,48679233.0,39750000.0,0.05338269182389937
2007-12-19,35.4,36.39,34.82,36.24,2313796.0,54052397.0,39750000.0,0.05820870440251572
2007-12-20,36.53,37.31,35.78,36.2,1947171.0,46488441.0,39750000.0,0.04898543396226415
2007-12-21,35.94,36.69,35.4,35.92,1912636.0,44825503.0,39750000.0,0.04811662893081761
2007-12-24,36.18,38.0,35.95,37.04,3288272.0,80240238.0,39750000.0,0.08272382389937107
2007-12-25,37.47,37.47,36.09,36.7,1664199.0,40024438.0,39750000.0,0.04186664150943396
2007-12-26,36.7,37.43,36.39,36.98,1619772.0,38982114.0,39750000.0,0.04074898113207547
2007-12-27,37.16,38.0,36.78,37.24,2011463.0,49168187.0,39750000.0,0.0506028427672956
2007-12-28,37.25,37.92,36.21,37.25,2327340.0,56492064.0,39750000.0,0.05854943396226415
2008-01-02,37.3,39.1,36.39,38.32,3248655.0,80873849.0,39750000.0,0.08172716981132075
2008-01-03,38.51,39.45,38.09,38.54,2230222.0,56686390.0,39750000.0,0.056106213836477986
2008-01-04,38.38,38.54,37.57,37.92,1846949.0,45781270.0,39750000.0,0.046464125786163525
2008-01-07,37.56,38.67,37.4,37.69,1637424.0,40532657.0,39750000.0,0.041193056603773585
2008-01-08,37.68,39.27,37.3,38.46,2889823.0,72381514.0,39750000.0,0.07269994968553459
2008-01-09,38.23,39.39,37.62,39.22,2726008.0,68882304.0,39750000.0,0.06857881761006289
2008-01-10,39.27,41.72,38.99,40.68,4460758.0,118525080.0,39750000.0,0.11222032704402515
2008-01-11,40.68,41.26,39.71,40.03,1902017.0,50022951.0,39750000.0,0.04784948427672956
2008-01-14,40.22,42.01,40.19,41.69,3137273.0,85003022.0,39750000.0,0.078925106918239
2008-01-15,42.21,42.21,40.51,40.88,2134657.0,57539732.0,39750000.0,0.05370206289308176
2008-01-16,40.22,40.8,39.01,39.12,1994900.0,51408793.0,39750000.0,0.05018616352201258
2008-01-17,39.09,39.53,35.94,36.7,1814867.0,44299386.0,39750000.0,0.04565703144654088
2008-01-18,36.75,37.69,36.09,37.45,1032094.0,25038864.0,39750000.0,0.02596462893081761
2008-01-21,37.45,37.86,35.14,37.16,1367259.0,32942041.0,39750000.0,0.03439645283018868
2008-01-23,35.17,40.22,35.17,39.76,4873898.0,122610892.0,39750000.0,0.12261378616352202
2008-01-24,40.52,42.05,39.93,40.95,6204619.0,167268562.0,39750000.0,0.15609104402515722
2008-01-25,41.29,41.35,38.23,38.95,2503884.0,64927889.0,39750000.0,0.0629907924528302
2008-01-28,38.2,38.84,35.05,35.05,1630735.0,38638255.0,39750000.0,0.04102477987421384
2008-01-29,34.39,36.39,33.64,34.87,1080752.0,24676135.0,39750000.0,0.027188729559748426
2008-01-30,34.94,35.92,33.64,34.48,798663.0,17993839.0,39750000.0,0.020092150943396225
2008-01-31,33.66,34.5,31.21,31.27,1247766.0,26409822.0,39750000.0,0.03139033962264151
2008-02-01,30.6,31.2,28.15,28.35,1653710.0,31004150.0,39750000.0,0.04160276729559748
2008-02-04,28.75,31.18,28.75,31.18,943635.0,18788115.0,39750000.0,0.023739245283018868
2008-02-05,32.1,32.8,30.58,31.96,1137271.0,23772004.0,39750000.0,0.028610591194968553
2008-02-13,32.31,32.33,30.69,31.07,538316.0,11082042.0,39750000.0,0.013542540880503145
2008-02-14,31.35,31.91,30.75,31.32,485427.0,9940961.0,39750000.0,0.012212
2008-02-15,31.15,31.15,29.68,30.57,674763.0,13349104.0,39750000.0,0.016975169811320755
2008-02-18,30.74,32.08,30.74,32.08,1017251.0,20887660.0,39750000.0,0.025591220125786164
2008-02-19,32.57,32.85,31.85,32.39,1153367.0,24343214.0,39750000.0,0.029015522012578617
2008-02-20,32.45,32.88,31.88,32.04,1034986.0,21934429.0,39750000.0,0.026037383647798742
2008-02-21,32.05,32.05,30.81,31.81,749533.0,15348122.0,39750000.0,0.01885617610062893
2008-02-22,31.5,31.75,29.9,30.51,833573.0,16634708.0,39750000.0,0.02097038993710692
2008-02-25,30.51,30.89,28.5,28.5,695866.0,13284826.0,39750000.0,0.01750606289308176
2008-02-26,28.9,29.88,27.88,28.61,619353.0,11578080.0,39750000.0,0.015581207547169811
2008-02-27,28.61,29.82,28.61,29.67,525136.0,10100435.0,39750000.0,0.013210968553459119
2008-02-28,30.26,30.26,28.75,29.67,523336.0,10058994.0,39750000.0,0.013165685534591194
2008-02-29,29.05,30.23,29.05,29.85,651158.0,12708047.0,39750000.0,0.016381333333333335
2008-03-03,29.71,32.83,29.05,32.83,2243409.0,46873033.0,39750000.0,0.056437962264150945
2008-03-04,33.03,35.02,32.57,33.06,2910136.0,64440137.0,39750000.0,0.07321096855345911
2008-03-05,32.57,34.25,31.73,33.06,1281736.0,27784823.0,39750000.0,0.03224493081761006
2008-03-06,32.65,33.49,32.04,32.66,1168449.0,24815403.0,39750000.0,0.029394943396226416
2008-03-07,32.5,32.5,31.65,31.81,557219.0,11614867.0,39750000.0,0.014018088050314466
2008-03-10,31.04,31.81,30.35,30.97,539289.0,10957472.0,39750000.0,0.013567018867924528
2008-03-11,30.28,31.33,28.89,31.24,633035.0,12459898.0,39750000.0,0.015925408805031446
2008-03-12,31.49,32.88,30.61,30.61,599331.0,12456385.0,39750000.0,0.015077509433962265
2008-03-13,29.67,30.74,29.09,29.76,483488.0,9363400.0,39750000.0,0.012163220125786163
2008-03-14,29.76,30.35,29.09,30.13,395177.0,7700382.0,39750000.0,0.009941559748427673
2008-03-17,30.16,30.16,27.11,27.11,490789.0,9102757.0,39750000.0,0.012346893081761007
2008-03-18,27.11,27.17,24.41,24.41,826820.0,13552288.0,39750000.0,0.02080050314465409
2008-03-19,24.62,25.84,24.47,25.66,695040.0,11483829.0,39750000.0,0.017485283018867925
2008-03-20,25.61,27.14,23.47,26.33,800790.0,13320096.0,39750000.0,0.02014566037735849
2008-03-21,26.23,27.19,25.69,26.61,604418.0,10540808.0,39750000.0,0.01520548427672956
2008-03-24,27.14,27.3,25.8,25.8,534310.0,9256612.0,39750000.0,0.013441761006289308
2008-03-25,25.38,25.98,24.47,25.45,415261.0,6870621.0,39750000.0,0.010446817610062893
2008-03-26,25.38,26.97,25.23,26.2,560516.0,9627503.0,39750000.0,0.01410103144654088
2008-03-27,26.15,26.15,24.47,24.47,459691.0,7508853.0,39750000.0,0.011564553459119498
2008-03-28,24.19,25.16,22.86,25.05,588458.0,9323841.0,39750000.0,0.014803974842767296
2008-03-31,24.13,25.0,23.18,23.82,305074.0,4820049.0,39750000.0,0.007674817610062893
2008-04-01,24.5,24.5,21.44,21.55,590291.0,8586953.0,39750000.0,0.014850088050314465
2008-04-02,21.55,22.28,19.67,19.79,560127.0,7551121.0,39750000.0,0.014091245283018868
2008-04-03,19.8,20.58,18.87,20.32,551381.0,7037424.0,39750000.0,0.013871220125786163
2008-04-07,19.88,22.36,19.27,22.36,1104064.0,15763203.0,39750000.0,0.02777519496855346
2008-04-08,22.88,24.01,22.19,22.94,1504754.0,22686202.0,39750000.0,0.0378554465408805
2008-04-09,22.78,23.63,21.5,21.71,795583.0,11836755.0,39750000.0,0.020014666666666667
2008-04-10,20.66,22.48,20.66,22.36,472570.0,6801422.0,39750000.0,0.011888553459119497
2008-04-11,22.4,23.21,22.39,22.63,354399.0,5245979.0,39750000.0,0.008915698113207547
2008-04-14,22.62,22.62,20.8,20.93,418840.0,5878298.0,39750000.0,0.01053685534591195
2008-04-15,21.36,22.4,20.8,22.25,338684.0,4748875.0,39750000.0,0.008520352201257861
2008-04-16,22.11,22.77,21.56,21.93,386892.0,5615404.0,39750000.0,0.009733132075471699
2008-04-17,21.71,22.78,20.89,21.32,344513.0,4891531.0,39750000.0,0.008666993710691824
2008-04-18,21.26,21.26,19.73,19.73,367160.0,4861293.0,39750000.0,0.009236729559748427
2008-04-21,20.98,21.56,19.73,20.02,469917.0,6310076.0,39750000.0,0.011821811320754718
2008-04-22,20.0,20.0,18.26,19.63,292941.0,3660414.0,39750000.0,0.007369584905660378
2008-04-23,19.73,20.64,19.39,20.43,414473.0,5454315.0,39750000.0,0.010426993710691824
2008-04-24,22.3,22.48,21.64,22.48,1493432.0,21706659.0,39750000.0,0.037570616352201255
2008-04-25,22.94,23.73,22.17,23.01,1358491.0,20456089.0,39750000.0,0.03417587421383648
2008-04-28,22.75,24.3,21.84,23.9,1331470.0,20385141.0,39750000.0,0.03349610062893082
2008-04-29,23.44,24.22,23.37,23.7,1160428.0,18089719.0,39750000.0,0.0291931572327044
2008-04-30,24.47,24.77,23.78,24.01,1421988.0,22471708.0,39750000.0,0.035773283018867924
2008-05-05,24.19,24.62,23.86,24.45,1218220.0,19297453.0,39750000.0,0.030647044025157232
2008-05-06,24.42,24.42,23.06,23.58,1075483.0,16689775.0,39750000.0,0.02705617610062893
2008-05-07,23.53,25.02,23.08,23.72,1885649.0,29988728.0,39750000.0,0.0474377106918239
2008-05-08,23.3,24.16,22.85,24.07,836738.0,12948757.0,39750000.0,0.021050012578616353
2008-05-09,24.04,26.23,23.52,25.8,3688872.0,60427202.0,39750000.0,0.09280181132075471
2008-05-12,25.08,28.01,24.79,26.91,2766813.0,47727905.0,39750000.0,0.06960535849056604
2008-05-13,26.0,26.91,24.93,25.66,1806993.0,30651477.0,39750000.0,0.045458943396226414
2008-05-14,25.05,26.03,25.05,25.69,1245277.0,20974070.0,39750000.0,0.03132772327044025
2008-05-15,25.97,26.46,25.51,25.69,1060089.0,18011514.0,39750000.0,0.02666890566037736
2008-05-16,25.55,26.15,24.28,24.6,1067024.0,17416950.0,39750000.0,0.02684337106918239
2008-05-19,24.47,24.47,23.63,24.24,641947.0,10087960.0,39750000.0,0.01614961006289308
2008-05-20,23.78,24.74,22.17,22.45,654487.0,10153442.0,39750000.0,0.01646508176100629
2008-05-21,22.46,23.24,21.26,22.95,858624.0,12285912.0,39750000.0,0.021600603773584904
2008-05-22,22.94,23.01,22.04,22.31,755874.0,11150663.0,39750000.0,0.01901569811320755
2008-05-23,22.31,22.86,21.53,21.79,545378.0,7836112.0,39750000.0,0.013720201257861634
2008-05-26,21.29,21.71,20.98,21.04,486335.0,6752426.0,39750000.0,0.012234842767295598
2008-05-27,20.97,21.56,20.97,21.26,390893.0,5451536.0,39750000.0,0.009833786163522013
2008-05-28,21.45,22.56,21.26,22.31,550136.0,7923157.0,39750000.0,0.013839899371069182
2008-05-29,22.25,22.25,21.41,21.45,369836.0,5295715.0,39750000.0,0.009304050314465408
2008-05-30,21.35,22.02,21.35,21.81,274515.0,3884695.0,39750000.0,0.0069060377358490565
2008-06-02,21.81,22.75,21.7,22.08,445659.0,6474955.0,39750000.0,0.01121154716981132
2008-06-03,22.14,22.66,21.53,22.05,454398.0,6544656.0,39750000.0,0.011431396226415095
2008-06-04,21.9,22.23,21.47,21.71,394210.0,5630022.0,39750000.0,0.009917232704402515
2008-06-05,22.02,23.26,21.61,22.34,1121102.0,16494698.0,39750000.0,0.02820382389937107
2008-06-06,22.17,22.86,21.99,22.11,1121331.0,16549653.0,39750000.0,0.028209584905660376
2008-06-10,23.24,24.33,22.71,24.33,5866240.0,92302243.0,39750000.0,0.1475783647798742
2008-06-13,23.86,23.96,21.9,23.24,4834407.0,70772507.0,39750000.0,0.12162030188679246
2008-06-16,23.09,25.57,21.42,24.24,4231247.0,65366235.0,39750000.0,0.10644646540880504
2008-06-17,24.47,25.83,23.78,24.67,6283664.0,102831037.0,39750000.0,0.15807959748427672
2008-06-18,24.77,26.15,22.2,25.54,5863047.0,92420035.0,39750000.0,0.14749803773584905
2008-06-19,24.53,24.93,22.98,22.98,2828565.0,44051975.0,39750000.0,0.0711588679245283
2008-06-20,21.1,23.98,20.97,21.19,2749561.0,39705052.0,39750000.0,0.06917134591194969
2008-06-23,21.19,21.19,19.07,19.07,2527407.0,32473134.0,39750000.0,0.06358256603773585
2008-06-24,18.96,19.86,18.44,19.5,1487779.0,18900157.0,39750000.0,0.03742840251572327
2008-06-25,19.15,21.18,19.11,20.95,2152258.0,28406963.0,39750000.0,0.05414485534591195
2008-06-26,20.67,21.23,20.2,20.64,1991072.0,26974428.0,39750000.0,0.050089861635220126
2008-06-27,19.88,19.94,18.58,18.99,1260197.0,15882586.0,39750000.0,0.03170306918238994
2008-06-30,18.58,19.62,18.58,19.19,802510.0,10043094.0,39750000.0,0.020188930817610064
2008-07-01,19.27,19.56,18.66,18.66,454138.0,5593584.0,39750000.0,0.01142485534591195
2008-07-02,18.63,19.21,18.63,18.78,534174.0,6614934.0,39750000.0,0.01343833962264151
2008-07-03,18.63,19.57,17.74,19.42,1465977.0,18192078.0,39750000.0,0.03687992452830189
2008-07-04,18.93,20.03,18.67,19.73,1143748.0,14498840.0,39750000.0,0.028773534591194968
2008-07-07,19.73,20.72,19.73,20.51,1407768.0,18798820.0,39750000.0,0.03541554716981132
2008-07-08,20.46,21.13,20.0,20.9,1480872.0,20007912.0,39750000.0,0.037254641509433965
2008-07-09,21.13,21.87,20.8,21.64,2251080.0,31336604.0,39750000.0,0.056630943396226416
2008-07-10,21.52,21.56,20.66,20.66,1239027.0,17185310.0,39750000.0,0.031170490566037736
2008-07-11,20.49,21.09,20.05,20.34,836254.0,11102487.0,39750000.0,0.02103783647798742
2008-07-14,20.17,20.55,19.96,20.41,931540.0,12337522.0,39750000.0,0.02343496855345912
2008-07-15,20.72,20.83,19.44,19.8,972208.0,12807725.0,39750000.0,0.02445806289308176
2008-07-16,19.65,19.76,18.37,18.84,705609.0,8789077.0,39750000.0,0.017751169811320754
2008-07-17,18.96,19.85,18.5,18.67,759325.0,9513423.0,39750000.0,0.01910251572327044
2008-07-18,19.1,19.57,18.58,19.54,779738.0,9744267.0,51500000.0,0.015140543689320388
2008-07-21,19.54,20.31,19.15,20.26,1103371.0,14363895.0,51500000.0,0.021424679611650486
2008-07-22,20.2,20.75,20.17,20.43,902462.0,12074205.0,51500000.0,0.017523533980582526
2008-07-23,20.54,21.03,20.19,20.34,897800.0,12110578.0,51500000.0,0.017433009708737863
2008-07-24,20.61,22.37,20.61,22.37,4904013.0,71293028.0,51500000.0,0.09522355339805826
2008-07-25,21.62,22.72,21.26,22.04,3566298.0,51673370.0,51500000.0,0.06924850485436893
2008-07-28,21.71,22.31,21.7,21.79,1549375.0,22196595.0,51500000.0,0.03008495145631068
2008-07-29,21.45,21.52,20.78,20.93,1268487.0,17432319.0,51500000.0,0.024630815533980582
2008-07-30,21.41,21.41,20.57,20.95,653142.0,8982979.0,51500000.0,0.012682368932038834
2008-07-31,20.95,21.26,20.64,20.87,621048.0,8480148.0,51500000.0,0.012059184466019418
2008-08-01,20.51,21.23,20.34,21.03,665289.0,9058706.0,51500000.0,0.012918233009708738
2008-08-04,21.04,22.14,20.77,21.26,1756362.0,24917635.0,51500000.0,0.03410411650485437
2008-08-05,21.26,21.53,19.42,19.57,1073328.0,14291333.0,51500000.0,0.020841320388349516
2008-08-06,19.7,19.88,18.67,19.57,732273.0,9301317.0,51500000.0,0.014218893203883495
2008-08-07,19.27,19.83,19.25,19.76,506410.0,6513588.0,51500000.0,0.009833203883495146
2008-08-08,19.73,20.14,18.63,18.66,708142.0,8968954.0,51500000.0,0.013750330097087378
2008-08-11,18.66,19.11,16.81,16.97,946949.0,10871347.0,51500000.0,0.01838735922330097
2008-08-12,16.81,17.23,16.33,16.79,505525.0,5555019.0,51500000.0,0.009816019417475728
2008-08-13,16.82,16.82,15.29,16.29,687862.0,7215969.0,51500000.0,0.01335654368932039
2008-08-14,15.75,16.55,15.75,16.33,460190.0,4915249.0,51500000.0,0.008935728155339806
2008-08-15,16.33,17.43,16.21,16.97,733428.0,8055244.0,51500000.0,0.014241320388349514
2008-08-18,16.99,16.99,15.44,16.09,716718.0,7663398.0,51500000.0,0.013916854368932039
2008-08-19,15.29,16.76,15.29,15.7,828311.0,8538591.0,51500000.0,0.016083708737864078
2008-08-20,15.58,17.28,15.44,17.23,2665390.0,28869568.0,51500000.0,0.051755145631067964
2008-08-21,16.64,18.96,16.53,18.04,3166199.0,37913069.0,51500000.0,0.06147959223300971
2008-08-22,17.89,18.5,16.71,18.04,1581905.0,18253095.0,51500000.0,0.030716601941747572
2008-08-25,17.74,18.58,17.51,18.04,557093.0,6554697.0,51500000.0,0.010817339805825242
2008-08-26,18.35,18.5,17.28,17.56,1233834.0,14590547.0,51500000.0,0.023957941747572816
2008-08-27,17.28,18.04,16.73,18.01,2563519.0,29528117.0,51500000.0,0.04977706796116505
2008-08-28,18.12,18.35,16.96,17.11,1602592.0,18383153.0,51500000.0,0.031118291262135923
2008-08-29,17.16,17.74,16.99,17.4,2089386.0,23605195.0,51500000.0,0.040570601941747574
2008-09-01,17.17,17.17,15.83,16.0,1027326.0,11066892.0,51500000.0,0.019948077669902912
2008-09-02,15.98,16.52,15.31,16.03,794432.0,8247130.0,51500000.0,0.015425864077669903
2008-09-03,15.93,16.13,15.38,15.61,598307.0,6129383.0,51500000.0,0.011617611650485436
2008-09-04,15.52,15.93,15.4,15.8,469245.0,4816611.0,51500000.0,0.009111553398058253
2008-09-05,15.44,15.58,14.83,14.83,935290.0,9313190.0,51500000.0,0.018160970873786406
2008-09-08,14.83,15.14,13.35,13.35,828006.0,7491517.0,51500000.0,0.01607778640776699
2008-09-09,13.61,13.61,12.57,13.0,587985.0,4983265.0,51500000.0,0.011417184466019418
2008-09-10,12.62,13.43,12.62,13.06,595586.0,5133184.0,51500000.0,0.011564776699029127
2008-09-11,13.0,13.3,12.66,12.78,446424.0,3755707.0,51500000.0,0.00866842718446602
2008-09-12,12.98,12.98,12.78,12.94,382918.0,3228621.0,51500000.0,0.0074353009708737865
2008-09-16,12.8,12.92,12.26,12.74,483797.0,3986271.0,51500000.0,0.00939411650485437
2008-09-17,12.69,12.95,12.31,12.34,387222.0,3197324.0,51500000.0,0.007518873786407767
2008-09-18,12.11,12.13,11.1,11.61,854485.0,6363087.0,51500000.0,0.016591941747572815
2008-09-19,12.69,12.77,12.42,12.77,787863.0,6541303.0,51500000.0,0.01529831067961165
2008-09-22,13.61,14.05,12.81,13.79,1938605.0,17199738.0,51500000.0,0.037642815533980585
2008-09-23,13.3,13.3,12.42,12.42,1118100.0,9256334.0,51500000.0,0.021710679611650484
2008-09-24,11.71,12.46,11.7,12.46,731302.0,5775879.0,51500000.0,0.014200038834951457
2008-09-25,12.23,13.53,12.23,12.85,1248218.0,10552593.0,51500000.0,0.024237242718446603
2008-09-26,12.71,13.07,12.71,12.81,643644.0,5398383.0,51500000.0,0.012497941747572815
2008-10-06,12.69,12.81,12.26,12.57,524295.0,4310849.0,51500000.0,0.010180485436893203
2008-10-07,11.93,12.62,11.93,12.31,363686.0,2930826.0,51500000.0,0.007061864077669903
2008-10-08,12.14,12.46,11.65,11.91,230790.0,1827668.0,51500000.0,0.0044813592233009705
2008-10-09,12.0,12.36,11.7,11.7,340370.0,2682637.0,51500000.0,0.006609126213592233
2008-10-10,11.59,11.59,10.63,10.63,458480.0,3250461.0,51500000.0,0.00890252427184466
2008-10-13,10.09,10.58,9.8,10.57,468539.0,3122158.0,51500000.0,0.009097844660194174
2008-10-14,10.78,11.01,10.55,10.55,691739.0,4886291.0,51500000.0,0.013431825242718447
2008-10-15,10.35,10.69,9.94,10.17,302799.0,2024125.0,51500000.0,0.005879592233009709
2008-10-16,10.03,10.03,9.25,9.25,337774.0,2135537.0,51500000.0,0.006558718446601942
2008-10-17,9.27,9.57,9.27,9.36,360104.0,2212488.0,51500000.0,0.006992310679611651
2008-10-20,9.3,10.29,9.28,10.29,657133.0,4305017.0,51500000.0,0.012759864077669903
2008-10-21,10.9,11.15,10.51,10.57,2015844.0,14388418.0,51500000.0,0.039142601941747575
2008-10-22,10.09,10.99,9.96,10.55,1308313.0,8981353.0,51500000.0,0.025404135922330096
2008-10-23,10.09,10.51,9.96,10.34,625180.0,4202746.0,51500000.0,0.012139417475728156
2008-10-24,10.34,10.67,10.09,10.22,578317.0,3906315.0,51500000.0,0.011229456310679611
2008-10-27,10.02,10.63,9.44,10.63,1859187.0,12487842.0,51500000.0,0.03610071844660194
2008-10-28,10.03,11.3,10.03,10.95,1997337.0,13976443.0,51500000.0,0.0387832427184466
2008-10-29,11.01,11.24,10.25,10.25,1152662.0,7945233.0,51500000.0,0.02238178640776699
2008-10-30,10.38,10.46,9.89,10.38,803250.0,5355447.0,51500000.0,0.015597087378640778
2008-10-31,10.22,10.38,9.91,9.97,392839.0,2589382.0,51500000.0,0.007627941747572815
2008-11-03,9.94,10.08,9.71,9.74,336752.0,2162712.0,51500000.0,0.006538873786407767
2008-11-04,9.48,10.02,9.33,9.85,564969.0,3575109.0,51500000.0,0.010970271844660194
2008-11-05,9.86,10.25,9.74,10.08,738432.0,4853985.0,51500000.0,0.014338485436893204
2008-11-06,9.94,10.55,9.71,10.26,943298.0,6236136.0,51500000.0,0.018316466019417475
2008-11-07,9.94,10.32,9.83,10.15,747276.0,4930893.0,51500000.0,0.01451021359223301
2008-11-10,10.25,10.95,10.25,10.92,1640124.0,11433193.0,51500000.0,0.03184706796116505
2008-11-11,10.87,10.9,10.43,10.47,1301669.0,9092393.0,51500000.0,0.025275126213592233
2008-11-12,10.58,10.84,10.44,10.77,740720.0,5164863.0,51500000.0,0.014382912621359224
2008-11-13,10.73,11.27,10.54,11.16,1775579.0,12814979.0,51500000.0,0.03447726213592233
2008-11-14,11.36,12.28,11.16,12.28,2886067.0,22511484.0,51500000.0,0.0560401359223301
2008-11-17,12.85,13.41,12.54,13.0,4086763.0,34409384.0,51500000.0,0.0793546213592233
2008-11-18,12.36,12.81,11.7,11.7,2347797.0,18826112.0,51500000.0,0.04558829126213592
2008-11-19,11.39,12.74,11.39,12.59,1698299.0,13373410.0,51500000.0,0.03297667961165048
2008-11-20,12.2,12.98,11.96,12.62,2140670.0,17577680.0,51500000.0,0.04156640776699029
2008-11-21,12.46,12.66,11.71,12.22,1464116.0,11684491.0,51500000.0,0.028429436893203885
2008-11-24,12.13,12.62,11.93,11.93,854752.0,6853469.0,51500000.0,0.016597126213592234
2008-11-25,12.23,12.26,11.47,11.7,609367.0,4715806.0,51500000.0,0.011832368932038834
2008-11-26,11.56,11.85,11.48,11.68,586974.0,4482221.0,51500000.0,0.011397553398058253
2008-11-27,12.59,12.63,11.71,11.74,1001258.0,7993353.0,51500000.0,0.01944190291262136
2008-11-28,11.7,12.26,11.59,11.87,871418.0,6826124.0,51500000.0,0.01692073786407767
2008-12-01,11.94,12.52,11.94,12.4,1394478.0,11197902.0,51500000.0,0.027077242718446602
2008-12-02,12.22,12.85,12.1,12.54,1585123.0,13006678.0,51500000.0,0.030779087378640775
2008-12-03,12.77,13.11,12.57,13.01,2080731.0,17546350.0,51500000.0,0.04040254368932039
2008-12-04,13.15,14.31,13.07,13.46,4807298.0,43900252.0,51500000.0,0.09334559223300971
2008-12-05,13.17,14.01,13.17,13.82,3305523.0,29249146.0,51500000.0,0.06418491262135922
2008-12-08,13.95,14.53,13.7,14.11,2700967.0,24813118.0,51500000.0,0.052445961165048544
2008-12-10,13.56,14.1,13.3,14.04,1850148.0,16645366.0,51500000.0,0.03592520388349515
2008-12-11,13.99,14.21,13.46,13.47,1517331.0,13724787.0,51500000.0,0.02946273786407767
2008-12-12,13.15,13.46,12.17,12.51,1385461.0,11619581.0,51500000.0,0.026902155339805826
2008-12-15,12.72,13.06,12.51,12.74,866159.0,7223951.0,51500000.0,0.0168186213592233
2008-12-16,12.72,13.03,12.39,12.94,666576.0,5521800.0,51500000.0,0.012943223300970873
2008-12-17,13.14,13.53,12.95,13.21,1098844.0,9557159.0,51500000.0,0.021336776699029125
2008-12-18,13.18,13.58,13.18,13.58,1008101.0,8850595.0,51500000.0,0.019574776699029125
2008-12-19,13.59,14.01,13.52,13.53,1184953.0,10659021.0,51500000.0,0.023008796116504856
2008-12-22,13.43,14.22,13.38,14.19,1999771.0,18156272.0,51500000.0,0.03883050485436893
2008-12-23,14.22,14.66,13.75,13.95,4503975.0,41945268.0,51500000.0,0.08745582524271844
2008-12-24,13.78,15.32,13.32,15.32,5201597.0,48755192.0,51500000.0,0.10100188349514563
2008-12-25,14.99,15.14,14.01,14.04,3130650.0,29892646.0,51500000.0,0.06078932038834951
2008-12-26,14.04,14.21,13.11,13.26,2315055.0,20396022.0,51500000.0,0.04495252427184466
2008-12-29,13.3,13.67,12.69,13.47,1312947.0,11233703.0,51500000.0,0.025494116504854367
2008-12-30,13.3,13.66,13.0,13.04,1071959.0,9309758.0,51500000.0,0.02081473786407767
2008-12-31,13.44,13.44,12.66,12.66,1061442.0,8944519.0,51500000.0,0.02061052427184466
2009-01-05,12.85,13.06,12.69,13.03,963619.0,8137136.0,51500000.0,0.01871104854368932
2009-01-06,13.03,13.61,13.03,13.61,1679252.0,14660543.0,51500000.0,0.03260683495145631
2009-01-07,13.61,14.19,13.53,13.81,1873194.0,17057498.0,51500000.0,0.03637269902912622
2009-01-08,13.7,14.08,13.46,13.63,1331970.0,11968017.0,51500000.0,0.025863495145631066
2009-01-09,13.63,14.07,13.63,13.99,1297020.0,11758485.0,51500000.0,0.025184854368932037
2009-01-12,14.04,14.3,13.81,14.04,1670057.0,15362763.0,51500000.0,0.03242829126213592
2009-01-13,14.01,14.01,13.27,13.3,1502715.0,13329153.0,51500000.0,0.02917893203883495
2009-01-14,13.29,13.92,13.12,13.79,1129641.0,10029764.0,51500000.0,0.021934776699029126
2009-01-15,13.67,13.9,13.53,13.79,1410647.0,12672800.0,51500000.0,0.027391203883495144
2009-01-16,13.79,14.8,13.79,14.66,3851473.0,36385248.0,51500000.0,0.07478588349514563
2009-01-19,14.74,14.86,14.07,14.21,2578690.0,24299142.0,51500000.0,0.050071650485436894
2009-01-20,14.11,14.41,14.11,14.36,1262432.0,11779307.0,51500000.0,0.024513242718446602
2009-01-21,14.25,14.25,13.92,13.99,1082678.0,9944856.0,51500000.0,0.021022873786407766
2009-01-22,14.37,14.6,14.08,14.24,1346827.0,12579389.0,51500000.0,0.02615198058252427
2009-01-23,14.11,14.19,13.58,13.7,1300721.0,11842667.0,51500000.0,0.02525671844660194
2009-02-02,13.7,13.9,13.3,13.73,1365510.0,12105525.0,51500000.0,0.0265147572815534
2009-02-03,13.47,14.3,13.47,14.16,1908996.0,17573874.0,51500000.0,0.03706788349514563
2009-02-04,14.08,14.53,14.08,14.47,2654228.0,24870208.0,51500000.0,0.05153840776699029
2009-02-05,14.37,15.28,14.33,14.6,3700437.0,35599636.0,51500000.0,0.07185314563106796
2009-02-06,14.6,15.25,14.6,15.11,3174987.0,31032160.0,51500000.0,0.06165023300970874
2009-02-09,15.25,15.55,14.85,15.35,3574005.0,35645264.0,51500000.0,0.06939815533980583
2009-02-10,15.48,15.87,15.08,15.78,3185059.0,32129036.0,51500000.0,0.06184580582524272
2009-02-11,15.54,17.25,15.41,16.39,5551264.0,59915412.0,51500000.0,0.10779153398058253
2009-02-12,16.41,16.52,15.64,16.48,2956950.0,31128500.0,51500000.0,0.05741650485436893
2009-02-13,16.48,17.1,16.36,16.7,2538100.0,27662850.0,51500000.0,0.049283495145631066
2009-02-16,16.81,17.2,16.74,17.13,2465483.0,27360980.0,51500000.0,0.04787345631067961
2009-02-17,17.2,17.39,16.36,16.38,2384717.0,26346004.0,51500000.0,0.04630518446601942
2009-02-18,16.06,16.82,16.0,16.52,2890097.0,31012818.0,51500000.0,0.05611838834951456
2009-02-19,17.43,18.17,16.52,17.77,8522580.0,99624248.0,51500000.0,0.16548699029126213
2009-02-20,16.97,18.32,16.59,18.2,5815254.0,66453900.0,51500000.0,0.11291755339805826
2009-02-23,18.35,20.02,17.71,19.65,7433684.0,92910120.0,51500000.0,0.1443433786407767
2009-02-24,19.34,19.79,18.12,18.35,4986633.0,61027932.0,51500000.0,0.09682782524271845
2009-02-25,18.63,18.78,17.31,17.92,2511583.0,29304928.0,51500000.0,0.04876860194174757
2009-02-26,17.89,18.18,16.13,16.67,1815104.0,20484458.0,51500000.0,0.03524473786407767
2009-02-27,15.37,16.29,15.0,15.0,2389847.0,24090664.0,51500000.0,0.04640479611650485
2009-03-02,14.68,15.4,14.37,15.2,1383419.0,13594339.0,51500000.0,0.026862504854368932
2009-03-03,14.83,15.54,14.53,15.31,1479771.0,14596638.0,51500000.0,0.028733417475728155
2009-03-04,15.37,16.06,15.14,15.98,2012742.0,20831770.0,51500000.0,0.039082368932038834
2009-03-05,16.03,16.33,15.32,15.83,2365940.0,24641744.0,51500000.0,0.04594058252427184
2009-03-06,15.43,16.18,15.37,16.03,1820437.0,18841638.0,51500000.0,0.03534829126213592
2009-03-09,16.5,16.5,15.52,15.55,1704961.0,17866422.0,51500000.0,0.03310603883495146
2009-03-10,15.54,16.0,15.0,15.9,1168368.0,11975762.0,51500000.0,0.022686757281553397
2009-03-11,16.09,16.26,15.34,15.61,1270471.0,13154284.0,51500000.0,0.024669339805825242
2009-03-12,15.52,15.63,14.83,15.41,1063976.0,10573089.0,51500000.0,0.020659728155339806
2009-03-13,15.44,15.54,15.08,15.12,902681.0,9052092.0,51500000.0,0.01752778640776699
2009-03-16,14.99,15.29,14.89,15.23,793245.0,7836474.0,51500000.0,0.015402815533980582
2009-03-17,15.29,15.9,15.17,15.9,1542366.0,15807747.0,51500000.0,0.029948854368932038
2009-03-18,15.96,16.59,15.9,16.35,2318873.0,24737156.0,51500000.0,0.045026660194174756
2009-03-19,16.36,16.76,15.87,16.62,2587597.0,27579372.0,51500000.0,0.050244601941747576
2009-03-20,16.62,16.62,16.09,16.39,1335055.0,14242664.0,51500000.0,0.025923398058252427
2009-03-23,16.39,16.88,16.33,16.88,2131699.0,23144470.0,51500000.0,0.04139221359223301
2009-03-24,16.99,17.25,16.82,17.05,1907414.0,21222220.0,51500000.0,0.03703716504854369
2009-03-25,16.87,18.34,16.59,18.17,5777088.0,67117008.0,51500000.0,0.11217646601941747
2009-03-26,18.14,18.81,17.89,18.37,7650078.0,92437424.0,51500000.0,0.14854520388349515
2009-03-27,18.47,18.47,17.77,17.88,3067642.0,35928568.0,51500000.0,0.0595658640776699
2009-03-30,17.88,18.14,17.45,17.49,1844513.0,21239482.0,51500000.0,0.03581578640776699
2009-03-31,16.94,17.3,16.65,17.28,1876545.0,20873184.0,51500000.0,0.03643776699029126
2009-04-01,17.28,18.08,17.22,17.91,2482171.0,28690928.0,51500000.0,0.04819749514563107
2009-04-02,17.86,18.38,17.51,18.03,3742176.0,43999288.0,51500000.0,0.07266361165048543
2009-04-03,18.01,18.63,17.92,18.08,2900996.0,34660180.0,51500000.0,0.05633001941747573
2009-04-07,18.11,18.15,17.59,17.75,1218602.0,14181776.0,51500000.0,0.023662174757281555
2009-04-08,17.63,17.72,16.94,17.72,1392533.0,15751806.0,51500000.0,0.02703947572815534
2009-04-09,17.4,17.66,17.07,17.43,871818.0,9872222.0,51500000.0,0.016928504854368934
2009-04-10,17.59,18.12,17.31,18.04,3064604.0,35861960.0,51500000.0,0.05950687378640777
2009-04-13,18.21,18.35,17.74,18.04,2114724.0,24935478.0,51500000.0,0.04106260194174757
2009-04-14,18.04,19.42,17.86,19.11,5784099.0,70971848.0,51500000.0,0.11231260194174757
2009-04-15,19.22,20.26,18.81,20.03,9174022.0,118529800.0,51500000.0,0.1781363495145631
2009-04-16,19.85,19.85,19.11,19.3,3512629.0,44436276.0,51500000.0,0.06820638834951456
2009-04-17,19.3,19.3,18.69,18.72,2405229.0,29657328.0,51500000.0,0.04670347572815534
2009-04-20,18.67,20.14,18.49,19.96,3744617.0,47431532.0,51500000.0,0.07271100970873787
2009-04-21,19.57,19.97,19.22,19.41,2751729.0,35204404.0,51500000.0,0.053431631067961165
2009-04-22,19.57,19.88,18.06,18.14,2269610.0,28146452.0,51500000.0,0.04407009708737864
2009-04-23,18.04,18.81,17.74,18.58,1668000.0,20009124.0,51500000.0,0.032388349514563104
2009-04-24,18.63,19.96,18.63,19.25,3763434.0,48103084.0,51500000.0,0.07307638834951456
2009-04-27,19.11,19.27,17.89,18.0,1998395.0,23842932.0,51500000.0,0.038803786407766994
2009-04-28,17.89,18.5,17.71,18.01,1098641.0,12989783.0,51500000.0,0.02133283495145631
2009-04-29,18.15,18.96,18.03,18.6,1280123.0,15437365.0,51500000.0,0.0248567572815534
2009-04-30,18.66,19.05,18.63,18.67,1044715.0,12841709.0,51500000.0,0.020285728155339806
2009-05-04,18.5,19.27,18.5,19.08,1339565.0,16719614.0,51500000.0,0.02601097087378641
2009-05-06,19.13,20.98,19.13,20.95,6549610.0,87278856.0,51500000.0,0.1271768932038835
2009-05-07,20.77,21.03,19.86,20.54,4682664.0,62495192.0,51500000.0,0.0909255145631068
2009-05-08,20.57,20.98,20.34,20.54,2830157.0,38093484.0,51500000.0,0.05495450485436893
2009-05-11,20.4,20.8,19.39,19.41,2470400.0,32515412.0,51500000.0,0.04796893203883495
2009-05-12,19.34,20.11,19.34,20.0,1772156.0,23015026.0,51500000.0,0.034410796116504855
2009-05-13,20.03,20.25,19.88,20.19,1489416.0,19547368.0,51500000.0,0.028920699029126213
2009-05-14,20.0,20.72,19.6,20.41,2140185.0,28285240.0,51500000.0,0.041556990291262134
2009-05-15,20.15,22.14,20.15,21.73,5722643.0,80147584.0,51500000.0,0.11111928155339806
2009-05-18,21.38,23.9,21.19,23.9,5597845.0,84783792.0,51500000.0,0.10869601941747573
2009-05-21,22.94,24.39,21.64,22.72,4007911.0,59860616.0,51500000.0,0.0778235145631068
2009-05-22,22.83,23.23,21.87,22.28,2207330.0,32174200.0,51500000.0,0.04286077669902913
2009-05-25,21.84,22.2,21.29,22.17,2142745.0,30517694.0,51500000.0,0.04160669902912621
2009-05-26,22.17,24.39,22.02,24.3,4466111.0,68945280.0,51500000.0,0.08672060194174758
2009-05-27,23.9,26.15,23.37,24.85,4778301.0,77814880.0,51500000.0,0.09278254368932039
2009-06-01,24.77,25.51,24.45,24.91,3021656.0,49189792.0,51500000.0,0.05867293203883495
2009-06-02,24.99,26.29,24.04,25.46,2668453.0,43797336.0,51500000.0,0.0518146213592233
2009-06-03,25.46,26.44,25.02,26.0,2247888.0,38153732.0,51500000.0,0.04364831067961165
2009-06-04,26.04,26.07,24.8,25.35,1799976.0,29842816.0,51500000.0,0.034950990291262134
2009-06-05,25.16,27.2,24.85,26.06,3083935.0,52766376.0,51500000.0,0.05988223300970874
2009-06-09,25.46,26.94,25.17,26.38,2716718.0,46749028.0,51500000.0,0.05275180582524272
2009-06-10,26.24,26.67,25.61,25.89,1567637.0,26570126.0,51500000.0,0.03043955339805825
2009-06-11,25.89,26.15,25.12,25.23,1372696.0,23000394.0,51500000.0,0.02665429126213592
2009-06-12,24.77,25.22,23.87,24.31,1768628.0,28365926.0,51500000.0,0.03434229126213592
2009-06-15,24.31,26.04,24.31,25.66,1676690.0,27624932.0,51500000.0,0.03255708737864078
2009-06-16,25.48,25.97,25.02,25.51,1277970.0,21269654.0,51500000.0,0.02481495145631068
2009-06-17,25.38,25.51,24.76,24.96,1393293.0,22756148.0,51500000.0,0.027054233009708738
2009-06-18,24.96,26.27,24.85,25.35,1988154.0,33331360.0,51500000.0,0.03860493203883495
2009-06-19,25.38,27.53,25.35,26.44,3177575.0,55395672.0,51500000.0,0.0617004854368932
2009-06-22,26.44,27.22,26.15,26.58,1862515.0,32242588.0,51500000.0,0.036165339805825245
2009-06-23,26.64,26.64,25.05,25.84,1826732.0,30820288.0,51500000.0,0.03547052427184466
2009-06-24,25.89,26.53,25.4,25.84,1055875.0,17877448.0,51500000.0,0.02050242718446602
2009-06-25,26.23,26.3,25.38,25.61,1344205.0,22557038.0,51500000.0,0.02610106796116505
2009-06-26,25.69,25.69,25.29,25.61,1018513.0,16938418.0,51500000.0,0.01977695145631068
2009-06-29,25.61,26.91,25.38,26.27,2075670.0,35846472.0,51500000.0,0.04030427184466019
2009-06-30,26.27,26.75,25.84,26.0,1462794.0,25063314.0,51500000.0,0.028403766990291263
2009-07-01,26.0,26.0,25.71,25.92,1077888.0,18202498.0,51500000.0,0.020929864077669905
2009-07-02,26.0,26.23,25.72,25.94,1242574.0,21067516.0,51500000.0,0.024127650485436893
2009-07-03,25.92,26.38,25.69,26.0,1484886.0,25391766.0,51500000.0,0.02883273786407767
2009-07-06,26.04,26.68,26.04,26.55,1685770.0,29032856.0,51500000.0,0.03273339805825243
2009-07-07,27.07,29.21,27.07,29.21,4340623.0,81623728.0,51500000.0,0.08428394174757281
2009-07-08,30.71,32.13,29.44,32.13,7234680.0,146832528.0,51500000.0,0.14047922330097087
2009-07-09,32.27,35.34,32.27,35.34,7910628.0,179829728.0,51500000.0,0.153604427184466
2009-07-13,36.7,37.69,34.41,35.78,8398542.0,197738304.0,51500000.0,0.1630784854368932
2009-07-14,34.9,35.78,34.61,35.51,4342132.0,99742872.0,51500000.0,0.0843132427184466
2009-07-15,35.32,35.32,34.71,35.17,3769272.0,86144840.0,51500000.0,0.07318974757281553
2009-07-16,35.52,35.6,34.39,34.94,3699672.0,84676008.0,51500000.0,0.07183829126213592
2009-07-17,34.71,35.35,34.41,34.79,2432073.0,55368248.0,51500000.0,0.04722471844660194
2009-07-20,34.62,35.49,34.61,34.93,2390377.0,54525948.0,51500000.0,0.04641508737864078
2009-07-21,34.91,38.41,34.73,38.41,8642256.0,212328128.0,51500000.0,0.16781079611650485
2009-07-22,37.43,38.08,36.32,37.68,5328994.0,129518192.0,51500000.0,0.10347561165048544
2009-07-23,37.01,39.76,36.64,37.83,4130679.0,103244456.0,51500000.0,0.08020735922330097
2009-07-24,37.69,37.69,36.26,36.69,3083830.0,74343816.0,51497900.0,0.059882635990982154
2009-07-27,36.69,37.77,35.6,37.33,3275032.0,79138552.0,51497900.0,0.06359544758135768
2009-07-28,37.77,37.77,36.7,36.85,3035302.0,73864776.0,51497900.0,0.058940306303752195
2009-07-29,36.85,36.88,33.17,34.1,2726384.0,62690265.0,174997900.0,0.01557952409714631
2009-07-30,33.95,35.17,33.64,34.61,1744912.0,39393760.0,174997900.0,0.009971045366830116
2009-07-31,34.79,36.21,34.79,35.86,1780796.0,41422072.0,174997900.0,0.010176099256048215
2009-08-03,36.01,38.54,36.01,37.43,3705140.0,91302496.0,174997900.0,0.021172482641220267
2009-08-04,37.37,37.37,35.48,36.55,1967841.0,46651192.0,174997900.0,0.011244940653573557
2009-08-05,36.47,38.08,35.71,37.31,2994803.0,72989560.0,174997900.0,0.017113365360384325
2009-08-06,36.82,36.82,35.75,35.78,1797811.0,42391960.0,174997900.0,0.010273328994233645
2009-08-07,35.74,36.26,33.69,34.44,1463562.0,34217024.0,174997900.0,0.008363311788312889
2009-08-10,34.71,35.45,33.64,34.7,1076050.0,24389138.0,174997900.0,0.006148930930028303
2009-08-11,34.7,36.32,34.56,35.78,1051104.0,24465020.0,174997900.0,0.006006380647996347
2009-08-12,35.6,36.24,33.95,34.19,974585.0,22315634.0,174997900.0,0.005569123972344811
2009-08-13,33.95,34.71,32.89,33.69,792870.0,17400482.0,174997900.0,0.004530740083166712
2009-08-14,33.8,33.87,30.48,31.75,1218106.0,25653434.0,174997900.0,0.006960689242556625
2009-08-17,31.04,31.04,28.57,28.57,1254283.0,24302682.0,174997900.0,0.00716741743758068
2009-08-18,28.11,30.23,27.68,30.06,1506861.0,29296680.0,174997900.0,0.00861073761456566
2009-08-19,30.13,30.84,27.98,28.83,1103860.0,21462936.0,174997900.0,0.0063078471227369015
2009-08-20,28.98,30.28,28.38,30.22,1253506.0,24294306.0,174997900.0,0.00716297738430004
2009-08-21,30.22,33.24,30.22,33.24,2314554.0,48782564.0,174997900.0,0.013226181571321712
2009-08-24,33.26,34.5,32.11,34.21,2770629.0,60593908.0,174997900.0,0.015832355702554146
2009-08-25,34.18,34.18,31.98,33.32,1674099.0,36073252.0,174997900.0,0.00956639479673756
2009-08-26,33.95,34.71,33.2,34.41,1829175.0,40866408.0,174997900.0,0.010452554002076597
2009-08-27,34.5,36.17,33.92,35.31,1962995.0,45415184.0,174997900.0,0.011217248892700997
2009-08-28,35.31,35.31,33.99,34.02,1119090.0,25167284.0,174997900.0,0.006394876738520862
2009-08-31,33.64,33.64,31.5,31.96,1186883.0,25128342.0,174997900.0,0.006782269958668075
2009-09-01,31.96,32.97,31.29,32.19,732020.0,15492952.0,174997900.0,0.004183021624830927
2009-09-02,31.81,32.19,31.16,31.68,762496.0,15763861.0,174997900.0,0.004357172286067433
2009-09-03,31.99,34.56,31.65,34.51,1004836.0,21599702.0,174997900.0,0.005741988903866847
2009-09-04,34.64,35.4,33.64,35.0,1647560.0,37498404.0,174997900.0,0.009414741548327152
2009-09-07,35.05,38.05,34.85,36.64,3327302.0,79604096.0,174997900.0,0.019013382446303642
2009-09-08,36.53,37.45,35.32,36.29,2253526.0,53849776.0,174997900.0,0.012877445957922923
2009-09-09,36.47,36.67,34.56,35.52,1842059.0,42970276.0,174997900.0,0.010526177742704342
2009-09-10,35.31,35.6,34.64,35.11,1211862.0,27825934.0,174997900.0,0.006925008814391487
2009-09-11,34.76,36.36,34.76,35.57,1285599.0,30130060.0,174997900.0,0.007346368156417877
2009-09-14,35.55,36.21,35.45,35.78,1263695.0,29579078.0,174997900.0,0.007221200940125567
2009-09-15,35.78,36.64,35.19,36.32,1633821.0,38575220.0,174997900.0,0.009336232034784418
2009-09-16,36.39,37.62,36.36,36.62,2243914.0,54148056.0,174997900.0,0.012822519584520728
2009-09-17,36.55,36.91,36.24,36.73,1724887.0,41272384.0,174997900.0,0.009856615422242209
2009-09-18,36.85,37.47,35.65,35.89,1723866.0,41461896.0,174997900.0,0.009850781066515655
2009-09-21,35.52,35.63,33.64,35.25,1152692.0,26094392.0,174997900.0,0.0065868904712570835
2009-09-22,35.26,38.06,35.26,36.62,3196389.0,77222328.0,174997900.0,0.018265299183590204
2009-09-23,36.24,36.55,35.86,35.95,1747976.0,41141924.0,174997900.0,0.009988554148364066
2009-09-24,35.97,36.06,33.64,34.88,1296235.0,29364678.0,174997900.0,0.007407146028609486
2009-09-25,34.87,34.87,34.02,34.33,545747.0,12270127.0,174997900.0,0.0031185917088147916
2009-09-28,34.36,35.16,32.28,32.42,539762.0,11883878.0,174997900.0,0.003084391298409867
2009-09-29,32.8,33.18,30.31,30.91,1055842.0,21477452.0,174997900.0,0.0060334552586059605
2009-09-30,31.35,32.08,31.35,31.58,456187.0,9452894.0,174997900.0,0.002606814138912524
2009-10-09,31.65,33.76,31.65,33.55,848606.0,18160358.0,174997900.0,0.004849235333681147
2009-10-12,33.63,33.76,32.94,33.72,801641.0,17555230.0,174997900.0,0.00458086068461393
2009-10-13,34.25,34.33,33.18,33.67,542021.0,11907622.0,174997900.0,0.003097300024743154
2009-10-14,33.5,34.19,33.5,33.75,837888.0,18523582.0,174997900.0,0.004787988884438042
2009-10-15,33.75,34.25,33.5,33.63,519598.0,11483802.0,174997900.0,0.0029691670585761313
2009-10-16,33.64,34.1,32.72,33.32,446062.0,9667265.0,174997900.0,0.0025489563017613353
2009-10-19,32.6,33.93,32.6,33.93,644548.0,14125353.0,174997900.0,0.0036831756266789487
2009-10-20,33.93,36.03,33.93,35.83,1818213.0,42072216.0,174997900.0,0.010389913250387576
2009-10-21,35.78,35.78,34.41,34.94,1042714.0,23890888.0,174997900.0,0.005958437215532301
2009-10-22,34.41,35.31,34.41,35.05,600916.0,13708573.0,174997900.0,0.0034338469204487597
2009-10-23,34.79,35.57,34.79,35.17,684434.0,15732533.0,174997900.0,0.003911098361751769
2009-10-26,35.17,35.32,34.42,34.77,496750.0,11288310.0,174997900.0,0.0028386054918373305
2009-10-27,34.71,34.74,33.26,33.26,940200.0,20811478.0,174997900.0,0.005372635900202231
2009-10-28,33.26,33.93,32.88,33.72,606698.0,13248854.0,174997900.0,0.0034668873169335173
2009-10-29,33.66,33.66,32.27,32.37,836700.0,17864860.0,174997900.0,0.004781200231545635
2009-10-30,32.5,33.92,32.5,33.02,636249.0,13843199.0,174997900.0,0.0036357522004549767
2009-11-02,32.88,33.92,32.11,33.76,522780.0,11446449.0,174997900.0,0.002987350133915893
2009-11-03,33.81,35.94,33.81,35.16,1599404.0,36776568.0,174997900.0,0.009139561103304668
2009-11-04,34.87,35.87,34.79,35.8,1611834.0,37465108.0,174997900.0,0.009210590527086325
2009-11-05,35.78,35.91,35.45,35.81,1296957.0,30307090.0,174997900.0,0.007411271792404366
2009-11-06,36.17,36.55,35.65,35.86,1260567.0,29630908.0,174997900.0,0.007203326439917279
2009-11-09,36.01,36.39,34.73,35.94,870593.0,20253546.0,174997900.0,0.004974876841379239
2009-11-10,35.71,37.24,35.66,37.19,2175018.0,52329244.0,174997900.0,0.012428823431595465
2009-11-11,37.08,37.62,36.52,37.34,1965676.0,47865136.0,174997900.0,0.011232569076543204
2009-11-12,37.16,38.99,37.11,38.09,2533093.0,63504060.0,174997900.0,0.014474990842747256
2009-11-13,38.11,38.98,37.47,38.03,1662602.0,41423904.0,174997900.0,0.009500696865505243
2009-11-16,37.86,39.12,37.86,38.21,2275732.0,57473016.0,174997900.0,0.013004338909209767
2009-11-17,38.08,38.08,37.08,37.62,1371780.0,33681432.0,174997900.0,0.007838836923185936
2009-11-18,37.6,38.18,37.13,37.51,1098668.0,26971446.0,174997900.0,0.006278178195281201
2009-11-19,37.51,37.91,37.51,37.59,1002724.0,24684140.0,174997900.0,0.00572992018761368
2009-11-20,37.59,38.69,37.16,38.26,1550495.0,38809440.0,174997900.0,0.008860077749504423
2009-11-23,38.21,42.08,37.95,42.08,3929168.0,105287912.0,174997900.0,0.022452658003324612
2009-11-24,44.35,44.74,41.75,43.17,6451448.0,182624064.0,174997900.0,0.03686585953317154
2009-11-25,42.22,47.48,41.82,47.48,6103257.0,180622384.0,174997900.0,0.034876172799787886
2009-11-26,47.83,51.99,47.56,50.39,6035093.0,196231120.0,174997900.0,0.03448665955420036
2009-11-27,48.78,48.93,45.36,47.44,3559032.0,110611144.0,174997900.0,0.020337569765122895
2009-11-30,47.33,52.18,45.89,52.18,5427095.0,176521952.0,174997900.0,0.03101234357669435
2009-12-01,51.53,53.97,50.63,52.6,4108649.0,140114592.0,174997900.0,0.023478276025026588
2009-12-02,51.92,52.56,50.43,51.58,3241033.0,108840704.0,174997900.0,0.018520410816358367
2009-12-03,50.46,51.66,49.67,50.36,2384607.0,78506928.0,174997900.0,0.013626489232156501
2009-12-04,50.07,51.2,48.02,49.15,2488228.0,80953096.0,174997900.0,0.014218616337681766
2009-12-07,50.31,51.38,49.85,50.22,1643013.0,54252220.0,174997900.0,0.009388758379386268
2009-12-08,50.77,51.08,48.83,49.39,1401820.0,45245900.0,174997900.0,0.008010496125953512
2009-12-09,47.99,50.17,47.41,48.78,923407.0,29745124.0,174997900.0,0.005276674748668412
2009-12-10,48.44,51.99,48.44,51.55,2689490.0,89057144.0,174997900.0,0.015368698710098806
2009-12-11,51.58,51.98,51.0,51.46,1535024.0,51686004.0,174997900.0,0.008771670974337406
2009-12-14,51.46,51.46,49.04,50.31,1177359.0,38458424.0,174997900.0,0.006727846448443096
2009-12-15,50.33,50.46,49.32,49.61,776486.0,25210480.0,174997900.0,0.004437116102536088
2009-12-16,49.32,50.13,48.93,49.07,630581.0,20291994.0,174997900.0,0.0036033632403588843
2009-12-17,48.8,49.55,46.66,47.18,771063.0,24091320.0,174997900.0,0.004406127159240197
2009-12-18,47.1,47.86,46.3,46.81,693050.0,21280846.0,174997900.0,0.003960333238284573
2009-12-21,46.75,48.75,46.61,48.69,1439178.0,44783480.0,174997900.0,0.008223972973389967
2009-12-22,48.67,48.67,46.66,47.05,1141606.0,35590676.0,174997900.0,0.006523541139636533
2009-12-23,46.79,47.66,46.64,47.37,437734.0,13543566.0,174997900.0,0.002501367159263054
2009-12-24,47.37,51.23,47.37,50.46,2461797.0,80610904.0,174997900.0,0.014067580239534304
2009-12-25,50.3,50.91,49.7,50.05,1093256.0,35901448.0,174997900.0,0.006247252109882462
2009-12-28,50.05,50.82,49.52,50.26,784364.0,25620470.0,174997900.0,0.004482133785605427
2009-12-29,50.62,50.77,49.67,50.28,708633.0,23234978.0,174997900.0,0.004049380021131682
2009-12-30,50.28,50.28,48.41,49.65,1603864.0,51282488.0,174997900.0,0.009165047123422624
2009-12-31,50.63,54.62,50.62,51.98,3331813.0,115005408.0,175000000.0,0.019038931428571427
2010-01-04,51.53,53.06,50.62,52.76,2237675.0,76338952.0,175000000.0,0.012786714285714285
2010-01-05,52.54,54.26,51.87,53.11,2057764.0,71820832.0,175000000.0,0.011758651428571429
2010-01-06,53.11,58.16,52.76,54.96,2256604.0,81589712.0,175000000.0,0.01289488
2010-01-07,54.59,54.59,52.62,53.22,1776687.0,62033812.0,175000000.0,0.010152497142857143
2010-01-08,52.79,53.57,50.92,53.55,1076647.0,36772332.0,175000000.0,0.006152268571428572
2010-01-11,53.22,54.24,52.01,52.3,884592.0,30732030.0,175000000.0,0.0050548114285714285
2010-01-12,52.3,53.51,51.53,52.76,806105.0,27594601.0,175000000.0,0.004606314285714286
2010-01-13,52.15,54.13,51.23,53.71,1701350.0,59421092.0,175000000.0,0.009722
2010-01-14,53.52,58.11,52.94,56.49,2045542.0,74323048.0,175000000.0,0.011688811428571429
2010-01-15,56.43,57.47,55.51,56.2,1172319.0,43257940.0,175000000.0,0.006698965714285714
2010-01-18,56.2,57.22,55.77,56.84,971399.0,35924988.0,175000000.0,0.005550851428571428
2010-01-19,57.19,60.56,56.12,59.26,1880748.0,71220224.0,175000000.0,0.010747131428571428
2010-01-20,59.36,60.11,57.97,58.17,1477453.0,56910604.0,175000000.0,0.008442588571428572
2010-01-21,57.96,58.95,55.82,58.38,859955.0,32620330.0,175000000.0,0.004914028571428571
2010-01-22,57.34,58.46,55.97,57.19,601309.0,22502078.0,175000000.0,0.0034360514285714286
2010-01-25,57.25,58.72,56.89,57.67,453681.0,17185198.0,175000000.0,0.002592462857142857
2010-01-26,56.82,58.11,51.99,54.88,1024568.0,37190540.0,175000000.0,0.005854674285714285
2010-01-27,53.9,55.36,52.96,53.54,554774.0,19535670.0,175000000.0,0.0031701371428571427
2010-01-28,53.54,54.58,53.54,54.21,282757.0,9988331.0,175000000.0,0.0016157542857142856
2010-01-29,54.03,55.79,53.54,55.65,420465.0,15208106.0,175000000.0,0.0024026571428571427
2010-02-01,55.65,56.76,54.59,55.66,405028.0,14740281.0,175000000.0,0.0023144457142857144
2010-02-02,55.82,56.73,54.87,54.87,337798.0,12262538.0,175000000.0,0.0019302742857142856
2010-02-03,54.87,55.36,51.99,54.36,536464.0,18792764.0,175000000.0,0.0030655085714285713
2010-02-04,54.3,54.59,52.76,54.36,601254.0,21106186.0,175000000.0,0.0034357371428571427
2010-02-05,53.52,53.52,51.99,52.93,413219.0,14197151.0,175000000.0,0.0023612514285714288
2010-02-08,52.93,53.48,52.08,52.18,231701.0,7939610.0,175000000.0,0.0013240057142857142
2010-02-09,51.7,52.6,51.17,51.2,714687.0,24231888.0,175000000.0,0.004083925714285714
2010-02-10,51.69,51.92,50.31,51.81,452716.0,15121184.0,175000000.0,0.0025869485714285715
2010-02-11,51.81,52.76,51.32,52.73,374053.0,12769381.0,175000000.0,0.0021374457142857143
2010-02-12,52.73,52.88,52.13,52.76,374778.0,12872425.0,175000000.0,0.0021415885714285714
2010-02-22,52.73,52.76,50.92,50.98,363189.0,12229815.0,175000000.0,0.0020753657142857144
2010-02-23,50.77,50.91,47.71,50.57,650000.0,20930518.0,175000000.0,0.0037142857142857142
2010-02-24,49.55,51.23,48.9,50.85,389628.0,12799419.0,175000000.0,0.0022264457142857144
2010-02-25,50.82,52.6,50.48,52.18,526500.0,17846324.0,175000000.0,0.0030085714285714286
2010-02-26,52.33,52.44,51.53,51.7,498450.0,16913542.0,175000000.0,0.0028482857142857142
2010-03-01,51.7,52.53,50.46,52.16,588005.0,19758894.0,175000000.0,0.0033600285714285713
2010-03-02,52.28,52.76,51.38,51.69,286919.0,9769814.0,175000000.0,0.001639537142857143
2010-03-03,51.53,52.44,50.78,51.76,308877.0,10450403.0,175000000.0,0.0017650114285714285
2010-03-04,51.76,52.42,50.48,50.56,422003.0,14219736.0,175000000.0,0.0024114457142857143
2010-03-05,50.54,51.21,49.85,50.04,212512.0,7002333.0,175000000.0,0.0012143542857142857
2010-03-08,50.19,54.75,49.7,53.83,1090644.0,37646752.0,175000000.0,0.006232251428571429
2010-03-09,53.98,57.76,53.22,56.58,1908133.0,69870816.0,175000000.0,0.010903617142857144
2010-03-10,56.58,57.79,55.23,57.16,910222.0,33872120.0,175000000.0,0.005201268571428571
2010-03-11,56.7,57.27,54.87,55.05,499672.0,18184940.0,175000000.0,0.0028552685714285713
2010-03-12,54.9,55.65,53.92,54.12,272406.0,9677321.0,175000000.0,0.0015566057142857143
2010-03-15,53.55,55.07,52.79,53.12,229435.0,8031754.0,175000000.0,0.0013110571428571428
2010-03-16,53.0,54.27,52.83,54.21,319353.0,11173369.0,175000000.0,0.0018248742857142858
2010-03-17,55.05,55.8,54.33,55.59,1040186.0,37563112.0,175000000.0,0.00594392
2010-03-18,55.59,56.47,54.64,55.04,453934.0,16519287.0,175000000.0,0.0025939085714285714
2010-03-19,55.6,55.6,54.61,55.01,211137.0,7597878.0,175000000.0,0.001206497142857143
2010-03-22,55.01,56.5,54.52,56.5,322304.0,11751248.0,175000000.0,0.0018417371428571428
2010-03-23,55.6,60.3,55.6,58.17,1055982.0,40549136.0,175000000.0,0.0060341828571428575
2010-03-24,58.23,58.87,55.05,55.83,2507254.0,92601016.0,175000000.0,0.014327165714285715
2010-03-25,55.8,57.08,54.75,56.61,1161360.0,42773232.0,175000000.0,0.0066363428571428575
2010-03-26,57.04,58.87,57.04,57.34,890170.0,33732928.0,175000000.0,0.005086685714285714
2010-03-29,57.36,58.37,56.23,57.5,600105.0,22358110.0,175000000.0,0.0034291714285714287
2010-03-30,57.5,59.38,57.5,59.1,916525.0,34972776.0,175000000.0,0.005237285714285714
2010-03-31,58.86,59.79,58.14,59.72,630188.0,24284480.0,175000000.0,0.0036010742857142857
2010-04-01,59.49,65.69,59.49,65.69,1883002.0,78466152.0,175000000.0,0.010760011428571428
2010-04-02,63.92,68.81,61.87,65.19,1747625.0,73250440.0,175000000.0,0.009986428571428571
2010-04-06,65.24,65.76,63.65,64.13,739608.0,31156478.0,175000000.0,0.004226331428571428
2010-04-07,64.53,68.17,64.23,66.52,1131418.0,49206944.0,175000000.0,0.0064652457142857144
2010-04-08,66.52,67.74,65.17,66.61,762073.0,33398372.0,175000000.0,0.004354702857142857
2010-04-09,66.67,72.56,66.67,70.53,1484071.0,68041192.0,175000000.0,0.008480405714285714
2010-04-12,70.65,72.64,69.2,72.03,892769.0,41603508.0,175000000.0,0.0051015371428571425
2010-04-13,72.33,72.33,66.52,69.21,990081.0,44961028.0,175000000.0,0.005657605714285714
2010-04-14,69.23,71.87,69.23,69.73,581369.0,26758932.0,175000000.0,0.0033221085714285714
2010-04-15,68.81,70.65,67.59,70.48,587027.0,26559878.0,175000000.0,0.00335444
2010-04-16,70.31,70.8,68.97,69.82,248545.0,11375344.0,175000000.0,0.0014202571428571429
2010-04-19,68.89,70.34,67.28,67.36,495928.0,22303178.0,175000000.0,0.0028338742857142857
2010-04-20,68.06,69.39,66.52,68.72,375374.0,16747005.0,175000000.0,0.002144994285714286
2010-04-21,69.12,71.41,68.66,71.41,579097.0,26768112.0,175000000.0,0.0033091257142857143
2010-04-22,71.41,72.62,69.27,69.69,1087343.0,50022964.0,175000000.0,0.006213388571428571
2010-04-26,69.7,69.73,64.7,66.24,1148303.0,50331136.0,175000000.0,0.006561731428571429
2010-04-27,65.76,66.24,64.04,65.76,1167749.0,49585216.0,175000000.0,0.006672851428571429
2010-04-28,64.99,65.33,64.04,64.84,193323.0,8193436.0,175000000.0,0.001104702857142857
2010-04-29,64.24,67.28,63.91,63.92,341245.0,14655824.0,175000000.0,0.0019499714285714286
2010-04-30,63.92,64.99,61.32,64.99,406098.0,16832720.0,175000000.0,0.00232056
2010-05-04,64.68,66.26,61.34,65.14,286798.0,12279723.0,175000000.0,0.0016388457142857142
2010-05-05,65.63,66.44,64.3,65.98,425962.0,18274164.0,175000000.0,0.0024340685714285713
2010-05-06,66.52,71.11,65.76,68.68,1173323.0,52658660.0,175000000.0,0.0067047028571428574
2010-05-07,67.81,71.33,65.04,69.34,1119504.0,49906484.0,175000000.0,0.006397165714285715
2010-05-10,69.66,69.82,66.19,66.3,862221.0,37302596.0,175000000.0,0.004926977142857143
2010-05-12,64.58,64.58,60.38,63.04,1268463.0,51561488.0,175000000.0,0.00724836
2010-05-13,61.65,63.91,61.65,63.79,327243.0,13355798.0,175000000.0,0.00186996
2010-05-14,61.66,64.42,61.66,63.91,277588.0,11435007.0,175000000.0,0.0015862171428571428
2010-05-17,61.65,63.96,61.65,61.89,306900.0,12367650.0,175000000.0,0.0017537142857142857
2010-05-18,62.67,63.22,59.49,62.26,429594.0,17244164.0,175000000.0,0.0024548228571428573
2010-05-19,60.88,62.93,60.45,61.79,183500.0,7387638.0,175000000.0,0.0010485714285714287
2010-05-20,60.88,62.25,58.72,59.63,326868.0,12900216.0,175000000.0,0.001867817142857143
2010-05-21,57.02,61.65,57.01,61.26,410472.0,15967693.0,175000000.0,0.0023455542857142857
2010-05-24,61.62,64.04,61.28,63.1,300312.0,12367950.0,175000000.0,0.0017160685714285714
2010-05-25,62.11,63.96,61.54,61.88,374701.0,15175549.0,175000000.0,0.0021411485714285714
2010-05-26,61.8,62.83,60.91,61.99,153879.0,6174542.0,175000000.0,0.0008793085714285714
2010-05-27,62.05,63.93,61.34,63.65,298423.0,12191060.0,175000000.0,0.0017052742857142857
2010-05-28,63.96,67.04,62.43,66.21,571055.0,24271318.0,175000000.0,0.0032631714285714284
2010-05-31,65.81,71.2,64.75,69.35,1147100.0,51623072.0,175000000.0,0.006554857142857143
2010-06-01,68.4,70.59,66.46,66.98,759691.0,33942600.0,175000000.0,0.004341091428571428
2010-06-02,66.73,67.74,64.9,67.58,269090.0,11571781.0,175000000.0,0.0015376571428571428
2010-06-03,67.66,68.92,66.61,68.58,815823.0,36175236.0,175000000.0,0.004661845714285714
2010-06-04,67.58,69.65,67.58,69.35,330803.0,14794130.0,175000000.0,0.001890302857142857
2010-06-07,68.95,70.12,67.54,69.37,399444.0,17968658.0,175000000.0,0.002282537142857143
2010-06-08,68.12,69.51,68.12,68.74,181559.0,8097768.0,175000000.0,0.00103748
2010-06-09,69.29,70.9,68.44,70.59,607556.0,27362054.0,175000000.0,0.0034717485714285713
2010-06-10,70.59,71.76,69.68,70.06,351638.0,16117681.0,175000000.0,0.00200936
2010-06-11,70.06,70.74,68.12,68.38,360116.0,16152707.0,175000000.0,0.002057805714285714
2010-06-17,69.05,70.06,66.06,66.43,303150.0,13249072.0,175000000.0,0.0017322857142857142
2010-06-18,65.58,67.27,65.33,65.89,329400.0,14112055.0,175000000.0,0.0018822857142857144
2010-06-21,65.5,67.2,65.5,66.43,300584.0,12916101.0,175000000.0,0.0017176228571428572
2010-06-22,66.43,70.43,66.43,69.6,504509.0,22560236.0,175000000.0,0.0028829085714285716
2010-06-23,70.12,70.12,67.81,68.49,193294.0,8629287.0,175000000.0,0.0011045371428571428
2010-06-24,68.74,69.8,68.12,68.89,145816.0,6533312.0,175000000.0,0.0008332342857142858
2010-06-25,68.35,68.88,66.73,68.12,133086.0,5875382.0,175000000.0,0.0007604914285714285
2010-06-28,68.12,68.74,66.29,66.5,172117.0,7505484.0,175000000.0,0.0009835257142857142
2010-06-29,66.27,66.75,61.65,62.42,321529.0,13291267.0,175000000.0,0.0018373085714285715
2010-06-30,62.11,65.66,60.89,65.19,369532.0,15307856.0,175000000.0,0.0021116114285714286
2010-07-01,65.22,65.22,62.34,63.07,289000.0,11819326.0,175000000.0,0.0016514285714285715
2010-07-02,63.67,65.9,58.57,62.03,583644.0,23568634.0,175000000.0,0.0033351085714285714
2010-07-05,59.34,62.02,59.34,61.65,164894.0,6525004.0,175000000.0,0.0009422514285714285
2010-07-06,60.45,64.05,60.43,63.45,208506.0,8579623.0,175000000.0,0.0011914628571428572
2010-07-07,63.5,65.47,63.5,64.14,219263.0,9172026.0,175000000.0,0.0012529314285714287
2010-07-08,64.28,65.27,62.97,64.73,225955.0,9431730.0,175000000.0,0.0012911714285714286
2010-07-09,63.96,69.62,63.96,69.26,688961.0,30281168.0,175000000.0,0.00393692
2010-07-12,68.97,70.12,67.97,68.88,296026.0,13300833.0,175000000.0,0.0016915771428571429
2010-07-13,68.0,69.65,67.55,69.25,208202.0,9276429.0,175000000.0,0.0011897257142857143
2010-07-14,69.51,70.0,68.28,68.85,168857.0,7602422.0,175000000.0,0.0009648971428571428
2010-07-15,68.58,69.97,66.89,67.04,177690.0,7878704.0,175000000.0,0.0010153714285714285
2010-07-16,67.78,67.81,66.43,67.8,120993.0,5280974.0,175000000.0,0.0006913885714285715
2010-07-19,67.35,69.17,67.07,68.54,261600.0,11585609.0,175000000.0,0.0014948571428571428
2010-07-20,68.54,70.05,67.81,68.65,601172.0,26802784.0,175000000.0,0.0034352685714285716
2010-07-21,69.28,69.28,68.11,68.17,287347.0,12773171.0,175000000.0,0.001641982857142857
2010-07-22,68.17,71.2,68.17,70.79,670787.0,30569688.0,175000000.0,0.0038330685714285714
2010-07-23,70.9,71.25,69.06,70.68,651561.0,29414022.0,175000000.0,0.003723205714285714
2010-07-26,69.82,73.81,69.68,73.36,842165.0,39467516.0,175000000.0,0.0048123714285714285
2010-07-27,73.96,80.7,72.81,80.7,1580213.0,81036408.0,175000000.0,0.009029788571428572
2010-07-28,82.38,84.67,79.37,83.47,1497687.0,80501968.0,175000000.0,0.008558211428571428
2010-07-29,83.23,91.39,82.61,87.02,1428825.0,80888512.0,175000000.0,0.008164714285714286
2010-07-30,85.35,88.56,84.61,85.06,866218.0,48195784.0,175000000.0,0.004949817142857143
2010-08-02,84.06,87.91,84.06,85.91,993599.0,55364692.0,175000000.0,0.005677708571428571
2010-08-03,85.97,86.46,83.23,84.92,808103.0,44499868.0,175000000.0,0.004617731428571428
2010-08-04,84.92,90.75,84.0,90.58,1316337.0,75247352.0,175000000.0,0.007521925714285714
2010-08-05,89.85,98.59,89.08,93.72,1475886.0,90399552.0,175000000.0,0.008433634285714286
2010-08-06,93.63,96.02,91.38,93.83,881330.0,53234496.0,175000000.0,0.005036171428571428
2010-08-09,92.29,96.02,91.96,93.06,1257731.0,76226848.0,175000000.0,0.007187034285714286
2010-08-10,93.86,93.86,86.92,87.2,2980035.0,171829424.0,175000000.0,0.01702877142857143
2010-08-11,85.0,88.59,85.0,86.62,1017172.0,57385064.0,175000000.0,0.005812411428571428
2010-08-12,86.38,88.33,85.09,86.62,787612.0,44497724.0,175000000.0,0.00450064
2010-08-13,86.88,86.88,82.45,84.46,3577665.0,194716496.0,175000000.0,0.0204438
2010-08-16,84.3,86.46,83.23,86.42,1682802.0,93507992.0,175000000.0,0.009616011428571429
2010-08-17,86.45,88.53,85.54,87.23,1457406.0,82558856.0,175000000.0,0.008328034285714285
2010-08-18,87.26,87.66,83.52,83.69,4431319.0,242200080.0,175000000.0,0.025321822857142857
2010-08-19,83.53,84.13,81.87,83.1,1406445.0,75757512.0,175000000.0,0.008036828571428572
2010-08-20,82.5,83.92,82.5,83.09,1125217.0,60819572.0,175000000.0,0.006429811428571429
2010-08-23,83.1,85.07,83.1,84.37,878648.0,48076244.0,175000000.0,0.005020845714285714
2010-08-24,84.4,85.72,80.94,85.35,1381878.0,75915624.0,175000000.0,0.007896445714285714
2010-08-25,85.01,86.29,83.23,84.12,1128372.0,61973088.0,175000000.0,0.00644784
2010-08-26,84.77,85.04,82.47,83.23,729957.0,39430788.0,175000000.0,0.004171182857142857
2010-08-27,82.78,84.33,82.3,83.13,571819.0,30896372.0,175000000.0,0.003267537142857143
2010-08-30,83.55,90.21,83.55,89.87,2841309.0,161954272.0,175000000.0,0.01623605142857143
2010-08-31,88.59,90.72,88.2,89.31,1729767.0,100615728.0,175000000.0,0.009884382857142857
2010-09-01,89.28,89.78,84.77,87.23,1252919.0,70712952.0,175000000.0,0.0071595371428571425
2010-09-02,87.08,89.73,87.08,87.89,987453.0,56698048.0,175000000.0,0.005642588571428572
2010-09-03,88.82,88.82,86.48,87.62,714550.0,40532440.0,175000000.0,0.004083142857142857
2010-09-06,87.96,89.37,87.08,87.23,778322.0,44424956.0,175000000.0,0.004447554285714286
2010-09-07,86.77,87.74,85.23,86.29,801709.0,44659636.0,175000000.0,0.004581194285714286
2010-09-08,85.86,86.71,85.4,86.31,716121.0,40103332.0,175000000.0,0.00409212
2010-09-09,86.66,86.66,84.72,85.0,844934.0,46962112.0,175000000.0,0.004828194285714286
2010-09-10,85.0,88.87,84.0,87.62,1076024.0,60433320.0,175000000.0,0.006148708571428571
2010-09-13,88.62,91.78,87.69,89.96,1633506.0,95623080.0,175000000.0,0.00933432
2010-09-14,89.39,90.75,88.62,89.44,1050903.0,60936236.0,175000000.0,0.00600516
2010-09-15,89.44,89.7,86.58,86.71,798249.0,45518308.0,175000000.0,0.004561422857142857
2010-09-16,86.38,87.49,82.45,85.15,918256.0,50260568.0,175000000.0,0.005247177142857143
2010-09-17,84.46,87.23,84.26,86.4,569617.0,31811042.0,175000000.0,0.0032549542857142856
2010-09-20,86.46,87.23,84.92,85.55,550570.0,30904950.0,175000000.0,0.0031461142857142858
2010-09-21,85.15,87.54,84.15,86.52,531554.0,29784516.0,175000000.0,0.0030374514285714284
2010-09-27,86.92,88.62,85.54,88.16,828516.0,46768312.0,175000000.0,0.0047343771428571425
2010-09-28,88.16,95.23,87.26,93.87,2641955.0,157580880.0,175000000.0,0.015096885714285715
2010-09-29,93.09,95.83,91.7,94.63,2014356.0,122884936.0,175000000.0,0.011510605714285714
2010-09-30,94.24,95.4,92.63,93.5,795566.0,48562268.0,175000000.0,0.004546091428571429
2010-10-08,94.01,102.86,94.01,102.64,1923295.0,125507640.0,175000000.0,0.010990257142857143
2010-10-11,102.64,107.38,100.3,101.72,1972175.0,131301032.0,175000000.0,0.01126957142857143
2010-10-12,101.67,101.72,98.56,100.15,987077.0,63996976.0,175000000.0,0.00564044
2010-10-13,100.18,100.18,95.71,98.25,1006093.0,63329104.0,175000000.0,0.005749102857142857
2010-10-14,98.58,99.41,92.32,93.09,1429300.0,87037184.0,175000000.0,0.008167428571428572
2010-10-15,95.25,97.1,92.41,93.24,1196076.0,73587656.0,175000000.0,0.00683472
2010-10-18,91.15,98.02,84.77,96.03,1950626.0,112405384.0,175000000.0,0.011146434285714286
2010-10-19,92.93,98.48,92.24,96.7,1402736.0,86903192.0,175000000.0,0.008015634285714286
2010-10-20,93.71,99.22,92.6,97.02,1324973.0,83770768.0,175000000.0,0.007571274285714286
2010-10-21,98.56,99.25,96.03,97.25,832440.0,52454000.0,175000000.0,0.0047568
2010-10-22,97.45,101.64,97.45,100.42,1068459.0,69455592.0,175000000.0,0.00610548
2010-10-25,100.3,103.26,99.1,102.4,1034302.0,68500184.0,175000000.0,0.005910297142857143
2010-10-26,102.4,103.26,97.64,99.38,1003954.0,64645740.0,175000000.0,0.00573688
2010-10-27,100.13,100.13,97.13,99.1,615647.0,39415212.0,175000000.0,0.0035179828571428574
2010-10-28,98.64,99.41,96.63,96.83,566025.0,35817956.0,175000000.0,0.0032344285714285713
2010-10-29,96.83,99.11,95.62,98.87,855759.0,54166800.0,175000000.0,0.004890051428571429
2010-11-01,100.95,106.77,100.95,102.1,1483557.0,99810464.0,175000000.0,0.008477468571428571
2010-11-02,102.49,112.32,102.47,112.32,2171332.0,151528352.0,175000000.0,0.012407611428571429
2010-11-03,111.74,123.53,110.66,113.43,1392175.0,105421312.0,175000000.0,0.007955285714285715
2010-11-04,114.05,116.36,109.27,115.44,881976.0,65183664.0,175000000.0,0.0050398628571428575
2010-11-05,115.51,119.44,111.51,118.21,879935.0,65556820.0,175000000.0,0.0050282
2010-11-08,118.4,118.75,114.05,115.48,911012.0,68493584.0,175000000.0,0.0052057828571428575
2010-11-09,115.51,117.98,113.56,115.56,502428.0,37624976.0,175000000.0,0.002871017142857143
2010-11-10,115.64,124.22,114.39,120.86,1690051.0,131025096.0,175000000.0,0.009657434285714285
2010-11-11,119.69,131.77,119.69,125.76,1603897.0,131270160.0,175000000.0,0.009165125714285714
2010-11-12,125.85,130.97,118.67,118.87,1136186.0,91040072.0,175000000.0,0.006492491428571429
2010-11-15,119.0,126.43,119.0,124.99,814524.0,65580152.0,175000000.0,0.004654422857142857
2010-11-16,127.15,131.0,121.23,125.99,1093572.0,89983896.0,175000000.0,0.006248982857142857
2010-11-17,124.81,124.82,115.61,116.27,782288.0,60693820.0,175000000.0,0.004470217142857143
2010-11-18,115.61,121.57,114.37,119.71,499606.0,38457388.0,175000000.0,0.0028548914285714284
2010-11-19,119.71,123.28,119.71,122.53,532034.0,41969692.0,175000000.0,0.0030401942857142855
2010-11-22,122.46,128.0,120.21,127.15,665844.0,54040332.0,175000000.0,0.003804822857142857
2010-11-29,135.63,139.86,131.0,139.86,1610094.0,143982848.0,175000000.0,0.009200537142857143
2010-11-30,139.93,141.61,130.23,137.28,1160148.0,101413424.0,175000000.0,0.006629417142857143
2010-12-01,136.55,138.54,132.82,133.39,905438.0,79573888.0,175000000.0,0.005173931428571429
2010-12-02,134.1,136.09,131.0,131.16,522938.0,44951336.0,175000000.0,0.002988217142857143
2010-12-03,131.16,131.16,126.38,127.72,434289.0,36141492.0,175000000.0,0.0024816514285714284
2010-12-06,127.72,127.94,123.3,127.92,417986.0,33946356.0,175000000.0,0.0023884914285714287
2010-12-07,127.12,131.0,124.84,129.46,403490.0,33940472.0,175000000.0,0.002305657142857143
2010-12-08,129.4,130.23,127.57,128.26,310381.0,25863906.0,175000000.0,0.0017736057142857143
2010-12-09,129.35,135.32,127.49,127.75,473586.0,40213204.0,175000000.0,0.0027062057142857145
2010-12-10,127.15,129.03,118.8,127.16,398837.0,32258550.0,175000000.0,0.0022790685714285715
2010-12-13,127.61,129.46,127.4,129.45,395311.0,32985868.0,175000000.0,0.00225892
2010-12-14,130.73,131.28,127.92,130.23,328252.0,27489324.0,175000000.0,0.0018757257142857143
2010-12-15,131.33,131.42,127.77,130.85,1065303.0,89384032.0,175000000.0,0.006087445714285714
2010-12-16,131.31,134.22,128.51,129.11,678495.0,57663220.0,175000000.0,0.0038771142857142856
2010-12-17,129.11,129.49,127.46,129.45,350629.0,29118018.0,175000000.0,0.0020035942857142856
2010-12-20,128.09,130.23,123.02,125.76,457418.0,37304420.0,175000000.0,0.002613817142857143
2010-12-21,125.76,127.09,120.83,123.9,791394.0,62761300.0,175000000.0,0.004522251428571429
2010-12-22,123.76,123.76,120.21,122.14,413974.0,32553508.0,175000000.0,0.0023655657142857144
2010-12-23,121.62,121.76,120.37,121.76,243839.0,19135984.0,175000000.0,0.0013933657142857143
2010-12-24,121.0,121.45,114.08,117.9,933450.0,71093840.0,175000000.0,0.005334
2010-12-27,117.46,122.06,114.99,119.37,546778.0,42036880.0,175000000.0,0.0031244457142857143
2010-12-28,115.61,120.94,115.02,120.28,364868.0,27975952.0,175000000.0,0.00208496
2010-12-29,120.21,122.53,118.7,122.53,448319.0,35194680.0,175000000.0,0.002561822857142857
2010-12-30,122.51,122.51,120.98,121.39,262622.0,20707946.0,175000000.0,0.0015006971428571428
2010-12-31,121.39,123.6,121.14,123.6,732798.0,58314180.0,175000000.0,0.0041874171428571425
2011-01-04,122.99,125.12,122.99,124.76,739113.0,59559640.0,175000000.0,0.004223502857142857
2011-01-05,123.45,124.84,121.14,121.76,387047.0,30714892.0,175000000.0,0.0022116971428571427
2011-01-06,121.76,124.22,121.14,122.22,335673.0,26757336.0,175000000.0,0.0019181314285714286
2011-01-07,123.13,124.53,122.0,123.19,374764.0,30033990.0,175000000.0,0.0021415085714285714
2011-01-10,123.14,123.88,114.36,116.75,340403.0,26220052.0,175000000.0,0.00194516
2011-01-11,115.59,115.78,109.27,112.51,689149.0,50068504.0,175000000.0,0.003937994285714286
2011-01-12,110.97,113.28,108.5,110.87,272455.0,19671256.0,175000000.0,0.0015568857142857144
2011-01-13,110.97,115.27,109.58,109.78,504117.0,36701024.0,175000000.0,0.0028806685714285714
2011-01-17,108.99,114.37,106.34,112.18,1101051.0,80032896.0,175000000.0,0.00629172
2011-01-18,112.82,121.76,111.09,120.52,1341875.0,102275008.0,175000000.0,0.007667857142857143
2011-01-19,120.52,123.3,118.83,123.22,796469.0,63034492.0,175000000.0,0.004551251428571428
2011-01-20,123.23,123.3,119.91,123.3,757113.0,59950268.0,175000000.0,0.00432636
2011-01-21,123.3,128.06,120.21,122.85,470659.0,37849584.0,175000000.0,0.00268948
2011-01-24,122.77,125.93,114.28,115.98,333236.0,25699186.0,175000000.0,0.0019042057142857143
2011-01-25,114.05,117.89,106.91,107.82,487912.0,34995228.0,175000000.0,0.0027880685714285714
2011-01-26,107.82,112.31,107.82,111.04,563278.0,40414844.0,175000000.0,0.0032187314285714286
2011-01-27,110.95,112.05,107.9,111.58,310891.0,22328264.0,175000000.0,0.00177652
2011-01-28,111.72,113.9,109.66,112.82,410676.0,29921078.0,175000000.0,0.00234672
2011-01-31,112.83,113.03,110.2,111.06,295202.0,21280006.0,175000000.0,0.0016868685714285713
2011-02-01,111.11,112.18,109.44,110.58,187807.0,13453183.0,175000000.0,0.0010731828571428571
2011-02-09,109.44,111.74,108.81,111.58,343124.0,24619758.0,175000000.0,0.0019607085714285714
2011-02-10,111.14,114.08,109.89,114.0,283988.0,20865130.0,175000000.0,0.0016227885714285714
2011-02-11,114.0,115.59,112.55,115.31,339688.0,25191064.0,175000000.0,0.0019410742857142857
2011-02-14,115.53,119.43,114.51,116.52,437264.0,33369110.0,175000000.0,0.0024986514285714285
2011-02-15,116.72,119.57,116.72,117.33,500013.0,38370280.0,175000000.0,0.002857217142857143
2011-02-16,115.74,117.58,115.71,117.21,310049.0,23537624.0,175000000.0,0.0017717085714285714
2011-02-17,118.33,118.33,113.29,116.15,485081.0,36167756.0,175000000.0,0.0027718914285714286
2011-02-18,115.47,121.76,113.74,119.64,762365.0,58932492.0,175000000.0,0.004356371428571429
2011-02-21,118.67,120.68,115.78,119.44,615391.0,47152812.0,175000000.0,0.00351652
2011-02-22,118.1,118.52,114.05,115.45,377060.0,28506254.0,175000000.0,0.0021546285714285716
2011-02-23,114.08,117.38,114.08,115.9,153369.0,11543258.0,175000000.0,0.0008763942857142857
2011-02-24,116.67,117.29,115.9,115.94,117887.0,8897282.0,175000000.0,0.00067364
2011-02-25,116.82,116.82,115.27,115.88,193968.0,14628264.0,175000000.0,0.0011083885714285714
2011-02-28,115.84,119.44,115.84,118.83,341128.0,26200106.0,175000000.0,0.001949302857142857
2011-03-01,119.91,123.71,119.91,123.3,1010845.0,80709240.0,175000000.0,0.005776257142857143
2011-03-02,123.57,125.07,121.45,124.68,394426.0,31621416.0,175000000.0,0.0022538628571428573
2011-03-03,124.76,124.81,121.91,121.91,251181.0,20025530.0,175000000.0,0.00143532
2011-03-04,121.45,123.97,120.21,121.94,144483.0,11417234.0,175000000.0,0.0008256171428571428
2011-03-07,122.68,122.83,120.68,121.88,350588.0,27610438.0,175000000.0,0.00200336
2011-03-08,121.76,124.07,120.37,123.14,450064.0,35916004.0,175000000.0,0.0025717942857142856
2011-03-09,123.9,126.07,123.14,123.64,542373.0,43769256.0,175000000.0,0.0030992742857142855
2011-03-10,123.3,127.61,122.53,127.53,996649.0,81392328.0,175000000.0,0.005695137142857143
2011-03-11,127.53,128.69,124.98,125.56,497045.0,41089304.0,175000000.0,0.002840257142857143
2011-03-14,125.55,130.25,124.53,129.15,411300.0,34318936.0,175000000.0,0.0023502857142857145
2011-03-15,129.11,131.31,125.61,127.69,477988.0,39849916.0,175000000.0,0.00273136
2011-03-16,128.68,130.23,127.33,128.89,348864.0,29150074.0,175000000.0,0.0019935085714285713
2011-03-17,128.81,129.23,127.61,128.0,300127.0,24968734.0,175000000.0,0.0017150114285714286
2011-03-18,127.0,128.81,126.38,127.41,160005.0,13222830.0,175000000.0,0.0009143142857142857
2011-03-21,127.92,128.38,122.53,124.84,512107.0,41450012.0,175000000.0,0.0029263257142857144
2011-03-22,125.93,126.63,120.98,121.43,414089.0,32808792.0,175000000.0,0.002366222857142857
2011-03-23,120.82,120.83,117.16,120.2,603775.0,46493100.0,175000000.0,0.0034501428571428574
2011-03-24,119.91,120.03,117.87,118.64,617705.0,47474960.0,175000000.0,0.0035297428571428573
2011-03-25,118.21,120.37,117.92,118.83,506443.0,39083048.0,175000000.0,0.00289396
2011-03-28,119.84,119.86,114.05,115.56,792823.0,59767324.0,175000000.0,0.004530417142857143
2011-03-29,115.61,116.33,112.49,114.05,371183.0,27428486.0,175000000.0,0.002121045714285714
2011-03-30,112.51,115.41,112.51,115.02,177422.0,13201317.0,175000000.0,0.00101384
2011-03-31,114.97,117.69,114.36,114.6,238395.0,17979598.0,175000000.0,0.001362257142857143
2011-04-01,114.51,116.42,114.08,116.15,165259.0,12424006.0,175000000.0,0.0009443371428571428
2011-04-06,115.59,116.45,114.2,114.5,187012.0,13952277.0,175000000.0,0.00106864
2011-04-07,115.59,116.36,111.35,112.77,287621.0,21066222.0,175000000.0,0.0016435485714285714
2011-04-08,114.05,114.06,112.62,113.02,160274.0,11785692.0,175000000.0,0.0009158514285714285
2011-04-11,113.43,113.43,111.24,112.54,514966.0,37486412.0,175000000.0,0.002942662857142857
2011-04-12,111.68,115.44,111.38,113.74,415526.0,30789632.0,175000000.0,0.002374434285714286
2011-04-13,113.42,116.48,112.75,115.87,285857.0,21419396.0,175000000.0,0.0016334685714285715
2011-04-14,115.88,117.42,115.41,117.12,260240.0,19698732.0,175000000.0,0.0014870857142857143
2011-04-18,116.21,118.5,110.97,118.15,807818.0,60057828.0,175000000.0,0.004616102857142857
2011-04-19,115.36,118.36,114.68,117.18,289645.0,21839510.0,175000000.0,0.0016551142857142856
2011-04-20,117.27,118.03,115.65,117.75,305370.0,23232864.0,175000000.0,0.0017449714285714287
2011-04-21,117.69,118.98,116.82,116.82,259200.0,19849318.0,175000000.0,0.001481142857142857
2011-04-22,114.51,118.58,114.51,116.9,239136.0,18127594.0,175000000.0,0.0013664914285714286
2011-04-25,117.98,120.95,116.36,120.29,717457.0,55797512.0,175000000.0,0.004099754285714285
2011-04-26,120.06,121.99,118.95,120.29,433385.0,33848768.0,175000000.0,0.0024764857142857144
2011-04-27,120.21,121.51,119.15,119.44,624172.0,48629800.0,175000000.0,0.003566697142857143
2011-04-28,117.21,119.35,115.74,116.39,348072.0,26589228.0,175000000.0,0.001988982857142857
2011-04-29,116.28,119.14,115.45,118.9,261392.0,20085558.0,175000000.0,0.0014936685714285714
2011-05-03,118.67,121.76,118.52,120.15,480300.0,37559828.0,175000000.0,0.0027445714285714287
2011-05-04,120.29,122.53,117.67,118.98,234081.0,18146556.0,175000000.0,0.0013376057142857143
2011-05-05,117.9,120.21,117.3,118.67,215846.0,16645780.0,175000000.0,0.0012334057142857143
2011-05-06,118.07,119.67,116.98,118.2,222661.0,17024896.0,175000000.0,0.0012723485714285715
2011-05-09,118.18,118.67,115.59,115.74,227735.0,17327056.0,175000000.0,0.0013013428571428572
2011-05-10,115.59,117.13,115.59,116.52,153884.0,11643380.0,175000000.0,0.0008793371428571429
2011-05-11,116.76,118.01,115.74,117.36,425043.0,32435350.0,175000000.0,0.002428817142857143
2011-05-12,117.67,122.32,116.71,121.16,633435.0,49010880.0,175000000.0,0.0036196285714285713
2011-05-13,120.91,120.92,118.6,118.94,249890.0,19246764.0,175000000.0,0.001427942857142857
2011-05-16,118.01,119.56,117.69,117.98,207024.0,15812181.0,175000000.0,0.0011829942857142857
2011-05-17,117.69,119.07,117.67,118.91,201243.0,15374387.0,175000000.0,0.00114996
2011-05-18,117.69,122.63,117.69,120.58,449131.0,35070788.0,175000000.0,0.002566462857142857
2011-05-19,120.07,126.53,120.07,123.79,857876.0,69017840.0,175000000.0,0.004902148571428571
2011-05-20,124.02,126.65,122.52,126.19,362941.0,29270676.0,175000000.0,0.0020739485714285715
2011-05-23,126.65,126.65,120.77,123.08,514360.0,41318672.0,175000000.0,0.0029392
2011-05-24,120.89,122.39,116.25,119.58,297079.0,22887454.0,175000000.0,0.0016975942857142858
2011-05-25,117.97,120.77,117.07,117.95,294573.0,22565538.0,175000000.0,0.0016832742857142858
2011-05-26,117.95,119.99,116.12,117.67,328059.0,24848586.0,175000000.0,0.0018746228571428572
2011-05-27,117.67,117.67,109.47,112.59,993850.0,72034080.0,175000000.0,0.005679142857142857
2011-05-30,111.9,114.27,108.49,111.48,126279.0,9122477.0,175000000.0,0.0007215942857142857
2011-05-31,111.48,113.48,109.92,112.1,201551.0,14583921.0,175000000.0,0.00115172
2011-06-01,111.49,114.58,111.49,113.88,376278.0,27511498.0,175000000.0,0.00215016
2011-06-02,112.58,113.69,111.14,112.02,329805.0,23768216.0,175000000.0,0.0018846
2011-06-03,112.41,116.74,111.54,114.5,230235.0,17000466.0,175000000.0,0.0013156285714285715
2011-06-07,115.27,115.43,113.94,114.73,93320.0,6906247.0,175000000.0,0.0005332571428571429
2011-06-08,115.04,117.04,113.04,117.04,253415.0,18806056.0,175000000.0,0.0014480857142857143
2011-06-09,115.37,117.04,111.94,112.72,284198.0,20865106.0,175000000.0,0.0016239885714285714
2011-06-10,112.72,113.96,111.63,112.86,146073.0,10633715.0,175000000.0,0.0008347028571428571
2011-06-13,112.44,112.7,110.7,112.25,154943.0,11182949.0,175000000.0,0.0008853885714285714
2011-06-14,112.08,114.96,112.08,114.85,309177.0,22728326.0,175000000.0,0.0017667257142857144
2011-06-15,114.84,115.81,113.51,115.35,105191.0,7769937.0,175000000.0,0.0006010914285714286
2011-06-16,113.43,114.56,111.79,113.79,187721.0,13739298.0,175000000.0,0.0010726914285714285
2011-06-17,112.52,114.31,112.25,112.41,104491.0,7600382.0,175000000.0,0.0005970914285714286
2011-06-20,112.72,112.72,107.61,109.62,338580.0,23879170.0,175000000.0,0.001934742857142857
2011-06-21,110.43,110.86,108.91,110.66,651063.0,46109440.0,175000000.0,0.00372036
2011-06-22,111.17,113.71,110.67,112.67,206921.0,15026750.0,175000000.0,0.0011824057142857142
2011-06-23,112.62,112.7,109.93,112.22,338820.0,24196162.0,175000000.0,0.0019361142857142856
2011-06-24,113.57,115.27,112.24,115.27,472969.0,34967600.0,175000000.0,0.00270268
2011-06-27,115.27,117.33,115.27,116.98,323199.0,24363220.0,175000000.0,0.0018468514285714286
2011-06-28,116.98,119.22,115.07,119.22,444648.0,33774172.0,175000000.0,0.0025408457142857143
2011-06-29,119.17,120.83,117.67,119.99,620434.0,47911160.0,175000000.0,0.0035453371428571427
2011-06-30,119.99,123.09,119.22,123.06,516420.0,40714104.0,175000000.0,0.0029509714285714285
2011-07-01,123.53,124.87,120.97,122.16,582504.0,46416036.0,175000000.0,0.003328594285714286
2011-07-04,123.71,124.78,120.82,122.32,436045.0,34699184.0,175000000.0,0.0024916857142857143
2011-07-05,123.4,123.4,119.53,122.63,459452.0,35995684.0,175000000.0,0.00262544
2011-07-06,121.02,123.93,121.0,123.8,440040.0,34868252.0,175000000.0,0.002514514285714286
2011-07-07,123.8,126.96,123.8,125.72,461551.0,37440288.0,175000000.0,0.0026374342857142857
2011-07-08,125.72,126.19,122.02,123.6,366016.0,29285426.0,175000000.0,0.00209152
2011-07-11,123.71,131.61,122.39,129.49,901057.0,74984152.0,175000000.0,0.005148897142857143
2011-07-12,129.16,134.98,128.54,134.52,1385327.0,119133560.0,175000000.0,0.007916154285714285
2011-07-13,134.52,136.28,132.51,133.99,639640.0,55724400.0,175000000.0,0.003655085714285714
2011-07-14,134.39,135.45,132.54,133.12,367230.0,31828166.0,175000000.0,0.002098457142857143
2011-07-15,134.53,134.53,132.23,133.85,304376.0,26181906.0,175000000.0,0.0017392914285714286
2011-07-18,134.5,147.21,133.93,141.32,587716.0,53484408.0,175000000.0,0.003358377142857143
2011-07-19,141.32,151.74,139.35,143.22,884718.0,82522728.0,175000000.0,0.005055531428571429
2011-07-20,143.37,146.29,140.12,141.13,679497.0,62073820.0,175000000.0,0.00388284
2011-07-21,141.22,145.2,140.9,143.53,669809.0,62085844.0,175000000.0,0.00382748
2011-07-22,142.49,144.69,142.49,144.29,398725.0,37008632.0,175000000.0,0.0022784285714285714
2011-07-25,145.54,148.17,140.9,142.49,877869.0,82718600.0,175000000.0,0.005016394285714286
2011-07-26,142.28,143.98,137.49,139.35,1017049.0,91968392.0,175000000.0,0.005811708571428572
2011-07-27,139.4,141.98,137.61,140.88,454746.0,41215976.0,175000000.0,0.0025985485714285716
2011-07-28,140.87,150.0,139.36,148.58,1072844.0,100460352.0,175000000.0,0.006130537142857143
2011-07-29,148.33,148.33,143.39,144.23,628056.0,59004096.0,175000000.0,0.0035888914285714286
2011-08-01,144.89,144.89,142.91,143.76,399703.0,37161892.0,175000000.0,0.002284017142857143
2011-08-02,143.72,143.72,140.12,140.43,452167.0,41267976.0,175000000.0,0.0025838114285714284
2011-08-03,140.12,144.38,138.05,143.13,388489.0,35927132.0,175000000.0,0.0022199371428571427
2011-08-04,143.9,144.85,142.62,143.84,235294.0,21879196.0,175000000.0,0.0013445371428571428
2011-08-05,141.67,145.25,139.35,143.96,371460.0,34582452.0,175000000.0,0.0021226285714285712
2011-08-08,141.13,146.78,141.07,145.65,730032.0,68197336.0,175000000.0,0.004171611428571429
2011-08-09,142.46,148.64,139.04,147.23,760366.0,70580120.0,175000000.0,0.0043449485714285715
2011-08-10,147.18,155.61,147.18,154.82,789654.0,77469336.0,175000000.0,0.004512308571428572
2011-08-11,153.56,162.96,153.25,159.48,1245309.0,127388088.0,175000000.0,0.007116051428571428
2011-08-12,160.16,164.43,156.15,162.99,1287661.0,134591120.0,175000000.0,0.007358062857142857
2011-08-15,163.05,167.99,160.25,161.64,544050.0,57809408.0,175000000.0,0.003108857142857143
2011-08-16,160.84,164.12,157.31,159.48,384580.0,39619372.0,175000000.0,0.0021976
2011-08-17,159.48,161.94,159.2,159.48,239898.0,24850068.0,175000000.0,0.0013708457142857142
2011-08-18,158.7,160.1,151.52,156.33,477955.0,47864448.0,175000000.0,0.0027311714285714285
2011-08-19,153.3,161.03,147.42,159.29,1374291.0,136742592.0,175000000.0,0.007853091428571428
2011-08-22,156.97,159.48,151.74,152.05,889459.0,88984664.0,175000000.0,0.005082622857142857
2011-08-23,151.75,153.79,149.57,153.1,350104.0,34498548.0,175000000.0,0.0020005942857142856
2011-08-24,153.75,154.93,150.19,151.27,432970.0,42750032.0,175000000.0,0.002474114285714286
2011-08-25,151.52,153.16,149.88,151.92,278127.0,27287632.0,175000000.0,0.001589297142857143
2011-08-26,151.16,154.37,151.12,153.33,275521.0,27221552.0,175000000.0,0.0015744057142857142
2011-08-29,153.33,159.48,152.53,157.93,530363.0,53628700.0,175000000.0,0.003030645714285714
2011-08-30,158.7,159.48,157.15,157.15,315151.0,32181520.0,175000000.0,0.0018008628571428572
2011-08-31,157.31,159.24,154.68,155.14,508101.0,51194500.0,175000000.0,0.002903434285714286
2011-09-01,155.78,156.66,149.88,150.88,329699.0,32551560.0,175000000.0,0.0018839942857142857
2011-09-02,150.79,152.32,148.1,148.41,448285.0,43275796.0,175000000.0,0.0025616285714285714
2011-09-05,148.33,148.33,143.99,145.08,299106.0,28178654.0,175000000.0,0.0017091771428571429
2011-09-06,144.77,146.55,140.94,146.32,446841.0,41459856.0,175000000.0,0.0025533771428571427
2011-09-07,144.92,148.56,143.7,148.33,468139.0,44067904.0,175000000.0,0.00267508
2011-09-08,147.9,149.21,143.99,145.36,333678.0,31519228.0,175000000.0,0.0019067314285714286
2011-09-09,144.95,146.27,140.9,142.45,302615.0,27939876.0,175000000.0,0.0017292285714285715
2011-09-13,140.9,141.98,138.62,138.62,342015.0,30899814.0,175000000.0,0.0019543714285714287
2011-09-14,138.57,140.2,133.16,139.19,607729.0,53401584.0,175000000.0,0.003472737142857143
2011-09-15,139.19,141.02,137.83,138.96,397112.0,35681792.0,175000000.0,0.0022692114285714285
2011-09-16,139.27,141.58,138.88,140.71,238019.0,21561322.0,175000000.0,0.0013601085714285714
2011-09-19,140.11,140.87,136.25,139.26,140749.0,12593415.0,175000000.0,0.00080428
2011-09-20,137.03,138.67,134.92,137.03,142707.0,12604536.0,175000000.0,0.0008154685714285714
2011-09-21,135.56,141.05,135.56,139.97,264066.0,23803864.0,175000000.0,0.0015089485714285715
2011-09-22,139.95,139.95,135.49,135.49,288715.0,25700184.0,175000000.0,0.0016498
2011-09-23,134.52,137.04,131.61,137.01,379247.0,32725610.0,175000000.0,0.002167125714285714
2011-09-26,134.7,136.25,133.5,134.33,176706.0,15383240.0,175000000.0,0.0010097485714285713
2011-09-27,134.86,135.76,133.62,134.43,164896.0,14365532.0,175000000.0,0.0009422628571428572
2011-09-28,135.94,135.96,131.61,131.98,209446.0,18005792.0,175000000.0,0.0011968342857142857
2011-09-29,130.09,133.59,129.89,131.61,213218.0,18119974.0,175000000.0,0.0012183885714285715
2011-09-30,132.83,133.77,131.0,132.61,128049.0,10957700.0,175000000.0,0.0007317085714285714
2011-10-10,132.69,133.77,128.98,130.63,267050.0,22608300.0,175000000.0,0.001526
2011-10-11,132.29,132.29,124.07,125.41,594335.0,48349188.0,175000000.0,0.0033962
2011-10-12,125.31,129.21,120.92,129.07,713192.0,58145124.0,175000000.0,0.004075382857142857
2011-10-13,128.51,131.61,126.19,129.05,585377.0,48301100.0,175000000.0,0.0033450114285714285
2011-10-14,128.48,129.3,127.09,127.74,162877.0,13477074.0,175000000.0,0.0009307257142857143
2011-10-17,128.77,130.14,127.46,129.92,572150.0,47814000.0,175000000.0,0.0032694285714285716
2011-10-18,129.9,131.11,128.48,130.06,352306.0,29670934.0,175000000.0,0.002013177142857143
2011-10-19,128.54,132.34,128.54,129.8,210799.0,17811066.0,175000000.0,0.0012045657142857142
2011-10-20,129.8,129.8,124.67,126.81,221588.0,18125506.0,175000000.0,0.0012662171428571428
2011-10-21,126.81,128.2,125.88,126.95,58076.0,4764864.0,175000000.0,0.00033186285714285717
2011-10-24,126.37,129.5,124.14,128.98,156876.0,12861573.0,175000000.0,0.0008964342857142857
2011-10-25,129.11,133.47,129.11,133.3,301924.0,25764340.0,175000000.0,0.00172528
2011-10-26,133.17,139.35,133.16,138.27,646182.0,57700724.0,175000000.0,0.0036924685714285715
2011-10-27,139.04,140.88,136.31,137.58,228285.0,20333250.0,175000000.0,0.0013044857142857143
2011-10-28,139.19,139.8,136.25,139.3,327974.0,29237936.0,175000000.0,0.001874137142857143
2011-10-31,139.32,140.09,138.85,139.35,252494.0,22763944.0,175000000.0,0.0014428228571428572
2011-11-01,138.57,140.03,137.51,139.44,243712.0,21934932.0,175000000.0,0.00139264
2011-11-02,137.8,140.9,137.8,140.9,270494.0,24424218.0,175000000.0,0.00154568
2011-11-03,142.06,145.08,140.43,143.3,284988.0,26306272.0,175000000.0,0.0016285028571428571
2011-11-04,145.28,145.28,140.59,142.45,317013.0,29291522.0,175000000.0,0.0018115028571428571
2011-11-07,142.54,143.45,141.21,141.3,108744.0,9981932.0,175000000.0,0.0006213942857142857
2011-11-08,141.3,142.21,139.32,139.74,161277.0,14588839.0,175000000.0,0.0009215828571428571
2011-11-09,139.75,144.15,138.23,142.8,253420.0,23019742.0,175000000.0,0.0014481142857142857
2011-11-10,142.72,144.81,140.94,143.36,182405.0,16926888.0,175000000.0,0.0010423142857142857
2011-11-11,143.36,146.52,142.52,145.96,257615.0,24085614.0,175000000.0,0.0014720857142857143
2011-11-14,146.47,150.34,146.32,150.19,177814.0,17126250.0,175000000.0,0.00101608
2011-11-15,150.96,150.96,147.86,147.9,117268.0,11243631.0,175000000.0,0.0006701028571428571
2011-11-16,149.63,149.66,143.54,145.65,243110.0,22723284.0,175000000.0,0.0013892
2011-11-17,144.69,146.63,144.29,144.52,110334.0,10339218.0,175000000.0,0.00063048
2011-11-18,144.01,145.9,142.66,143.99,450107.0,42095336.0,175000000.0,0.00257204
2011-11-21,145.39,145.39,142.14,142.76,268680.0,24815116.0,175000000.0,0.0015353142857142856
2011-11-22,142.76,146.16,141.93,144.3,237490.0,22152628.0,175000000.0,0.0013570857142857142
2011-11-23,145.23,147.06,143.76,145.25,257971.0,24238626.0,175000000.0,0.00147412
2011-11-24,145.14,146.55,143.36,146.05,136418.0,12825697.0,175000000.0,0.0007795314285714285
2011-11-25,146.86,149.66,145.46,149.15,374819.0,35898904.0,175000000.0,0.002141822857142857
2011-11-28,149.12,152.01,148.64,150.98,473178.0,46119692.0,175000000.0,0.0027038742857142858
2011-11-29,152.43,152.43,148.64,148.87,224022.0,21638552.0,175000000.0,0.0012801257142857144
2011-11-30,148.95,151.74,146.67,147.56,314285.0,30154972.0,175000000.0,0.0017959142857142858
2011-12-01,149.12,151.72,147.71,149.72,173133.0,16735718.0,175000000.0,0.0009893314285714285
2011-12-02,149.4,149.57,146.78,147.99,100630.0,9621512.0,175000000.0,0.0005750285714285715
2011-12-05,147.18,147.18,137.8,140.9,661467.0,59827136.0,175000000.0,0.0037798114285714285
2011-12-06,138.14,141.59,136.56,140.12,210685.0,18887018.0,175000000.0,0.0012039142857142857
2011-12-07,140.12,141.39,138.57,140.59,107687.0,9792951.0,175000000.0,0.0006153542857142857
2011-12-08,140.62,140.87,136.1,137.65,128763.0,11462561.0,175000000.0,0.0007357885714285715
2011-12-09,137.03,137.79,131.02,133.14,298550.0,25707326.0,175000000.0,0.001706
2011-12-12,132.52,134.44,129.87,133.88,253077.0,21600422.0,175000000.0,0.0014461542857142856
2011-12-13,131.61,133.47,130.99,133.16,147792.0,12642140.0,175000000.0,0.0008445257142857143
2011-12-14,131.93,134.15,129.13,132.54,264564.0,22449024.0,175000000.0,0.0015117942857142857
2011-12-15,131.41,134.18,129.8,133.93,288069.0,24424396.0,175000000.0,0.0016461085714285714
2011-12-16,132.86,137.8,132.86,137.72,303570.0,26784652.0,175000000.0,0.0017346857142857143
2011-12-19,137.49,138.3,134.46,138.25,97665.0,8633439.0,175000000.0,0.0005580857142857143
2011-12-20,138.11,138.96,136.25,136.87,139752.0,12405075.0,175000000.0,0.0007985828571428572
2011-12-21,136.87,137.79,131.64,131.68,202934.0,17560884.0,175000000.0,0.001159622857142857
2011-12-22,131.61,132.29,128.22,129.75,185670.0,15508657.0,175000000.0,0.0010609714285714285
2011-12-23,129.76,130.68,129.13,129.9,177734.0,14935872.0,175000000.0,0.0010156228571428572
2011-12-26,129.44,130.06,125.41,128.51,317649.0,26293882.0,175000000.0,0.0018151371428571429
2011-12-27,126.96,126.96,122.32,126.65,255881.0,20509046.0,175000000.0,0.0014621771428571428
2011-12-28,123.87,125.38,119.99,123.87,412043.0,32622680.0,175000000.0,0.0023545314285714288
2011-12-29,121.61,128.73,121.61,128.51,504467.0,41025956.0,175000000.0,0.0028826685714285713
2011-12-30,128.48,133.16,126.96,133.12,662328.0,55620732.0,175000000.0,0.0037847314285714287
2012-01-04,132.85,132.86,122.72,122.8,512938.0,41630372.0,175000000.0,0.0029310742857142857
2012-01-05,122.8,123.25,114.58,115.09,606902.0,46278928.0,175000000.0,0.0034680114285714284
2012-01-06,115.04,117.95,113.07,116.71,214952.0,16023695.0,175000000.0,0.001228297142857143
2012-01-09,117.36,119.14,113.21,118.17,231287.0,17359310.0,175000000.0,0.00132164
2012-01-10,118.12,122.64,116.91,121.08,609025.0,47559972.0,175000000.0,0.003480142857142857
2012-01-11,121.22,121.82,118.29,118.45,310465.0,23982636.0,175000000.0,0.0017740857142857142
2012-01-12,118.29,120.18,117.52,119.44,159929.0,12340824.0,175000000.0,0.00091388
2012-01-13,119.38,120.15,115.38,115.66,173949.0,13157148.0,175000000.0,0.0009939942857142858
2012-01-16,114.58,115.47,110.01,110.09,207771.0,15314826.0,175000000.0,0.001187262857142857
2012-01-17,109.16,116.12,106.06,114.27,473415.0,33952584.0,175000000.0,0.0027052285714285716
2012-01-18,115.04,117.44,111.7,111.79,309023.0,22830862.0,175000000.0,0.0017658457142857144
2012-01-19,111.48,116.12,110.05,115.35,406512.0,29999304.0,175000000.0,0.0023229257142857143
2012-01-20,115.35,120.69,115.35,119.41,280030.0,21581788.0,175000000.0,0.0016001714285714286
2012-01-30,119.42,121.02,117.77,119.36,155921.0,12055901.0,175000000.0,0.0008909771428571428
2012-01-31,118.32,121.2,118.32,120.92,140599.0,10922995.0,175000000.0,0.0008034228571428572
2012-02-01,120.89,123.94,120.15,121.06,165009.0,13068418.0,175000000.0,0.0009429085714285715
2012-02-02,121.08,122.01,119.3,122.01,102017.0,7958656.0,175000000.0,0.0005829542857142857
2012-02-03,122.09,126.2,121.87,126.11,351542.0,28383946.0,175000000.0,0.0020088114285714284
2012-02-06,126.11,128.85,125.88,128.51,475512.0,39096284.0,175000000.0,0.0027172114285714285
2012-02-07,128.8,129.28,126.7,126.96,160151.0,13265867.0,175000000.0,0.0009151485714285714
2012-02-08,126.73,130.97,126.73,130.04,141802.0,11813339.0,175000000.0,0.0008102971428571429
2012-02-09,130.04,132.99,128.63,131.07,203233.0,17261200.0,175000000.0,0.0011613314285714286
2012-02-10,131.08,132.16,129.44,129.64,123188.0,10354239.0,175000000.0,0.0007039314285714285
2012-02-13,128.68,133.25,128.06,132.91,211953.0,18098738.0,175000000.0,0.00121116
2012-02-14,132.91,134.49,132.37,132.83,328474.0,28286602.0,175000000.0,0.0018769942857142857
2012-02-15,132.66,134.22,132.66,133.16,174982.0,15061850.0,175000000.0,0.0009998971428571428
2012-02-16,132.83,137.1,132.83,133.51,645495.0,56240152.0,175000000.0,0.003688542857142857
2012-02-17,133.51,134.55,131.59,131.73,128766.0,11022506.0,175000000.0,0.0007358057142857143
2012-02-20,132.55,134.49,131.58,131.76,167564.0,14305845.0,175000000.0,0.0009575085714285714
2012-02-21,131.61,135.01,131.31,134.87,354921.0,30754102.0,175000000.0,0.00202812
2012-02-22,135.68,137.8,134.24,135.48,286351.0,25095610.0,175000000.0,0.0016362914285714286
2012-02-23,135.48,137.03,134.55,136.79,411101.0,35997384.0,175000000.0,0.0023491485714285712
2012-02-24,136.79,144.92,136.79,142.45,726876.0,66494256.0,175000000.0,0.004153577142857143
2012-02-27,142.83,146.47,142.45,142.85,314404.0,29442620.0,175000000.0,0.0017965942857142857
2012-02-28,142.91,144.78,142.31,143.99,174573.0,16184299.0,175000000.0,0.00099756
2012-02-29,143.99,148.33,143.99,145.54,423910.0,40144964.0,175000000.0,0.002422342857142857
2012-03-01,145.54,148.04,144.77,146.94,218884.0,20757816.0,175000000.0,0.0012507657142857144
2012-03-02,146.94,148.17,145.4,146.07,275566.0,25984640.0,175000000.0,0.0015746628571428572
2012-03-05,146.07,146.94,145.64,146.13,165886.0,15678524.0,175000000.0,0.00094792
2012-03-06,144.77,147.08,144.13,146.16,307310.0,28834384.0,175000000.0,0.0017560571428571429
2012-03-07,145.46,145.54,137.86,139.5,282041.0,25940710.0,175000000.0,0.0016116628571428572
2012-03-08,139.5,142.06,138.65,140.88,101506.0,9202045.0,175000000.0,0.0005800342857142857
2012-03-09,141.98,148.64,141.98,147.52,239277.0,22360260.0,175000000.0,0.001367297142857143
2012-03-12,147.4,149.41,145.57,147.99,156908.0,14994426.0,175000000.0,0.0008966171428571428
2012-03-13,148.58,149.26,146.38,148.3,85464.0,8172424.0,175000000.0,0.0004883657142857143
2012-03-14,148.31,154.04,144.4,148.48,421066.0,41025164.0,175000000.0,0.0024060914285714287
2012-03-15,148.28,153.75,147.4,150.19,135696.0,13185407.0,175000000.0,0.0007754057142857143
2012-03-16,150.23,157.29,150.23,156.69,698333.0,69389472.0,175000000.0,0.0039904742857142855
2012-03-19,157.98,159.55,150.98,153.89,286866.0,28609128.0,175000000.0,0.0016392342857142856
2012-03-20,153.19,154.79,148.67,152.17,323854.0,31553182.0,175000000.0,0.0018505942857142857
2012-03-21,152.01,152.03,148.33,149.72,247745.0,23922284.0,175000000.0,0.0014156857142857142
2012-03-22,149.72,151.57,147.94,149.72,210018.0,20255050.0,175000000.0,0.001200102857142857
2012-03-23,149.44,150.45,147.94,148.79,295166.0,28386634.0,175000000.0,0.0016866628571428571
2012-03-26,147.96,153.28,147.96,150.53,392467.0,38377944.0,175000000.0,0.0022426685714285713
2012-03-27,148.69,150.5,141.75,141.83,920021.0,86961032.0,175000000.0,0.005257262857142857
2012-03-28,140.9,140.9,133.57,136.25,1295553.0,113643760.0,175000000.0,0.00740316
2012-03-29,136.21,146.9,135.48,141.5,1140186.0,103941984.0,175000000.0,0.006515348571428572
2012-03-30,140.9,140.9,133.2,135.63,726234.0,63825440.0,175000000.0,0.004149908571428571
2012-04-05,134.61,142.91,134.39,142.45,498857.0,45184316.0,175000000.0,0.0028506114285714286
2012-04-06,142.57,144.26,139.66,143.37,720599.0,66128552.0,175000000.0,0.004117708571428571
2012-04-09,142.45,143.99,140.12,143.37,338364.0,31000618.0,175000000.0,0.0019335085714285714
2012-04-10,142.4,143.37,140.12,142.37,218316.0,19951530.0,175000000.0,0.00124752
2012-04-11,140.62,143.67,139.66,140.87,393420.0,35929036.0,175000000.0,0.002248114285714286
2012-04-12,137.8,142.45,137.8,141.78,355264.0,32207744.0,175000000.0,0.00203008
2012-04-13,141.62,142.31,139.04,139.64,315913.0,28606880.0,175000000.0,0.0018052171428571428
2012-04-16,139.5,139.81,137.8,138.03,329867.0,29512254.0,175000000.0,0.0018849542857142857
2012-04-17,137.72,140.25,137.15,138.51,200990.0,17960376.0,175000000.0,0.0011485142857142858
2012-04-18,139.5,139.88,137.15,139.36,401588.0,36020948.0,175000000.0,0.0022947885714285714
2012-04-20,137.8,139.33,135.73,137.82,963208.0,84922096.0,175000000.0,0.005504045714285714
2012-04-23,137.96,138.71,133.77,134.22,427793.0,37471488.0,175000000.0,0.0024445314285714286
2012-04-24,134.22,135.79,132.38,134.73,322983.0,28017906.0,175000000.0,0.001845617142857143
2012-04-25,135.63,135.63,133.85,134.01,289923.0,25141450.0,175000000.0,0.001656702857142857
2012-04-26,134.04,139.19,133.95,139.04,498207.0,43974484.0,175000000.0,0.002846897142857143
2012-04-27,139.19,146.58,139.19,146.58,1403976.0,130056064.0,175000000.0,0.00802272
2012-05-02,149.32,150.84,141.88,143.03,1860970.0,86557936.0,350000000.0,0.005317057142857143
2012-05-03,142.16,149.35,140.36,149.29,2379245.0,111632104.0,350000000.0,0.006797842857142857
2012-05-04,149.35,164.22,146.98,164.22,4395007.0,222276208.0,350000000.0,0.012557162857142857
2012-05-07,161.79,165.47,157.97,163.26,4161540.0,216782576.0,350000000.0,0.011890114285714286
2012-05-08,161.83,161.83,158.31,159.18,1765918.0,90471480.0,350000000.0,0.00504548
2012-05-09,158.06,159.87,152.15,156.19,1815161.0,91068864.0,350000000.0,0.0051861742857142856
2012-05-10,154.02,161.42,154.02,158.99,1547445.0,78992552.0,350000000.0,0.004421271428571428
2012-05-11,159.03,162.88,157.56,158.31,1245314.0,63979504.0,350000000.0,0.00355804
2012-05-14,159.59,160.08,153.3,153.3,1531777.0,76317744.0,350000000.0,0.004376505714285714
2012-05-15,152.46,155.2,150.22,154.95,1193487.0,58884824.0,350000000.0,0.003409962857142857
2012-05-16,154.98,155.38,153.11,154.45,833024.0,41321764.0,350000000.0,0.0023800685714285715
2012-05-17,153.52,155.57,151.84,155.07,1000784.0,49491456.0,350000000.0,0.0028593828571428573
2012-05-18,154.02,154.73,149.82,152.46,1086311.0,53049680.0,350000000.0,0.003103745714285714
2012-05-21,150.9,157.59,150.81,155.57,1537530.0,76630016.0,350000000.0,0.004392942857142857
2012-05-22,155.54,158.65,154.17,158.22,1491957.0,75530064.0,350000000.0,0.004262734285714285
2012-05-23,159.77,162.42,156.1,158.19,1793004.0,91764288.0,350000000.0,0.005122868571428571
2012-05-24,157.87,157.87,151.22,151.46,1994216.0,98325488.0,350000000.0,0.00569776
2012-05-25,151.46,152.3,145.77,146.7,1352301.0,63959912.0,350000000.0,0.003863717142857143
2012-05-28,146.67,148.98,143.53,148.91,1230379.0,57981988.0,350000000.0,0.0035153685714285716
2012-05-29,148.73,148.73,145.62,148.73,1788736.0,84594024.0,350000000.0,0.0051106742857142855
2012-05-30,148.66,150.53,146.24,146.24,1135444.0,54174232.0,350000000.0,0.0032441257142857144
2012-05-31,145.55,148.26,144.93,146.89,841938.0,39699904.0,350000000.0,0.002405537142857143
2012-06-01,147.2,149.19,147.17,147.98,1245295.0,59361524.0,350000000.0,0.0035579857142857144
2012-06-04,146.14,146.86,144.71,144.99,957707.0,44801580.0,350000000.0,0.0027363057142857144
2012-06-05,144.99,146.55,141.88,141.88,904344.0,41764392.0,350000000.0,0.00258384
2012-06-06,141.85,143.06,138.77,139.39,1188812.0,53599916.0,350000000.0,0.0033966057142857144
2012-06-07,140.26,141.82,139.05,140.01,790149.0,35604616.0,350000000.0,0.0022575685714285713
2012-06-08,140.14,141.38,139.64,140.48,839477.0,37833428.0,350000000.0,0.0023985057142857143
2012-06-11,140.64,140.64,136.25,139.55,1780402.0,78666048.0,350000000.0,0.005086862857142857
2012-06-12,138.46,138.46,136.28,137.0,1191607.0,52532460.0,350000000.0,0.0034045914285714286
2012-06-13,136.9,139.86,136.65,139.33,1029127.0,45822040.0,350000000.0,0.0029403628571428573
2012-06-14,139.27,146.83,138.43,144.74,3103805.0,143894720.0,350000000.0,0.008868014285714286
2012-06-15,144.99,146.05,139.98,142.88,1671211.0,77202640.0,350000000.0,0.004774888571428572
2012-06-18,143.75,145.09,141.13,143.13,1918870.0,88038208.0,350000000.0,0.005482485714285714
2012-06-19,142.72,145.96,141.45,143.75,1894559.0,87477336.0,350000000.0,0.005413025714285714
2012-06-20,144.15,145.4,142.72,143.75,856938.0,39690240.0,350000000.0,0.0024483942857142856
2012-06-21,143.75,145.12,141.41,143.75,891405.0,40928600.0,350000000.0,0.0025468714285714284
2012-06-25,144.0,145.96,141.91,144.25,1564226.0,72845432.0,350000000.0,0.004469217142857143
2012-06-26,143.06,144.0,140.95,142.19,1088066.0,49917952.0,350000000.0,0.00310876
2012-06-27,140.33,144.68,140.33,141.57,1299720.0,59890036.0,350000000.0,0.0037134857142857142
2012-06-28,141.57,143.09,139.24,142.19,1177668.0,53532524.0,350000000.0,0.0033647657142857144
2012-06-29,141.41,148.04,140.01,146.98,3047468.0,142353712.0,350000000.0,0.008707051428571429
2012-07-02,147.11,153.95,144.25,151.0,5215474.0,251980272.0,349999100.00000006,0.014901392603580978
2012-07-03,149.44,153.36,148.1,150.78,2439784.0,118704096.0,349999100.00000006,0.006970829353561194
2012-07-04,150.28,151.71,147.86,148.45,1461915.0,70193312.0,349999100.00000006,0.004176910740627618
2012-07-05,146.92,148.26,142.19,143.87,1476001.0,68459568.0,349999100.00000006,0.004217156558402578
2012-07-06,143.13,153.7,143.13,152.43,3704601.0,178582256.0,349999100.00000006,0.010584601503261007
2012-07-09,151.37,157.38,150.44,152.4,4162598.0,206212304.0,349999100.00000006,0.011893167725288435
2012-07-10,151.37,156.26,149.97,151.22,2610278.0,128792664.0,349999100.00000006,0.007457956320459109
2012-07-11,149.85,154.05,145.96,154.05,3173927.0,154327248.0,349999100.00000006,0.009068386175850165
2012-07-12,154.05,157.69,150.9,152.93,4424726.0,220125024.0,349999100.00000006,0.012642106793988897
2012-07-13,151.99,156.19,149.97,155.48,2768904.0,136257904.0,349999100.00000006,0.007911174628734759
2012-07-16,155.48,156.26,148.73,149.1,2814797.0,137746320.0,349999100.00000006,0.008042297823051544
2012-07-17,148.73,148.73,142.04,143.19,2147003.0,99222304.0,349999100.00000006,0.006134310059654438
2012-07-18,142.6,143.9,136.93,138.18,2284575.0,102253984.0,349999100.00000006,0.006527373927532955
2012-07-19,136.93,139.61,136.93,139.49,1780837.0,79462144.0,349999100.00000006,0.005088118798019766
2012-07-20,139.7,141.85,137.59,137.96,1162821.0,52078976.0,349999100.00000006,0.0033223542574823757
2012-07-23,136.87,136.9,132.55,133.54,1745586.0,75104784.0,349999100.00000006,0.004987401396175018
2012-07-24,132.86,135.32,131.61,133.95,1882993.0,80781976.0,349999100.00000006,0.0053799938342698585
2012-07-25,133.95,135.97,132.55,133.01,1301283.0,56271216.0,349999100.00000006,0.0037179609890425425
2012-07-26,132.86,134.41,130.74,132.55,1468607.0,62531412.0,349999100.00000006,0.004196030789793459
2012-07-27,132.7,133.36,125.89,126.42,1874068.0,77520008.0,349999100.00000006,0.005354493768698261
2012-07-30,126.17,126.39,122.43,122.99,1917876.0,76494344.0,349999100.00000006,0.005479659804839498
2012-07-31,122.28,123.8,121.19,121.78,1056537.0,41427392.0,349999100.00000006,0.003018684905189756
2012-08-01,121.35,124.08,121.35,122.59,1227785.0,48558508.0,349999100.00000006,0.0035079661633415624
2012-08-02,122.87,123.8,121.66,121.91,662355.0,26119148.0,349999100.00000006,0.0018924477234370028
2012-08-03,121.91,128.69,121.66,127.57,1791621.0,72838568.0,349999100.00000006,0.005118930305820785
2012-08-06,128.1,134.2,126.88,132.86,1543904.0,64926176.0,349999100.00000006,0.004411165628711616
2012-08-07,132.86,135.29,131.61,133.17,1225502.0,52545556.0,349999100.00000006,0.0035014432894256006
2012-08-08,133.17,133.17,129.78,130.43,720226.0,30237118.0,349999100.00000006,0.0020577938628985044
2012-08-09,130.37,134.69,129.62,134.41,1598464.0,68575952.0,383599100.00000006,0.004167017075900334
2012-08-10,135.29,135.29,129.96,132.7,1173941.0,49888708.0,383599100.00000006,0.003060333040405986
2012-08-13,130.4,133.14,129.12,129.56,1192917.0,49953220.0,383599100.00000006,0.0031098013525057795
2012-08-14,129.56,130.34,126.51,128.44,721359.0,29737310.0,383599100.00000006,0.0018805023265174498
2012-08-15,128.53,130.18,128.5,129.09,617420.0,25699628.0,383599100.00000006,0.0016095449650429313
2012-08-16,128.72,130.52,127.57,127.72,475685.0,19708072.0,383599100.00000006,0.001240057653941315
2012-08-17,127.72,127.72,123.77,124.61,777611.0,31124248.0,383599100.00000006,0.0020271450063360417
2012-08-20,124.3,124.92,122.28,124.68,488485.0,19501450.0,383599100.00000006,0.0012734258239917662
2012-08-21,124.15,128.19,124.15,126.48,897721.0,36596936.0,383599100.00000006,0.0023402583582703917
2012-08-22,128.38,128.6,124.77,125.11,736024.0,29736878.0,383599100.00000006,0.0019187323432197831
2012-08-23,124.46,126.01,121.28,122.09,1082151.0,42770844.0,383599100.00000006,0.0028210467647082588
2012-08-24,120.66,120.72,115.15,116.96,2128650.0,80757192.0,383599100.00000006,0.005549152748272871
2012-08-27,116.68,116.68,110.46,112.51,1972037.0,70893072.0,383599100.00000006,0.005140880153264175
2012-08-28,112.01,113.82,109.4,111.79,1186633.0,42503252.0,383599100.00000006,0.003093419666521636
2012-08-29,110.8,113.6,110.46,111.39,801848.0,29032746.0,383599100.00000006,0.002090328157704228
2012-08-30,110.77,112.63,100.25,100.5,2448497.0,81345880.0,383599100.00000006,0.006382958145626514
2012-08-31,101.74,110.55,101.74,110.55,2971252.0,101245336.0,383599100.00000006,0.007745722031151792
2012-09-03,116.68,117.61,111.08,113.26,3695817.0,135797792.0,383599100.00000006,0.009634582041511566
2012-09-04,115.12,116.68,111.26,111.3,1353245.0,49043548.0,383599100.00000006,0.0035277585374939614
2012-09-05,111.05,111.05,108.03,108.43,1232659.0,43118904.0,383599100.00000006,0.00321340430673586
2012-09-06,108.59,109.83,105.14,106.44,1478015.0,50689208.0,383599100.00000006,0.0038530199888373038
2012-09-07,108.37,112.32,107.66,111.51,2133544.0,75708440.0,383599100.00000006,0.005561910859540597
2012-09-10,113.26,113.26,109.83,111.36,1859963.0,66479368.0,383599100.00000006,0.004848715755589624
2012-09-11,111.23,111.23,109.37,110.11,884308.0,31228320.0,383599100.00000006,0.002305292165701118
2012-09-12,111.08,111.23,110.11,110.92,1302495.0,46343640.0,383599100.00000006,0.003395458957020493
2012-09-13,111.02,111.02,107.59,107.59,1855613.0,64950048.0,383599100.00000006,0.004837375791549041
2012-09-14,108.74,108.74,105.01,106.1,2060691.0,70158792.0,383599100.00000006,0.005371991227299542
2012-09-17,105.94,106.63,103.11,103.24,1455532.0,48881880.0,383599100.00000006,0.0037944093195213433
2012-09-18,102.68,105.14,102.68,104.36,1003427.0,33571732.0,383599100.00000006,0.002615822091344844
2012-09-19,104.76,104.76,101.68,102.93,992024.0,32761198.0,383599100.00000006,0.002586095744228805
2012-09-20,102.93,102.96,100.34,100.5,945498.0,30756078.0,383599100.00000006,0.002464807659871986
2012-09-21,100.25,101.06,98.97,99.57,719153.0,23086722.0,383599100.00000006,0.0018747515309603174
2012-09-24,99.6,107.03,98.79,105.73,1910530.0,64279976.0,383599100.00000006,0.0049805382755069025
2012-09-25,105.48,108.9,103.61,107.34,2728398.0,93941024.0,383599100.00000006,0.007112628783539898
2012-09-26,105.23,110.3,105.23,108.81,2376134.0,83261168.0,383599100.00000006,0.006194315888645201
2012-09-27,108.78,114.97,108.59,113.29,3767066.0,136899072.0,383599100.00000006,0.009820320224943176
2012-09-28,113.88,115.84,112.1,114.5,2486763.0,91676888.0,383599100.00000006,0.006482713332747652
2012-10-08,113.88,114.81,112.32,112.98,1384107.0,50348868.0,383599100.00000006,0.003608212323751541
2012-10-09,112.98,114.13,111.73,113.94,1542786.0,56035088.0,383599100.00000006,0.004021870749957442
2012-10-10,113.69,114.0,112.45,112.95,1265468.0,46039568.0,383599100.00000006,0.0032989337044847075
2012-10-11,112.95,114.38,112.51,113.23,1413771.0,51556408.0,383599100.00000006,0.0036855430578434617
2012-10-12,112.73,114.19,111.92,112.26,846553.0,30734748.0,383599100.00000006,0.0022068690984937134
2012-10-15,115.09,119.17,114.5,117.3,2965303.0,111820424.0,383599100.00000006,0.007730213652743188
2012-10-16,117.24,128.5,115.43,125.08,5141809.0,205009744.0,383599100.00000006,0.013404121646792182
2012-10-17,125.11,129.68,121.41,127.57,4671341.0,189057392.0,383599100.00000006,0.012177664129034711
2012-10-18,127.1,131.92,125.7,129.28,4942286.0,206186752.0,383599100.00000006,0.012883987475465921
2012-10-19,129.34,130.84,126.54,127.44,2717147.0,111472912.0,383599100.00000006,0.007083298683443208
2012-10-22,126.01,127.32,121.63,124.46,2285154.0,91149968.0,383599100.00000006,0.00595714119245848
2012-10-23,124.46,125.39,118.39,119.76,3389389.0,131893136.0,383599100.00000006,0.008835758478056907
2012-10-24,119.79,120.35,116.68,118.23,2987211.0,113657488.0,383599100.00000006,0.007787325361295163
2012-10-25,118.23,118.73,116.71,117.43,1943213.0,73470008.0,383599100.00000006,0.0050657392053318154
2012-10-26,117.49,120.26,115.96,119.7,2859235.0,109248848.0,383599100.00000006,0.007453706226109497
2012-10-29,118.23,119.07,113.57,116.68,1595541.0,59786952.0,383599100.00000006,0.004159397141442719
2012-10-30,116.71,118.05,115.5,115.75,1324723.0,49613068.0,383599100.00000006,0.0034534048698237293
2012-10-31,115.68,115.71,113.85,114.97,1557165.0,57343544.0,383599100.00000006,0.0040593551966102105
2012-11-01,115.06,119.01,115.06,119.01,1846036.0,69782992.0,383599100.00000006,0.004812409622441762
2012-11-02,119.17,121.31,118.95,119.45,2120589.0,81770040.0,383599100.00000006,0.005528138621805942
2012-11-05,119.57,119.57,115.71,115.75,1434839.0,53809480.0,383599100.00000006,0.0037404649802358757
2012-11-06,115.75,115.75,108.43,111.05,2592827.0,92185616.0,383599100.00000006,0.006759210331828202
2012-11-07,110.58,110.58,108.96,109.68,1535802.0,54140156.0,383599100.00000006,0.0040036642421736645
2012-11-08,109.12,112.95,107.34,109.8,1679283.0,59726344.0,383599100.00000006,0.004377703180221225
2012-11-09,109.21,110.24,107.66,108.74,666823.0,23358784.0,383599100.00000006,0.0017383330669962466
2012-11-12,107.62,109.37,107.34,108.81,1093500.0,38048540.0,383599100.00000006,0.002850632339856897
2012-11-13,108.62,108.62,103.92,106.1,1271686.0,43190720.0,383599100.00000006,0.0033151433358420282
2012-11-14,105.79,107.28,104.36,106.38,693479.0,23590240.0,383599100.00000006,0.001807822281126311
2012-11-15,105.48,106.41,103.92,104.08,678000.0,22893926.0,383599100.00000006,0.001767470257359832
2012-11-16,104.08,104.08,100.34,100.5,1420253.0,46257792.0,383599100.00000006,0.0037024409077080728
2012-11-19,99.81,101.49,92.75,95.52,3098214.0,95962024.0,383599100.00000006,0.008076697781616274
2012-11-20,93.97,99.57,92.57,96.92,2164088.0,67213064.0,383599100.00000006,0.005641535655323487
2012-11-21,96.45,98.13,93.69,97.7,1515737.0,46727476.0,383599100.00000006,0.003951357028731297
2012-11-22,95.46,95.46,91.63,91.82,3040624.0,90509992.0,383599100.00000006,0.007926567085272097
2012-11-23,91.63,95.12,90.67,93.16,2087880.0,62840196.0,383599100.00000006,0.005442869912885613
2012-11-26,92.91,92.91,88.86,89.36,1647969.0,47807552.0,383599100.00000006,0.004296071080458739
2012-11-27,88.83,89.86,87.49,87.8,1437007.0,40922820.0,383599100.00000006,0.003746116714038171
2012-11-28,87.8,87.8,85.25,85.69,1354635.0,37503752.0,383599100.00000006,0.0035313821122103773
2012-11-29,85.94,88.3,85.22,85.97,938131.0,26197026.0,383599100.00000006,0.0024456027138749802
2012-11-30,85.97,86.68,84.48,85.66,826959.0,22704438.0,383599100.00000006,0.0021557897294336714
2012-12-03,85.25,85.35,77.1,77.1,3054972.0,77711968.0,383599100.00000006,0.007963970718388023
2012-12-04,74.43,80.24,71.87,77.94,4719384.0,113381464.0,383599100.00000006,0.012302906862920166
2012-12-05,76.23,81.05,74.77,78.47,5608541.0,141229968.0,383599100.00000006,0.01462083982991618
2012-12-06,78.47,80.27,75.79,79.5,3535320.0,87916512.0,383599100.00000006,0.009216184292403187
2012-12-07,80.27,81.49,79.09,80.59,3391024.0,87700320.0,383599100.00000006,0.008840020740403196
2012-12-10,77.94,83.08,77.19,82.42,4082455.0,104422160.0,383599100.00000006,0.010642504114321435
2012-12-11,81.83,84.63,81.02,83.29,3597330.0,96612104.0,383599100.00000006,0.009377837434967912
2012-12-12,83.6,84.48,81.83,84.29,2290427.0,61419156.0,383599100.00000006,0.005970887314386294
2012-12-13,83.98,85.25,82.14,82.45,2580413.0,69644960.0,383599100.00000006,0.0067268484206558345
2012-12-14,80.65,84.88,78.75,83.92,3321444.0,88332000.0,383599100.00000006,0.008658633453519572
2012-12-17,83.92,92.1,83.01,90.23,6576725.0,184211536.0,383599100.00000006,0.017144787357426017
2012-12-18,89.58,94.25,88.21,91.32,5787122.0,170913440.0,383599100.00000006,0.015086380546773961
2012-12-19,91.88,96.7,91.13,96.42,4685950.0,142700880.0,383599100.00000006,0.012215748159993075
2012-12-20,96.14,97.33,92.66,94.99,4039830.0,123086880.0,383599100.00000006,0.010531385501165147
2012-12-21,94.74,95.74,92.78,93.81,2324398.0,70161816.0,383599100.00000006,0.0060594459163225345
2012-12-24,93.78,93.78,89.92,90.17,2836298.0,82902768.0,383599100.00000006,0.007393912029512059
2012-12-25,89.76,94.53,87.68,93.19,3821231.0,113170472.0,383599100.00000006,0.009961522328910573
2012-12-26,92.85,96.92,92.01,96.21,3495598.0,106463456.0,383599100.00000006,0.009112633475938811
2012-12-27,96.45,102.9,94.59,101.43,5784317.0,184214544.0,383599100.00000006,0.015079068225133998
2012-12-28,101.12,107.84,100.22,105.63,5091195.0,172851056.0,383599100.00000006,0.013272176603125501
2012-12-31,105.6,108.25,103.61,106.66,3818362.0,129069184.0,383599100.00000006,0.009954043166420358
2013-01-04,106.72,107.53,103.3,103.61,5228024.0,175473696.0,383599100.00000006,0.013628874520299967
2013-01-07,102.37,105.76,101.34,105.38,3206625.0,107526104.0,383599100.00000006,0.00835931314750217
2013-01-08,105.32,112.38,104.7,112.32,5359252.0,188770256.0,383599100.00000006,0.013970971256189077
2013-01-09,112.26,117.77,111.89,116.06,4885745.0,181867552.0,383599100.00000006,0.012736591404932909
2013-01-10,115.43,118.08,114.19,115.43,3338199.0,124652760.0,383599100.00000006,0.008702311866737955
2013-01-11,115.31,116.68,111.42,114.81,2945685.0,108315984.0,383599100.00000006,0.007679071718364301
2013-01-14,113.51,120.35,111.7,118.05,5042938.0,188930768.0,383599100.00000006,0.013146375995147015
2013-01-15,118.42,119.48,115.12,117.3,3618601.0,136482032.0,383599100.00000006,0.00943328855568222
2013-01-16,116.37,116.37,112.54,113.57,4631113.0,170192192.0,383599100.00000006,0.01207279422709803
2013-01-17,112.32,115.06,112.23,113.13,1597773.0,58402688.0,383599100.00000006,0.004165215716095266
2013-01-18,114.81,114.94,107.97,111.02,3041289.0,107910672.0,383599100.00000006,0.007928300665981748
2013-01-21,109.62,110.46,104.23,105.29,4713153.0,161479184.0,383599100.00000006,0.012286663342015138
2013-01-22,105.17,107.81,98.6,107.81,4625316.0,151911984.0,383599100.00000006,0.012057682095708773
2013-01-23,105.98,109.68,103.7,108.84,4477587.0,154049360.0,383599100.00000006,0.011672569096225719
2013-01-24,107.34,109.93,105.63,106.16,3198748.0,110964216.0,383599100.00000006,0.008338778688479716
2013-01-25,104.23,106.57,101.84,102.68,2365032.0,78522800.0,383599100.00000006,0.0061653742149030055
2013-01-28,101.12,102.37,95.68,98.6,5098905.0,160399616.0,383599100.00000006,0.013292275711804327
2013-01-29,97.95,100.65,96.08,100.28,3593545.0,114969672.0,383599100.00000006,0.009367970362808462
2013-01-30,100.5,105.32,99.25,103.61,3408096.0,112208776.0,383599100.00000006,0.008884525537207985
2013-01-31,103.24,103.61,100.19,100.84,1754631.0,57184068.0,383599100.00000006,0.004574126998733834
2013-02-01,100.75,102.99,99.19,101.43,2117195.0,68828016.0,383599100.00000006,0.005519290842966002
2013-02-04,99.94,102.37,97.54,98.01,1825565.0,57914848.0,383599100.00000006,0.004759044012355607
2013-02-05,97.98,102.37,96.77,102.3,3840571.0,122896536.0,383599100.00000006,0.010011939548346175
2013-02-06,102.3,102.93,100.37,100.81,2271870.0,73692888.0,383599100.00000006,0.005922511288477996
2013-02-07,100.69,101.43,98.01,100.03,1839398.0,59152500.0,383599100.00000006,0.004795105098004661
2013-02-08,99.53,100.97,98.79,99.32,1348080.0,43361724.0,383599100.00000006,0.0035142939595009474
2013-02-18,99.38,100.03,93.97,94.15,3211499.0,98541504.0,383599100.00000006,0.008372019121004192
2013-02-19,93.97,96.3,93.34,94.12,2237434.0,68272448.0,383599100.00000006,0.005832740483489141
2013-02-20,94.65,94.65,91.32,92.72,2844375.0,84921128.0,383599100.00000006,0.007414967866191551
2013-02-21,91.51,97.08,90.92,94.74,5016537.0,153535600.0,383599100.00000006,0.013077551537529673
2013-02-22,95.21,104.23,95.21,104.23,7384997.0,241262960.0,383599100.00000006,0.019251862165474316
2013-02-25,107.1,107.1,101.74,103.46,5700111.0,191541392.0,383599100.00000006,0.014859552590191163
2013-02-26,102.68,108.9,101.99,106.94,6208939.0,213171984.0,383599100.00000006,0.016186010342568582
2013-02-27,105.79,107.97,103.64,105.54,3354678.0,113596504.0,383599100.00000006,0.008745270778789626
2013-02-28,105.35,106.22,100.5,103.58,4697481.0,154833808.0,383599100.00000006,0.012245808188809618
2013-03-01,102.99,105.1,101.9,103.42,3673218.0,121848520.0,383599100.00000006,0.009575668973154523
2013-03-04,102.68,106.26,102.55,103.05,3578363.0,119960776.0,383599100.00000006,0.009328392584862684
2013-03-05,102.46,106.1,100.5,103.89,3946349.0,132099480.0,383599100.00000006,0.01028769097737716
2013-03-06,103.92,109.68,101.09,108.93,5832566.0,196548512.0,383599100.00000006,0.015204847978006203
2013-03-07,107.97,115.12,107.44,109.83,8054358.0,288996608.0,383599100.00000006,0.020996811514938377
2013-03-08,109.9,112.91,106.66,107.19,3520403.0,123822200.0,383599100.00000006,0.009177297339852985
2013-03-11,104.76,106.44,102.93,105.32,2400533.0,80743720.0,383599100.00000006,0.006257921355915589
2013-03-12,105.17,106.82,101.9,102.8,2259718.0,75697240.0,383599100.00000006,0.005890832382036349
2013-03-13,102.8,106.54,102.06,106.54,3168148.0,106858208.0,383599100.00000006,0.008259007906952857
2013-03-14,105.48,106.82,103.42,103.86,2189914.0,74122400.0,383599100.00000006,0.005708861152176842
2013-03-15,102.68,103.08,96.45,98.29,2779349.0,89094776.0,383599100.00000006,0.007245452348558689
2013-03-18,98.23,100.0,90.04,90.54,4078885.0,121986520.0,383599100.00000006,0.0106331975231433
2013-03-19,90.64,92.1,83.32,90.2,6407688.0,179114224.0,383599100.00000006,0.016704126782362105
2013-03-20,88.71,91.6,87.43,91.29,5849358.0,168856272.0,383599100.00000006,0.015248622846091138
2013-03-21,91.16,91.26,88.36,88.92,4000352.0,115241008.0,383599100.00000006,0.010428470765442358
2013-03-22,88.64,90.48,88.05,88.92,3186074.0,91360800.0,383599100.00000006,0.008305738986353199
2013-03-25,88.71,89.24,86.81,87.59,2998394.0,84256816.0,383599100.00000006,0.00781647819298846
2013-03-26,87.52,88.86,86.81,87.8,2456683.0,69516424.0,383599100.00000006,0.006404298133129091
2013-03-27,87.84,88.21,83.64,84.07,3979667.0,108896984.0,383599100.00000006,0.010374547281263172
2013-03-28,83.39,83.39,79.99,81.55,3281806.0,86024360.0,383599100.00000006,0.00855530161567115
2013-03-29,81.55,83.36,79.28,81.15,2407800.0,62762896.0,383599100.00000006,0.006276865613084075
2013-04-01,81.15,81.15,77.97,78.03,2478391.0,62894732.0,383599100.00000006,0.006460888464024028
2013-04-02,77.72,79.59,77.47,78.41,2024442.0,51097476.0,383599100.00000006,0.005277494133849635
2013-04-03,78.87,79.34,76.88,78.53,1948264.0,48961040.0,383599100.00000006,0.005078906598060318
2013-04-08,77.16,79.34,75.36,78.63,1876072.0,46635372.0,383599100.00000006,0.004890710118975774
2013-04-09,79.19,80.15,78.41,79.34,1788982.0,45644300.0,383599100.00000006,0.004663676218218446
2013-04-10,79.34,86.44,79.34,85.91,5039432.0,135546464.0,383599100.00000006,0.013137236244819134
2013-04-11,84.88,85.47,82.42,82.73,2718799.0,73172528.0,383599100.00000006,0.007087605262890344
2013-04-12,82.61,86.62,82.17,84.2,3151990.0,85950160.0,383599100.00000006,0.008216885806040733
2013-04-15,83.82,84.01,81.36,83.79,1953771.0,51847548.0,383599100.00000006,0.005093262731846867
2013-04-16,81.83,84.41,80.59,82.76,1694869.0,45076260.0,383599100.00000006,0.004418334141034219
2013-04-17,82.92,85.5,82.92,83.7,1635037.0,44189964.0,383599100.00000006,0.004262358801154643
2013-04-18,83.39,83.67,81.21,81.83,1347562.0,35670196.0,383599100.00000006,0.003512943591369218
2013-04-19,81.8,84.01,81.52,82.86,1852549.0,49159596.0,383599100.00000006,0.004829388285843214
2013-04-22,81.71,82.45,78.1,78.97,2571111.0,65924184.0,383599100.00000006,0.006702599145826983
2013-04-23,78.97,80.4,77.79,78.31,1786404.0,45538224.0,383599100.00000006,0.004656955660219223
2013-04-24,78.25,79.0,74.67,76.98,2327380.0,57203192.0,383599100.00000006,0.0060672196571889755
2013-04-25,76.82,78.19,74.99,77.63,2065558.0,51099600.0,383599100.00000006,0.005384678952583569
2013-04-26,77.16,78.84,75.2,75.27,1467171.0,36265796.0,383599100.00000006,0.003824750892272687
2013-05-02,74.67,74.67,70.85,71.44,2151911.0,49998116.0,383599100.00000006,0.00560979157667471
2013-05-03,71.41,72.9,71.28,71.87,1709838.0,39645048.0,383599100.00000006,0.004457356651775251
2013-05-06,71.87,76.23,71.44,76.17,2343912.0,55635340.0,383599100.00000006,0.006110316734319761
2013-05-07,76.17,83.48,75.3,82.55,5344643.0,134839888.0,383599100.00000006,0.013932887225230714
2013-05-08,81.46,82.14,79.09,80.31,3969992.0,102597808.0,383599100.00000006,0.010349325637103944
2013-05-09,80.31,83.54,80.09,80.65,4063452.0,107290640.0,383599100.00000006,0.010592965416237941
2013-05-10,80.12,82.11,79.22,80.34,2525235.0,65341560.0,383599100.00000006,0.006583005538855539
2013-05-13,80.27,82.08,79.71,80.9,2374036.0,61964148.0,383599100.00000006,0.00618884663702287
2013-05-14,80.84,80.87,77.88,77.88,2015466.0,50925272.0,383599100.00000006,0.005254094704601756
2013-05-15,77.79,79.62,76.91,77.35,2124598.0,53284264.0,383599100.00000006,0.005538589636941275
2013-05-16,77.19,77.75,74.58,76.95,3248582.0,79877144.0,383599100.00000006,0.008468690359283949
2013-05-17,76.79,80.12,76.76,79.62,3001936.0,75703608.0,383599100.00000006,0.007825711791294609
2013-05-20,79.96,82.02,79.71,80.52,3029243.0,78885520.0,383599100.00000006,0.007896898089698332
2013-05-21,80.43,81.18,79.37,80.43,2735807.0,70403144.0,383599100.00000006,0.007131943218844881
2013-05-22,80.21,84.01,80.21,83.39,5809774.0,154338224.0,383599100.00000006,0.015145431780210118
2013-05-23,82.76,85.07,81.92,82.45,5131196.0,138331232.0,383599100.00000006,0.013376454741421446
2013-05-24,82.45,83.7,80.52,82.39,3009091.0,79346192.0,383599100.00000006,0.007844364076975153
2013-05-27,81.77,82.61,80.62,81.99,2349072.0,61582872.0,383599100.00000006,0.00612376827787135
2013-05-28,81.83,84.44,81.24,83.98,3563410.0,95416576.0,383599100.00000006,0.009289411784334217
2013-05-29,84.41,85.56,83.26,83.39,3575544.0,97003408.0,383599100.00000006,0.009321043766786729
2013-05-30,83.01,83.01,81.3,81.64,2809852.0,73882272.0,383599100.00000006,0.007324970261921885
2013-05-31,81.64,82.42,80.96,81.08,1662698.0,43674868.0,383599100.00000006,0.004334467938011324
2013-06-03,81.08,81.99,80.96,81.74,1582684.0,41409520.0,383599100.00000006,0.004125880378760012
2013-06-04,81.83,81.99,78.59,78.97,2174932.0,55741424.0,383599100.00000006,0.0056698047518881035
2013-06-05,78.72,81.64,78.25,81.64,2251966.0,57966580.0,383599100.00000006,0.005870623784049544
2013-06-06,81.02,82.39,79.43,79.75,1956712.0,50807896.0,383599100.00000006,0.005100929590293616
2013-06-07,78.81,79.9,76.79,77.35,1863946.0,46719432.0,383599100.00000006,0.0048590989916295416
2013-06-13,75.61,77.16,74.05,75.86,1877730.0,45424716.0,383599100.00000006,0.0048950323397526216
2013-06-14,76.81,76.87,75.6,75.67,1438853.0,34494052.0,383599100.00000006,0.0037509290298126346
2013-06-17,75.6,76.05,72.43,73.51,2302187.0,53269140.0,383599100.00000006,0.006001544320620147
2013-06-18,73.7,74.11,72.78,73.51,1939180.0,44897256.0,383599100.00000006,0.005055225624877638
2013-06-19,73.16,76.68,71.79,76.68,3383357.0,79371528.0,383599100.00000006,0.008820033727920633
2013-06-20,75.86,76.56,71.63,72.43,2436691.0,57350540.0,383599100.00000006,0.006352181222531543
2013-06-21,71.79,75.25,70.3,73.38,2068527.0,47705904.0,383599100.00000006,0.005392418803902303
2013-06-24,72.08,74.17,69.57,70.33,2073096.0,46991176.0,383599100.00000006,0.005404329676477342
2013-06-25,68.9,71.98,63.53,68.2,2853451.0,61709220.0,383599100.00000006,0.007438627984267949
2013-06-26,68.04,68.74,66.01,68.11,2090255.0,44349840.0,383599100.00000006,0.005449061272562943
2013-06-27,68.3,69.03,65.95,66.04,2195573.0,46762108.0,383599100.00000006,0.005723613532982741
2013-06-28,65.6,68.42,65.6,66.33,1651211.0,34825324.0,383599100.00000006,0.0043045226122793295
2013-07-01,66.33,66.71,64.48,64.9,2163012.0,44388240.0,383599100.00000006,0.005638730643528621
2013-07-02,64.96,68.52,64.42,67.63,4204420.0,88118376.0,383599100.00000006,0.010960453244024814
2013-07-03,66.93,67.34,64.64,65.53,3883034.0,80394120.0,383599100.00000006,0.010122635845600261
2013-07-04,64.64,66.77,64.01,65.76,2898379.0,60140020.0,383599100.00000006,0.007555750261145033
2013-07-05,65.76,67.63,65.72,66.42,2606742.0,54776208.0,383599100.00000006,0.006795485182316641
2013-07-08,65.28,65.63,63.5,63.6,2714987.0,54995376.0,383599100.00000006,0.007077667804747194
2013-07-09,63.37,63.85,61.31,61.91,2634673.0,51839264.0,383599100.00000006,0.006868298179010325
2013-07-10,61.56,63.44,61.56,63.4,2667052.0,52711744.0,383599100.00000006,0.00695270661479654
2013-07-11,63.44,69.76,63.21,69.76,6414908.0,136126992.0,383599100.00000006,0.016722948515781186
2013-07-12,69.76,70.36,66.87,67.66,6692873.0,144461728.0,383599100.00000006,0.01744757221797444
2013-07-15,67.28,68.04,66.17,67.92,5206467.0,110357120.0,383599100.00000006,0.013572677829536094
2013-07-16,67.53,71.44,66.71,69.88,9368995.0,204175264.0,383599100.00000006,0.02442392330951767
2013-07-17,68.61,69.25,66.71,67.22,4771625.0,102110296.0,383599100.00000006,0.012439093313826855
2013-07-18,66.71,67.85,66.01,66.01,2672015.0,56368672.0,383599100.00000006,0.006965644601355946
2013-07-19,65.44,66.58,63.82,64.07,4075560.0,83076368.0,383599100.00000006,0.010624529619595039
2013-07-22,62.93,65.18,62.93,64.2,2160463.0,43553676.0,383599100.00000006,0.005632085685289667
2013-07-23,64.2,66.3,64.14,65.66,2712456.0,55795688.0,383599100.00000006,0.007071069770497375
2013-07-24,65.25,66.26,63.75,65.41,3307299.0,67881408.0,383599100.00000006,0.008621759018725538
2013-07-25,65.28,71.95,64.17,67.69,9721335.0,208026896.0,383599100.00000006,0.025342434327922037
2013-07-26,68.14,68.14,66.07,66.84,5576677.0,117211312.0,383599100.00000006,0.014537773941596837
2013-07-29,66.04,66.77,64.26,64.26,3497372.0,71893064.0,383599100.00000006,0.00911725809575674
2013-07-30,64.36,66.07,63.53,64.83,2398163.0,48888292.0,383599100.00000006,0.006251743030679685
2013-07-31,65.41,65.72,63.53,63.98,3180851.0,64533592.0,383599100.00000006,0.008292123208839644
2013-08-01,64.8,65.25,63.85,65.15,3720389.0,75748224.0,383599100.00000006,0.00969863850045529
2013-08-02,65.44,66.96,65.09,65.34,4757096.0,98879528.0,383599100.00000006,0.012401217833931309
2013-08-05,65.47,67.15,65.12,66.71,3668619.0,76670424.0,383599100.00000006,0.009563679893930928
2013-08-06,66.55,68.87,66.23,67.57,4737201.0,100964528.0,383599100.00000006,0.012349353791497424
2013-08-07,67.34,68.71,66.77,67.38,3959393.0,84448552.0,383599100.00000006,0.0103216952281692
2013-08-08,67.22,68.87,66.8,67.76,3538098.0,75778608.0,383599100.00000006,0.00922342622805945
2013-08-09,68.58,68.61,66.36,67.12,3159522.0,67058484.0,383599100.00000006,0.008236520888604795
2013-08-12,67.38,71.41,66.87,70.84,7237331.0,158501904.0,383599100.00000006,0.01886691339995323
2013-08-13,71.28,73.7,70.71,71.57,7327443.0,166948144.0,383599100.00000006,0.019101825317108405
2013-08-14,72.78,74.33,71.44,71.95,5201367.0,119342536.0,383599100.00000006,0.013559382699281617
2013-08-15,71.85,73.79,71.16,72.24,5076315.0,116059696.0,383599100.00000006,0.013233386105441851
2013-08-16,71.47,73.54,70.17,70.23,4644249.0,104467440.0,383599100.00000006,0.012107038311612304
2013-08-19,70.14,70.81,68.61,70.52,2402944.0,52896640.0,383599100.00000006,0.006264206563571186
2013-08-20,69.92,71.79,69.5,70.01,2642089.0,58605376.0,383599100.00000006,0.006887630862533305
2013-08-21,69.95,71.06,69.73,71.06,2004949.0,44449364.0,383599100.00000006,0.005226678060506398
2013-08-22,70.52,71.63,70.23,71.03,2391898.0,53395984.0,383599100.00000006,0.006235410875572961
2013-08-23,71.0,71.44,68.77,69.38,2273510.0,49952344.0,383599100.00000006,0.00592678658526571
2013-08-26,68.9,70.49,68.84,70.46,1949328.0,42879956.0,383599100.00000006,0.005081680327195762
2013-08-27,70.33,72.24,69.5,71.98,3501760.0,78534992.0,383599100.00000006,0.00912869712155216
2013-08-28,71.79,71.79,70.2,70.36,3119567.0,69548360.0,383599100.00000006,0.00813236266716997
2013-08-29,70.9,72.01,69.92,71.47,2586635.0,57862448.0,383599100.00000006,0.006743068479566296
2013-08-30,70.42,70.77,68.8,69.31,2851787.0,62619164.0,383599100.00000006,0.007434290122161391
2013-09-02,68.61,68.77,64.17,64.83,5208423.0,107149576.0,383599100.00000006,0.01357777690302193
2013-09-03,64.96,66.42,64.52,65.98,3666588.0,75526144.0,383599100.00000006,0.009558385303823705
2013-09-04,65.31,66.68,65.12,66.07,2639466.0,54654496.0,383599100.00000006,0.006880792994561248
2013-09-05,66.04,66.55,65.15,65.6,2291772.0,47448076.0,383599100.00000006,0.0059743935791298775
2013-09-06,66.07,66.55,65.31,65.76,1380838.0,28613252.0,383599100.00000006,0.00359969040594725
2013-09-09,65.76,66.52,64.48,66.42,3335320.0,68864888.0,383599100.00000006,0.008694806635364889
2013-09-10,66.52,66.87,65.69,66.52,2835166.0,59124792.0,383599100.00000006,0.007390961031973223
2013-09-11,66.55,68.26,64.93,67.34,5798983.0,122462080.0,383599100.00000006,0.015117300848724617
2013-09-12,67.82,68.17,66.9,67.03,3372192.0,71375752.0,383599100.00000006,0.00879092782021647
2013-09-13,67.06,69.88,66.87,68.42,5546090.0,119666344.0,383599100.00000006,0.014458037049617685
2013-09-16,68.42,68.77,67.03,67.34,3056918.0,65135132.0,383599100.00000006,0.007969043722991008
2013-09-17,67.34,67.5,64.42,64.58,3193558.0,65621228.0,383599100.00000006,0.008325248938279572
2013-09-18,64.55,65.12,63.28,63.69,2902289.0,58495416.0,383599100.00000006,0.007565943194340131
2013-09-23,63.75,64.36,62.99,64.17,3449951.0,69375984.0,383599100.00000006,0.008993636846384675
2013-09-24,65.06,65.06,62.99,63.18,4783753.0,95702528.0,383599100.00000006,0.012470709654949657
2013-09-25,63.21,63.28,60.36,61.02,6167886.0,119209768.0,383599100.00000006,0.016078989757796616
2013-09-26,60.67,60.67,58.86,58.93,4570629.0,85958344.0,383599100.00000006,0.011915119196056506
2013-09-27,58.93,59.24,57.21,57.37,4114508.0,74818432.0,383599100.00000006,0.010726062704526678
2013-09-30,57.24,58.23,56.38,57.69,3210894.0,57840596.0,383599100.00000006,0.008370441953591653
2013-10-08,57.65,58.45,56.64,58.39,3697183.0,67036860.0,383599100.00000006,0.009638143050909138
2013-10-09,58.35,59.47,57.91,59.47,3607235.0,66731500.0,383599100.00000006,0.009403658663432733
2013-10-10,59.4,59.4,57.43,57.62,2767251.0,50683860.0,383599100.00000006,0.007213914214084443
2013-10-11,57.56,58.07,57.43,57.91,2233784.0,40611004.0,383599100.00000006,0.0058232253412481925
2013-10-14,57.94,60.64,57.18,60.58,5782191.0,107862112.0,383599100.00000006,0.015073525980639681
2013-10-15,59.88,60.2,59.15,59.94,4381970.0,82414112.0,383599100.00000006,0.011423306259060564
2013-10-16,60.36,60.8,58.16,58.45,3403997.0,63790112.0,383599100.00000006,0.008873839902126986
2013-10-17,58.48,59.53,57.88,58.77,2554292.0,47180232.0,383599100.00000006,0.006658753891758348
2013-10-18,58.23,58.77,57.5,57.94,1929383.0,35160312.0,383599100.00000006,0.005029685940347617
2013-10-21,57.94,58.54,57.5,58.45,1901298.0,34753736.0,383599100.00000006,0.0049564714828580145
2013-10-22,58.32,58.93,57.88,58.07,1883512.0,34573888.0,383599100.00000006,0.004910105367817598
2013-10-23,58.26,59.21,57.94,58.48,2242993.0,41325360.0,383599100.00000006,0.0058472321754665215
2013-10-24,58.45,58.45,57.21,57.5,1708207.0,31081068.0,383599100.00000006,0.004453104816982104
2013-10-25,57.43,57.94,55.34,55.46,2619084.0,46543296.0,383599100.00000006,0.006827659397532475
2013-10-28,55.11,55.34,51.3,53.49,3250555.0,54455980.0,383599100.00000006,0.008473833749870633
2013-10-29,53.14,53.75,51.62,52.22,2023676.0,33340080.0,383599100.00000006,0.005275497257423179
2013-10-30,52.16,52.67,51.75,52.35,1563032.0,25708792.0,383599100.00000006,0.004074649810179429
2013-10-31,52.73,57.59,52.35,57.59,5229494.0,92666328.0,383599100.00000006,0.013632706646079198
2013-11-04,58.13,58.32,55.59,57.85,4649279.0,83377840.0,383599100.00000006,0.012120150959686818
2013-11-05,56.92,58.04,56.42,57.5,2787721.0,50390676.0,383599100.00000006,0.007267277217282313
2013-11-06,57.21,62.64,56.7,59.85,9162192.0,173610096.0,383599100.00000006,0.02388481099147521
2013-11-07,59.66,61.02,59.08,59.85,4760019.0,90171152.0,383599100.00000006,0.012408837768388923
2013-11-08,59.4,60.64,57.81,59.69,3106730.0,58045380.0,383599100.00000006,0.008098898042252965
2013-11-11,59.34,64.2,58.8,63.25,7597777.0,150214976.0,383599100.00000006,0.01980655585479736
2013-11-12,62.9,69.57,61.94,69.57,14532895.0,308491232.0,383599100.00000006,0.03788563372541801
2013-11-13,69.76,75.22,68.17,72.52,16476046.0,372878048.0,383599100.00000006,0.04295121130367615
2013-11-14,71.79,73.28,69.98,72.58,10959288.0,246918224.0,383599100.00000006,0.0285696395012397
2013-11-15,71.98,72.58,70.52,71.03,10900874.0,245067312.0,383599100.00000006,0.028417360728948526
2013-11-18,70.27,71.41,68.61,71.09,13088650.0,287968000.0,383599100.00000006,0.034120648353971626
2013-11-19,70.27,72.97,68.61,69.22,13485421.0,300005792.0,383599100.00000006,0.03515498602577534
2013-11-20,69.15,72.04,68.17,71.95,11532951.0,254752368.0,383599100.00000006,0.030065114855587508
2013-11-21,71.31,71.38,67.66,67.82,10681874.0,232403984.0,383599100.00000006,0.02784645219449159
2013-11-22,67.85,67.95,66.07,66.33,6832717.0,143557952.0,383599100.00000006,0.01781212990332876
2013-11-25,65.66,68.93,65.44,67.6,6913652.0,147307040.0,383599100.00000006,0.01802311840669073
2013-11-26,67.34,68.77,65.69,68.65,6457792.0,136735072.0,383599100.00000006,0.01683474231300334
2013-11-27,68.07,68.74,66.64,68.2,4706984.0,100384760.0,383599100.00000006,0.012270581448183791
2013-11-28,68.26,70.58,67.38,69.54,7279973.0,158519760.0,383599100.00000006,0.018978076330210366
2013-11-29,69.03,69.57,67.5,67.92,5665715.0,121822344.0,383599100.00000006,0.014769886060733716
2013-12-02,66.71,67.09,62.39,62.39,6854526.0,139143280.0,383599100.00000006,0.0178689835299405
2013-12-03,62.2,68.52,61.94,65.22,7048754.0,144349344.0,383599100.00000006,0.018375314227796674
2013-12-04,64.83,67.79,64.07,65.69,8879850.0,184776032.0,383599100.00000006,0.023148776939257674
2013-12-05,65.5,66.68,64.64,65.76,4261592.0,88126192.0,383599100.00000006,0.011109494261065783
2013-12-06,65.66,71.16,65.15,70.93,13226586.0,286672704.0,383599100.00000006,0.034480232096477804
2013-12-09,70.36,74.46,69.28,72.33,15562302.0,353806176.0,383599100.00000006,0.040569182774412134
2013-12-10,71.63,73.54,70.96,72.9,7474640.0,169515072.0,383599100.00000006,0.019485551452023738
2013-12-11,72.08,75.82,71.73,72.74,9976559.0,232069024.0,383599100.00000006,0.02600777478362175
2013-12-12,71.63,72.93,70.14,70.52,6893309.0,154492544.0,383599100.00000006,0.017970086478305083
2013-12-13,69.66,71.63,69.25,70.04,4256257.0,94368736.0,383599100.00000006,0.011095586512064286
2013-12-16,69.6,69.88,66.58,66.64,6048773.0,129250888.0,383599100.00000006,0.0157684754734826
2013-12-17,66.71,69.09,66.64,68.68,5066459.0,108954952.0,383599100.00000006,0.013207692614503004
2013-12-18,68.07,68.93,67.03,67.41,3462250.0,73761880.0,383599100.00000006,0.009025698965404245
2013-12-19,67.66,69.79,66.58,69.25,5153599.0,110846696.0,383599100.00000006,0.01343485685967459
2013-12-20,68.9,70.96,68.71,69.19,4998151.0,109629312.0,383599100.00000006,0.013029621289518144
2013-12-23,68.26,68.3,63.79,66.33,4095969.0,85135648.0,383599100.00000006,0.010677733602607513
2013-12-24,66.36,67.18,65.12,65.69,3123919.0,64974552.0,383599100.00000006,0.008143707844987122
2013-12-25,65.41,66.71,65.41,66.58,2717880.0,56643780.0,383599100.00000006,0.007085209532556254
2013-12-26,66.68,66.68,63.72,64.04,3829109.0,77946256.0,383599100.00000006,0.00998205939482131
2013-12-27,63.75,65.37,62.61,64.33,4168413.0,84470984.0,383599100.00000006,0.010866587017539925
2013-12-30,64.39,65.44,64.36,64.74,2826398.0,57695616.0,383599100.00000006,0.007368103835488664
2013-12-31,63.69,71.22,63.69,71.22,11378410.0,247155056.0,383599100.00000006,0.02966224373310573
2014-01-02,70.84,71.7,69.0,70.87,8843282.0,195867008.0,383599100.00000006,0.023053448248444793
2014-01-03,70.58,71.82,69.5,71.82,7415844.0,165320176.0,383599100.00000006,0.019332276848407617
2014-01-06,71.79,73.38,68.3,68.46,7709321.0,170426800.0,383599100.00000006,0.020097338601680764
2014-01-07,68.2,70.04,66.71,69.79,5008249.0,107743096.0,383599100.00000006,0.013055945647422008
2014-01-08,69.66,70.36,68.3,68.33,5154277.0,112655768.0,383599100.00000006,0.013436624329931951
2014-01-09,67.03,71.25,66.58,71.16,10927834.0,239808384.0,383599100.00000006,0.028487642437117287
2014-01-10,70.55,72.27,69.73,70.39,7456699.0,166541056.0,383599100.00000006,0.019438781269299116
2014-01-13,70.52,74.33,69.09,73.66,10646624.0,241976368.0,383599100.00000006,0.02775455938243859
2014-01-14,73.63,77.51,72.62,76.94,16546963.0,393389248.0,383599100.00000006,0.04313608400019708
2014-01-15,76.49,76.49,74.78,75.32,7353700.0,175119088.0,383599100.00000006,0.01917027438281268
2014-01-16,75.19,78.33,75.19,75.82,9239194.0,224419024.0,383599100.00000006,0.024085546603211525
2014-01-17,75.82,75.92,71.73,71.85,8781252.0,202156576.0,383599100.00000006,0.022891742968114363
2014-01-20,71.16,74.94,70.62,72.74,7563271.0,174552176.0,383599100.00000006,0.019716602567628545
2014-01-21,72.01,73.54,71.25,72.43,5266588.0,120024288.0,383599100.00000006,0.013729406560130091
2014-01-22,72.74,78.24,71.98,76.75,10451579.0,250301344.0,383599100.00000006,0.027246098856853414
2014-01-23,76.71,78.05,75.44,76.87,8118638.0,196522464.0,383599100.00000006,0.02116438229391049
2014-01-24,76.87,80.18,75.63,76.87,10401901.0,254038704.0,383599100.00000006,0.027116593860621672
2014-01-27,76.24,79.95,75.35,79.29,11040265.0,272222784.0,383599100.00000006,0.028780737493909653
2014-01-28,78.78,81.42,78.05,78.65,6141829.0,153631392.0,383599100.00000006,0.01601106206974938
2014-01-29,77.89,78.65,75.28,76.78,8620063.0,207448560.0,383599100.00000006,0.022471541252312634
2014-01-30,76.3,77.06,73.38,75.06,4337307.0,102389576.0,383599100.00000006,0.011306874807579057
2014-02-07,74.3,74.97,72.52,74.81,5347561.0,123605128.0,383599100.00000006,0.013940494125246903
2014-02-10,74.36,75.86,73.09,75.57,6500361.0,153216144.0,383599100.00000006,0.016945714940415656
2014-02-11,75.22,81.16,75.19,78.49,12058632.0,297106560.0,383599100.00000006,0.031435506496235256
2014-02-12,78.53,78.53,76.33,77.25,5793883.0,140646768.0,383599100.00000006,0.01510400571847014
2014-02-13,77.03,79.7,73.19,73.92,7340497.0,178036304.0,383599100.00000006,0.019135855636783296
2014-02-14,73.38,76.68,73.09,75.6,6924860.0,163209648.0,383599100.00000006,0.018052336410591157
2014-02-17,74.74,78.11,74.65,77.6,7604106.0,184250928.0,383599100.00000006,0.019823054850754338
2014-02-18,77.32,77.32,74.27,74.33,7034989.0,166367360.0,383599100.00000006,0.018339430410551014
2014-02-19,74.4,76.11,73.44,73.7,6621906.0,155846720.0,383599100.00000006,0.017262569177039257
2014-02-20,73.79,73.79,69.25,70.81,7281095.0,163084288.0,383599100.00000006,0.01898100125886635
2014-02-21,70.77,71.79,69.98,71.6,3107516.0,69409720.0,383599100.00000006,0.008100947056445125
2014-02-24,71.47,71.47,66.9,67.85,5784825.0,124582784.0,383599100.00000006,0.015080392524382875
2014-02-25,67.88,68.42,63.6,63.85,6628152.0,137147008.0,383599100.00000006,0.01727885180126856
2014-02-26,62.64,64.39,60.07,61.31,6905455.0,135195008.0,383599100.00000006,0.018001749743417016
2014-02-27,61.24,61.59,59.27,60.07,5908782.0,112269944.0,383599100.00000006,0.015403534575550357
2014-02-28,60.04,61.37,59.72,61.12,4451324.0,84989584.0,383599100.00000006,0.011604104389191735
2014-03-03,61.12,61.59,60.2,61.12,3981105.0,76245144.0,383599100.00000006,0.010378295986617277
2014-03-04,60.93,61.4,59.34,60.36,3486855.0,66237148.0,383599100.00000006,0.009089841451661381
2014-03-05,60.64,64.17,60.42,63.44,7687993.0,151733088.0,383599100.00000006,0.020041738888334198
2014-03-06,62.8,63.88,61.94,62.96,4107112.0,81024296.0,383599100.00000006,0.010706782158769402
2014-03-07,62.61,63.25,60.99,62.13,4036662.0,78860808.0,383599100.00000006,0.01052312687907766
2014-03-10,61.31,61.47,57.18,57.59,4923009.0,91942824.0,383599100.00000006,0.012833734489992284
2014-03-11,56.86,59.97,56.26,59.85,4245694.0,78183080.0,383599100.00000006,0.011068049951107809
2014-03-12,59.5,60.99,57.37,58.0,4310409.0,80181872.0,383599100.00000006,0.011236754726483975
2014-03-13,58.19,63.82,58.19,62.86,13768292.0,270533888.0,383599100.00000006,0.03589239912189574
2014-03-14,61.98,62.26,60.51,62.1,7103889.0,137245280.0,383599100.00000006,0.018519045013400705
2014-03-17,61.78,62.77,61.28,62.55,4670771.0,91219800.0,383599100.00000006,0.012176178202712152
2014-03-18,62.58,65.44,62.29,62.67,9152179.0,183862000.0,383599100.00000006,0.023858708219075587
2014-03-19,62.36,64.14,61.18,63.56,6049323.0,119450744.0,383599100.00000006,0.015769909262039455
2014-03-20,63.37,65.28,62.1,62.13,5836563.0,117131720.0,383599100.00000006,0.015215267710482113
2014-03-21,61.59,63.82,60.04,63.47,4612491.0,89933408.0,383599100.00000006,0.012024248753451192
2014-03-24,63.06,64.8,62.77,63.53,4575239.0,91813256.0,383599100.00000006,0.01192713695105124
2014-03-25,63.25,63.28,60.67,60.93,5415163.0,104665192.0,383599100.00000006,0.014116724987102418
2014-03-26,60.99,61.15,59.88,60.93,2930529.0,55824936.0,383599100.00000006,0.007639561719513939
2014-03-27,60.74,61.47,60.04,60.36,2290207.0,43826948.0,383599100.00000006,0.005970313798963552
2014-03-28,60.36,60.74,56.77,57.37,5612315.0,102690016.0,383599100.00000006,0.014630678226304492
2014-03-31,56.89,57.97,56.8,56.89,2524367.0,45579016.0,383599100.00000006,0.0065807427598239925
2014-04-01,56.42,58.35,56.42,57.94,2798514.0,50887164.0,383599100.00000006,0.007295413362544384
2014-04-02,57.94,59.24,57.75,58.42,2846282.0,52444280.0,383599100.00000006,0.0074199392021514115
2014-04-03,58.19,58.83,57.43,57.81,2026630.0,36996812.0,383599100.00000006,0.0052831980054176345
2014-04-04,57.65,58.13,56.57,58.07,2199415.0,39778292.0,383599100.00000006,0.005733629197774447
2014-04-08,57.78,59.69,57.5,59.34,3470088.0,64433020.0,383599100.00000006,0.009046131755783575
2014-04-09,59.5,61.47,59.08,60.04,4724940.0,89762488.0,383599100.00000006,0.012317390734232691
2014-04-10,59.75,60.8,59.15,59.91,3072690.0,57920116.0,383599100.00000006,0.008010159565025047
2014-04-11,59.47,61.94,59.47,60.48,4346547.0,83395352.0,383599100.00000006,0.011330962455334227
2014-04-14,59.97,61.91,59.08,61.28,5181601.0,99367408.0,383599100.00000006,0.013507854945436522
2014-04-15,61.28,62.45,60.93,61.94,5133872.0,99826616.0,383599100.00000006,0.013383430774472618
2014-04-16,61.66,64.33,61.31,63.91,7481437.0,148846352.0,383599100.00000006,0.019503270471698184
2014-04-17,64.01,64.29,62.93,63.15,4559155.0,91314160.0,383599100.00000006,0.011885207759872219
2014-04-18,63.56,64.77,62.26,62.55,5406282.0,108105896.0,383599100.00000006,0.014093573212241632
2014-04-21,61.5,62.52,60.23,60.48,3338370.0,64565836.0,383599100.00000006,0.008702757644634723
2014-04-22,60.2,64.33,60.13,62.52,3414821.0,66735452.0,383599100.00000006,0.008902056860925897
2014-04-23,62.26,64.99,61.78,64.74,7695268.0,155270048.0,383599100.00000006,0.020060704000608966
2014-04-24,65.18,65.88,63.6,63.85,5322440.0,108373168.0,383599100.00000006,0.013875006484634607
2014-04-25,63.53,66.64,61.78,61.94,4000017.0,80268200.0,383599100.00000006,0.010427597457866818
2014-04-28,61.56,63.85,61.15,62.39,3512199.0,69355616.0,383599100.00000006,0.009155910428361275
2014-04-29,62.2,63.15,61.31,62.64,2429391.0,47717768.0,383599100.00000006,0.006333150938049645
2014-04-30,62.26,62.61,61.5,61.85,2112676.0,41236576.0,383599100.00000006,0.005507510314805222
2014-05-05,61.78,61.78,58.93,60.64,3633780.0,68449544.0,383599100.00000006,0.009472858512963141
2014-05-06,60.2,61.4,59.88,60.51,1771479.0,33883596.0,383599100.00000006,0.00461804785256274
2014-05-07,60.51,61.59,59.59,59.78,1972022.0,37672268.0,383599100.00000006,0.005140841049939897
2014-05-08,59.4,61.15,59.24,60.04,1577395.0,29895020.0,383599100.00000006,0.0041120925466196345
2014-05-09,59.72,61.31,59.72,59.85,2367993.0,44905156.0,383599100.00000006,0.006173093211115458
2014-05-12,60.86,61.94,59.78,61.56,3586328.0,68780280.0,383599100.00000006,0.009349156450054234
2014-05-13,61.56,62.52,60.32,61.63,4206090.0,81167504.0,383599100.00000006,0.010964806747461085
2014-05-14,61.24,61.31,60.51,60.7,1866481.0,35751968.0,383599100.00000006,0.004865707453432502
2014-05-15,60.61,60.96,58.93,58.93,2394024.0,45147484.0,383599100.00000006,0.006240953120067278
2014-05-16,58.93,59.5,58.54,58.96,2058673.0,38274328.0,383599100.00000006,0.005366730526740026
2014-05-19,58.67,58.99,57.18,58.64,2069328.0,37696284.0,383599100.00000006,0.005394506921418741
2014-05-20,58.93,59.21,57.88,58.13,1411459.0,25934488.0,383599100.00000006,0.0036795159321280986
2014-05-21,58.16,58.96,57.31,58.67,1578838.0,29051468.0,383599100.00000006,0.004115854286415165
2014-05-22,58.7,59.5,57.72,57.88,1527887.0,28140852.0,383599100.00000006,0.0039830307213963734
2014-05-23,57.91,58.29,57.34,57.97,1816943.0,32999772.0,383599100.00000006,0.004736567421560686
2014-05-26,58.0,58.83,57.85,58.42,1862139.0,34142128.0,383599100.00000006,0.0048543883444982
2014-05-27,58.23,58.7,57.75,57.75,1949207.0,35694188.0,383599100.00000006,0.005081364893713253
2014-05-28,57.53,58.93,57.02,58.58,4509519.0,82003368.0,383599100.00000006,0.011755812252948455
2014-05-29,58.19,58.58,57.34,57.5,2247183.0,41008124.0,383599100.00000006,0.005858155037381473
2014-05-30,57.43,58.23,57.24,57.62,1502784.0,27288140.0,383599100.00000006,0.003917590004773212
2014-06-03,57.94,58.26,57.4,57.43,1793047.0,32601496.0,383599100.00000006,0.00467427321909775
2014-06-04,57.59,57.59,54.51,54.73,4269734.0,74680656.0,383599100.00000006,0.011130719545483812
2014-06-05,54.76,55.53,54.54,55.4,2045596.0,35437864.0,383599100.00000006,0.005332640248634576
2014-06-06,55.24,56.03,54.8,55.46,2482873.0,43435336.0,383599100.00000006,0.006472572537318257
2014-06-09,55.53,56.32,55.37,56.13,2411368.0,42463604.0,383599100.00000006,0.006286166990485639
2014-06-10,56.13,56.73,55.56,56.67,1938704.0,34371784.0,383599100.00000006,0.005053984746053887
2014-06-11,56.86,57.72,56.29,57.31,2218147.0,39933244.0,383599100.00000006,0.005782461429132653
2014-06-12,57.27,57.94,56.67,57.62,2241047.0,40545216.0,383599100.00000006,0.005842159170863539
2014-06-13,57.46,58.29,56.89,57.81,2727647.0,49620208.0,383599100.00000006,0.007110671010437719
2014-06-16,57.75,58.13,57.24,57.69,2079645.0,37755196.0,383599100.00000006,0.005421402187857061
2014-06-17,57.72,57.78,55.94,56.07,2387119.0,42471860.0,383599100.00000006,0.00622295255645803
2014-06-18,55.91,56.45,55.78,56.1,1009675.0,17854496.0,383599100.00000006,0.00263210992935072
2014-06-19,56.07,56.45,54.54,54.95,2125743.0,37043076.0,383599100.00000006,0.005541574524027819
2014-06-20,54.76,55.27,54.64,54.99,1414429.0,24471042.0,383599100.00000006,0.0036872583903351176
2014-06-23,55.27,55.88,55.05,55.46,1086027.0,18984946.0,383599100.00000006,0.002831151063701661
2014-06-24,55.46,58.45,55.15,57.81,5412865.0,98219848.0,383599100.00000006,0.014110734357823049
2014-06-25,57.53,58.35,57.18,57.46,2394743.0,43406292.0,383599100.00000006,0.00624282747274433
2014-06-26,57.81,58.19,57.5,57.69,2324159.0,42339352.0,383599100.00000006,0.006058822870022374
2014-06-27,57.69,59.69,57.27,58.58,3823478.0,70519120.0,383599100.00000006,0.009967380006887397
2014-06-30,58.73,61.44,58.73,60.58,5429388.0,103382616.0,383599100.00000006,0.014153807972959268
2014-07-01,60.45,60.74,59.4,60.01,1790723.0,33850544.0,383599100.00000006,0.004668214810722965
2014-07-02,60.39,61.5,60.39,60.99,3056513.0,58675256.0,383599100.00000006,0.007967987933235504
2014-07-03,60.99,61.47,60.07,60.36,1904016.0,36253776.0,383599100.00000006,0.004963557005217165
2014-07-04,60.39,60.64,59.12,59.66,2334459.0,43696996.0,383599100.00000006,0.006085673819359846
2014-07-07,59.53,60.07,59.08,59.66,1491579.0,27943750.0,383599100.00000006,0.0038883798215376413
2014-07-08,60.04,60.37,59.27,60.27,1830108.0,33864984.0,383599100.00000006,0.004770887105835232
2014-07-09,60.27,62.05,59.88,60.53,3093037.0,58330412.0,383599100.00000006,0.008063201920963839
2014-07-10,60.47,61.44,60.21,60.5,1644086.0,30857676.0,383599100.00000006,0.00428594853324734
2014-07-11,59.72,61.89,58.69,61.5,3501547.0,66009132.0,383599100.00000006,0.009128141854347415
2014-07-14,61.99,67.65,61.89,66.39,9679992.0,194576112.0,383599100.00000006,0.025234657745547364
2014-07-15,66.42,72.7,66.19,69.72,12635375.0,274308512.0,383599100.00000006,0.032939011066501454
2014-07-16,69.66,72.28,67.88,69.27,6225105.0,134201296.0,383599100.00000006,0.016228153298586987
2014-07-17,69.43,70.21,67.52,68.1,3856849.0,81427032.0,383599100.00000006,0.010054374475852522
2014-07-18,68.1,74.06,67.65,72.18,10898130.0,242192320.0,383599100.00000006,0.02841020742749396
2014-07-21,72.67,73.09,69.82,70.47,5168219.0,114106456.0,383599100.00000006,0.01347296956640409
2014-07-22,69.27,71.83,69.04,70.56,3917229.0,85693304.0,383599100.00000006,0.010211778390512384
2014-07-23,70.18,71.18,67.04,69.46,6207392.0,131797680.0,383599100.00000006,0.01618197748639139
2014-07-24,69.4,70.63,68.1,69.76,6694337.0,144501520.0,383599100.00000006,0.01745138870242396
2014-07-25,69.85,73.41,68.95,70.99,6787445.0,149637456.0,383599100.00000006,0.017694110856881568
2014-07-28,71.34,74.8,71.05,72.47,7041925.0,158016928.0,383599100.00000006,0.018357511787697102
2014-07-29,72.38,72.6,70.89,71.83,5390699.0,119105672.0,383599100.00000006,0.014052950072093494
2014-07-30,71.86,71.86,68.78,70.63,6119231.0,132603424.0,383599100.00000006,0.01595215160828062
2014-07-31,70.24,72.28,69.92,71.21,3775128.0,83007688.0,383599100.00000006,0.00984133695829839
2014-08-01,70.24,72.28,70.11,70.4,3215243.0,70912224.0,383599100.00000006,0.00838177931074395
2014-08-04,70.34,72.02,70.14,71.96,5008188.0,110552000.0,383599100.00000006,0.01305578662723661
2014-08-05,72.02,73.74,71.86,73.54,5011638.0,112863704.0,383599100.00000006,0.01306478039182052
2014-08-06,73.19,75.06,72.86,74.09,4504072.0,103215504.0,383599100.00000006,0.011741612532459016
2014-08-07,74.55,74.55,70.99,71.05,5303008.0,118568528.0,383599100.00000006,0.013824349431476765
2014-08-08,70.95,71.63,69.66,70.73,3707355.0,80741168.0,383599100.00000006,0.009664660318546106
2014-08-11,71.02,71.67,69.43,71.24,3554367.0,77376952.0,383599100.00000006,0.009265837693571229
2014-08-12,72.02,74.77,72.02,74.06,7812295.0,177758704.0,383599100.00000006,0.02036578031596007
2014-08-13,73.48,77.26,73.35,77.26,11412916.0,268518112.0,383599100.00000006,0.029752197020274547
2014-08-14,77.46,78.3,76.07,76.23,5387186.0,127955168.0,383599100.00000006,0.014043792073547615
2014-08-15,76.29,79.3,76.16,77.49,5434988.0,131018536.0,383599100.00000006,0.014168406547356339
2014-08-18,77.52,80.21,77.04,79.47,4848298.0,118956392.0,383599100.00000006,0.012638971259317342
2014-08-19,79.47,79.47,76.71,78.33,4594722.0,110693072.0,383599100.00000006,0.011977926955511625
2014-08-20,77.52,81.86,76.33,80.79,6986768.0,172138368.0,383599100.00000006,0.018213723650550795
2014-08-21,80.6,80.6,78.11,79.72,3767451.0,92345224.0,383599100.00000006,0.009821323876932974
2014-08-22,79.47,83.06,79.47,81.44,4472416.0,113263056.0,383599100.00000006,0.011659088876902994
2014-08-25,80.92,81.41,77.72,78.79,3483675.0,85153136.0,383599100.00000006,0.009081551546914472
2014-08-26,78.66,79.17,76.68,77.04,4267170.0,102136040.0,383599100.00000006,0.011124035483920582
2014-08-27,76.71,77.82,76.39,77.01,2090387.0,49692624.0,383599100.00000006,0.005449405381816589
2014-08-28,77.04,78.82,76.23,78.53,2756450.0,66114956.0,383599100.00000006,0.007185757213716089
2014-08-29,78.53,82.54,77.85,81.76,5264053.0,131805384.0,383599100.00000006,0.01372279809832713
2014-09-01,81.18,86.52,80.6,86.39,5978918.0,155355600.0,383599100.00000006,0.015586371292320548
2014-09-02,86.43,92.58,85.29,91.09,7725533.0,215770816.0,383599100.00000006,0.020139601474560287
2014-09-03,90.63,95.46,89.18,89.95,6842756.0,193907296.0,383599100.00000006,0.017838300454823798
2014-09-04,90.63,90.92,89.34,90.7,2774092.0,77335152.0,383599100.00000006,0.007231747936843438
2014-09-05,90.47,93.38,88.3,90.7,5256991.0,145905520.0,383599100.00000006,0.01370438825325711
2014-09-09,90.54,90.54,87.59,87.98,3806024.0,103730808.0,383599100.00000006,0.009921879378757666
2014-09-10,88.17,89.6,87.07,88.66,2822707.0,77205536.0,383599100.00000006,0.007358481810828022
2014-09-11,88.66,89.18,87.3,87.98,3732108.0,101369552.0,383599100.00000006,0.00972918862426945
2014-09-12,87.82,87.82,86.72,87.43,2693194.0,72466912.0,383599100.00000006,0.007020855888348016
2014-09-15,87.53,88.3,85.16,88.04,6771669.0,180658656.0,383599100.00000006,0.01765298458729439
2014-09-16,87.98,90.21,87.17,87.17,6428434.0,176933216.0,383599100.00000006,0.016758209286726687
2014-09-17,87.4,88.66,85.81,86.94,2574910.0,69327640.0,383599100.00000006,0.006712502714422426
2014-09-18,87.36,88.95,86.55,88.63,3124801.0,85059520.0,383599100.00000006,0.00814600712045466
2014-09-19,88.89,89.37,87.4,89.01,3025943.0,82623992.0,383599100.00000006,0.0078882953583572
2014-09-22,88.92,88.92,83.19,83.77,6440815.0,168980192.0,383599100.00000006,0.016790485170585644
2014-09-23,83.77,84.29,82.83,83.61,2372585.0,61197340.0,383599100.00000006,0.006185064042121057
2014-09-24,83.19,84.81,82.86,84.65,2288797.0,59433148.0,383599100.00000006,0.005966638086481432
2014-09-25,84.77,87.17,84.74,85.65,3464713.0,92164456.0,383599100.00000006,0.009032119731250671
2014-09-26,85.65,85.65,83.71,84.81,2396850.0,62548368.0,383599100.00000006,0.0062483201863612284
2014-09-29,84.9,85.42,83.45,83.84,2757778.0,71743088.0,383599100.00000006,0.007189219161358824
2014-09-30,83.84,84.48,82.35,83.93,2646069.0,68343672.0,383599100.00000006,0.006898006277908367
2014-10-08,83.93,84.06,81.96,83.12,3305970.0,84479344.0,383599100.00000006,0.008618294464194518
2014-10-09,83.03,85.62,82.67,85.36,3843356.0,99869920.0,383599100.00000006,0.010019199732220433
2014-10-10,85.0,85.1,84.22,84.26,2746641.0,71820464.0,383599100.00000006,0.007160186246526646
2014-10-13,83.71,83.71,80.79,81.83,3120849.0,78815440.0,383599100.00000006,0.008135704697951584
2014-10-14,81.8,82.67,80.53,81.18,2143081.0,54004528.0,383599100.00000006,0.005586772753116469
2014-10-15,81.21,82.48,80.5,82.41,3212754.0,80818784.0,383599100.00000006,0.008375290765802108
2014-10-16,81.57,83.32,81.41,81.93,2980389.0,75905616.0,383599100.00000006,0.007769541169413587
2014-10-17,81.57,84.45,80.76,84.22,3885146.0,99621128.0,383599100.00000006,0.010128141593658586
2014-10-20,84.48,84.81,83.32,83.67,2482437.0,64380380.0,383599100.00000006,0.006471435934025913
2014-10-21,83.51,85.07,83.19,83.51,2609440.0,67958512.0,383599100.00000006,0.006802518566910088
2014-10-22,83.48,83.48,77.75,79.01,3760448.0,94336904.0,383599100.00000006,0.009803067838271777
2014-10-23,78.66,78.92,74.93,75.81,4270799.0,100760656.0,383599100.00000006,0.01113349588150754
2014-10-24,75.58,76.39,74.45,74.77,2319170.0,54087076.0,383599100.00000006,0.006045817104367554
2014-10-27,74.35,76.59,73.15,76.55,2311468.0,53537692.0,383599100.00000006,0.006025738850795008
2014-10-28,76.55,77.26,75.97,77.04,3311313.0,78516648.0,383599100.00000006,0.008632223068302296
2014-10-29,77.46,78.33,76.91,77.3,3862493.0,92614856.0,383599100.00000006,0.010069087753334144
2014-10-30,77.69,78.46,76.49,76.97,3530913.0,84470768.0,383599100.00000006,0.009204695735730349
2014-10-31,77.04,79.56,74.13,78.27,10255519.0,243126032.0,383599100.00000006,0.02673499233965877
2014-11-03,78.01,79.47,77.36,78.27,4404661.0,106595448.0,383599100.00000006,0.011482459161139845
2014-11-04,78.04,78.53,76.03,76.29,3666762.0,87301376.0,383599100.00000006,0.009558838902385328
2014-11-05,75.97,77.2,75.97,76.39,2181341.0,51617488.0,383599100.00000006,0.005686512298907895
2014-11-06,76.23,77.98,76.23,77.36,2086522.0,49854780.0,383599100.00000006,0.005439329758594323
2014-11-07,77.43,77.88,73.9,74.45,4374238.0,102784200.0,383599100.00000006,0.011403149798839463
2014-11-10,74.84,81.89,74.84,81.89,12406396.0,307276160.0,383599100.00000006,0.03234208839384659
2014-11-11,83.84,88.24,81.28,82.99,19338192.0,506218176.0,383599100.00000006,0.05041250618158384
2014-11-12,83.12,85.29,80.83,83.64,10038156.0,256105552.0,383599100.00000006,0.026168351281324692
2014-11-13,82.54,83.03,80.63,81.41,7260690.0,183646224.0,383599100.00000006,0.018927807703407018
2014-11-14,80.92,86.55,79.92,85.07,13351196.0,347955328.0,383599100.00000006,0.03480507644569551
2014-11-17,86.1,87.27,82.86,83.22,7013408.0,182133488.0,383599100.00000006,0.018283171154468297
2014-11-18,82.44,84.81,81.47,84.0,6030617.0,154354432.0,383599100.00000006,0.015721144809776662
2014-11-19,83.51,83.84,81.89,82.7,3517472.0,89825456.0,383599100.00000006,0.009169656550289089
2014-11-20,82.02,82.51,80.83,81.96,3695160.0,93118528.0,383599100.00000006,0.009632869315908196
2014-11-21,81.28,82.54,80.7,82.35,4749952.0,119786920.0,383599100.00000006,0.0123825942240219
2014-11-24,82.54,84.09,81.08,82.77,6389810.0,163354496.0,383599100.00000006,0.016657520833599452
2014-11-25,81.96,85.75,81.96,84.16,6173372.0,160135760.0,383599100.00000006,0.016093291146929173
2014-11-26,84.26,89.34,83.25,88.98,14502057.0,389929568.0,383599100.00000006,0.03780524250447928
2014-11-27,88.27,90.18,87.4,88.66,10441199.0,285270816.0,383599100.00000006,0.027219039356453128
2014-11-28,88.43,88.59,85.2,86.39,6848110.0,183252928.0,383599100.00000006,0.01785225773470271
2014-12-01,86.65,95.04,86.65,95.04,13426428.0,379766336.0,383599100.00000006,0.03500119786516704
2014-12-02,98.37,104.23,95.84,101.83,23719520.0,725927360.0,383599100.00000006,0.06183413881836531
2014-12-03,100.47,111.77,99.7,106.82,19659736.0,640516544.0,383599100.00000006,0.05125073546835745
2014-12-04,106.11,111.67,104.71,109.08,14690187.0,490414016.0,383599100.00000006,0.03829567639757236
2014-12-05,108.66,108.66,98.73,104.39,13914461.0,450569472.0,383599100.00000006,0.0362734453756539
2014-12-08,100.38,106.36,98.92,104.36,12826773.0,408964896.0,383599100.00000006,0.03343796427051054
2014-12-09,102.8,108.7,95.81,96.01,16367755.0,520267040.0,383599100.00000006,0.04266890876438448
2014-12-10,95.49,101.77,95.13,99.92,8930904.0,272472832.0,383599100.00000006,0.02328186901376984
2014-12-11,100.02,101.9,97.85,98.73,6953957.0,214250800.0,383599100.00000006,0.018128189039025376
2014-12-12,98.66,104.81,98.4,103.55,9324178.0,294891648.0,383599100.00000006,0.02430709039724024
2014-12-15,103.22,108.6,100.34,105.36,9060434.0,295465856.0,383599100.00000006,0.023619539253350696
2014-12-16,103.61,108.21,101.64,105.3,6497375.0,209928208.0,383599100.00000006,0.016937930771996075
2014-12-17,105.33,107.21,102.64,103.58,5513388.0,178441456.0,383599100.00000006,0.014372786588915352
2014-12-18,104.23,108.44,103.58,103.84,5788799.0,189461760.0,383599100.00000006,0.015090752298428227
2014-12-19,102.93,106.27,100.21,102.97,6299518.0,200978000.0,383599100.00000006,0.01642213967655294
2014-12-22,101.74,110.31,99.05,110.31,12949508.0,422399680.0,383599100.00000006,0.03375792070419351
2014-12-23,110.05,119.12,107.72,115.01,15506537.0,546908352.0,383599100.00000006,0.04042380964918843
2014-12-24,112.64,121.42,112.32,115.43,13599700.0,493993024.0,383599100.00000006,0.03545289861211874
2014-12-25,115.4,117.82,111.67,115.88,6711125.0,236918608.0,383599100.00000006,0.017495153142955754
2014-12-26,114.26,116.4,113.62,115.23,6222792.0,221228672.0,383599100.00000006,0.016222123565983338
2014-12-29,115.4,121.71,112.0,120.54,9764498.0,354474112.0,383599100.00000006,0.025454955446975756
2014-12-30,119.47,125.01,117.5,121.77,9583683.0,361417632.0,383599100.00000006,0.02498359094168886
2014-12-31,119.51,123.33,117.6,119.6,6346481.0,235316112.0,383599100.00000006,0.01654456697109039
2015-01-05,119.28,127.73,116.2,127.02,10274134.0,392931584.0,383599100.00000006,0.02678351956508761
2015-01-06,124.62,126.89,122.26,124.36,6155379.0,236130112.0,383599100.00000006,0.016046385406013722
2015-01-07,122.71,125.69,119.34,120.09,5849433.0,219085520.0,383599100.00000006,0.015248818362712527
2015-01-08,119.77,125.92,115.91,121.97,6595566.0,243255392.0,383599100.00000006,0.017193903739607313
2015-01-09,119.12,123.29,118.31,118.31,4242758.0,157635248.0,383599100.00000006,0.011060396127102487
2015-01-12,116.76,117.11,110.8,110.86,5585063.0,196331936.0,383599100.00000006,0.014559635306756453
2015-01-13,110.48,112.77,107.4,107.98,5133726.0,174644400.0,383599100.00000006,0.01338305016878298
2015-01-14,108.05,109.57,103.81,104.94,7604859.0,249101392.0,383599100.00000006,0.019825017837633088
2015-01-15,105.39,107.66,104.88,107.14,5454865.0,179109296.0,383599100.00000006,0.01422022366580109
2015-01-16,108.02,109.34,107.43,108.27,5731517.0,191632432.0,383599100.00000006,0.014941424523675887
2015-01-19,104.0,110.64,99.47,104.71,6939653.0,228895952.0,383599100.00000006,0.018090900108993998
2015-01-20,106.01,108.11,104.23,106.11,6738362.0,220913376.0,383599100.00000006,0.017566156959179517
2015-01-21,106.17,110.86,105.68,110.86,8262299.0,277471776.0,383599100.00000006,0.021538890471849384
2015-01-22,110.96,111.41,108.92,111.19,5477204.0,186749184.0,383599100.00000006,0.014278458943203983
2015-01-23,111.03,111.03,107.98,108.47,4522673.0,152916400.0,383599100.00000006,0.011790103261451863
2015-01-26,108.11,108.44,104.75,106.82,8240708.0,270302112.0,383599100.00000006,0.021482605146883813
2015-01-27,106.82,108.44,102.64,105.2,7058476.0,229603376.0,383599100.00000006,0.018400658395705306
2015-01-28,105.2,106.14,103.94,105.04,5986092.0,194484544.0,383599100.00000006,0.015605073108878511
2015-01-29,103.55,104.94,102.93,103.58,3470953.0,111360744.0,383599100.00000006,0.009048386714150267
2015-01-30,103.87,109.7,103.87,109.47,13651499.0,455893216.0,383599100.00000006,0.035587932818403376
2015-02-02,108.37,110.7,106.17,107.66,6775330.0,225914576.0,383599100.00000006,0.017662528405306476
2015-02-03,107.17,108.7,104.55,106.24,6001190.0,196065984.0,383599100.00000006,0.015644431908208332
2015-02-04,106.36,109.89,104.84,107.56,8190696.0,272798336.0,383599100.00000006,0.021352229449964816
2015-02-05,107.95,109.76,105.36,105.85,6527435.0,216476256.0,383599100.00000006,0.01701629383384893
2015-02-06,105.49,105.49,98.63,98.63,8254910.0,256549120.0,383599100.00000006,0.021519628174310104
2015-02-09,96.49,101.8,96.14,100.02,4476969.0,138488128.0,383599100.00000006,0.011670958039265471
2015-02-10,100.34,104.23,100.21,101.28,4166759.0,132148328.0,383599100.00000006,0.010862275224316218
2015-02-11,100.64,102.55,99.7,101.93,3534061.0,109959536.0,383599100.00000006,0.009212902220052131
2015-02-12,101.15,101.83,100.41,100.89,2745397.0,85691120.0,383599100.00000006,0.0071569432774998675
2015-02-13,100.99,103.26,100.99,101.96,3951660.0,124832928.0,383599100.00000006,0.010301536161059813
2015-02-16,101.99,102.48,100.05,101.96,3379950.0,105901944.0,383599100.00000006,0.008811152059532985
2015-02-17,101.99,102.29,100.44,100.54,3295626.0,102810064.0,383599100.00000006,0.008591328811772497
2015-02-25,100.57,101.22,98.56,98.86,3160127.0,97840024.0,383599100.00000006,0.008238098056017336
2015-02-26,98.73,100.86,98.56,100.8,3390921.0,104666368.0,383599100.00000006,0.00883975223090982
2015-02-27,100.8,102.29,100.76,102.03,4356853.0,137048192.0,383599100.00000006,0.011357829046001409
2015-03-02,102.29,103.58,100.76,103.42,5945124.0,187624192.0,383599100.00000006,0.015498274109610787
2015-03-03,103.22,104.07,101.96,102.87,4308244.0,137016368.0,383599100.00000006,0.011231110813346537
2015-03-04,101.67,106.11,101.67,105.17,5543283.0,178360992.0,383599100.00000006,0.014450719514201151
2015-03-05,104.39,105.2,103.03,104.03,4023397.0,129570512.0,383599100.00000006,0.010488546505974595
2015-03-06,103.9,106.04,103.1,104.07,3731442.0,120578336.0,383599100.00000006,0.009727452436671512
2015-03-09,103.9,103.9,100.05,103.19,3534488.0,111021640.0,383599100.00000006,0.009214015361349907
2015-03-10,103.22,103.32,101.32,102.48,4115985.0,130025480.0,383599100.00000006,0.010729913078523905
2015-03-11,101.96,104.55,101.74,104.33,5788229.0,185006624.0,383599100.00000006,0.015089266372105668
2015-03-12,105.3,112.64,104.33,109.6,12213002.0,408853472.0,383599100.00000006,0.03183793184082027
2015-03-13,108.76,111.03,106.2,108.5,6769712.0,226382368.0,383599100.00000006,0.017647882906920268
2015-03-16,110.15,111.22,107.95,110.44,6221092.0,210829024.0,383599100.00000006,0.01621769185589851
2015-03-17,110.61,114.1,109.73,111.16,8083110.0,279292160.0,383599100.00000006,0.021071764766914206
2015-03-18,111.35,113.07,110.12,111.96,6769356.0,233161200.0,383599100.00000006,0.01764695485469074
2015-03-19,112.64,112.77,108.92,109.5,6694937.0,228827232.0,383599100.00000006,0.017452952835395077
2015-03-20,109.57,112.16,108.92,111.03,6289488.0,214958304.0,383599100.00000006,0.01639599258705247
2015-03-23,111.03,112.97,111.03,112.61,7118796.0,246673760.0,383599100.00000006,0.018557905897068055
2015-03-24,112.61,116.3,108.11,116.27,15345681.0,537563328.0,383599100.00000006,0.04000447602718567
2015-03-25,115.17,117.47,113.49,115.27,9567388.0,341381632.0,383599100.00000006,0.02494111169708166
2015-03-26,114.62,123.13,113.81,119.12,11618787.0,424492896.0,383599100.00000006,0.030288879718435205
2015-03-27,117.66,120.35,116.56,117.24,6228667.0,226700480.0,383599100.00000006,0.016237439034658838
2015-03-30,117.21,119.44,115.91,117.89,7710914.0,280328224.0,383599100.00000006,0.02010149137471907
2015-03-31,117.5,118.66,112.81,113.29,11349185.0,403894240.0,383599100.00000006,0.029586057422971008
2015-04-01,113.29,114.39,112.32,114.04,6775272.0,237548304.0,383599100.00000006,0.017662377205785933
2015-04-02,114.85,115.1,112.68,113.45,7678959.0,269793184.0,383599100.00000006,0.020018188259565778
2015-04-03,111.87,116.3,111.87,116.24,9584161.0,338043328.0,383599100.00000006,0.02498483703428918
2015-04-07,116.24,118.15,115.27,117.63,10533522.0,379848288.0,383599100.00000006,0.027459715103606862
2015-04-08,117.34,121.29,116.82,118.21,11919462.0,437231680.0,383599100.00000006,0.031072705853585156
2015-04-09,118.24,119.64,113.97,114.91,7913776.0,283856288.0,383599100.00000006,0.020630329946029587
2015-04-10,114.36,119.7,114.33,119.64,11726407.0,426320288.0,383599100.00000006,0.030569433035687515
2015-04-13,120.22,123.26,118.79,121.71,12457763.0,467299584.0,383599100.00000006,0.03247599642439202
2015-04-14,122.36,124.62,119.77,120.06,11252410.0,423989728.0,383599100.00000006,0.0293337758091716
2015-04-15,119.77,119.77,114.42,114.42,7557070.0,272788640.0,383599100.00000006,0.01970043725337207
2015-04-16,114.26,125.59,111.19,122.97,15613941.0,583157056.0,383599100.00000006,0.04070379987857114
2015-04-17,123.16,126.56,121.38,122.71,11172505.0,426249664.0,383599100.00000006,0.029125472400743375
2015-04-20,122.74,128.89,120.25,123.62,16044293.0,620343808.0,383599100.00000006,0.04182567946587987
2015-04-21,123.0,133.3,122.84,132.39,16668132.0,667650688.0,383599100.00000006,0.043451958046825445
2015-04-22,131.71,133.68,129.8,133.55,11436776.0,466151104.0,383599100.00000006,0.029814397374759216
2015-04-23,133.46,136.79,129.15,134.4,12556917.0,514349024.0,383599100.00000006,0.0327344798254219
2015-04-24,131.94,133.68,128.18,128.96,8854002.0,357864096.0,383599100.00000006,0.023081394090862045
2015-04-27,128.67,131.09,126.66,129.09,9719422.0,385193952.0,383599100.00000006,0.025337447350632467
2015-04-28,127.86,128.73,122.03,122.03,6991026.0,268282496.0,383599100.00000006,0.018224823780869138
2015-04-29,122.55,123.91,121.38,122.19,6633810.0,251298128.0,383599100.00000006,0.017293601575186175
2015-04-30,122.32,123.88,121.71,121.93,5579021.0,211420192.0,383599100.00000006,0.014543884487737326
2015-05-04,121.38,125.24,121.06,123.81,4980533.0,190390432.0,383599100.00000006,0.012983693131709639
2015-05-05,124.62,124.62,112.61,116.72,6229087.0,229114240.0,383599100.00000006,0.016238533927738618
2015-05-06,116.85,118.15,111.64,112.35,7117996.0,254423536.0,383599100.00000006,0.0185558203864399
2015-05-07,112.39,115.14,112.39,113.1,4204295.0,147768240.0,383599100.00000006,0.010960127382989166
2015-05-08,113.29,117.08,113.29,116.92,4376154.0,156131904.0,383599100.00000006,0.01140814459679389
2015-05-11,116.92,119.44,114.94,119.34,5829880.0,211386704.0,383599100.00000006,0.015197845876072178
2015-05-12,119.12,119.44,116.24,119.05,7983842.0,289802112.0,383599100.00000006,0.020812984180619817
2015-05-13,118.24,122.32,117.5,119.44,6898863.0,255222320.0,383599100.00000006,0.017984565135841034
2015-05-14,119.09,119.6,115.43,117.14,5630514.0,203398592.0,383599100.00000006,0.01467812098620669
2015-05-15,116.14,117.92,114.1,114.94,5324328.0,190017968.0,383599100.00000006,0.013879928289717049
2015-05-18,114.91,116.08,113.29,113.81,3661331.0,129686872.0,383599100.00000006,0.009544680892108453
2015-05-19,113.87,117.89,113.45,117.76,4831074.0,173718416.0,383599100.00000006,0.012594070215493204
2015-05-20,117.63,119.57,117.18,118.05,6815533.0,249528160.0,383599100.00000006,0.017767333135036027
2015-05-21,118.05,121.35,116.69,121.32,8358515.0,309486560.0,383599100.00000006,0.021789714835097368
2015-05-22,122.42,123.33,119.57,122.03,14789796.0,554605504.0,383599100.00000006,0.038555345932771996
2015-05-25,121.97,126.98,121.38,126.89,17931572.0,690790336.0,383599100.00000006,0.046745604981867785
2015-05-26,127.11,128.38,124.69,127.63,15474820.0,605405632.0,383599100.00000006,0.04034112697344701
2015-05-27,127.79,131.42,126.24,130.22,15819805.0,631220416.0,383599100.00000006,0.0412404643285138
2015-05-28,130.25,134.72,120.09,120.38,17315568.0,695557696.0,383599100.00000006,0.04513975137063668
2015-05-29,119.8,122.97,116.76,119.02,9507678.0,353270752.0,383599100.00000006,0.02478545439757288
2015-06-01,119.28,124.72,117.82,124.49,10808278.0,405505056.0,383599100.00000006,0.028175973301292935
2015-06-02,124.49,129.7,123.03,128.86,9267600.0,360814208.0,383599100.00000006,0.024159597871840677
2015-06-03,127.57,128.89,124.3,125.75,7348947.0,287420384.0,383599100.00000006,0.019157883842793162
2015-06-04,126.14,128.51,117.18,124.46,8354462.0,320365856.0,383599100.00000006,0.021779149116877488
2015-06-05,125.17,130.61,124.69,129.67,12217493.0,483243744.0,383599100.00000006,0.03184963937610907
2015-06-08,129.74,133.68,128.44,132.97,14602837.0,594539456.0,383599100.00000006,0.03806796470586088
2015-06-09,133.85,133.85,128.38,129.41,9932901.0,399909088.0,383599100.00000006,0.02589396325486686
2015-06-10,128.02,139.19,126.82,136.27,19181942.0,799583040.0,383599100.00000006,0.05000517988702267
2015-06-11,135.63,136.05,132.65,135.76,9905986.0,411137664.0,383599100.00000006,0.02582379885667093
2015-06-12,135.98,144.04,135.98,140.19,15978467.0,696900800.0,383599100.00000006,0.04165407843761885
2015-06-15,140.81,152.1,138.86,144.66,14741342.0,666978560.0,383599100.00000006,0.038429031767801325
2015-06-16,142.42,154.66,140.81,151.78,19177276.0,893480384.0,383599100.00000006,0.049993016146283965
2015-06-17,148.57,149.97,136.92,146.28,12594655.0,558558144.0,383599100.00000006,0.03283285857552846
2015-06-18,144.04,153.85,141.61,144.82,9911519.0,453018272.0,383599100.00000006,0.025838222769552898
2015-06-19,139.19,143.72,130.35,134.72,7409201.0,310877952.0,383599100.00000006,0.01931495928952909
2015-06-23,133.68,140.81,125.24,140.71,7657394.0,319039424.0,383599100.00000006,0.019961970713695622
2015-06-24,140.74,154.63,140.74,153.11,13785600.0,632660224.0,383599100.00000006,0.035937519144335836
2015-06-25,154.63,163.46,148.93,155.21,13579056.0,648092096.0,383599100.00000006,0.03539908201035925
2015-06-26,148.9,162.46,139.7,140.51,15402412.0,715920320.0,383599100.00000006,0.04015236740649287
2015-06-29,145.01,153.75,135.89,152.65,18447236.0,840433536.0,383599100.00000006,0.04808988342256277
2015-06-30,154.08,158.22,137.37,151.1,18548448.0,838692928.0,383599100.00000006,0.048353731799683566
2015-07-01,142.49,159.48,139.67,143.39,14598367.0,685606912.0,383599100.00000006,0.03805631191522607
2015-07-02,136.08,139.48,129.06,129.06,11917878.0,487890336.0,383599100.00000006,0.031068576542541415
2015-07-03,116.14,127.21,116.14,116.14,9042141.0,330176448.0,383599100.00000006,0.023571851445949688
2015-07-06,125.53,125.59,104.52,104.58,13232492.0,451425888.0,383599100.00000006,0.03449562837869014
2015-07-07,100.34,100.34,94.13,94.13,4654128.0,136154112.0,383599100.00000006,0.01213279176098171
2015-07-08,84.71,100.99,84.71,93.71,26067064.0,723900672.0,383599100.00000006,0.06795392377093688
2015-07-09,93.87,103.1,93.71,103.1,6337549.0,193317664.0,383599100.00000006,0.01652128224492706
2015-07-10,107.79,113.42,104.91,113.42,4237794.0,146333232.0,383599100.00000006,0.011047455533654795
2015-07-13,118.11,124.75,110.69,124.75,10335872.0,378749952.0,383599100.00000006,0.02694446363403876
2015-07-14,120.52,130.38,117.78,122.08,10182417.0,384987872.0,383599100.00000006,0.0265444235922347
2015-07-15,119.22,119.22,109.87,109.87,6448354.0,224622240.0,383599100.00000006,0.0168101385013677
2015-07-16,109.87,116.38,98.97,110.82,6118856.0,206069456.0,383599100.00000006,0.015951174025173674
2015-07-17,110.82,121.14,110.82,118.79,4497667.0,160249296.0,383599100.00000006,0.011724915412992365
2015-07-20,117.95,125.6,117.2,117.65,5631667.0,208826752.0,383599100.00000006,0.014681126728399517
2015-07-21,117.56,121.4,114.59,119.57,4686917.0,170133952.0,383599100.00000006,0.012218269020964855
2015-07-22,119.8,123.51,117.98,122.24,5379358.0,200299008.0,383599100.00000006,0.014023385352051136
2015-07-23,120.65,125.95,119.96,125.01,4639452.0,176008400.0,383599100.00000006,0.01209453306850824
2015-07-24,125.01,127.78,119.8,120.91,4369546.0,167675600.0,383599100.00000006,0.011390918279005345
2015-07-27,117.36,122.6,108.83,108.83,5804332.0,205185296.0,383599100.00000006,0.015131245094162107
2015-07-28,106.65,113.94,99.36,110.98,5918948.0,196837264.0,383599100.00000006,0.015430036201857613
2015-07-29,112.25,119.09,109.81,119.09,3807063.0,132855776.0,383599100.00000006,0.009924587935685979
2015-07-30,119.8,126.96,117.91,119.87,6252172.0,237081424.0,383599100.00000006,0.016298713943802265
2015-07-31,117.59,126.93,117.59,126.64,8676532.0,333043136.0,383599100.00000006,0.02261874962688911
2015-08-03,126.64,132.82,121.3,129.86,6243366.0,246178608.0,383599100.00000006,0.01627575768556287
2015-08-04,127.94,140.64,126.96,139.66,6471112.0,267662000.0,383599100.00000006,0.01686946606496209
2015-08-05,137.06,139.6,131.46,131.75,5571571.0,230263472.0,383599100.00000006,0.01452446317001265
2015-08-06,128.59,135.33,127.39,128.98,3654860.0,147639712.0,383599100.00000006,0.009527811718014978
2015-08-07,128.3,131.78,128.3,131.07,2911714.0,116798760.0,383599100.00000006,0.007590513116428062
2015-08-10,131.88,137.38,131.85,135.17,3464335.0,143286464.0,383599100.00000006,0.009031134327478868
2015-08-11,133.87,135.17,130.19,130.55,3878923.0,158145824.0,383599100.00000006,0.01011191892785984
2015-08-12,128.59,136.67,128.53,136.08,4150349.0,170581456.0,383599100.00000006,0.010819496187556225
2015-08-13,135.1,136.11,131.2,133.96,3997775.0,163744880.0,383599100.00000006,0.01042175281433142
2015-08-14,134.45,137.87,128.27,129.08,6921677.0,281799456.0,383599100.00000006,0.018044038685179394
2015-08-17,129.5,131.52,127.84,130.55,3189323.0,127123352.0,383599100.00000006,0.008314208766391787
2015-08-18,130.55,131.03,117.49,117.49,5440981.0,206820480.0,383599100.00000006,0.014184029628849492
2015-08-19,113.94,122.57,111.73,120.55,3988982.0,143295184.0,383599100.00000006,0.01039883044563973
2015-08-20,119.8,120.45,115.28,115.31,2420615.0,88081312.0,383599100.00000006,0.006310272886458804
2015-08-21,112.31,116.19,107.07,107.3,2973062.0,101613368.0,383599100.00000006,0.007750440498947989
2015-08-24,102.12,105.8,96.59,97.18,5982020.0,182822304.0,383599100.00000006,0.015594457859781212
2015-08-25,92.13,106.91,90.76,97.66,5863155.0,180208368.0,383599100.00000006,0.015284590083761925
2015-08-26,99.29,106.78,97.66,102.61,5990941.0,188671472.0,383599100.00000006,0.015617713910173405
2015-08-27,102.22,107.24,97.73,107.24,6208162.0,194982432.0,383599100.00000006,0.016183984790370986
2015-08-28,106.75,113.94,103.2,110.62,6762014.0,221890288.0,383599100.00000006,0.017627815080900864
2015-08-31,107.85,108.34,103.07,103.26,3645530.0,117805880.0,383599100.00000006,0.009503489450314142
2015-09-01,102.94,102.97,94.86,96.69,3747998.0,113924320.0,383599100.00000006,0.009770612079121143
2015-09-02,92.39,98.61,92.26,97.05,5592332.0,163786352.0,383599100.00000006,0.01457858477770151
2015-09-07,97.7,101.96,93.3,94.73,6660027.0,200700656.0,383599100.00000006,0.01736194636535904
2015-09-08,94.02,99.13,92.94,99.13,3618581.0,107051456.0,383599100.00000006,0.009433236417916517
2015-09-09,98.9,102.55,98.67,102.16,5844332.0,181943424.0,383599100.00000006,0.015235520625569765
2015-09-10,99.65,101.31,98.09,98.97,2828885.0,86618328.0,383599100.00000006,0.007374587166653936
2015-09-11,98.32,100.56,97.86,99.29,2538266.0,77317304.0,383599100.00000006,0.0066169759000998685
2015-09-14,99.29,100.2,89.69,89.98,3877936.0,112067568.0,383599100.00000006,0.010109345929122356
2015-09-15,90.05,93.4,84.32,85.62,2911720.0,79512024.0,383599100.00000006,0.007590528757757772
2015-09-16,86.27,93.07,85.0,92.39,4220920.0,114459256.0,383599100.00000006,0.011003466900730475
2015-09-17,90.76,92.75,88.58,88.58,4344123.0,121139360.0,383599100.00000006,0.011324643358130921
2015-09-18,90.34,90.34,85.81,87.83,3215651.0,86660840.0,383599100.00000006,0.008382842921164308
2015-09-21,85.94,91.02,85.03,90.63,3808533.0,104383440.0,383599100.00000006,0.00992842006146521
2015-09-22,90.63,92.07,90.11,91.35,3341332.0,93632480.0,383599100.00000006,0.00871047924773546
2015-09-23,90.05,90.27,86.79,88.78,4126879.0,112000648.0,383599100.00000006,0.010758312519502782
2015-09-24,88.78,90.83,88.58,90.37,2596832.0,71674712.0,383599100.00000006,0.006769650919410394
2015-09-25,90.18,92.03,87.47,89.14,3101355.0,85917080.0,383599100.00000006,0.008084886017720061
2015-09-28,89.36,89.95,86.6,88.61,1708300.0,46196776.0,383599100.00000006,0.004453347257592627
2015-09-29,86.27,91.12,84.25,87.54,2746105.0,74177448.0,383599100.00000006,0.007158788954405784
2015-09-30,87.54,89.46,87.25,88.97,2843882.0,77255168.0,383599100.00000006,0.007413682670266952
2015-10-08,91.19,93.63,91.19,92.39,3839894.0,108971184.0,383599100.00000006,0.010010174684977101
2015-10-09,91.9,92.23,90.76,91.84,4755058.0,133647800.0,383599100.00000006,0.012395904995606088
2015-10-12,91.9,96.98,91.8,96.46,5214538.0,152004464.0,383599100.00000006,0.013593718024885874
2015-10-13,95.45,96.33,94.51,95.74,2992113.0,87810664.0,383599100.00000006,0.007800104327669172
2015-10-14,95.81,96.95,94.41,94.64,2828438.0,82962704.0,383599100.00000006,0.007373421887590455
2015-10-15,94.41,96.07,93.66,95.97,7014398.0,204894576.0,383599100.00000006,0.018285751973870633
2015-10-16,96.69,97.34,94.41,95.35,6819556.0,200266416.0,383599100.00000006,0.017777820646607354
2015-10-19,95.68,96.92,94.7,96.04,5337728.0,157239088.0,383599100.00000006,0.013914860592738615
2015-10-20,96.04,99.62,95.09,99.46,6672758.0,200911664.0,383599100.00000006,0.017395134660117814
2015-10-21,98.58,100.3,90.83,92.55,7125523.0,211563648.0,383599100.00000006,0.01857544243456254
2015-10-22,92.46,94.51,92.07,94.38,3355291.0,96512736.0,383599100.00000006,0.008746868801308448
2015-10-23,94.93,100.82,94.93,97.66,7412059.0,222703696.0,383599100.00000006,0.01932240977624817
2015-10-26,97.66,100.27,97.66,98.87,6979294.0,211868256.0,383599100.00000006,0.018194239767507274
2015-10-27,97.93,98.58,94.73,97.7,5190484.0,153863216.0,383599100.00000006,0.013531011934073878
2015-10-28,97.99,99.81,97.34,98.06,5874211.0,177357984.0,383599100.00000006,0.015313411840643002
2015-10-29,98.64,100.24,97.99,99.55,4935377.0,150435584.0,383599100.00000006,0.012865976484303532
2015-10-30,100.27,104.01,98.64,102.03,6345078.0,199352960.0,383599100.00000006,0.016540909506826264
2015-11-02,101.25,107.92,100.37,106.91,7898894.0,255957712.0,383599100.00000006,0.02059153423456937
2015-11-03,105.45,107.27,102.87,105.45,6927708.0,223840528.0,383599100.00000006,0.018059760828427383
2015-11-04,105.45,111.01,103.92,110.39,4814286.0,159899184.0,383599100.00000006,0.012550305774961409
2015-11-05,110.43,113.45,108.11,110.52,5068666.0,171642496.0,383599100.00000006,0.013213446016948422
2015-11-06,109.87,111.83,108.41,110.88,4388600.0,148112624.0,383599100.00000006,0.011440589928391384
2015-11-09,108.41,110.59,108.08,108.83,6150343.0,207070416.0,383599100.00000006,0.0160332571166095
2015-11-10,108.7,109.68,106.94,107.76,3975240.0,132056304.0,383599100.00000006,0.010363006586824628
2015-11-11,107.82,109.19,107.04,108.96,3636259.0,120673168.0,383599100.00000006,0.009479320989022131
2015-11-12,108.57,111.86,108.57,111.01,5410729.0,183207248.0,383599100.00000006,0.014105166044445878
2015-11-13,110.52,111.89,107.43,111.01,5269606.0,178542912.0,383599100.00000006,0.0137372741489748
2015-11-16,108.41,111.96,107.63,111.31,2973817.0,101223360.0,383599100.00000006,0.007752408699603309
2015-11-17,112.09,114.79,111.63,113.29,4630880.0,161386016.0,383599100.00000006,0.012072186822127578
2015-11-18,113.78,117.1,112.44,116.55,4713045.0,166462336.0,383599100.00000006,0.012286381798080337
2015-11-19,117.2,117.36,114.37,117.36,3542519.0,126107168.0,383599100.00000006,0.009234951281168281
2015-11-20,116.87,117.0,113.97,115.96,4171110.0,147606896.0,383599100.00000006,0.010873617795245085
2015-11-23,115.54,115.57,110.69,111.17,3079703.0,107037176.0,383599100.00000006,0.008028441672569095
2015-11-24,111.99,111.99,108.41,110.69,2961771.0,100116192.0,383599100.00000006,0.0077210061233198915
2015-11-25,111.01,112.02,110.13,111.86,2210452.0,75382816.0,383599100.00000006,0.005762401423778105
2015-11-26,112.38,112.57,109.12,110.85,2668087.0,90701440.0,383599100.00000006,0.006955404744171714
2015-11-27,110.85,110.85,102.81,102.91,2888204.0,94489544.0,383599100.00000006,0.007529225172843209
2015-11-30,104.01,105.8,100.95,105.8,2340244.0,74342120.0,383599100.00000006,0.006100754668089679
2015-12-01,105.77,108.9,104.4,108.73,1879894.0,62095016.0,383599100.00000006,0.004900673646001776
2015-12-02,107.43,111.96,107.43,109.32,2805840.0,94466320.0,383599100.00000006,0.007314511426121697
2015-12-03,109.38,113.94,109.38,110.95,3154415.0,108154072.0,383599100.00000006,0.008223207510132322
2015-12-04,110.59,110.91,107.17,109.03,2768288.0,92720984.0,383599100.00000006,0.007216617557236187
2015-12-07,108.57,110.3,107.5,109.03,1620767.0,54265600.0,383599100.00000006,0.0042251585053249595
2015-12-08,109.61,109.61,104.44,104.99,2591336.0,84621440.0,383599100.00000006,0.006755323461394981
2015-12-09,103.78,106.03,103.78,104.83,1413953.0,45595172.0,383599100.00000006,0.0036860175115113664
2015-12-10,104.18,106.32,104.18,104.31,1332443.0,43114140.0,383599100.00000006,0.003473530047385408
2015-12-11,104.24,105.09,102.81,103.36,1349673.0,42941292.0,383599100.00000006,0.0035184467325392573
2015-12-14,102.39,106.13,102.39,106.13,2099046.0,67804560.0,383599100.00000006,0.005471978427478061
2015-12-15,105.97,108.34,105.35,106.78,2085847.0,68262592.0,383599100.00000006,0.005437570109001819
2015-12-16,107.4,107.82,105.84,106.06,1151115.0,37704272.0,383599100.00000006,0.003000828208408205
2015-12-17,107.04,109.03,106.45,108.73,3133817.0,103916640.0,383599100.00000006,0.008169510825233947
2015-12-18,107.59,111.99,107.53,110.65,3634043.0,122685696.0,383599100.00000006,0.009473544124582147
2015-12-21,109.68,121.72,109.68,121.72,12616713.0,461603648.0,383599100.00000006,0.03289036131732321
2015-12-22,124.03,124.1,120.13,121.76,10495683.0,393155520.0,383599100.00000006,0.0273610730577835
2015-12-23,121.1,124.1,120.13,120.45,6592325.0,246365616.0,383599100.00000006,0.017185454814675007
2015-12-24,119.8,121.92,118.83,120.39,4303263.0,158476032.0,383599100.00000006,0.011218125902797997
2015-12-25,119.8,120.36,116.84,117.91,4229443.0,153332720.0,383599100.00000006,0.011025685409585161
2015-12-28,118.27,120.75,114.37,114.76,4426163.0,160115072.0,383599100.00000006,0.011538512473048032
2015-12-29,114.76,118.79,113.62,118.6,4069511.0,145307648.0,383599100.00000006,0.010608760552357916
2015-12-30,118.14,120.06,117.3,118.14,3593279.0,131084296.0,383599100.00000006,0.0093672769305246
2015-12-31,117.69,120.71,117.69,118.83,4627378.0,169820720.0,383599100.00000006,0.012063057499352839
2016-01-04,117.85,119.31,107.43,109.03,2856933.0,100489080.0,383599100.00000006,0.007447705169276986
2016-01-05,104.89,113.45,104.21,110.95,5044323.0,170506768.0,383599100.00000006,0.013149986535422004
2016-01-06,111.99,115.5,110.13,114.95,3898639.0,135120368.0,383599100.00000006,0.010163316337290675
2016-01-07,113.29,113.29,106.39,106.81,636040.0,21557940.0,383599100.00000006,0.001658085224913197
2016-01-08,109.06,112.25,107.76,110.04,3390167.0,114989456.0,383599100.00000006,0.008837786637142787
2016-01-11,108.57,111.89,101.57,102.52,4191436.0,138208336.0,383599100.00000006,0.010926605406529889
2016-01-12,102.58,104.24,99.72,100.11,2247931.0,70290552.0,383599100.00000006,0.005860104989818797
2016-01-13,100.92,103.13,97.01,97.14,2546254.0,78080792.0,383599100.00000006,0.006637799723721979
2016-01-14,94.44,99.32,92.81,99.29,3325523.0,98106680.0,383599100.00000006,0.008669266950834868
2016-01-15,98.15,99.42,92.46,92.78,2451402.0,71784472.0,383599100.00000006,0.006390531156094995
2016-01-18,92.26,95.35,89.53,92.46,2260855.0,64869892.0,383599100.00000006,0.0058937964140166115
2016-01-19,92.39,97.93,91.54,95.71,4213957.0,123306240.0,383599100.00000006,0.010985315137600687
2016-01-20,95.39,97.57,94.6,96.33,2748550.0,81348936.0,383599100.00000006,0.007165162796263076
2016-01-21,95.94,97.01,92.72,92.72,1627910.0,47531364.0,383599100.00000006,0.004243779508346083
2016-01-22,94.05,95.29,91.15,93.07,1776322.0,50739420.0,383599100.00000006,0.004630673012527922
2016-01-25,93.79,95.39,93.43,94.38,2108873.0,61239228.0,383599100.00000006,0.005497596318656638
2016-01-26,93.11,97.63,89.72,93.6,4149776.0,121040576.0,383599100.00000006,0.01081800244056881
2016-01-27,91.9,94.34,85.16,92.13,3081625.0,84350808.0,383599100.00000006,0.008033452111853233
2016-01-28,90.5,91.15,85.26,85.94,2549404.0,69039448.0,383599100.00000006,0.0066460114218203315
2016-01-29,86.27,89.53,84.97,88.74,2607927.0,70446904.0,383599100.00000006,0.006798574344934594
2016-02-01,88.81,90.5,86.79,88.78,2607030.0,71501376.0,383599100.00000006,0.006796235966142776
2016-02-02,88.74,91.48,88.39,91.25,2313588.0,64367824.0,383599100.00000006,0.006031265453959615
2016-02-03,90.47,91.22,88.78,90.89,1392295.0,38464912.0,383599100.00000006,0.003629557525030689
2016-02-04,91.48,92.72,90.67,91.77,1800203.0,50646880.0,383599100.00000006,0.00469292811166658
2016-02-05,92.1,92.1,89.36,89.49,1510398.0,42122700.0,383599100.00000006,0.00393743885217666
2016-02-15,86.86,87.83,84.81,87.25,1450477.0,38685632.0,383599100.00000006,0.0037812314992397003
2016-02-16,87.31,90.5,87.31,90.14,3093593.0,84970616.0,383599100.00000006,0.008064651350850405
2016-02-17,89.85,90.37,87.93,90.05,2813001.0,77111088.0,383599100.00000006,0.007333179353131954
2016-02-18,90.67,90.99,89.46,90.18,3296079.0,91394968.0,383599100.00000006,0.008592509732165689
2016-02-19,89.88,90.44,88.48,88.84,2271066.0,62245040.0,383599100.00000006,0.005920415350296702
2016-02-22,89.01,93.95,89.01,93.76,4634839.0,129559928.0,383599100.00000006,0.012082507492848652
2016-02-23,92.75,96.85,92.39,93.79,4837388.0,140396848.0,383599100.00000006,0.012610530108125904
2016-02-24,92.65,94.25,92.13,93.53,2930630.0,83825992.0,383599100.00000006,0.007639825015230744
2016-02-25,93.43,94.28,85.29,87.05,3768112.0,104508408.0,383599100.00000006,0.009823047030089484
2016-02-26,87.51,90.96,87.51,89.49,2543085.0,69682376.0,383599100.00000006,0.006629538494746207
2016-02-29,88.39,90.89,84.97,87.67,3304833.0,89725960.0,383599100.00000006,0.008615330432214255
2016-03-01,90.76,93.33,87.67,92.07,2732804.0,76060664.0,383599100.00000006,0.0071241147333244515
2016-03-02,93.4,101.28,91.8,101.28,5911324.0,178898384.0,383599100.00000006,0.015410161285571313
2016-03-03,101.28,109.71,100.92,101.05,8017814.0,258359968.0,383599100.00000006,0.020901545389444342
2016-03-04,99.78,108.67,98.02,106.0,6389989.0,205095072.0,383599100.00000006,0.0166579874666025
2016-03-07,104.18,111.92,104.18,109.06,5505106.0,184216400.0,383599100.00000006,0.014351196340137396
2016-03-08,109.06,110.91,103.85,107.04,3703920.0,122231424.0,383599100.00000006,0.009655705657286472
2016-03-09,104.21,107.33,102.97,106.13,1579998.0,51264748.0,383599100.00000006,0.004118878276825988
2016-03-10,106.62,110.52,104.89,107.43,2872651.0,95617632.0,383599100.00000006,0.007488680239343626
2016-03-11,106.78,109.03,103.52,106.13,1879042.0,60960968.0,383599100.00000006,0.004898452577182792
2016-03-14,107.27,110.26,104.66,106.06,2893614.0,95442496.0,383599100.00000006,0.007543328438466095
2016-03-15,105.48,106.03,102.09,104.21,2689638.0,85965560.0,383599100.00000006,0.007011585793605875
2016-03-16,104.24,106.03,102.55,104.79,2155678.0,69254480.0,383599100.00000006,0.005619611724845026
2016-03-17,105.61,107.43,104.27,106.94,1854507.0,60558100.0,383599100.00000006,0.0048344925731056195
2016-03-18,106.45,108.9,104.18,108.34,4617700.0,151314304.0,383599100.00000006,0.012037828034528755
2016-03-21,108.41,109.06,106.85,109.03,5164566.0,171436832.0,383599100.00000006,0.013463446603498285
2016-03-22,109.03,115.24,108.08,110.43,5149992.0,176737952.0,383599100.00000006,0.013425453813629905
2016-03-23,109.06,110.88,107.11,108.54,4586865.0,152646368.0,383599100.00000006,0.011957444634254875
2016-03-24,107.43,111.34,107.43,109.22,5083365.0,171460848.0,383599100.00000006,0.013251764667852451
2016-03-25,108.44,115.21,108.41,112.25,5835940.0,203259344.0,383599100.00000006,0.015213643619080439
2016-03-28,112.57,122.57,112.57,121.27,9074594.0,332419840.0,383599100.00000006,0.023656452791469006
2016-03-29,120.45,121.1,112.38,116.22,4014271.0,144595776.0,383599100.00000006,0.010464756043483937
2016-03-30,116.55,118.83,114.92,118.7,4053832.0,145955536.0,383599100.00000006,0.010567887150934398
2016-03-31,118.47,120.32,117.2,120.19,3227356.0,117769328.0,383599100.00000006,0.008413356548542474
2016-04-01,119.05,119.74,116.74,117.82,2656978.0,96682744.0,383599100.00000006,0.0069264448222115214
2016-04-05,117.62,120.68,117.2,120.45,2286474.0,83846240.0,383599100.00000006,0.005960582284994933
2016-04-06,120.42,125.53,119.22,125.11,3593049.0,136126560.0,383599100.00000006,0.009366677346219007
2016-04-07,124.82,128.04,122.08,122.34,3216519.0,122863848.0,383599100.00000006,0.008385105700195855
2016-04-08,121.72,123.71,118.83,120.26,1529728.0,57017040.0,383599100.00000006,0.003987830002729412
2016-04-11,121.4,123.58,118.47,120.71,2202415.0,81241672.0,383599100.00000006,0.005741449862630021
2016-04-12,119.8,120.49,117.88,119.48,1506367.0,54910364.0,383599100.00000006,0.003926930485499053
2016-04-13,118.86,122.28,118.43,118.66,2609112.0,96566312.0,383599100.00000006,0.0068016635075525455
2016-04-14,119.8,122.05,118.76,121.63,2789029.0,103261304.0,383599100.00000006,0.007270687027159343
2016-04-15,122.21,124.03,120.52,121.4,1377033.0,51610944.0,383599100.00000006,0.0035897711960220964
2016-04-18,121.27,121.27,115.18,117.98,2591402.0,93544328.0,383599100.00000006,0.006755495516021804
2016-04-19,117.98,118.17,112.9,117.65,2183154.0,77459728.0,383599100.00000006,0.005691238587368947
2016-04-20,118.83,118.83,109.16,113.94,2098344.0,73434272.0,383599100.00000006,0.0054701483919018575
2016-04-21,113.29,115.96,112.31,112.64,2022548.0,71248520.0,383599100.00000006,0.005272556687437483
2016-04-22,111.99,117.85,110.69,116.97,2595322.0,92843416.0,383599100.00000006,0.006765714518099755
2016-04-25,116.55,120.78,115.9,119.74,2924503.0,106972632.0,383599100.00000006,0.007623852610707376
2016-04-26,119.05,125.82,119.05,124.95,5997161.0,228565888.0,383599100.00000006,0.015633928755307298
2016-04-27,124.69,125.17,120.45,123.48,2255578.0,85711976.0,383599100.00000006,0.005880039864535656
2016-04-28,124.03,124.95,121.63,123.55,1856568.0,70020800.0,383599100.00000006,0.004839865369861399
2016-04-29,125.66,130.84,124.95,128.27,3955550.0,156432928.0,383599100.00000006,0.010311676956489208
2016-05-03,126.38,141.09,126.15,139.89,6459702.0,271865888.0,383599100.00000006,0.016839721469628054
2016-05-04,139.33,146.5,137.09,138.03,6515201.0,283141440.0,383599100.00000006,0.016984401162567896
2016-05-05,139.33,140.57,134.32,138.75,4461298.0,188478000.0,383599100.00000006,0.011630105492948234
2016-05-06,137.38,138.98,130.55,133.15,4296248.0,177574928.0,383599100.00000006,0.011199838581477379
2016-05-09,133.15,135.07,129.28,130.9,4564122.0,186506672.0,383599100.00000006,0.011898156173984766
2016-05-10,129.89,136.08,127.29,133.31,7536809.0,303430208.0,383599100.00000006,0.019647619089825808
2016-05-11,133.47,143.83,133.41,137.15,6576862.0,281553034.0,383599100.00000006,0.01714514450112109
2016-05-12,134.58,140.44,128.62,138.26,4111174.0,171910781.0,383599100.00000006,0.01071737133898385
2016-05-13,136.44,145.36,135.36,139.01,5274308.0,229419685.0,383599100.00000006,0.013749531737691771
2016-05-16,139.01,142.92,133.47,142.92,4353017.0,187148345.0,383599100.00000006,0.011347829022539415
2016-05-17,143.89,144.67,136.08,137.25,3231633.0,138108518.0,383599100.00000006,0.008424506209738239
2016-05-18,137.12,137.87,127.48,132.34,3570716.0,145818145.0,383599100.00000006,0.009308457710145825
2016-05-19,131.33,134.94,127.35,131.2,2712686.0,109987994.0,383599100.00000006,0.007071669354802969
2016-05-20,130.87,135.1,129.31,133.41,2768957.0,113280457.0,383599100.00000006,0.00721836156549898
2016-05-23,132.17,135.4,130.71,134.52,2766519.0,113308119.0,383599100.00000006,0.007212005971859683
2016-05-24,134.61,134.61,128.69,129.47,2443466.0,98098407.0,383599100.00000006,0.006369842890663715
2016-05-25,130.68,131.07,127.88,128.46,2087965.0,82906275.0,383599100.00000006,0.005443091498389854
2016-05-26,127.97,129.93,125.5,129.11,1842541.0,72269779.0,383599100.00000006,0.004803298547885018
2016-05-27,129.57,135.62,128.92,133.54,4266899.0,173921550.0,383599100.00000006,0.011123329017195293
2016-05-30,132.66,135.07,131.2,134.19,2180111.0,89314381.0,383599100.00000006,0.00568330582631711
2016-05-31,134.06,139.6,132.99,138.81,2839379.0,120414111.0,383599100.00000006,0.007401943852318735
2016-06-01,139.5,141.61,136.93,137.58,3419388.0,146325561.0,383599100.00000006,0.008913962519724367
2016-06-02,137.58,143.31,136.93,141.29,3682492.0,158686476.0,383599100.00000006,0.00959984525511139
2016-06-03,140.9,155.12,140.8,151.38,7479449.0,344928746.0,383599100.00000006,0.019498087977787223
2016-06-06,149.82,151.28,146.5,149.72,3190741.0,145290991.0,383599100.00000006,0.008317905333980188
2016-06-07,149.26,153.01,147.77,149.65,3742970.0,173013138.0,383599100.00000006,0.0097575046448232
2016-06-08,150.08,150.08,144.09,146.01,2881643.0,129622839.0,383599100.00000006,0.007512121378804068
2016-06-13,145.75,152.23,143.5,147.44,3156834.0,144402942.0,383599100.00000006,0.0082295135728942
2016-06-14,146.5,159.32,144.67,159.26,4962982.0,236882961.0,383599100.00000006,0.012937939635416243
2016-06-15,155.94,163.75,155.29,161.86,5749217.0,282105935.0,383599100.00000006,0.014987566446323777
2016-06-16,160.82,168.6,158.61,161.8,4763311.0,239272618.0,383599100.00000006,0.012417419644623773
2016-06-17,161.34,167.33,159.97,161.86,3665961.0,183405426.0,383599100.00000006,0.00955675078486889
2016-06-20,159.62,159.68,152.29,155.91,8197511.0,391122950.0,383599100.00000006,0.021369995393628397
2016-06-21,155.61,156.88,151.87,153.33,3858716.0,182339689.0,383599100.00000006,0.010059241536280975
2016-06-22,153.66,158.87,151.38,157.24,4725501.0,226247367.0,383599100.00000006,0.012318853198560683
2016-06-23,156.65,158.05,150.57,152.71,3711164.0,175087997.0,383599100.00000006,0.0096745899560244
2016-06-24,151.38,156.26,148.12,153.27,3451248.0,161808004.0,383599100.00000006,0.008997017980490568
2016-06-27,152.68,161.16,152.68,159.17,4177547.0,203181340.0,383599100.00000006,0.010890398335136863
2016-06-28,157.57,158.23,154.96,157.25,4014711.0,192269642.0,383599100.00000006,0.010465903074329421
2016-06-29,156.92,157.18,154.67,156.04,2919387.0,139178869.0,383599100.00000006,0.007610515770240336
2016-06-30,156.04,163.12,156.04,156.43,4291475.0,209283150.0,383599100.00000006,0.01118739590369216
2016-07-01,156.82,156.82,153.37,154.05,2744926.0,130082655.0,383599100.00000006,0.007155715433117543
2016-07-04,153.2,156.76,151.38,155.26,3971074.0,187814382.0,383599100.00000006,0.010352146290228521
2016-07-05,155.29,157.74,153.99,155.72,6026271.0,287689937.0,383599100.00000006,0.01570981527328922
2016-07-06,155.62,166.35,154.96,166.06,8724235.0,433724195.0,383599100.00000006,0.022743106018757602
2016-07-07,164.1,165.6,159.86,160.51,6444732.0,319958045.0,383599100.00000006,0.016800696351998736
2016-07-08,159.37,159.86,154.64,158.39,5507409.0,264926810.0,383599100.00000006,0.014357200003858192
2016-07-11,158.19,174.08,156.76,168.01,9923610.0,503685008.0,383599100.00000006,0.025869742655809148
2016-07-12,165.73,176.66,164.92,168.08,8701515.0,456041878.0,383599100.00000006,0.022683877516918048
2016-07-13,166.64,166.74,159.66,162.76,7217127.0,357872891.0,383599100.00000006,0.01881424382903922
2016-07-14,162.79,164.1,159.53,161.62,4767188.0,235942934.0,383599100.00000006,0.01242752655050546
2016-07-15,161.16,162.44,158.0,160.12,4263663.0,208883896.0,383599100.00000006,0.011114893126704415
2016-07-18,159.83,159.86,156.76,157.18,3722067.0,180241454.0,383599100.00000006,0.009703012858997842
2016-07-19,157.22,157.57,149.13,150.46,9619473.0,447247317.0,383599100.00000006,0.025076891473415863
2016-07-20,150.43,152.88,150.4,151.31,3927307.0,182380827.0,383599100.00000006,0.010238050610650544
2016-07-21,151.28,153.33,150.23,151.12,5212958.0,243071877.0,383599100.00000006,0.013589599141395273
2016-07-22,151.25,152.29,148.51,148.96,4604677.0,211776661.0,383599100.00000006,0.012003878528390705
2016-07-25,147.79,151.38,147.79,151.28,3668197.0,169238043.0,383599100.00000006,0.009562579787074577
2016-07-26,151.38,154.28,149.88,153.86,4489446.0,209489850.0,383599100.00000006,0.011703484184399805
2016-07-27,154.28,154.28,144.2,147.79,6025342.0,274932231.0,383599100.00000006,0.015707393474072278
2016-07-28,146.84,151.7,146.48,150.66,4595396.0,211245997.0,383599100.00000006,0.011979683998215843
2016-07-29,153.11,153.11,148.51,148.51,3446133.0,159316930.0,383599100.00000006,0.008983683746911813
2016-08-01,147.79,147.79,137.09,139.24,5571246.0,239644493.0,383599100.00000006,0.014523615931319962
2016-08-02,138.69,141.69,137.67,141.26,3384187.0,144876665.0,383599100.00000006,0.008822197445197341
2016-08-03,141.16,142.7,139.31,139.6,3024624.0,130303215.0,383599100.00000006,0.007884856872709033
2016-08-04,140.06,140.61,137.74,140.25,3759214.0,160509340.0,383599100.00000006,0.009799850938127852
2016-08-05,139.66,140.94,138.03,138.23,3255315.0,139265092.0,383599100.00000006,0.008486242538108143
2016-08-08,138.62,144.04,137.02,143.74,4611051.0,199607188.0,383599100.00000006,0.012020494834320517
2016-08-09,142.57,147.75,141.92,146.35,4623407.0,205937702.0,383599100.00000006,0.012052705545972342
2016-08-10,144.88,148.57,144.88,146.45,3747558.0,168489345.0,383599100.00000006,0.00976946504827566
2016-08-11,146.45,148.37,143.68,144.17,3634671.0,162952318.0,383599100.00000006,0.009475181250425247
2016-08-12,143.61,145.47,141.46,144.69,2843985.0,124482849.0,383599100.00000006,0.007413951179760327
2016-08-15,145.18,151.38,143.58,149.35,4440521.0,201889842.0,383599100.00000006,0.011575942175046811
2016-08-16,150.43,152.42,146.81,148.24,4634081.0,212785522.0,383599100.00000006,0.012080531471528476
2016-08-17,149.68,153.46,148.47,149.88,4068875.0,187929250.0,383599100.00000006,0.010607102571408534
2016-08-18,148.47,149.88,146.65,147.14,3305700.0,149439057.0,383599100.00000006,0.008617590604357517
2016-08-19,146.06,148.44,146.06,146.68,1987689.0,89757106.0,383599100.00000006,0.005181683168703993
2016-08-22,146.81,148.8,144.79,146.09,2454063.0,110563374.0,383599100.00000006,0.006397468085821889
2016-08-23,145.18,146.68,142.54,144.0,2623269.0,116231013.0,383599100.00000006,0.006838569225006001
2016-08-24,144.66,144.85,142.18,143.35,2309069.0,101384487.0,383599100.00000006,0.006019484925798835
2016-08-25,142.57,143.87,140.77,143.55,1946620.0,85125796.0,383599100.00000006,0.005074620873719463
2016-08-26,143.55,144.07,142.24,142.67,1518104.0,66549695.0,383599100.00000006,0.003957527533302346
2016-08-29,142.01,143.81,139.73,140.58,3998578.0,172379380.0,383599100.00000006,0.010423846145624428
2016-08-30,140.45,141.62,140.12,140.64,1715860.0,73894484.0,383599100.00000006,0.004473055333028674
2016-08-31,140.64,143.97,140.64,142.5,2582492.0,112761622.0,383599100.00000006,0.0067322681414007475
2016-09-01,142.5,142.83,139.63,139.93,2513369.0,108316212.0,383599100.00000006,0.0065520722024634565
2016-09-02,139.6,140.25,135.59,136.53,3872172.0,162826084.0,383599100.00000006,0.010094319825046511
2016-09-05,136.92,138.07,135.85,137.02,2219012.0,93313490.0,383599100.00000006,0.005784716387499344
2016-09-06,137.64,140.15,135.39,140.09,2891274.0,122749099.0,383599100.00000006,0.007537228319878748
2016-09-07,139.96,140.84,138.07,139.79,4133663.0,176151425.0,383599100.00000006,0.010775997649629521
2016-09-08,139.76,141.78,139.5,140.94,3265255.0,140890358.0,383599100.00000006,0.008512155007662947
2016-09-09,141.78,141.85,139.34,139.5,1984789.0,85358039.0,383599100.00000006,0.005174123192676937
2016-09-12,136.7,136.96,131.64,133.27,3997493.0,164745190.0,383599100.00000006,0.010421017671834995
2016-09-13,133.76,136.63,132.45,136.37,2917496.0,120576450.0,383599100.00000006,0.007605586144493038
2016-09-14,135.65,135.98,133.76,135.06,1542255.0,63885314.0,383599100.00000006,0.004020486492278005
2016-09-19,134.48,137.25,134.41,136.7,1573484.0,65749690.0,383599100.00000006,0.00410189700653625
2016-09-20,136.76,137.28,135.36,135.62,1116500.0,46461141.0,383599100.00000006,0.0029105907704163013
2016-09-21,135.46,136.56,135.36,136.21,1135531.0,47307687.0,383599100.00000006,0.0029602024613717805
2016-09-22,136.99,138.85,136.4,137.77,2550462.0,107852343.0,383599100.00000006,0.006648769509626064
2016-09-23,137.61,138.26,136.66,136.86,1372857.0,57749758.0,383599100.00000006,0.003578884830543137
2016-09-26,135.72,136.04,129.55,131.02,2751564.0,111886718.0,383599100.00000006,0.007173019957554644
2016-09-27,130.46,132.98,130.46,132.39,1671887.0,67317873.0,383599100.00000006,0.004358422634463949
2016-09-28,133.66,133.66,131.48,131.87,728241.0,29517490.0,383599100.00000006,0.0018984429316961377
2016-09-29,131.93,135.26,131.64,133.27,2226992.0,91473632.0,383599100.00000006,0.0058055193560151725
2016-09-30,132.26,141.59,132.26,139.79,3903107.0,166289247.0,383599100.00000006,0.010174963914148911
2016-10-10,140.22,141.82,138.98,141.26,3151584.0,135946971.0,383599100.00000006,0.008215827409396945
2016-10-11,140.48,143.42,140.35,141.95,2863015.0,124671878.0,383599100.00000006,0.007463560263827521
2016-10-12,141.92,144.2,140.64,141.69,2743193.0,119941790.0,383599100.00000006,0.007151197695719306
2016-10-13,141.69,142.4,139.24,141.62,2089851.0,90191632.0,383599100.00000006,0.0054480080896957255
2016-10-14,141.62,141.62,139.34,141.07,1333023.0,57295216.0,383599100.00000006,0.0034750420425908187
2016-10-17,140.19,143.58,139.89,141.43,2443715.0,106573217.0,383599100.00000006,0.006370492005846728
2016-10-18,141.39,148.18,140.97,148.02,5470441.0,245767722.0,383599100.00000006,0.014260828557731234
2016-10-19,148.34,152.94,145.76,152.68,7169307.0,329079321.0,383599100.00000006,0.018689582431241362
2016-10-20,151.7,153.99,150.53,151.7,3118550.0,145391364.0,383599100.00000006,0.008129711461783928
2016-10-21,151.74,151.74,146.81,148.05,2896806.0,132421740.0,383599100.00000006,0.0075516496258724265
2016-10-24,148.51,150.56,147.14,149.91,2557191.0,116259035.0,383599100.00000006,0.0066663112608971176
2016-10-25,149.35,163.61,148.8,160.71,9739464.0,466422050.0,383599100.00000006,0.025389694605644275
2016-10-26,158.72,168.01,158.33,160.02,8554675.0,428305563.0,383599100.00000006,0.02230108204112053
2016-10-27,160.25,162.08,156.47,160.15,3711110.0,181149496.0,383599100.00000006,0.009674449184057
2016-10-28,161.49,161.49,156.95,157.61,3316281.0,161451760.0,383599100.00000006,0.008645174089303128
2016-10-31,156.6,160.28,155.55,157.64,2523925.0,122281935.0,383599100.00000006,0.006579590515201937
2016-11-01,157.77,161.1,155.55,160.8,4320806.0,209620614.0,383599100.00000006,0.011263858543985112
2016-11-02,160.48,160.48,156.01,156.63,3028685.0,146160236.0,383599100.00000006,0.007895443446035195
2016-11-03,155.94,158.39,155.23,155.42,2592249.0,124366800.0,383599100.00000006,0.006757703550399361
2016-11-04,156.3,157.25,151.41,152.97,2991703.0,141306284.0,383599100.00000006,0.007799035503472243
2016-11-07,154.25,155.81,151.7,152.68,3154549.0,148574712.0,383599100.00000006,0.008223556833162537
2016-11-08,153.43,161.65,152.84,160.02,5508512.0,268068466.0,383599100.00000006,0.014360075401636758
2016-11-09,159.99,160.15,156.6,158.55,3653870.0,177206471.0,383599100.00000006,0.009525230898612638
2016-11-10,159.83,162.73,158.85,161.07,3797989.0,186759508.0,383599100.00000006,0.009900933031386151
2016-11-11,161.1,162.96,156.56,159.21,3600810.0,175555136.0,383599100.00000006,0.009386909406200378
2016-11-14,159.43,161.62,157.57,159.37,3192760.0,155947639.0,383599100.00000006,0.00832316864142799
2016-11-15,160.51,165.24,156.82,164.07,4673191.0,230908114.0,383599100.00000006,0.012182486872362315
2016-11-16,162.83,163.06,159.86,162.14,3172798.0,157057734.0,383599100.00000006,0.008271129937478998
2016-11-17,160.84,161.88,158.03,158.55,2653150.0,130024736.0,383599100.00000006,0.006916465653855808
2016-11-18,157.67,158.19,154.96,156.37,2869601.0,137189694.0,383599100.00000006,0.007480729230073792
2016-11-21,155.75,157.09,154.34,155.65,3169734.0,151096539.0,383599100.00000006,0.00826314243177317
2016-11-22,155.94,157.09,155.03,156.69,2237974.0,107268170.0,383599100.00000006,0.005834148203163145
2016-11-23,157.25,159.86,157.25,159.7,3423787.0,166513756.0,383599100.00000006,0.008925430221290925
2016-11-24,159.92,160.84,157.74,160.48,3458413.0,169120010.0,383599100.00000006,0.009015696335053966
2016-11-25,160.8,161.55,156.47,159.83,2756060.0,134228428.0,383599100.00000006,0.007184740527284864
2016-11-28,161.42,161.82,157.25,157.25,3290119.0,160074156.0,383599100.00000006,0.008576972677985947
2016-11-29,156.79,161.49,154.48,157.97,5580513.0,271548686.0,383599100.00000006,0.014547773965058831
2016-11-30,156.63,156.89,150.14,152.35,4364953.0,204679745.0,383599100.00000006,0.01137894484111146
2016-12-01,151.87,154.96,151.74,153.24,2247791.0,105646852.0,383599100.00000006,0.00585974002545887
2016-12-02,152.35,154.64,151.7,151.9,1262315.0,59028156.0,383599100.00000006,0.0032907141857214986
2016-12-05,152.65,154.83,150.76,152.94,1300524.0,60916437.0,383599100.00000006,0.0033903207802103807
2016-12-06,151.8,154.02,151.34,154.02,2400752.0,112727242.0,383599100.00000006,0.006258492264450046
2016-12-07,154.05,155.03,153.24,153.89,1364311.0,64414778.0,383599100.00000006,0.0035566063632578903
2016-12-08,154.54,159.86,153.2,156.66,3570822.0,172292134.0,383599100.00000006,0.009308734040304056
2016-12-09,156.11,158.91,155.16,156.76,2728459.0,131485199.0,383599100.00000006,0.007112787803725294
2016-12-12,156.89,159.14,150.07,150.56,3195558.0,151934404.0,383599100.00000006,0.008330462714849956
2016-12-13,149.42,156.11,148.8,154.34,2543651.0,119121962.0,383599100.00000006,0.006631013993515625
2016-12-14,153.82,157.9,151.96,153.24,2890152.0,137427600.0,383599100.00000006,0.0075343033912227625
2016-12-15,153.66,154.51,148.96,150.79,3035929.0,140391860.0,383599100.00000006,0.007914327744773122
2016-12-16,150.07,152.68,149.19,149.48,1729220.0,79843983.0,383599100.00000006,0.0045078833605188325
2016-12-19,149.48,153.2,149.48,152.29,2211686.0,103095535.0,383599100.00000006,0.005765618323922031
2016-12-20,152.29,152.29,149.48,149.91,1349881.0,62101421.0,383599100.00000006,0.0035189889653025773
2016-12-21,150.01,150.69,146.81,147.79,2499738.0,113741428.0,383599100.00000006,0.006516537708248011
2016-12-22,147.85,148.73,143.58,145.34,2636351.0,117138727.0,383599100.00000006,0.006872672537552876
2016-12-23,143.71,152.68,143.71,145.99,2831975.0,128081248.0,383599100.00000006,0.007382642451455177
2016-12-26,146.06,146.06,141.92,144.82,1964377.0,86684330.0,383599100.00000006,0.005120911388999608
2016-12-27,145.11,147.79,144.85,146.71,1685252.0,75750873.0,383599100.00000006,0.004393263696395533
2016-12-28,146.42,147.3,143.74,145.24,1190960.0,52866036.0,383599100.00000006,0.00310469967213166
2016-12-29,145.5,145.93,143.71,145.57,1063709.0,47230757.0,383599100.00000006,0.0027729705309527575
2016-12-30,145.21,149.42,145.01,148.44,2517795.0,114203765.0,383599100.00000006,0.006563610290013714
2017-01-03,148.44,149.68,147.27,149.16,1816168.0,82805615.0,383598800.0,0.004734550785873157
2017-01-04,148.44,154.67,148.44,153.27,2878651.0,134411858.0,383598800.0,0.007504327437937762
2017-01-05,152.71,154.38,152.39,153.24,1778805.0,83562400.0,383598800.0,0.0046371495426993
2017-01-06,152.94,156.6,152.39,153.99,2463379.0,116993461.0,383598800.0,0.006421758879329133
2017-01-09,153.5,154.15,151.7,153.2,1032590.0,48442417.0,383598800.0,0.0026918488796106766
2017-01-10,153.17,156.6,152.39,154.21,1472552.0,69827907.0,383598800.0,0.003838781560317707
2017-01-11,154.41,154.41,149.81,151.05,1218613.0,56544776.0,383598800.0,0.0031767904383433942
2017-01-12,151.87,151.87,148.05,148.08,769205.0,35199848.0,383598800.0,0.002005233071636303
2017-01-13,148.11,149.26,145.5,145.6,975320.0,43783358.0,383598800.0,0.0025425522707578857
2017-01-16,145.76,147.4,140.45,145.44,1129760.0,50285442.0,383598800.0,0.002945160412389194
2017-01-17,145.41,147.79,143.55,146.58,660812.0,29587560.0,383598800.0,0.0017226644087520607
2017-01-18,146.58,149.94,146.58,149.48,1158033.0,52862311.0,383598800.0,0.0030188650225183187
2017-01-19,149.42,149.42,146.32,147.1,1066657.0,48287618.0,383598800.0,0.002780657812276785
2017-01-20,146.81,148.08,146.16,146.81,1192966.0,53640656.0,383598800.0,0.0031099315222049705
2017-01-23,147.14,150.27,146.97,148.18,1412575.0,64325364.0,383598800.0,0.003682428099357975
2017-01-24,148.18,148.77,146.81,147.53,1053584.0,47694574.0,383598800.0,0.0027465779350717466
2017-01-25,147.53,147.53,145.31,146.38,691413.0,31080808.0,383598800.0,0.001802437859555348
2017-01-26,146.68,147.46,146.19,146.58,509227.0,22910931.0,383598800.0,0.001327498938995638
2017-02-03,147.59,147.59,146.58,146.97,520922.0,23452184.0,383598800.0,0.001357986521334269
2017-02-06,146.81,147.53,145.63,146.97,1054701.0,47447214.0,383598800.0,0.002749489831563602
2017-02-07,147.46,148.41,146.48,146.81,927054.0,41839052.0,383598800.0,0.002416728102381968
2017-02-08,146.74,148.28,145.41,148.11,1086524.0,48921757.0,383598800.0,0.0028324489023427604
2017-02-09,148.28,150.3,147.82,150.04,1794399.0,82279082.0,383598800.0,0.0046778013904110235
2017-02-10,150.07,155.06,150.07,152.88,4028233.0,189351383.0,383598800.0,0.010501161630328354
2017-02-13,153.27,159.5,152.39,156.6,4437012.0,213425479.0,383598800.0,0.011566803650063556
2017-02-14,156.27,156.82,154.57,156.14,1476553.0,70518817.0,383598800.0,0.003849211728503843
2017-02-15,156.89,159.14,153.82,154.74,1515522.0,72478276.0,383598800.0,0.003950799637537969
2017-02-16,154.74,155.36,153.27,154.31,1210443.0,57256080.0,383598800.0,0.003155492144396698
2017-02-17,153.4,161.98,153.4,159.37,4937533.0,239992852.0,383598800.0,0.01287160700189886
2017-02-20,159.66,172.48,159.66,167.85,8362607.0,428583448.0,383598800.0,0.021800399271322015
2017-02-21,167.79,171.11,165.08,168.67,3698976.0,190751039.0,383598800.0,0.009642824742934545
2017-02-22,170.14,176.24,165.27,170.66,4776570.0,250270087.0,383598800.0,0.012451994114684405
2017-02-23,170.46,177.74,170.46,173.17,5495717.0,293198326.0,383598800.0,0.014326731470484267
2017-02-24,171.57,172.91,169.71,172.26,2476806.0,130105230.0,383598800.0,0.00645676159570885
2017-02-27,170.0,171.9,164.3,165.34,4511486.0,229716775.0,383598800.0,0.011760949200049635
2017-02-28,166.15,167.62,165.34,167.17,2209678.0,112846241.0,383598800.0,0.0057603881972519205
2017-03-01,166.38,173.1,166.38,166.77,3261428.0,169450354.0,383598800.0,0.008502185095469537
2017-03-02,166.38,167.98,164.85,167.39,2438155.0,124436749.0,383598800.0,0.006356002677797741
2017-03-03,166.38,171.83,165.54,169.68,3966875.0,206640331.0,383598800.0,0.010341208053831243
2017-03-06,169.65,171.37,165.89,170.36,2330547.0,121059040.0,383598800.0,0.0060754804238178015
2017-03-07,169.42,177.18,168.54,174.77,3108879.0,166306215.0,383598800.0,0.008104506583440824
2017-03-08,173.01,180.67,172.48,177.31,2092243.0,113364013.0,383598800.0,0.005454248032058495
2017-03-09,177.93,177.96,171.34,174.9,2135794.0,113863480.0,383598800.0,0.005567780712556974
2017-03-10,174.21,179.04,173.33,176.27,2302979.0,124702699.0,383598800.0,0.006003613671367064
2017-03-13,175.91,180.35,174.67,177.7,2544841.0,139114915.0,383598800.0,0.006634121378898995
2017-03-14,177.38,178.49,170.82,171.93,3588789.0,190145886.0,383598800.0,0.009355579318809131
2017-03-15,172.16,174.05,169.35,171.44,2670688.0,140026291.0,383598800.0,0.006962190705497515
2017-03-16,171.54,173.69,167.59,168.99,3102870.0,161450869.0,383598800.0,0.00808884177948419
2017-03-17,168.99,172.03,167.36,168.34,3135503.0,163326495.0,383598800.0,0.00817391243142575
2017-03-20,168.54,170.69,167.72,170.69,1684488.0,87296814.0,383598800.0,0.00439127546801502
2017-03-21,172.26,178.78,170.62,177.9,4948652.0,265683189.0,383598800.0,0.012900593015410893
2017-03-22,177.15,180.05,175.03,178.94,4219016.0,229160201.0,383598800.0,0.010998511987003088
2017-03-23,178.62,179.76,174.21,177.96,3356556.0,182424745.0,383598800.0,0.008750173358206543
2017-03-24,176.79,184.0,173.04,175.45,4872920.0,267801376.0,383598800.0,0.01270316799739728
2017-03-27,174.28,174.6,168.99,170.3,4353130.0,228748554.0,383598800.0,0.011348132475909727
2017-03-28,170.14,171.02,168.18,169.65,1950123.0,101163768.0,383598800.0,0.005083756779218287
2017-03-29,170.62,172.22,169.12,171.44,2496918.0,131065717.0,383598800.0,0.006509191373904193
2017-03-30,171.24,171.24,164.62,168.41,3376026.0,173326664.0,383598800.0,0.008800929512813908
2017-03-31,166.38,168.63,164.92,166.06,2248794.0,114704966.0,383598800.0,0.005862359319163668
2017-04-05,164.75,170.85,163.77,167.53,2527345.0,131006166.0,383598800.0,0.006588511225791113
2017-04-06,167.56,168.8,165.89,168.8,1342934.0,68769702.0,383598800.0,0.003500881650307561
2017-04-07,168.83,169.25,166.64,166.68,1704605.0,87635915.0,383598800.0,0.004443718280661983
2017-04-10,166.42,166.42,162.11,162.14,1952669.0,97791861.0,383598800.0,0.005090393921983072
2017-04-11,161.98,165.73,156.6,163.77,2308975.0,114340507.0,383598800.0,0.006019244585749486
2017-04-12,162.47,171.11,160.67,169.71,3245295.0,167115866.0,383598800.0,0.008460128133873203
2017-04-13,169.71,172.52,166.58,169.06,1637256.0,85386972.0,383598800.0,0.0042681468242340695
2017-04-14,169.12,170.27,164.3,164.65,1169917.0,59638975.0,383598800.0,0.0030498453071281764
2017-04-17,164.43,169.25,164.43,166.64,1480338.0,75685004.0,383598800.0,0.0038590788083800055
2017-04-18,167.36,174.7,165.24,173.63,4327176.0,228019464.0,383598800.0,0.01128047324444185
2017-04-19,173.17,176.82,170.49,172.58,2829839.0,149889414.0,383598800.0,0.007377079907444966
2017-04-20,172.91,181.98,171.34,176.17,5792447.0,315634434.0,383598800.0,0.015100274036310854
2017-04-21,177.48,177.8,169.32,170.56,2841354.0,151785501.0,383598800.0,0.007407098249525285
2017-04-24,167.04,172.45,163.12,169.65,2533950.0,130889369.0,383598800.0,0.006605729736380823
2017-04-25,169.74,176.14,169.52,175.62,3040923.0,161424579.0,383598800.0,0.007927352744586271
2017-04-26,175.52,179.47,168.5,169.35,5122344.0,272931382.0,383598800.0,0.013353389009558946
2017-04-27,169.52,172.19,164.39,170.85,2312738.0,118964795.0,383598800.0,0.006029054314038522
2017-04-28,168.01,172.19,159.86,161.59,5663136.0,283655449.0,383598800.0,0.014763174441630162
2017-05-02,161.42,162.76,157.51,158.23,3228749.0,158313916.0,383598800.0,0.008416994526573076
2017-05-03,157.54,161.13,157.54,159.92,1487124.0,72855575.0,383598800.0,0.003876769166118351
2017-05-04,159.14,160.51,157.9,159.08,1658538.0,81004890.0,383598800.0,0.004323626664108438
2017-05-05,159.11,159.37,151.7,153.01,3271161.0,155212262.0,383598800.0,0.008527557958992573
2017-05-08,153.01,154.31,149.22,149.58,3195802.0,147317397.0,383598800.0,0.008331105311069795
2017-05-09,149.71,151.31,148.6,151.15,2348787.0,108188636.0,383598800.0,0.006123030103326705
2017-05-10,151.44,154.51,150.1,150.89,1744295.0,81464994.0,383598800.0,0.00454718575761968
2017-05-11,150.23,152.13,149.09,152.13,1660801.0,76722835.0,383598800.0,0.004329526056911544
2017-05-12,150.79,153.01,144.13,150.4,3540906.0,161502489.0,383598800.0,0.009230753589427288
2017-05-15,150.23,156.66,149.61,156.11,2456911.0,116628926.0,383598800.0,0.006404897512713804
2017-05-16,154.31,162.31,154.31,162.31,4035671.0,198332113.0,383598800.0,0.010520551680557917
2017-05-17,162.53,162.86,158.16,159.34,2625298.0,128778126.0,383598800.0,0.006843863953693286
2017-05-18,159.21,162.93,158.78,160.74,1742774.0,86285463.0,383598800.0,0.004543220677436947
2017-05-19,160.67,163.77,159.34,160.38,1498337.0,74256541.0,383598800.0,0.0039060002273208364
2017-05-22,160.67,161.2,156.92,158.13,1543309.0,75146895.0,383598800.0,0.004023237298969653
2017-05-23,156.95,164.52,156.95,160.61,3020932.0,149461863.0,383598800.0,0.007875238400120126
2017-05-24,160.45,160.45,150.36,158.49,1561120.0,74894765.0,383598800.0,0.00406966862252958
2017-05-25,158.49,158.49,153.04,154.61,3478959.0,164486199.0,383598800.0,0.009069264554529367
2017-05-26,156.07,158.23,155.62,156.24,2808025.0,135320307.0,383598800.0,0.007320213201918255
2017-05-31,156.24,157.87,152.68,154.64,2704101.0,128499673.0,383598800.0,0.0070492947318917575
2017-06-01,153.33,155.55,153.3,154.02,1656721.0,78546526.0,383598800.0,0.004318889944389816
2017-06-02,154.02,155.19,151.02,153.24,1294257.0,60796982.0,383598800.0,0.0033739860500084985
2017-06-05,153.24,153.99,149.97,150.56,2570270.0,119432245.0,383598800.0,0.006700411992946798
2017-06-06,151.05,154.51,150.07,154.38,1568227.0,73347448.0,383598800.0,0.0040881957920619145
2017-06-07,154.38,165.73,153.66,163.84,4292634.0,211529091.0,383598800.0,0.011190426038871862
2017-06-08,163.35,168.01,163.35,165.24,2928589.0,149015096.0,383598800.0,0.007634510326935329
2017-06-09,166.55,171.15,164.88,165.37,3699412.0,190343552.0,383598800.0,0.009643961347115789
2017-06-12,166.19,172.26,165.21,168.08,3400049.0,176492930.0,383598800.0,0.008863554839066232
2017-06-13,167.69,169.97,164.52,168.01,1611176.0,82638597.0,383598800.0,0.004200159124585374
2017-06-14,167.39,171.24,165.27,166.87,2101882.0,108367872.0,383598800.0,0.0054793758478910775
2017-06-15,168.01,168.01,160.41,164.1,2372724.0,118708553.0,383598800.0,0.006185431237011169
2017-06-16,162.57,163.77,160.51,161.23,2042827.0,101231098.0,383598800.0,0.005325425939810031
2017-06-19,161.91,163.45,160.84,162.73,2331590.0,115974733.0,383598800.0,0.006078199410425684
2017-06-20,163.12,163.68,160.05,161.23,2000811.0,98686254.0,383598800.0,0.005215894835958819
2017-06-21,161.55,166.06,160.51,166.06,2839171.0,141530637.0,383598800.0,0.007401407407948096
2017-06-22,165.83,165.83,163.06,163.12,2928875.0,147631196.0,383598800.0,0.00763525589756798
2017-06-23,163.09,164.39,160.94,164.2,1827177.0,91026498.0,383598800.0,0.004763250041449557
2017-06-26,163.74,171.44,163.74,170.95,4638725.0,240971156.0,383598800.0,0.012092647317979098
2017-06-27,170.62,172.19,167.85,170.46,2585069.0,134494484.0,383598800.0,0.006738991362850979
2017-06-28,170.72,171.21,166.97,168.21,2578112.0,133596799.0,383598800.0,0.006720855226867237
2017-06-29,168.38,169.53,167.35,168.97,1350931.0,68954474.0,383598800.0,0.0035217289522282134
2017-06-30,167.72,169.23,167.02,168.18,1179708.0,60141467.0,383600000.0,0.0030753597497393116
2017-07-03,168.08,168.94,163.79,164.71,1928291.0,96454473.0,383600000.0,0.005026827424400417
2017-07-04,164.65,165.27,159.13,161.64,2843496.0,139273667.0,383600000.0,0.007412659019812305
2017-07-05,161.87,163.23,160.65,162.66,2105631.0,103460446.0,383600000.0,0.0054891319082377476
2017-07-06,162.57,162.96,160.02,160.42,2806941.0,136911149.0,383600000.0,0.007317364442127216
2017-07-07,160.75,161.08,156.66,158.44,3036377.0,145853619.0,383600000.0,0.007915477059436913
2017-07-10,157.94,160.29,157.61,159.79,1522219.0,73346960.0,383600000.0,0.003968245568300313
2017-07-11,159.86,162.33,159.79,160.09,2106724.0,102937814.0,383600000.0,0.005491981230448383
2017-07-12,160.09,161.08,157.98,159.76,1315215.0,63359976.0,383600000.0,0.0034286105318039623
2017-07-13,159.76,162.24,158.18,159.86,1538828.0,74618514.0,383600000.0,0.0040115432742440045
2017-07-14,159.83,161.01,158.77,160.82,1774848.0,86046861.0,383600000.0,0.0046268196037539105
2017-07-17,161.01,161.67,154.21,155.11,2952985.0,140105230.0,383600000.0,0.00769808394160584
2017-07-18,155.11,156.26,150.52,155.37,2338733.0,108154455.0,383600000.0,0.006096801355578728
2017-07-19,156.13,158.77,154.64,157.19,3157925.0,149910479.0,383600000.0,0.008232338373305526
2017-07-20,157.38,159.1,155.87,158.44,2666692.0,127384364.0,383600000.0,0.006951751824817518
2017-07-21,158.44,162.9,157.45,161.18,3219278.0,157005329.0,383600000.0,0.008392278415015641
2017-07-24,160.72,166.39,160.42,161.94,3634290.0,180414599.0,383600000.0,0.009474165797705944
2017-07-25,162.5,162.7,159.3,159.46,1797721.0,87521344.0,383600000.0,0.004686446819603754
2017-07-26,158.6,161.84,156.03,156.86,2595595.0,124573625.0,383600000.0,0.006766410323253389
2017-07-27,156.89,160.95,156.03,160.78,3046159.0,146709670.0,383600000.0,0.007940977580813347
2017-07-28,160.22,176.86,159.3,175.93,9323186.0,481429157.0,383600000.0,0.02430444734098019
2017-07-31,176.23,184.35,175.04,177.58,8504257.0,461463416.0,383600000.0,0.022169595933263817
2017-08-01,177.55,181.81,176.59,178.48,4259198.0,230182815.0,383600000.0,0.01110322732012513
2017-08-02,178.11,179.43,173.39,174.91,3913321.0,207868651.0,383600000.0,0.010201566736183524
2017-08-03,174.15,178.9,170.16,171.35,3902399.0,205673682.0,383600000.0,0.010173094369134515
2017-08-04,170.95,172.7,168.34,169.13,2418730.0,124798238.0,383600000.0,0.006305344108446298
2017-08-07,168.51,178.24,167.12,177.19,4266641.0,223730480.0,383600000.0,0.011122630344108446
2017-08-08,176.36,179.43,169.43,170.65,6443720.0,339317714.0,383600000.0,0.016798018769551615
2017-08-09,169.46,180.16,169.46,178.41,5605096.0,300292206.0,383600000.0,0.014611824817518248
2017-08-10,178.41,187.49,177.78,181.48,6781402.0,375271435.0,383600000.0,0.017678315954118874
2017-08-11,179.9,184.19,177.75,178.87,3442541.0,188325560.0,383600000.0,0.008974298748696558
2017-08-14,178.24,187.16,176.73,181.31,4772173.0,262556239.0,383600000.0,0.012440492700729926
2017-08-15,179.0,180.82,174.98,176.76,4095242.0,220098325.0,383600000.0,0.010675813347236706
2017-08-16,176.26,178.05,172.7,174.45,3201369.0,169436764.0,383600000.0,0.008345591762252346
2017-08-17,175.93,175.93,171.81,173.56,2856143.0,149989808.0,383600000.0,0.0074456282586027114
2017-08-18,173.62,174.84,171.18,173.29,2695987.0,141220370.0,383600000.0,0.007028120437956204
2017-08-21,173.72,174.28,169.99,172.17,2926275.0,151947545.0,383600000.0,0.007628454118873827
2017-08-22,171.41,171.41,165.57,168.14,4208126.0,214251409.0,383600000.0,0.010970088633993744
2017-08-23,168.01,169.96,167.02,169.5,2444430.0,125021426.0,383600000.0,0.0063723409801876955
2017-08-24,169.04,169.63,166.3,166.66,2366578.0,120439688.0,383600000.0,0.006169389989572472
2017-08-25,167.05,171.15,167.05,170.39,2277935.0,116850306.0,383600000.0,0.005938308133472367
2017-08-28,174.94,176.59,171.64,171.97,8488433.0,446694195.0,383600000.0,0.022128344629822733
2017-08-29,171.58,174.45,170.06,173.82,3511315.0,183461714.0,383600000.0,0.009153584462982273
2017-08-30,173.16,173.56,169.7,172.67,3499177.0,181677503.0,383600000.0,0.00912194212721585
2017-08-31,172.67,173.56,168.74,170.98,2862896.0,148023294.0,383600000.0,0.007463232533889468
2017-09-01,170.36,171.45,169.66,170.45,2072228.0,106997711.0,383600000.0,0.005402054223149114
2017-09-04,169.99,171.64,167.29,171.64,3590530.0,183804786.0,383600000.0,0.009360088633993744
2017-09-05,170.39,171.64,170.03,170.52,1506427.0,77956050.0,383600000.0,0.0039270776850886336
2017-09-06,170.52,170.65,168.14,168.57,1497564.0,76646259.0,383600000.0,0.0039039728884254434
2017-09-07,168.57,168.67,164.65,165.21,3573002.0,179431183.0,383600000.0,0.009314395203336809
2017-09-08,164.38,165.01,162.0,163.19,2307508.0,114280597.0,383600000.0,0.006015401459854014
2017-09-11,162.99,168.94,162.04,168.67,4013590.0,202177893.0,383600000.0,0.010462956204379563
2017-09-12,168.34,172.8,166.66,172.8,4006521.0,206199781.0,383600000.0,0.010444528154327424
2017-09-13,171.84,177.98,171.41,173.49,4879686.0,258494037.0,383600000.0,0.012720766423357665
2017-09-14,173.03,175.21,170.55,171.54,2865489.0,149278063.0,383600000.0,0.007469992179353493
2017-09-15,170.98,172.53,168.34,169.43,2344765.0,121038015.0,383600000.0,0.006112526068821689
2017-09-18,168.47,186.36,168.47,186.36,10035021.0,547514271.0,383600000.0,0.0261601173096976
2017-09-19,188.15,189.8,183.23,188.08,9250822.0,521669524.0,383600000.0,0.02411580291970803
2017-09-20,186.93,199.34,186.93,189.76,10626088.0,620746908.0,383600000.0,0.027700959332638164
2017-09-21,191.42,194.02,186.53,190.13,5466693.0,316381739.0,383600000.0,0.014251024504692388
2017-09-22,190.13,193.26,184.42,190.89,5573850.0,317887420.0,383600000.0,0.014530370177267988
2017-09-25,189.8,193.07,188.11,191.45,4391010.0,254198461.0,383600000.0,0.0114468456725756
2017-09-26,190.95,192.27,185.28,189.63,3380200.0,194123003.0,383600000.0,0.008811783107403545
2017-09-27,188.71,191.94,186.83,191.71,3511871.0,202731964.0,383600000.0,0.009155033889468195
2017-09-28,192.77,207.23,191.65,204.26,7191060.0,433626456.0,383600000.0,0.018746246089676746
2017-09-29,203.6,214.03,200.16,204.26,5846968.0,367376866.0,383600000.0,0.01524235662148071
2017-10-09,208.25,216.01,204.59,214.09,4738141.0,303435293.0,383600000.0,0.012351775286757039
2017-10-10,211.91,223.99,211.65,221.45,3710057.0,245037806.0,383600000.0,0.009671681438998957
2017-10-11,219.84,237.26,217.19,231.39,4990215.0,344726293.0,383600000.0,0.013008902502606882
2017-10-12,231.39,234.36,225.55,230.73,3099895.0,215600628.0,383600000.0,0.008081061001042753
2017-10-13,229.97,233.73,226.04,228.71,2791111.0,193689375.0,383600000.0,0.007276097497393118
2017-10-16,226.21,230.66,219.08,221.82,3688574.0,250032734.0,383600000.0,0.009615677789363921
2017-10-17,222.18,227.43,217.56,221.16,2999123.0,200884572.0,383600000.0,0.007818360271115746
2017-10-18,221.58,227.76,218.84,227.59,2992424.0,203364048.0,383600000.0,0.0078008967674661105
2017-10-19,226.11,236.93,226.11,232.05,3942137.0,277687702.0,383600000.0,0.010276686652763295
2017-10-20,229.51,229.97,216.53,222.24,3942332.0,265159644.0,383600000.0,0.010277194994786236
2017-10-23,222.24,225.55,218.84,222.87,2699738.0,181512934.0,383600000.0,0.007037898852971846
2017-10-24,223.47,224.06,217.19,222.08,2989138.0,199303925.0,383600000.0,0.00779233055265902
2017-10-25,220.79,222.81,217.85,219.04,2511990.0,166937161.0,383600000.0,0.006548461939520333
2017-10-26,224.16,232.21,224.16,224.46,4240967.0,293764434.0,383600000.0,0.011055701251303441
2017-10-27,223.6,234.09,223.6,231.52,3776715.0,263405170.0,383600000.0,0.009845450990615224
2017-10-30,228.42,243.54,224.46,239.08,6314288.0,446293703.0,383600000.0,0.01646060479666319
2017-10-31,238.98,242.21,232.71,240.89,2585667.0,185330341.0,383600000.0,0.006740529197080292
2017-11-01,240.3,243.54,236.34,237.66,2465868.0,179078674.0,383600000.0,0.00642822732012513
2017-11-02,236.37,238.32,229.31,230.73,3015617.0,212381300.0,383600000.0,0.00786135818561001
2017-11-03,231.02,237.66,229.44,234.85,3277645.0,232635067.0,383600000.0,0.008544434306569343
2017-11-06,232.38,245.91,232.25,244.62,3740907.0,272356156.0,383600000.0,0.009752103753910323
2017-11-07,244.49,257.83,241.72,244.59,4348322.0,326030788.0,383600000.0,0.011335563086548489
2017-11-08,246.9,249.21,239.64,245.22,3175495.0,234508161.0,383600000.0,0.008278141293013555
2017-11-09,243.93,243.93,236.01,241.26,3790479.0,274253175.0,383600000.0,0.009881332116788322
2017-11-10,240.63,248.22,237.86,242.48,3645106.0,267828584.0,383600000.0,0.009502361835245048
2017-11-13,241.95,241.95,234.69,235.68,3662304.0,262561138.0,383600000.0,0.009547194994786236
2017-11-14,235.35,235.91,224.46,224.82,4546806.0,313786825.0,383600000.0,0.01185298748696559
2017-11-15,226.44,230.99,223.86,227.53,3750201.0,257548615.0,383600000.0,0.00977633211678832
2017-11-16,227.72,231.45,224.46,231.06,4792855.0,333623350.0,383600000.0,0.012494408237747653
2017-11-17,227.1,228.42,213.43,219.11,5339127.0,356597597.0,383600000.0,0.013918474973931179
2017-11-20,217.85,218.84,207.46,217.19,2859949.0,187027949.0,383600000.0,0.007455550052137643
2017-11-21,216.27,226.47,216.27,225.15,3892152.0,262799274.0,383600000.0,0.01014638164754953
2017-11-22,225.15,227.69,218.61,219.77,4590804.0,308465501.0,383600000.0,0.011967685088633993
2017-11-23,217.52,217.52,204.65,206.63,5099657.0,322932341.0,383600000.0,0.013294204900938477
2017-11-24,206.24,208.15,194.78,202.01,5044876.0,305229373.0,383600000.0,0.013151397288842544
2017-11-27,201.05,201.35,192.08,198.78,3966693.0,237118092.0,383600000.0,0.01034070125130344
2017-11-28,196.5,203.99,196.47,203.0,3248558.0,198670603.0,383600000.0,0.008468607924921793
2017-11-29,202.74,202.74,194.75,200.03,2652143.0,159853695.0,383600000.0,0.006913824296141814
2017-11-30,198.15,203.36,195.77,200.86,1813510.0,110478718.0,383600000.0,0.004727606882168926
2017-12-01,200.82,205.01,198.05,204.02,3450048.0,212292216.0,383600000.0,0.008993868613138686
2017-12-04,203.96,213.56,201.42,210.26,3055868.0,193591998.0,383600000.0,0.007966287799791449
2017-12-05,208.81,213.2,204.65,207.29,3507265.0,220537894.0,383600000.0,0.009143026590198123
2017-12-06,204.88,209.24,200.69,202.18,2296754.0,141847801.0,383600000.0,0.005987367049009385
2017-12-07,202.21,203.33,195.74,196.4,2290966.0,137657092.0,383600000.0,0.005972278415015641
2017-12-08,196.07,204.65,195.51,204.55,2586643.0,158224685.0,383600000.0,0.006743073514077164
2017-12-11,204.55,211.25,204.55,208.55,4018565.0,254392380.0,383600000.0,0.010475925443169968
2017-12-12,208.71,212.44,204.82,205.18,3497541.0,221079806.0,383600000.0,0.009117677267987487
2017-12-13,205.58,220.03,205.58,219.84,4972365.0,320929710.0,383600000.0,0.012962369655891554
2017-12-14,219.54,219.74,215.58,217.85,4053542.0,266665718.0,383600000.0,0.010567106360792493
2017-12-15,216.4,221.12,214.09,215.35,2708023.0,178887527.0,383600000.0,0.007059496871741397
2017-12-18,215.41,222.71,215.41,216.63,3567694.0,236803148.0,383600000.0,0.00930055787278415
2017-12-19,216.7,221.65,214.55,219.74,2921342.0,193918676.0,383600000.0,0.007615594369134515
2017-12-20,217.85,230.56,217.69,228.19,5486096.0,376605398.0,383600000.0,0.014301605839416058
2017-12-21,226.93,233.2,225.88,228.48,4318512.0,300178182.0,383600000.0,0.011257851929092805
2017-12-22,227.2,230.4,219.11,224.39,4051652.0,274451915.0,383600000.0,0.010562179353493222
2017-12-25,224.13,227.26,217.85,220.36,2941041.0,197641664.0,383600000.0,0.007666947340980188
2017-12-26,219.84,220.69,214.75,216.53,2889799.0,189751229.0,383600000.0,0.007533365484880083
2017-12-27,217.19,217.52,210.92,211.68,3430351.0,221881560.0,383600000.0,0.008942520855057352
2017-12-28,214.06,220.76,212.34,220.2,4275158.0,280990243.0,383600000.0,0.011144833159541189
2017-12-29,220.2,222.81,212.67,216.77,3682205.0,241834655.0,383600000.0,0.00959907455683003
2018-01-02,217.62,222.74,214.88,221.82,3976531.0,264738506.0,383600000.0,0.010366347758081335
2018-01-03,222.15,226.27,220.4,225.91,3510233.0,238576324.0,383600000.0,0.009150763816475496
2018-01-04,225.45,231.62,223.8,228.15,4858482.0,337527979.0,383600000.0,0.012665490093847757
2018-01-05,227.13,229.08,223.37,226.01,2493812.0,170144749.0,383600000.0,0.0065010740354535974
2018-01-08,226.01,229.64,222.41,226.24,3074866.0,210144640.0,383600000.0,0.008015813347236705
2018-01-09,223.86,233.37,223.86,231.75,4660879.0,325036272.0,383600000.0,0.01215036235662148
2018-01-10,231.06,232.05,226.24,231.39,3473749.0,241141900.0,383600000.0,0.0090556543274244
2018-01-11,230.56,230.56,226.8,228.75,2016160.0,139634104.0,383600000.0,0.005255891553701772
2018-01-12,228.78,233.7,228.78,233.04,2841106.0,199224156.0,383600000.0,0.007406428571428572
2018-01-15,233.63,240.93,233.63,234.13,4552056.0,326299452.0,383600000.0,0.01186667361835245
2018-01-16,236.01,252.45,234.52,248.22,6841444.0,509848472.0,383600000.0,0.017834838373305528
2018-01-17,244.92,250.14,237.07,242.02,5022272.0,368107258.0,383600000.0,0.013092471324296142
2018-01-18,242.21,251.92,237.66,250.04,4540684.0,340496218.0,383600000.0,0.011837028154327424
2018-01-19,247.63,248.22,240.17,241.49,3414369.0,251056583.0,383600000.0,0.008900857664233576
2018-01-22,241.46,255.81,241.22,253.4,4233820.0,319610895.0,383600000.0,0.011037069864442127
2018-01-23,251.16,252.84,248.92,250.5,3300349.0,250465698.0,383600000.0,0.008603620959332639
2018-01-24,250.37,251.82,243.8,244.26,2903893.0,216952786.0,383600000.0,0.007570106882168926
2018-01-25,244.23,248.16,237.16,243.01,3479641.0,255128964.0,383600000.0,0.009071014077163712
2018-01-26,242.64,244.03,239.31,243.24,2467479.0,180601198.0,383600000.0,0.00643242700729927
2018-01-29,241.46,242.58,223.83,228.45,5247096.0,365749245.0,383600000.0,0.013678561001042753
2018-01-30,227.76,228.71,221.12,226.07,2222576.0,152277037.0,383600000.0,0.005793993743482794
2018-01-31,226.07,234.46,225.45,229.64,2945391.0,206475053.0,383600000.0,0.007678287278415016
2018-02-01,228.71,229.08,216.93,219.14,2968502.0,198889177.0,383600000.0,0.007738534932221063
2018-02-02,217.85,218.61,207.13,210.76,4548454.0,290745143.0,383600000.0,0.01185728362877998
2018-02-05,206.33,206.47,192.31,199.63,6584006.0,397165296.0,383600000.0,0.017163727841501563
2018-02-06,195.14,204.55,195.14,202.21,7339543.0,449763309.0,383600000.0,0.01913332377476538
2018-02-07,207.95,208.74,196.63,197.88,3773030.0,232563997.0,383600000.0,0.009835844629822732
2018-02-08,197.95,208.45,197.95,205.18,3182071.0,197871299.0,383600000.0,0.008295284150156413
2018-02-09,201.35,202.6,187.02,201.68,2825167.0,169156609.0,383600000.0,0.0073648774765380605
2018-02-12,201.02,208.08,200.36,205.81,3494070.0,216592365.0,383600000.0,0.009108628779979144
2018-02-13,209.6,209.77,203.36,203.63,2186589.0,136095081.0,383600000.0,0.0057001798748696555
2018-02-14,204.35,207.56,201.55,206.9,1091258.0,67823695.0,383600000.0,0.00284478102189781
2018-02-22,209.83,212.47,206.3,211.91,2204231.0,139930975.0,383600000.0,0.0057461704900938475
2018-02-23,212.87,213.4,208.28,209.77,1227668.0,78088223.0,383600000.0,0.003200385818561001
2018-02-26,210.53,211.58,206.47,210.43,1627140.0,102859196.0,383600000.0,0.004241762252346194
2018-02-27,209.64,211.95,204.42,206.37,1680662.0,105782662.0,383600000.0,0.004381287799791449
2018-02-28,203.07,203.07,195.57,197.65,2600389.0,156123365.0,383600000.0,0.00677890771637122
2018-03-01,197.72,202.6,196.07,201.88,1886310.0,114932650.0,383600000.0,0.004917387904066736
2018-03-02,201.38,205.15,198.12,202.8,1375994.0,84128638.0,383600000.0,0.0035870542231491134
2018-03-05,203.17,205.97,200.03,202.44,1314980.0,80842969.0,383600000.0,0.003427997914494265
2018-03-06,202.44,204.32,196.93,202.9,2365705.0,143551874.0,383600000.0,0.006167114181438999
2018-03-07,202.18,206.33,200.62,202.93,1756969.0,108627506.0,383600000.0,0.004580211157455683
2018-03-08,202.93,207.52,199.04,206.7,1860016.0,115610396.0,383600000.0,0.004848842544316997
2018-03-09,207.46,214.55,207.46,212.57,3189403.0,204950837.0,383600000.0,0.008314397810218978
2018-03-12,214.55,216.7,209.27,211.52,1825419.0,117388640.0,383600000.0,0.004758652241918665
2018-03-13,210.92,211.12,207.82,207.89,1325921.0,84017058.0,383600000.0,0.003456519812304484
2018-03-14,207.69,210.26,205.48,210.13,1523691.0,95872209.0,383600000.0,0.003972082898852972
2018-03-15,209.27,214.55,207.95,212.84,1809108.0,116860153.0,383600000.0,0.004716131386861314
2018-03-16,212.9,214.19,206.3,207.92,1319031.0,83735348.0,383600000.0,0.003438558394160584
2018-03-19,207.23,208.94,203.63,207.62,921973.0,57746916.0,383600000.0,0.0024034749739311784
2018-03-20,205.31,206.14,202.6,204.59,903763.0,55821754.0,383600000.0,0.0023560036496350365
2018-03-21,204.32,206.14,202.93,204.22,1081355.0,66804078.0,383600000.0,0.002818965067778936
2018-03-22,204.49,204.49,197.26,198.61,1270728.0,76760853.0,383600000.0,0.003312638164754953
2018-03-23,194.65,196.66,184.95,193.69,1346950.0,78336158.0,383600000.0,0.003511339937434828
2018-03-26,191.45,197.92,189.9,196.14,1049973.0,61710299.0,383600000.0,0.0027371558915537018
2018-03-27,198.31,199.7,190.49,191.12,1713850.0,100579738.0,383600000.0,0.004467805005213764
2018-03-28,191.12,192.01,184.55,190.72,2520318.0,143570971.0,383600000.0,0.006570172054223149
2018-03-29,190.0,196.7,186.89,196.07,1410075.0,82506676.0,383600000.0,0.0036758993743482796
2018-03-30,194.78,197.39,192.14,193.69,1954104.0,114684472.0,383600000.0,0.005094118873826903
2018-04-02,193.1,193.99,190.06,192.8,1203274.0,70089023.0,383600000.0,0.003136793534932221
2018-04-03,190.29,194.75,189.47,193.59,971978.0,56833708.0,383600000.0,0.002533832116788321
2018-04-04,193.59,201.35,192.9,197.72,2330116.0,140304091.0,383600000.0,0.006074337851929093
2018-04-09,197.65,201.38,197.65,201.32,1676998.0,101591717.0,383600000.0,0.004371736183524505
2018-04-10,201.32,207.36,200.2,207.06,1784990.0,111038696.0,383600000.0,0.004653258602711157
2018-04-11,207.06,210.92,203.86,205.21,1188081.0,74530712.0,383600000.0,0.003097187174139729
2018-04-12,204.88,207.26,203.36,203.83,1066459.0,66188904.0,383600000.0,0.002780132950990615
2018-04-13,203.33,209.24,200.53,203.86,783780.0,48119071.0,383600000.0,0.0020432221063607925
2018-04-16,203.66,207.92,199.83,203.33,746460.0,45804243.0,383600000.0,0.0019459332638164756
2018-04-17,201.35,204.98,198.38,200.13,847660.0,52050914.0,383600000.0,0.0022097497393117832
2018-04-18,202.7,203.17,196.93,199.11,814615.0,49138192.0,383600000.0,0.0021236053180396248
2018-04-19,198.51,205.18,198.08,203.66,1208208.0,74423300.0,383600000.0,0.003149655891553702
2018-04-20,202.6,204.62,199.87,200.86,787824.0,48294985.0,383600000.0,0.002053764337851929
2018-04-23,200.66,203.0,190.33,192.04,1596606.0,94128535.0,383600000.0,0.0041621637122002085
2018-04-24,192.54,204.78,192.44,203.53,2407025.0,146640527.0,383600000.0,0.00627483055265902
2018-04-25,205.34,211.25,204.32,208.71,2812706.0,177532057.0,383600000.0,0.007332393117831074
2018-04-26,208.48,214.49,204.42,207.13,2632968.0,165948717.0,383600000.0,0.006863837330552659
2018-04-27,208.02,215.54,205.18,211.22,2546923.0,163223044.0,383600000.0,0.0066395281543274245
2018-05-02,216.04,219.44,207.95,218.18,3619845.0,238391722.0,383600000.0,0.009436509384775808
2018-05-03,215.84,227.76,215.21,227.13,3189039.0,216701783.0,383600000.0,0.008313448905109488
2018-05-04,226.5,236.21,226.5,229.28,3868177.0,270951273.0,383600000.0,0.01008388164754953
2018-05-07,228.91,240.14,226.44,236.34,3773839.0,269347854.0,383600000.0,0.009837953597497394
2018-05-08,236.41,245.71,234.95,236.67,3295740.0,240461744.0,383600000.0,0.008591605839416058
2018-05-09,237.26,243.8,235.68,237.79,3164985.0,230022029.0,383600000.0,0.008250742961418143
2018-05-10,239.97,256.71,239.97,256.01,6352463.0,485216371.0,383600000.0,0.01656012252346194
2018-05-11,256.64,259.45,230.4,250.6,7382796.0,559025810.0,383600000.0,0.019246079249217934
2018-05-14,249.31,255.15,249.01,253.21,3437560.0,263280112.0,383600000.0,0.008961313868613138
2018-05-15,252.84,257.46,247.56,255.25,2850256.0,217990126.0,383600000.0,0.007430281543274244
2018-05-16,252.51,263.97,252.51,260.83,3621683.0,283580174.0,383600000.0,0.009441300834202294
2018-05-17,259.12,259.84,247.96,250.14,2569236.0,196371583.0,383600000.0,0.006697695516162669
2018-05-18,250.2,257.46,250.2,257.17,2758827.0,212609999.0,383600000.0,0.007191936913451512
2018-05-21,257.13,262.48,252.58,256.01,1760598.0,136090286.0,383600000.0,0.0045896715328467156
2018-05-22,253.21,257.46,251.13,254.82,1783511.0,137253360.0,383600000.0,0.004649403023983316
2018-05-23,254.92,257.33,250.07,251.13,1318462.0,101260421.0,383600000.0,0.003437075078206465
2018-05-24,252.68,253.97,243.63,249.21,2251156.0,169981622.0,383600000.0,0.005868498435870699
2018-05-25,251.66,256.34,250.47,250.76,1740528.0,133231428.0,383600000.0,0.004537351407716371
2018-05-28,255.81,275.85,252.55,275.85,5519004.0,447130350.0,383600000.0,0.014387393117831075
2018-05-29,276.25,295.33,274.96,283.87,6059959.0,521657039.0,383600000.0,0.015797599061522418
2018-05-30,275.39,304.01,274.0,295.09,5091413.0,444863458.0,383600000.0,0.013272713764337852
2018-05-31,299.12,301.37,286.94,292.09,4158815.0,372274816.0,383600000.0,0.010841540667361834
2018-06-01,291.3,296.81,273.37,286.41,4020583.0,348188944.0,383600000.0,0.010481186131386861
2018-06-04,284.56,290.47,277.86,289.65,4446335.0,384579213.0,383600000.0,0.011591071428571428
2018-06-05,286.61,295.42,283.48,293.44,3630284.0,319630338.0,383600000.0,0.009463722627737226
2018-06-06,292.72,294.7,287.4,293.11,2118984.0,186989953.0,383600000.0,0.005523941605839416
2018-06-07,293.78,293.78,281.7,285.27,3105467.0,266878664.0,383600000.0,0.008095586548488009
2018-06-08,285.2,288.71,281.96,284.2,2032131.0,173514939.0,383600000.0,0.005297526068821689
2018-06-11,283.53,288.11,278.42,278.76,2095113.0,177591523.0,383600000.0,0.005461712721584984
2018-06-12,281.36,305.13,281.33,303.73,5052012.0,447425771.0,383600000.0,0.01317
2018-06-13,303.73,305.0,293.31,297.12,3892669.0,346726507.0,383600000.0,0.010147729405630865
2018-06-14,295.05,297.62,281.2,290.84,3956764.0,340789589.0,383600000.0,0.010314817518248176
2018-06-15,289.78,293.01,281.73,290.68,2415574.0,208041965.0,383600000.0,0.006297116788321168
2018-06-19,284.8,290.11,274.35,278.42,2408214.0,204008586.0,383600000.0,0.006277930135557872
2018-06-20,277.06,289.78,275.89,285.64,2674908.0,228515977.0,383600000.0,0.006973169968717414
2018-06-21,285.6,297.45,284.4,289.37,2719296.0,238579750.0,383600000.0,0.0070888842544317
2018-06-22,288.11,296.79,283.77,293.55,2159168.0,188725504.0,383600000.0,0.005628696558915537
2018-06-25,295.45,321.02,293.11,314.18,3555703.0,330978862.0,383600000.0,0.009269298748696558
2018-06-26,311.94,321.09,301.26,310.81,2539889.0,236100857.0,383600000.0,0.0066211913451511995
2018-06-27,307.67,311.17,292.45,300.66,3174023.0,284401991.0,383600000.0,0.008274303962460896
2018-06-28,295.38,295.38,281.93,283.77,3019307.0,260408805.0,383600000.0,0.007870977580813347
2018-06-29,282.1,299.12,280.96,296.39,2436390.0,212227230.0,383600000.0,0.006351381647549531
2018-07-02,310.47,323.83,301.09,308.47,5982775.0,558835408.0,383600000.0,0.015596389468196038
2018-07-03,308.47,312.78,287.1,302.76,4109597.0,367682857.0,383600000.0,0.010713235140771637
2018-07-04,304.0,312.74,300.42,303.13,2332252.0,214005917.0,383600000.0,0.006079906152241919
2018-07-05,303.83,311.14,290.91,296.02,2567600.0,230186609.0,383600000.0,0.006693430656934307
2018-07-06,295.45,297.12,276.42,292.98,4194492.0,362632190.0,383600000.0,0.010934546402502607
2018-07-09,293.78,306.43,287.17,304.4,3535423.0,313090535.0,383600000.0,0.00921643117831074
2018-07-10,301.36,313.81,297.79,301.56,2579309.0,233487655.0,383600000.0,0.006723954640250261
2018-07-11,293.05,299.42,290.08,294.08,1792984.0,157838871.0,383600000.0,0.004674098018769552
2018-07-12,292.55,307.8,292.55,302.46,3423559.0,309061681.0,383600000.0,0.008924814911366007
2018-07-13,303.03,332.71,301.23,332.71,6731916.0,649979301.0,383600000.0,0.017549311783107403
2018-07-16,332.47,335.44,325.5,333.68,4558985.0,453304042.0,383600000.0,0.011884736704900938
2018-07-17,333.98,334.18,317.15,323.66,4198905.0,406114474.0,383600000.0,0.010946050573514077
2018-07-18,323.86,326.83,318.82,320.99,2547287.0,246952392.0,383600000.0,0.006640477059436913
2018-07-19,320.99,325.5,312.48,315.41,2871121.0,273001278.0,383600000.0,0.007484674139728884
2018-07-20,316.28,318.45,309.77,317.45,2905632.0,273830605.0,383600000.0,0.007574640250260689
2018-07-23,313.71,313.71,296.79,305.3,5028921.0,459201669.0,383600000.0,0.01310980448383733
2018-07-24,305.4,325.5,300.46,323.96,4932609.0,467500610.0,383600000.0,0.012858730448383733
2018-07-25,320.76,325.9,315.01,316.38,2605612.0,249615122.0,383600000.0,0.0067925234619395205
2018-07-26,315.48,322.76,312.74,314.88,2213170.0,210406192.0,383600000.0,0.005769473409801877
2018-07-27,315.41,322.09,307.17,317.45,2437531.0,231638247.0,383600000.0,0.006354356100104275
2018-07-30,317.88,318.82,305.47,308.17,2512186.0,233254622.0,383600000.0,0.006548972888425444
2018-07-31,307.27,314.81,306.0,312.71,2465430.0,230677365.0,383600000.0,0.006427085505735141
2018-08-01,315.31,317.05,305.47,306.8,1831750.0,170218361.0,383600000.0,0.004775156412930135
2018-08-02,306.53,306.53,279.03,287.1,3584503.0,311575562.0,383600000.0,0.009344376955161627
2018-08-03,287.64,290.68,270.01,273.28,3300000.0,276564023.0,383600000.0,0.008602711157455683
2018-08-06,271.55,282.73,261.9,268.21,3312153.0,270535436.0,383600000.0,0.00863439259645464
2018-08-07,271.75,276.42,262.07,276.42,3021867.0,245015374.0,383600000.0,0.007877651199165798
2018-08-08,276.09,276.09,262.4,263.17,3269277.0,261074775.0,383600000.0,0.00852261991657977
2018-08-09,260.66,273.12,260.66,270.05,2763351.0,222499007.0,383600000.0,0.007203730448383733
2018-08-10,268.74,275.09,263.8,267.74,2656516.0,214751513.0,383600000.0,0.006925224191866528
2018-08-13,264.77,266.07,251.72,260.73,5447534.0,419271190.0,383600000.0,0.014201079249217935
2018-08-14,261.23,270.95,261.16,270.58,3989440.0,319201790.0,383600000.0,0.0104
2018-08-15,269.01,270.35,254.32,256.56,4308456.0,335293418.0,383600000.0,0.011231637122002085
2018-08-16,250.38,261.73,243.81,251.32,3080978.0,233712584.0,383600000.0,0.00803174661105318
2018-08-17,257.03,259.33,247.51,248.41,2917524.0,221338413.0,383600000.0,0.007605641293013556
2018-08-20,249.28,251.65,235.36,245.07,3751676.0,271536567.0,383600000.0,0.009780177267987487
2018-08-21,246.68,268.74,242.07,263.8,5358047.0,412074704.0,383600000.0,0.013967797184567258
2018-08-22,262.1,262.4,253.05,255.72,2949567.0,226435650.0,383600000.0,0.0076891736183524505
2018-08-23,257.06,260.83,252.75,258.33,2416207.0,186038939.0,383600000.0,0.006298766944734098
2018-08-24,256.99,257.03,245.74,249.91,4311077.0,320869616.0,383600000.0,0.01123846976016684
2018-08-27,252.72,267.07,251.35,266.67,4811550.0,375600152.0,383600000.0,0.012543143899895725
2018-08-28,267.44,277.09,260.63,264.0,5696349.0,455398818.0,383600000.0,0.014849710636079249
2018-08-29,264.54,269.74,261.1,266.04,2898665.0,230137925.0,383600000.0,0.007556478102189781
2018-08-30,264.24,272.35,264.24,268.91,3149594.0,254164237.0,383600000.0,0.008210620437956204
2018-08-31,266.44,268.01,259.73,261.97,2803865.0,221293934.0,383600000.0,0.0073093456725755995
2018-09-03,261.7,263.07,253.32,262.4,2498450.0,193007745.0,383600000.0,0.006513164754953076
2018-09-04,262.13,263.74,255.39,262.5,2566172.0,199662960.0,383600000.0,0.0066897080291970805
2018-09-05,260.16,260.16,253.75,253.75,2003569.0,153765481.0,383600000.0,0.005223068300312826
2018-09-06,247.04,255.39,245.64,247.24,2668885.0,199024277.0,383600000.0,0.0069574687174139725
2018-09-07,247.88,254.72,244.74,250.92,3123266.0,233984556.0,383600000.0,0.00814198644421272
2018-09-10,248.61,250.38,241.7,245.74,2509018.0,184450609.0,383600000.0,0.006540714285714286
2018-09-11,245.37,248.21,241.53,248.21,2341465.0,172276030.0,383600000.0,0.006103923357664234
2018-09-12,246.88,248.01,239.03,240.33,2919992.0,211414974.0,383600000.0,0.007612075078206465
2018-09-13,242.87,244.54,226.68,237.53,4461695.0,313940409.0,383600000.0,0.011631113138686132
2018-09-14,236.36,246.04,232.52,239.23,3375786.0,242383616.0,383600000.0,0.008800276329509906
2018-09-17,238.93,246.04,237.03,241.5,2817687.0,205227090.0,383600000.0,0.007345377997914494
2018-09-18,240.23,252.18,238.9,251.62,3734514.0,276547135.0,383600000.0,0.009735437956204379
2018-09-19,251.72,266.67,251.05,260.76,4642818.0,362528009.0,383600000.0,0.012103279457768509
2018-09-20,260.16,264.64,255.92,261.57,3058164.0,239560029.0,383600000.0,0.007972273201251304
2018-09-21,262.07,270.95,260.4,267.41,4047606.0,323850218.0,383600000.0,0.010551631908237748
2018-09-25,266.31,271.08,261.57,268.21,2282170.0,182501925.0,383600000.0,0.005949348279457769
2018-09-26,268.74,280.59,267.21,279.76,4476406.0,368658846.0,383600000.0,0.0116694629822732
2018-09-27,277.09,280.06,274.25,276.62,2551739.0,211607442.0,383600000.0,0.006652082898852972
2018-09-28,276.62,279.73,272.78,277.86,1807320.0,149836145.0,383600000.0,0.0047114702815432745
2018-10-08,270.28,270.28,258.06,264.24,3015224.0,237443002.0,383600000.0,0.007860333680917623
2018-10-09,266.41,266.41,252.38,257.73,3709252.0,287108367.0,383600000.0,0.009669582898852972
2018-10-10,257.56,257.96,246.71,247.71,3971163.0,297086042.0,383600000.0,0.01035235401459854
2018-10-11,238.26,244.91,233.69,242.17,4071405.0,291321437.0,383600000.0,0.010613673096976016
2018-10-12,240.3,248.75,237.03,246.91,3473945.0,253412886.0,383600000.0,0.00905616527632951
2018-10-15,246.71,247.71,239.2,240.9,2185639.0,158876587.0,383600000.0,0.005697703336809176
2018-10-16,241.64,245.67,239.43,242.87,2289966.0,166401367.0,383600000.0,0.005969671532846716
2018-10-17,245.07,246.68,234.36,241.53,2199508.0,158448507.0,383600000.0,0.0057338581856100105
2018-10-18,237.3,239.67,233.56,233.62,1981331.0,139988140.0,383600000.0,0.00516509645464025
2018-10-19,230.28,246.51,227.18,242.77,2899831.0,207947024.0,383600000.0,0.007559517726798749
2018-10-22,245.84,255.39,245.84,254.25,3606328.0,272329581.0,383600000.0,0.009401272158498435
2018-10-23,252.28,252.28,228.82,233.92,5989231.0,426915759.0,383600000.0,0.015613219499478623
2018-10-24,228.31,228.31,212.16,220.34,5134016.0,338889158.0,383600000.0,0.013383774765380605
2018-10-25,211.16,214.29,204.71,213.39,3414825.0,214874403.0,383600000.0,0.008902046402502606
2018-10-26,214.16,216.63,206.35,208.32,2939344.0,184704117.0,383600000.0,0.007662523461939521
2018-10-29,196.63,196.63,187.49,187.49,4278654.0,241331377.0,383600000.0,0.011153946819603754
2018-10-30,180.48,185.22,174.6,179.27,6931655.0,373681474.0,383600000.0,0.018070007820646508
2018-10-31,182.31,186.82,179.27,184.28,6975683.0,382378213.0,383600000.0,0.01818478362877998
2018-11-01,185.92,198.64,185.55,190.02,7736794.0,444512930.0,383600000.0,0.020168910323253388
2018-11-02,195.63,202.14,193.96,200.17,7180354.0,424639576.0,383600000.0,0.018718336809176225
2018-11-05,196.97,196.97,192.26,194.83,4168046.0,242721261.0,383600000.0,0.010865604796663191
2018-11-06,194.96,195.87,189.22,192.19,2856177.0,164350218.0,383600000.0,0.007445716892596455
2018-11-07,193.96,196.57,190.69,190.99,3689137.0,213764608.0,383600000.0,0.009617145464025026
2018-11-08,193.33,197.9,191.96,192.73,2673327.0,155576898.0,383600000.0,0.006969048488008342
2018-11-09,191.29,193.63,187.95,191.33,2086609.0,119352247.0,383600000.0,0.005439543795620438
2018-11-12,191.33,191.63,181.94,190.56,3489600.0,195576631.0,383600000.0,0.009096976016684046
2018-11-13,188.62,196.6,184.41,196.1,4831435.0,277548764.0,383600000.0,0.012594981751824818
2018-11-14,195.23,195.23,190.96,191.53,3635531.0,209386183.0,383600000.0,0.00947740093847758
2018-11-15,191.09,193.16,188.99,191.69,2566533.0,146643071.0,383600000.0,0.006690649113660062
2018-11-16,192.83,192.86,189.62,190.86,2610761.0,149489276.0,383600000.0,0.00680594629822732
2018-11-19,191.12,195.83,189.76,192.96,3741177.0,216290726.0,383600000.0,0.009752807612095933
2018-11-20,190.29,191.93,185.62,185.65,3163708.0,178378368.0,383600000.0,0.008247413972888425
2018-11-21,183.51,188.29,180.94,186.35,2286704.0,127087551.0,383600000.0,0.005961167883211679
2018-11-22,187.15,188.15,183.81,186.28,1894735.0,105635397.0,383600000.0,0.0049393508863399375
2018-11-23,186.42,188.22,180.27,180.64,2308124.0,126727161.0,383600000.0,0.006017007299270073
2018-11-26,180.34,183.61,179.61,180.98,1492322.0,80853564.0,383600000.0,0.0038903076120959334
2018-11-27,181.28,182.95,179.61,180.21,1613300.0,87491675.0,383600000.0,0.004205683003128259
2018-11-28,181.78,182.91,178.64,182.51,1754177.0,95210335.0,383600000.0,0.004572932742440042
2018-11-29,183.51,187.92,183.11,183.21,2850332.0,158557355.0,383600000.0,0.007430479666319083
2018-11-30,183.61,190.92,181.44,190.19,5121969.0,288472764.0,383600000.0,0.013352369655891554
2018-12-03,196.4,202.44,192.89,200.31,6124141.0,365096928.0,383600000.0,0.015964913972888427
2018-12-04,199.9,200.94,197.07,199.1,2958852.0,176178788.0,383600000.0,0.007713378519290928
2018-12-05,195.46,203.18,194.96,199.97,3900541.0,233572061.0,383600000.0,0.010168250782064651
2018-12-06,197.0,199.9,193.86,194.93,2703622.0,158688617.0,383600000.0,0.007048023983315954
2018-12-07,195.33,199.44,193.63,195.16,2326466.0,136668677.0,383600000.0,0.006064822732012513
2018-12-10,193.46,195.56,190.29,193.09,2087253.0,120320789.0,383600000.0,0.005441222627737227
2018-12-11,193.09,196.63,191.02,193.56,1637944.0,94875037.0,383600000.0,0.00426992700729927
2018-12-12,194.63,195.3,191.96,194.03,1701172.0,98738088.0,383600000.0,0.004434754953076121
2018-12-13,193.29,201.41,193.29,199.67,3897117.0,231927754.0,383600000.0,0.010159324817518248
2018-12-14,198.57,200.97,196.5,196.7,3165662.0,188390376.0,383600000.0,0.008252507820646507
2018-12-17,194.1,196.5,192.06,193.63,2001581.0,116196368.0,383600000.0,0.005217885818561001
2018-12-18,193.29,194.23,189.69,192.36,1982272.0,113798813.0,383600000.0,0.00516754953076121
2018-12-19,191.79,194.96,188.69,189.12,1917660.0,110179327.0,383600000.0,0.004999113660062565
2018-12-20,188.55,190.06,181.44,186.42,2697896.0,149230297.0,383600000.0,0.007033096976016684
2018-12-21,184.11,187.55,184.11,185.92,1851941.0,102930690.0,383600000.0,0.0048277919708029195
2018-12-24,187.29,190.96,184.31,188.82,1854427.0,104740803.0,383600000.0,0.00483427267987487
2018-12-25,187.29,188.19,182.28,186.72,2075885.0,115263464.0,383600000.0,0.0054115875912408755
2018-12-26,186.55,187.85,180.27,181.08,2603806.0,142503730.0,383600000.0,0.00678781543274244
2018-12-27,183.61,184.18,178.81,178.84,3272320.0,177505145.0,383600000.0,0.008530552659019813
2018-12-28,178.77,181.48,177.27,180.14,3285398.0,177025259.0,383600000.0,0.008564645464025026
2019-01-02,182.58,183.61,175.93,176.27,2504737.0,134227783.0,383600000.0,0.006529554223149114
2019-01-03,177.34,177.6,168.76,169.73,3220761.0,165950312.0,383600000.0,0.008396144421272159
2019-01-04,168.42,174.8,166.92,174.3,2578441.0,133115355.0,383600000.0,0.006721691866527633
2019-01-07,175.67,177.57,172.6,174.7,2404824.0,125678365.0,383600000.0,0.006269092805005214
2019-01-08,175.73,180.04,174.27,178.67,3027203.0,160849515.0,383600000.0,0.007891561522419186
2019-01-09,179.27,184.55,176.6,180.01,3199646.0,173631564.0,383600000.0,0.008341100104275287
2019-01-10,179.97,181.94,176.94,180.64,2376421.0,128209435.0,383600000.0,0.0061950495307612095
2019-01-11,180.61,184.68,177.27,184.05,2665565.0,145807296.0,383600000.0,0.006948813868613139
2019-01-14,182.38,185.62,181.11,184.95,2146322.0,117672801.0,383600000.0,0.005595208550573514
2019-01-15,184.98,202.91,183.61,198.17,5619286.0,326176473.0,383600000.0,0.014648816475495308
2019-01-16,197.07,198.17,192.16,194.03,3704878.0,216434108.0,383600000.0,0.00965818039624609
2019-01-17,194.3,196.83,191.96,193.33,2867613.0,167431341.0,383600000.0,0.007475529197080292
2019-01-18,193.96,201.94,193.96,197.57,4891929.0,291783543.0,383600000.0,0.012752682481751825
2019-01-21,198.04,207.92,197.97,205.71,4824132.0,295459608.0,383600000.0,0.01257594369134515
2019-01-22,204.98,206.95,201.51,204.18,3270927.0,199379227.0,383600000.0,0.008526921272158499
2019-01-23,203.61,213.66,202.34,211.96,4633940.0,291685297.0,383600000.0,0.012080135557872785
2019-01-24,211.66,216.9,207.02,213.19,3824421.0,243458657.0,383600000.0,0.009969814911366006
2019-01-25,213.29,216.56,210.45,211.66,3039589.0,194111811.0,383600000.0,0.007923850364963504
2019-01-28,213.86,220.94,211.66,213.66,4503886.0,291589916.0,383600000.0,0.011741100104275287
2019-01-29,211.36,217.0,206.58,213.66,4069920.0,260026670.0,383600000.0,0.010609801876955162
2019-01-30,213.69,218.3,212.46,213.53,3827070.0,246773208.0,383600000.0,0.00997672054223149
2019-01-31,213.89,216.63,211.86,214.29,3413865.0,219114386.0,383600000.0,0.008899543795620439
2019-02-01,215.16,215.16,208.72,212.89,3195911.0,203133327.0,383600000.0,0.008331363399374347
2019-02-11,213.06,228.28,209.05,227.78,6147789.0,406030419.0,383600000.0,0.016026561522419186
2019-02-12,226.35,233.32,224.18,231.39,4697112.0,319891103.0,383600000.0,0.012244817518248175
2019-02-13,231.39,236.26,226.68,231.35,4057312.0,279644860.0,383600000.0,0.010576934306569342
2019-02-14,229.65,241.33,228.01,238.23,3876291.0,274270563.0,383600000.0,0.010105033889468196
2019-02-15,238.23,245.04,235.73,239.53,2877140.0,206476145.0,383600000.0,0.00750036496350365
2019-02-18,239.67,263.33,239.67,256.32,4935525.0,376563131.0,383600000.0,0.012866332116788321
2019-02-19,257.73,260.46,254.09,258.23,4141157.0,318995489.0,383600000.0,0.01079550834202294
2019-02-20,257.66,262.9,248.88,253.72,3754611.0,285101915.0,383600000.0,0.009787828467153285
2019-02-21,253.02,253.05,245.91,248.45,3318790.0,248433640.0,383600000.0,0.008651694473409802
2019-02-22,245.71,252.48,243.7,251.75,2258583.0,168276143.0,383600000.0,0.005887859749739312
2019-02-25,250.38,261.27,247.38,261.1,4357329.0,332725796.0,383600000.0,0.011359043274244003
2019-02-26,259.56,259.56,251.82,251.92,4064957.0,309652622.0,383600000.0,0.010596863920750783
2019-02-27,252.08,265.71,252.08,261.23,5493306.0,427794416.0,383600000.0,0.014320401459854014
2019-02-28,261.06,264.7,253.72,259.73,3190014.0,247557892.0,383600000.0,0.008315990615224192
2019-03-01,258.73,268.91,258.73,268.18,3341238.0,264799340.0,383600000.0,0.008710213764337851
2019-03-04,270.41,276.92,264.97,265.5,5474634.0,441990567.0,383600000.0,0.01427172575599583
2019-03-05,265.5,268.41,259.43,263.94,4223006.0,332039563.0,383600000.0,0.011008879040667361
2019-03-06,262.4,262.4,256.72,260.26,3383338.0,261888034.0,383600000.0,0.008819963503649634
2019-03-07,258.06,267.07,253.09,261.8,4426897.0,344777663.0,383600000.0,0.011540398852971846
2019-03-08,256.12,270.38,253.75,263.57,5233762.0,416591521.0,383600000.0,0.013643800834202293
2019-03-11,263.64,278.96,263.64,275.75,4663545.0,383697973.0,383600000.0,0.012157312304483837
2019-03-12,276.69,279.16,270.45,272.11,2854632.0,234487110.0,383600000.0,0.0074416892596454644
2019-03-13,273.25,278.79,270.25,278.26,3784969.0,312058723.0,383600000.0,0.009866968196037539
2019-03-14,276.19,293.51,272.08,290.44,3554950.0,303947887.0,383600000.0,0.009267335766423357
2019-03-15,289.44,316.68,282.76,305.4,3636316.0,330321943.0,383600000.0,0.009479447340980187
2019-03-18,308.7,335.95,307.13,335.95,3760872.0,369976915.0,383600000.0,0.00980415015641293
2019-03-19,339.42,356.21,323.83,330.7,4184556.0,416614603.0,383600000.0,0.010908644421272158
2019-03-20,328.83,337.88,321.59,325.5,3751907.0,368284539.0,383600000.0,0.009780779457768509
2019-03-21,321.79,328.83,314.18,321.49,3224400.0,309594903.0,383600000.0,0.00840563086548488
2019-03-22,323.13,332.37,319.82,331.67,3193277.0,312686890.0,383600000.0,0.008324496871741397
2019-03-25,325.5,328.17,318.69,324.83,2301165.0,222618911.0,383600000.0,0.005998866006256517
2019-03-26,325.5,345.09,321.06,339.92,3744572.0,374943571.0,383600000.0,0.009761657977059437
2019-03-27,340.52,365.19,334.68,345.06,4463055.0,467827387.0,383600000.0,0.011634658498435872
2019-03-28,345.03,360.88,340.52,347.36,2956468.0,310343615.0,383600000.0,0.007707163712200209
2019-03-29,348.2,368.9,345.86,358.88,3842553.0,409619606.0,383600000.0,0.010017082898852971
2019-04-01,356.21,370.36,350.53,363.35,3833533.0,412699119.0,383600000.0,0.00999356882168926
2019-04-02,357.24,362.22,352.2,355.88,2698233.0,287884087.0,383600000.0,0.007033975495307612
2019-04-03,350.57,363.22,347.83,354.27,2966349.0,316571069.0,383600000.0,0.007732922314911366
2019-04-04,354.31,379.18,352.2,374.57,3851595.0,423337329.0,383600000.0,0.0100406543274244
2019-04-08,377.24,383.92,357.04,363.62,6144116.0,671536456.0,383600000.0,0.016016986444212723
2019-04-09,354.54,360.55,347.23,360.55,4354811.0,459783797.0,383600000.0,0.011352479144942649
2019-04-10,354.57,373.9,347.9,367.89,3808185.0,416539866.0,383600000.0,0.009927489572471325
2019-04-11,367.86,369.9,337.18,344.73,3351138.0,352823274.0,383600000.0,0.008736021897810219
2019-04-12,337.18,350.53,337.18,345.76,1926413.0,198459325.0,383600000.0,0.005021931699687174
2019-04-15,347.2,356.01,340.52,342.02,2544471.0,265948404.0,383600000.0,0.006633136079249218
2019-04-16,337.18,349.27,336.18,345.36,1862079.0,191769390.0,383600000.0,0.004854220542231491
2019-04-17,345.59,356.54,338.85,354.54,2897989.0,302986388.0,383600000.0,0.007554715849843587
2019-04-18,354.54,381.15,354.54,370.5,3569319.0,391818871.0,383600000.0,0.009304794056308656
2019-04-19,368.86,377.28,357.88,376.41,1871150.0,207521753.0,383600000.0,0.004877867570385819
2019-04-22,370.57,385.82,364.66,366.53,1457479.0,162953008.0,383600000.0,0.003799476016684046
2019-04-23,366.16,374.17,363.92,370.0,1304120.0,144482356.0,383600000.0,0.003399687174139729
2019-04-24,370.13,373.87,359.55,366.46,1343644.0,147062299.0,383600000.0,0.0035027215849843586
2019-04-25,366.46,367.23,356.88,358.48,1619239.0,175696931.0,383600000.0,0.00422116527632951
2019-04-26,358.95,390.09,354.57,386.59,3974695.0,444007265.0,383600000.0,0.010361561522419186
2019-04-29,377.24,400.61,367.59,392.53,4829303.0,560706355.0,383600000.0,0.012589423879040667
2019-04-30,391.93,403.52,384.92,392.43,2936133.0,345696817.0,383600000.0,0.007654152763295099
2019-05-06,378.71,387.19,354.54,370.87,3327001.0,368663772.0,383600000.0,0.008673099582898853
2019-05-07,366.06,382.92,361.08,370.63,2834074.0,317548164.0,383600000.0,0.007388096976016684
2019-05-08,360.55,392.93,359.82,380.58,4048456.0,463325188.0,383600000.0,0.010553847758081335
2019-05-09,375.57,383.35,346.53,346.86,5760550.0,613380524.0,383600000.0,0.015017075078206465
2019-05-10,353.97,362.75,342.19,361.22,4994307.0,531820948.0,383600000.0,0.013019569864442127
2019-05-13,357.21,371.23,351.4,360.18,4377085.0,476599241.0,383600000.0,0.011410544838373305
2019-05-14,358.48,368.06,356.21,364.22,3251957.0,354780694.0,383600000.0,0.008477468717413972
2019-05-15,370.2,394.6,364.52,391.43,4269265.0,485662569.0,383600000.0,0.011129470802919709
2019-05-16,387.26,411.63,383.32,405.18,4276658.0,512586472.0,383600000.0,0.011148743482794578
2019-05-17,399.31,409.96,373.9,389.93,3071711.0,364218417.0,383600000.0,0.008007588633993744
2019-05-20,386.92,390.3,360.55,375.14,3601277.0,404351328.0,383600000.0,0.009388104796663192
2019-05-21,375.14,380.58,364.29,374.8,3961154.0,441588668.0,383600000.0,0.01032626173096976
2019-05-22,374.8,378.88,363.55,377.24,3359034.0,372471939.0,383600000.0,0.008756605839416058
2019-05-23,371.37,371.57,355.51,357.04,3183539.0,346060579.0,383600000.0,0.008299111053180395
2019-05-24,357.18,367.56,353.47,360.72,2582867.0,279885751.0,383600000.0,0.006733229927007299
2019-05-27,361.95,363.82,353.87,361.42,2201195.0,236627506.0,383600000.0,0.005738255995828988
2019-05-28,358.81,368.53,357.21,361.32,2915758.0,316953191.0,383600000.0,0.007601037539103232
2019-05-29,360.22,368.16,357.21,360.25,2184013.0,236992054.0,383600000.0,0.005693464546402503
2019-05-30,360.55,365.56,353.87,358.78,2390359.0,256193423.0,383600000.0,0.0062313842544317
2019-05-31,360.38,361.78,353.87,356.44,2235876.0,238878402.0,383600000.0,0.00582866527632951
2019-06-03,357.18,360.52,349.5,353.81,1764800.0,187258063.0,383600000.0,0.004600625651720543
2019-06-04,354.77,355.54,335.68,339.68,2929543.0,298867496.0,383600000.0,0.007636973409801877
2019-06-05,345.13,345.53,337.71,340.52,2942997.0,301353426.0,383600000.0,0.007672046402502607
2019-06-06,341.19,343.02,334.41,336.48,2087843.0,211033498.0,383600000.0,0.005442760688216893
2019-06-10,338.08,350.13,323.83,341.59,3270631.0,333781649.0,383600000.0,0.008526149635036496
2019-06-11,344.56,366.99,344.46,362.85,4962261.0,532734764.0,383600000.0,0.012936029718456726
2019-06-12,362.55,368.9,352.2,357.88,3857244.0,416831302.0,383600000.0,0.010055380604796663
2019-06-13,360.78,361.15,350.53,355.44,2068053.0,219245443.0,383600000.0,0.005391170490093848
2019-06-14,352.8,360.48,345.96,350.53,3030166.0,318672911.0,383600000.0,0.007899285714285715
2019-06-17,347.2,354.61,341.55,346.6,2864630.0,298093770.0,383600000.0,0.007467752867570386
2019-06-18,345.39,349.83,339.08,342.76,2637514.0,270673318.0,383600000.0,0.006875688216892596
2019-06-19,352.2,360.42,345.19,354.37,4450341.0,470194925.0,383600000.0,0.011601514598540147
2019-06-20,353.47,377.07,351.2,373.87,4904809.0,540493647.0,383600000.0,0.012786259124087592
2019-06-21,372.21,379.99,368.83,378.13,4179029.0,463776765.0,383600000.0,0.010894236183524504
2019-06-24,380.13,389.13,373.46,380.27,3590530.0,405833282.0,383600000.0,0.009360088633993744
2019-06-25,380.3,385.61,372.31,382.23,3324470.0,372648170.0,383600000.0,0.0086665015641293
2019-06-26,377.96,386.42,374.48,379.99,3250480.0,365028572.0,383600000.0,0.008473618352450469
2019-06-27,382.23,400.57,382.19,395.63,4537334.0,527318852.0,383600000.0,0.011828295099061522
2019-06-28,395.12,409.81,390.89,401.01,3341399.0,395314706.0,383600000.0,0.008710633472367049
2019-07-01,408.28,419.58,408.28,416.74,4145390.0,507902715.0,383600000.0,0.010806543274244004
2019-07-02,416.2,424.66,412.14,417.52,3321171.0,408842149.0,383600000.0,0.008657901459854015
2019-07-03,415.15,420.26,406.22,414.47,3602535.0,440556807.0,383600000.0,0.0093913842544317
2019-07-04,409.77,411.13,398.13,406.93,2567533.0,307806561.0,383600000.0,0.006693255995828988
2019-07-05,410.45,421.14,407.74,416.2,2493878.0,305900841.0,383600000.0,0.0065012460896767465
2019-07-08,416.64,417.96,406.08,409.13,2062909.0,251327680.0,383600000.0,0.005377760688216893
2019-07-09,409.97,417.22,402.5,408.08,2641358.0,319534469.0,383600000.0,0.006885709071949948
2019-07-10,413.83,421.55,407.74,414.47,2414585.0,296220491.0,383600000.0,0.0062945385818561
2019-07-11,419.99,421.21,410.04,410.96,2102184.0,258149399.0,383600000.0,0.00548014598540146
2019-07-12,413.83,422.29,411.46,419.92,2040345.0,251792960.0,383600000.0,0.005318938998957247
2019-07-15,414.81,416.23,400.97,409.43,2363146.0,285810478.0,383600000.0,0.006160443169968718
2019-07-16,409.43,412.82,403.58,407.4,2763638.0,332671972.0,383600000.0,0.0072044786235662146
2019-07-17,407.67,409.43,403.55,404.59,1752259.0,210653647.0,383600000.0,0.004567932742440042
2019-07-18,407.17,409.03,402.67,404.02,1755730.0,210919116.0,383600000.0,0.004576981230448383
2019-07-19,406.05,410.14,399.62,404.87,1489068.0,178468310.0,383600000.0,0.0038818248175182483
2019-07-22,405.98,409.03,399.28,403.0,1577318.0,187554464.0,383600000.0,0.004111882168925964
2019-07-23,402.67,402.67,386.19,395.93,2536526.0,295291242.0,383600000.0,0.006612424400417101
2019-07-24,400.3,405.51,396.24,398.03,2647245.0,313286980.0,383600000.0,0.006901055787278415
2019-07-25,399.28,406.18,391.09,403.92,1847186.0,217094807.0,383600000.0,0.004815396246089677
2019-07-26,400.97,408.28,399.55,406.08,1463773.0,175162116.0,383600000.0,0.0038158837330552657
2019-07-29,407.94,412.04,401.99,408.79,2206315.0,266217714.0,383600000.0,0.00575160323253389
2019-07-30,409.37,412.14,401.99,411.33,1881735.0,227440588.0,383600000.0,0.0049054614181438996
2019-07-31,408.96,413.12,400.91,402.97,1742509.0,207961914.0,383600000.0,0.004542515641293014
2019-08-01,400.97,404.02,392.51,396.14,1542041.0,181651181.0,383600000.0,0.004019919186652763
2019-08-02,392.51,404.7,386.22,401.99,3172660.0,372159800.0,383600000.0,0.008270750782064651
2019-08-05,395.63,405.31,385.54,385.54,2362664.0,275530423.0,383600000.0,0.006159186652763295
2019-08-06,385.75,390.75,372.21,389.47,2534472.0,288343369.0,383600000.0,0.006607069864442127
2019-08-07,387.78,392.01,375.83,377.63,2053521.0,232811675.0,383600000.0,0.005353287278415016
2019-08-08,382.16,394.48,380.67,392.31,1886220.0,217078119.0,383600000.0,0.0049171532846715325
2019-08-09,395.46,401.31,382.36,385.75,1999807.0,231562055.0,383600000.0,0.0052132612095933265
2019-08-12,390.82,394.58,382.43,387.78,2890539.0,330529409.0,383600000.0,0.007535294577685089
2019-08-13,384.46,385.78,373.9,378.84,3489286.0,390954078.0,383600000.0,0.009096157455683002
2019-08-14,384.19,391.8,381.69,387.37,3624927.0,416505408.0,383600000.0,0.00944975755995829
2019-08-15,382.13,383.89,368.42,374.01,4632520.0,511609763.0,383600000.0,0.01207643378519291
2019-08-16,373.9,378.24,368.25,371.57,4839103.0,533302210.0,383600000.0,0.012614971324296141
2019-08-19,372.89,385.75,372.89,385.48,5960570.0,671497983.0,383600000.0,0.015538503649635037
2019-08-20,386.53,402.9,381.55,396.91,4093196.0,475967522.0,383600000.0,0.010670479666319082
2019-08-21,396.95,400.97,390.75,396.64,2603418.0,304800553.0,383600000.0,0.006786803962460897
2019-08-22,397.42,402.67,392.92,399.59,2517244.0,295634688.0,383600000.0,0.006562158498435871
2019-08-23,398.61,404.97,396.27,399.18,2742354.0,324472666.0,383600000.0,0.007148993743482795
2019-08-26,401.65,417.76,393.56,405.91,4753668.0,571913936.0,383600000.0,0.012392252346193951
2019-08-27,408.72,412.65,403.68,408.76,3555169.0,429066681.0,383600000.0,0.009267906673618353
2019-08-28,409.06,412.78,399.99,402.97,3077696.0,367991374.0,383600000.0,0.008023190823774765
2019-08-29,401.48,405.61,397.59,403.14,1909531.0,226840905.0,383600000.0,0.004977922314911366
2019-08-30,405.34,430.04,404.76,422.97,4986450.0,618304603.0,383600000.0,0.012999087591240875
2019-09-02,424.96,430.14,416.2,424.83,3470691.0,432723343.0,383600000.0,0.009047682481751826
2019-09-03,422.8,424.66,417.55,421.24,2807620.0,348798610.0,383600000.0,0.007319134515119917
2019-09-04,419.58,421.21,409.43,410.28,2379913.0,289469716.0,383600000.0,0.006204152763295099
2019-09-05,412.24,418.94,406.05,410.96,2511917.0,304462150.0,383600000.0,0.006548271637122002
2019-09-06,411.26,411.8,403.34,407.91,2372464.0,284749691.0,383600000.0,0.006184734098018769
2019-09-09,409.23,411.73,401.99,403.31,3051698.0,363949455.0,383600000.0,0.007955417101147028
2019-09-10,404.15,404.36,398.3,399.86,2599522.0,307283514.0,383600000.0,0.006776647549530761
2019-09-11,399.86,400.7,383.45,385.0,2903126.0,332408217.0,383600000.0,0.00756810740354536
2019-09-12,382.02,392.07,381.69,390.28,2248491.0,257704785.0,383600000.0,0.005861551094890511
2019-09-16,389.13,392.48,384.83,388.89,2078758.0,238908469.0,383600000.0,0.0054190771637122005
2019-09-17,389.03,395.53,385.75,390.28,1768723.0,204595611.0,383600000.0,0.004610852450469239
2019-09-18,393.29,402.23,390.28,398.13,2731411.0,321955092.0,383600000.0,0.007120466631908237
2019-09-19,399.28,403.48,392.51,402.19,2483465.0,293070237.0,383600000.0,0.0064741006256517205
2019-09-20,405.03,407.34,399.62,401.41,1843973.0,219608388.0,383600000.0,0.0048070203336809175
2019-09-23,401.52,401.58,391.84,396.1,1602206.0,187363499.0,383600000.0,0.004176762252346194
2019-09-24,399.28,419.58,396.2,418.1,4440142.0,541717502.0,383600000.0,0.01157492700729927
2019-09-25,417.76,419.55,409.09,414.51,1846261.0,226210571.0,383600000.0,0.00481298488008342
2019-09-26,414.51,419.18,401.21,402.67,2046964.0,247664242.0,383600000.0,0.005336193952033368
2019-09-27,405.68,405.68,392.51,396.64,1629489.0,191777720.0,383600000.0,0.004247885818561001
2019-09-30,392.99,398.17,385.24,389.13,1896227.0,218697776.0,383600000.0,0.004943240354535975
2019-10-08,390.08,397.25,386.42,390.42,1520875.0,176205001.0,383600000.0,0.003964741918665277
2019-10-09,389.1,389.1,378.98,384.56,1586521.0,179497501.0,383600000.0,0.00413587330552659
2019-10-10,386.02,392.18,373.57,386.36,2434957.0,275641502.0,383600000.0,0.00634764598540146
2019-10-11,389.81,395.46,382.36,385.68,1788351.0,204657037.0,383600000.0,0.004662020333680917
2019-10-14,386.9,389.84,381.18,383.41,1808056.0,205443030.0,383600000.0,0.004713388946819603
2019-10-15,383.38,389.84,377.76,385.14,2386677.0,272247319.0,383600000.0,0.006221785714285714
2019-10-16,381.65,381.65,368.15,373.9,4125649.0,454250299.0,383600000.0,0.010755080813347237
2019-10-17,373.87,374.99,365.44,366.29,2414976.0,262229254.0,383600000.0,0.00629555787278415
2019-10-18,365.68,365.68,358.68,358.74,1972293.0,210359671.0,383600000.0,0.005141535453597497
2019-10-21,357.66,365.65,352.86,364.4,2236658.0,239067844.0,383600000.0,0.00583070385818561
2019-10-22,364.06,365.44,358.71,361.01,1631376.0,174054753.0,383600000.0,0.0042528050052137644
2019-10-23,359.9,365.0,352.38,353.6,2433407.0,257484048.0,383600000.0,0.006343605318039625
2019-10-24,355.39,355.63,339.32,342.16,3198243.0,325356403.0,383600000.0,0.008337442648592283
2019-10-25,344.8,358.85,343.11,357.05,3910912.0,408220325.0,383600000.0,0.010195286757038582
2019-10-28,358.68,389.13,358.68,381.01,5981277.0,667211042.0,383600000.0,0.015592484358706986
2019-10-29,381.69,389.13,377.63,385.48,3673113.0,417976517.0,383600000.0,0.009575372784150157
2019-10-30,382.74,385.37,376.14,377.96,2285003.0,256048667.0,383600000.0,0.005956733576642336
2019-10-31,381.04,384.56,372.45,373.57,2748310.0,306070211.0,383600000.0,0.007164520333680918
2019-11-01,376.95,378.07,367.68,374.68,2305232.0,254095471.0,383600000.0,0.006009468196037539
2019-11-04,376.95,388.18,375.63,386.25,3064034.0,348407829.0,383600000.0,0.0079875755995829
2019-11-05,385.71,386.22,376.95,382.3,2402577.0,270352039.0,383600000.0,0.006263235140771637
2019-11-06,379.49,381.25,374.38,379.01,1777759.0,198800971.0,383600000.0,0.004634408237747654
2019-11-07,382.3,382.3,374.95,377.83,1398938.0,156369357.0,383600000.0,0.003646866527632951
2019-11-08,377.83,381.08,371.13,372.62,2473293.0,274589899.0,383600000.0,0.006447583420229406
2019-11-11,369.57,371.81,359.9,363.08,2211242.0,238990677.0,383600000.0,0.0057644473409801875
2019-11-12,365.61,366.83,357.05,361.55,1369839.0,146175970.0,383600000.0,0.003571008863399374
2019-11-13,363.45,365.41,358.34,363.38,2118193.0,226809432.0,383600000.0,0.0055218795620437956
2019-11-14,366.19,377.22,362.37,375.09,2641199.0,289910487.0,383600000.0,0.006885294577685088
2019-11-15,378.07,378.3,369.78,372.21,1787933.0,197656324.0,383600000.0,0.004660930656934306
2019-11-18,373.9,379.25,370.66,376.92,1526766.0,169301123.0,383600000.0,0.003980099061522419
2019-11-19,378.91,383.31,375.19,381.28,1921455.0,215539781.0,383600000.0,0.005009006777893639
2019-11-20,381.38,395.39,379.83,387.41,3074765.0,353697576.0,383600000.0,0.008015550052137643
2019-11-21,385.0,390.79,379.86,383.31,1895539.0,215089985.0,383600000.0,0.004941446819603754
2019-11-22,387.27,390.82,375.16,379.55,2679634.0,303775795.0,383600000.0,0.006985490093847758
2019-11-25,379.69,382.3,370.52,378.54,1606691.0,179220998.0,383600000.0,0.004188454118873827
2019-11-26,379.93,384.73,376.31,383.34,2924767.0,329391199.0,383600000.0,0.0076245229405630865
2019-11-27,382.3,383.04,374.21,377.93,1605901.0,179498840.0,383600000.0,0.004186394681960376
2019-11-28,380.4,383.65,378.1,380.33,1196231.0,134636149.0,383600000.0,0.0031184332638164755
2019-11-29,376.95,376.95,360.4,365.99,2539971.0,275417698.0,383600000.0,0.006621405109489051
2019-12-02,366.87,376.27,363.89,373.67,2226403.0,244769666.0,383600000.0,0.005803970281543274
2019-12-03,372.52,386.39,369.74,385.41,3079785.0,347547617.0,383600000.0,0.008028636600625652
2019-12-04,387.41,392.11,380.84,384.06,2174626.0,247068746.0,383600000.0,0.005668993743482794
2019-12-05,385.41,385.81,379.45,382.36,1413928.0,159720459.0,383600000.0,0.0036859436913451514
2019-12-06,383.38,413.93,382.7,413.87,4587971.0,546610717.0,383600000.0,0.011960299791449426
2019-12-09,413.87,418.23,409.43,414.0,2719044.0,332995208.0,383600000.0,0.00708822732012513
2019-12-10,414.41,425.57,412.82,415.25,2893456.0,356954795.0,383600000.0,0.007542898852971846
2019-12-11,416.2,419.48,411.73,412.92,1662431.0,203794977.0,383600000.0,0.00433376173096976
2019-12-12,415.66,416.1,400.64,402.7,2234610.0,267054848.0,383600000.0,0.00582536496350365
2019-12-13,407.74,413.97,404.39,408.18,2133638.0,257756160.0,383600000.0,0.0055621428571428575
2019-12-16,408.42,410.31,398.61,402.83,1871856.0,222419467.0,383600000.0,0.0048797080291970805
2019-12-17,400.09,405.34,396.85,402.23,2647716.0,312945848.0,383600000.0,0.006902283628779979
2019-12-18,401.24,407.23,396.57,398.71,2451686.0,290517253.0,383600000.0,0.006391256517205422
2019-12-19,399.28,400.23,394.54,395.56,1537447.0,179952730.0,383600000.0,0.004007943169968718
2019-12-20,396.34,399.28,393.77,397.86,1522922.0,178539335.0,383600000.0,0.003970078206465067
2019-12-23,389.91,400.77,389.16,395.49,1721214.0,202078240.0,383600000.0,0.004487002085505735
2019-12-24,395.76,405.71,395.49,404.7,1611879.0,191644002.0,383600000.0,0.004201978623566215
2019-12-25,405.98,406.05,391.5,399.65,2286356.0,268324858.0,383600000.0,0.0059602606882168925
2019-12-26,398.61,412.72,396.61,409.7,1954855.0,234843812.0,383600000.0,0.005096076642335767
2019-12-27,411.67,420.02,409.74,414.0,2103986.0,257928525.0,383600000.0,0.005484843587069865
2019-12-30,414.81,455.42,411.6,455.42,4282024.0,558003879.0,383600000.0,0.011162732012513034
2019-12-31,453.15,460.56,444.96,459.92,4091830.0,548263643.0,383600000.0,0.01066691866527633
2020-01-02,444.29,483.47,444.29,464.25,5021404.0,690189383.0,383600000.0,0.013090208550573515
2020-01-03,460.87,466.45,442.22,450.28,3917743.0,521756977.0,383600000.0,0.010213094369134515
2020-01-06,446.62,460.02,441.27,457.21,4445939.0,597867868.0,383600000.0,0.011590039103232534
2020-01-07,455.11,460.16,452.41,458.23,1845221.0,249036321.0,383600000.0,0.0048102737226277375
2020-01-08,460.53,480.09,457.82,467.5,2696655.0,373742471.0,383600000.0,0.007029861835245047
2020-01-09,467.53,504.11,467.53,492.94,3859674.0,558307676.0,383600000.0,0.010061715328467153
2020-01-10,497.07,529.52,487.26,522.11,2948899.0,444491313.0,383600000.0,0.007687432221063608
2020-01-13,515.68,534.97,499.54,507.09,4748517.0,720685501.0,383600000.0,0.012378824296141814
2020-01-14,507.05,507.12,490.17,493.69,3896395.0,570537542.0,383600000.0,0.010157442648592283
2020-01-15,493.69,503.91,493.69,497.75,2743615.0,404427791.0,383600000.0,0.00715228102189781
2020-01-16,498.63,512.4,497.75,506.31,2577874.0,384359463.0,383600000.0,0.006720213764337852
2020-01-17,512.3,512.3,492.5,498.43,2298537.0,338186443.0,383600000.0,0.00599201511991658
2020-01-20,492.33,500.02,490.64,497.17,2110417.0,309190576.0,383600000.0,0.005501608446298227
2020-01-21,497.48,505.87,487.26,496.46,3072309.0,450599063.0,383600000.0,0.00800914754953076
2020-01-22,497.61,500.73,492.37,498.7,1767903.0,259700071.0,383600000.0,0.00460871480709072
2020-01-23,492.98,500.73,478.22,484.55,2550383.0,368737249.0,383600000.0,0.0066485479666319085
2020-02-03,436.1,436.1,436.1,436.1,1079500.0,139125960.0,383600000.0,0.002814129301355579
2020-02-04,400.97,433.12,392.89,429.74,9891170.0,1187409534.0,383600000.0,0.025785114702815432
2020-02-05,416.2,424.49,406.22,424.08,9447051.0,1153848195.0,383600000.0,0.0246273488008342
2020-02-06,414.47,423.0,406.73,422.6,7574419.0,929013483.0,383600000.0,0.019745617831074036
2020-02-07,417.22,417.99,410.01,413.76,4161403.0,508929291.0,383600000.0,0.010848287278415015
2020-02-10,410.04,417.89,406.66,417.22,5156472.0,630589752.0,383600000.0,0.013442314911366006
2020-02-11,415.86,434.3,414.58,420.94,6800019.0,854782443.0,383600000.0,0.01772684827945777
2020-02-12,421.21,422.97,412.82,420.3,3549792.0,437894502.0,383600000.0,0.009253889468196037
2020-02-13,417.05,427.71,414.51,414.78,4633184.0,574915722.0,383600000.0,0.012078164754953076
2020-02-14,412.95,416.1,409.13,410.45,2643094.0,321015611.0,383600000.0,0.006890234619395203
2020-02-17,411.8,417.52,409.47,417.39,3301034.0,403559016.0,383600000.0,0.008605406673618353
2020-02-18,417.39,417.39,410.82,416.2,2918414.0,356985336.0,383600000.0,0.0076079614181439
2020-02-19,416.51,428.69,412.17,420.6,4856968.0,605544520.0,383600000.0,0.012661543274244003
2020-02-20,421.28,450.38,421.28,449.4,7721517.0,1006143093.0,383600000.0,0.020129084984358708
2020-02-21,439.75,453.39,439.55,451.66,4884821.0,645918136.0,383600000.0,0.0127341527632951
2020-02-24,453.22,453.22,436.5,438.77,4266677.0,555891439.0,383600000.0,0.011122724191866528
2020-02-25,427.37,439.11,423.85,430.78,3575585.0,455003601.0,383600000.0,0.009321128779979145
2020-02-26,424.32,440.56,421.58,427.74,3771140.0,480610054.0,383600000.0,0.009830917622523461
2020-02-27,429.36,440.63,428.04,434.44,3065220.0,393447683.0,383600000.0,0.007990667361835246
2020-02-28,420.26,426.28,407.0,413.83,4121868.0,507154144.0,383600000.0,0.010745224191866527
2020-03-02,413.87,424.9,410.11,420.43,3096974.0,383893539.0,383600000.0,0.00807344629822732
2020-03-03,428.11,428.15,413.56,417.05,4643503.0,575161692.0,383600000.0,0.012105065172054223
2020-03-04,413.66,423.85,410.79,422.6,3488456.0,430565678.0,383600000.0,0.009093993743482794
2020-03-05,419.89,457.82,419.89,449.6,7419594.0,969776503.0,383600000.0,0.019342007299270072
2020-03-06,442.93,463.57,437.18,437.86,6684590.0,886080922.0,383600000.0,0.017425938477580814
2020-03-09,429.74,429.74,412.82,419.45,4215322.0,522610330.0,383600000.0,0.010988847758081335
2020-03-10,412.82,438.63,412.82,433.12,3896796.0,491666301.0,383600000.0,0.010158488008342023
2020-03-11,433.12,450.04,431.43,441.85,4661471.0,610095592.0,383600000.0,0.012151905630865484
2020-03-12,438.2,438.36,424.66,432.24,2729020.0,347082315.0,383600000.0,0.007114233576642336
2020-03-13,411.33,429.67,411.19,424.49,3210002.0,397259954.0,383600000.0,0.008368096976016684
2020-03-16,416.0,427.57,406.05,412.82,3038769.0,374936860.0,383600000.0,0.007921712721584984
2020-03-17,409.53,419.58,391.06,395.56,3088213.0,365399165.0,383600000.0,0.00805060740354536
2020-03-18,399.38,409.43,377.22,378.51,3482120.0,403110788.0,383600000.0,0.009077476538060479
2020-03-19,377.96,377.96,343.45,356.58,5372867.0,563278750.0,383600000.0,0.014006431178310741
2020-03-20,359.9,364.43,347.51,358.2,4458897.0,469921680.0,383600000.0,0.011623819082377477
2020-03-23,345.14,348.09,335.02,336.68,2993216.0,300088611.0,383600000.0,0.0078029614181438995
2020-03-24,341.76,345.75,336.31,345.14,3423884.0,346013712.0,383600000.0,0.008925662148070907
2020-03-25,355.29,372.21,355.29,368.83,3970672.0,426531806.0,383600000.0,0.010351074035453597
2020-03-26,365.44,384.39,362.06,377.63,3498785.0,391572519.0,383600000.0,0.009120920229405631
2020-03-27,383.04,393.97,382.74,383.14,3230805.0,370593474.0,383600000.0,0.008422327945776851
2020-03-30,373.36,387.44,372.21,381.86,2280857.0,256732686.0,383600000.0,0.005945925443169969
2020-03-31,384.7,390.99,382.4,386.53,1725245.0,197422927.0,383600000.0,0.004497510427528675
2020-04-01,387.44,388.79,379.66,382.87,1880960.0,213572100.0,383600000.0,0.004903441084462982
2020-04-02,382.77,385.58,379.49,384.16,1408321.0,159347917.0,383600000.0,0.003671326903023983
2020-04-03,384.6,389.13,379.01,381.31,1464440.0,166133716.0,383600000.0,0.0038176225234619397
2020-04-07,388.12,400.91,386.83,389.74,3678897.0,426321792.0,383600000.0,0.009590450990615224
2020-04-08,389.74,391.16,383.85,384.46,1947604.0,222156632.0,383600000.0,0.005077174139728884
2020-04-09,386.09,393.06,384.7,391.43,1742455.0,200366049.0,383600000.0,0.004542374869655892
2020-04-10,391.4,404.63,389.16,394.41,2658090.0,313080003.0,383600000.0,0.0069293274244004175
2020-04-13,394.1,400.74,390.92,398.81,2120459.0,248572184.0,383600000.0,0.005527786757038582
2020-04-14,400.47,414.51,400.47,409.43,2451122.0,295928444.0,383600000.0,0.006389786235662148
2020-04-15,410.55,432.07,410.55,429.67,4506260.0,565805941.0,383600000.0,0.011747288842544317
2020-04-16,426.28,431.43,423.0,429.7,2142666.0,271195336.0,383600000.0,0.00558567778936392
2020-04-17,432.75,439.55,428.04,430.75,3280763.0,420839449.0,383600000.0,0.008552562565172055
2020-04-20,432.21,436.5,427.64,432.58,1886312.0,240584558.0,383600000.0,0.004917393117831074
2020-04-21,431.39,432.44,419.58,427.37,2083566.0,262038902.0,383600000.0,0.005431611053180396
2020-04-22,430.75,438.4,423.24,434.34,2394937.0,305952586.0,383600000.0,0.006243318561001043
2020-04-23,434.81,450.65,434.81,444.62,3164779.0,417093574.0,383600000.0,0.008250205943691346
2020-04-24,446.59,474.06,443.27,460.39,3803651.0,518552393.0,383600000.0,0.009915669968717414
2020-04-27,455.11,463.57,439.89,456.81,3621243.0,484431811.0,383600000.0,0.009440153806047966
2020-04-28,460.32,481.2,454.1,468.65,3732918.0,517521903.0,383600000.0,0.009731277372262774
2020-04-29,470.34,471.96,453.66,456.03,1461461.0,199319220.0,383600000.0,0.0038098566214807093
2020-04-30,453.42,468.92,451.05,456.43,1654127.0,225027239.0,383600000.0,0.004312114181438999
2020-05-06,456.26,461.41,452.0,453.83,2414781.0,324091808.0,383600000.0,0.00629504953076121
2020-05-07,455.62,468.61,450.04,461.88,2796956.0,380375568.0,383600000.0,0.00729133472367049
2020-05-08,466.11,482.18,460.19,474.54,3211701.0,448994310.0,383600000.0,0.00837252606882169
2020-05-11,474.54,502.66,473.76,493.62,2865258.0,416701953.0,383600000.0,0.007469389989572472
2020-05-12,493.35,502.55,480.53,499.78,2350906.0,343690889.0,383600000.0,0.006128534932221064
2020-05-13,499.41,507.73,494.74,504.55,2081907.0,309998854.0,383600000.0,0.005427286235662148
2020-05-14,507.22,514.33,499.98,510.2,2061099.0,310516632.0,383600000.0,0.005373042231491137
2020-05-15,510.3,513.58,497.85,501.44,1563486.0,232917330.0,383600000.0,0.0040758237747653804
2020-05-18,501.44,521.44,496.06,515.34,2256632.0,341673731.0,383600000.0,0.005882773722627737
2020-05-19,517.75,527.46,512.98,524.31,2063442.0,317793175.0,383600000.0,0.00537915015641293
2020-05-20,524.35,536.46,511.35,523.3,1939599.0,301072600.0,383600000.0,0.0050563060479666315
2020-05-21,526.51,536.22,522.28,526.88,1773289.0,276838561.0,383600000.0,0.004622755474452555
2020-05-22,524.48,530.2,507.8,515.99,2282502.0,348615850.0,383600000.0,0.005950213764337852
2020-05-25,519.98,523.4,507.93,516.36,2777271.0,422406290.0,383600000.0,0.007240018248175183
2020-05-26,516.39,519.68,506.21,515.01,1673591.0,254509330.0,383600000.0,0.004362854535974974
2020-05-27,514.77,515.82,499.03,499.98,2277256.0,340544091.0,383600000.0,0.005936538060479666
2020-05-28,505.16,511.96,494.03,500.39,2598127.0,386067802.0,383600000.0,0.006773010948905109
2020-05-29,500.79,506.75,497.21,506.75,2087097.0,309741692.0,383600000.0,0.005440815954118874
2020-06-01,506.75,524.14,506.55,512.33,3568834.0,544152770.0,383600000.0,0.009303529718456726
2020-06-02,513.55,515.68,493.01,497.28,4266084.0,633804822.0,383600000.0,0.011121178310740354
2020-06-03,500.46,502.15,486.14,493.28,2995491.0,435810746.0,383600000.0,0.007808892075078206
2020-06-04,493.28,503.33,493.28,498.46,2094500.0,308185301.0,383600000.0,0.005460114702815433
2020-06-05,498.46,505.87,490.98,500.79,2371956.0,350307394.0,383600000.0,0.006183409801876955
2020-06-08,502.55,513.15,494.91,500.15,2614173.0,388856395.0,383600000.0,0.006814840980187696
2020-06-09,503.16,506.89,494.6,502.11,2012018.0,298042582.0,383600000.0,0.005245093847758082
2020-06-10,504.01,509.9,497.0,499.81,2296857.0,340893756.0,383600000.0,0.005987635557872784
2020-06-11,499.71,504.52,482.42,490.98,2948975.0,429481823.0,383600000.0,0.007687630344108447
2020-06-12,480.42,493.93,475.42,491.73,2032256.0,293378211.0,383600000.0,0.005297851929092805
2020-06-15,488.17,494.3,470.34,479.31,2623128.0,374387476.0,383600000.0,0.006838185610010428
2020-06-16,480.49,491.86,480.49,487.77,2117194.0,304742278.0,383600000.0,0.005519275286757039
2020-06-17,488.95,491.9,478.8,482.73,1403177.0,200396228.0,383600000.0,0.0036579171011470284
2020-06-18,483.0,486.11,476.77,485.74,1550712.0,221253641.0,383600000.0,0.004042523461939521
2020-06-19,485.74,503.84,483.88,497.82,3471477.0,510842879.0,383600000.0,0.0090497314911366
2020-06-22,507.56,514.33,485.57,490.07,4195599.0,612464161.0,383600000.0,0.010937432221063607
2020-06-23,489.93,512.64,484.04,510.95,4114179.0,612503870.0,383600000.0,0.010725179874869656
2020-06-24,507.56,522.38,504.18,507.16,2194024.0,331941175.0,383600000.0,0.005719562043795621
2020-06-29,502.08,510.95,495.75,507.56,1713588.0,255117808.0,383600000.0,0.004467122002085506
2020-06-30,508.51,521.16,505.02,508.37,1922562.0,291213892.0,383600000.0,0.0050118925964546404
2020-07-01,505.53,556.12,503.3,552.23,5317695.0,843784013.0,383600000.0,0.013862604275286758
2020-07-02,544.11,598.58,543.33,579.64,6221577.0,1044421220.0,383600000.0,0.016218918143899894
2020-07-03,575.24,575.58,546.81,554.46,4387527.0,719103603.0,383600000.0,0.01143776590198123
2020-07-06,554.6,565.46,535.65,560.96,4548943.0,742360790.0,383600000.0,0.011858558394160584
2020-07-07,565.02,589.38,550.26,578.25,4023763.0,681862418.0,383600000.0,0.010489476016684046
2020-07-08,573.17,583.02,565.09,574.26,2937030.0,496338384.0,383600000.0,0.007656491136600625
2020-07-09,576.78,593.03,570.5,588.05,2935622.0,502364617.0,383600000.0,0.007652820646506778
2020-07-10,585.66,629.25,580.64,617.03,2728024.0,487640183.0,383600000.0,0.007111637122002085
2020-07-13,617.03,678.72,612.87,678.72,3011837.0,576200702.0,383600000.0,0.007851504171011471
2020-07-14,680.87,701.53,666.81,685.52,3050030.0,610870677.0,383600000.0,0.00795106882168926
2020-07-15,679.27,735.02,679.27,729.9,3453335.0,724526648.0,383600000.0,0.009002437434827947
2020-07-16,716.92,718.49,656.91,656.91,4613588.0,922719380.0,383600000.0,0.012027080291970802
2020-07-17,643.8,670.53,633.83,662.3,3441240.0,659692070.0,383600000.0,0.008970907194994786
2020-07-20,662.27,663.67,604.26,641.85,3070530.0,568566336.0,383600000.0,0.008004509906152242
2020-07-21,638.4,680.67,638.4,671.52,3491918.0,677272209.0,383600000.0,0.009103018769551616
2020-07-22,667.97,681.08,659.98,665.37,2842565.0,558285271.0,383600000.0,0.007410232012513034
2020-07-23,658.82,675.38,649.33,661.62,2925876.0,567137062.0,383600000.0,0.007627413972888426
2020-07-24,661.62,664.62,595.46,618.77,3645401.0,678528530.0,383600000.0,0.00950313086548488
2020-07-27,620.89,631.1,609.59,616.55,2842998.0,516587293.0,383600000.0,0.007411360792492179
2020-07-28,631.58,652.74,611.13,650.15,3380025.0,633330762.0,383600000.0,0.008811326903023983
2020-07-29,650.08,680.56,636.7,674.39,3990604.0,773948622.0,383600000.0,0.01040303441084463
2020-07-30,674.39,741.54,669.5,717.64,3832840.0,797763792.0,383600000.0,0.009991762252346194
2020-07-31,715.9,743.21,713.1,726.82,2606137.0,556250603.0,383600000.0,0.006793892075078207
2020-08-03,736.48,739.01,713.51,720.37,1992647.0,420458123.0,383600000.0,0.005194595933263817
2020-08-04,720.61,733.99,710.85,716.65,2052433.0,433645056.0,383600000.0,0.005350450990615224
2020-08-05,713.34,722.59,703.27,717.61,1521533.0,319126372.0,383600000.0,0.00396645724713243
2020-08-06,717.61,717.88,694.05,711.53,1502313.0,311683843.0,383600000.0,0.003916352971845672
2020-08-07,711.46,722.73,689.61,707.67,1591796.0,328549343.0,383600000.0,0.004149624608967675
2020-08-10,700.5,712.14,680.33,706.68,1696607.0,347351698.0,383600000.0,0.004422854535974974
2020-08-11,709.55,733.99,705.59,706.68,1520987.0,319994771.0,383600000.0,0.003965033889468196
2020-08-12,703.27,703.27,679.34,693.26,1389558.0,280529341.0,383600000.0,0.0036224139728884253
2020-08-13,703.27,718.22,687.15,701.83,1393900.0,287948118.0,383600000.0,0.0036337330552659018
2020-08-14,703.3,754.27,703.3,748.4,2851844.0,615974014.0,383600000.0,0.007434421272158498
2020-08-17,748.4,781.1,744.23,758.95,2883542.0,645651779.0,383600000.0,0.007517054223149113
2020-08-18,757.89,795.44,756.18,781.45,2153406.0,490692965.0,383600000.0,0.0056136757038581855
2020-08-19,778.37,826.17,768.13,802.37,2392145.0,560024802.0,383600000.0,0.006236040145985402
2020-08-20,791.28,793.57,751.13,759.67,2227767.0,501045380.0,383600000.0,0.005807526068821689
2020-08-21,763.01,777.59,751.06,760.45,2064080.0,461107141.0,383600000.0,0.005380813347236705
2020-08-24,768.06,802.27,760.62,802.27,2806586.0,647278018.0,383600000.0,0.007316438998957247
2020-08-25,797.15,852.69,797.15,834.77,2511592.0,612930817.0,383600000.0,0.006547424400417101
2020-08-26,833.03,883.52,829.92,858.23,2955226.0,744749977.0,383600000.0,0.007703925964546402
2020-08-27,858.94,884.21,841.12,877.21,2345744.0,596499994.0,383600000.0,0.006115078206465068
2020-08-28,870.55,947.64,862.01,922.13,2637858.0,698865939.0,383600000.0,0.006876584984358707
2020-08-31,904.76,921.69,877.58,882.02,3659985.0,960788314.0,383600000.0,0.009541149635036496
2020-09-01,877.55,880.45,816.95,851.84,4324649.0,1060154198.0,383600000.0,0.011273850364963504
2020-09-02,850.07,858.67,802.27,822.86,3626857.0,877528720.0,383600000.0,0.009454788842544318
2020-09-03,822.75,850.07,819.41,836.55,2986400.0,732103966.0,383600000.0,0.0077851929092805005
2020-09-04,819.0,823.1,795.2,819.31,2718979.0,643066111.0,383600000.0,0.0070880578727841505
2020-09-07,816.68,829.58,793.09,795.41,2416317.0,571959124.0,383600000.0,0.00629905370177268
2020-09-08,795.78,802.2,748.26,771.2,3484081.0,783124797.0,383600000.0,0.009082588633993744
2020-09-09,764.72,771.2,743.45,756.35,2116013.0,469959753.0,383600000.0,0.005516196558915537
2020-09-10,774.99,807.7,768.85,785.17,2510011.0,578284586.0,383600000.0,0.006543302919708029
2020-09-11,777.01,811.73,773.29,811.49,2149003.0,501704167.0,383600000.0,0.005602197601668405
2020-09-14,812.55,818.11,789.47,807.39,1782315.0,420067441.0,383600000.0,0.0046462851929092806
2020-09-15,798.86,807.05,788.99,798.65,1468155.0,342193248.0,383600000.0,0.0038273070907194995
2020-09-16,797.25,802.1,771.44,778.03,1655680.0,379370361.0,383600000.0,0.004316162669447341
2020-09-17,777.55,777.69,747.72,767.35,1865020.0,414781660.0,383600000.0,0.004861887382690303
2020-09-18,774.28,774.28,753.08,770.11,1358042.0,304948792.0,383600000.0,0.003540255474452555
2020-09-21,775.1,775.1,749.39,754.03,1875333.0,414291747.0,383600000.0,0.004888772158498436
2020-09-22,744.27,758.23,742.53,744.1,1634729.0,359149180.0,383600000.0,0.004261545881126173
2020-09-23,730.31,760.96,710.91,758.61,2621983.0,572670124.0,383600000.0,0.006835200729927007
2020-09-24,751.06,760.89,741.5,744.23,1308828.0,286316132.0,383600000.0,0.0034119603753910324
2020-09-25,744.37,754.41,734.68,741.57,945043.0,205750187.0,383600000.0,0.0024636157455683004
2020-09-28,744.23,754.48,733.99,740.58,1469341.0,319080542.0,383600000.0,0.0038303988529718455
2020-09-29,743.89,743.89,722.04,723.75,1597156.0,340677286.0,383600000.0,0.004163597497393118
2020-09-30,726.48,747.65,723.07,740.07,2041510.0,441949760.0,383600000.0,0.005321976016684046
2020-10-09,744.23,757.89,738.02,753.96,1596791.0,351054550.0,383600000.0,0.00416264598540146
2020-10-12,757.86,785.2,754.51,784.35,2765063.0,629458536.0,383600000.0,0.0072081934306569345
2020-10-13,788.27,788.27,767.35,770.21,2493712.0,564475433.0,383600000.0,0.006500813347236705
2020-10-14,773.36,784.52,758.5,761.27,2022919.0,456046185.0,383600000.0,0.0052735114702815436
2020-10-15,754.95,760.76,746.25,747.65,1599974.0,351728665.0,383600000.0,0.004170943691345151
2020-10-16,744.17,750.72,716.92,719.31,2545036.0,542035549.0,383600000.0,0.006634608967674661
2020-10-19,720.68,727.85,699.68,706.48,1823617.0,379335804.0,383600000.0,0.00475395464025026
2020-10-20,706.51,720.92,696.78,720.92,2452457.0,510032442.0,383600000.0,0.006393266423357664
2020-10-21,721.02,726.14,703.68,714.53,1961840.0,409199175.0,383600000.0,0.0051142857142857144
2020-10-22,706.65,728.53,700.23,718.49,2332976.0,487655975.0,383600000.0,0.006081793534932221
2020-10-23,718.49,723.72,698.15,707.13,1766923.0,365893811.0,383600000.0,0.004606160062565172
2020-10-26,693.03,702.52,670.7,695.62,1452599.0,293846343.0,383600000.0,0.003786754431699687
2020-10-27,695.62,720.68,689.61,716.45,2330130.0,481967882.0,383600000.0,0.006074374348279458
2020-10-28,714.91,787.28,710.1,783.84,5331635.0,1187426491.0,383600000.0,0.013898944212721585
2020-10-29,774.96,794.97,765.4,776.19,5584563.0,1279785719.0,383600000.0,0.014558297705943692
2020-10-30,781.79,782.44,713.51,717.61,4744468.0,1017311651.0,383600000.0,0.012368269030239833
2020-11-02,716.79,732.63,713.51,725.08,1887693.0,400439093.0,383600000.0,0.0049209932221063605
2020-11-03,723.75,728.19,710.44,722.69,1720274.0,362509257.0,383600000.0,0.004484551616266944
2020-11-04,722.69,728.74,713.51,721.4,1603575.0,338584025.0,383600000.0,0.004180331074035454
2020-11-05,723.79,779.71,723.72,768.06,4160542.0,923510213.0,383600000.0,0.01084604275286757
2020-11-06,770.01,777.21,741.5,759.6,3097097.0,681937236.0,383600000.0,0.008073766944734098
2020-11-09,760.89,773.42,752.77,768.47,2817548.0,631692594.0,383600000.0,0.007345015641293013
2020-11-10,764.72,819.34,759.26,805.51,4495146.0,1048945591.0,383600000.0,0.011718315954118874
2020-11-11,803.98,843.58,795.55,802.54,4783478.0,1147513095.0,383600000.0,0.012469963503649635
2020-11-12,788.62,824.84,778.27,816.64,2834496.0,672425015.0,383600000.0,0.007389197080291971
2020-11-13,802.27,802.27,754.48,779.57,3310778.0,751715006.0,383600000.0,0.008630808133472367
2020-11-16,778.37,792.68,759.67,791.93,3628583.0,827861152.0,383600000.0,0.009459288321167884
2020-11-17,785.07,797.42,760.69,771.58,3138983.0,719088111.0,383600000.0,0.00818295881126173
2020-11-18,763.63,774.28,734.03,745.53,2994522.0,656554567.0,383600000.0,0.007806366006256517
2020-11-19,744.23,758.5,730.0,745.26,1666040.0,363553488.0,383600000.0,0.004343169968717414
2020-11-20,740.72,757.86,738.16,747.44,1917012.0,420099212.0,383600000.0,0.004997424400417101
2020-11-23,747.44,763.69,736.72,746.83,2638500.0,577147681.0,383600000.0,0.006878258602711158
2020-11-24,737.71,743.35,723.75,734.68,2927184.0,625699449.0,383600000.0,0.0076308237747653804
2020-11-25,737.82,739.05,713.51,721.53,2500575.0,528046565.0,383600000.0,0.006518704379562043
2020-11-26,713.1,728.87,710.44,727.34,2317722.0,490360586.0,383600000.0,0.006042028154327425
2020-11-27,727.37,733.28,719.31,729.9,1816285.0,387823669.0,383600000.0,0.0047348409801876955
2020-11-30,729.9,732.73,706.27,721.02,2441196.0,512217717.0,383600000.0,0.006363910323253389
2020-12-01,721.02,737.17,717.2,732.46,1894420.0,405727587.0,383600000.0,0.004938529718456726
2020-12-02,732.46,735.02,725.66,730.51,1473712.0,315030087.0,383600000.0,0.003841793534932221
2020-12-03,730.92,760.28,725.46,760.11,3078279.0,673966449.0,383600000.0,0.00802471063607925
2020-12-04,755.19,781.79,755.19,771.55,3047658.0,690784629.0,383600000.0,0.007944885297184567
2020-12-07,768.81,787.45,765.78,781.48,2940022.0,672399142.0,383600000.0,0.007664290928050052
2020-12-08,774.96,787.93,765.91,781.82,3202345.0,732005753.0,383600000.0,0.008348136079249217
2020-12-09,783.46,787.28,758.91,771.68,2464385.0,557543088.0,383600000.0,0.006424361313868613
2020-12-10,768.1,790.32,764.75,783.87,2675386.0,613682670.0,383600000.0,0.006974416058394161
2020-12-11,783.94,816.81,783.94,809.1,3295140.0,778309359.0,383600000.0,0.008590041710114703
2020-12-14,826.2,890.01,817.19,884.89,5850414.0,1473487285.0,383600000.0,0.015251339937434829
2020-12-15,887.62,903.84,863.72,881.17,4197318.0,1087752489.0,383600000.0,0.010941913451511992
2020-12-16,883.93,928.21,877.38,902.91,4374327.0,1156875537.0,383600000.0,0.011403355057351407
2020-12-17,904.69,921.76,883.86,905.41,3356550.0,889853774.0,383600000.0,0.008750130344108447
2020-12-18,908.14,922.0,897.86,915.95,2964878.0,792848956.0,383600000.0,0.007729087591240876
2020-12-21,904.69,919.23,896.32,909.81,2455167.0,652636335.0,383600000.0,0.0064003310740354535
2020-12-22,908.1,938.45,902.64,920.39,2936014.0,794984659.0,383600000.0,0.007653842544316997
2020-12-23,920.39,966.17,899.57,925.1,4196656.0,1148116293.0,383600000.0,0.010940187695516163
2020-12-24,911.52,963.0,887.65,929.37,3100705.0,850941998.0,383600000.0,0.008083172575599583
2020-12-25,902.98,942.24,872.26,930.98,3400476.0,903338466.0,383600000.0,0.008864640250260689
2020-12-28,942.24,967.44,937.77,950.78,3537601.0,988156727.0,383600000.0,0.00922210896767466
2020-12-29,945.62,945.83,914.96,934.05,2334577.0,637034552.0,383600000.0,0.006085967153284672
2020-12-30,933.13,947.02,921.76,932.0,2320269.0,635094082.0,383600000.0,0.006048667883211679
2020-12-31,941.01,954.63,907.42,928.59,3697056.0,1003092686.0,383600000.0,0.00963778936392075
2021-01-04,924.49,971.74,911.52,954.74,4159819.0,1156936122.0,383600000.0,0.010844157977059437
2021-01-05,942.58,1007.11,932.0,996.83,3968251.0,1142454797.0,383600000.0,0.010344762773722628
2021-01-06,996.86,1007.11,952.07,974.67,3460261.0,990245345.0,383600000.0,0.009020492700729927
2021-01-07,972.97,975.87,944.29,974.67,2854272.0,802578882.0,383600000.0,0.00744075078206465
2021-01-08,975.7,986.49,911.52,927.8,3990952.0,1094142820.0,383600000.0,0.010403941605839417
2021-01-11,921.76,921.76,854.44,860.89,5631914.0,1448767015.0,383600000.0,0.014681736183524505
2021-01-12,845.63,878.06,835.66,870.38,3879086.0,978323313.0,383600000.0,0.010112320125130345
2021-01-13,870.04,880.42,840.85,852.46,3177262.0,798317428.0,383600000.0,0.008282747653806048
2021-01-14,847.51,848.7,814.83,817.63,3167161.0,765781076.0,383600000.0,0.008256415537017727
2021-01-15,810.81,821.05,768.17,805.69,4453722.0,1033094649.0,383600000.0,0.011610328467153284
2021-01-18,815.86,815.86,781.58,796.47,2738805.0,637452231.0,383600000.0,0.0071397419186652765
2021-01-19,802.61,818.83,755.71,763.01,3702435.0,846793331.0,383600000.0,0.009651811783107403
2021-01-20,762.94,781.79,739.8,777.66,3129115.0,704099803.0,383600000.0,0.00815723409801877
2021-01-21,774.96,798.45,772.33,787.97,3219801.0,740550276.0,383600000.0,0.00839364181438999
2021-01-22,788.17,804.93,782.88,795.41,2328554.0,540303715.0,383600000.0,0.00607026590198123
2021-01-25,795.27,874.95,788.27,874.95,4801838.0,1206368905.0,383600000.0,0.012517825860271116
2021-01-26,887.62,898.48,843.24,846.96,3876369.0,976171087.0,383600000.0,0.010105237226277373
2021-01-27,826.2,845.29,799.2,840.17,2850850.0,688368258.0,383600000.0,0.007431830031282586
2021-01-28,840.17,863.69,826.31,856.89,3093362.0,770784536.0,383600000.0,0.00806403023983316
2021-01-29,859.9,880.01,826.17,833.0,2162889.0,539088503.0,383600000.0,0.00563839676746611
2021-02-01,832.96,846.62,811.11,817.91,1905268.0,461164137.0,383600000.0,0.004966809176225235
2021-02-02,817.91,848.02,803.98,843.24,2170344.0,529855355.0,383600000.0,0.005657831074035453
2021-02-03,843.24,851.3,821.22,824.12,2169225.0,527573036.0,383600000.0,0.005654913972888425
2021-02-04,821.76,847.33,803.3,836.41,2831895.0,691542386.0,383600000.0,0.0073824165797705945
2021-02-05,836.75,870.28,826.17,856.21,3560219.0,892018256.0,383600000.0,0.009281071428571428
2021-02-08,862.7,877.38,824.56,832.31,3197650.0,788207801.0,383600000.0,0.00833589676746611
2021-02-09,834.33,835.73,809.61,827.26,2759838.0,664327398.0,383600000.0,0.007194572471324296
2021-02-10,827.26,871.06,826.13,862.12,4553613.0,1132405401.0,383600000.0,0.011870732533889468
2021-02-18,881.47,925.17,832.59,868.26,5795419.0,1492815394.0,383600000.0,0.015107974452554745
2021-02-19,854.78,875.94,821.05,857.75,3252988.0,809894791.0,383600000.0,0.008480156412930135
2021-02-22,857.75,859.97,802.27,802.61,4212333.0,1008154126.0,383600000.0,0.010981055787278414
2021-02-23,786.33,869.87,781.79,866.73,3998894.0,984733304.0,383600000.0,0.010424645464025026
2021-02-24,854.98,863.72,809.1,824.6,4106200.0,993684109.0,383600000.0,0.010704379562043795
2021-02-25,812.55,829.24,785.95,803.3,2344882.0,552472254.0,383600000.0,0.006112831074035454
2021-02-26,781.38,815.18,770.35,799.81,2241212.0,520904026.0,383600000.0,0.005842575599582899
2021-03-01,809.13,811.42,765.91,775.16,1810352.0,415084368.0,383600000.0,0.0047193743482794575
2021-03-02,775.27,783.84,728.87,738.53,3313724.0,730176261.0,383600000.0,0.008638488008342023
2021-03-03,731.77,761.24,728.39,759.56,1884337.0,414197394.0,383600000.0,0.0049122445255474455
2021-03-04,754.41,754.65,734.74,740.82,1974487.0,429363157.0,383600000.0,0.005147254953076121
2021-03-05,750.72,750.86,726.48,742.12,1291540.0,280541249.0,383600000.0,0.0033668925964546403
2021-03-08,742.12,746.28,669.13,671.04,2705442.0,555809170.0,383600000.0,0.007052768508863399
2021-03-09,662.33,668.86,628.2,638.92,2457980.0,466670843.0,383600000.0,0.006407664233576642
2021-03-10,652.67,660.59,631.58,643.56,2726112.0,515325893.0,383600000.0,0.007106652763295099
2021-03-11,644.82,668.1,635.33,656.33,2491548.0,476481678.0,383600000.0,0.006495172054223149
2021-03-12,656.33,659.88,633.69,655.44,1759028.0,334313914.0,383600000.0,0.004585578727841501
2021-03-15,652.02,658.89,631.13,642.88,1636700.0,307153098.0,383600000.0,0.004266684045881126
2021-03-16,645.23,646.9,625.36,636.25,1844335.0,342744793.0,383600000.0,0.0048079640250260685
2021-03-17,636.9,652.64,626.66,649.81,1515224.0,285906644.0,383600000.0,0.003950010427528676
2021-03-18,642.81,669.47,639.15,657.56,2252535.0,434246001.0,383600000.0,0.0058720933263816475
2021-03-19,641.82,651.44,632.8,639.6,1244054.0,233030779.0,383600000.0,0.003243102189781022
2021-03-22,636.63,650.69,633.28,646.94,1049594.0,197954668.0,383600000.0,0.002736167883211679
2021-03-23,648.2,668.75,645.64,654.38,1608702.0,309180101.0,383600000.0,0.004193696558915537
2021-03-24,648.64,709.17,645.91,679.57,3174271.0,638500496.0,383600000.0,0.00827495046923879
2021-03-25,677.49,694.15,646.94,675.96,1561852.0,309154355.0,383600000.0,0.004071564129301356
2021-03-26,675.96,696.27,671.01,689.61,1578866.0,317235638.0,383600000.0,0.004115917622523462
2021-03-29,699.85,749.36,699.85,744.23,3434211.0,738253619.0,383600000.0,0.008952583420229405
2021-03-30,737.41,763.93,727.16,736.59,2293908.0,500987652.0,383600000.0,0.005979947862356621
2021-03-31,729.79,741.5,710.1,717.5,1603120.0,337299267.0,383600000.0,0.004179144942648592
2021-04-01,717.03,763.9,714.57,757.89,2065273.0,449476865.0,383600000.0,0.005383923357664234
2021-04-02,768.13,809.1,768.13,781.45,1864904.0,429930605.0,383600000.0,0.004861584984358707
2021-04-06,776.5,802.13,769.26,789.43,1820919.0,419110413.0,383600000.0,0.004746921272158498
2021-04-07,782.85,782.85,730.58,735.02,2651867.0,581603704.0,383600000.0,0.006913104796663191
2021-04-08,734.98,764.31,728.05,762.12,1883531.0,414415423.0,383600000.0,0.004910143378519291
2021-04-09,751.03,777.96,745.94,759.6,1675000.0,372571197.0,383600000.0,0.0043665276329509905
2021-04-12,771.75,788.62,764.31,770.76,2843749.0,646645912.0,383600000.0,0.007413318561001043
2021-04-13,774.96,789.54,768.17,772.88,1746935.0,399334108.0,383600000.0,0.00455405370177268
2021-04-14,768.06,792.99,766.43,788.62,1223633.0,281384632.0,383600000.0,0.003189867049009385
2021-04-15,784.14,798.86,774.96,782.37,1265665.0,291674199.0,383600000.0,0.003299439520333681
2021-04-16,783.43,819.2,783.29,802.17,1705394.0,402938069.0,383600000.0,0.0044457612095933265
2021-04-19,802.27,843.2,785.54,833.17,2473652.0,599928056.0,383600000.0,0.00644851929092805
2021-04-20,833.2,887.48,826.37,865.43,2869421.0,730905242.0,383600000.0,0.00748024244004171
2021-04-21,865.43,904.83,865.22,899.57,2818148.0,735043826.0,383600000.0,0.007346579770594369
2021-04-22,899.57,901.27,871.06,884.89,1591182.0,412792877.0,383600000.0,0.0041480239833159545
2021-04-23,884.89,899.26,853.14,867.24,2007269.0,511572721.0,383600000.0,0.005232713764337852
2021-04-26,867.24,876.59,841.53,844.95,2054115.0,514026470.0,383600000.0,0.005354835766423358
2021-04-27,846.58,850.85,823.51,837.02,1902184.0,464027795.0,383600000.0,0.004958769551616267
2021-04-28,837.64,863.0,828.9,855.02,2047568.0,511061679.0,383600000.0,0.005337768508863399
2021-04-29,854.98,866.76,819.17,862.32,2780862.0,684913601.0,383600000.0,0.007249379562043795
2021-04-30,819.0,819.24,776.09,776.09,1965700.0,449833034.0,383600000.0,0.0051243482794577685
2021-05-06,764.75,764.75,698.49,698.62,6171169.0,1285296601.0,383600000.0,0.016087510427528675
2021-05-07,704.29,714.19,690.29,704.8,2829285.0,584478135.0,383600000.0,0.007375612617309697
2021-05-10,700.13,703.23,672.13,689.58,2909234.0,584629805.0,383600000.0,0.00758403023983316
2021-05-11,686.3,717.23,682.95,710.64,2200026.0,453918663.0,383600000.0,0.005735208550573514
2021-05-12,710.1,720.85,697.84,716.62,1406795.0,293859871.0,383600000.0,0.0036673488008342023
2021-05-13,704.8,730.54,704.8,730.54,1796870.0,378308670.0,383600000.0,0.004684228362877998
2021-05-14,733.99,757.48,718.94,743.76,1928796.0,420602781.0,383600000.0,0.0050281438998957245
2021-05-17,745.91,759.53,744.23,749.01,1789682.0,394680782.0,383600000.0,0.004665490093847758
2021-05-18,749.01,757.72,728.26,739.11,1377213.0,297211820.0,383600000.0,0.0035902320125130345
2021-05-19,738.7,740.79,716.92,738.19,1466520.0,314060239.0,383600000.0,0.0038230448383733055
2021-05-20,737.41,764.72,732.15,757.89,2563404.0,566590392.0,383600000.0,0.006682492179353493
2021-05-21,765.98,780.25,752.12,758.1,2363083.0,527924753.0,383600000.0,0.006160278936392075
2021-05-24,757.89,833.92,747.65,833.92,3872318.0,906304737.0,383600000.0,0.010094676746611053
2021-05-25,833.0,863.07,802.61,846.65,4606366.0,1131804558.0,383600000.0,0.01200825338894682
2021-05-26,846.62,863.24,831.08,840.3,2298416.0,570571183.0,383600000.0,0.00599169968717414
2021-05-27,836.41,851.81,817.57,837.23,2315368.0,566300984.0,383600000.0,0.006035891553701773
2021-05-28,830.95,844.95,823.3,829.24,1307306.0,318378467.0,383600000.0,0.003407992700729927
2021-05-31,829.48,836.34,798.04,836.07,2033342.0,487761928.0,383600000.0,0.0053006830031282585
2021-06-01,836.41,851.77,812.51,848.87,2881174.0,706570545.0,383600000.0,0.007510881126173097
2021-06-02,843.24,858.6,826.17,831.84,2652204.0,654712017.0,383600000.0,0.006913983315954119
2021-06-03,827.94,869.46,813.16,832.59,4044410.0,993060341.0,383600000.0,0.010543300312825861
2021-06-04,822.75,850.07,819.34,849.21,2893045.0,712172357.0,383600000.0,0.007541827424400417
2021-06-07,859.97,881.34,834.7,869.87,3865773.0,969304836.0,383600000.0,0.010077614702815433
2021-06-08,859.63,863.65,782.88,785.3,4853489.0,1148590049.0,383600000.0,0.01265247393117831
2021-06-09,785.27,827.71,759.43,810.87,3350915.0,777832050.0,383600000.0,0.008735440563086548
2021-06-10,810.63,816.06,789.77,798.77,1993004.0,464079482.0,383600000.0,0.005195526590198123
2021-06-11,796.75,796.75,766.58,783.48,2235184.0,508716693.0,383600000.0,0.005826861313868613
2021-06-15,783.86,805.34,773.21,801.25,1816135.0,418826407.0,383600000.0,0.004734449947862356
2021-06-16,800.66,808.22,778.33,789.46,1269878.0,292244301.0,383600000.0,0.003310422314911366
2021-06-17,792.07,817.4,789.87,807.19,1490223.0,350151204.0,383600000.0,0.0038848357664233576
2021-06-18,800.66,823.0,791.56,800.66,1673231.0,391428228.0,383600000.0,0.004361916058394161
2021-06-21,793.07,815.1,772.28,783.83,2316740.0,532644025.0,383600000.0,0.006039468196037539
2021-06-22,787.61,796.2,777.3,793.1,1455360.0,334453433.0,383600000.0,0.003793952033368092
2021-06-23,786.92,791.66,738.81,750.08,3594280.0,793672583.0,383600000.0,0.009369864442127215
2021-06-24,745.68,752.56,731.97,742.66,2232088.0,481109372.0,383600000.0,0.005818790406673618
2021-06-25,742.07,766.3,737.09,763.45,2222232.0,488590331.0,383600000.0,0.005793096976016684
2021-06-28,755.99,774.89,755.65,762.8,1793132.0,399066909.0,383600000.0,0.004674483837330552
2021-06-29,762.86,774.82,742.25,765.13,2038249.0,454416706.0,383600000.0,0.005313474973931178
2021-06-30,772.45,839.08,763.52,823.0,3264864.0,767931456.0,383600000.0,0.0085111157455683
2021-07-01,824.72,847.05,807.71,835.99,1678620.0,401498436.0,383600000.0,0.004375964546402503
2021-07-02,827.09,827.09,770.42,788.64,2590182.0,593131836.0,383600000.0,0.006752299270072992
2021-07-05,773.9,838.05,759.98,807.88,2500634.0,588863392.0,383600000.0,0.006518858185610011
2021-07-06,800.6,816.99,780.05,809.94,1838263.0,426827731.0,383600000.0,0.0047921350364963505
2021-07-07,809.94,833.58,800.66,821.56,1862909.0,445064486.0,383600000.0,0.0048563842544317
2021-07-08,824.03,841.83,800.77,806.95,1780932.0,424872578.0,383600000.0,0.004642679874869656
2021-07-09,807.57,807.57,753.59,766.27,2007181.0,450742819.0,383600000.0,0.005232484358706987
2021-07-12,769.74,838.81,759.05,831.87,3557483.0,842847661.0,383600000.0,0.009273938998957247
2021-07-13,831.73,850.49,813.72,817.85,2838758.0,684541547.0,383600000.0,0.007400307612095933
2021-07-14,817.36,817.36,783.52,797.43,2521731.0,585918808.0,383600000.0,0.006573855578727842
2021-07-15,793.79,807.54,780.05,802.9,2232693.0,517252481.0,383600000.0,0.005820367570385818
2021-07-16,802.9,819.91,780.05,783.17,2864891.0,661143260.0,383600000.0,0.007468433263816476
2021-07-19,769.77,786.75,764.93,781.76,1674164.0,379265147.0,383600000.0,0.004364348279457768
2021-07-20,782.73,788.6,770.12,780.01,1300990.0,294689936.0,383600000.0,0.0033915276329509907
2021-07-21,799.81,858.02,799.81,843.62,6169901.0,1516986815.0,383600000.0,0.016084204900938478
2021-07-22,837.12,841.83,777.64,794.65,5486928.0,1278436187.0,383600000.0,0.014303774765380604
2021-07-23,790.36,790.36,755.99,759.43,3915828.0,868806658.0,383600000.0,0.010208102189781023
2021-07-26,755.61,755.96,683.83,704.21,4404318.0,902561953.0,383600000.0,0.011481538060479666
2021-07-27,687.03,704.1,665.65,685.55,3429120.0,681367476.0,383600000.0,0.008939311783107404
2021-07-28,674.04,696.2,653.59,676.96,2537985.0,498999849.0,383600000.0,0.006616227841501564
2021-07-29,690.36,711.32,672.42,681.53,3093788.0,620460843.0,383600000.0,0.008065140771637122
2021-07-30,676.96,676.96,621.98,638.78,3428254.0,638984543.0,383600000.0,0.008937054223149114
2021-08-02,637.34,663.21,608.26,655.65,3983978.0,741733511.0,383600000.0,0.010385761209593326
2021-08-03,649.19,674.17,639.16,667.4,3084761.0,593852219.0,383600000.0,0.008041608446298228
2021-08-04,666.48,666.48,639.5,648.3,3357130.0,631247699.0,383600000.0,0.008751642335766424
2021-08-05,632.32,644.31,622.01,623.87,2630557.0,483081391.0,383600000.0,0.006857552137643379
2021-08-06,625.89,627.13,608.26,619.91,1912887.0,343361489.0,383600000.0,0.004986671011470281
2021-08-09,617.65,632.97,617.65,624.42,1938929.0,353770881.0,383600000.0,0.005054559436913452
2021-08-10,627.99,683.31,625.41,681.01,4498881.0,861692634.0,383600000.0,0.011728052659019812
2021-08-11,671.29,694.14,660.15,680.15,2826011.0,559002852.0,383600000.0,0.007367077685088634
2021-08-12,673.25,697.13,671.87,683.97,2793845.0,559172372.0,383600000.0,0.007283224713242962
2021-08-13,694.14,710.77,684.34,702.01,2138139.0,435080532.0,383600000.0,0.005573876433785193
2021-08-16,705.27,734.27,701.01,715.79,2130215.0,443723770.0,383600000.0,0.005553219499478623
2021-08-17,714.76,715.79,675.93,680.36,2407312.0,483743992.0,383600000.0,0.006275578727841502
2021-08-18,687.27,699.26,673.52,692.97,1881156.0,377661832.0,383600000.0,0.004903952033368092
2021-08-19,689.29,704.0,673.21,680.39,1567135.0,311804196.0,383600000.0,0.004085336287799791
2021-08-20,656.41,676.96,637.44,654.62,2455614.0,465776723.0,383600000.0,0.006401496350364963
2021-08-23,653.93,695.86,648.19,685.72,2661370.0,525245222.0,383600000.0,0.006937877997914494
2021-08-24,687.27,700.6,677.37,685.24,1480135.0,297422197.0,383600000.0,0.0038585375391032325
2021-08-25,693.42,717.02,690.7,712.18,2374111.0,489178127.0,383600000.0,0.006189027632950991
2021-08-26,704.45,705.31,673.52,703.04,2278811.0,455773424.0,383600000.0,0.005940591762252347
2021-08-27,687.33,697.51,673.52,681.49,2307486.0,459523688.0,383600000.0,0.0060153441084462985
2021-08-30,687.27,747.4,677.03,727.68,5675787.0,1187720299.0,383600000.0,0.014796107924921793
2021-08-31,737.44,738.4,708.67,728.5,3217019.0,679277319.0,383600000.0,0.008386389468196037
2021-09-01,721.59,782.8,701.01,760.12,3458259.0,761554006.0,383600000.0,0.009015273722627738
2021-09-02,756.2,790.56,750.63,755.92,2358069.0,527928680.0,383600000.0,0.00614720802919708
2021-09-03,749.12,759.36,723.35,756.54,1536479.0,332784974.0,383600000.0,0.004005419708029197
2021-09-06,753.21,793.79,731.94,778.09,2600385.0,590890025.0,383600000.0,0.006778897288842544
2021-09-07,778.09,796.23,766.37,782.97,1332638.0,304371547.0,383600000.0,0.0034740302398331598
2021-09-08,788.64,793.79,776.61,780.15,1356328.0,309373217.0,383600000.0,0.0035357872784150157
2021-09-09,770.77,800.25,770.77,790.36,1521576.0,349710019.0,383600000.0,0.0039665693430656936
2021-09-10,783.52,806.78,781.76,789.84,1065984.0,245854077.0,383600000.0,0.0027788946819603754
2021-09-13,783.07,789.26,766.3,772.56,1553885.0,351192078.0,383600000.0,0.004050795099061522
2021-09-14,779.7,794.17,752.56,757.99,1435902.0,321626592.0,383600000.0,0.0037432273201251304
2021-09-15,760.01,772.73,738.81,750.84,2107576.0,462517368.0,383600000.0,0.005494202294056309
2021-09-16,745.1,762.83,731.94,731.94,1486454.0,321590791.0,383600000.0,0.0038750104275286756
2021-09-17,734.0,761.15,732.66,749.05,1428739.0,310706163.0,383600000.0,0.0037245542231491135
2021-09-22,735.37,738.81,699.46,704.28,1924767.0,398560974.0,383600000.0,0.005017640771637122
2021-09-23,710.63,720.94,690.63,713.55,1770897.0,365664164.0,383600000.0,0.004616519812304484
2021-09-24,706.34,757.71,706.34,749.12,2326858.0,500131745.0,383600000.0,0.006065844629822732
2021-09-27,752.59,824.03,752.59,824.03,4227511.0,1002328118.0,383600000.0,0.011020623044838373
2021-09-28,812.79,843.62,786.92,834.96,3933275.0,941700492.0,383600000.0,0.010253584462982274
2021-09-29,841.9,849.39,800.66,819.56,2486397.0,595331038.0,383600000.0,0.006481744004171012
2021-09-30,818.88,845.34,804.27,819.63,2447201.0,589057926.0,383600000.0,0.006379564650677789
2021-10-08,828.05,860.73,815.23,841.56,2493407.0,611360471.0,383600000.0,0.006500018248175182
2021-10-11,847.09,870.52,831.59,844.07,1548702.0,381617911.0,383600000.0,0.0040372836287799795
2021-10-12,838.88,862.52,817.09,834.62,1835241.0,446021304.0,383600000.0,0.004784257038581856
2021-10-13,829.63,860.8,820.6,849.7,2985868.0,731996212.0,383600000.0,0.007783806047966632
2021-10-14,838.57,847.02,797.23,824.44,2354128.0,561332822.0,383600000.0,0.006136934306569343
2021-10-15,815.92,822.97,788.64,806.85,2086335.0,487062755.0,383600000.0,0.005438829509906152
2021-10-18,790.36,790.36,749.12,769.05,3289845.0,732133652.0,383600000.0,0.008576238269030239
2021-10-19,769.74,816.13,768.02,810.97,2995266.0,698510466.0,383600000.0,0.007808305526590198
2021-10-20,813.34,827.71,804.17,811.59,1571053.0,372327496.0,383600000.0,0.004095550052137643
2021-10-21,811.04,820.11,797.92,810.9,1183609.0,278238151.0,383600000.0,0.003085529197080292
2021-10-22,812.62,820.87,801.94,810.97,886662.0,209483294.0,383600000.0,0.0023114233576642337
2021-10-25,815.92,816.57,798.81,806.85,1187721.0,278190699.0,383600000.0,0.0030962486965589154
2021-10-26,800.87,814.41,792.55,804.44,963985.0,225941819.0,383600000.0,0.002512995307612096
2021-10-27,804.31,804.31,773.48,782.8,1324994.0,301857562.0,383600000.0,0.0034541032325338893
2021-10-28,799.84,799.98,764.65,770.25,3314201.0,749851355.0,383600000.0,0.008639731491136601
2021-10-29,770.53,811.66,770.22,782.28,2936634.0,670860391.0,383600000.0,0.007655458811261731
2021-11-01,762.86,828.43,747.71,804.44,4549091.0,1053574049.0,383600000.0,0.011858944212721585
2021-11-02,796.71,800.66,763.55,783.45,2810407.0,640427551.0,383600000.0,0.007326399895724713
2021-11-03,777.4,793.79,762.9,764.75,1741626.0,392156604.0,383600000.0,0.004540213764337852
2021-11-04,764.96,841.25,764.96,841.25,3932299.0,933755421.0,383600000.0,0.010251040145985402
2021-11-05,831.59,853.58,828.15,829.74,2954913.0,724546013.0,383600000.0,0.007703110010427529
2021-11-08,833.89,844.2,812.35,835.03,1723056.0,416444396.0,383600000.0,0.0044918039624608965
2021-11-09,829.87,843.62,814.75,825.61,1750100.0,421140878.0,383600000.0,0.004562304483837331
2021-11-10,825.61,830.8,804.44,809.36,1142664.0,270173394.0,383600000.0,0.002978790406673618
2021-11-11,809.94,814.38,798.33,805.99,1755488.0,411341039.0,383600000.0,0.004576350364963504
2021-11-12,810.94,819.53,797.23,799.81,1526479.0,358304543.0,383600000.0,0.003979350886339938
2021-11-15,798.5,824.03,785.24,787.33,1804998.0,419634139.0,383600000.0,0.004705417101147028
2021-11-16,793.76,866.06,785.27,866.06,3900316.0,963476726.0,383600000.0,0.010167664233576642
2021-11-17,854.2,869.05,828.57,857.64,3454727.0,853081029.0,383600000.0,0.00900606621480709
2021-11-18,860.97,903.75,842.24,896.81,4234665.0,1093681869.0,383600000.0,0.01103927267987487
2021-11-19,896.88,929.53,881.93,896.78,2527796.0,663592481.0,383600000.0,0.006589666319082378
2021-11-22,895.34,938.98,886.57,903.79,2898589.0,770156130.0,383600000.0,0.007556279979144943
2021-11-23,911.31,920.35,893.82,899.29,2121899.0,559027962.0,383600000.0,0.005531540667361836
2021-11-24,906.16,936.98,899.29,904.79,2348823.0,623341336.0,383600000.0,0.006123104796663191
2021-11-25,913.1,916.12,890.46,896.4,1584284.0,414445337.0,383600000.0,0.004130041710114703
2021-11-26,896.02,896.37,872.83,879.63,1322579.0,339104377.0,383600000.0,0.003447807612095933
2021-11-29,885.78,888.77,860.83,876.99,1614735.0,410638423.0,383600000.0,0.004209423879040667
2021-11-30,883.14,883.14,857.36,871.69,1659859.0,419864477.0,383600000.0,0.0043270568300312826
2021-12-01,879.7,896.47,868.12,876.26,1956171.0,500341727.0,383600000.0,0.005099507299270073
2021-12-02,881.93,884.85,869.43,880.04,1419990.0,362845702.0,383600000.0,0.0037017466110531804
2021-12-03,879.7,931.24,872.83,907.19,3383010.0,888180393.0,383600000.0,0.008819108446298227
2021-12-06,906.13,927.81,890.39,893.1,2255409.0,591991107.0,383600000.0,0.005879585505735141
2021-12-07,889.97,910.63,879.7,887.67,1705808.0,444897431.0,383600000.0,0.004446840458811262
2021-12-08,885.92,935.57,872.83,922.79,3070203.0,816032733.0,383600000.0,0.008003657455683003
2021-12-09,919.73,955.3,916.37,922.83,3005844.0,816065170.0,383600000.0,0.007835881126173097
2021-12-10,910.63,931.97,908.32,913.79,2412185.0,642008584.0,383600000.0,0.006288282064650678
2021-12-13,913.79,942.34,903.07,905.82,2606107.0,697500616.0,383600000.0,0.006793813868613139
2021-12-14,896.88,943.27,893.51,941.55,3352563.0,906307764.0,383600000.0,0.008739736704900938
2021-12-15,931.24,939.49,909.6,926.85,2170892.0,583551416.0,383600000.0,0.005659259645464025
2021-12-16,927.12,938.05,904.89,931.24,1891895.0,508668433.0,383600000.0,0.0049319473409801876
2021-12-17,927.12,930.97,898.98,906.78,1691759.0,449476343.0,383600000.0,0.004410216371220021
2021-12-20,893.45,924.37,893.45,896.54,1274753.0,335968868.0,383600000.0,0.00332313086548488
2021-12-21,902.0,905.64,866.13,896.43,1623206.0,420246138.0,383600000.0,0.00423150677789364
2021-12-22,900.32,915.78,895.16,912.35,994516.0,262574667.0,383600000.0,0.0025925860271115747
2021-12-23,911.31,922.52,879.7,907.74,2135342.0,559338895.0,383600000.0,0.005566584984358707
2021-12-24,904.75,937.77,899.91,902.07,2880971.0,769104103.0,383600000.0,0.007510351929092805
2021-12-27,893.45,910.42,862.52,868.02,2080298.0,530928637.0,383600000.0,0.005423091762252346
2021-12-28,869.46,919.22,865.95,917.5,2467149.0,643667276.0,383600000.0,0.006431566736183524
2021-12-29,917.47,917.47,835.06,850.53,4038830.0,1013184930.0,383600000.0,0.010528753910323253
2021-12-30,841.87,890.32,838.46,852.24,3083399.0,770800399.0,383600000.0,0.00803805787278415
2021-12-31,856.85,859.08,807.54,838.46,4244498.0,1018966833.0,383600000.0,0.011064906152241918
2022-01-04,831.93,833.58,800.77,811.18,2772580.0,653978022.0,383600000.0,0.00722778936392075
2022-01-05,817.78,821.28,795.51,795.72,2191771.0,515020152.0,383600000.0,0.00571368873826903
2022-01-06,789.39,813.72,788.74,807.43,2675548.0,625232560.0,383600000.0,0.006974838373305527
2022-01-07,807.43,810.53,773.55,784.93,2193308.0,502571013.0,383600000.0,0.005717695516162669
2022-01-10,782.8,788.98,759.5,784.38,1959520.0,444135818.0,383600000.0,0.005108237747653806
2022-01-11,786.92,786.92,762.86,764.65,1510508.0,337705447.0,383600000.0,0.003937716371220021
2022-01-12,764.93,774.31,755.3,766.03,1616879.0,359653192.0,383600000.0,0.004215013034410845
2022-01-13,766.47,766.47,721.63,730.77,4669038.0,998333247.0,383600000.0,0.012171631908237748
2022-01-14,721.04,735.03,711.94,715.75,3057942.0,641129096.0,383600000.0,0.007971694473409802
2022-01-17,715.62,723.14,697.82,718.19,2279974.0,473576504.0,383600000.0,0.005943623566214807
2022-01-18,719.95,728.88,704.79,717.75,3570304.0,744700703.0,383600000.0,0.009307361835245047
2022-01-19,712.76,713.69,687.3,698.95,3572783.0,726272851.0,383600000.0,0.009313824296141814
2022-01-20,698.61,710.08,689.84,707.57,4308474.0,882295964.0,383600000.0,0.011231684045881126
2022-01-21,701.35,751.18,697.75,740.53,5113874.0,1096596229.0,383600000.0,0.013331266944734098
2022-01-24,744.86,762.86,725.51,743.48,4028017.0,874334090.0,408600000.0,0.009858093489965736
2022-01-25,741.59,754.62,725.07,726.89,3500868.0,753125463.0,408600000.0,0.008567958883994127
2022-01-26,726.89,783.48,726.89,776.16,6393287.0,1417686942.0,408600000.0,0.015646811062163486
2022-01-27,773.17,781.7,745.68,750.84,3985020.0,875908075.0,408600000.0,0.009752863436123348
2022-01-28,755.99,756.61,718.19,719.91,3064873.0,653460484.0,408600000.0,0.007500912873225648
2022-02-07,735.44,791.9,735.44,761.32,5888204.0,1324017367.0,408600000.0,0.014410680372001957
2022-02-08,761.01,761.01,701.01,724.89,3778989.0,794966491.0,408600000.0,0.009248627019089574
2022-02-09,724.86,783.31,717.78,779.36,3693004.0,816869716.0,408600000.0,0.009038188937836514
2022-02-10,776.61,800.66,768.64,783.65,2970566.0,680118910.0,408600000.0,0.007270107684777288
2022-02-11,796.09,831.8,773.52,818.88,3361196.0,800299535.0,408600000.0,0.008226128242780226
2022-02-14,807.54,842.59,797.23,814.07,1999693.0,475824756.0,408600000.0,0.004894011257953989
2022-02-15,811.52,824.03,800.66,816.37,1426455.0,336856599.0,408600000.0,0.003491079295154185
2022-02-16,813.41,817.85,795.85,799.29,1797422.0,418933159.0,408600000.0,0.004398976994615761
2022-02-17,797.23,805.54,778.6,793.55,2396820.0,549191750.0,408600000.0,0.005865932452276065
2022-02-18,786.92,803.69,776.61,798.09,1432471.0,330679832.0,408600000.0,0.003505802741067058
2022-02-21,793.79,810.97,783.48,791.39,1493021.0,345504597.0,408600000.0,0.003653991678903573
2022-02-22,785.54,792.07,767.61,779.43,1451376.0,328224476.0,408600000.0,0.003552070484581498
2022-02-23,779.43,786.23,761.56,780.42,1375875.0,310643850.0,408600000.0,0.0033672907488986785
2022-02-24,779.87,781.94,734.27,745.68,1909053.0,418649536.0,408600000.0,0.004672180616740088
2022-02-25,750.12,762.8,743.59,751.9,1896959.0,415622014.0,408600000.0,0.004642581987273617
2022-02-28,749.09,767.95,735.75,759.43,1941427.0,427315116.0,408600000.0,0.004751412139011258
2022-03-01,765.55,782.31,739.39,766.3,3425050.0,762966144.0,408600000.0,0.008382403328438572
2022-03-02,759.43,761.52,741.83,749.12,1788838.0,389250116.0,408600000.0,0.004377968673519334
2022-03-03,751.18,751.87,721.97,723.35,1957443.0,417748463.0,408600000.0,0.0047906093979442
2022-03-04,723.35,740.53,711.32,736.41,1902872.0,404986481.0,408600000.0,0.004657053352912384
2022-03-07,735.31,735.31,704.45,708.09,3309383.0,687876055.0,408600000.0,0.008099322075379344
2022-03-08,716.44,735.06,690.7,691.87,2426547.0,499940053.0,408600000.0,0.0059386857562408225
2022-03-09,692.66,701.22,652.87,677.99,3131493.0,619056904.0,408600000.0,0.007663957415565345
2022-03-10,698.26,702.73,681.22,690.77,3023199.0,608800853.0,408600000.0,0.007398920704845815
2022-03-11,680.67,683.79,649.5,672.15,5243715.0,1009068683.0,408600000.0,0.012833370044052864
2022-03-14,663.21,664.9,635.72,640.88,3100890.0,585378147.0,408600000.0,0.0075890602055800295
2022-03-15,629.12,629.12,594.93,597.89,3971807.0,707244378.0,408600000.0,0.009720526186979932
2022-03-16,611.25,611.67,570.43,600.53,5067789.0,870443466.0,408600000.0,0.012402812041116006
2022-03-17,608.64,645.62,602.73,632.25,3840806.0,700666824.0,408600000.0,0.009399916789035732
2022-03-18,630.57,644.96,619.23,639.16,2247883.0,414617212.0,408600000.0,0.00550142682329907
2022-03-21,640.88,644.14,629.36,639.16,1406170.0,260193420.0,408600000.0,0.003441434165442976
2022-03-22,642.59,646.51,627.06,634.14,1349193.0,249518168.0,408600000.0,0.0033019897209985317
2022-03-23,633.97,648.71,633.97,645.41,2040938.0,381983497.0,408600000.0,0.004994953499755262
2022-03-24,639.16,647.06,628.5,633.56,2064944.0,382073643.0,408600000.0,0.005053705335291239
2022-03-25,637.44,637.44,607.58,612.8,2611588.0,469343686.0,408600000.0,0.006391551639745472
2022-03-28,600.57,604.31,578.44,585.28,3426923.0,584536574.0,408600000.0,0.00838698727361723
2022-03-29,585.52,601.29,556.69,563.76,4440605.0,734746661.0,408600000.0,0.01086785364659814
2022-03-30,566.99,601.36,566.99,594.48,3836213.0,659360076.0,408600000.0,0.009388675966715615
2022-03-31,594.48,596.2,582.46,588.85,1884751.0,323074283.0,408600000.0,0.004612704356338718
2022-04-01,586.68,607.13,580.88,599.64,2433495.0,424183392.0,408600000.0,0.005955690161527166
2022-04-06,597.96,597.96,587.1,589.19,1857889.0,319458192.0,408600000.0,0.00454696279980421
2022-04-07,584.9,596.86,583.52,591.94,2122215.0,365614341.0,408600000.0,0.005193869309838473
2022-04-08,594.42,606.44,580.74,585.96,3443964.0,592811394.0,408600000.0,0.008428693098384728
2022-04-11,581.36,585.83,554.97,564.25,2774898.0,456484172.0,408600000.0,0.006791233480176211
2022-04-12,564.28,590.7,551.77,587.61,4185133.0,696945674.0,408600000.0,0.010242616250611845
2022-04-13,576.89,596.2,572.39,585.34,2218996.0,378585146.0,408600000.0,0.005430729319627998
2022-04-14,591.08,626.2,587.65,621.53,3398122.0,609340634.0,408600000.0,0.00831650024473813
2022-04-15,618.54,661.73,611.67,642.83,5071602.0,949606617.0,408600000.0,0.012412143906020558
2022-04-18,636.41,652.56,632.28,643.28,1635269.0,306013621.0,408600000.0,0.004002126774351444
2022-04-19,639.78,661.05,639.16,640.88,2273778.0,425884501.0,408600000.0,0.005564801762114538
2022-04-20,642.25,665.96,622.32,651.25,3292784.0,624331495.0,408600000.0,0.008058697993147332
2022-04-21,647.82,660.77,618.54,645.03,2285400.0,432079808.0,408600000.0,0.005593245227606461
2022-04-22,642.59,652.9,637.1,643.86,1555387.0,292264143.0,408600000.0,0.0038066250611845324
2022-04-25,630.98,635.72,605.45,607.54,1746533.0,316737090.0,408600000.0,0.004274432207537935
2022-04-26,614.42,640.84,608.23,621.98,2265909.0,413148376.0,408600000.0,0.0055455433186490455
2022-04-27,621.67,662.21,621.39,662.21,3582866.0,675907739.0,408600000.0,0.008768639255996084
2022-04-28,652.87,699.16,650.22,680.39,2744721.0,545185899.0,408600000.0,0.00671737885462555
2022-04-29,697.13,723.9,659.33,671.84,3240205.0,641768419.0,408600000.0,0.007930017131669114
2022-05-05,686.13,739.02,685.2,704.21,5257888.0,1089244400.0,408600000.0,0.012868056779246207
2022-05-06,694.14,696.41,672.15,686.2,2477192.0,491556756.0,408600000.0,0.006062633382280959
2022-05-09,683.73,683.76,643.25,665.99,2848974.0,546016074.0,408600000.0,0.006972525697503671
2022-05-10,648.37,670.12,641.91,661.25,2045034.0,392468307.0,408600000.0,0.005004977973568282
2022-05-11,663.21,716.82,660.36,694.14,3621474.0,733092052.0,408600000.0,0.008863127753303965
2022-05-12,694.07,720.46,681.7,707.44,1998202.0,410311403.0,408600000.0,0.004890362212432697
2022-05-13,706.85,714.31,694.48,701.35,1173268.0,239710902.0,408600000.0,0.002871434165442976
2022-05-16,705.48,719.91,701.05,711.7,1478436.0,304926888.0,408600000.0,0.0036182966226138034
2022-05-17,707.61,722.32,704.79,715.0,1473700.0,306636360.0,408600000.0,0.0036067058247674986
2022-05-18,714.76,716.58,687.99,708.91,2327810.0,474381667.0,408600000.0,0.005697038668624572
2022-05-19,694.83,706.51,689.71,696.23,1340684.0,271246288.0,408600000.0,0.0032811649534997553
2022-05-20,699.98,730.7,699.98,730.7,2382218.0,500555519.0,408600000.0,0.00583019579050416
2022-05-23,730.7,738.02,703.14,709.46,2463726.0,511535168.0,408600000.0,0.006029676945668135
2022-05-24,717.51,718.16,694.48,696.27,1888294.0,385233472.0,408600000.0,0.004621375428291728
2022-05-25,696.27,700.98,663.83,683.42,3062256.0,601806235.0,408600000.0,0.007494508076358297
2022-05-26,680.36,689.64,670.08,687.33,2607628.0,517310058.0,408600000.0,0.006381860009789526
2022-05-27,685.38,707.51,684.86,696.99,1652667.0,336424604.0,408600000.0,0.004044706314243759
2022-05-30,703.73,751.87,697.57,751.87,4009652.0,856321883.0,408600000.0,0.009813147332354381
2022-05-31,742.25,789.94,735.44,783.45,3961108.0,895153059.0,408600000.0,0.00969434165442976
2022-06-01,776.61,793.86,767.33,776.27,1797837.0,407222699.0,408600000.0,0.004399992657856094
2022-06-02,774.31,776.61,753.07,766.3,1414586.0,314005752.0,408600000.0,0.003462031326480666
2022-06-06,760.56,776.61,739.6,774.55,3074125.0,680997987.0,408600000.0,0.007523556045031816
2022-06-07,769.74,809.26,764.58,780.08,3046418.0,700101432.0,408600000.0,0.007455746451297112
2022-06-08,776.99,824.03,776.95,802.66,3344906.0,777704642.0,408600000.0,0.008186260401370533
2022-06-09,797.95,802.38,759.5,767.33,2930909.0,661123501.0,408600000.0,0.007173051884483602
2022-06-10,760.56,767.4,756.06,767.23,4436753.0,984823700.0,408600000.0,0.010858426333822809
2022-06-13,761.78,776.95,751.4,773.61,3089843.0,680583317.0,408600000.0,0.00756202398433676
2022-06-14,766.95,796.83,760.04,785.9,3042377.0,686620870.0,408600000.0,0.007445856583455702
2022-06-15,781.67,815.54,777.47,787.77,2545834.0,583322720.0,408600000.0,0.006230626529613314
2022-06-16,784.62,797.8,779.31,788.75,2069906.0,470496959.0,408600000.0,0.005065849241311797
2022-06-17,784.37,805.16,782.01,792.67,2076748.0,474830432.0,408600000.0,0.005082594224180127
2022-06-20,798.05,828.24,792.25,820.43,2436667.0,570647469.0,408600000.0,0.005963453255017132
2022-06-21,820.43,825.78,785.03,794.33,2442617.0,563294451.0,408600000.0,0.005978015173764072
2022-06-22,792.15,809.85,787.64,789.47,2278854.0,524357109.0,408600000.0,0.005577224669603524
2022-06-23,788.82,797.6,775.66,791.31,2038511.0,460997811.0,408600000.0,0.0049890137053352915
2022-06-24,791.14,801.69,782.81,799.5,2275579.0,520367805.0,408600000.0,0.005569209495839451
2022-06-27,801.69,822.51,794.75,813.35,2656824.0,619993226.0,408600000.0,0.006502261380323054
2022-06-28,812.42,820.81,802.63,815.92,1680269.0,392871892.0,408600000.0,0.004112258932941752
2022-06-29,810.82,860.69,807.31,827.37,3935863.0,953732076.0,408600000.0,0.009632557513460597
2022-06-30,825.98,879.78,822.48,866.45,3460766.0,856528591.0,408600000.0,0.008469813999021048
2022-07-01,883.6,883.6,832.93,845.0,2490384.0,611660058.0,408600000.0,0.006094919236417033
2022-07-04,838.34,856.32,813.8,852.92,2281724.0,551955118.0,408600000.0,0.005584248653940284
2022-07-05,852.92,858.75,827.75,842.47,2059208.0,498461775.0,408600000.0,0.005039667156142927
2022-07-06,845.07,850.28,801.0,813.18,2306619.0,544663226.0,408600000.0,0.005645176211453744
2022-07-07,809.19,839.52,808.98,832.89,2376424.0,566426930.0,408600000.0,0.005816015663240333
2022-07-08,838.13,841.6,813.84,827.13,1560089.0,371430550.0,408600000.0,0.003818132648066569
2022-07-11,817.73,820.74,794.4,810.71,1528203.0,353782725.0,408600000.0,0.0037400954478707784
2022-07-12,809.19,819.6,794.54,797.77,1233575.0,284574713.0,408600000.0,0.0030190283896231033
2022-07-13,797.8,812.1,791.28,803.77,910686.0,210838132.0,408600000.0,0.0022287958883994126
2022-07-14,802.66,810.68,794.4,798.78,912207.0,210345187.0,408600000.0,0.0022325183553597652
2022-07-15,798.53,850.07,794.92,825.95,2885986.0,692046216.0,408600000.0,0.0070631081742535485
2022-07-18,825.98,829.56,783.4,812.28,1769608.0,409921377.0,408600000.0,0.004330905531081742
2022-07-19,810.85,838.34,807.94,834.56,1466919.0,348504366.0,408600000.0,0.00359011013215859
2022-07-20,825.98,841.6,825.98,827.37,1092162.0,261254912.0,408600000.0,0.002672936857562408
2022-07-21,822.65,831.54,813.14,815.68,947746.0,223860932.0,408600000.0,0.0023194958394517867
2022-07-22,820.78,820.78,802.35,808.25,994966.0,231814039.0,408600000.0,0.0024350611845325503
2022-07-25,809.85,816.13,788.78,813.04,949749.0,220076892.0,408600000.0,0.0023243979441997064
2022-07-26,819.04,839.87,812.1,815.5,1115397.0,264550845.0,408600000.0,0.0027298017621145373
2022-07-27,815.61,820.19,799.99,803.6,847933.0,197332856.0,408600000.0,0.0020752153695545767
2022-07-28,804.19,810.37,796.83,801.31,832120.0,192756175.0,408600000.0,0.0020365149290259422
2022-07-29,798.05,798.22,729.09,740.4,4510302.0,978262192.0,408600000.0,0.011038428781204111
2022-08-01,780.83,814.43,777.81,814.43,4152425.0,968064076.0,408600000.0,0.010162567302985806
2022-08-02,797.32,884.98,796.49,867.63,9143150.0,2276829204.0,408600000.0,0.022376774351443956
2022-08-03,867.67,876.48,839.87,860.69,4259301.0,1055790074.0,408600000.0,0.01042413362701909
2022-08-04,873.6,907.72,845.42,898.48,3559144.0,912220615.0,408600000.0,0.008710582476749877
2022-08-05,898.76,922.43,869.57,878.39,2439824.0,622727063.0,408600000.0,0.005971179637787568
2022-08-08,878.08,904.07,876.52,884.98,1829293.0,468263835.0,408600000.0,0.004476977484092022
2022-08-09,879.33,894.53,870.41,883.28,1637682.0,416563118.0,408600000.0,0.0040080323054331865
2022-08-10,883.32,905.11,873.6,882.55,1682708.0,428565002.0,408600000.0,0.004118228095937347
2022-08-11,878.46,884.98,861.42,868.64,1889944.0,472634459.0,408600000.0,0.004625413607440039
2022-08-12,871.07,877.35,857.32,868.67,1494625.0,373725977.0,408600000.0,0.0036579172785119922
2022-08-15,860.69,889.6,850.28,869.54,1607821.0,402872011.0,408600000.0,0.00393495105237396
2022-08-16,869.54,872.77,850.28,865.83,1362943.0,338242484.0,408600000.0,0.003335641213901126
2022-08-17,864.13,891.96,850.8,887.41,2308679.0,582973430.0,408600000.0,0.005650217816935878
2022-08-18,885.05,885.05,859.27,873.88,1949598.0,487939009.0,408600000.0,0.004771409691629956
2022-08-19,866.42,873.88,857.46,861.66,1015500.0,253353140.0,408600000.0,0.002485315712187959
2022-08-22,861.7,873.88,853.75,869.37,1413403.0,353090640.0,408600000.0,0.0034591360744003915
2022-08-23,871.1,872.87,846.15,851.98,1297941.0,319860387.0,408600000.0,0.0031765565345080763
2022-08-24,853.71,861.7,845.11,845.87,1254496.0,307911726.0,408600000.0,0.0030702300538423886
2022-08-25,849.79,860.34,839.9,855.69,1345869.0,330217698.0,408600000.0,0.003293854625550661
2022-08-26,855.38,889.98,850.28,855.83,2404070.0,601671588.0,408600000.0,0.005883675966715614
2022-08-29,857.18,873.46,847.61,850.28,2063533.0,510679099.0,408600000.0,0.005050252080274107
2022-08-30,852.57,858.82,829.46,850.66,2061795.0,502005874.0,408600000.0,0.005045998531571219
2022-08-31,852.57,906.88,847.02,885.5,3516497.0,898007120.0,408600000.0,0.008606209006363191
2022-09-01,877.21,902.23,870.27,884.29,2585903.0,659766598.0,408600000.0,0.006328690651003426
2022-09-02,884.64,897.1,848.65,852.6,2279881.0,565803118.0,408600000.0,0.005579738130200685
2022-09-05,847.61,850.24,809.67,829.14,2812206.0,668404584.0,408600000.0,0.006882540381791483
2022-09-06,832.86,854.41,823.9,852.67,2030409.0,494914387.0,408600000.0,0.004969185022026432
2022-09-07,850.66,850.66,833.97,842.44,774343.0,187848209.0,408600000.0,0.0018951125795398922
2022-09-08,846.6,858.92,835.36,840.46,1327071.0,323540087.0,408600000.0,0.003247848751835536
2022-09-09,845.07,867.63,836.05,851.32,1371949.0,337587649.0,408600000.0,0.0033576823299069996
2022-09-13,853.78,914.45,845.07,901.3,3504621.0,899906790.0,408600000.0,0.008577143906020558
2022-09-14,899.46,919.69,884.29,898.76,1601692.0,415918252.0,408600000.0,0.00391995105237396
2022-09-15,898.87,918.3,892.45,915.59,2080401.0,545672040.0,408600000.0,0.005091534508076358
2022-09-16,910.28,916.57,890.19,890.54,1255248.0,324899096.0,408600000.0,0.003072070484581498
2022-09-19,890.57,908.1,871.1,888.73,1186594.0,305503863.0,408600000.0,0.0029040479686735193
2022-09-20,894.81,905.36,874.57,899.18,1139452.0,293808680.0,408600000.0,0.0027886735193343123
2022-09-21,899.18,905.81,881.24,890.5,1209818.0,311407455.0,408600000.0,0.0029608859520313265
2022-09-22,883.25,890.19,864.16,884.98,905578.0,230045625.0,408600000.0,0.0022162946647087617
2022-09-23,881.51,899.94,872.84,881.17,1589333.0,405170266.0,408600000.0,0.0038897038668624572
2022-09-26,872.21,918.16,871.24,909.28,2052720.0,534993779.0,408600000.0,0.0050237885462555065
2022-09-27,912.4,955.64,902.68,951.55,2463775.0,664900621.0,408600000.0,0.006029796867351934
2022-09-28,947.45,957.03,937.01,943.98,1612601.0,440104914.0,408600000.0,0.003946649534997552
2022-09-29,954.05,965.92,938.81,954.22,1873614.0,516138617.0,408600000.0,0.0045854478707782675
2022-09-30,963.87,967.34,941.24,943.81,1540029.0,422338449.0,408600000.0,0.0037690381791483114
2022-10-10,941.03,947.45,887.45,897.03,2296424.0,602457392.0,408600000.0,0.0056202251590797845
2022-10-11,897.13,904.07,864.72,890.19,1885795.0,482613523.0,408600000.0,0.004615259422418013
2022-10-12,890.19,891.92,860.86,878.95,1774454.0,447084446.0,408600000.0,0.004342765540871268
2022-10-13,877.87,897.69,872.91,875.3,1826888.0,463773002.0,408600000.0,0.004471091532060695
2022-10-14,878.04,891.51,867.74,881.17,1673891.0,425898912.0,408600000.0,0.004096649534997552
2022-10-17,850.31,850.31,793.05,799.78,3868814.0,888756285.0,408600000.0,0.00946846304454234
2022-10-18,787.81,803.57,765.25,777.57,5216604.0,1170346307.0,408600000.0,0.012767019089574156
2022-10-19,770.49,777.36,750.61,756.57,4063428.0,888033814.0,408600000.0,0.0099447577092511
2022-10-20,749.63,786.63,741.3,785.83,3466570.0,770682278.0,408600000.0,0.008484018600097894
2022-10-21,777.05,780.87,765.81,768.72,1958606.0,435367136.0,408600000.0,0.004793455702398434
2022-10-24,761.78,761.78,712.08,730.55,3783129.0,793733974.0,408600000.0,0.009258759177679883
2022-10-25,718.43,739.22,714.96,726.21,2762031.0,578550615.0,408600000.0,0.00675974302496329
2022-10-26,728.81,740.78,712.95,735.89,2295723.0,482538304.0,408600000.0,0.005618509544787078
2022-10-27,732.28,737.97,699.0,703.16,3884973.0,797302834.0,408600000.0,0.009508010279001469
2022-10-28,702.78,715.1,687.75,698.34,3486962.0,705628851.0,408600000.0,0.00853392559960842
2022-10-31,688.9,697.58,672.17,683.9,3054862.0,599909658.0,408600000.0,0.007476412139011258
2022-11-01,690.63,721.97,681.23,718.99,3981713.0,809048756.0,408600000.0,0.009744769946157611
2022-11-02,707.99,759.59,704.41,729.85,4084826.0,859954273.0,408600000.0,0.009997126774351444
2022-11-03,718.4,728.81,716.77,721.63,1309946.0,272519720.0,408600000.0,0.0032059373470386685
2022-11-04,714.69,771.84,711.63,754.87,3467787.0,752673811.0,408600000.0,0.008486997063142437
2022-11-07,746.16,780.17,742.66,771.53,2847078.0,628274265.0,408600000.0,0.006967885462555066
2022-11-08,764.21,773.68,749.98,756.99,1468053.0,321522275.0,408600000.0,0.003592885462555066
2022-11-09,755.85,763.48,742.94,746.51,1399472.0,301763422.0,408600000.0,0.0034250416054821342
2022-11-10,739.81,760.39,736.17,752.76,1808528.0,390909920.0,408600000.0,0.00442615761135585
2022-11-11,775.66,787.74,760.08,783.3,3801701.0,852789727.0,408600000.0,0.009304211943220753
2022-11-14,781.67,816.13,781.67,797.35,2671765.0,615677352.0,408600000.0,0.0065388277043563385
2022-11-15,797.35,867.63,783.92,820.05,2843842.0,675647346.0,408600000.0,0.006959965736661772
2022-11-16,816.02,865.9,802.73,850.11,2773579.0,674722923.0,408600000.0,0.006788005384238864
2022-11-17,846.04,853.75,814.88,829.42,1813893.0,433136072.0,408600000.0,0.004439287812041116
2022-11-18,826.19,831.19,813.84,823.62,1844301.0,437058160.0,408600000.0,0.00451370778267254
2022-11-21,814.32,831.19,801.73,819.04,2642409.0,624804230.0,408600000.0,0.006466982378854625
2022-11-22,819.01,846.81,815.57,819.74,1799409.0,429304480.0,408600000.0,0.004403839941262849
2022-11-23,814.25,839.03,808.63,821.13,1683265.0,399659294.0,408600000.0,0.004119591287322565
2022-11-24,824.04,832.23,807.24,819.7,1390919.0,327928631.0,408600000.0,0.0034041091532060696
2022-11-25,815.61,825.98,812.48,822.41,1105976.0,261895592.0,408600000.0,0.002706744982868331
2022-11-28,807.83,831.5,793.71,827.37,1918481.0,449425806.0,408600000.0,0.004695254527655408
2022-11-29,832.37,846.74,817.31,841.6,2681493.0,642865174.0,408600000.0,0.0065626358296622615
2022-11-30,829.14,847.81,823.14,827.06,1586843.0,378784812.0,408600000.0,0.00388360988742046
2022-12-01,839.87,884.98,839.87,846.39,3721389.0,921512322.0,408600000.0,0.009107657856093979
2022-12-02,847.64,854.3,831.71,832.75,2542079.0,615844918.0,408600000.0,0.006221436612824278
2022-12-05,839.87,860.79,838.83,848.51,2266697.0,554262237.0,408600000.0,0.0055474718551150265
2022-12-06,842.23,918.3,840.7,888.45,3607769.0,925912425.0,408600000.0,0.00882958639255996
2022-12-07,888.45,912.75,873.11,891.58,2594396.0,665567526.0,408600000.0,0.00634947626040137
2022-12-08,898.03,902.27,882.0,892.2,1388518.0,357239913.0,408600000.0,0.003398232990699951
2022-12-09,895.4,923.78,886.72,923.78,2271086.0,594036938.0,408600000.0,0.005558213411649535
2022-12-12,919.69,931.7,900.95,908.06,2054850.0,539583238.0,408600000.0,0.005029001468428781
2022-12-13,903.03,957.86,898.87,941.66,2229392.0,601891851.0,408600000.0,0.005456172295643661
2022-12-14,938.22,964.77,928.02,959.46,1585070.0,433590810.0,408600000.0,0.003879270680372002
2022-12-15,955.26,978.58,940.51,949.81,1415023.0,388370099.0,408600000.0,0.0034631008321096427
2022-12-16,949.81,954.39,937.39,949.81,1015946.0,277063009.0,408600000.0,0.002486407244248654
2022-12-19,947.45,961.3,937.39,943.95,1043992.0,284479305.0,408600000.0,0.002555046500244738
2022-12-20,943.46,947.0,910.67,921.53,1681248.0,446447381.0,408600000.0,0.004114654919236417
2022-12-21,922.71,935.27,917.4,919.86,1141115.0,303864431.0,408600000.0,0.00279274351443955
2022-12-22,923.16,943.01,916.22,928.78,1173226.0,314515524.0,408600000.0,0.0028713313754282917
2022-12-23,920.04,942.66,916.22,937.35,1184916.0,318517846.0,408600000.0,0.002899941262848752
2022-12-26,937.39,940.51,923.16,924.93,1157563.0,309781289.0,408600000.0,0.0028329980420949584
2022-12-27,924.93,973.17,918.99,937.04,1803968.0,490706554.0,408600000.0,0.004414997552618698
2022-12-28,933.33,940.51,923.51,930.1,1295525.0,346690079.0,408600000.0,0.0031706436612824276
2022-12-29,926.63,938.78,910.08,934.75,1211015.0,324365759.0,408600000.0,0.0029638154674498287
2022-12-30,933.47,940.51,923.51,926.28,1265129.0,338591788.0,408600000.0,0.0030962530592266277
2023-01-03,926.28,929.65,903.52,914.31,1799050.0,473175770.0,408600000.0,0.004402961331375428
2023-01-04,912.71,923.96,897.13,914.69,1469400.0,386025341.0,408600000.0,0.003596182085168869
2023-01-05,914.69,1006.17,914.69,1006.17,3589471.0,1006490559.0,408600000.0,0.00878480420949584
2023-01-06,1020.33,1040.67,986.05,1011.48,3795574.0,1100872215.0,408600000.0,0.009289216837983357
2023-01-09,1028.11,1033.38,998.82,1027.28,2538026.0,746631145.0,408600000.0,0.0062115173764072445
2023-01-10,1027.31,1044.63,1016.86,1026.44,1646640.0,487195459.0,408600000.0,0.004029955947136564
2023-01-11,1023.8,1030.75,1009.26,1019.33,1282911.0,376737845.0,408600000.0,0.0031397723935389136
2023-01-12,1019.33,1027.9,1007.6,1018.6,973980.0,285534982.0,408600000.0,0.0023837004405286343
2023-01-13,1023.46,1038.73,1011.0,1024.67,2190345.0,647393332.0,408600000.0,0.0053606093979442
2023-01-16,1037.58,1068.92,1030.75,1044.63,2904061.0,881351031.0,408600000.0,0.007107344591287323
2023-01-17,1041.16,1044.63,1016.59,1024.39,1937663.0,572468165.0,408600000.0,0.004742200195790504
2023-01-18,1027.28,1049.9,1015.13,1024.29,1599504.0,474476956.0,408600000.0,0.003914596182085169
2023-01-19,1020.33,1027.28,1003.36,1016.86,1294017.0,378606300.0,408600000.0,0.0031669530102790013
2023-01-20,1019.99,1032.27,998.05,1002.81,1293721.0,377603997.0,408600000.0,0.0031662285854136074
2023-01-30,1000.9,1018.01,971.75,998.09,2201095.0,633715411.0,408600000.0,0.005386918746940773
2023-01-31,992.57,998.4,961.37,964.81,2325535.0,651176149.0,408600000.0,0.005691470876162506
2023-02-01,971.54,982.23,954.39,978.62,1561041.0,437533652.0,408600000.0,0.003820462555066079
2023-02-02,983.51,983.89,962.03,964.6,1785428.0,499449452.0,408600000.0,0.004369623103279491
2023-02-03,962.93,981.46,948.49,977.92,1965617.0,549696543.0,408600000.0,0.004810614292706804
2023-02-06,971.4,978.69,941.76,970.36,1894157.0,526534778.0,408600000.0,0.004635724424865394
2023-02-07,972.13,976.95,957.93,963.76,1149566.0,319383025.0,408600000.0,0.0028134263338228096
2023-02-08,964.84,970.01,950.92,954.74,1035942.0,286075494.0,408600000.0,0.002535345080763583
2023-02-09,954.74,977.96,952.66,966.82,1594015.0,444093392.0,408600000.0,0.0039011625061184533
2023-02-10,964.81,971.75,950.92,961.34,1476036.0,408902782.0,408600000.0,0.003612422907488987
2023-02-13,954.39,995.28,952.66,982.12,2743161.0,776500098.0,408600000.0,0.00671356093979442
2023-02-14,982.16,1001.18,975.84,990.11,2056186.0,586699787.0,408600000.0,0.005032271169848263
2023-02-15,987.99,1002.98,982.51,985.77,2073726.0,593006635.0,408600000.0,0.005075198237885463
2023-02-16,985.63,1013.39,978.69,1000.59,1887279.0,544180679.0,408600000.0,0.0046188913362701905
2023-02-17,999.51,1019.85,975.29,976.74,1413157.0,404796916.0,408600000.0,0.003458534018600098
2023-02-20,971.78,995.21,971.78,989.1,1051477.0,298285835.0,408600000.0,0.0025733651492902596
2023-02-21,987.36,992.15,954.85,966.37,1283876.0,357327417.0,408600000.0,0.00314213411649535
2023-02-22,957.86,1011.83,954.46,987.36,1986133.0,566123354.0,408600000.0,0.004860824767498776
2023-02-23,988.06,995.97,949.22,961.2,1739509.0,481649909.0,408600000.0,0.004257241801272639
2023-02-24,954.36,954.43,936.69,945.79,1182460.0,321538674.0,408600000.0,0.002893930494371023
2023-02-27,945.82,959.77,933.15,950.92,1412693.0,385531754.0,408600000.0,0.0034573984336759666
2023-02-28,944.4,963.07,937.39,950.3,1048789.0,286242051.0,408600000.0,0.002566786588350465
2023-03-01,950.06,970.53,944.09,965.6,1442806.0,398785984.0,408600000.0,0.003531096426823299
2023-03-02,965.78,971.05,954.5,964.81,767898.0,213529771.0,408600000.0,0.001879339207048458
2023-03-03,967.51,982.12,949.19,954.91,967294.0,267953562.0,408600000.0,0.0023673372491434166
2023-03-06,954.88,961.2,939.02,960.99,766754.0,210663806.0,408600000.0,0.0018765394028389623
2023-03-07,959.57,969.98,940.86,946.03,1035233.0,284899313.0,408600000.0,0.00253360988742046
2023-03-08,937.56,942.87,922.47,928.57,1056207.0,283070569.0,408600000.0,0.0025849412628487518
2023-03-09,929.09,959.6,929.09,944.95,1521866.0,414270083.0,408600000.0,0.003724586392559961
2023-03-10,933.57,955.96,930.1,942.42,1124048.0,305665311.0,408600000.0,0.0027509740577581986
2023-03-13,942.42,981.81,935.79,973.14,1502835.0,418272836.0,408600000.0,0.0036780102790014684
2023-03-14,973.2,986.98,942.25,955.09,1251208.0,345780013.0,408600000.0,0.00306218306412139
2023-03-15,951.13,962.24,937.04,937.81,1026984.0,279539448.0,408600000.0,0.002513421439060206
2023-03-16,930.1,959.25,926.98,950.89,1142512.0,312774605.0,408600000.0,0.002796162506118453
2023-03-17,957.86,959.08,905.49,912.4,2951040.0,785025070.0,408600000.0,0.007222320117474303
2023-03-20,912.4,923.78,888.45,921.46,1715194.0,449568429.0,408600000.0,0.004197733724914342
2023-03-21,922.15,952.66,910.42,941.03,1577672.0,424278166.0,408600000.0,0.003861164953499755
2023-03-22,942.35,962.97,913.1,922.12,1451771.0,390211538.0,408600000.0,0.0035530372001957907
2023-03-23,922.15,953.73,914.83,942.53,1189933.0,322541298.0,408600000.0,0.0029122197748409203
2023-03-24,940.51,978.69,939.82,956.82,1594871.0,440781505.0,408600000.0,0.0039032574645129713
2023-03-27,956.86,964.77,933.57,944.05,1167378.0,318771052.0,408600000.0,0.0028570190895741555
2023-03-28,947.45,989.1,940.51,975.18,1636851.0,458098863.0,408600000.0,0.004005998531571219
2023-03-29,973.9,981.39,962.65,978.2,1318910.0,369028534.0,408600000.0,0.0032278756730298582
2023-03-30,975.22,990.14,966.82,982.02,1067434.0,300818928.0,408600000.0,0.002612418012726383
2023-03-31,982.16,1038.31,982.16,1027.28,2988474.0,883007754.0,408600000.0,0.007313935389133627
2023-04-03,1016.93,1047.4,1013.39,1017.42,1513035.0,446591081.0,408600000.0,0.0037029735682819385
2023-04-04,1021.97,1059.0,1006.45,1051.57,1893961.0,566591084.0,408600000.0,0.0046352447381302
2023-04-06,1047.68,1065.69,1011.66,1025.51,1317915.0,393204723.0,408600000.0,0.003225440528634361
2023-04-07,1020.33,1036.99,1002.29,1008.19,1077112.0,314776712.0,408600000.0,0.002636103768967205
2023-04-10,1008.19,1016.86,957.9,1009.58,2778080.0,792052968.0,408600000.0,0.006799021047479197
2023-04-11,1010.13,1014.61,982.26,994.06,1770132.0,507218398.0,408600000.0,0.004332187958883994
2023-04-12,994.06,997.39,955.37,962.72,2756544.0,766700725.0,408600000.0,0.0067463142437591776
2023-04-13,957.93,964.25,944.26,960.22,2007847.0,553078627.0,408600000.0,0.004913967205090553
2023-04-14,956.96,982.16,955.99,962.27,1480592.0,412780197.0,408600000.0,0.00362357317670093
2023-04-17,980.42,1001.18,954.39,966.16,1631343.0,456945710.0,408600000.0,0.003992518355359765
2023-04-18,964.18,982.16,958.45,981.67,1149077.0,322258947.0,408600000.0,0.0028122295643661283
2023-04-19,977.72,978.69,950.92,958.52,1249668.0,345834618.0,408600000.0,0.0030584140969162994
2023-04-20,958.56,960.81,933.54,938.78,1052485.0,285964990.0,408600000.0,0.002575832109642682
2023-04-21,943.46,967.58,930.1,946.52,1072492.0,293748265.0,408600000.0,0.0026247968673519333
2023-04-24,949.19,949.19,912.75,919.34,1896680.0,503043398.0,408600000.0,0.0046418991678903575
2023-04-25,918.06,933.09,909.73,923.51,958886.0,253910492.0,408600000.0,0.0023467596671561427
2023-04-26,923.47,934.27,914.93,929.34,973003.0,259671536.0,408600000.0,0.0023813093489965737
2023-04-27,923.16,947.49,904.07,936.97,1525694.0,406640948.0,408600000.0,0.003733954968184043
2023-04-28,946.41,965.19,939.82,950.02,1295133.0,354897589.0,408600000.0,0.003169684287812041
2023-05-04,991.95,1034.49,982.16,1014.36,4636709.0,1352883183.0,408600000.0,0.011347794909446892
2023-05-05,1023.8,1044.97,1007.25,1038.55,2104489.0,624248668.0,408600000.0,0.005150487028879099
2023-05-08,1042.3,1044.63,1008.19,1015.44,1954718.0,576770650.0,408600000.0,0.004783940283896231
2023-05-09,1010.24,1025.71,1000.55,1003.16,2344487.0,681843145.0,408600000.0,0.00573785364659814
2023-05-10,1004.37,1004.72,982.16,988.41,1456742.0,414553603.0,408600000.0,0.0035652031326480664
2023-05-11,988.41,999.13,983.89,991.15,970499.0,277400651.0,408600000.0,0.0023751811062163483
2023-05-12,989.1,996.04,968.28,973.86,1085454.0,305475485.0,408600000.0,0.002656519823788546
2023-05-15,973.31,988.3,951.37,984.83,1409924.0,396268357.0,408600000.0,0.00345062163485071
2023-05-16,985.66,986.81,961.34,970.74,717221.0,200608059.0,408600000.0,0.001755313264806657
2023-05-17,965.47,971.75,947.63,953.25,912147.0,250860310.0,408600000.0,0.0022323715124816447
2023-05-18,953.7,978.27,950.92,963.97,1222674.0,339971815.0,408600000.0,0.0029923494860499265
2023-05-19,960.16,970.84,937.74,961.3,1049848.0,287771173.0,408600000.0,0.0025693783651492903
2023-05-22,954.39,1006.45,943.64,992.6,1667281.0,474066815.0,408600000.0,0.004080472344591288
2023-05-23,992.64,998.99,971.54,973.76,1072827.0,303116910.0,408600000.0,0.0026256167400881057
2023-05-24,968.21,973.38,950.92,952.83,930013.0,257195235.0,408600000.0,0.002276096426823299
2023-05-25,952.83,952.83,914.07,926.49,1386951.0,370105201.0,408600000.0,0.0033943979441997062
2023-05-26,926.49,932.88,905.81,911.92,991356.0,260979090.0,408600000.0,0.0024262261380323053
2023-05-29,912.09,919.69,888.45,900.98,1618132.0,418709499.0,408600000.0,0.003960186000978952
2023-05-30,897.17,911.01,892.2,900.84,1158829.0,300493116.0,408600000.0,0.002836096426823299
2023-05-31,888.8,892.83,867.7,874.29,1707221.0,430052805.0,408600000.0,0.004178220753793441
2023-06-01,874.26,890.74,872.59,881.51,1413475.0,358485431.0,408600000.0,0.003459312285854136
2023-06-02,877.94,895.4,872.87,895.4,1585157.0,404741738.0,408600000.0,0.0038794836025452767
2023-06-05,884.98,887.76,852.01,854.03,2061095.0,512598241.0,408600000.0,0.005044285364659814
2023-06-06,857.22,863.47,832.93,849.93,2447902.0,599615816.0,408600000.0,0.005990949583945178
2023-06-07,849.69,851.94,825.5,827.93,2151434.0,515432138.0,408600000.0,0.005265379344101811
2023-06-08,829.56,855.59,825.98,852.01,1722436.0,418763064.0,408600000.0,0.004215457660303476
2023-06-09,849.58,865.86,843.44,853.3,1640236.0,403675395.0,408600000.0,0.004014282917278512
2023-06-12,850.8,895.4,844.17,876.65,1741015.0,437277908.0,408600000.0,0.00426092755751346
2023-06-13,876.17,897.51,871.28,890.71,1486311.0,379645093.0,408600000.0,0.003637569750367107
2023-06-14,890.71,936.63,890.71,928.61,1989082.0,529918481.0,408600000.0,0.004868042094958395
2023-06-15,928.33,937.74,920.45,928.75,1494346.0,400170420.0,408600000.0,0.003657234459128732
2023-06-16,930.1,940.48,920.04,929.75,1414561.0,378144835.0,408600000.0,0.0034619701419481156
2023-06-19,928.37,937.04,905.81,919.72,1998964.0,528813356.0,408600000.0,0.004892227116984826
2023-06-20,923.12,924.69,896.44,907.99,1409432.0,367530036.0,408600000.0,0.0034494175232501222
2023-06-21,905.6,914.07,891.92,893.94,1237899.0,321474109.0,408600000.0,0.003029610866372981
2023-06-26,884.95,888.38,864.09,874.71,1673170.0,421563898.0,408600000.0,0.004094884973078806
2023-06-27,876.34,890.15,867.46,879.78,1094638.0,277301604.0,408600000.0,0.0026789965736661774
2023-06-28,879.01,897.65,871.45,881.13,1137929.0,289040642.0,408600000.0,0.0027849461576113558
2023-06-29,877.63,888.11,864.16,870.44,1029253.0,258650493.0,408600000.0,0.002518974547234459
2023-06-30,871.8,875.96,850.66,858.54,1316697.0,327015025.0,408600000.0,0.003222459618208517
2023-07-03,861.77,889.7,845.18,887.07,1853802.0,469414256.0,408600000.0,0.004536960352422907
2023-07-04,887.07,892.27,869.54,892.13,1080664.0,275098183.0,408600000.0,0.0026447968673519334
2023-07-05,888.42,888.42,864.85,874.36,1286886.0,323864221.0,408600000.0,0.0031495007342143906
2023-07-06,874.23,881.51,851.32,857.29,1417920.0,352417088.0,408600000.0,0.0034701908957415566
2023-07-07,853.71,864.16,845.42,857.22,935294.0,230902431.0,408600000.0,0.0022890210474791972
2023-07-10,859.34,865.31,845.04,852.01,1263782.0,310617726.0,408600000.0,0.0030929564366128245
2023-07-11,850.28,851.29,840.46,847.78,1017647.0,247786588.0,408600000.0,0.0024905702398433675
2023-07-12,846.7,859.09,843.65,851.56,901941.0,221670156.0,408600000.0,0.0022073935389133625
2023-07-13,856.17,878.3,854.51,866.46,1744525.0,431001250.0,408600000.0,0.004269517865883504
2023-07-14,867.41,878.3,862.84,871.34,1094272.0,270824975.0,408600000.0,0.0026781008321096426
2023-07-17,867.87,874.44,860.1,869.73,798911.0,197502592.0,408600000.0,0.001955239843367597
2023-07-18,870.29,874.54,859.75,861.22,894260.0,220089281.0,408600000.0,0.002188595203132648
2023-07-19,861.22,869.59,852.02,858.41,836834.0,204842659.0,408600000.0,0.0020480518844836026
2023-07-20,860.1,885.4,857.85,860.8,1417399.0,351504533.0,408600000.0,0.003468915810083211
2023-07-21,860.8,894.6,856.27,888.31,2606813.0,654851474.0,408600000.0,0.00637986539402839
2023-07-24,888.21,888.21,864.39,871.66,1363401.0,338623697.0,408600000.0,0.003336762114537445
2023-07-25,902.96,927.56,897.69,909.29,3241436.0,843241762.0,408600000.0,0.007933029858051884
2023-07-26,905.39,924.05,897.73,912.03,1185417.0,307721196.0,408600000.0,0.002901167400881057
2023-07-27,913.44,945.13,906.48,934.66,2613949.0,695685451.0,408600000.0,0.00639732990699951
2023-07-28,938.17,978.86,927.59,975.2,2691715.0,736711195.0,408600000.0,0.006587652961331375
2023-07-31,975.17,1036.48,953.91,956.05,3107593.0,870408472.0,408600000.0,0.007605465002447381
2023-08-01,956.09,964.42,938.03,945.65,1564631.0,422992152.0,408600000.0,0.003829248653940284
2023-08-02,941.26,951.45,938.13,945.2,916498.0,246174568.0,408600000.0,0.0022430200685266766
2023-08-03,941.54,955.67,929.42,947.23,1095718.0,293522889.0,408600000.0,0.0026816397454723444
2023-08-04,955.49,973.23,942.84,947.55,995245.0,269680451.0,408600000.0,0.00243574400391581
2023-08-07,934.62,947.9,927.56,933.88,1182957.0,315001979.0,408600000.0,0.0028951468428781205
2023-08-08,933.88,947.13,925.03,941.96,1031640.0,275689795.0,408600000.0,0.0025248164464023496
2023-08-09,939.82,959.18,936.34,954.37,1153500.0,312437487.0,408600000.0,0.0028230543318649047
2023-08-10,949.98,957.63,942.95,953.52,1123417.0,303705726.0,408600000.0,0.0027494297601566324
2023-08-11,957.14,964.7,938.1,938.1,1138635.0,308752264.0,408600000.0,0.0027866740088105728
2023-08-14,929.91,934.97,910.31,932.9,1216243.0,319678067.0,408600000.0,0.0029766103768967206
2023-08-15,942.25,943.37,922.36,925.84,953386.0,252574124.0,408600000.0,0.0023332990699951052
2023-08-16,921.23,935.04,917.44,924.5,896926.0,236374973.0,408600000.0,0.0021951199216837984
2023-08-17,918.25,966.21,914.24,958.41,1578773.0,425050679.0,408600000.0,0.003863859520313265
2023-08-18,954.26,962.62,932.83,933.85,1057381.0,284247302.0,408600000.0,0.002587814488497308
2023-08-21,934.62,974.15,931.21,946.39,2009336.0,545117987.0,408600000.0,0.004917611355849241
2023-08-22,946.43,954.37,931.07,942.42,1204887.0,322459151.0,408600000.0,0.002948817914831131
2023-08-23,941.61,950.92,927.42,927.42,743287.0,197767681.0,408600000.0,0.0018191067058247676
2023-08-24,927.42,968.84,926.08,960.73,1333414.0,361197311.0,408600000.0,0.0032633724914341656
2023-08-25,953.98,962.34,938.8,950.78,1126207.0,304023685.0,408600000.0,0.0027562579539892316
2023-08-28,987.29,1003.1,943.37,953.28,1709932.0,467753559.0,408600000.0,0.004184855604503181
2023-08-29,946.88,966.21,941.61,964.8,1189286.0,324847971.0,408600000.0,0.002910636319138522
2023-08-30,966.14,989.05,960.13,979.14,1235111.0,343391463.0,408600000.0,0.0030227875673029857
2023-08-31,994.32,1018.56,960.94,1012.06,2413355.0,683559303.0,408600000.0,0.005906399902104748
2023-09-01,1011.88,1029.8,1008.76,1027.66,1635441.0,476675557.0,408600000.0,0.0040025477239353895
2023-09-04,1027.24,1050.11,1018.91,1027.34,2103716.0,618759939.0,408600000.0,0.0051485952031326485
2023-09-05,1038.66,1038.87,1015.04,1017.89,1176281.0,341739956.0,408600000.0,0.002878808125305923
2023-09-06,1017.86,1020.56,1005.91,1009.35,786090.0,226320601.0,408600000.0,0.0019238619676945669
2023-09-07,1001.34,1016.94,996.74,1000.82,1249405.0,356743478.0,408600000.0,0.003057770435633872
2023-09-08,996.07,1005.77,984.93,993.82,707647.0,200036254.0,408600000.0,0.0017318820362212434
2023-09-11,993.82,1010.3,982.02,993.09,1008787.0,286110362.0,408600000.0,0.002468886441507587
2023-09-12,993.09,998.46,985.74,988.69,642269.0,181254388.0,408600000.0,0.0015718771414586392
2023-09-13,990.8,996.07,976.75,990.06,731803.0,205747813.0,408600000.0,0.0017910009789525209
2023-09-14,987.18,999.59,984.06,991.61,755800.0,213426138.0,408600000.0,0.0018497307880567793
2023-09-15,992.24,997.27,977.28,982.76,1178498.0,330456816.0,408600000.0,0.002884233969652472
2023-09-18,973.27,996.07,971.83,994.42,887740.0,250095463.0,408600000.0,0.002172638277043563
2023-09-19,994.42,994.42,975.34,986.2,730763.0,204163866.0,408600000.0,0.0017884557023984337
2023-09-20,985.32,985.32,973.23,976.78,510638.0,142167099.0,408600000.0,0.0012497258932941753
2023-09-21,971.83,976.05,956.37,956.79,938219.0,256747626.0,408600000.0,0.0022961796377875673
2023-09-22,955.67,977.73,950.57,975.62,1347503.0,370543501.0,408600000.0,0.00329785364659814
2023-09-25,975.9,981.81,961.71,962.94,848853.0,234088805.0,408600000.0,0.002077466960352423
2023-09-26,961.64,967.19,952.86,954.33,846073.0,230700813.0,408600000.0,0.002070663240332844
2023-09-27,962.31,979.49,957.14,969.16,1076029.0,296479616.0,408600000.0,0.0026334532550171316
2023-09-28,969.23,973.09,953.56,954.96,903229.0,246267587.0,408600000.0,0.0022105457660303476
2023-10-09,955.14,965.12,938.24,956.48,1282081.0,346963352.0,408600000.0,0.0031377410670582477
2023-10-10,956.76,973.8,945.65,946.32,1051491.0,286565454.0,408600000.0,0.0025733994126284875
2023-10-11,946.39,954.09,943.69,947.27,701100.0,189061472.0,408600000.0,0.0017158590308370043
2023-10-12,953.91,962.98,937.68,946.18,977610.0,262963933.0,408600000.0,0.0023925844346549194
2023-10-13,941.68,945.09,926.65,935.64,853500.0,227088305.0,408600000.0,0.002088839941262849
2023-10-16,935.57,936.34,917.79,923.62,779945.0,205344728.0,408600000.0,0.0019088228095937346
2023-10-17,926.22,933.88,915.33,923.62,747411.0,196341969.0,408600000.0,0.0018291997063142437
2023-10-18,920.5,938.1,914.24,918.14,932103.0,245347512.0,408600000.0,0.0022812114537444934
2023-10-19,915.96,917.02,898.29,899.45,932058.0,240207640.0,408600000.0,0.002281101321585903
2023-10-20,896.04,906.86,889.26,892.81,796734.0,202977783.0,408600000.0,0.0019499118942731277
2023-10-23,892.81,912.28,883.99,888.35,815477.0,207392385.0,408600000.0,0.0019957831620166424
2023-10-24,890.25,911.75,881.88,906.3,1341125.0,343236311.0,408600000.0,0.0032822442486539405
2023-10-25,924.05,930.69,910.48,921.02,1123116.0,295178264.0,408600000.0,0.0027486930983847283
2023-10-26,913.47,935.04,909.99,933.88,856456.0,226187188.0,408600000.0,0.002096074400391581
2023-10-27,934.41,952.79,927.63,949.73,809648.0,217872701.0,408600000.0,0.0019815173764072443
2023-10-30,949.98,979.84,949.98,969.65,1193282.0,329188283.0,408600000.0,0.0029204160548213414
2023-10-31,974.99,985.18,961.75,980.33,1118706.0,309827526.0,408600000.0,0.0027379001468428783
2023-11-01,1018.91,1036.41,983.77,985.18,2025283.0,575713361.0,408600000.0,0.004956639745472345
2023-11-02,985.22,988.17,960.94,966.21,980383.0,270650598.0,408600000.0,0.002399371023005384
2023-11-03,967.96,975.34,958.34,961.46,1068826.0,293737337.0,408600000.0,0.0026158247674987764
2023-11-06,961.68,967.75,941.61,952.15,1424804.0,386728349.0,408600000.0,0.0034870386686245715
2023-11-07,946.88,948.57,934.59,944.25,1004586.0,269338475.0,408600000.0,0.002458604992657856
2023-11-08,938.1,945.06,932.76,938.1,805579.0,215000684.0,408600000.0,0.0019715589818893784
2023-11-09,933.85,942.95,931.11,939.43,793420.0,211717647.0,408600000.0,0.0019418012726382771
2023-11-10,935.96,938.77,925.8,935.89,976182.0,258716438.0,408600000.0,0.0023890895741556536
2023-11-13,932.83,933.39,919.06,923.66,803956.0,211244962.0,408600000.0,0.0019675868820362213
2023-11-14,923.59,930.65,915.12,918.25,833871.0,218772728.0,408600000.0,0.0020408002936857564
2023-11-15,923.52,933.88,920.74,926.96,969664.0,255913208.0,408600000.0,0.0023731375428291727
2023-11-16,926.72,931.78,915.51,916.42,583420.0,152962299.0,408600000.0,0.001427851199216838
2023-11-17,913.51,916.35,899.45,907.32,798981.0,205610863.0,408600000.0,0.0019554111600587373
2023-11-20,907.18,925.98,898.05,912.98,1057475.0,274266843.0,408600000.0,0.0025880445423396964
2023-11-21,913.51,929.25,904.79,923.69,1136302.0,298018163.0,408600000.0,0.002780964268232991
2023-11-22,917.72,929.32,915.33,927.31,674982.0,177709279.0,408600000.0,0.0016519383259911895
2023-11-23,924.22,927.21,911.75,918.78,613130.0,160126975.0,408600000.0,0.0015005628976994616
2023-11-24,917.02,922.29,908.59,915.09,607600.0,158209552.0,408600000.0,0.0014870288790993637
2023-11-27,907.71,910.31,890.67,898.57,1010425.0,258221647.0,408600000.0,0.0024728952520802743
2023-11-28,892.42,908.24,891.76,901.38,678740.0,173772954.0,408600000.0,0.0016611355849241313
2023-11-29,897.69,901.17,886.66,894.5,561593.0,142558350.0,408600000.0,0.0013744322075379344
2023-11-30,896.99,911.75,892.42,908.45,771764.0,198829435.0,408600000.0,0.0018888007831620167
2023-12-01,908.48,911.71,889.61,890.28,905210.0,231164542.0,408600000.0,0.002215394028389623
2023-12-04,888.95,894.15,852.48,857.78,2023338.0,497326957.0,408600000.0,0.004951879588839941
2023-12-05,852.41,855.53,836.88,838.32,1082551.0,260821843.0,408600000.0,0.0026494150758688204
2023-12-06,831.57,851.6,827.43,842.11,1509942.0,361008327.0,408600000.0,0.0036954038179148312
2023-12-07,842.11,846.05,828.16,838.53,1088280.0,259143167.0,408600000.0,0.0026634361233480175
2023-12-08,839.55,849.45,825.98,846.75,1552424.0,372432319.0,408600000.0,0.003799373470386686
2023-12-11,839.62,858.98,815.2,857.22,2248368.0,536905412.0,408600000.0,0.005502613803230544
2023-12-12,855.71,863.12,850.72,856.41,851895.0,207239418.0,408600000.0,0.002084911894273128
2023-12-13,853.42,855.43,825.67,825.84,1582123.0,375394650.0,408600000.0,0.0038720582476749876
2023-12-14,825.67,830.66,795.38,799.32,1840596.0,422657335.0,408600000.0,0.004504640234948605
2023-12-15,799.28,808.1,783.51,793.73,1787577.0,404321024.0,408600000.0,0.004374882525697504
2023-12-18,788.81,797.21,780.1,786.88,1334491.0,299881019.0,408600000.0,0.0032660083210964267
2023-12-19,784.38,790.18,776.69,787.48,958668.0,213989420.0,408600000.0,0.0023462261380323055
2023-12-20,787.06,792.82,772.86,775.46,1128685.0,250284738.0,408600000.0,0.0027623225648556043
2023-12-21,769.1,786.35,768.82,779.99,1098335.0,243578495.0,408600000.0,0.0026880445423396967
2023-12-22,780.06,790.53,775.39,783.08,1111222.0,247292194.0,408600000.0,0.0027195839451786587
2023-12-25,779.99,792.61,779.99,790.36,818381.0,183458228.0,408600000.0,0.00200289035731767
2023-12-26,789.37,793.7,785.26,789.66,807833.0,181638340.0,408600000.0,0.0019770753793441017
2023-12-27,792.22,801.11,785.61,795.17,1110654.0,250807910.0,408600000.0,0.002718193832599119
2023-12-28,794.01,828.48,788.14,824.86,1692590.0,392695917.0,408600000.0,0.004142413117963779
2023-12-29,824.86,833.36,808.14,817.94,1793700.0,418529622.0,408600000.0,0.0043898678414096915
2024-01-02,814.46,818.01,785.61,788.21,1885057.0,425811834.0,408600000.0,0.0046134532550171315
2024-01-03,784.91,788.78,755.05,763.41,2527687.0,551231586.0,408600000.0,0.006186213901125796
2024-01-04,758.91,762.43,736.99,743.28,2067187.0,438240012.0,408600000.0,0.00505919481155164
2024-01-05,738.99,755.33,736.14,747.56,1555716.0,332273437.0,408600000.0,0.003807430249632893
2024-01-08,750.48,762.43,744.86,751.01,1861994.0,399987397.0,408600000.0,0.004557009300048947
2024-01-09,746.16,748.23,727.29,742.54,2005468.0,421541310.0,408600000.0,0.004908144884973079
2024-01-10,741.31,753.29,735.76,742.08,1313788.0,278256848.0,408600000.0,0.003215340186000979
2024-01-11,738.18,751.89,732.56,747.99,1303257.0,275997012.0,408600000.0,0.003189566813509545
2024-01-12,744.93,759.3,738.89,754.56,1412884.0,302744637.0,408600000.0,0.00345786588350465
2024-01-15,750.3,765.24,741.34,746.37,1661283.0,355766627.0,408600000.0,0.00406579295154185
2024-01-16,744.3,757.16,739.34,751.81,1314195.0,279835765.0,408600000.0,0.003216336270190896
2024-01-17,751.81,751.89,731.16,731.51,1661327.0,348925975.0,408600000.0,0.004065900636319139
2024-01-18,726.06,742.47,718.16,741.24,1492130.0,309294478.0,408600000.0,0.003651811062163485
2024-01-19,735.02,758.14,734.99,752.38,1362771.0,290427462.0,408600000.0,0.0033352202643171804
2024-01-22,749.88,751.36,724.62,727.36,1755740.0,368573443.0,408600000.0,0.0042969652471855115
2024-01-23,727.15,741.87,716.75,727.99,1466392.0,303279415.0,408600000.0,0.0035888203622124327
2024-01-24,729.43,735.27,710.95,730.21,1401285.0,288621305.0,408600000.0,0.0034294787077826724
2024-01-25,730.17,748.02,723.78,746.61,1925878.0,404338593.0,408600000.0,0.004713357807146354
2024-01-26,743.35,757.16,738.39,743.94,1538484.0,327030983.0,408600000.0,0.003765256975036711
2024-01-29,743.94,760.99,721.39,738.89,1915637.0,406588925.0,408600000.0,0.004688294175232501
2024-01-30,731.47,737.8,704.42,705.47,2194130.0,445356666.0,408600000.0,0.005369872736172295
2024-01-31,705.4,708.32,686.5,699.6,1681296.0,334150729.0,408600000.0,0.004114772393538913
2024-02-01,696.72,711.48,694.12,702.91,1455016.0,291260459.0,408600000.0,0.003560978952520803
2024-02-02,705.82,732.56,699.75,719.03,2296544.0,469679064.0,408600000.0,0.0056205188448360255
2024-02-05,706.14,747.6,702.84,738.6,2331440.0,483289416.0,408600000.0,0.005705922662750856
2024-02-06,738.46,773.21,734.32,771.56,2626637.0,570159240.0,408600000.0,0.006428382280959374
2024-02-07,771.56,788.78,761.72,788.78,2476656.0,551169898.0,408600000.0,0.006061321585903084
2024-02-08,788.99,810.88,766.64,772.97,1962099.0,436870511.0,408600000.0,0.004802004405286344
2024-02-19,794.05,810.35,769.45,777.64,2072424.0,464805761.0,408600000.0,0.00507201174743025
2024-02-20,775.07,784.49,755.75,766.33,1418725.0,309452119.0,408600000.0,0.003472161037689672
2024-02-21,755.19,808.52,752.59,796.01,2536118.0,568100495.0,408600000.0,0.006206847772883015
2024-02-22,789.27,797.56,780.66,790.11,1893349.0,424738067.0,408600000.0,0.004633746940773373
2024-02-23,789.83,798.26,779.29,788.28,1381300.0,309574396.0,408600000.0,0.0033805677924620657
2024-02-26,781.89,793.13,771.38,779.99,1280867.0,284259433.0,408600000.0,0.0031347699461576114
2024-02-27,774.02,777.53,761.06,771.21,1737125.0,379010794.0,408600000.0,0.004251407244248654
2024-02-28,768.96,778.2,761.2,761.2,1653948.0,361581729.0,408600000.0,0.00404784140969163
2024-02-29,758.91,770.33,758.03,769.91,2034870.0,442338776.0,408600000.0,0.004980102790014684
2024-03-01,764.32,780.98,760.67,778.27,1902611.0,418045123.0,408600000.0,0.00465641458639256
2024-03-04,775.36,789.48,775.36,787.93,1863923.0,416582842.0,408600000.0,0.004561730298580519
2024-03-05,784.77,815.06,783.51,811.97,2416284.0,551738474.0,408600000.0,0.005913568281938326
2024-03-06,811.19,829.95,802.13,804.94,1862330.0,431958507.0,408600000.0,0.004557831620166422
2024-03-07,803.01,827.88,802.9,815.09,1530438.0,356243534.0,408600000.0,0.0037455653450807636
2024-03-08,812.95,820.36,797.56,804.38,990071.0,226899563.0,408600000.0,0.0024230812530592265
2024-03-11,799.32,832.27,799.32,824.61,1521524.0,354897711.0,408600000.0,0.0037237493881546744
2024-03-12,825.25,857.25,817.41,852.12,2665169.0,641389130.0,408600000.0,0.006522684777288301
2024-03-13,846.75,855.36,836.31,843.9,1091780.0,262804919.0,408600000.0,0.0026720019579050415
2024-03-14,843.87,867.83,843.24,849.38,1372945.0,333032746.0,408600000.0,0.0033601199216837982
2024-03-15,845.03,860.8,840.88,846.29,797529.0,192603726.0,408600000.0,0.0019518575624082233
2024-03-18,846.71,870.96,840.39,867.83,1682237.0,412040616.0,408600000.0,0.004117075379344102
2024-03-19,867.83,920.53,861.51,902.58,2655217.0,678117728.0,408600000.0,0.0064983284385707295
2024-03-20,902.19,906.44,886.49,903.63,2046814.0,522860944.0,408600000.0,0.005009334312285854
2024-03-21,899.1,938.06,895.94,936.17,2003276.0,527118492.0,408600000.0,0.0049027802251590796
2024-03-22,934.59,934.59,885.4,918.78,2338098.0,600952622.0,408600000.0,0.005722217327459618
2024-03-25,906.48,914.56,883.61,906.2,1853700.0,474808945.0,408600000.0,0.004536710719530102
2024-03-26,906.2,934.59,903.07,933.18,1608268.0,424019837.0,408600000.0,0.003936045031815957
2024-03-27,934.59,939.26,918.42,922.64,1049568.0,277431963.0,408600000.0,0.0025686930983847282
2024-03-28,922.96,937.47,907.18,922.08,1251995.0,327614594.0,408600000.0,0.0030641091532060695
2024-03-29,920.5,925.84,905.18,913.51,969084.0,251792282.0,408600000.0,0.002371718061674009
2024-04-01,916.91,947.83,912.31,945.13,1617411.0,430571333.0,408600000.0,0.003958421439060206
2024-04-02,940.21,946.71,931.21,937.4,933355.0,249392772.0,408600000.0,0.002284275575134606
2024-04-03,935.36,955.6,927.56,938.1,874000.0,233301152.0,408600000.0,0.002139011257953989
2024-04-08,931.07,931.07,889.33,891.58,2793646.0,718256694.0,408600000.0,0.006837116984826236
2024-04-09,886.98,908.24,886.52,901.7,1131192.0,289695346.0,408600000.0,0.0027684581497797356
2024-04-10,899.49,906.09,889.93,896.46,698384.0,178537914.0,408600000.0,0.0017092119432207539
2024-04-11,892.32,909.99,891.72,903.42,706907.0,181225753.0,408600000.0,0.0017300709740577583
2024-04-12,902.96,907.36,881.88,886.03,836115.0,212916151.0,408600000.0,0.0020462922173274598
2024-04-15,886.03,926.61,881.88,922.82,1380392.0,359131218.0,408600000.0,0.0033783455702398432
2024-04-16,918.07,924.4,890.67,891.58,1315629.0,338177113.0,408600000.0,0.0032198458149779734
2024-04-17,889.89,901.17,886.1,896.61,856668.0,217868833.0,408600000.0,0.0020965932452276063
2024-04-18,896.61,912.77,889.61,895.41,894859.0,229530606.0,408600000.0,0.0021900611845325504
2024-04-19,894.71,896.78,875.63,884.62,1007801.0,253475897.0,408600000.0,0.0024664733235438083
2024-04-22,886.59,913.44,883.68,910.34,1066030.0,274906426.0,408600000.0,0.002608981889378365
2024-04-23,909.96,926.15,903.67,921.9,1099040.0,287215604.0,408600000.0,0.0026897699461576113
2024-04-24,917.02,926.12,904.79,920.5,810764.0,211621040.0,408600000.0,0.001984248653940284
2024-04-25,920.46,920.5,897.34,908.13,660300.0,170293455.0,408600000.0,0.0016160058737151248
2024-04-26,909.71,940.17,909.71,929.32,1488653.0,393465456.0,408600000.0,0.003643301517376407
2024-04-29,927.56,954.93,917.02,934.8,2434033.0,652978632.0,408600000.0,0.005957006852667646
2024-04-30,941.19,969.3,934.23,953.0,1501901.0,408296610.0,408600000.0,0.003675724424865394
2024-05-06,966.1,1009.21,961.22,980.68,2811141.0,790472112.0,408600000.0,0.006879933920704846
2024-05-07,980.23,991.33,970.18,985.11,1137381.0,317547276.0,408600000.0,0.002783604992657856
2024-05-08,985.53,987.29,966.21,974.92,884689.0,245296687.0,408600000.0,0.0021651713166911403
2024-05-09,976.75,983.63,969.72,976.33,1112713.0,309017819.0,408600000.0,0.0027232329906999512
2024-05-10,976.05,979.77,959.18,967.33,874902.0,240679873.0,408600000.0,0.0021412187958883993
2024-05-13,955.67,960.59,909.92,931.07,3040174.0,801658082.0,408600000.0,0.007440465002447381
2024-05-14,923.41,934.16,911.75,919.83,1752105.0,458732545.0,408600000.0,0.004288069016152717
2024-05-15,923.52,932.86,913.51,924.5,1037628.0,272790478.0,408600000.0,0.0025394713656387664
2024-05-16,924.5,936.62,913.89,926.43,1134327.0,298619030.0,408600000.0,0.0027761306901615272
2024-05-17,924.05,942.49,919.37,938.63,1324145.0,350771766.0,408600000.0,0.003240687714145864
2024-05-20,938.63,959.18,924.47,928.61,1710007.0,457507739.0,408600000.0,0.004185039158100832
2024-05-21,924.05,926.36,915.61,922.18,836628.0,219130960.0,408600000.0,0.0020475477239353893
2024-05-22,922.18,923.66,903.91,910.84,1028828.0,266478904.0,408600000.0,0.0025179344101811064
2024-05-23,909.92,914.35,892.78,898.29,822303.0,210992092.0,408600000.0,0.002012488986784141
2024-05-24,896.54,896.57,874.93,876.89,1372073.0,343944906.0,408600000.0,0.0033579858051884484
2024-05-27,878.37,888.91,873.1,880.48,1140992.0,285852557.0,408600000.0,0.002792442486539403
2024-05-28,878.97,884.98,867.97,870.54,861784.0,214461360.0,408600000.0,0.0021091140479686733
2024-05-29,866.95,877.32,860.8,864.95,831543.0,205217225.0,408600000.0,0.0020351027900146843
2024-05-30,863.61,870.99,851.46,859.19,920618.0,225952669.0,408600000.0,0.0022531032794909445
2024-05-31,864.25,886.28,858.24,880.83,1590248.0,397425703.0,408600000.0,0.0038919432207537934
2024-06-03,880.83,915.26,878.76,891.19,1747131.0,445996618.0,408600000.0,0.004275895741556534
2024-06-04,890.25,905.95,885.75,902.61,1203226.0,307361272.0,408600000.0,0.002944752814488497
2024-06-05,902.61,906.44,879.78,883.47,938932.0,238085738.0,408600000.0,0.002297924620655898
2024-06-06,888.1,888.91,861.86,869.8,1230219.0,303994638.0,408600000.0,0.003010814977973568
2024-06-07,867.83,873.98,852.2,855.32,897825.0,219697630.0,408600000.0,0.0021973201174743024
2024-06-11,850.26,850.26,809.86,829.88,2289092.0,538003442.0,408600000.0,0.005602280959373471
2024-06-12,825.7,840.25,821.45,829.57,1538984.0,363830112.0,408600000.0,0.003766480665687714
2024-06-13,829.15,833.22,806.31,822.75,2028000.0,472516434.0,408600000.0,0.004963289280469897
2024-06-14,818.64,828.48,803.5,819.84,2555529.0,594083181.0,408600000.0,0.00625435389133627
2024-06-17,815.44,834.45,806.31,832.7,1574096.0,369209677.0,408600000.0,0.0038524131179637788
2024-06-18,832.7,834.31,804.59,810.49,1580771.0,366697435.0,408600000.0,0.0038687493881546745
2024-06-19,810.49,816.74,800.37,813.69,1373349.0,316561913.0,408600000.0,0.003361108663729809
2024-06-20,811.57,821.96,803.76,806.95,957093.0,216505276.0,408600000.0,0.0023423715124816446
2024-06-21,804.59,810.86,784.77,790.58,1609865.0,356030399.0,408600000.0,0.003939953499755262
2024-06-24,781.12,831.17,774.67,816.66,2119681.0,478417757.0,408600000.0,0.005187667645619187
2024-06-25,811.93,822.57,797.6,802.26,1270893.0,287050048.0,408600000.0,0.003110359765051395
2024-06-26,798.78,826.98,797.99,815.19,1465251.0,334333945.0,408600000.0,0.003586027900146843
2024-06-27,816.95,820.78,780.29,782.77,2193800.0,483493363.0,408600000.0,0.005369065100342634
2024-06-28,779.04,781.76,754.42,756.29,2350021.0,501407537.0,408600000.0,0.005751397454723446
2024-07-01,750.27,757.79,739.23,744.46,1843408.0,383964257.0,408600000.0,0.004511522271169848
2024-07-02,738.12,762.74,731.81,751.34,2047497.0,428844034.0,408600000.0,0.005011005873715125
2024-07-03,752.45,755.64,734.54,735.54,1332489.0,276215032.0,408600000.0,0.003261108663729809
2024-07-04,738.12,746.65,730.95,730.95,1241837.0,255342392.0,408600000.0,0.003039248653940284
2024-07-05,727.37,736.26,712.32,721.42,1191973.0,239479753.0,408600000.0,0.0029172124326970143
2024-07-08,716.62,722.64,700.5,702.4,1231140.0,243523177.0,408600000.0,0.0030130690161527165
2024-07-09,702.11,714.08,693.51,706.3,1457327.0,286098096.0,408600000.0,0.0035666348507097404
2024-07-10,701.75,720.24,698.81,706.37,1204827.0,238281794.0,408600000.0,0.0029486710719530103
2024-07-11,716.62,737.08,704.9,724.54,1846360.0,372839112.0,408600000.0,0.004518746940773372
2024-07-12,724.68,733.32,720.88,730.63,1332313.0,270411190.0,408600000.0,0.003260677924620656
2024-07-15,727.37,735.54,724.07,725.58,928888.0,188629043.0,408600000.0,0.002273343122858541
2024-07-16,718.88,723.75,711.96,719.13,997622.0,199933337.0,408600000.0,0.0024415614292706803
2024-07-17,716.62,752.38,713.4,746.58,2429609.0,501307577.0,408600000.0,0.005946179637787567
2024-07-18,742.35,774.99,738.16,746.32,2528049.0,533446627.0,408600000.0,0.006187099853157122
2024-07-19,741.99,762.13,736.29,760.26,1966312.0,413665918.0,408600000.0,0.004812315222711698
2024-07-22,759.62,760.3,727.44,727.84,2457864.0,506695967.0,408600000.0,0.006015330396475771
2024-07-23,722.07,724.72,676.85,677.17,3698451.0,712241962.0,408600000.0,0.009051519823788547
2024-07-24,669.79,680.65,663.16,663.59,1974500.0,369278821.0,408600000.0,0.0048323543808125305
2024-07-25,661.01,674.27,656.25,661.62,1551740.0,286872902.0,408600000.0,0.0037976994615761136
2024-07-26,662.87,668.86,655.74,664.38,1266907.0,234454141.0,408600000.0,0.0031006045031815956
2024-07-29,662.52,669.86,644.78,646.86,1999975.0,364330846.0,408600000.0,0.004894701419481155
2024-07-30,642.59,643.17,628.73,640.77,2026745.0,359914803.0,408600000.0,0.004960217816935879
2024-07-31,642.31,684.3,638.19,674.38,2510386.0,465723074.0,408600000.0,0.006143871757219775
2024-08-01,673.62,673.62,642.09,642.92,2488699.0,453934434.0,408600000.0,0.006090795398923152
2024-08-02,637.79,648.0,635.21,638.87,1641463.0,293897649.0,408600000.0,0.004017285854136074
2024-08-05,630.63,665.02,630.55,648.76,2318595.0,422293550.0,408600000.0,0.005674486049926579
2024-08-06,649.29,657.86,641.59,647.93,1415350.0,255747799.0,408600000.0,0.003463901125795399
2024-08-07,644.24,668.03,642.06,664.85,2013165.0,369821595.0,408600000.0,0.0049269823788546255
2024-08-08,660.58,698.56,658.47,692.72,3786374.0,721478651.0,408600000.0,0.009266700930004895
2024-08-09,692.72,701.75,682.33,684.05,2181434.0,419968881.0,408600000.0,0.0053388007831620165
2024-08-12,677.49,686.92,669.04,671.83,1550797.0,291953530.0,408600000.0,0.0037953915810083213
2024-08-13,670.51,673.62,654.67,660.58,1313770.0,242755509.0,408600000.0,0.003215296133137543
2024-08-14,659.29,662.09,643.88,650.62,1182296.0,214652686.0,408600000.0,0.002893529123837494
2024-08-15,648.51,657.89,642.99,647.07,1676568.0,303902903.0,408600000.0,0.004103201174743025
2024-08-16,644.24,649.12,633.49,648.58,1414698.0,253471158.0,408600000.0,0.0034623054331864903
2024-08-19,648.9,661.87,638.15,639.23,1601188.0,288828976.0,408600000.0,0.003918717572197749
2024-08-20,638.33,641.34,631.09,634.21,1037807.0,183953608.0,408600000.0,0.0025399094468918255
2024-08-21,630.7,638.72,629.3,632.06,839283.0,148446015.0,408600000.0,0.0020540455212922173
2024-08-22,632.35,632.35,598.41,609.81,2410578.0,410710214.0,408600000.0,0.005899603524229075
2024-08-23,607.8,620.77,606.26,613.68,1305281.0,223530071.0,408600000.0,0.0031945203132648066
2024-08-26,612.6,617.05,599.96,605.04,1225450.0,207281768.0,408600000.0,0.0029991434165442974
2024-08-27,600.31,605.54,592.68,598.63,1155400.0,192989681.0,408600000.0,0.0028277043563387175
2024-08-28,594.8,595.83,561.26,572.54,2976394.0,474796090.0,408600000.0,0.0072843710230053845
2024-08-29,576.74,600.78,575.63,596.91,2349227.0,387647560.0,408600000.0,0.005749454233969653
2024-08-30,593.29,630.12,584.4,616.37,2389370.0,408507066.0,408600000.0,0.005847699461576114
2024-09-02,613.46,619.48,591.93,591.93,2147876.0,361889757.0,408600000.0,0.00525667156142927
2024-09-03,591.82,607.95,587.63,602.32,1332197.0,223371809.0,408600000.0,0.003260394028389623
2024-09-04,601.96,612.68,593.04,596.95,1322204.0,221946987.0,408600000.0,0.0032359373470386686
2024-09-05,591.21,601.25,591.21,595.66,908096.0,150947617.0,408600000.0,0.002222457170827215
2024-09-06,595.58,596.37,580.46,580.46,916094.0,150180041.0,408600000.0,0.0022420313264806657
2024-09-09,572.94,579.78,560.76,563.91,2305290.0,364331608.0,408600000.0,0.005641923641703377
2024-09-10,564.02,575.16,560.11,567.38,2018700.0,319421724.0,408600000.0,0.004940528634361233
2024-09-11,557.85,560.0,545.71,546.78,2734688.0,421020490.0,408600000.0,0.006692824278022516
2024-09-12,541.08,546.67,522.49,524.92,3756218.0,558162848.0,408600000.0,0.009192897699461576
2024-09-13,521.06,522.99,509.48,509.48,3129810.0,449801385.0,408600000.0,0.0076598384728340674
2024-09-18,509.37,515.14,501.74,503.78,2228315.0,314922033.0,408600000.0,0.0054535364659814
2024-09-19,508.66,532.09,501.06,520.98,3789704.0,550177347.0,408600000.0,0.009274850709740578
2024-09-20,517.54,524.32,510.59,517.79,2075946.0,299210061.0,408600000.0,0.005080631424375918
2024-09-23,519.48,537.43,518.33,521.81,2279517.0,335689561.0,408600000.0,0.005578847283406755
2024-09-24,529.62,550.33,518.12,545.35,4202397.0,631664535.0,408600000.0,0.010284867841409692
2024-09-25,551.73,565.7,546.39,546.53,4374394.0,677472466.0,408600000.0,0.010705810083210964
2024-09-26,544.63,601.17,543.56,601.17,5375609.0,862687679.0,408600000.0,0.013156164953499755
2024-09-27,637.79,661.3,631.34,661.3,5302692.0,962145079.0,408600000.0,0.01297770925110132
2024-09-30,727.12,727.44,710.24,727.44,3960306.0,799862600.0,408600000.0,0.00969237885462555
2024-10-08,800.18,800.18,738.12,800.07,7751459.0,1707047897.0,408600000.0,0.018970775819872738
2024-10-09,752.45,780.69,720.06,720.06,7633649.0,1571929248.0,408600000.0,0.01868244982868331
2024-10-10,709.53,756.0,688.21,714.4,5886279.0,1185680018.0,408600000.0,0.014405969162995596
2024-10-11,704.04,727.76,667.28,677.14,3819447.0,737815899.0,408600000.0,0.009347643171806167
2024-10-14,677.21,713.04,665.6,713.04,4911083.0,950130179.0,408600000.0,0.01201929270680372
2024-10-15,709.42,712.72,680.79,681.04,3393694.0,655180028.0,408600000.0,0.008305663240332843
2024-10-16,673.59,691.5,666.74,672.26,2658093.0,502178858.0,408600000.0,0.006505367107195301
2024-10-17,675.67,680.07,659.22,659.83,2232889.0,416053422.0,408600000.0,0.00546473078805678
2024-10-18,655.74,691.75,647.04,674.34,3723471.0,693309012.0,408600000.0,0.009112753303964757
2024-10-21,674.05,685.59,662.87,682.4,3526899.0,665923442.0,408600000.0,0.008631666666666666
2024-10-22,682.4,695.44,672.55,687.49,3133976.0,601670412.0,408600000.0,0.007670034263338228
2024-10-23,687.81,728.34,677.96,707.66,3980625.0,784122412.0,408600000.0,0.009742107195301029
2024-10-24,702.29,707.66,679.03,682.04,2227143.0,428347423.0,408600000.0,0.0054506681350954475
2024-10-25,680.43,704.08,670.29,692.29,2679059.0,516786522.0,408600000.0,0.006556678903573177
2024-10-28,701.57,727.37,686.24,714.11,3693149.0,732801754.0,408600000.0,0.009038543808125306
2024-10-29,710.1,723.0,689.35,697.63,3238972.0,632288508.0,408600000.0,0.00792699951052374
2024-10-30,686.24,693.33,662.87,667.57,2998164.0,564985435.0,408600000.0,0.007337650513950074
2024-10-31,671.83,689.17,668.32,675.09,2216194.0,419428088.0,408600000.0,0.005423871757219775
2024-11-01,670.22,700.5,666.85,687.92,3233976.0,619724928.0,408600000.0,0.007914772393538914
2024-11-04,691.54,701.14,677.49,698.71,2908361.0,561110150.0,408600000.0,0.007117868330885952
2024-11-05,697.85,723.97,688.71,718.34,3821300.0,753740213.0,408600000.0,0.009352178169358787
2024-11-06,714.47,723.79,701.61,714.83,2925095.0,579454989.0,408600000.0,0.0071588228095937345
2024-11-07,708.95,784.91,707.66,784.91,6040465.0,1276601165.0,408600000.0,0.014783321096426823
2024-11-08,795.88,796.02,756.79,761.05,4103450.0,881170809.0,408600000.0,0.01004270680372002
2024-11-11,745.29,752.42,725.01,748.87,3453474.0,714687373.0,408600000.0,0.008451967694566813
2024-11-12,749.01,768.79,734.82,744.07,2578760.0,541746972.0,408600000.0,0.006311209006363191
2024-11-13,734.57,749.87,733.14,744.57,1745529.0,361596196.0,408600000.0,0.0042719750367107194
2024-11-14,741.42,748.3,725.94,726.87,2261436.0,463146604.0,408600000.0,0.005534596182085169
2024-11-15,721.85,730.2,706.12,712.32,1976290.0,395864195.0,408600000.0,0.004836735193343123
2024-11-18,711.25,725.58,695.48,701.11,1905877.0,377041736.0,408600000.0,0.004664407733724914
2024-11-19,701.43,711.0,678.32,696.91,2133315.0,411381785.0,408600000.0,0.005221035242290749
2024-11-20,691.54,706.87,686.38,703.58,1382900.0,269971330.0,408600000.0,0.0033844836025452765
2024-11-21,700.57,704.76,690.11,696.95,1502484.0,291823712.0,408600000.0,0.003677151248164464
2024-11-22,694.41,698.49,668.25,670.04,2031639.0,386368937.0,408600000.0,0.0049721953010279
2024-11-25,670.08,677.17,659.43,669.72,1810320.0,336436271.0,408600000.0,0.004430543318649046
2024-11-26,662.95,687.06,662.95,680.07,1538826.0,291521968.0,408600000.0,0.003766093979441997
2024-11-27,678.1,702.25,668.36,691.4,1925304.0,369172070.0,408600000.0,0.004711953010279001
2024-11-28,691.47,694.62,676.78,679.39,1262116.0,240181703.0,408600000.0,0.003088879099363681
2024-11-29,679.93,694.55,678.93,679.46,1975807.0,377309877.0,408600000.0,0.004835553108174254
2024-12-02,676.49,687.96,667.5,683.48,1734355.0,329395717.0,408600000.0,0.004244627998042095
2024-12-03,683.48,684.87,673.62,677.21,1208391.0,228637603.0,408600000.0,0.0029573935389133627
2024-12-04,677.28,682.58,668.57,673.7,1217349.0,229429554.0,408600000.0,0.0029793171806167403
2024-12-05,670.04,672.33,658.25,661.76,1905856.0,352354365.0,408600000.0,0.004664356338717572
2024-12-06,661.87,672.12,659.33,666.64,1621520.0,301596513.0,408600000.0,0.003968477728830151
2024-12-09,667.82,694.58,657.54,680.79,3023314.0,571931758.0,408600000.0,0.0073992021536955456
2024-12-10,715.19,729.77,686.16,689.75,4593598.0,906970691.0,408600000.0,0.011242285854136074
2024-12-11,686.13,711.93,680.79,699.57,3747223.0,731973928.0,408600000.0,0.009170883504650024
2024-12-12,698.28,738.84,694.69,735.32,4488133.0,908304639.0,408600000.0,0.01098417278511992
2024-12-13,728.77,730.45,699.78,701.0,3127759.0,619829306.0,408600000.0,0.007654818893783651
2024-12-16,698.35,700.53,667.39,671.58,3312474.0,625502393.0,408600000.0,0.008106886930983848
2024-12-17,671.72,677.03,665.02,671.72,2024422.0,378870332.0,408600000.0,0.004954532550171317
2024-12-18,670.36,676.85,659.11,661.58,2240101.0,415334060.0,408600000.0,0.005482381302006852
2024-12-19,655.28,655.67,625.25,632.42,4389762.0,779496567.0,408600000.0,0.010743421439060206
2024-12-20,632.7,636.83,621.06,631.7,2782188.0,489529176.0,408600000.0,0.006809074889867842
2024-12-23,631.7,638.01,625.29,627.04,2219220.0,391484447.0,408600000.0,0.005431277533039648
2024-12-24,627.04,632.78,623.53,631.16,1535137.0,269165680.0,408600000.0,0.003757065589818894
2024-12-25,631.16,635.36,627.15,628.83,1092553.0,192308369.0,408600000.0,0.0026738937836514928
2024-12-26,629.12,629.41,614.0,616.69,2621793.0,452509964.0,408600000.0,0.006416527165932453
2024-12-27,616.58,625.83,608.23,617.3,2059287.0,354623619.0,408600000.0,0.005039860499265786
2024-12-30,616.4,629.12,608.41,611.06,2592191.0,445340406.0,408600000.0,0.0063440797846304455
2024-12-31,614.5,644.96,614.5,620.95,5113184.0,898043825.0,408600000.0,0.012513910915320607
2025-01-02,609.13,624.54,597.95,610.24,3949405.0,672217229.0,408600000.0,0.009665699951052374
2025-01-03,609.13,625.72,607.52,616.22,3478733.0,600465918.0,408600000.0,0.008513786098874205
2025-01-06,598.38,624.07,584.58,601.46,3132253.0,529105221.0,408600000.0,0.00766581742535487
2025-01-07,603.14,607.16,590.17,600.17,2016080.0,335589844.0,408600000.0,0.004934116495349975
2025-01-08,596.12,615.76,591.25,607.55,2804677.0,474606189.0,408600000.0,0.0068641140479686735
2025-01-09,607.55,629.3,600.06,619.77,2881938.0,498665428.0,408600000.0,0.007053201174743025
2025-01-10,617.69,620.95,601.96,602.0,2346939.0,398391453.0,408600000.0,0.00574385462555066
2025-01-13,591.21,611.28,591.21,608.05,1730059.0,292496678.0,408600000.0,0.004234114047968674
2025-01-14,607.34,638.33,605.54,630.84,3367984.0,590625642.0,408600000.0,0.008242741067058247
2025-01-15,630.3,632.42,622.74,629.01,1483299.0,259772269.0,408600000.0,0.0036301982378854625
2025-01-16,630.55,636.72,612.28,617.55,2297706.0,399202944.0,408600000.0,0.005623362701908958
2025-01-17,616.26,627.04,613.07,621.38,1974055.0,342578702.0,408600000.0,0.0048312652961331375
2025-01-20,625.61,644.31,624.54,630.2,3317305.0,589079151.0,408600000.0,0.008118710230053842
2025-01-21,634.25,634.25,614.68,623.46,2512579.0,434693180.0,408600000.0,0.0061492388644150756
2025-01-22,619.48,619.48,604.94,608.05,2252103.0,383004943.0,408600000.0,0.005511754772393539
2025-01-23,612.71,619.16,607.34,609.99,1339602.0,228865083.0,408600000.0,0.003278516886930984
2025-01-24,612.69,612.69,599.5,600.87,2292400.0,384001178.0,408600000.0,0.005610376896720509
2025-01-27,600.91,605.95,596.76,598.6,1483009.0,247005016.0,408600000.0,0.0036294884973078804
2025-02-05,598.31,598.6,563.42,567.02,4676590.0,743824273.0,408600000.0,0.011445398923152227
2025-02-06,562.27,568.03,548.43,558.23,4412391.0,679934157.0,408600000.0,0.010798803230543318
2025-02-07,555.06,567.53,552.54,563.31,3876588.0,604538335.0,408600000.0,0.009487488986784141
2025-02-10,563.89,568.14,554.88,566.95,2837066.0,442884416.0,408600000.0,0.0069433822809593735
2025-02-11,567.06,571.28,551.85,553.58,3196010.0,493555323.0,408600000.0,0.007821855115026921
2025-02-12,552.68,561.55,546.26,561.55,3319444.0,508843702.0,408600000.0,0.008123945178658835
2025-02-13,561.37,589.3,558.84,578.38,6344625.0,1016575400.0,408600000.0,0.015527716593245228
2025-02-14,573.08,587.57,569.51,585.33,3343528.0,538064574.0,408600000.0,0.008182887909936367
2025-02-17,585.33,605.52,583.89,595.39,3417890.0,566392685.0,408600000.0,0.008364880078316202
2025-02-18,593.44,594.49,578.02,584.25,2171579.0,353221052.0,408600000.0,0.005314681840430739
2025-02-19,578.92,590.81,572.0,581.51,2262183.0,365017750.0,408600000.0,0.005536424375917768
2025-02-20,581.48,594.35,578.49,584.18,1798508.0,293107057.0,408600000.0,0.00440163485070974
2025-02-21,589.3,612.37,587.06,592.04,3417200.0,566095721.0,408600000.0,0.008363191385217817
2025-02-24,587.5,611.57,584.15,600.15,3962197.0,660540731.0,408600000.0,0.009697006852667646
2025-02-25,592.9,600.69,588.58,596.58,1888488.0,312107332.0,408600000.0,0.0046218502202643175
2025-02-26,593.41,603.72,586.13,594.35,2134975.0,350905483.0,408600000.0,0.0052250978952520805
2025-02-27,591.21,612.11,589.48,605.09,3883940.0,653306755.0,408600000.0,0.009505482134116495
2025-02-28,605.34,623.18,603.97,604.98,4109607.0,698929145.0,408600000.0,0.010057775330396476
2025-03-03,605.55,630.53,604.4,606.46,3612056.0,618243159.0,408600000.0,0.008840078316201665
2025-03-04,606.2,606.2,588.22,593.66,1698928.0,279614453.0,408600000.0,0.0041579246206558985
2025-03-05,593.26,604.62,587.32,599.07,1742960.0,287885253.0,408600000.0,0.004265687714145864
2025-03-06,600.62,625.34,594.78,624.08,3636748.0,619654837.0,408600000.0,0.008900509055310818
2025-03-07,622.06,637.96,617.77,635.07,2872055.0,500767679.0,408600000.0,0.007029013705335292
2025-03-10,631.65,654.75,627.65,646.43,2939927.0,522661046.0,408600000.0,0.0071951223690651005
2025-03-11,641.2,681.86,640.98,681.82,4909314.0,910706262.0,408600000.0,0.01201496328928047
2025-03-12,681.82,691.16,669.35,676.13,2536916.0,476933498.0,408600000.0,0.006208800783162017
2025-03-13,674.0,693.14,668.49,672.2,2927579.0,552055017.0,408600000.0,0.0071649021047479194
2025-03-14,672.13,713.21,668.2,697.57,4471857.0,862787380.0,408600000.0,0.010944339207048457
2025-03-17,702.91,708.89,677.6,691.77,3570031.0,681320855.0,408600000.0,0.008737227116984827
2025-03-18,688.45,691.77,670.22,672.92,2930969.0,549122432.0,408600000.0,0.007173198727361723
2025-03-19,670.22,677.28,649.49,652.66,3557186.0,649906124.0,408600000.0,0.008705790504160548
2025-03-20,652.66,652.91,638.1,640.95,1969391.0,351322532.0,408600000.0,0.004819850709740578
2025-03-21,639.76,648.34,630.75,633.6,2120064.0,374805624.0,408600000.0,0.005188604992657856
2025-03-24,631.18,641.56,627.14,639.83,2424464.0,426350301.0,408600000.0,0.005933587860988742
2025-03-25,640.12,640.73,627.87,636.55,1481100.0,260697129.0,408600000.0,0.0036248164464023494
2025-03-26,634.6,646.97,631.0,638.07,1788085.0,317753805.0,408600000.0,0.004376125795398923
2025-03-27,634.39,646.17,633.09,640.12,1228300.0,218094510.0,408600000.0,0.003006118453255017
2025-03-28,637.92,641.45,622.39,623.86,1844742.0,321483906.0,408600000.0,0.004514787077826725
2025-03-31,620.12,627.11,610.92,613.63,1624400.0,277811852.0,408600000.0,0.003975526186979932
2025-04-01,613.09,622.57,608.76,617.45,1321300.0,226314132.0,408600000.0,0.0032337249143416544
2025-04-02,615.9,621.63,612.76,615.25,771889.0,132021089.0,408600000.0,0.0018891067058247675
2025-04-03,610.35,632.48,607.54,628.84,1893702.0,328947726.0,408600000.0,0.004634610866372981
2025-04-07,616.33,619.94,569.12,591.46,3122738.0,518821757.0,408600000.0,0.007642530592266275
2025-04-08,590.99,626.42,588.79,620.22,3327427.0,560523726.0,408600000.0,0.008143482623592756
2025-04-09,613.27,646.9,608.69,642.61,3795771.0,664114350.0,408600000.0,0.009289698972099853
2025-04-10,637.96,651.76,628.08,648.23,3197248.0,570578250.0,408600000.0,0.007824884973078806
2025-04-11,643.36,647.26,623.65,632.91,2405851.0,421874466.0,408600000.0,0.005888034752814488
2025-04-14,628.95,631.83,619.94,623.9,2060281.0,357019625.0,408600000.0,0.005042293196279981
2025-04-15,621.74,625.99,615.03,619.94,1549733.0,266106255.0,408600000.0,0.003792787567302986
2025-04-16,616.33,619.18,604.26,616.51,1792215.0,303930351.0,408600000.0,0.004386233480176211
2025-04-17,609.23,624.73,606.96,621.74,1938255.0,333197000.0,408600000.0,0.004743649045521292
2025-04-18,618.49,623.47,611.61,623.32,1476600.0,253503817.0,408600000.0,0.0036138032305433184
2025-04-21,619.94,623.18,610.49,612.76,2150641.0,365695337.0,408600000.0,0.005263438570729319
2025-04-22,612.73,624.91,604.44,613.92,2130952.0,363479783.0,408600000.0,0.005215252080274107
2025-04-23,613.92,618.13,605.55,608.51,1555843.0,263029219.0,408600000.0,0.0038077410670582477
2025-04-24,608.04,609.16,601.48,601.91,1211122.0,203254107.0,408600000.0,0.0029640773372491434
2025-04-25,601.91,610.46,601.19,602.31,1228256.0,206301091.0,408600000.0,0.003006010768477729
2025-04-28,608.83,626.64,608.83,616.84,3904373.0,672980501.0,408600000.0,0.009555489476260401
2025-04-29,616.87,617.27,597.23,597.59,3355588.0,562375281.0,408600000.0,0.008212403328438572
2025-04-30,591.03,604.29,591.03,592.51,2167283.0,357607551.0,408600000.0,0.005304167890357318
2025-05-06,594.35,595.79,587.17,592.72,2618099.0,428825610.0,408600000.0,0.006407486539402839
2025-05-07,601.91,603.43,593.05,595.46,2057836.0,341423059.0,408600000.0,0.005036309348996574
2025-05-08,592.9,607.36,587.86,597.41,2818806.0,467265049.0,408600000.0,0.006898693098384728
2025-05-09,597.37,597.73,591.28,593.44,1303888.0,214757585.0,408600000.0,0.003191111111111111
2025-05-12,593.77,599.36,592.9,597.88,1533790.0,253650896.0,408600000.0,0.0037537689672050905
2025-05-13,598.6,601.19,594.81,597.41,1392886.0,231088441.0,408600000.0,0.003408923152227117
2025-05-14,595.93,618.03,591.28,608.22,3703526.0,621478377.0,408600000.0,0.00906394028389623
2025-05-15,604.37,605.95,589.98,590.78,2715247.0,449427835.0,408600000.0,0.006645244738130201
2025-05-16,590.85,591.1,577.95,579.89,2582737.0,416970771.0,408600000.0,0.006320942241801273
2025-05-19,572.72,573.08,562.95,568.39,3082202.0,484138813.0,408600000.0,0.0075433235438081255
2025-05-20,565.87,567.78,562.63,564.07,2342458.0,367158876.0,408600000.0,0.005732887909936368
2025-05-21,564.07,569.3,564.07,566.12,1614301.0,253949189.0,408600000.0,0.003950810083210964
2025-05-22,566.52,567.67,561.04,561.19,1279792.0,200362401.0,408600000.0,0.003132139011257954
2025-05-23,561.58,564.36,554.05,554.41,1885090.0,292048096.0,408600000.0,0.004613534018600098
2025-05-26,553.26,558.16,546.77,548.64,2261361.0,345336458.0,408600000.0,0.005534412628487518
2025-05-27,548.39,553.22,546.91,548.93,1425532.0,217232094.0,408600000.0,0.003488820362212433
2025-05-28,548.1,550.91,546.62,549.76,1148084.0,174765486.0,408600000.0,0.0028097993147332355
2025-05-29,550.73,559.49,549.04,555.46,1995398.0,307107815.0,408600000.0,0.00488349975526187
2025-05-30,555.46,556.82,540.64,542.62,2498925.0,378561778.0,408600000.0,0.006115822320117474
2025-06-03,539.56,539.56,532.53,533.18,2473260.0,367562215.0,408600000.0,0.006053010279001469
2025-06-04,532.57,536.78,529.9,532.75,2202326.0,325434618.0,408600000.0,0.005389931473323544
2025-06-05,532.75,545.98,531.67,540.64,2882545.0,432384978.0,408600000.0,0.007054686735193343
2025-06-06,540.61,547.31,537.87,539.92,1886710.0,283942340.0,408600000.0,0.004617498776309349
2025-06-09,539.2,539.2,528.53,533.43,3687390.0,544887280.0,408600000.0,0.009024449339207048
2025-06-10,533.43,533.47,517.14,519.95,4669902.0,676870958.0,408600000.0,0.011429030837004405
2025-06-11,519.3,525.83,517.79,521.97,2785308.0,403884683.0,408600000.0,0.006816710719530103
2025-06-12,519.74,519.74,507.41,507.99,3716143.0,527290522.0,408600000.0,0.009094818893783652
2025-06-13,504.53,504.53,485.35,487.12,5625875.0,768451083.0,408600000.0,0.013768661282427803
2025-06-16,482.25,491.19,474.79,483.51,5881675.0,785627877.0,408600000.0,0.014394701419481156
2025-06-17,481.1,487.51,479.73,482.97,3648358.0,489777714.0,408600000.0,0.008928923152227116
2025-06-18,493.79,496.99,483.69,485.78,4120373.0,559338549.0,408600000.0,0.010084123837493882
2025-06-19,483.15,495.8,483.15,489.82,4179609.0,568649120.0,408600000.0,0.010229096916299559
2025-06-20,489.82,512.74,488.74,508.53,8173368.0,1148598335.0,408600000.0,0.020003348017621145
2025-06-23,503.45,503.45,491.26,494.07,5347784.0,735739425.0,408600000.0,0.013088066568771414
2025-06-24,494.69,498.47,494.18,498.22,3395921.0,468009298.0,408600000.0,0.008311113558492414
2025-06-25,498.26,500.2,490.54,500.17,4756685.0,653524930.0,408600000.0,0.011641421928536465
2025-06-26,499.64,505.03,494.67,499.6,4395465.0,588151107.0,408600000.0,0.01075737885462555
2025-06-27,498.22,499.53,492.05,493.1,3232164.0,427971181.0,408600000.0,0.007910337738619677
2025-06-30,493.1,500.24,489.06,497.85,3381387.0,447110201.0,408600000.0,0.008275543318649046
2025-07-01,496.24,496.95,491.64,492.35,2199300.0,290064135.0,408600000.0,0.005382525697503671
2025-07-02,493.51,499.16,491.68,496.95,3248400.0,431077746.0,408600000.0,0.007950073421439061
2025-07-03,495.45,508.17,495.23,500.73,3398748.0,456767356.0,408600000.0,0.008318032305433187
2025-07-04,500.73,504.84,499.16,501.74,2211200.0,296984068.0,408600000.0,0.0054116495349975525
2025-07-07,501.74,505.33,498.97,500.28,2537986.0,340826015.0,408600000.0,0.006211419481155164
2025-07-08,500.32,507.64,498.41,507.01,2958818.0,399088400.0,408600000.0,0.0072413558492413115
2025-07-09,507.01,518.56,506.04,513.33,4071272.0,560745106.0,408600000.0,0.009963954968184044
2025-07-10,512.24,518.6,508.5,515.94,2498736.0,342910187.0,408600000.0,0.006115359765051395
2025-07-11,516.28,523.53,512.28,518.19,3600435.0,500158272.0,408600000.0,0.008811637298091042
2025-07-14,517.51,517.55,511.12,514.93,2216249.0,304590870.0,408600000.0,0.005424006363191385
2025-07-15,511.12,511.57,502.89,505.7,2975749.0,403185867.0,408600000.0,0.0072827924620655895
2025-07-16,505.14,512.8,505.06,512.21,2203581.0,300724936.0,408600000.0,0.005393002936857562
2025-07-17,512.13,514.0,506.67,510.49,1736109.0,236489732.0,408600000.0,0.004248920704845815
2025-07-18,510.07,522.75,510.07,522.0,4211025.0,583923914.0,408600000.0,0.010305983847283406
2025-07-21,520.62,522.67,517.29,520.69,2106264.0,292719223.0,408600000.0,0.005154831130690161
2025-07-22,520.69,540.28,518.97,540.02,4852038.0,691282599.0,408600000.0,0.011874787077826725
2025-07-23,540.28,554.72,538.45,540.77,5023406.0,734606547.0,408600000.0,0.012294189916789036
2025-07-24,540.77,551.28,540.25,548.88,2956805.0,432544386.0,408600000.0,0.007236429270680372
2025-07-25,548.06,548.51,529.85,533.11,4748191.0,683328569.0,408600000.0,0.01162063387175722
2025-07-28,533.03,536.32,525.7,531.83,3175145.0,449826741.0,408600000.0,0.007770790504160548
2025-07-29,531.87,533.18,521.48,528.13,2866471.0,403112120.0,408600000.0,0.007015347528144885
2025-07-30,529.63,538.6,526.82,529.93,3004345.0,428223126.0,408600000.0,0.0073527777777777775
2025-07-31,528.88,528.88,512.62,515.2,3691571.0,511519804.0,408600000.0,0.00903468184043074
2025-08-01,513.63,516.69,509.7,512.58,2093600.0,287106281.0,408600000.0,0.005123837493881547
2025-08-04,511.46,511.91,504.76,508.84,2690111.0,364302634.0,408600000.0,0.006583727361722956
2025-08-05,509.63,524.28,509.63,523.5,3439961.0,477202848.0,408600000.0,0.008418896231032796
2025-08-06,521.7,523.35,517.85,521.48,1702932.0,237211192.0,408600000.0,0.004167723935389133
2025-08-07,521.48,524.81,518.86,519.2,1689617.0,235493722.0,408600000.0,0.004135137053352912
2025-08-08,519.2,521.44,515.27,516.58,1372415.0,190341645.0,408600000.0,0.0033588228095937345
2025-08-11,516.06,552.62,515.98,548.66,7477103.0,1077499525.0,408600000.0,0.018299322075379345
2025-08-12,545.0,558.53,543.54,546.94,4581400.0,674819263.0,408600000.0,0.011212432697014194
2025-08-13,546.94,548.88,537.67,544.7,3170343.0,460663911.0,408600000.0,0.007759038179148311
2025-08-14,543.84,556.47,543.84,546.57,4146977.0,611079371.0,408600000.0,0.010149233969652472
2025-08-15,544.66,551.5,537.44,550.57,3335197.0,485957436.0,408600000.0,0.008162498776309349
2025-08-18,550.72,562.08,550.64,554.98,3693949.0,549992507.0,408600000.0,0.009040501713166912
2025-08-19,553.37,578.8,551.54,575.73,7021090.0,1071138592.0,408600000.0,0.017183284385707293
2025-08-20,570.57,621.38,566.46,603.1,8581466.0,1384438089.0,408600000.0,0.021002119432207537
2025-08-21,603.17,613.57,594.65,599.06,4525988.0,728978905.0,408600000.0,0.011076818404307392
2025-08-22,598.24,616.93,591.06,614.43,4197743.0,677480539.0,408600000.0,0.010273477728830152
2025-08-25,616.19,658.36,613.2,651.26,5896081.0,1003470080.0,408600000.0,0.014429958394517866
2025-08-26,646.47,659.93,631.97,646.36,4285845.0,738942370.0,408600000.0,0.010489096916299559
2025-08-27,637.87,645.2,617.5,617.72,4678686.0,789131654.0,408600000.0,0.011450528634361233
2025-08-28,613.57,624.49,600.11,613.2,4455209.0,728599614.0,408600000.0,0.010903595203132648
2025-08-29,619.51,646.73,619.25,640.49,4766907.0,812640661.0,408600000.0,0.01166643906020558
2025-09-01,637.91,641.54,624.34,637.12,4353016.0,735413508.0,408600000.0,0.010653489965736661
2025-09-02,633.76,654.4,631.97,635.85,3885724.0,668220808.0,408600000.0,0.009509848262359276
2025-09-03,644.72,650.47,621.72,625.16,2678112.0,451505662.0,408600000.0,0.006554361233480176
2025-09-04,623.55,625.53,604.15,614.62,3237796.0,530319084.0,408600000.0,0.00792412139011258
2025-09-05,615.44,619.03,606.5,614.65,3231265.0,528158160.0,408600000.0,0.007908137542829173
2025-09-08,614.09,634.81,610.58,631.89,3782219.0,633653320.0,408600000.0,0.009256532060695056
2025-09-09,628.41,643.22,620.26,642.96,3348362.0,564472016.0,408600000.0,0.00819471855115027
2025-09-10,639.37,657.61,631.89,651.97,5171193.0,900236544.0,408600000.0,0.012655881057268722
2025-09-11,648.53,659.56,635.63,646.88,3576245.0,615575833.0,408600000.0,0.008752435144395497
2025-09-12,646.88,661.84,635.63,637.87,3210718.0,553882301.0,408600000.0,0.007857851199216838
2025-09-15,635.18,640.49,624.41,628.45,3100558.0,523394241.0,408600000.0,0.007588247674987763
2025-09-16,628.45,632.9,621.8,630.32,1827092.0,306160785.0,408600000.0,0.004471590797846305
2025-09-17,630.32,632.19,610.8,611.81,3831744.0,631909159.0,408600000.0,0.009377738619676945
2025-09-18,611.96,614.69,593.57,604.78,3429180.0,555757056.0,408600000.0,0.008392511013215859
2025-09-19,598.46,601.53,588.29,601.23,3367899.0,535228886.0,408600000.0,0.008242533039647577
2025-09-22,594.5,600.48,587.7,593.34,2522004.0,400577351.0,408600000.0,0.0061723054331864905
2025-09-23,593.45,596.33,584.52,587.06,1837784.0,289301864.0,408600000.0,0.004497758198727362
2025-09-24,584.33,591.51,582.91,586.01,1836936.0,287978955.0,408600000.0,0.00449568281938326
2025-09-25,585.53,587.77,578.68,579.39,2005393.0,312321481.0,408600000.0,0.004907961331375429
2025-09-26,576.37,587.02,570.27,576.63,2974158.0,459092891.0,408600000.0,0.007278898678414097
2025-09-29,577.67,599.06,575.06,599.02,3764969.0,596028976.0,408600000.0,0.009214314733235439
2025-09-30,596.74,601.34,587.43,600.41,2510150.0,399221177.0,408600000.0,0.006143294175232501
2025-10-09,597.42,597.79,575.81,582.91,3177826.0,494599327.0,408600000.0,0.007777351933431228
2025-10-10,580.18,584.78,576.55,576.85,1659231.0,257708311.0,408600000.0,0.004060770925110132
2025-10-13,564.59,569.26,561.0,563.95,1891715.0,285645792.0,408600000.0,0.0046297479197258936
2025-10-14,568.29,589.9,567.58,579.81,3610207.0,559413127.0,408600000.0,0.008835553108174254
2025-10-15,576.14,584.44,572.44,579.69,1797270.0,278444398.0,408600000.0,0.0043986049926578565
2025-10-16,578.57,595.47,572.4,594.54,3258192.0,508368994.0,408600000.0,0.007974038179148312
2025-10-17,589.49,596.03,582.39,582.54,2209934.0,347630277.0,408600000.0,0.005408551150269212
2025-10-20,583.43,592.56,580.11,590.39,2028523.0,318599409.0,408600000.0,0.0049645692608908465
2025-10-21,587.99,600.11,581.41,584.18,2310747.0,363111797.0,408600000.0,0.005655279001468429
2025-10-22,580.29,585.83,573.04,574.65,1542500.0,238704842.0,408600000.0,0.0037750856583455704
2025-10-23,572.1,582.09,568.36,580.7,1881304.0,289565067.0,408600000.0,0.0046042682329906996
2025-10-24,581.34,592.59,570.2,571.99,3067817.0,475809173.0,408600000.0,0.007508117963778756
2025-10-27,571.99,573.15,564.14,566.79,2329322.0,353375839.0,408600000.0,0.005700739109153206
2025-10-28,564.96,578.65,564.7,569.9,2444263.0,374304991.0,408600000.0,0.005982043563387176
2025-10-29,568.33,571.69,557.15,562.57,2674915.0,401470545.0,408600000.0,0.00654653695545766
2025-10-30,559.65,576.89,557.67,565.9,3445747.0,525329558.0,408600000.0,0.008433056779246207
2025-10-31,560.85,609.46,557.86,601.98,10221646.0,1634873835.0,408600000.0,0.025016265296133138
2025-11-03,600.71,608.48,588.29,595.81,3451102.0,550448373.0,408600000.0,0.008446162506118453
2025-11-04,596.97,599.7,583.32,590.76,2968423.0,468887779.0,408600000.0,0.0072648629466470875
2025-11-05,587.77,598.61,576.25,580.33,2793755.0,436627378.0,408600000.0,0.006837383749388155
2025-11-06,579.54,586.09,572.85,574.27,2112648.0,326370080.0,408600000.0,0.005170455212922173
2025-11-07,572.07,576.67,566.83,569.3,1964000.0,300483931.0,408600000.0,0.004806656877141459
2025-11-10,569.04,613.94,567.06,607.59,6905677.0,1103928065.0,408600000.0,0.016900824767498775
2025-11-11,604.48,616.52,592.63,613.2,3742235.0,605567081.0,408600000.0,0.009158675966715614
2025-11-12,611.55,630.39,609.91,611.14,3244819.0,536477775.0,408600000.0,0.007941309348996574
2025-11-13,608.0,630.43,607.59,622.62,3054618.0,506479145.0,408600000.0,0.007475814977973568
2025-11-14,622.51,630.1,604.22,604.22,3069334.0,502854616.0,408600000.0,0.007511830641213901
2025-11-17,603.36,611.06,593.45,601.98,2357513.0,378933264.0,408600000.0,0.005769733235438081
2025-11-18,601.27,616.9,598.24,604.22,2180397.0,355167963.0,408600000.0,0.005336262848751836
2025-11-19,603.25,605.64,593.75,600.3,1318300.0,210916102.0,408600000.0,0.003226382770435634
2025-11-20,599.55,618.43,595.25,605.53,2166200.0,352643891.0,408600000.0,0.005301517376407244
2025-11-21,602.35,622.69,596.93,616.93,4212566.0,689041878.0,408600000.0,0.010309755261869799
2025-11-24,609.46,635.4,609.46,623.55,3952176.0,663001940.0,408600000.0,0.009672481644640235
2025-11-25,620.67,633.31,605.08,623.59,2999282.0,494942638.0,408600000.0,0.007340386686245717
2025-11-26,620.26,627.07,606.32,613.76,2362913.0,387723444.0,408600000.0,0.005782949094468918
2025-11-27,615.74,628.9,606.47,622.21,2664800.0,440637972.0,408600000.0,0.006521781693587861
2025-11-28,618.43,628.15,613.2,621.8,1502626.0,249815903.0,408600000.0,0.003677498776309349
2025-12-01,624.79,637.91,622.54,623.96,2334790.0,393616802.0,408600000.0,0.005714121390112579
2025-12-02,616.97,629.53,613.31,616.86,1510500.0,250690427.0,408600000.0,0.003696769456681351
2025-12-03,617.42,619.48,584.22,587.02,3809429.0,606998068.0,408600000.0,0.009323125305922662
2025-12-04,586.98,593.0,572.55,577.6,4090475.0,632705751.0,408600000.0,0.010010952031326481
2025-12-05,576.33,586.24,566.91,583.25,1686420.0,261673881.0,408600000.0,0.004127312775330396
2025-12-08,583.21,586.16,573.94,575.36,1804726.0,278759392.0,408600000.0,0.004416852667645619
2025-12-09,575.77,576.85,552.25,561.6,3479000.0,523648326.0,408600000.0,0.00851443954968184
2025-12-10,558.23,567.24,550.68,560.29,2040259.0,304794288.0,408600000.0,0.004993291727851199
2025-12-11,559.91,566.5,550.04,551.13,1599870.0,238043165.0,408600000.0,0.003915491923641703
2025-12-12,555.24,568.33,540.28,543.91,4970803.0,735631593.0,408600000.0,0.01216545031815957
2025-12-15,553.22,560.81,546.27,549.48,3156429.0,467644226.0,408600000.0,0.007724985315712188
2025-12-16,544.47,553.86,544.44,548.06,1607765.0,236229986.0,408600000.0,0.003934813999021048
2025-12-17,546.45,546.83,537.14,544.4,1997100.0,289795939.0,408600000.0,0.0048876651982378855
2025-12-18,542.68,543.84,536.02,537.11,1804455.0,260288618.0,408600000.0,0.0044161894273127755
2025-12-19,536.55,543.46,532.99,540.47,2281300.0,327695488.0,408600000.0,0.005583210964268233
2025-12-22,538.49,546.64,536.88,541.97,1984866.0,287689735.0,408600000.0,0.004857723935389134
2025-12-23,540.85,541.37,533.18,534.68,1748365.0,250343659.0,408600000.0,0.004278915810083211
2025-12-24,532.84,534.6,528.51,530.34,1834110.0,260140779.0,408600000.0,0.004488766519823788
2025-12-25,529.11,540.58,529.11,537.59,2123687.0,304275766.0,408600000.0,0.005197471855115027
2025-12-26,534.68,535.87,527.98,530.19,2196433.0,312273025.0,408600000.0,0.005375509055310817
2025-12-29,528.73,529.82,507.57,511.27,5655185.0,778275363.0,408600000.0,0.013840394028389623
2025-12-30,508.47,510.78,501.81,507.08,3099431.0,419598142.0,408600000.0,0.007585489476260402
2025-12-31,507.12,507.12,494.97,495.79,3604151.0,481105295.0,408600000.0,0.0088207317670093
2026-01-05,494.93,507.34,493.58,505.85,2944575.0,396368014.0,408600000.0,0.007206497797356828
2026-01-06,504.54,508.8,499.9,507.23,2800100.0,378230986.0,408600000.0,0.006852912383749388
2026-01-07,506.9,516.02,500.58,515.35,4951941.0,673261768.0,408600000.0,0.012119287812041116
2026-01-08,511.16,512.21,505.92,508.47,2275278.0,309364887.0,408600000.0,0.005568472834067547
2026-01-09,510.67,521.59,510.67,514.78,3701793.0,510703889.0,408600000.0,0.009059698972099853
2026-01-12,513.1,531.31,512.62,529.93,4802080.0,675378836.0,408600000.0,0.011752520802741067
2026-01-13,530.3,532.88,518.82,520.54,3430257.0,482321963.0,408600000.0,0.00839514684287812
2026-01-14,519.72,525.33,509.44,513.7,3493361.0,482828955.0,408600000.0,0.008549586392559962
2026-01-15,510.75,514.71,503.19,505.89,2558871.0,346998950.0,408600000.0,0.006262533039647577
2026-01-16,504.84,508.43,499.9,500.95,2634648.0,353892031.0,408600000.0,0.006447988252569751
2026-01-19,499.79,504.02,493.92,495.38,3222398.0,428407816.0,408600000.0,0.007886436612824278
2026-01-20,495.38,502.0,492.87,495.6,3455564.0,459133769.0,408600000.0,0.008457082721488008
2026-01-21,494.41,494.44,480.39,480.83,4211975.0,546220458.0,408600000.0,0.010308308859520313
2026-01-22,481.02,483.0,473.77,474.96,3324988.0,425082418.0,408600000.0,0.008137513460597162
2026-01-23,475.0,478.14,469.73,471.34,4261700.0,539625183.0,408600000.0,0.010430004894762604
2026-01-26,468.38,476.72,455.67,468.2,5573074.0,693089404.0,408600000.0,0.013639437102300539
2026-01-27,466.55,466.55,454.33,461.02,3819362.0,469485471.0,408600000.0,0.009347435144395497
2026-01-28,461.02,475.45,460.72,471.04,4639713.0,582604705.0,408600000.0,0.01135514684287812
2026-01-29,471.11,518.15,471.04,518.15,12014349.0,1601254216.0,408600000.0,0.02940369309838473
2026-01-30,512.99,512.99,494.0,494.0,7960185.0,1069936337.0,408600000.0,0.019481607929515418
2026-02-02,494.0,520.92,493.73,499.53,6612563.0,892971253.0,408600000.0,0.01618346304454234
2026-02-03,492.01,510.15,490.29,495.16,3884117.0,516992274.0,408600000.0,0.009505915320606951
2026-02-04,492.8,510.86,491.86,508.13,5844347.0,784727744.0,408600000.0,0.014303345570239843
2026-02-05,508.84,524.39,506.63,516.09,6616608.0,916333175.0,408600000.0,0.016193362701908957
2026-02-06,510.78,517.07,496.2,499.87,5118498.0,685958317.0,408600000.0,0.012526916299559472
2026-02-09,498.3,498.33,488.95,492.84,3951765.0,519702641.0,408600000.0,0.00967147577092511
2026-02-10,489.82,490.73,481.23,483.53,3168857.0,407012866.0,408600000.0,0.0077554013705335295
2026-02-11,484.1,498.75,482.44,497.36,3766433.0,491190755.0,408600000.0,0.009217897699461576
2026-02-12,495.36,495.81,482.25,483.27,2814817.0,363410783.0,408600000.0,0.006888930494371023
2026-02-13,484.81,495.44,481.2,486.43,2597510.0,337434589.0,408600000.0,0.00635709740577582
2026-02-24,489.41,492.42,463.75,466.43,4137190.0,515875602.0,408600000.0,0.010125281448849732
2026-02-25,467.18,468.39,463.6,464.2,2960170.0,365545771.0,408600000.0,0.007244664708761625
2026-02-26,463.37,463.37,451.92,455.12,3376654.0,409182977.0,408600000.0,0.008263959862946648
2026-02-27,455.16,456.74,448.79,456.67,2817608.0,339112682.0,408600000.0,0.006895761135584924
2026-03-02,449.13,452.49,439.68,441.45,3474466.0,408428323.0,408600000.0,0.008503343122858541
2026-03-03,440.69,446.83,428.0,435.83,4495053.0,521094650.0,408600000.0,0.01100110866372981
2026-03-04,429.5,432.89,416.73,418.65,3847839.0,430296682.0,408600000.0,0.009417129221732747
2026-03-05,423.48,425.7,417.11,419.11,2066510.0,230746119.0,408600000.0,0.005057537934410181
2026-03-06,418.2,429.5,414.85,429.43,2479349.0,278916403.0,408600000.0,0.006067912383749388
2026-03-09,421.48,424.91,416.69,418.47,2915279.0,324720906.0,408600000.0,0.007134799314733236
2026-03-10,421.59,422.65,418.2,418.84,2059533.0,229473149.0,408600000.0,0.005040462555066079
2026-03-11,418.8,426.45,416.05,424.19,2854000.0,319622403.0,408600000.0,0.006984826235927557
2026-03-12,421.97,427.24,420.84,422.87,1997888.0,224854768.0,408600000.0,0.0048895937347038666
2026-03-13,421.97,430.9,420.46,428.34,3064751.0,347531859.0,408600000.0,0.007500614292706803
2026-03-16,426.75,435.0,426.75,430.3,3254239.0,372330285.0,408600000.0,0.007964363680861479
2026-03-17,427.81,434.51,424.23,424.34,2666475.0,303506096.0,408600000.0,0.006525881057268723
2026-03-18,424.3,424.42,416.13,418.39,1907400.0,211789707.0,408600000.0,0.00466813509544787
2026-03-19,415.19,416.69,408.33,408.41,1894552.0,207114850.0,408600000.0,0.004636691140479687
2026-03-20,409.08,418.58,406.37,410.55,2470400.0,270784708.0,408600000.0,0.006046010768477729
2026-03-23,406.15,406.37,396.39,397.4,2366282.0,251751405.0,408600000.0,0.00579119432207538
2026-03-24,401.93,409.5,393.26,409.46,2870867.0,307726008.0,408600000.0,0.0070261062163485075
2026-03-25,407.09,408.37,401.36,403.13,2777167.0,298036985.0,408600000.0,0.006796786588350465
2026-03-26,402.83,405.01,385.84,387.38,4283665.0,446450918.0,408600000.0,0.010483761625061185
2026-03-27,384.29,395.82,383.61,392.81,2264469.0,235178320.0,408600000.0,0.005542019089574156
2026-03-30,388.44,401.59,387.68,395.86,2851874.0,299400696.0,408600000.0,0.006979623103279491
2026-03-31,403.17,406.9,386.37,387.5,3762979.0,394913633.0,408600000.0,0.009209444444444444
2026-04-01,392.21,409.91,388.74,403.43,4710123.0,500557242.0,408600000.0,0.011527466960352423
2026-04-02,400.23,418.54,398.61,415.15,5316716.0,580892442.0,408600000.0,0.013012031326480666
2026-04-03,413.12,414.06,400.19,401.1,2368406.0,254167150.0,408600000.0,0.005796392559960842
2026-04-07,400.91,405.01,392.28,397.1,1782304.0,188009689.0,408600000.0,0.004361977484092021
2026-04-08,402.98,407.46,398.95,403.13,2211659.0,236541377.0,408600000.0,0.005412772883015174
2026-04-09,399.89,401.02,385.05,387.31,4542988.0,470003859.0,408600000.0,0.011118423886441508
2026-04-10,388.17,393.52,388.02,389.87,2304510.0,239102754.0,408600000.0,0.005640014684287812
2026-04-13,386.18,389.94,383.69,389.42,1618127.0,166323685.0,408600000.0,0.0039601737640724425
2026-04-14,390.32,399.18,390.13,396.91,2843737.0,297815401.0,408600000.0,0.006959708761625061
2026-04-15,396.2,406.9,393.18,399.82,2920199.0,310204614.0,408600000.0,0.007146840430739109
2026-04-16,398.61,406.86,396.88,402.38,2373214.0,253473260.0,408600000.0,0.005808159569260891
2026-04-17,397.33,399.97,392.77,396.73,2240835.0,235754513.0,408600000.0,0.005484177679882526
2026-04-20,395.48,399.74,391.49,399.36,1804499.0,189713831.0,408600000.0,0.004416297112090063
2026-04-21,397.55,403.51,395.6,396.61,1290900.0,136402259.0,408600000.0,0.003159324522760646
2026-04-22,395.86,397.14,391.07,395.33,1847414.0,193292970.0,408600000.0,0.004521326480665688
2026-04-23,398.61,417.67,398.5,413.91,6468155.0,705858819.0,408600000.0,0.015830041605482133
2026-04-24,411.08,420.84,406.26,412.55,3251215.0,357191310.0,408600000.0,0.007956962799804209
2026-04-27,409.91,409.91,399.4,400.04,2548279.0,272203068.0,408600000.0,0.0062366103768967205
2026-04-28,397.86,404.56,396.09,401.62,2074300.0,220269416.0,408600000.0,0.005076603034752814
2026-04-29,398.53,417.98,398.53,411.23,4521623.0,495464092.0,408600000.0,0.011066135584924131
2026-04-30,411.04,417.82,403.62,404.0,2353207.0,255102907.0,408600000.0,0.00575919481155164
2026-05-06,397.03,399.93,394.39,399.48,2296943.0,241951073.0,408600000.0,0.005621495349975526
2026-05-07,399.4,410.48,399.4,407.73,2649727.0,286236887.0,408600000.0,0.0064848923152227116
2026-05-08,407.69,409.39,399.36,400.72,2430596.0,259344494.0,408600000.0,0.005948595203132648
2026-05-11,399.36,405.32,394.84,398.08,2952941.0,312031450.0,408600000.0,0.007226972589329418
2026-05-12,395.6,400.91,386.18,386.33,3579959.0,371013467.0,408600000.0,0.00876152471855115
2026-05-13,385.76,386.52,373.37,374.08,4229193.0,423185270.0,408600000.0,0.010350447870778268
2026-05-14,372.61,389.94,369.98,380.68,4515683.0,454192653.0,408600000.0,0.01105159813999021
2026-05-15,377.89,380.53,366.13,367.79,3327120.0,327430039.0,408600000.0,0.00814273127753304
2026-05-18,367.72,372.05,360.44,362.1,2596935.0,251169294.0,408600000.0,0.0063556901615271656
2026-05-19,361.69,370.62,359.2,361.69,2427593.0,235059769.0,408600000.0,0.005941245717082722
2026-05-20,358.64,366.43,357.47,361.95,2421842.0,232891597.0,408600000.0,0.00592717082721488
2026-05-21,360.97,369.83,357.39,357.88,2567199.0,247931772.0,408600000.0,0.00628291483113069
2026-05-22,357.92,358.26,345.86,347.56,3620998.0,335236341.0,408600000.0,0.00886196279980421
2026-05-25,346.62,357.51,343.19,352.46,3707321.0,347204373.0,408600000.0,0.009073228095937347
2026-05-26,352.46,359.8,347.37,349.44,2904059.0,271973699.0,408600000.0,0.007107339696524719
2026-05-27,346.65,361.65,341.64,353.78,5828031.0,542595895.0,408600000.0,0.0142634140969163
2026-05-28,349.63,357.39,344.88,346.13,3217990.0,298615371.0,408600000.0,0.007875648556045032
2026-05-29,343.49,363.12,342.85,350.5,6029243.0,568789004.0,408600000.0,0.014755856583455702
2026-06-01,350.38,359.16,347.37,357.51,4197525.0,394596536.0,408600000.0,0.010272944199706315
2026-06-02,354.57,361.2,349.67,350.57,3615529.0,339966221.0,408600000.0,0.008848578071463534
2026-06-03,348.8,348.8,335.5,340.93,4629554.0,417074812.0,408600000.0,0.011330283896231032
2026-06-04,339.08,344.92,331.55,333.69,2799465.0,249812289.0,408600000.0,0.006851358296622614
2026-06-05,336.07,342.47,329.74,332.38,2714470.0,241392070.0,408600000.0,0.006643343122858541
2026-06-08,331.17,337.16,323.18,325.71,2787503.0,242701847.0,408600000.0,0.0068220827214880075
2026-06-09,324.69,327.03,321.68,324.05,2622185.0,225479148.0,408600000.0,0.006417486539402839
2026-06-10,324.12,331.17,322.88,328.57,3041677.0,264961195.0,408600000.0,0.007444143416544298
2026-06-11,326.08,332.11,322.92,328.42,2127200.0,184749546.0,408600000.0,0.005206069505628977
2026-06-12,326.69,333.43,325.9,329.85,2277486.0,199969635.0,408600000.0,0.005573876651982379
2026-06-15,329.85,332.53,321.75,328.16,3638254.0,314933742.0,408600000.0,0.008904194811551639
2026-06-16,326.2,327.29,318.36,320.24,3657203.0,311830927.0,408600000.0,0.008950570239843367
2026-06-17,319.04,320.81,313.27,316.7,2672620.0,224267856.0,408600000.0,0.006540920215369554
2026-06-18,316.02,316.02,307.43,307.85,3408578.0,280501177.0,408600000.0,0.008342090063631914
2026-06-22,306.49,314.82,303.29,310.98,3813506.0,312522596.0,408600000.0,0.009333103279490945
2026-06-23,308.83,314.18,300.13,300.2,3656242.0,296681004.0,408600000.0,0.00894821830641214
2026-06-24,301.18,306.0,294.02,294.62,3672650.0,290548346.0,408600000.0,0.008988374938815467
2026-06-25,292.59,313.39,290.1,305.55,6000548.0,483392888.0,408600000.0,0.014685628976994616
2026-06-26,304.42,312.03,297.38,297.53,3379231.0,272207864.0,408600000.0,0.008270266764561919
2026-06-29,294.51,307.51,287.39,297.04,5387394.0,426765185.0,408600000.0,0.013185007342143906
2026-06-30,293.87,301.41,290.48,300.65,3478556.0,272571017.0,408600000.0,0.00851335291238375
2026-07-01,298.81,305.14,292.33,302.27,3934400.0,313379449.0,408600000.0,0.00962897699461576
2026-07-02,302.76,305.32,296.47,297.38,3038399.0,241573022.0,408600000.0,0.007436120900636319
2026-07-03,298.84,302.99,296.36,298.51,2677724.0,212614357.0,408600000.0,0.006553411649534997
2026-07-06,297.6,305.66,296.06,300.99,3529425.0,282553790.0,408600000.0,0.008637848751835537
2026-07-07,299.15,300.95,289.84,290.1,2706207.0,210878644.0,408600000.0,0.006623120411160059
2026-07-08,290.1,294.21,287.16,290.52,2471400.0,190487084.0,408600000.0,0.006048458149779736
2026-07-09,290.1,291.8,285.02,286.34,2409798.0,183656485.0,408600000.0,0.0058976945668135095
2026-07-10,287.09,303.86,283.32,300.62,5769352.0,454991490.0,408600000.0,0.014119804209495839
2026-07-13,297.19,300.31,292.67,297.53,3644738.0,286345661.0,408600000.0,0.008920063631913852
