date,开盘,最高,最低,收盘,成交量,成交额,流通股本,换手率
2000-06-08,39.8,59.98,39.8,57.5,23573000.0,1304305577.0,30000000.0,0.7857666666666666
2000-06-09,57.6,58.5,55.0,55.03,5821800.0,328688138.0,30000000.0,0.19406
2000-06-12,55.13,60.53,55.13,58.61,3635400.0,211105278.0,30000000.0,0.12118
2000-06-13,58.6,59.49,57.5,57.85,1733000.0,100691660.0,30000000.0,0.05776666666666667
2000-06-14,58.01,58.44,55.9,56.05,1643400.0,92928416.0,30000000.0,0.05478
2000-06-15,56.1,57.4,55.8,56.49,903100.0,51052276.0,30000000.0,0.030103333333333333
2000-06-16,56.56,58.0,55.9,56.15,1010700.0,57119241.0,30000000.0,0.03369
2000-06-19,56.0,56.6,55.15,55.65,663500.0,36907647.0,30000000.0,0.022116666666666666
2000-06-20,55.67,56.5,55.4,56.4,377800.0,21162387.0,30000000.0,0.012593333333333333
2000-06-21,56.8,61.18,56.45,58.2,2067000.0,121725817.0,30000000.0,0.0689
2000-06-22,58.3,58.5,57.38,57.5,925600.0,53693559.0,30000000.0,0.030853333333333333
2000-06-23,57.78,59.99,57.78,59.52,1447300.0,85256710.0,30000000.0,0.04824333333333333
2000-06-26,59.8,60.5,58.7,58.93,1257600.0,75018069.0,30000000.0,0.04192
2000-06-27,59.0,59.4,58.5,58.59,573600.0,33772061.0,30000000.0,0.01912
2000-06-28,58.4,59.66,58.22,58.5,597000.0,35119253.0,30000000.0,0.0199
2000-06-29,58.62,58.79,56.98,58.04,957700.0,55260560.0,30000000.0,0.03192333333333333
2000-06-30,57.88,58.02,57.2,57.31,361400.0,20806823.0,30000000.0,0.012046666666666667
2000-07-03,57.0,57.0,55.67,55.97,698000.0,39258689.0,30000000.0,0.023266666666666668
2000-07-04,55.69,56.58,55.69,56.35,321300.0,18040808.0,30000000.0,0.01071
2000-07-05,56.35,56.77,55.9,56.02,247900.0,13933784.0,30000000.0,0.008263333333333333
2000-07-06,56.0,57.2,55.7,56.88,222700.0,12549897.0,30000000.0,0.007423333333333333
2000-07-07,56.18,57.89,56.18,57.27,265900.0,15221720.0,30000000.0,0.008863333333333334
2000-07-10,58.3,62.19,58.0,59.94,1480200.0,89320464.0,30000000.0,0.04934
2000-07-11,60.4,61.6,58.75,61.13,834500.0,50060066.0,30000000.0,0.027816666666666667
2000-07-12,61.4,61.6,60.0,60.85,555400.0,33820973.0,30000000.0,0.018513333333333333
2000-07-13,60.7,65.4,60.6,64.72,2036500.0,129349599.0,30000000.0,0.06788333333333334
2000-07-14,65.0,65.39,63.51,64.24,856400.0,55182954.0,30000000.0,0.028546666666666668
2000-07-17,64.0,64.87,62.0,62.05,571400.0,36087980.0,30000000.0,0.019046666666666667
2000-07-18,62.1,62.79,61.62,62.74,592500.0,36755351.0,30000000.0,0.01975
2000-07-19,62.88,65.5,62.88,63.91,797300.0,51340566.0,30000000.0,0.026576666666666665
2000-07-20,63.5,64.4,62.3,62.82,567100.0,35807504.0,30000000.0,0.018903333333333334
2000-07-21,62.88,64.05,62.88,63.04,423800.0,26862683.0,30000000.0,0.014126666666666666
2000-07-24,63.1,63.38,61.23,61.33,583400.0,36224482.0,30000000.0,0.019446666666666668
2000-07-25,61.1,61.78,60.61,60.86,473600.0,28896218.0,30000000.0,0.015786666666666668
2000-07-26,60.78,62.49,60.68,61.1,294000.0,18071673.0,30000000.0,0.0098
2000-07-27,61.3,61.9,60.88,61.38,302600.0,18547758.0,30000000.0,0.010086666666666667
2000-07-28,61.38,63.1,61.03,62.7,351200.0,21854426.0,30000000.0,0.011706666666666667
2000-07-31,63.0,63.6,62.0,62.2,531500.0,33434070.0,30000000.0,0.017716666666666665
2000-08-01,62.56,63.0,61.12,61.27,319400.0,19728662.0,30000000.0,0.010646666666666667
2000-08-02,61.27,62.28,60.8,62.0,306600.0,18792920.0,30000000.0,0.01022
2000-08-03,62.2,63.0,61.51,62.78,374500.0,23394590.0,30000000.0,0.012483333333333334
2000-08-04,60.1,62.28,60.1,61.3,720500.0,44310883.0,30000000.0,0.024016666666666665
2000-08-07,61.0,61.5,60.32,60.88,644800.0,39214937.0,30000000.0,0.021493333333333333
2000-08-08,60.9,61.8,60.9,61.19,345900.0,21266585.0,30000000.0,0.01153
2000-08-09,61.3,62.7,61.0,62.41,474200.0,29428986.0,30000000.0,0.015806666666666667
2000-08-10,62.88,63.48,62.22,63.16,594000.0,37213215.0,30000000.0,0.0198
2000-08-11,63.21,63.85,62.2,62.25,354300.0,22292314.0,30000000.0,0.01181
2000-08-14,62.25,65.2,62.0,65.0,981100.0,63175999.0,30000000.0,0.032703333333333334
2000-08-15,65.39,68.0,65.2,67.53,1894800.0,126615885.0,30000000.0,0.06316
2000-08-16,68.0,68.0,66.18,66.35,405200.0,27035872.0,30000000.0,0.013506666666666667
2000-08-17,66.0,67.0,66.0,66.52,354900.0,23604371.0,30000000.0,0.01183
2000-08-18,66.6,66.6,64.58,64.69,408000.0,26638904.0,30000000.0,0.0136
2000-08-21,64.7,64.91,64.1,64.81,254300.0,16407114.0,30000000.0,0.008476666666666667
2000-08-22,64.5,64.8,63.11,63.11,295600.0,18923556.0,30000000.0,0.009853333333333334
2000-08-23,63.0,63.78,60.1,62.0,617400.0,38219973.0,30000000.0,0.02058
2000-08-24,62.1,62.68,61.41,61.56,678300.0,41970638.0,30000000.0,0.02261
2000-08-25,61.6,64.01,61.56,63.87,205400.0,12968198.0,30000000.0,0.006846666666666667
2000-08-28,63.86,63.88,62.0,62.38,292900.0,18339351.0,30000000.0,0.009763333333333334
2000-08-29,62.51,63.0,62.33,62.5,208300.0,13032938.0,30000000.0,0.0069433333333333335
2000-08-30,62.5,62.88,61.48,62.0,390700.0,24197728.0,30000000.0,0.013023333333333333
2000-08-31,61.5,61.9,60.7,60.73,410600.0,25078328.0,30000000.0,0.013686666666666666
2000-09-01,60.51,61.2,60.2,60.99,264700.0,16094727.0,30000000.0,0.008823333333333334
2000-09-04,60.5,62.35,60.5,62.3,175600.0,10771658.0,30000000.0,0.005853333333333334
2000-09-05,62.5,62.5,60.8,61.04,203700.0,12462200.0,30000000.0,0.00679
2000-09-06,60.6,61.48,60.25,60.77,197256.0,11957494.0,30000000.0,0.0065752
2000-09-07,60.77,62.0,60.5,61.78,142600.0,8709981.0,30000000.0,0.004753333333333333
2000-09-11,62.1,63.5,61.72,63.42,364800.0,22857678.0,30000000.0,0.01216
2000-09-12,63.4,63.4,62.02,62.79,129200.0,8099710.0,30000000.0,0.004306666666666667
2000-09-13,62.45,62.9,62.2,62.4,97500.0,6091682.0,30000000.0,0.00325
2000-09-14,62.0,62.77,61.9,62.03,75100.0,4680935.0,30000000.0,0.0025033333333333335
2000-09-15,62.0,62.01,60.98,61.03,197600.0,12136365.0,30000000.0,0.006586666666666667
2000-09-18,60.8,61.5,60.6,61.1,155900.0,9514139.0,30000000.0,0.005196666666666666
2000-09-19,61.1,62.48,60.86,61.12,281000.0,17308111.0,30000000.0,0.009366666666666667
2000-09-20,61.21,63.15,61.2,62.58,237200.0,14766399.0,30000000.0,0.007906666666666666
2000-09-21,63.0,65.5,62.8,63.74,1006600.0,64821239.0,30000000.0,0.03355333333333333
2000-09-22,63.75,64.35,63.0,63.22,255000.0,16230674.0,30000000.0,0.0085
2000-09-25,63.5,65.2,62.51,63.39,308400.0,19707004.0,30000000.0,0.01028
2000-09-26,63.41,64.05,62.5,63.05,359200.0,22657593.0,30000000.0,0.011973333333333334
2000-09-27,63.06,64.5,62.65,64.49,205200.0,13060866.0,30000000.0,0.00684
2000-09-28,64.09,64.49,62.95,63.05,136500.0,8663202.0,30000000.0,0.00455
2000-09-29,63.5,66.8,63.0,65.75,1088300.0,71285760.0,30000000.0,0.036276666666666665
2000-10-09,65.98,68.3,65.6,68.08,1100100.0,74361056.0,30000000.0,0.03667
2000-10-10,68.0,68.5,66.72,66.9,477900.0,32183224.0,30000000.0,0.01593
2000-10-11,66.91,67.4,65.55,65.74,432100.0,28548338.0,30000000.0,0.014403333333333334
2000-10-12,66.0,66.98,65.1,65.32,258300.0,17033053.0,30000000.0,0.00861
2000-10-13,65.5,66.49,64.9,65.65,287400.0,18835299.0,30000000.0,0.00958
2000-10-16,65.4,67.5,65.1,66.98,340200.0,22752234.0,30000000.0,0.01134
2000-10-17,66.99,70.6,66.6,70.09,1067100.0,73988648.0,30000000.0,0.03557
2000-10-18,69.66,75.5,69.6,75.44,1940700.0,142209701.0,30000000.0,0.06469
2000-10-19,75.5,76.0,73.6,75.06,1256400.0,94120331.0,30000000.0,0.04188
2000-10-20,75.5,82.0,75.33,78.42,3197700.0,253538533.0,30000000.0,0.10659
2000-10-23,78.5,80.5,77.06,80.46,1393800.0,110080685.0,30000000.0,0.04646
2000-10-24,80.6,83.23,79.1,83.0,1303500.0,106230535.0,30000000.0,0.04345
2000-10-25,83.15,84.62,80.1,80.2,1650800.0,135995464.0,30000000.0,0.05502666666666667
2000-10-26,79.5,80.5,77.5,77.86,1243900.0,98009039.0,30000000.0,0.04146333333333333
2000-10-27,77.61,80.2,77.61,79.16,825600.0,65290912.0,30000000.0,0.02752
2000-10-30,79.88,79.98,78.0,78.26,427300.0,33639338.0,30000000.0,0.014243333333333334
2000-10-31,78.0,78.7,75.62,76.2,846700.0,65014436.0,30000000.0,0.028223333333333333
2000-11-01,76.11,77.61,75.8,77.5,552300.0,42329108.0,30000000.0,0.01841
2000-11-02,77.37,78.5,76.55,77.43,448700.0,34658095.0,30000000.0,0.014956666666666667
2000-11-03,77.5,79.48,77.5,77.93,303500.0,23796543.0,30000000.0,0.010116666666666666
2000-11-06,77.9,80.0,77.8,78.86,473800.0,37571406.0,30000000.0,0.015793333333333333
2000-11-07,79.39,80.5,78.9,80.0,310100.0,24760615.0,30000000.0,0.010336666666666666
2000-11-08,80.0,80.4,79.01,79.99,197500.0,15681797.0,30000000.0,0.006583333333333333
2000-11-09,80.0,80.55,79.4,79.93,285400.0,22784810.0,30000000.0,0.009513333333333334
2000-11-10,80.2,83.0,80.2,82.39,589400.0,48187130.0,30000000.0,0.019646666666666666
2000-11-13,82.5,82.9,80.81,81.58,420400.0,34186424.0,30000000.0,0.014013333333333333
2000-11-14,82.0,82.0,73.42,78.95,449900.0,35653082.0,30000000.0,0.014996666666666667
2000-11-15,78.49,78.49,76.3,77.7,641700.0,49594377.0,30000000.0,0.02139
2000-11-16,77.05,78.44,76.58,77.39,461500.0,35589668.0,30000000.0,0.015383333333333334
2000-11-17,77.5,78.0,76.61,77.04,301000.0,23225041.0,30000000.0,0.010033333333333333
2000-11-20,76.99,77.0,75.51,75.81,451415.0,34313188.0,30000000.0,0.015047166666666667
2000-11-21,75.7,77.9,75.51,76.92,237313.0,18206369.0,30000000.0,0.007910433333333333
2000-11-22,77.39,77.6,76.3,77.0,124988.0,9616080.0,30000000.0,0.004166266666666666
2000-11-23,77.0,77.48,76.51,76.9,223894.0,17208570.0,30000000.0,0.007463133333333333
2000-11-24,76.2,77.0,74.0,75.52,501858.0,37960016.0,30000000.0,0.0167286
2000-11-27,74.79,75.4,73.8,74.01,298831.0,22251889.0,30000000.0,0.009961033333333333
2000-11-28,73.68,74.5,73.68,74.3,235952.0,17451411.0,30000000.0,0.007865066666666667
2000-11-29,74.02,74.5,72.5,73.01,441952.0,32353134.0,30000000.0,0.014731733333333333
2000-11-30,72.11,75.3,72.11,74.58,312043.0,23203404.0,30000000.0,0.010401433333333333
2000-12-01,74.81,75.25,73.48,74.88,122455.0,9062296.0,30000000.0,0.004081833333333333
2000-12-04,74.48,74.68,73.21,74.46,135038.0,9940542.0,30000000.0,0.004501266666666667
2000-12-05,74.0,74.44,73.28,74.18,122178.0,8978849.0,30000000.0,0.0040726
2000-12-06,74.33,74.88,73.5,73.62,100100.0,7421023.0,30000000.0,0.0033366666666666666
2000-12-07,73.47,74.48,73.4,74.22,71884.0,5316286.0,30000000.0,0.0023961333333333335
2000-12-08,74.19,74.2,73.61,73.81,86180.0,6360842.0,30000000.0,0.0028726666666666666
2000-12-11,73.6,73.9,71.9,72.33,412602.0,30122796.0,30000000.0,0.0137534
2000-12-12,71.99,72.1,70.0,70.94,403677.0,28627514.0,30000000.0,0.0134559
2000-12-13,70.79,70.9,68.95,69.76,634029.0,44196906.0,30000000.0,0.0211343
2000-12-14,69.69,70.0,68.3,68.3,488388.0,33666440.0,30000000.0,0.0162796
2000-12-15,68.3,69.88,68.1,69.85,448281.0,30793100.0,30000000.0,0.0149427
2000-12-18,69.0,72.3,68.38,71.94,553969.0,39277240.0,30000000.0,0.018465633333333332
2000-12-19,71.8,72.25,70.08,70.3,252284.0,18018429.0,30000000.0,0.008409466666666667
2000-12-20,70.0,72.4,69.6,71.78,223310.0,16028921.0,30000000.0,0.007443666666666667
2000-12-21,71.9,72.47,70.75,70.96,149388.0,10668624.0,30000000.0,0.0049796
2000-12-22,71.5,72.0,69.0,69.27,257969.0,18002709.0,30000000.0,0.008598966666666666
2000-12-25,70.0,70.47,69.5,70.03,99616.0,6954629.0,30000000.0,0.0033205333333333332
2000-12-26,70.58,70.89,68.2,69.95,189044.0,13186941.0,30000000.0,0.006301466666666667
2000-12-27,69.9,70.2,68.36,68.5,340578.0,23423433.0,30000000.0,0.0113526
2000-12-28,68.39,69.49,68.3,68.7,279756.0,19197854.0,30000000.0,0.0093252
2000-12-29,68.88,71.0,68.7,68.91,438099.0,30398813.0,30000000.0,0.0146033
2001-01-02,69.8,70.99,69.02,70.45,153165.0,10755291.0,30000000.0,0.0051055
2001-01-03,70.5,72.38,70.1,72.07,362638.0,25921671.0,30000000.0,0.012087933333333334
2001-01-04,72.59,72.89,71.58,71.61,230597.0,16647687.0,30000000.0,0.007686566666666667
2001-01-05,71.5,72.33,69.9,70.14,209510.0,14745428.0,30000000.0,0.006983666666666667
2001-01-08,69.99,69.99,66.5,66.91,626912.0,42348055.0,30000000.0,0.020897066666666665
2001-01-09,66.5,70.0,65.8,67.5,238990.0,16036636.0,30000000.0,0.007966333333333334
2001-01-10,67.48,67.5,66.5,67.15,221449.0,14809610.0,30000000.0,0.0073816333333333334
2001-01-11,66.9,67.0,65.3,65.59,416305.0,27472478.0,30000000.0,0.013876833333333333
2001-01-12,65.0,65.05,63.5,63.64,491496.0,31350044.0,30000000.0,0.0163832
2001-01-15,62.0,62.0,60.0,60.15,587426.0,35972882.0,30000000.0,0.019580866666666665
2001-01-16,59.2,61.96,59.0,59.42,433094.0,25848673.0,30000000.0,0.014436466666666667
2001-01-17,59.0,59.8,54.9,56.01,1580830.0,89015473.0,30000000.0,0.052694333333333336
2001-01-18,55.5,57.18,55.3,57.05,397050.0,22519306.0,30000000.0,0.013235
2001-01-19,57.05,58.17,56.8,57.4,595401.0,34171778.0,30000000.0,0.0198467
2001-02-05,57.0,57.0,51.66,51.66,1385168.0,72980320.0,30000000.0,0.04617226666666667
2001-02-06,50.0,51.5,49.0,51.2,672288.0,33628431.0,30000000.0,0.0224096
2001-02-07,51.48,51.48,50.0,50.57,204520.0,10348640.0,30000000.0,0.006817333333333333
2001-02-08,50.4,50.98,47.95,48.02,441289.0,21723311.0,30000000.0,0.014709633333333333
2001-02-09,49.0,49.98,46.91,48.5,1511875.0,72837283.0,30000000.0,0.050395833333333334
2001-02-12,48.61,48.89,46.6,48.07,1672463.0,78929414.0,30000000.0,0.055748766666666665
2001-02-13,48.0,49.2,48.0,48.16,1000761.0,48610717.0,30000000.0,0.0333587
2001-02-14,48.6,49.65,48.35,49.2,476993.0,23413788.0,30000000.0,0.015899766666666666
2001-02-15,49.26,49.58,47.61,47.74,396013.0,19196928.0,30000000.0,0.013200433333333334
2001-02-16,47.5,51.05,47.1,51.01,923033.0,45590631.0,30000000.0,0.030767766666666668
2001-02-19,51.0,51.98,49.87,51.47,759260.0,38916375.0,30000000.0,0.025308666666666667
2001-02-20,51.7,53.9,50.5,50.77,1013434.0,52787586.0,30000000.0,0.03378113333333333
2001-02-21,50.5,50.5,48.9,49.42,458999.0,22778835.0,30000000.0,0.015299966666666666
2001-02-22,49.0,51.8,48.8,50.76,469533.0,23861596.0,30000000.0,0.0156511
2001-02-23,50.78,51.75,50.41,51.64,346443.0,17715045.0,30000000.0,0.0115481
2001-02-26,51.81,52.5,50.88,51.85,478510.0,24638501.0,30000000.0,0.015950333333333334
2001-02-27,51.86,52.3,50.2,51.19,544464.0,27685307.0,30000000.0,0.0181488
2001-02-28,49.89,50.98,49.66,49.85,630768.0,31591664.0,30000000.0,0.0210256
2001-03-01,49.5,50.8,49.1,50.09,272461.0,13627579.0,30000000.0,0.009082033333333333
2001-03-02,50.0,51.0,49.9,50.7,581528.0,29218030.0,30000000.0,0.019384266666666667
2001-03-05,51.25,51.34,49.48,49.62,557620.0,27820777.0,30000000.0,0.018587333333333334
2001-03-06,49.61,50.14,49.51,50.11,235137.0,11708886.0,30000000.0,0.0078379
2001-03-07,50.2,50.45,49.88,49.99,272430.0,13630701.0,30000000.0,0.009081
2001-03-08,49.99,50.3,49.81,50.18,290774.0,14546475.0,30000000.0,0.009692466666666667
2001-03-09,50.38,51.5,50.08,50.99,673393.0,34401071.0,30000000.0,0.022446433333333335
2001-03-12,51.3,51.5,50.0,50.3,315818.0,15931512.0,30000000.0,0.010527266666666667
2001-03-13,50.3,50.3,49.0,49.37,406786.0,20118990.0,30000000.0,0.013559533333333334
2001-03-14,49.14,49.99,48.81,49.5,173750.0,8588089.0,30000000.0,0.005791666666666666
2001-03-15,49.49,49.92,49.18,49.36,165364.0,8166302.0,30000000.0,0.005512133333333333
2001-03-16,49.4,49.9,49.3,49.66,175451.0,8702565.0,30000000.0,0.005848366666666667
2001-03-19,49.5,49.5,48.52,48.84,265591.0,12958698.0,30000000.0,0.008853033333333333
2001-03-20,48.7,49.2,48.61,48.85,179594.0,8775400.0,30000000.0,0.0059864666666666665
2001-03-21,48.8,49.99,48.75,49.77,203558.0,10092121.0,30000000.0,0.006785266666666667
2001-03-22,49.89,51.4,49.89,51.37,619280.0,31479621.0,30000000.0,0.020642666666666667
2001-03-23,51.7,53.1,51.6,51.63,1075025.0,56112289.0,30000000.0,0.03583416666666667
2001-03-26,51.1,52.05,51.02,51.75,400969.0,20676758.0,30000000.0,0.013365633333333333
2001-03-27,51.97,54.3,51.88,53.36,956900.0,50710242.0,30000000.0,0.03189666666666666
2001-03-28,53.8,53.96,52.48,52.75,296856.0,15704586.0,30000000.0,0.0098952
2001-03-29,52.75,52.93,51.65,51.68,347076.0,18005529.0,30000000.0,0.0115692
2001-04-02,52.0,53.73,52.0,53.08,646730.0,34285852.0,30000000.0,0.021557666666666666
2001-04-03,53.17,53.25,52.8,53.0,564200.0,29917645.0,30000000.0,0.018806666666666666
2001-04-04,53.0,53.0,51.22,51.46,273390.0,14293330.0,30000000.0,0.009113
2001-04-05,51.22,51.8,51.0,51.51,288471.0,14789414.0,30000000.0,0.0096157
2001-04-06,51.8,52.45,51.55,51.77,152527.0,7914645.0,30000000.0,0.005084233333333334
2001-04-09,51.9,51.9,51.2,51.82,151637.0,7806522.0,30000000.0,0.005054566666666666
2001-04-10,51.9,52.44,51.35,52.07,145604.0,7565341.0,30000000.0,0.004853466666666667
2001-04-11,52.15,52.87,52.15,52.74,156413.0,8207103.0,30000000.0,0.005213766666666667
2001-04-12,52.98,54.5,52.5,53.03,820608.0,44019771.0,30000000.0,0.0273536
2001-04-13,53.03,53.26,52.56,53.0,222059.0,11766812.0,30000000.0,0.007401966666666667
2001-04-16,53.2,54.4,52.78,54.01,780534.0,41917803.0,30000000.0,0.0260178
2001-04-17,54.4,56.6,53.98,56.07,1346832.0,74647315.0,30000000.0,0.0448944
2001-04-18,56.25,56.49,54.58,54.94,642078.0,35506764.0,30000000.0,0.0214026
2001-04-19,54.99,55.58,54.0,55.08,398996.0,21802349.0,30000000.0,0.013299866666666667
2001-04-20,55.18,56.24,54.35,54.52,679916.0,37720346.0,30000000.0,0.022663866666666668
2001-04-23,54.5,55.0,53.03,53.32,381163.0,20431178.0,30000000.0,0.012705433333333334
2001-04-24,53.52,53.9,53.0,53.56,161900.0,8654000.0,30000000.0,0.005396666666666667
2001-04-25,53.61,54.0,51.8,51.89,415405.0,21857612.0,30000000.0,0.013846833333333333
2001-04-26,51.8,52.74,51.7,52.08,180258.0,9348257.0,30000000.0,0.0060086
2001-04-27,52.1,52.81,52.05,52.28,182891.0,9525969.0,30000000.0,0.006096366666666667
2001-04-30,52.4,52.83,52.09,52.4,163700.0,8512000.0,30000000.0,0.005456666666666667
2001-05-08,52.58,54.49,52.5,54.28,246389.0,13182129.0,30000000.0,0.008212966666666667
2001-05-09,54.26,54.26,53.31,53.56,143198.0,7650343.0,30000000.0,0.004773266666666666
2001-05-10,53.61,54.04,53.51,53.6,99800.0,5337000.0,30000000.0,0.0033266666666666666
2001-05-11,53.71,54.18,53.51,53.66,106580.0,5695431.0,30000000.0,0.0035526666666666666
2001-05-14,53.84,54.16,53.13,53.81,208903.0,11106824.0,30000000.0,0.006963433333333333
2001-05-15,53.82,54.9,53.81,53.95,218253.0,11780112.0,30000000.0,0.0072751
2001-05-16,54.26,55.13,53.91,54.77,292215.0,15881345.0,30000000.0,0.0097405
2001-05-17,54.72,55.09,54.08,54.32,204932.0,11084120.0,30000000.0,0.0068310666666666665
2001-05-18,54.82,57.33,54.82,55.59,1369504.0,76652606.0,30000000.0,0.045650133333333336
2001-05-21,55.79,56.63,55.13,56.04,310167.0,17237366.0,30000000.0,0.0103389
2001-05-22,55.92,56.01,54.31,54.61,250305.0,13705059.0,30000000.0,0.0083435
2001-05-23,54.62,55.02,53.51,54.25,285392.0,15350136.0,30000000.0,0.009513066666666667
2001-05-24,53.85,54.75,53.41,53.58,248763.0,13363993.0,30000000.0,0.0082921
2001-05-25,53.56,53.61,52.79,53.31,220010.0,11628353.0,30000000.0,0.007333666666666666
2001-05-28,53.22,53.31,52.3,52.51,193951.0,10166865.0,30000000.0,0.006465033333333333
2001-05-29,52.51,53.61,52.51,53.17,133721.0,7046543.0,30000000.0,0.004457366666666666
2001-05-30,53.33,54.26,53.21,53.74,148207.0,7907933.0,30000000.0,0.004940233333333334
2001-05-31,54.0,54.0,52.91,53.01,207471.0,10978167.0,30000000.0,0.0069157
2001-06-01,52.81,53.41,52.81,53.19,157288.0,8290335.0,30000000.0,0.005242933333333333
2001-06-04,52.91,54.11,52.91,53.68,216407.0,11499650.0,30000000.0,0.0072135666666666666
2001-06-05,53.39,54.01,53.39,53.58,110700.0,5916307.0,30000000.0,0.00369
2001-06-06,53.59,53.91,53.19,53.34,150340.0,7985424.0,30000000.0,0.005011333333333333
2001-06-07,53.41,53.81,52.81,53.02,166981.0,8807802.0,30000000.0,0.005566033333333333
2001-06-08,53.0,53.3,52.6,52.81,153759.0,8073053.0,30000000.0,0.0051253
2001-06-11,52.83,52.89,52.2,52.38,224911.0,11737207.0,30000000.0,0.007497033333333333
2001-06-12,52.3,52.74,52.18,52.49,177600.0,9239827.0,30000000.0,0.00592
2001-06-13,52.45,53.21,52.1,52.94,216413.0,11264458.0,30000000.0,0.007213766666666666
2001-06-14,53.31,53.31,51.71,51.86,214765.0,11168964.0,30000000.0,0.007158833333333333
2001-06-15,51.5,52.77,51.41,52.16,146103.0,7540882.0,30000000.0,0.0048701
2001-06-18,51.98,52.1,49.96,50.56,379098.0,19178533.0,30000000.0,0.0126366
2001-06-19,50.34,50.64,49.8,50.29,178657.0,8908062.0,30000000.0,0.005955233333333333
2001-06-20,50.29,51.1,49.89,50.87,269934.0,13553308.0,30000000.0,0.0089978
2001-06-21,50.95,51.2,50.49,51.05,70013.0,3536460.0,30000000.0,0.0023337666666666665
2001-06-22,50.97,51.2,50.49,50.92,83120.0,4208521.0,30000000.0,0.0027706666666666665
2001-06-25,50.92,50.92,50.29,50.51,159698.0,8018754.0,30000000.0,0.005323266666666666
2001-06-26,50.49,50.79,50.39,50.76,148222.0,7454340.0,30000000.0,0.004940733333333333
2001-06-27,50.79,50.79,50.39,50.46,116037.0,5826684.0,30000000.0,0.0038679
2001-06-28,50.46,50.46,49.87,49.92,236150.0,11765697.0,30000000.0,0.007871666666666667
2001-06-29,49.94,50.79,49.86,50.15,191746.0,9573367.0,30000000.0,0.006391533333333334
2001-07-02,49.99,49.99,49.28,49.34,180467.0,8881327.0,30000000.0,0.006015566666666666
2001-07-03,49.28,49.94,49.18,49.72,113905.0,5605680.0,30000000.0,0.0037968333333333335
2001-07-04,49.73,49.79,49.28,49.39,211000.0,10372777.0,30000000.0,0.007033333333333333
2001-07-05,49.49,50.19,49.28,49.87,188538.0,9334850.0,30000000.0,0.0062846
2001-07-06,49.87,51.12,49.87,50.94,301903.0,15233632.0,30000000.0,0.010063433333333333
2001-07-09,50.99,51.5,50.4,50.45,60611.0,3056755.0,30000000.0,0.0020203666666666668
2001-07-10,50.49,50.79,50.47,50.56,48410.0,2432876.0,30000000.0,0.0016136666666666667
2001-07-11,50.59,51.15,50.59,50.6,77339.0,3905972.0,30000000.0,0.002577966666666667
2001-07-12,50.79,50.89,49.89,50.09,67939.0,3390155.0,30000000.0,0.0022646333333333334
2001-07-13,50.27,50.79,50.09,50.09,53000.0,2650306.0,30000000.0,0.0017666666666666666
2001-07-16,50.1,50.39,49.18,49.28,136777.0,6725829.0,30000000.0,0.004559233333333333
2001-07-17,49.39,49.39,48.88,49.21,81477.0,3969684.0,30000000.0,0.0027159
2001-07-18,49.39,49.68,48.98,49.28,54835.0,2681081.0,30000000.0,0.0018278333333333334
2001-07-19,49.28,49.74,49.28,49.59,31280.0,1540001.0,30000000.0,0.0010426666666666666
2001-07-20,50.09,50.39,49.61,50.28,60177.0,2992486.0,30000000.0,0.0020059
2001-07-23,50.09,50.17,49.28,49.35,88656.0,4361248.0,30000000.0,0.0029552
2001-07-24,48.78,49.28,47.83,47.92,256499.0,12308376.0,30000000.0,0.008549966666666667
2001-07-25,47.55,47.83,46.87,47.13,221482.0,10418742.0,30000000.0,0.007382733333333333
2001-07-26,46.88,47.17,45.37,45.44,286100.0,13101538.0,30000000.0,0.009536666666666667
2001-07-27,45.26,45.26,42.94,43.55,519737.0,22679342.0,30000000.0,0.017324566666666666
2001-07-30,42.94,42.94,41.54,41.74,572621.0,23890087.0,30000000.0,0.019087366666666668
2001-07-31,41.24,42.65,41.05,42.59,417645.0,17469856.0,30000000.0,0.0139215
2001-08-01,42.73,44.48,42.73,44.26,624134.0,27019632.0,30000000.0,0.020804466666666667
2001-08-02,44.26,44.41,42.77,43.58,689473.0,29991825.0,30000000.0,0.022982433333333333
2001-08-03,43.58,44.26,43.15,43.86,60335.0,2623543.0,30000000.0,0.0020111666666666667
2001-08-06,43.34,43.73,40.04,41.26,286279.0,11798047.0,30000000.0,0.009542633333333333
2001-08-07,40.93,42.72,40.31,41.95,166450.0,6860135.0,30000000.0,0.005548333333333333
2001-08-08,42.04,42.63,41.16,41.92,77667.0,3245520.0,30000000.0,0.0025889
2001-08-09,41.94,42.55,41.82,42.24,130220.0,5464247.0,30000000.0,0.004340666666666666
2001-08-10,42.34,43.35,42.04,43.15,189073.0,8030498.0,30000000.0,0.006302433333333334
2001-08-13,43.15,43.7,42.24,43.01,98718.0,4223385.0,30000000.0,0.0032906
2001-08-14,42.94,43.35,42.14,42.8,94085.0,3999928.0,30000000.0,0.003136166666666667
2001-08-15,42.34,42.75,42.14,42.43,50050.0,2112340.0,30000000.0,0.0016683333333333333
2001-08-16,42.43,42.55,41.92,41.94,101390.0,4253780.0,30000000.0,0.0033796666666666667
2001-08-17,41.24,42.4,41.24,42.04,60228.0,2505306.0,30000000.0,0.0020076
2001-08-20,41.54,42.14,41.25,41.59,47500.0,1975759.0,30000000.0,0.0015833333333333333
2001-08-21,41.59,42.34,40.53,41.47,188890.0,7821105.0,30000000.0,0.0062963333333333335
2001-08-22,41.24,41.74,40.23,40.44,255881.0,10339399.0,30000000.0,0.008529366666666666
2001-08-23,40.23,40.24,38.8,39.1,397861.0,15555280.0,30000000.0,0.013262033333333333
2001-08-24,38.71,39.65,38.33,38.43,214285.0,8253506.0,30000000.0,0.0071428333333333335
2001-08-27,38.03,38.12,36.11,36.13,461000.0,16891515.0,30000000.0,0.015366666666666667
2001-08-28,35.7,37.2,35.18,37.04,462235.0,16365982.0,30000000.0,0.015407833333333334
2001-08-29,37.11,37.82,36.32,36.99,299459.0,11095043.0,30000000.0,0.009981966666666666
2001-08-30,36.73,36.73,35.83,36.21,106140.0,3830840.0,30000000.0,0.003538
2001-08-31,36.2,37.37,36.01,37.01,145485.0,5311239.0,30000000.0,0.0048495
2001-09-03,37.01,37.44,36.73,37.39,139900.0,5179000.0,30000000.0,0.0046633333333333336
2001-09-04,37.22,39.12,37.22,39.04,329295.0,12604335.0,30000000.0,0.0109765
2001-09-05,39.08,39.31,38.42,38.62,223474.0,8643023.0,30000000.0,0.007449133333333333
2001-09-06,38.4,38.93,37.97,38.12,85383.0,3252425.0,30000000.0,0.0028461
2001-09-07,38.12,38.12,36.71,36.71,234850.0,8668683.0,30000000.0,0.007828333333333333
2001-09-10,36.03,38.42,35.4,38.22,184730.0,6898277.0,30000000.0,0.006157666666666666
2001-09-11,38.21,38.82,37.9,38.26,87580.0,3341425.0,30000000.0,0.0029193333333333332
2001-09-12,36.8,39.18,36.21,37.84,267642.0,10091932.0,30000000.0,0.0089214
2001-09-13,38.3,39.01,37.88,38.35,141410.0,5412422.0,30000000.0,0.004713666666666666
2001-09-14,38.22,38.52,37.62,37.62,77600.0,2921027.0,30000000.0,0.002586666666666667
2001-09-17,37.63,38.22,36.81,36.87,119460.0,4404290.0,30000000.0,0.003982
2001-09-18,36.91,38.02,36.91,37.37,57250.0,2135048.0,30000000.0,0.0019083333333333333
2001-09-19,37.8,39.62,37.32,39.5,784625.0,30563640.0,30000000.0,0.026154166666666666
2001-09-20,39.73,39.88,38.72,38.99,197430.0,7727752.0,30000000.0,0.006581
2001-09-21,38.72,39.31,38.62,38.76,88209.0,3414540.0,30000000.0,0.0029403
2001-09-24,38.82,39.51,38.82,39.1,95535.0,3732192.0,30000000.0,0.0031845
2001-09-25,39.24,39.73,39.11,39.19,72340.0,2827170.0,30000000.0,0.0024113333333333335
2001-09-26,39.13,39.13,38.03,38.22,96558.0,3692525.0,30000000.0,0.0032186
2001-09-27,38.64,38.72,37.5,38.33,90542.0,3437569.0,30000000.0,0.0030180666666666666
2001-09-28,38.72,39.33,38.52,39.06,89503.0,3471013.0,30000000.0,0.0029834333333333333
2001-10-08,39.23,39.59,38.22,38.24,107219.0,4141609.0,30000000.0,0.003573966666666667
2001-10-09,38.42,39.2,38.02,38.82,35800.0,1382996.0,30000000.0,0.0011933333333333334
2001-10-10,38.8,38.8,36.51,36.77,289067.0,10676842.0,30000000.0,0.009635566666666666
2001-10-11,36.6,37.04,36.11,36.16,116819.0,4236763.0,30000000.0,0.0038939666666666668
2001-10-12,36.26,37.09,35.33,37.08,175843.0,6381006.0,30000000.0,0.005861433333333333
2001-10-15,37.5,37.52,36.41,37.15,76144.0,2809993.0,30000000.0,0.0025381333333333333
2001-10-16,37.23,37.23,36.51,36.61,31915.0,1167956.0,30000000.0,0.0010638333333333333
2001-10-17,36.31,36.76,35.71,36.21,80897.0,2911644.0,30000000.0,0.002696566666666667
2001-10-18,36.31,36.71,35.61,35.71,53524.0,1912025.0,30000000.0,0.0017841333333333334
2001-10-19,35.61,35.61,32.21,32.91,290864.0,9667028.0,30000000.0,0.009695466666666666
2001-10-22,32.28,33.17,31.78,32.45,205391.0,6651514.0,30000000.0,0.006846366666666667
2001-10-23,35.59,35.7,34.29,35.7,321471.0,11356342.0,30000000.0,0.0107157
2001-10-24,37.71,39.27,36.29,39.27,997976.0,38073734.0,30000000.0,0.033265866666666664
2001-10-25,39.21,39.91,37.72,38.73,772687.0,29995876.0,30000000.0,0.025756233333333333
2001-10-26,38.23,38.67,37.72,38.21,136110.0,5155280.0,30000000.0,0.004537
2001-10-29,38.22,38.66,38.02,38.12,70334.0,2675250.0,30000000.0,0.0023444666666666667
2001-10-30,38.32,38.37,36.71,36.73,183761.0,6820117.0,30000000.0,0.0061253666666666665
2001-10-31,36.7,36.7,35.83,36.4,119305.0,4299477.0,30000000.0,0.003976833333333333
2001-11-01,36.51,37.48,36.51,37.03,48400.0,1784976.0,30000000.0,0.0016133333333333334
2001-11-02,36.91,37.27,36.81,36.99,47120.0,1735203.0,30000000.0,0.0015706666666666666
2001-11-05,36.99,37.1,36.21,36.23,66910.0,2424054.0,30000000.0,0.0022303333333333333
2001-11-06,36.41,36.79,36.21,36.37,27985.0,1013995.0,30000000.0,0.0009328333333333334
2001-11-07,36.56,36.56,34.08,34.21,170353.0,5954523.0,30000000.0,0.005678433333333333
2001-11-08,33.77,34.8,33.21,34.54,98621.0,3336444.0,30000000.0,0.0032873666666666666
2001-11-09,34.3,35.49,34.0,35.2,71425.0,2474407.0,30000000.0,0.0023808333333333333
2001-11-12,35.4,35.4,34.4,34.99,26605.0,922156.0,30000000.0,0.0008868333333333333
2001-11-13,34.2,34.99,34.2,34.5,34492.0,1182819.0,30000000.0,0.0011497333333333334
2001-11-14,34.25,34.7,34.2,34.3,35298.0,1206564.0,30000000.0,0.0011766
2001-11-15,34.2,34.59,33.52,34.11,38400.0,1301203.0,30000000.0,0.00128
2001-11-16,37.51,37.52,34.8,34.81,294279.0,10444499.0,30000000.0,0.0098093
2001-11-19,34.88,35.86,34.83,35.45,76092.0,2673228.0,30000000.0,0.0025364
2001-11-20,35.91,36.71,35.45,36.39,134853.0,4869677.0,30000000.0,0.0044951
2001-11-21,36.21,36.41,36.01,36.3,81470.0,2929820.0,30000000.0,0.0027156666666666666
2001-11-22,36.45,36.79,36.22,36.46,69480.0,2517512.0,30000000.0,0.002316
2001-11-23,36.11,36.56,36.09,36.26,68527.0,2472347.0,30000000.0,0.0022842333333333333
2001-11-26,35.72,35.96,35.52,35.59,63300.0,2244881.0,30000000.0,0.00211
2001-11-27,35.58,36.06,35.51,35.96,33898.0,1208379.0,30000000.0,0.0011299333333333334
2001-11-28,36.2,37.14,36.02,36.83,120115.0,4395541.0,30000000.0,0.004003833333333333
2001-11-29,36.79,36.9,36.41,36.64,57589.0,2100704.0,30000000.0,0.0019196333333333334
2001-11-30,36.37,36.96,36.37,36.96,73705.0,2699034.0,30000000.0,0.0024568333333333334
2001-12-03,37.06,37.52,36.87,37.29,92475.0,3426077.0,30000000.0,0.0030825
2001-12-04,37.15,37.7,36.82,37.5,179298.0,6604832.0,30000000.0,0.0059766
2001-12-05,37.66,37.78,36.83,37.02,138852.0,5153728.0,30000000.0,0.0046284
2001-12-06,37.01,37.9,36.81,37.31,124236.0,4600808.0,30000000.0,0.0041412
2001-12-07,37.33,37.9,37.06,37.06,73750.0,2734676.0,30000000.0,0.002458333333333333
2001-12-10,37.01,37.32,36.53,36.68,50729.0,1855167.0,30000000.0,0.0016909666666666667
2001-12-11,37.16,37.16,36.01,36.03,88432.0,3190525.0,30000000.0,0.0029477333333333333
2001-12-12,35.73,36.06,35.08,35.09,161000.0,5670295.0,30000000.0,0.005366666666666666
2001-12-13,35.21,35.4,34.4,34.5,198400.0,6907399.0,30000000.0,0.006613333333333333
2001-12-14,34.5,35.17,34.2,34.45,265712.0,9127721.0,30000000.0,0.008857066666666667
2001-12-17,34.24,34.6,34.2,34.3,70436.0,2408596.0,30000000.0,0.002347866666666667
2001-12-18,34.38,34.98,34.38,34.96,41969.0,1445818.0,30000000.0,0.0013989666666666667
2001-12-19,35.1,35.1,34.23,34.25,57076.0,1969665.0,30000000.0,0.0019025333333333332
2001-12-20,34.24,34.56,33.69,33.97,377481.0,12750316.0,30000000.0,0.0125827
2001-12-21,33.9,34.68,33.7,34.02,63485.0,2149254.0,30000000.0,0.002116166666666667
2001-12-24,34.1,34.1,32.99,33.14,107070.0,3552927.0,30000000.0,0.003569
2001-12-25,33.09,33.59,32.8,33.19,78520.0,2581057.0,30000000.0,0.0026173333333333335
2001-12-26,33.69,33.69,33.19,33.57,45801.0,1521840.0,30000000.0,0.0015267
2001-12-27,33.64,34.4,33.44,33.85,84550.0,2845610.0,30000000.0,0.0028183333333333333
2001-12-28,33.69,35.21,33.55,35.2,161144.0,5541874.0,30000000.0,0.005371466666666666
2001-12-31,35.07,35.4,34.6,35.22,111012.0,3882238.0,30000000.0,0.0037004
2002-01-04,34.51,35.25,34.22,34.5,106000.0,3695772.0,30000000.0,0.003533333333333333
2002-01-07,34.2,34.2,33.69,34.0,52610.0,1772660.0,30000000.0,0.0017536666666666666
2002-01-08,34.0,34.4,33.62,33.72,35200.0,1185216.0,30000000.0,0.0011733333333333333
2002-01-09,33.52,33.55,33.19,33.41,52326.0,1736350.0,30000000.0,0.0017442
2002-01-10,33.38,33.64,32.09,33.14,297380.0,9632264.0,30000000.0,0.009912666666666667
2002-01-11,33.06,33.06,31.88,31.89,146547.0,4701062.0,30000000.0,0.0048849
2002-01-14,31.67,31.68,30.07,30.09,295566.0,8942811.0,30000000.0,0.0098522
2002-01-15,29.28,30.09,28.95,29.87,208382.0,6086880.0,30000000.0,0.006946066666666667
2002-01-16,29.76,29.92,29.05,29.54,265239.0,7728042.0,30000000.0,0.0088413
2002-01-17,29.54,29.75,26.65,26.67,568639.0,15860479.0,30000000.0,0.01895463333333333
2002-01-18,26.16,27.66,25.93,27.1,348573.0,9356566.0,30000000.0,0.0116191
2002-01-21,26.98,26.98,25.15,25.36,496084.0,12813693.0,30000000.0,0.016536133333333335
2002-01-22,24.72,27.65,24.72,26.98,786860.0,20713714.0,30000000.0,0.026228666666666667
2002-01-23,26.75,28.55,26.33,28.52,642133.0,17514376.0,30000000.0,0.021404433333333334
2002-01-24,28.29,28.93,27.53,27.93,570770.0,16108812.0,30000000.0,0.019025666666666666
2002-01-25,28.26,28.77,27.86,28.1,253078.0,7110702.0,30000000.0,0.008435933333333333
2002-01-28,28.16,28.31,25.85,25.9,352205.0,9321031.0,30000000.0,0.011740166666666666
2002-01-29,25.35,27.36,25.35,26.77,184206.0,4881276.0,30000000.0,0.0061402
2002-01-30,26.65,27.16,26.55,26.78,112215.0,2998137.0,30000000.0,0.0037405
2002-01-31,27.1,29.46,27.1,29.46,595075.0,17052591.0,30000000.0,0.019835833333333334
2002-02-01,29.49,30.07,29.07,29.18,377745.0,11117546.0,30000000.0,0.0125915
2002-02-04,29.46,29.51,28.61,29.35,160987.0,4660486.0,30000000.0,0.005366233333333333
2002-02-05,29.37,29.39,28.97,29.25,163230.0,4738398.0,30000000.0,0.005441
2002-02-06,29.27,29.47,28.98,29.04,184005.0,5342464.0,30000000.0,0.0061335
2002-02-07,28.87,30.38,28.87,29.98,243098.0,7232980.0,30000000.0,0.008103266666666666
2002-02-08,30.33,30.68,29.69,29.94,192292.0,5779950.0,30000000.0,0.006409733333333333
2002-02-25,30.47,31.08,29.67,29.72,151642.0,4562049.0,30000000.0,0.005054733333333334
2002-02-26,28.98,29.77,28.97,29.35,303617.0,8899898.0,30000000.0,0.010120566666666667
2002-02-27,29.67,29.75,29.19,29.39,135378.0,3955493.0,30000000.0,0.0045126
2002-02-28,29.29,29.83,28.68,29.17,153718.0,4456867.0,30000000.0,0.005123933333333333
2002-03-01,28.77,29.15,28.77,28.97,88850.0,2562141.0,30000000.0,0.0029616666666666667
2002-03-04,28.97,29.66,28.97,29.62,52497.0,1532540.0,30000000.0,0.0017499
2002-03-05,29.68,30.5,29.47,30.17,150105.0,4495962.0,30000000.0,0.0050035
2002-03-06,30.36,30.78,30.07,30.31,239611.0,7255345.0,30000000.0,0.007987033333333334
2002-03-07,30.17,30.88,29.69,30.87,241155.0,7300431.0,30000000.0,0.0080385
2002-03-08,30.98,32.79,30.98,31.79,566387.0,17991041.0,30000000.0,0.018879566666666667
2002-03-11,31.82,32.59,31.82,32.43,554317.0,17838317.0,30000000.0,0.018477233333333332
2002-03-12,32.59,32.99,31.98,32.42,509967.0,16408945.0,30000000.0,0.0169989
2002-03-13,32.47,33.34,32.47,32.8,332207.0,10843656.0,30000000.0,0.011073566666666666
2002-03-14,32.77,33.34,32.77,33.23,358482.0,11836497.0,30000000.0,0.0119494
2002-03-15,33.29,33.64,32.69,32.69,506272.0,16733490.0,30000000.0,0.016875733333333334
2002-03-18,32.67,33.29,31.3,32.79,356888.0,11494227.0,30000000.0,0.011896266666666667
2002-03-19,32.49,36.06,32.29,34.83,686881.0,23573781.0,30000000.0,0.022896033333333333
2002-03-20,34.2,34.55,33.19,33.76,789957.0,26779378.0,30000000.0,0.0263319
2002-03-21,33.75,33.75,32.6,33.04,405145.0,13307656.0,30000000.0,0.013504833333333334
2002-03-22,32.89,33.29,32.59,33.16,428141.0,14051998.0,30000000.0,0.014271366666666667
2002-03-25,33.11,35.1,33.04,34.28,679132.0,23262294.0,30000000.0,0.022637733333333333
2002-03-26,34.2,34.87,33.69,33.71,353629.0,12133959.0,30000000.0,0.011787633333333334
2002-03-27,33.4,33.69,32.69,33.32,183117.0,6049278.0,30000000.0,0.0061039
2002-03-28,33.37,33.6,32.99,32.99,74320.0,2462256.0,30000000.0,0.002477333333333333
2002-03-29,32.8,33.2,31.78,31.87,151038.0,4856279.0,30000000.0,0.0050346
2002-04-01,31.67,31.88,31.28,31.69,108824.0,3415701.0,30000000.0,0.0036274666666666665
2002-04-02,31.68,31.87,30.58,30.89,108281.0,3360260.0,30000000.0,0.0036093666666666665
2002-04-03,30.81,31.34,30.81,31.08,61470.0,1905185.0,30000000.0,0.002049
2002-04-04,31.08,33.03,30.98,32.89,277375.0,8961252.0,30000000.0,0.009245833333333333
2002-04-05,32.19,32.99,32.19,32.54,67814.0,2195189.0,30000000.0,0.002260466666666667
2002-04-08,32.19,32.54,32.07,32.28,33810.0,1084775.0,30000000.0,0.001127
2002-04-09,32.69,32.97,32.19,32.94,59104.0,1917138.0,30000000.0,0.0019701333333333334
2002-04-10,32.39,33.85,32.39,33.59,181731.0,6064780.0,30000000.0,0.0060577
2002-04-11,33.78,33.8,32.51,32.55,290502.0,9598481.0,30000000.0,0.0096834
2002-04-12,33.22,34.4,32.67,33.63,695753.0,23256652.0,30000000.0,0.023191766666666665
2002-04-15,33.9,34.4,33.39,33.78,126484.0,4229291.0,30000000.0,0.0042161333333333335
2002-04-16,33.83,34.3,33.21,33.31,66405.0,2224359.0,30000000.0,0.0022135
2002-04-17,33.19,34.26,33.19,33.31,117060.0,3933095.0,30000000.0,0.003902
2002-04-18,33.34,33.34,32.67,32.72,387331.0,12778600.0,30000000.0,0.012911033333333334
2002-04-19,32.69,32.69,32.07,32.49,238239.0,7666569.0,30000000.0,0.0079413
2002-04-22,32.2,32.29,31.68,32.21,51331.0,1635286.0,30000000.0,0.0017110333333333334
2002-04-23,32.19,32.58,31.93,32.28,42600.0,1365289.0,30000000.0,0.00142
2002-04-24,32.27,32.89,31.98,32.29,291273.0,9387361.0,30000000.0,0.0097091
2002-04-25,32.19,32.59,32.13,32.19,51200.0,1639671.0,30000000.0,0.0017066666666666667
2002-04-26,32.55,32.69,32.19,32.39,57000.0,1838369.0,30000000.0,0.0019
2002-04-29,32.39,33.29,32.34,32.79,83000.0,2711421.0,30000000.0,0.002766666666666667
2002-04-30,33.07,33.2,32.59,32.87,68902.0,2253640.0,30000000.0,0.002296733333333333
2002-05-08,32.78,32.79,32.39,32.39,37800.0,1221162.0,30000000.0,0.00126
2002-05-09,32.19,32.6,32.1,32.25,63604.0,2039531.0,30000000.0,0.0021201333333333333
2002-05-10,32.29,33.08,32.29,32.55,53000.0,1728576.0,30000000.0,0.0017666666666666666
2002-05-13,32.29,32.29,31.7,31.97,36008.0,1142641.0,30000000.0,0.0012002666666666667
2002-05-14,31.69,34.52,31.69,32.6,184690.0,6102532.0,30000000.0,0.006156333333333333
2002-05-15,32.49,32.49,31.69,31.79,126983.0,4033111.0,30000000.0,0.004232766666666667
2002-05-16,31.68,32.18,30.69,30.9,94339.0,2942916.0,30000000.0,0.003144633333333333
2002-05-17,31.08,31.58,30.74,31.15,77650.0,2394812.0,30000000.0,0.0025883333333333335
2002-05-20,31.15,31.43,30.49,31.13,55009.0,1682826.0,30000000.0,0.0018336333333333333
2002-05-21,31.19,32.63,31.19,31.81,142385.0,4529093.0,30000000.0,0.004746166666666667
2002-05-22,32.09,32.09,31.13,31.19,53885.0,1682258.0,30000000.0,0.0017961666666666666
2002-05-23,31.07,31.68,31.06,31.18,54120.0,1681376.0,30000000.0,0.001804
2002-05-24,31.18,31.97,30.68,30.71,74901.0,2301600.0,30000000.0,0.0024967
2002-05-27,31.28,31.3,30.17,30.78,36898.0,1121819.0,30000000.0,0.0012299333333333333
2002-05-28,30.68,31.06,30.68,30.93,343880.0,10550259.0,30000000.0,0.011462666666666666
2002-05-29,30.96,30.96,29.62,29.81,154890.0,4632876.0,30000000.0,0.005163
2002-05-30,30.15,30.15,29.17,29.57,421721.0,12348453.0,30000000.0,0.014057366666666666
2002-05-31,29.18,30.67,29.18,29.38,232819.0,6850604.0,30000000.0,0.0077606333333333334
2002-06-03,29.42,29.42,28.16,28.44,82047.0,2324036.0,30000000.0,0.0027349
2002-06-04,29.04,29.05,28.44,28.77,599749.0,17135490.0,30000000.0,0.019991633333333335
2002-06-05,28.36,28.82,28.19,28.26,40860.0,1150259.0,30000000.0,0.001362
2002-06-06,28.26,30.17,28.17,30.16,186980.0,5405586.0,30000000.0,0.006232666666666667
2002-06-07,29.97,30.18,28.97,29.39,127681.0,3772264.0,30000000.0,0.004256033333333333
2002-06-10,29.26,29.57,28.75,29.02,26750.0,777960.0,30000000.0,0.0008916666666666667
2002-06-11,28.79,29.47,28.79,29.17,71000.0,2054155.0,30000000.0,0.0023666666666666667
2002-06-12,29.07,29.32,28.87,29.0,17658.0,509658.0,30000000.0,0.0005886
2002-06-13,29.02,29.17,28.57,28.57,47800.0,1369670.0,30000000.0,0.0015933333333333333
2002-06-14,28.57,28.87,28.26,28.36,38477.0,1088502.0,30000000.0,0.0012825666666666667
2002-06-17,28.26,28.62,28.26,28.36,26800.0,757098.0,30000000.0,0.0008933333333333333
2002-06-18,28.38,29.12,28.25,29.05,48200.0,1371964.0,30000000.0,0.0016066666666666666
2002-06-19,29.05,29.16,28.65,28.65,28500.0,816261.0,30000000.0,0.00095
2002-06-20,28.37,28.85,28.37,28.67,20010.0,570343.0,30000000.0,0.000667
2002-06-21,28.77,29.87,28.67,29.47,196486.0,5771594.0,30000000.0,0.006549533333333333
2002-06-24,32.42,32.42,30.79,32.42,832190.0,26303540.0,30000000.0,0.027739666666666666
2002-06-25,32.2,32.31,31.17,31.23,644429.0,20244165.0,30000000.0,0.021480966666666667
2002-06-26,31.18,32.18,30.78,31.67,259084.0,8111028.0,30000000.0,0.008636133333333334
2002-06-27,31.66,31.66,30.77,30.98,426078.0,13119128.0,30000000.0,0.0142026
2002-06-28,30.88,31.26,29.52,30.17,802408.0,23977531.0,30000000.0,0.026746933333333334
2002-07-02,30.15,30.33,29.86,30.23,122474.0,3653445.0,30000000.0,0.004082466666666667
2002-07-03,30.28,30.28,29.82,30.07,87766.0,2617458.0,30000000.0,0.0029255333333333333
2002-07-04,30.07,30.38,29.85,30.15,73289.0,2194878.0,30000000.0,0.0024429666666666667
2002-07-05,30.1,30.1,29.88,30.1,25899.0,772800.0,30000000.0,0.0008633
2002-07-08,29.97,30.37,28.72,30.07,91112.0,2701257.0,30000000.0,0.0030370666666666665
2002-07-09,30.07,30.17,29.41,29.54,163849.0,4826959.0,30000000.0,0.005461633333333334
2002-07-10,29.97,29.97,29.29,29.32,89030.0,2611050.0,30000000.0,0.0029676666666666666
2002-07-11,29.19,29.62,29.19,29.45,75213.0,2199638.0,30000000.0,0.0025071
2002-07-12,29.46,29.46,29.18,29.23,89038.0,2589306.0,30000000.0,0.0029679333333333334
2002-07-15,29.17,29.27,28.84,28.97,70827.0,2043695.0,30000000.0,0.0023609
2002-07-16,29.17,29.61,28.97,29.02,70700.0,2057387.0,30000000.0,0.0023566666666666666
2002-07-17,28.97,29.17,28.87,28.99,57034.0,1642799.0,30000000.0,0.0019011333333333333
2002-07-18,29.17,29.17,28.89,28.97,82030.0,2368368.0,30000000.0,0.0027343333333333334
2002-07-19,29.07,29.17,28.92,29.16,38980.0,1126308.0,30000000.0,0.0012993333333333333
2002-07-22,29.27,29.27,28.77,28.96,77830.0,2240669.0,30000000.0,0.0025943333333333335
2002-07-23,28.88,28.89,28.51,28.52,73489.0,2091456.0,30000000.0,0.0024496333333333333
2002-07-24,28.55,28.55,28.21,28.41,63192.0,1783913.0,30000000.0,0.0021064
2002-07-25,28.64,28.65,28.36,28.43,24500.0,693343.0,30000000.0,0.0008166666666666667
2002-07-26,28.48,28.57,28.36,28.44,30100.0,851776.0,30000000.0,0.0010033333333333333
2002-07-29,28.36,28.57,28.31,28.49,50486.0,1425100.0,30000000.0,0.0016828666666666666
2002-07-30,28.49,28.89,28.36,28.72,51755.0,1469752.0,30000000.0,0.0017251666666666667
2002-07-31,28.57,28.76,28.41,28.48,42000.0,1192509.0,30000000.0,0.0014
2002-08-01,28.36,28.65,28.34,28.49,53042.0,1500511.0,30000000.0,0.0017680666666666667
2002-08-02,28.67,28.67,28.36,28.36,56270.0,1590706.0,30000000.0,0.0018756666666666668
2002-08-05,28.36,28.46,28.18,28.4,59350.0,1671373.0,30000000.0,0.0019783333333333332
2002-08-06,28.24,28.77,28.24,28.53,34671.0,982466.0,30000000.0,0.0011557
2002-08-07,28.46,28.55,28.26,28.32,58455.0,1644477.0,30000000.0,0.0019485
2002-08-08,28.34,28.51,28.19,28.36,70819.0,1992490.0,30000000.0,0.002360633333333333
2002-08-09,28.16,28.34,27.47,27.48,160300.0,4442429.0,30000000.0,0.005343333333333334
2002-08-12,27.36,27.41,26.83,26.83,116000.0,3117497.0,30000000.0,0.0038666666666666667
2002-08-13,26.45,27.26,26.4,26.88,50400.0,1350363.0,30000000.0,0.00168
2002-08-14,26.96,27.14,26.73,26.99,28650.0,767059.0,30000000.0,0.000955
2002-08-15,27.16,27.16,26.84,26.86,41399.0,1111672.0,30000000.0,0.0013799666666666666
2002-08-16,26.41,26.96,26.41,26.91,60466.0,1611152.0,30000000.0,0.0020155333333333335
2002-08-19,26.86,27.05,26.67,27.05,39084.0,1046257.0,30000000.0,0.0013028
2002-08-20,27.07,27.31,26.7,27.17,139850.0,3761727.0,30000000.0,0.004661666666666666
2002-08-21,27.21,28.57,26.98,28.16,327724.0,9078992.0,30000000.0,0.010924133333333334
2002-08-22,28.17,29.67,27.97,28.52,936475.0,26913174.0,30000000.0,0.031215833333333335
2002-08-23,28.45,28.77,28.36,28.67,179100.0,5053729.0,30000000.0,0.00597
2002-08-26,28.67,29.17,28.46,28.94,276550.0,7906716.0,30000000.0,0.009218333333333334
2002-08-27,28.95,30.72,28.87,30.0,760880.0,22430678.0,30000000.0,0.025362666666666665
2002-08-28,30.19,30.19,29.19,29.23,230748.0,6732856.0,30000000.0,0.0076916
2002-08-29,29.13,29.24,28.47,28.57,208171.0,5908851.0,30000000.0,0.006939033333333333
2002-08-30,28.57,28.88,28.57,28.59,78560.0,2223691.0,30000000.0,0.0026186666666666667
2002-09-02,28.65,28.95,28.57,28.82,112123.0,3181474.0,30000000.0,0.0037374333333333332
2002-09-03,29.02,29.86,28.75,29.07,169039.0,4910516.0,30000000.0,0.005634633333333333
2002-09-04,29.07,30.49,29.07,29.7,570396.0,16847422.0,30000000.0,0.0190132
2002-09-05,29.58,29.69,29.13,29.41,314297.0,9121393.0,30000000.0,0.010476566666666666
2002-09-06,29.38,30.24,29.19,30.07,570918.0,16847311.0,30000000.0,0.0190306
2002-09-09,30.29,31.91,30.28,31.41,2504939.0,77505586.0,30000000.0,0.08349796666666667
2002-09-10,31.4,31.86,30.92,31.59,735733.0,22775111.0,30000000.0,0.024524433333333335
2002-09-11,31.6,31.74,30.59,30.89,507929.0,15480790.0,30000000.0,0.016930966666666665
2002-09-12,31.54,31.55,30.59,31.3,875448.0,27082388.0,30000000.0,0.0291816
2002-09-13,31.28,31.37,30.67,30.79,239377.0,7327260.0,30000000.0,0.007979233333333334
2002-09-16,30.79,31.39,30.6,31.06,325181.0,9939785.0,30000000.0,0.010839366666666666
2002-09-17,31.0,32.36,30.68,32.14,806903.0,25151313.0,30000000.0,0.026896766666666665
2002-09-18,32.21,32.21,31.41,31.51,336940.0,10576880.0,30000000.0,0.011231333333333333
2002-09-19,31.3,31.76,31.18,31.49,341934.0,10586100.0,30000000.0,0.0113978
2002-09-20,31.55,31.92,30.79,30.87,289925.0,8891346.0,30000000.0,0.009664166666666666
2002-09-23,30.98,31.18,30.5,30.9,115726.0,3528508.0,30000000.0,0.0038575333333333334
2002-09-24,30.79,31.37,30.79,30.96,135046.0,4152112.0,30000000.0,0.004501533333333333
2002-09-25,30.83,30.84,30.32,30.4,301507.0,9087226.0,30000000.0,0.010050233333333334
2002-09-26,30.06,30.39,29.58,30.18,449655.0,13304870.0,30000000.0,0.0149885
2002-09-27,29.98,30.03,29.5,29.88,146785.0,4306159.0,30000000.0,0.004892833333333333
2002-10-08,29.4,29.78,29.07,29.36,151850.0,4392660.0,30000000.0,0.005061666666666667
2002-10-09,29.18,29.86,28.85,29.09,67898.0,1958854.0,30000000.0,0.0022632666666666666
2002-10-10,28.97,29.36,28.88,29.2,60999.0,1752072.0,30000000.0,0.0020333
2002-10-11,29.66,29.67,28.95,29.0,47200.0,1358923.0,30000000.0,0.0015733333333333333
2002-10-14,28.97,29.1,28.67,28.87,73649.0,2092582.0,30000000.0,0.0024549666666666666
2002-10-15,28.77,29.27,28.77,28.77,49340.0,1408219.0,30000000.0,0.0016446666666666667
2002-10-16,28.78,29.36,28.77,29.03,86099.0,2481239.0,30000000.0,0.0028699666666666666
2002-10-17,28.97,28.97,28.24,28.36,306366.0,8607123.0,30000000.0,0.0102122
2002-10-18,28.21,28.54,28.06,28.24,127156.0,3559556.0,30000000.0,0.004238533333333333
2002-10-21,28.09,28.36,27.96,28.34,65446.0,1817125.0,30000000.0,0.0021815333333333334
2002-10-22,28.24,29.16,28.24,28.86,113818.0,3223144.0,30000000.0,0.0037939333333333334
2002-10-23,28.97,28.97,28.48,28.62,41950.0,1183745.0,30000000.0,0.0013983333333333332
2002-10-24,28.87,29.06,28.57,28.73,55800.0,1586122.0,30000000.0,0.00186
2002-10-25,28.77,28.95,28.06,28.16,56840.0,1603896.0,30000000.0,0.0018946666666666667
2002-10-28,28.16,28.26,27.35,27.36,104535.0,2861482.0,30000000.0,0.0034845
2002-10-29,27.45,27.81,27.17,27.65,49348.0,1337690.0,30000000.0,0.0016449333333333333
2002-10-30,27.6,27.81,27.36,27.57,27855.0,758018.0,30000000.0,0.0009285
2002-10-31,27.58,27.86,27.5,27.61,39042.0,1065518.0,30000000.0,0.0013014
2002-11-01,27.65,27.78,27.45,27.69,41200.0,1121374.0,30000000.0,0.0013733333333333334
2002-11-04,27.55,28.24,27.45,28.15,44831.0,1237568.0,30000000.0,0.0014943666666666668
2002-11-05,28.16,29.03,28.06,28.7,149591.0,4228922.0,30000000.0,0.004986366666666667
2002-11-06,28.75,28.75,28.26,28.32,56400.0,1583973.0,30000000.0,0.00188
2002-11-07,28.36,29.03,28.32,28.71,71610.0,2023050.0,30000000.0,0.002387
2002-11-08,29.02,29.16,27.55,27.8,94061.0,2625993.0,30000000.0,0.003135366666666667
2002-11-11,27.87,28.23,27.36,27.54,49200.0,1343346.0,30000000.0,0.00164
2002-11-12,27.46,27.65,26.64,26.67,143700.0,3838022.0,30000000.0,0.00479
2002-11-13,26.67,26.84,25.83,26.67,246220.0,6373644.0,30000000.0,0.008207333333333334
2002-11-14,26.67,26.8,26.13,26.37,108748.0,2835356.0,30000000.0,0.0036249333333333335
2002-11-15,26.34,26.9,26.24,26.64,116820.0,3074256.0,30000000.0,0.003894
2002-11-18,26.62,27.47,26.34,27.43,120851.0,3237447.0,30000000.0,0.0040283666666666666
2002-11-19,27.35,27.47,26.74,27.45,53513.0,1438289.0,30000000.0,0.0017837666666666667
2002-11-20,26.92,27.05,26.35,26.74,42800.0,1133302.0,30000000.0,0.0014266666666666666
2002-11-21,26.72,26.84,26.34,26.49,124335.0,3250133.0,30000000.0,0.0041445
2002-11-22,26.44,26.94,26.14,26.54,88498.0,2326512.0,30000000.0,0.0029499333333333332
2002-11-25,26.72,26.72,26.34,26.68,26129.0,684614.0,30000000.0,0.0008709666666666667
2002-11-26,26.37,26.7,25.95,26.54,71595.0,1860756.0,30000000.0,0.0023865
2002-11-27,26.13,26.59,25.72,26.57,102800.0,2655134.0,30000000.0,0.003426666666666667
2002-11-28,26.36,27.91,26.24,27.58,170519.0,4567731.0,30000000.0,0.005683966666666667
2002-11-29,27.35,28.36,27.35,27.65,306234.0,8463524.0,30000000.0,0.0102078
2002-12-03,27.15,27.15,26.64,26.96,76400.0,2027526.0,30000000.0,0.0025466666666666667
2002-12-04,27.35,27.35,26.79,27.03,40930.0,1097160.0,30000000.0,0.0013643333333333333
2002-12-05,26.94,27.13,26.35,26.46,47100.0,1238381.0,30000000.0,0.00157
2002-12-06,26.39,26.69,26.39,26.52,42676.0,1116351.0,30000000.0,0.0014225333333333333
2002-12-09,26.54,26.68,26.13,26.33,103680.0,2700686.0,30000000.0,0.003456
2002-12-10,26.34,26.63,26.18,26.32,94330.0,2456981.0,30000000.0,0.003144333333333333
2002-12-11,26.34,26.64,26.01,26.59,81200.0,2111390.0,30000000.0,0.0027066666666666667
2002-12-12,27.24,27.24,26.34,27.03,58620.0,1558794.0,30000000.0,0.001954
2002-12-13,26.14,27.13,25.95,27.1,71797.0,1900530.0,30000000.0,0.0023932333333333334
2002-12-16,26.44,27.29,26.44,27.17,84410.0,2238434.0,30000000.0,0.0028136666666666666
2002-12-17,26.94,27.17,26.72,27.15,24040.0,641464.0,30000000.0,0.0008013333333333334
2002-12-18,26.9,27.33,26.85,26.85,37700.0,1008801.0,30000000.0,0.0012566666666666666
2002-12-19,26.85,26.85,26.24,26.33,157300.0,4093582.0,30000000.0,0.005243333333333333
2002-12-20,26.44,26.84,26.24,26.48,115061.0,3020763.0,30000000.0,0.0038353666666666665
2002-12-23,26.81,27.25,26.56,27.15,94193.0,2496273.0,30000000.0,0.0031397666666666667
2002-12-24,26.92,26.93,26.56,26.79,44795.0,1182973.0,30000000.0,0.0014931666666666667
2002-12-25,26.62,26.91,26.56,26.58,124000.0,3264270.0,30000000.0,0.0041333333333333335
2002-12-26,26.54,27.86,26.49,27.2,1024721.0,27235186.0,30000000.0,0.03415736666666667
2002-12-27,27.2,28.57,26.92,28.25,906309.0,25146541.0,30000000.0,0.0302103
2002-12-30,27.95,28.66,26.84,27.42,463156.0,12624025.0,30000000.0,0.015438533333333334
2002-12-31,27.35,27.49,26.35,26.37,230943.0,6112399.0,30000000.0,0.0076981
2003-01-02,26.24,26.65,26.02,26.35,181144.0,4718606.0,30000000.0,0.006038133333333333
2003-01-03,26.24,26.59,26.13,26.55,114227.0,2966127.0,30000000.0,0.003807566666666667
2003-01-06,26.14,26.93,25.83,26.81,134182.0,3507387.0,30000000.0,0.004472733333333334
2003-01-07,26.54,27.15,26.14,26.81,130182.0,3439661.0,30000000.0,0.0043394
2003-01-08,26.42,27.15,26.42,27.07,101484.0,2696646.0,30000000.0,0.0033828
2003-01-09,27.1,27.81,26.84,27.53,426362.0,11519812.0,30000000.0,0.014212066666666667
2003-01-10,27.47,27.6,27.07,27.17,146197.0,3950894.0,30000000.0,0.004873233333333333
2003-01-13,27.15,27.65,27.11,27.6,132001.0,3568006.0,30000000.0,0.004400033333333333
2003-01-14,27.5,28.62,27.16,28.35,356961.0,9944889.0,30000000.0,0.0118987
2003-01-15,28.49,29.88,28.34,28.59,456334.0,13056421.0,30000000.0,0.015211133333333333
2003-01-16,28.62,29.17,28.38,28.77,315580.0,9011357.0,30000000.0,0.010519333333333334
2003-01-17,28.78,29.38,28.57,28.76,196623.0,5591444.0,30000000.0,0.0065541
2003-01-20,28.61,28.73,28.4,28.46,146260.0,4112620.0,30000000.0,0.004875333333333333
2003-01-21,28.47,29.24,28.07,28.29,120530.0,3387602.0,30000000.0,0.004017666666666667
2003-01-22,28.24,28.31,27.76,28.24,112270.0,3103259.0,30000000.0,0.003742333333333333
2003-01-23,27.92,28.25,27.92,28.04,92461.0,2564938.0,30000000.0,0.0030820333333333332
2003-01-24,27.86,28.36,27.86,28.17,67005.0,1861690.0,30000000.0,0.0022335
2003-01-27,28.18,28.45,28.17,28.36,91486.0,2561682.0,30000000.0,0.0030495333333333333
2003-01-28,28.36,28.42,28.24,28.4,74606.0,2087722.0,30000000.0,0.0024868666666666667
2003-01-29,28.36,28.75,28.26,28.34,75986.0,2136989.0,30000000.0,0.0025328666666666667
2003-02-10,28.44,28.44,27.35,27.8,41990.0,1155402.0,30000000.0,0.0013996666666666667
2003-02-11,27.76,27.96,27.73,27.89,35913.0,986692.0,30000000.0,0.0011971
2003-02-12,27.87,28.11,27.66,28.08,50028.0,1375217.0,30000000.0,0.0016676
2003-02-13,28.11,28.57,28.04,28.13,128170.0,3575526.0,30000000.0,0.004272333333333334
2003-02-14,27.89,28.34,27.82,28.33,239441.0,6642521.0,30000000.0,0.007981366666666666
2003-02-17,28.35,28.46,28.09,28.25,61600.0,1722130.0,30000000.0,0.0020533333333333332
2003-02-18,28.35,28.35,27.94,28.15,93920.0,2607702.0,30000000.0,0.0031306666666666666
2003-02-19,28.17,28.36,28.01,28.36,38370.0,1069077.0,30000000.0,0.001279
2003-02-20,28.41,29.06,28.41,29.0,227438.0,6454735.0,30000000.0,0.007581266666666667
2003-02-21,29.16,29.58,28.39,29.27,604273.0,17445072.0,30000000.0,0.020142433333333334
2003-02-24,29.58,30.9,29.58,30.18,904607.0,27083628.0,30000000.0,0.030153566666666666
2003-02-25,31.39,33.19,30.79,32.7,2505154.0,78926717.0,30000000.0,0.08350513333333333
2003-02-26,32.4,32.57,31.28,31.79,1512934.0,47665939.0,30000000.0,0.050431133333333336
2003-02-27,31.75,32.09,31.18,31.38,703559.0,21922038.0,30000000.0,0.023451966666666667
2003-02-28,31.39,32.3,31.11,31.84,740563.0,23242320.0,30000000.0,0.024685433333333333
2003-03-03,31.83,31.84,31.11,31.58,430005.0,13322304.0,30000000.0,0.0143335
2003-03-04,31.55,31.93,31.22,31.73,287467.0,8958235.0,30000000.0,0.009582233333333334
2003-03-05,31.6,32.11,31.4,31.6,221846.0,6927339.0,30000000.0,0.007394866666666666
2003-03-06,31.61,31.71,30.7,30.81,387952.0,11877876.0,30000000.0,0.012931733333333334
2003-03-07,30.81,31.39,30.74,30.9,335374.0,10268517.0,30000000.0,0.011179133333333334
2003-03-10,30.9,31.0,30.18,30.48,356931.0,10728797.0,30000000.0,0.0118977
2003-03-11,30.39,30.58,30.21,30.4,157315.0,4718467.0,30000000.0,0.005243833333333333
2003-03-12,30.39,30.69,30.27,30.68,209626.0,6303430.0,30000000.0,0.006987533333333333
2003-03-13,30.65,30.9,30.31,30.41,335335.0,10092999.0,30000000.0,0.011177833333333333
2003-03-14,30.39,30.86,30.39,30.67,154973.0,4683173.0,30000000.0,0.005165766666666667
2003-03-17,30.6,30.74,29.98,30.72,190103.0,5679383.0,30000000.0,0.006336766666666667
2003-03-18,30.4,31.15,30.4,30.54,258451.0,7854570.0,30000000.0,0.008615033333333333
2003-03-19,30.54,30.91,30.19,30.65,95930.0,2898898.0,30000000.0,0.003197666666666667
2003-03-20,30.67,30.69,30.14,30.35,101930.0,3060971.0,30000000.0,0.0033976666666666665
2003-03-21,30.39,31.14,30.3,30.99,190981.0,5825640.0,30000000.0,0.006366033333333333
2003-03-24,31.29,31.29,30.41,30.9,125987.0,3863403.0,30000000.0,0.004199566666666666
2003-03-25,30.91,30.91,30.34,30.49,140687.0,4227862.0,30000000.0,0.004689566666666666
2003-03-26,30.37,30.56,30.0,30.46,138611.0,4138826.0,30000000.0,0.004620366666666667
2003-03-27,30.4,30.95,30.01,30.8,172376.0,5198190.0,30000000.0,0.005745866666666667
2003-03-28,30.94,31.7,30.58,31.29,267074.0,8223237.0,30000000.0,0.008902466666666666
2003-03-31,31.29,31.39,30.79,31.06,168247.0,5150284.0,30000000.0,0.005608233333333333
2003-04-01,31.4,32.57,31.4,32.16,632594.0,19994045.0,30000000.0,0.021086466666666668
2003-04-02,32.16,32.55,31.68,31.88,496796.0,15757046.0,30000000.0,0.016559866666666666
2003-04-03,31.81,32.01,31.4,31.84,295181.0,9225426.0,30000000.0,0.009839366666666667
2003-04-04,31.81,31.96,31.2,31.28,508120.0,15734784.0,30000000.0,0.016937333333333332
2003-04-07,31.29,31.33,29.5,29.7,1385618.0,20568464.0,60000000.0,0.023093633333333332
2003-04-08,29.7,30.82,29.09,30.82,1596384.0,23275081.0,60000000.0,0.0266064
2003-04-09,30.48,30.92,29.97,30.82,1068615.0,16008629.0,60000000.0,0.01781025
2003-04-10,30.82,31.31,30.17,30.82,743933.0,11194818.0,60000000.0,0.012398883333333333
2003-04-11,30.68,30.72,29.91,30.23,1019558.0,15178462.0,60000000.0,0.016992633333333333
2003-04-14,30.09,32.23,29.91,32.14,1566945.0,23811087.0,60000000.0,0.02611575
2003-04-15,32.53,35.22,31.94,34.75,3276795.0,54434875.0,60000000.0,0.05461325
2003-04-16,34.79,34.89,32.55,32.82,2410326.0,40053667.0,60000000.0,0.0401721
2003-04-17,32.67,33.71,32.55,32.86,1109853.0,18027637.0,60000000.0,0.01849755
2003-04-18,32.86,34.12,32.37,33.06,882660.0,14378945.0,60000000.0,0.014711
2003-04-21,33.0,33.0,31.55,31.64,732270.0,11564089.0,60000000.0,0.0122045
2003-04-22,31.66,32.31,31.53,31.92,445302.0,6987282.0,60000000.0,0.0074217
2003-04-23,31.94,32.29,30.78,30.88,550479.0,8467437.0,60000000.0,0.00917465
2003-04-24,30.72,30.72,29.09,29.26,821280.0,12043555.0,60000000.0,0.013688
2003-04-25,29.32,30.27,29.26,29.56,382767.0,5576095.0,60000000.0,0.00637945
2003-04-28,29.3,30.52,28.58,30.42,529467.0,7647712.0,60000000.0,0.00882445
2003-04-29,30.21,30.21,29.26,29.28,387594.0,5629359.0,60000000.0,0.0064599
2003-04-30,29.05,30.23,28.91,29.76,349127.0,5117681.0,60000000.0,0.005818783333333333
2003-05-12,29.76,30.11,28.75,29.81,712600.0,10400592.0,60000000.0,0.011876666666666667
2003-05-13,29.76,29.85,28.4,28.63,895265.0,12829318.0,60000000.0,0.014921083333333333
2003-05-14,28.48,29.19,28.28,28.69,324112.0,4597092.0,60000000.0,0.005401866666666666
2003-05-15,28.85,30.92,28.58,30.42,1037117.0,15403814.0,60000000.0,0.01728528333333333
2003-05-16,30.52,30.76,29.81,29.93,449486.0,6643058.0,60000000.0,0.007491433333333334
2003-05-19,30.03,30.99,29.91,30.58,473431.0,7109176.0,60000000.0,0.007890516666666667
2003-05-20,30.58,30.6,29.7,30.29,285080.0,4207938.0,60000000.0,0.004751333333333333
2003-05-21,30.15,30.5,29.7,29.87,158500.0,2340668.0,60000000.0,0.0026416666666666667
2003-05-22,29.6,29.72,29.32,29.5,180906.0,2626888.0,60000000.0,0.0030151
2003-05-23,29.54,30.44,29.46,29.85,246837.0,3626815.0,60000000.0,0.00411395
2003-05-26,30.21,30.82,30.15,30.72,652077.0,9768429.0,60000000.0,0.01086795
2003-05-27,30.92,32.86,30.66,32.47,2672161.0,42408509.0,60000000.0,0.044536016666666664
2003-05-28,32.47,33.28,32.47,33.06,3230764.0,52369296.0,60000000.0,0.053846066666666664
2003-05-29,33.06,34.59,32.73,34.57,3044389.0,50061308.0,60000000.0,0.050739816666666666
2003-05-30,34.61,35.81,33.91,34.57,10791451.0,184403473.0,60000000.0,0.17985751666666666
2003-06-02,34.2,35.18,33.22,35.16,5335746.0,89402099.0,60000000.0,0.0889291
2003-06-03,35.16,35.6,33.91,34.12,3480053.0,59947221.0,60000000.0,0.058000883333333336
2003-06-04,34.12,34.85,33.77,34.38,2693325.0,45361124.0,60000000.0,0.04488875
2003-06-05,34.34,34.55,33.67,34.26,2005786.0,33713828.0,60000000.0,0.033429766666666666
2003-06-06,34.2,34.75,33.69,33.81,1714498.0,28888506.0,60000000.0,0.028574966666666667
2003-06-09,33.81,34.42,33.37,33.63,1877199.0,31327692.0,60000000.0,0.03128665
2003-06-10,33.63,35.32,33.49,35.16,4497260.0,76871877.0,60000000.0,0.07495433333333333
2003-06-11,35.16,36.36,34.79,36.13,5621153.0,98885812.0,60000000.0,0.09368588333333333
2003-06-12,36.13,37.15,35.77,36.99,5012085.0,90253593.0,60000000.0,0.08353475
2003-06-13,36.99,37.43,35.71,36.48,4792546.0,85692482.0,60000000.0,0.07987576666666667
2003-06-16,36.48,36.66,34.93,35.16,2472776.0,43219839.0,60000000.0,0.04121293333333333
2003-06-17,35.12,35.68,34.59,35.28,3086638.0,53362794.0,60000000.0,0.05144396666666667
2003-06-18,35.26,35.42,34.4,34.71,2176379.0,37292451.0,60000000.0,0.036272983333333335
2003-06-19,34.71,35.28,34.57,34.81,2141649.0,36711791.0,60000000.0,0.03569415
2003-06-20,34.81,35.44,34.65,35.12,1876178.0,32292392.0,60000000.0,0.03126963333333333
2003-06-23,35.12,35.4,34.48,34.77,944300.0,16169266.0,60000000.0,0.015738333333333333
2003-06-24,34.77,35.14,33.37,33.83,1866061.0,31178808.0,60000000.0,0.031101016666666665
2003-06-25,33.83,34.14,33.35,33.75,914314.0,15142703.0,60000000.0,0.015238566666666667
2003-06-26,33.75,34.73,33.41,34.57,2288603.0,38530378.0,60000000.0,0.038143383333333336
2003-06-27,34.57,34.89,33.35,33.47,1447744.0,24315290.0,60000000.0,0.024129066666666667
2003-06-30,33.47,33.98,32.25,32.69,1860925.0,30313360.0,60000000.0,0.031015416666666667
2003-07-01,32.69,33.12,32.53,32.65,996882.0,16056851.0,60000000.0,0.0166147
2003-07-02,32.65,33.02,32.53,32.92,796577.0,12817858.0,60000000.0,0.013276283333333333
2003-07-03,32.92,33.22,32.65,33.06,1205007.0,19520311.0,60000000.0,0.02008345
2003-07-04,33.06,33.22,32.73,32.84,1020679.0,16510852.0,60000000.0,0.01701131666666667
2003-07-07,32.84,33.12,32.67,33.02,799428.0,12938999.0,60000000.0,0.0133238
2003-07-08,33.02,33.22,32.71,33.14,1653333.0,26828846.0,60000000.0,0.02755555
2003-07-09,33.14,33.18,31.74,31.96,1488698.0,23741024.0,60000000.0,0.024811633333333333
2003-07-10,31.96,35.16,31.74,35.16,5729066.0,95207168.0,60000000.0,0.09548443333333333
2003-07-11,35.16,35.36,34.59,35.24,4370808.0,75175714.0,60000000.0,0.0728468
2003-07-14,35.24,35.36,33.87,34.12,2003677.0,33973873.0,60000000.0,0.03339461666666667
2003-07-15,34.12,34.63,33.51,34.14,2246166.0,37512930.0,60000000.0,0.0374361
2003-07-16,34.22,34.22,33.06,33.49,1619650.0,26692667.0,60000000.0,0.026994166666666666
2003-07-17,33.69,34.1,33.16,33.85,2710783.0,44785953.0,60000000.0,0.04517971666666667
2003-07-18,33.85,34.2,32.51,32.53,1346233.0,22118006.0,60000000.0,0.022437216666666666
2003-07-21,32.61,32.82,31.94,32.17,817520.0,12976357.0,60000000.0,0.013625333333333333
2003-07-22,32.17,33.06,32.14,32.53,623456.0,9986835.0,60000000.0,0.010390933333333333
2003-07-23,32.53,32.96,32.19,32.63,486170.0,7783599.0,60000000.0,0.008102833333333333
2003-07-24,32.63,32.67,31.9,32.02,475200.0,7508659.0,60000000.0,0.00792
2003-07-25,32.04,32.88,31.94,32.61,1188803.0,18968015.0,60000000.0,0.019813383333333334
2003-07-28,32.69,32.69,32.04,32.33,267372.0,4239690.0,60000000.0,0.0044562
2003-07-29,32.35,32.86,32.14,32.53,732070.0,11685080.0,60000000.0,0.012201166666666667
2003-07-30,32.51,32.55,31.74,32.19,1999540.0,31427593.0,60000000.0,0.03332566666666667
2003-07-31,32.14,32.65,31.84,32.57,1935087.0,30802430.0,60000000.0,0.03225145
2003-08-01,32.57,32.76,32.14,32.53,1280550.0,20410737.0,60000000.0,0.0213425
2003-08-04,32.53,32.8,32.29,32.57,851291.0,13570166.0,60000000.0,0.014188183333333333
2003-08-05,32.55,32.69,32.0,32.27,675031.0,10696591.0,60000000.0,0.011250516666666667
2003-08-06,32.27,32.49,31.82,32.31,467969.0,7382119.0,60000000.0,0.0077994833333333334
2003-08-07,32.31,32.45,31.94,32.17,434913.0,6884183.0,60000000.0,0.00724855
2003-08-08,32.17,32.17,31.13,31.23,478960.0,7466927.0,60000000.0,0.007982666666666667
2003-08-11,31.17,32.67,30.52,32.23,990100.0,15415086.0,60000000.0,0.016501666666666668
2003-08-12,32.14,32.14,31.68,31.82,500386.0,7840720.0,60000000.0,0.008339766666666667
2003-08-13,31.82,32.19,30.92,31.05,342567.0,5287415.0,60000000.0,0.00570945
2003-08-14,31.09,31.84,30.72,31.19,539649.0,8331815.0,60000000.0,0.00899415
2003-08-15,31.19,31.33,30.84,31.21,291897.0,4451260.0,60000000.0,0.00486495
2003-08-18,31.25,31.25,30.54,30.66,322079.0,4870187.0,60000000.0,0.005367983333333333
2003-08-19,30.66,30.86,30.6,30.68,179780.0,2712018.0,60000000.0,0.0029963333333333335
2003-08-20,30.68,30.7,30.5,30.64,235344.0,3538714.0,60000000.0,0.0039224
2003-08-21,30.64,30.64,30.03,30.13,270136.0,4022887.0,60000000.0,0.004502266666666667
2003-08-22,30.15,31.03,30.11,30.25,260770.0,3905477.0,60000000.0,0.004346166666666667
2003-08-25,30.25,30.27,29.01,29.5,244900.0,3588101.0,60000000.0,0.004081666666666667
2003-08-26,29.5,29.62,28.91,29.15,328694.0,4737675.0,60000000.0,0.005478233333333333
2003-08-27,29.15,29.4,28.89,29.09,243050.0,3476257.0,60000000.0,0.004050833333333333
2003-08-28,29.09,29.17,28.69,29.07,251855.0,3585280.0,60000000.0,0.0041975833333333335
2003-08-29,29.03,29.28,28.48,29.03,352860.0,5002155.0,60000000.0,0.005881
2003-09-01,29.03,29.83,28.44,29.62,486493.0,6941662.0,60000000.0,0.008108216666666666
2003-09-02,29.5,30.52,29.26,30.05,647210.0,9573851.0,60000000.0,0.010786833333333334
2003-09-03,30.05,30.05,29.19,29.56,354535.0,5141698.0,60000000.0,0.0059089166666666665
2003-09-04,29.56,29.7,28.48,29.09,220042.0,3163801.0,60000000.0,0.0036673666666666668
2003-09-05,29.09,29.09,28.48,28.65,321370.0,4524351.0,60000000.0,0.005356166666666667
2003-09-08,28.65,28.93,28.46,28.69,257340.0,3610667.0,60000000.0,0.004289
2003-09-09,28.73,28.79,28.48,28.58,280307.0,3931906.0,60000000.0,0.004671783333333334
2003-09-10,28.58,29.4,28.52,29.09,432690.0,6176427.0,60000000.0,0.0072115
2003-09-11,29.09,29.26,28.71,28.73,177010.0,2526972.0,60000000.0,0.0029501666666666665
2003-09-12,28.73,29.09,28.48,28.56,165070.0,2320919.0,60000000.0,0.0027511666666666665
2003-09-15,28.56,28.99,28.48,28.5,179785.0,2526411.0,60000000.0,0.0029964166666666668
2003-09-16,28.5,28.89,28.48,28.77,208621.0,2942002.0,60000000.0,0.0034770166666666666
2003-09-17,28.77,28.81,27.87,28.04,388109.0,5366120.0,60000000.0,0.006468483333333334
2003-09-18,28.04,28.16,27.63,28.06,334369.0,4577857.0,60000000.0,0.005572816666666667
2003-09-19,27.87,28.14,27.65,27.85,155380.0,2121173.0,60000000.0,0.0025896666666666668
2003-09-22,27.85,28.24,27.57,27.79,1140412.0,15574283.0,60000000.0,0.019006866666666667
2003-09-23,27.79,27.87,27.06,27.67,413463.0,5598691.0,60000000.0,0.00689105
2003-09-24,27.69,28.08,27.63,27.73,252000.0,3444172.0,60000000.0,0.0042
2003-09-25,27.77,28.08,27.47,27.63,192000.0,2621516.0,60000000.0,0.0032
2003-09-26,27.63,27.63,26.61,26.69,446970.0,5897987.0,60000000.0,0.0074495
2003-09-29,26.65,26.71,26.35,26.49,1026779.0,13358575.0,60000000.0,0.017112983333333335
2003-09-30,26.53,26.65,25.9,26.47,257141.0,3325064.0,60000000.0,0.004285683333333333
2003-10-08,26.47,26.65,26.24,26.59,85771.0,1116341.0,60000000.0,0.0014295166666666666
2003-10-09,26.59,26.94,26.45,26.65,149900.0,1972566.0,60000000.0,0.0024983333333333333
2003-10-10,26.65,27.42,26.59,27.3,263620.0,3504232.0,60000000.0,0.004393666666666666
2003-10-13,27.3,27.47,26.81,26.96,163650.0,2186025.0,60000000.0,0.0027275
2003-10-14,27.02,27.06,26.35,26.51,84881.0,1108578.0,60000000.0,0.0014146833333333333
2003-10-15,26.51,26.73,26.04,26.45,245200.0,3193035.0,60000000.0,0.004086666666666666
2003-10-16,26.47,26.47,25.76,26.04,145410.0,1859449.0,60000000.0,0.0024235
2003-10-17,26.04,26.35,26.0,26.12,126754.0,1631984.0,60000000.0,0.0021125666666666665
2003-10-20,26.14,26.24,25.23,25.78,227705.0,2873440.0,60000000.0,0.0037950833333333335
2003-10-21,25.82,26.04,25.02,25.86,159230.0,2003548.0,60000000.0,0.002653833333333333
2003-10-22,25.9,26.33,25.76,26.2,246160.0,3157912.0,60000000.0,0.004102666666666667
2003-10-23,26.24,26.33,25.53,25.74,168159.0,2149566.0,60000000.0,0.00280265
2003-10-24,25.8,25.8,24.78,25.55,321749.0,3967275.0,60000000.0,0.0053624833333333335
2003-10-27,25.41,26.37,24.41,24.9,348860.0,4317640.0,60000000.0,0.005814333333333334
2003-10-29,24.43,24.58,22.42,24.01,2312155.0,25856662.0,60000000.0,0.03853591666666667
2003-10-30,23.74,23.74,22.62,23.13,456918.0,5158037.0,60000000.0,0.0076153
2003-10-31,23.13,23.5,22.99,23.27,146600.0,1676854.0,60000000.0,0.0024433333333333334
2003-11-03,23.27,23.58,22.58,23.4,907567.0,10464303.0,60000000.0,0.015126116666666667
2003-11-04,23.4,23.7,23.21,23.38,332900.0,3845460.0,60000000.0,0.005548333333333333
2003-11-05,23.4,23.97,22.58,22.99,327889.0,3745723.0,60000000.0,0.005464816666666666
2003-11-06,22.91,22.93,21.16,21.36,368600.0,3968532.0,60000000.0,0.006143333333333333
2003-11-07,21.26,21.67,20.3,21.28,1102372.0,11392767.0,60000000.0,0.018372866666666668
2003-11-10,21.16,21.16,20.45,20.61,454780.0,4613722.0,60000000.0,0.007579666666666667
2003-11-11,20.61,21.36,20.3,21.14,748937.0,7701100.0,60000000.0,0.012482283333333333
2003-11-12,21.14,21.18,20.67,21.0,295895.0,3040812.0,60000000.0,0.004931583333333333
2003-11-13,20.96,21.67,20.89,21.57,636094.0,6654303.0,60000000.0,0.010601566666666666
2003-11-14,21.46,21.67,21.4,21.52,449300.0,4761504.0,60000000.0,0.007488333333333333
2003-11-17,21.52,21.63,20.93,21.08,324200.0,3400069.0,60000000.0,0.005403333333333333
2003-11-18,20.77,21.16,20.65,20.75,223981.0,2291699.0,60000000.0,0.0037330166666666668
2003-11-19,20.81,21.97,20.75,21.97,1455050.0,15426857.0,60000000.0,0.024250833333333333
2003-11-20,21.93,23.4,21.87,23.4,1920376.0,21638043.0,60000000.0,0.032006266666666665
2003-11-21,23.4,23.54,22.18,22.44,1259684.0,14098982.0,60000000.0,0.020994733333333335
2003-11-24,22.44,23.36,21.97,23.15,1256496.0,14057081.0,60000000.0,0.0209416
2003-11-25,23.56,25.13,23.56,24.29,2463570.0,29728521.0,60000000.0,0.0410595
2003-11-26,24.09,24.37,23.5,24.15,996396.0,11702635.0,60000000.0,0.0166066
2003-11-27,24.13,24.58,23.19,23.27,725130.0,8496244.0,60000000.0,0.0120855
2003-11-28,23.36,23.6,22.4,23.17,819560.0,9221925.0,60000000.0,0.013659333333333334
2003-12-01,23.11,23.68,22.85,23.5,920392.0,10599348.0,60000000.0,0.015339866666666667
2003-12-02,23.46,24.78,23.46,24.13,1498842.0,17885797.0,60000000.0,0.0249807
2003-12-03,24.13,24.25,23.64,24.13,456275.0,5385620.0,60000000.0,0.007604583333333333
2003-12-04,24.13,24.72,24.11,24.33,1092552.0,13094791.0,60000000.0,0.0182092
2003-12-05,24.33,24.62,24.11,24.29,661528.0,7884698.0,60000000.0,0.011025466666666667
2003-12-08,24.31,24.31,23.5,23.66,631160.0,7422610.0,60000000.0,0.010519333333333334
2003-12-09,23.66,24.07,23.52,24.07,565390.0,6590098.0,60000000.0,0.009423166666666666
2003-12-10,24.07,24.21,23.7,24.13,470020.0,5550565.0,60000000.0,0.007833666666666666
2003-12-11,24.41,26.14,24.41,24.86,1719599.0,21328096.0,60000000.0,0.028659983333333333
2003-12-12,24.82,24.82,24.21,24.39,493857.0,5935676.0,60000000.0,0.00823095
2003-12-15,24.39,24.76,23.93,24.11,594069.0,7122556.0,60000000.0,0.00990115
2003-12-16,24.17,24.17,23.6,23.82,520610.0,6088270.0,60000000.0,0.008676833333333333
2003-12-17,23.88,24.13,23.68,23.7,479600.0,5653671.0,60000000.0,0.007993333333333333
2003-12-18,23.7,23.8,23.15,23.25,808860.0,9316588.0,60000000.0,0.013481
2003-12-19,23.4,24.41,22.95,23.09,1312805.0,15217455.0,60000000.0,0.021880083333333335
2003-12-22,23.19,23.78,21.38,23.66,1113687.0,12438344.0,60000000.0,0.01856145
2003-12-23,23.76,23.8,23.05,23.4,788205.0,9064892.0,60000000.0,0.01313675
2003-12-24,23.4,23.52,22.79,22.89,633302.0,7168385.0,60000000.0,0.010555033333333333
2003-12-25,22.99,23.4,22.68,22.99,641872.0,7271336.0,60000000.0,0.010697866666666667
2003-12-26,22.99,23.7,22.97,23.46,1067337.0,12278207.0,60000000.0,0.01778895
2003-12-29,23.46,23.46,22.79,23.01,499700.0,5683004.0,60000000.0,0.008328333333333333
2003-12-30,23.09,23.4,22.93,23.34,822312.0,9361897.0,60000000.0,0.0137052
2003-12-31,23.4,23.6,22.75,23.17,495480.0,5590352.0,60000000.0,0.008258
2004-01-02,23.07,23.32,22.64,23.23,485122.0,5494750.0,60000000.0,0.008085366666666666
2004-01-05,23.29,23.6,23.07,23.25,910953.0,10461966.0,60000000.0,0.01518255
2004-01-06,23.25,25.02,22.99,24.72,1461731.0,17076516.0,60000000.0,0.024362183333333332
2004-01-07,24.82,24.86,24.03,24.45,1171940.0,13993685.0,60000000.0,0.019532333333333332
2004-01-08,24.52,25.45,24.52,25.19,2112028.0,26099241.0,60000000.0,0.035200466666666666
2004-01-09,25.45,25.49,24.35,24.45,963455.0,11863262.0,60000000.0,0.016057583333333333
2004-01-12,24.45,24.96,23.8,24.86,1047134.0,12580397.0,60000000.0,0.017452233333333334
2004-01-13,24.88,25.35,24.58,25.23,1214089.0,14965258.0,60000000.0,0.020234816666666666
2004-01-14,25.23,25.43,24.62,24.64,519269.0,6365316.0,60000000.0,0.008654483333333334
2004-01-15,24.68,25.33,24.62,24.82,775950.0,9546801.0,60000000.0,0.0129325
2004-01-16,25.13,27.02,25.13,26.53,2674981.0,34541412.0,60000000.0,0.04458301666666667
2004-01-29,26.53,27.65,26.18,27.0,1960012.0,25968719.0,60000000.0,0.03266686666666667
2004-01-30,27.0,27.34,26.0,26.33,1200975.0,15726570.0,60000000.0,0.02001625
2004-02-02,26.47,27.12,26.04,26.53,1097043.0,14389263.0,60000000.0,0.01828405
2004-02-03,26.96,28.56,26.96,27.71,1993385.0,27500029.0,60000000.0,0.033223083333333334
2004-02-04,27.71,28.79,27.71,28.54,1355803.0,18931384.0,60000000.0,0.022596716666666666
2004-02-05,28.56,28.75,28.24,28.38,1037050.0,14494958.0,60000000.0,0.017284166666666666
2004-02-06,28.38,28.42,27.67,27.67,859419.0,11785327.0,60000000.0,0.01432365
2004-02-09,27.65,28.48,27.36,28.48,687893.0,9415024.0,60000000.0,0.011464883333333334
2004-02-10,29.09,29.3,27.95,28.18,642531.0,8993088.0,60000000.0,0.01070885
2004-02-11,28.89,28.89,28.04,28.36,988938.0,13730598.0,60000000.0,0.0164823
2004-02-12,28.87,29.26,28.44,28.89,949502.0,13424018.0,60000000.0,0.015825033333333332
2004-02-13,29.3,29.4,28.44,28.79,965791.0,13755683.0,60000000.0,0.016096516666666668
2004-02-16,28.79,30.21,28.69,29.93,1751707.0,25450803.0,60000000.0,0.029195116666666666
2004-02-17,29.91,31.33,29.76,30.62,2949494.0,44441554.0,60000000.0,0.049158233333333336
2004-02-18,30.54,31.15,30.11,30.42,1687123.0,25402558.0,60000000.0,0.028118716666666668
2004-02-19,30.92,32.35,30.82,31.53,2715476.0,42392864.0,60000000.0,0.04525793333333333
2004-02-20,31.51,31.53,30.31,31.45,1074364.0,16314217.0,60000000.0,0.017906066666666668
2004-02-23,31.53,31.64,30.21,30.33,1308423.0,19798500.0,60000000.0,0.02180705
2004-02-24,30.42,30.42,28.67,29.74,1399279.0,20105417.0,60000000.0,0.023321316666666668
2004-02-25,30.52,31.03,29.09,29.17,1200700.0,17799456.0,60000000.0,0.020011666666666667
2004-02-26,30.21,30.27,28.48,28.81,850563.0,12080998.0,60000000.0,0.01417605
2004-02-27,28.81,29.3,28.73,29.28,863607.0,12324616.0,60000000.0,0.01439345
2004-03-01,29.5,29.91,28.34,29.83,1282353.0,18356374.0,60000000.0,0.02137255
2004-03-02,29.83,30.78,29.38,30.11,1495755.0,22177097.0,60000000.0,0.02492925
2004-03-03,30.11,30.27,29.09,29.24,896216.0,13076113.0,60000000.0,0.014936933333333333
2004-03-04,30.11,30.11,29.11,29.89,749967.0,10894881.0,60000000.0,0.01249945
2004-03-05,30.07,31.53,30.07,30.19,2197586.0,33300844.0,60000000.0,0.03662643333333333
2004-03-08,30.31,30.31,28.6,28.91,1052473.0,15113256.0,60000000.0,0.017541216666666668
2004-03-09,29.05,29.36,28.44,28.46,673012.0,9527523.0,60000000.0,0.011216866666666667
2004-03-10,29.09,29.11,28.28,29.07,812447.0,11500675.0,60000000.0,0.013540783333333334
2004-03-11,29.13,29.28,28.81,29.17,700580.0,10000859.0,60000000.0,0.011676333333333334
2004-03-12,29.19,29.4,28.85,29.22,820306.0,11771090.0,60000000.0,0.013671766666666666
2004-03-15,29.22,30.52,29.05,29.95,1029691.0,15084822.0,60000000.0,0.017161516666666668
2004-03-16,30.01,30.11,29.36,29.58,674399.0,9825399.0,60000000.0,0.011239983333333333
2004-03-17,29.7,29.7,28.97,29.3,468606.0,6724150.0,60000000.0,0.0078101
2004-03-18,29.3,30.03,28.91,28.97,694387.0,10081305.0,60000000.0,0.011573116666666666
2004-03-19,28.97,29.62,28.83,29.42,1202500.0,17266107.0,60000000.0,0.020041666666666666
2004-03-22,29.42,30.11,29.19,29.78,1521266.0,22223757.0,60000000.0,0.025354433333333332
2004-03-23,29.91,29.93,29.22,29.64,1109980.0,16129937.0,60000000.0,0.018499666666666668
2004-03-24,29.64,31.53,29.46,30.5,4926762.0,73320416.0,60000000.0,0.0821127
2004-03-25,30.31,31.23,30.09,30.7,3169711.0,47783379.0,60000000.0,0.052828516666666665
2004-03-26,31.13,32.35,30.7,32.25,7398099.0,114869780.0,60000000.0,0.12330165
2004-03-29,32.51,32.71,31.47,31.74,4256041.0,66816408.0,60000000.0,0.07093401666666667
2004-03-31,34.14,34.57,32.55,32.57,10130653.0,165416002.0,60000000.0,0.16884421666666666
2004-04-01,32.31,32.88,31.25,31.49,6797894.0,106771473.0,60000000.0,0.11329823333333333
2004-04-02,31.53,32.43,31.33,32.14,2498849.0,39294458.0,60000000.0,0.04164748333333333
2004-04-05,32.29,32.84,32.1,32.65,2800535.0,44758005.0,60000000.0,0.04667558333333333
2004-04-06,33.27,33.69,32.2,32.44,3204644.0,39598884.0,78000000.0,0.04108517948717949
2004-04-07,32.47,32.71,31.35,31.51,2206115.0,26328811.0,78000000.0,0.028283525641025643
2004-04-08,31.48,32.18,30.87,31.7,1691237.0,20027642.0,78000000.0,0.02168252564102564
2004-04-09,31.62,32.42,31.03,31.14,1394978.0,16624868.0,78000000.0,0.017884333333333332
2004-04-12,31.11,31.27,29.28,29.33,5699026.0,63647286.0,78000000.0,0.0730644358974359
2004-04-13,29.17,29.73,28.88,29.01,1959174.0,21541867.0,78000000.0,0.025117615384615384
2004-04-14,29.01,29.28,28.16,28.69,1341140.0,14458138.0,78000000.0,0.017194102564102563
2004-04-15,28.66,29.78,28.61,28.9,1231181.0,13536879.0,78000000.0,0.015784371794871795
2004-04-16,28.93,30.02,28.93,29.97,2167722.0,24199578.0,78000000.0,0.02779130769230769
2004-04-19,29.97,29.97,28.88,28.96,1168476.0,12860655.0,78000000.0,0.014980461538461538
2004-04-20,28.96,29.36,28.16,28.4,1304481.0,13990565.0,78000000.0,0.016724115384615386
2004-04-21,28.4,28.4,26.61,27.25,1632373.0,16764307.0,78000000.0,0.020927858974358976
2004-04-22,27.25,28.02,27.25,27.73,688254.0,7159517.0,78000000.0,0.00882376923076923
2004-04-23,27.81,27.84,26.83,26.96,753346.0,7674885.0,78000000.0,0.00965828205128205
2004-04-26,26.88,27.41,26.67,27.01,413667.0,4204810.0,78000000.0,0.005303423076923077
2004-04-27,27.09,27.6,27.01,27.41,624292.0,6407824.0,78000000.0,0.00800374358974359
2004-04-28,27.41,27.89,27.07,27.63,532422.0,5506016.0,78000000.0,0.006825923076923077
2004-04-29,27.94,27.94,26.83,26.88,670899.0,6841430.0,78000000.0,0.00860126923076923
2004-04-30,26.91,27.41,26.56,26.96,619383.0,6256484.0,78000000.0,0.007940807692307691
2004-05-10,27.07,27.09,25.55,25.63,626200.0,6100158.0,78000000.0,0.008028205128205129
2004-05-11,25.63,25.79,24.83,25.23,550908.0,5230027.0,78000000.0,0.007062923076923077
2004-05-12,25.44,26.14,25.28,26.08,487261.0,4729296.0,78000000.0,0.006246935897435898
2004-05-13,26.03,26.03,25.58,25.79,401027.0,3877529.0,78000000.0,0.005141371794871795
2004-05-14,25.9,25.9,25.02,25.18,440164.0,4177740.0,78000000.0,0.005643128205128205
2004-05-17,25.02,25.39,24.51,25.02,326423.0,3061972.0,78000000.0,0.004184910256410257
2004-05-18,25.23,26.56,25.23,26.08,871061.0,8460318.0,78000000.0,0.011167448717948718
2004-05-19,26.16,26.83,26.08,26.29,879688.0,8754366.0,78000000.0,0.011278051282051282
2004-05-20,26.35,26.37,25.68,25.82,391395.0,3819926.0,78000000.0,0.005017884615384615
2004-05-24,26.03,26.29,25.82,26.0,313843.0,3072007.0,78000000.0,0.004023628205128205
2004-05-25,25.9,26.16,25.76,25.79,484850.0,4729746.0,78000000.0,0.0062160256410256414
2004-05-26,25.55,26.83,25.55,26.59,659135.0,6542713.0,78000000.0,0.008450448717948717
2004-05-27,26.61,28.08,26.35,27.68,1696554.0,17428348.0,78000000.0,0.021750692307692308
2004-05-28,27.81,29.01,27.81,28.45,3257449.0,35039996.0,78000000.0,0.04176216666666667
2004-05-31,28.45,28.74,28.16,28.64,1055065.0,11275812.0,78000000.0,0.013526474358974359
2004-06-01,28.61,29.17,28.16,29.04,1641584.0,17708855.0,78000000.0,0.02104594871794872
2004-06-02,29.01,29.01,28.21,28.42,1338331.0,14343879.0,78000000.0,0.017158089743589743
2004-06-03,28.34,28.61,27.04,27.17,1496016.0,15454542.0,78000000.0,0.019179692307692307
2004-06-04,27.15,28.08,26.88,27.49,850222.0,8794519.0,78000000.0,0.01090028205128205
2004-06-07,27.63,27.81,27.04,27.49,822295.0,8494989.0,78000000.0,0.01054224358974359
2004-06-08,28.18,30.23,28.18,28.74,4258534.0,46885272.0,78000000.0,0.054596589743589746
2004-06-09,28.37,28.72,27.15,27.25,1812835.0,19103104.0,78000000.0,0.02324147435897436
2004-06-10,26.88,28.61,26.35,28.34,1916069.0,19952310.0,78000000.0,0.02456498717948718
2004-06-11,28.34,30.07,28.34,29.01,4178136.0,45933991.0,78000000.0,0.05356584615384615
2004-06-14,29.28,30.47,29.01,29.78,3794013.0,42374292.0,78000000.0,0.04864119230769231
2004-06-15,29.67,30.31,29.28,30.05,2776594.0,30983790.0,78000000.0,0.03559735897435897
2004-06-16,29.94,29.94,29.41,29.65,1330823.0,14855194.0,78000000.0,0.01706183333333333
2004-06-17,29.44,31.14,29.25,30.58,5302161.0,60907359.0,78000000.0,0.06797642307692307
2004-06-18,31.06,31.27,30.29,31.06,3021637.0,35002278.0,78000000.0,0.0387389358974359
2004-06-21,31.62,31.78,30.66,31.75,3263246.0,38353976.0,78000000.0,0.04183648717948718
2004-06-22,31.94,33.75,31.54,32.42,6262682.0,77053536.0,78000000.0,0.08029079487179487
2004-06-23,32.23,33.61,31.94,33.56,4961650.0,61341536.0,78000000.0,0.06361089743589744
2004-06-24,33.75,35.77,33.59,35.02,10306098.0,134883728.0,78000000.0,0.13212946153846153
2004-06-25,35.66,36.33,31.51,31.51,10454016.0,130106132.0,78000000.0,0.13402584615384616
2004-06-28,29.28,29.54,28.37,28.37,5597837.0,60068961.0,78000000.0,0.07176714102564102
2004-06-29,27.49,27.86,25.52,26.67,5923129.0,59022206.0,78000000.0,0.07593755128205128
2004-06-30,26.67,27.81,26.35,26.77,3557296.0,36208629.0,78000000.0,0.045606358974358975
2004-07-01,27.01,27.76,26.75,27.68,3504626.0,35993383.0,78000000.0,0.044931102564102564
2004-07-02,27.71,27.79,26.4,27.12,3001295.0,30399220.0,78000000.0,0.038478141025641024
2004-07-05,26.93,27.36,26.59,26.85,1291921.0,13070584.0,78000000.0,0.016563089743589745
2004-07-06,26.88,27.63,26.77,27.09,1751293.0,17928251.0,78000000.0,0.02245247435897436
2004-07-07,26.91,27.15,25.95,26.03,2074452.0,20572503.0,78000000.0,0.026595538461538462
2004-07-08,26.08,26.48,26.03,26.32,1011861.0,9981622.0,78000000.0,0.012972576923076923
2004-07-09,26.37,26.75,25.87,25.95,901159.0,8909624.0,78000000.0,0.011553320512820512
2004-07-12,25.82,25.82,23.63,23.69,2219203.0,20272424.0,78000000.0,0.028451320512820514
2004-07-13,23.42,24.17,23.15,23.71,998237.0,8878362.0,78000000.0,0.012797910256410257
2004-07-14,23.93,24.17,22.09,23.23,1282128.0,11030144.0,78000000.0,0.016437538461538462
2004-07-15,23.21,24.3,22.91,23.71,1155055.0,10354309.0,78000000.0,0.014808397435897435
2004-07-16,23.71,25.12,23.71,24.78,1848246.0,17044308.0,78000000.0,0.023695461538461537
2004-07-19,24.8,25.02,24.09,24.35,1142030.0,10506121.0,78000000.0,0.014641410256410256
2004-07-20,24.35,24.62,23.42,24.06,1435616.0,12868256.0,78000000.0,0.018405333333333333
2004-07-21,23.82,24.35,23.42,23.66,987642.0,8826473.0,78000000.0,0.012662076923076923
2004-07-22,23.5,24.06,23.07,23.15,949674.0,8388000.0,78000000.0,0.012175307692307692
2004-07-23,23.1,23.21,22.33,23.15,1319081.0,11254378.0,78000000.0,0.016911294871794873
2004-07-26,22.62,23.02,22.3,22.49,671082.0,5689894.0,78000000.0,0.008603615384615385
2004-07-27,22.52,22.86,22.3,22.6,560865.0,4743639.0,78000000.0,0.007190576923076923
2004-07-28,22.76,23.53,22.76,23.42,901984.0,7846151.0,78000000.0,0.011563897435897436
2004-07-29,23.79,24.41,23.42,24.22,1550378.0,14020236.0,78000000.0,0.019876641025641024
2004-07-30,24.09,24.35,23.31,23.34,908189.0,8116103.0,78000000.0,0.011643448717948719
2004-08-02,23.07,23.85,22.68,23.47,457072.0,4002450.0,78000000.0,0.0058598974358974355
2004-08-03,23.42,24.06,23.13,23.82,678262.0,6069093.0,78000000.0,0.008695666666666668
2004-08-04,24.01,24.41,23.69,24.17,1071253.0,9716157.0,78000000.0,0.013734012820512821
2004-08-05,24.11,24.11,23.5,23.53,621084.0,5535976.0,78000000.0,0.007962615384615384
2004-08-06,23.42,23.63,22.62,22.89,744772.0,6439592.0,78000000.0,0.009548358974358974
2004-08-09,22.7,23.26,22.57,23.07,331012.0,2850171.0,78000000.0,0.004243743589743589
2004-08-10,23.02,23.31,22.91,23.13,293364.0,2544130.0,78000000.0,0.003761076923076923
2004-08-11,23.13,23.18,22.57,22.73,526150.0,4495579.0,78000000.0,0.00674551282051282
2004-08-12,22.57,22.65,22.3,22.57,525398.0,4426302.0,78000000.0,0.006735871794871795
2004-08-13,22.41,22.97,22.41,22.68,285227.0,2429389.0,78000000.0,0.00365675641025641
2004-08-16,22.62,22.62,21.32,21.42,845200.0,6879462.0,78000000.0,0.010835897435897435
2004-08-17,21.29,21.29,20.63,20.84,770926.0,6073372.0,78000000.0,0.009883666666666667
2004-08-18,20.92,21.18,20.84,20.89,382530.0,3020545.0,78000000.0,0.004904230769230769
2004-08-19,20.92,20.92,20.09,20.17,621175.0,4740298.0,78000000.0,0.00796378205128205
2004-08-20,19.96,20.55,19.72,20.41,444276.0,3384772.0,78000000.0,0.005695846153846154
2004-08-23,19.99,20.31,19.83,19.99,343913.0,2587208.0,78000000.0,0.004409141025641026
2004-08-24,19.91,20.95,19.85,20.52,345319.0,2660835.0,78000000.0,0.004427166666666667
2004-08-25,20.49,20.97,20.44,20.68,395097.0,3078240.0,78000000.0,0.005065346153846154
2004-08-26,20.97,21.05,20.55,20.57,211260.0,1640333.0,78000000.0,0.0027084615384615385
2004-08-27,20.49,20.71,19.96,20.12,211080.0,1607090.0,78000000.0,0.002706153846153846
2004-08-30,19.96,20.41,19.85,20.39,250903.0,1900963.0,78000000.0,0.003216705128205128
2004-08-31,21.16,21.18,20.71,20.76,517831.0,4072891.0,78000000.0,0.006638858974358975
2004-09-01,20.76,20.76,20.23,20.31,227583.0,1742038.0,78000000.0,0.0029177307692307692
2004-09-02,20.33,20.65,20.01,20.6,273166.0,2085317.0,78000000.0,0.003502128205128205
2004-09-03,21.03,21.03,20.6,20.65,358890.0,2793995.0,78000000.0,0.004601153846153846
2004-09-06,20.49,20.73,20.49,20.6,143805.0,1115122.0,78000000.0,0.0018436538461538462
2004-09-07,20.55,20.81,20.55,20.68,161330.0,1254368.0,78000000.0,0.0020683333333333335
2004-09-08,20.63,20.68,20.36,20.63,175797.0,1355306.0,78000000.0,0.002253807692307692
2004-09-09,20.63,20.63,19.96,20.12,248130.0,1881501.0,78000000.0,0.003181153846153846
2004-09-10,19.96,20.17,19.67,19.77,400500.0,2981706.0,78000000.0,0.005134615384615385
2004-09-13,19.72,19.72,18.23,18.39,708320.0,5009189.0,78000000.0,0.009081025641025642
2004-09-14,19.16,19.56,18.79,19.3,683022.0,4927699.0,78000000.0,0.008756692307692307
2004-09-15,19.32,20.97,19.11,20.71,1574718.0,12094841.0,78000000.0,0.020188692307692307
2004-09-16,21.24,21.24,20.52,20.92,1061488.0,8288689.0,78000000.0,0.013608820512820512
2004-09-17,20.89,22.38,20.63,22.04,2119695.0,17344425.0,78000000.0,0.027175576923076924
2004-09-20,22.25,24.17,21.88,23.85,3135461.0,27189219.0,78000000.0,0.040198217948717946
2004-09-21,23.95,24.88,22.91,23.9,3228153.0,29162362.0,78000000.0,0.04138657692307692
2004-09-22,23.79,24.75,22.68,24.01,3037924.0,26952777.0,78000000.0,0.03894774358974359
2004-09-23,23.85,24.27,23.21,24.25,1590327.0,14186100.0,78000000.0,0.020388807692307692
2004-09-24,24.48,25.12,23.29,23.31,3527135.0,32407518.0,78000000.0,0.04521967948717949
2004-09-27,23.21,24.17,22.57,22.7,1296008.0,11300575.0,78000000.0,0.01661548717948718
2004-09-28,23.1,23.15,22.49,22.89,700597.0,5996497.0,78000000.0,0.00898201282051282
2004-09-29,22.89,22.89,22.14,22.14,954898.0,8030439.0,78000000.0,0.012242282051282052
2004-09-30,22.17,22.36,21.53,21.61,786959.0,6469845.0,78000000.0,0.010089217948717949
2004-10-08,21.56,22.62,21.03,22.57,933799.0,7663235.0,78000000.0,0.011971782051282052
2004-10-11,22.89,23.93,22.3,22.86,2021783.0,17532087.0,78000000.0,0.025920294871794872
2004-10-12,22.65,22.89,22.36,22.41,797081.0,6762011.0,78000000.0,0.01021898717948718
2004-10-13,22.44,23.18,22.33,23.18,1093201.0,9363595.0,78000000.0,0.014015397435897435
2004-10-14,23.18,23.37,21.16,21.18,1332094.0,11078264.0,78000000.0,0.017078128205128204
2004-10-15,20.76,21.58,20.23,21.16,963386.0,7590616.0,78000000.0,0.012351102564102564
2004-10-18,20.97,21.77,20.97,21.48,475586.0,3819611.0,78000000.0,0.00609725641025641
2004-10-19,21.42,22.04,21.13,21.13,652479.0,5301260.0,78000000.0,0.008365115384615384
2004-10-20,21.03,21.03,20.36,20.73,691543.0,5353306.0,78000000.0,0.008865935897435898
2004-10-21,20.52,20.52,19.43,19.51,1313749.0,9728957.0,78000000.0,0.016842935897435896
2004-10-22,19.43,19.91,18.66,19.69,737655.0,5398814.0,78000000.0,0.009457115384615385
2004-10-25,20.09,20.2,19.3,19.48,435170.0,3221596.0,78000000.0,0.005579102564102564
2004-10-26,19.43,20.01,19.08,19.96,532250.0,3888222.0,78000000.0,0.006823717948717949
2004-10-27,19.96,20.49,19.69,20.44,870130.0,6553792.0,78000000.0,0.01115551282051282
2004-10-28,20.49,20.68,20.01,20.07,760716.0,5841152.0,78000000.0,0.009752769230769232
2004-10-29,19.83,19.99,18.92,19.75,583602.0,4310284.0,78000000.0,0.007482076923076923
2004-11-01,19.43,19.96,19.3,19.38,454510.0,3341844.0,78000000.0,0.005827051282051282
2004-11-02,19.38,19.64,19.3,19.56,264118.0,1934306.0,78000000.0,0.003386128205128205
2004-11-03,19.53,20.87,19.53,20.87,1680872.0,12958799.0,78000000.0,0.021549641025641025
2004-11-04,20.76,20.89,19.96,20.07,971719.0,7461336.0,78000000.0,0.012457935897435898
2004-11-05,20.23,20.63,19.96,20.2,700432.0,5328584.0,78000000.0,0.008979897435897435
2004-11-08,20.44,20.89,20.17,20.76,862624.0,6669753.0,78000000.0,0.011059282051282052
2004-11-09,20.76,21.03,20.23,20.49,522716.0,4041800.0,78000000.0,0.006701487179487179
2004-11-10,20.49,21.77,20.44,21.58,1736362.0,13889300.0,78000000.0,0.022261051282051282
2004-11-11,21.61,23.02,21.61,21.82,2980760.0,25025642.0,78000000.0,0.0382148717948718
2004-11-12,21.82,22.25,21.61,21.98,1088826.0,8972341.0,78000000.0,0.013959307692307693
2004-11-15,22.49,22.49,21.66,22.04,623092.0,5129487.0,78000000.0,0.007988358974358975
2004-11-16,22.04,22.17,21.45,21.69,776096.0,6320451.0,78000000.0,0.009949948717948718
2004-11-17,21.69,21.82,21.45,21.48,461439.0,3747892.0,78000000.0,0.005915884615384615
2004-11-18,21.61,21.88,21.32,21.74,537627.0,4384190.0,78000000.0,0.006892653846153846
2004-11-19,21.82,22.22,21.77,21.98,664102.0,5489465.0,78000000.0,0.008514128205128205
2004-11-22,22.12,22.65,22.12,22.52,1347933.0,11364141.0,78000000.0,0.017281192307692306
2004-11-23,22.57,22.62,21.98,22.06,717910.0,5985169.0,78000000.0,0.009203974358974359
2004-11-24,21.9,22.25,21.5,21.53,704800.0,5759440.0,78000000.0,0.009035897435897436
2004-11-25,21.42,21.61,21.16,21.48,546394.0,4396258.0,78000000.0,0.007005051282051282
2004-11-26,21.53,21.72,21.34,21.42,344334.0,2787830.0,78000000.0,0.004414538461538462
2004-11-29,21.45,21.45,20.71,20.79,433611.0,3429238.0,78000000.0,0.005559115384615385
2004-11-30,20.79,21.1,20.76,20.87,287157.0,2253828.0,78000000.0,0.0036815
2004-12-01,20.89,21.29,20.89,21.03,221450.0,1752487.0,78000000.0,0.002839102564102564
2004-12-02,21.03,21.48,20.81,21.48,488073.0,3885181.0,78000000.0,0.006257346153846154
2004-12-03,21.5,22.01,21.5,21.61,562384.0,4601470.0,78000000.0,0.007210051282051282
2004-12-06,21.61,21.96,21.53,21.82,423535.0,3468445.0,78000000.0,0.005429935897435898
2004-12-07,21.88,21.88,20.84,20.87,460454.0,3669900.0,78000000.0,0.00590325641025641
2004-12-08,20.97,21.93,20.97,21.34,645701.0,5231336.0,78000000.0,0.008278217948717949
2004-12-09,21.48,21.69,21.08,21.58,403331.0,3246895.0,78000000.0,0.005170910256410257
2004-12-10,21.42,21.5,20.36,20.71,575482.0,4513935.0,78000000.0,0.007377974358974359
2004-12-13,20.68,20.76,20.47,20.6,260412.0,2012850.0,78000000.0,0.0033386153846153848
2004-12-14,20.6,20.84,20.36,20.39,214500.0,1659267.0,78000000.0,0.00275
2004-12-15,20.39,20.71,19.91,19.99,408659.0,3084506.0,78000000.0,0.005239217948717949
2004-12-16,19.99,20.23,19.69,19.96,253725.0,1903693.0,78000000.0,0.0032528846153846154
2004-12-17,19.83,20.09,19.69,19.88,196098.0,1468302.0,78000000.0,0.002514076923076923
2004-12-20,19.77,19.96,19.69,19.8,113974.0,849894.0,78000000.0,0.0014612051282051283
2004-12-21,19.88,20.23,19.88,20.01,164488.0,1241493.0,78000000.0,0.002108820512820513
2004-12-22,19.99,20.76,19.96,20.65,272985.0,2103552.0,78000000.0,0.0034998076923076923
2004-12-23,20.76,20.76,20.04,20.09,207121.0,1590813.0,78000000.0,0.002655397435897436
2004-12-24,20.09,20.57,20.01,20.23,176445.0,1344086.0,78000000.0,0.0022621153846153846
2004-12-27,20.2,20.63,20.2,20.44,175712.0,1352457.0,78000000.0,0.002252717948717949
2004-12-28,20.23,20.68,19.96,20.47,231770.0,1772871.0,78000000.0,0.0029714102564102566
2004-12-29,20.47,22.06,20.47,21.26,1868975.0,14993924.0,78000000.0,0.023961217948717948
2004-12-30,21.16,21.69,20.84,21.42,1143853.0,9152591.0,78000000.0,0.014664782051282051
2004-12-31,21.56,21.56,20.89,21.0,537592.0,4265344.0,78000000.0,0.006892205128205128
2005-01-04,20.89,20.89,20.23,20.25,463189.0,3569500.0,78000000.0,0.005938320512820513
2005-01-05,20.36,21.45,20.25,21.24,901103.0,7164470.0,78000000.0,0.011552602564102564
2005-01-06,21.42,22.25,21.08,22.06,3142549.0,25797235.0,78000000.0,0.040289089743589745
2005-01-07,22.17,22.36,21.69,21.77,1770201.0,14650175.0,78000000.0,0.022694884615384617
2005-01-10,21.66,22.36,21.58,22.3,1169409.0,9723704.0,78000000.0,0.014992423076923077
2005-01-11,22.22,22.36,21.85,22.17,975518.0,8091702.0,78000000.0,0.012506641025641026
2005-01-12,22.25,22.76,22.17,22.73,2429833.0,20545557.0,78000000.0,0.03115170512820513
2005-01-13,22.62,23.55,22.49,23.1,4204620.0,36445879.0,78000000.0,0.05390538461538461
2005-01-14,23.1,23.47,21.98,22.06,2340651.0,19964441.0,78000000.0,0.030008346153846153
2005-01-17,21.69,22.57,21.5,22.52,2126367.0,17675624.0,78000000.0,0.027261115384615384
2005-01-18,22.36,24.14,22.36,23.9,4103454.0,35962195.0,78000000.0,0.05260838461538461
2005-01-19,24.03,24.17,22.91,23.23,2836266.0,25026760.0,78000000.0,0.036362384615384616
2005-01-20,23.02,23.66,22.65,23.5,2404202.0,21062426.0,78000000.0,0.030823102564102565
2005-01-21,23.42,23.5,21.69,22.44,3093761.0,26238922.0,78000000.0,0.03966360256410256
2005-01-24,23.1,23.9,22.7,23.87,3024594.0,26609205.0,78000000.0,0.038776846153846155
2005-01-25,23.79,23.79,22.81,23.29,1888438.0,16466427.0,78000000.0,0.02421074358974359
2005-01-26,23.13,23.13,22.38,22.54,1177305.0,10012435.0,78000000.0,0.015093653846153847
2005-01-27,22.41,22.52,21.61,21.77,1502633.0,12328820.0,78000000.0,0.01926452564102564
2005-01-28,21.74,21.98,21.03,21.24,864111.0,6992120.0,78000000.0,0.011078346153846154
2005-01-31,21.29,21.29,19.75,20.41,1047951.0,8012919.0,78000000.0,0.013435269230769232
2005-02-01,20.41,20.84,19.83,20.12,858643.0,6528228.0,78000000.0,0.01100824358974359
2005-02-02,20.17,21.69,20.17,21.53,1108201.0,8748437.0,78000000.0,0.014207705128205128
2005-02-03,21.56,21.69,20.71,20.73,1060998.0,8413484.0,78000000.0,0.013602538461538461
2005-02-04,20.49,21.16,20.47,21.0,766698.0,6027008.0,78000000.0,0.009829461538461539
2005-02-16,21.24,21.82,21.03,21.08,786336.0,6337297.0,78000000.0,0.01008123076923077
2005-02-17,21.24,21.77,21.03,21.72,696415.0,5638288.0,78000000.0,0.008928397435897436
2005-02-18,21.74,21.74,21.21,21.4,490197.0,3948739.0,78000000.0,0.006284576923076923
2005-02-21,21.5,21.66,21.29,21.56,530073.0,4276950.0,78000000.0,0.006795807692307692
2005-02-22,21.5,22.22,21.4,22.12,1193188.0,9832193.0,78000000.0,0.015297282051282052
2005-02-23,22.14,22.65,21.93,22.38,1423192.0,11958392.0,78000000.0,0.01824605128205128
2005-02-24,22.38,22.57,22.06,22.2,984810.0,8217353.0,78000000.0,0.01262576923076923
2005-02-25,22.2,22.44,22.04,22.09,1101833.0,9204878.0,78000000.0,0.014126064102564102
2005-02-28,22.17,22.25,21.77,21.93,689310.0,5697911.0,78000000.0,0.008837307692307693
2005-03-01,21.85,22.49,21.85,22.33,717633.0,5989764.0,78000000.0,0.009200423076923077
2005-03-02,22.38,22.44,21.42,21.45,951915.0,7814255.0,78000000.0,0.012204038461538462
2005-03-03,21.45,21.82,21.32,21.64,527811.0,4280743.0,78000000.0,0.006766807692307693
2005-03-04,21.82,21.82,21.37,21.4,480491.0,3877470.0,78000000.0,0.006160141025641026
2005-03-07,21.37,21.64,21.34,21.45,387239.0,3120667.0,78000000.0,0.004964602564102564
2005-03-08,21.5,21.9,21.42,21.85,563761.0,4588438.0,78000000.0,0.007227705128205128
2005-03-09,21.96,22.44,21.82,22.33,1106969.0,9239520.0,78000000.0,0.014191910256410256
2005-03-10,22.3,22.3,21.48,21.56,730486.0,5988447.0,78000000.0,0.009365205128205129
2005-03-11,21.37,21.82,21.37,21.69,458781.0,3720095.0,78000000.0,0.005881807692307692
2005-03-14,21.64,21.64,20.76,20.84,1182680.0,9326614.0,78000000.0,0.015162564102564103
2005-03-15,20.79,21.0,20.36,20.49,735240.0,5718972.0,78000000.0,0.009426153846153846
2005-03-16,20.49,20.81,20.44,20.68,323296.0,2510405.0,78000000.0,0.004144820512820513
2005-03-17,20.55,20.63,20.25,20.36,523082.0,4013962.0,78000000.0,0.006706179487179487
2005-03-18,20.31,20.31,19.38,19.61,601644.0,4451502.0,78000000.0,0.007713384615384615
2005-03-21,19.4,19.77,19.4,19.64,276399.0,2036348.0,78000000.0,0.003543576923076923
2005-03-22,19.45,19.61,18.63,18.79,746288.0,5291665.0,78000000.0,0.009567794871794872
2005-03-23,18.79,19.14,18.28,18.58,558574.0,3923294.0,78000000.0,0.007161205128205128
2005-03-24,18.63,19.11,18.39,18.98,390388.0,2752947.0,78000000.0,0.005004974358974359
2005-03-25,18.9,19.16,18.71,18.76,305689.0,2174872.0,78000000.0,0.003919089743589743
2005-03-28,18.63,18.66,18.23,18.47,464506.0,3207079.0,78000000.0,0.005955205128205128
2005-03-29,18.52,18.87,18.52,18.55,235133.0,1650572.0,78000000.0,0.003014525641025641
2005-03-30,18.36,18.42,17.43,17.62,465412.0,3136592.0,78000000.0,0.005966820512820513
2005-03-31,17.59,17.99,17.33,17.88,307002.0,2051940.0,78000000.0,0.003935923076923077
2005-04-01,17.83,18.9,17.72,18.58,579897.0,3975815.0,78000000.0,0.007434576923076923
2005-04-04,18.36,18.36,17.83,17.94,322123.0,2194993.0,78000000.0,0.004129782051282051
2005-04-05,17.96,18.26,17.46,17.57,297261.0,1983306.0,78000000.0,0.0038110384615384616
2005-04-06,17.43,17.62,16.5,17.14,1061647.0,6775848.0,78000000.0,0.013610858974358974
2005-04-07,17.03,18.02,16.98,17.75,942186.0,6274052.0,78000000.0,0.012079307692307693
2005-04-08,17.75,18.36,17.57,18.26,575173.0,3888590.0,78000000.0,0.00737401282051282
2005-04-11,18.12,19.11,18.04,18.6,818300.0,5730272.0,78000000.0,0.010491025641025642
2005-04-12,18.52,18.52,17.78,17.8,532670.0,3615189.0,78000000.0,0.006829102564102564
2005-04-13,18.04,18.84,18.04,18.5,709130.0,4925473.0,78000000.0,0.009091410256410257
2005-04-14,18.5,18.82,18.1,18.2,486846.0,3378569.0,78000000.0,0.0062416153846153845
2005-04-15,18.04,18.04,17.57,17.65,513445.0,3408019.0,78000000.0,0.006582628205128205
2005-04-18,17.7,17.7,17.06,17.22,355298.0,2297423.0,78000000.0,0.004555102564102564
2005-04-19,16.98,17.43,16.98,17.17,283086.0,1826596.0,78000000.0,0.003629307692307692
2005-04-21,16.9,16.9,15.46,15.46,1108366.0,6594095.0,78000000.0,0.014209820512820513
2005-04-22,15.2,15.97,15.2,15.54,727567.0,4269512.0,78000000.0,0.009327782051282051
2005-04-25,14.88,15.54,14.88,15.38,551316.0,3129748.0,78000000.0,0.007068153846153846
2005-04-26,15.7,16.45,15.65,16.1,913588.0,5523808.0,78000000.0,0.011712666666666666
2005-04-27,16.23,16.34,15.38,15.46,530997.0,3146405.0,78000000.0,0.006807653846153846
2005-04-28,15.46,16.29,14.69,16.0,837765.0,4916192.0,78000000.0,0.010740576923076924
2005-04-29,15.97,16.1,15.54,15.68,476129.0,2820079.0,78000000.0,0.006104217948717949
2005-05-09,16.1,16.31,15.52,15.7,488280.0,2921171.0,78000000.0,0.00626
2005-05-10,15.49,15.92,14.66,15.89,540215.0,3101522.0,78000000.0,0.006925833333333333
2005-05-11,15.36,16.47,15.36,16.47,1274119.0,7775311.0,78000000.0,0.016334858974358973
2005-05-12,16.45,16.5,15.89,16.1,612582.0,3711869.0,78000000.0,0.007853615384615384
2005-05-13,16.1,16.53,16.02,16.37,723023.0,4427910.0,78000000.0,0.009269525641025641
2005-05-16,16.18,16.34,15.7,15.78,625470.0,3759040.0,78000000.0,0.008018846153846154
2005-05-17,15.62,16.26,15.52,16.02,416698.0,2504727.0,78000000.0,0.005342282051282051
2005-05-18,16.02,16.23,15.86,16.18,366143.0,2210852.0,78000000.0,0.0046941410256410255
2005-05-19,16.18,16.53,16.07,16.42,1040867.0,6403139.0,78000000.0,0.013344448717948718
2005-05-20,16.42,16.42,15.97,16.05,552860.0,3357665.0,78000000.0,0.007087948717948718
2005-05-23,16.02,16.02,15.25,15.33,537120.0,3120759.0,78000000.0,0.0068861538461538465
2005-05-24,15.3,15.86,15.2,15.7,391908.0,2298284.0,78000000.0,0.005024461538461538
2005-05-25,15.7,15.86,15.46,15.52,343856.0,2021411.0,78000000.0,0.0044084102564102565
2005-05-26,15.33,15.7,15.33,15.44,263486.0,1534749.0,78000000.0,0.003378025641025641
2005-05-27,15.38,15.86,15.33,15.68,516214.0,3038677.0,78000000.0,0.006618128205128205
2005-05-30,15.65,16.0,15.44,15.89,308097.0,1828267.0,78000000.0,0.0039499615384615385
2005-05-31,15.92,16.1,15.62,15.7,292979.0,1736800.0,78000000.0,0.0037561410256410255
2005-06-01,15.52,15.65,15.22,15.49,279760.0,1621580.0,78000000.0,0.003586666666666667
2005-06-02,15.33,15.6,15.22,15.36,209660.0,1212146.0,78000000.0,0.0026879487179487177
2005-06-03,15.3,15.7,15.09,15.44,241600.0,1395425.0,78000000.0,0.0030974358974358972
2005-06-06,15.12,15.54,14.98,15.49,303214.0,1740319.0,78000000.0,0.003887358974358974
2005-06-07,15.49,16.1,15.49,15.7,648329.0,3858683.0,78000000.0,0.008311910256410256
2005-06-08,15.84,17.03,15.84,16.79,1816711.0,11245854.0,78000000.0,0.02329116666666667
2005-06-09,16.77,17.25,16.5,16.9,1579134.0,9992531.0,78000000.0,0.02024530769230769
2005-06-10,16.85,17.01,16.37,16.42,1046381.0,6528463.0,78000000.0,0.013415141025641026
2005-06-13,16.23,16.77,16.05,16.61,722077.0,4428309.0,78000000.0,0.009257397435897437
2005-06-14,16.69,16.71,16.13,16.29,472478.0,2912464.0,78000000.0,0.006057410256410257
2005-06-15,16.42,16.45,15.65,15.68,479170.0,2890333.0,78000000.0,0.0061432051282051285
2005-06-16,15.68,15.94,15.46,15.78,518692.0,3053670.0,78000000.0,0.006649897435897436
2005-06-17,15.78,15.92,15.52,15.6,417849.0,2454711.0,78000000.0,0.005357038461538462
2005-06-20,15.76,16.39,15.36,16.31,800179.0,4835327.0,78000000.0,0.010258705128205129
2005-06-21,16.48,16.48,16.02,16.21,675943.0,4093935.0,78000000.0,0.008665935897435898
2005-06-22,16.15,16.66,15.99,16.61,771066.0,4720107.0,78000000.0,0.00988546153846154
2005-06-23,16.56,16.61,16.1,16.23,646901.0,3961563.0,78000000.0,0.008293602564102564
2005-06-24,16.23,16.29,15.91,16.21,352574.0,2119891.0,78000000.0,0.004520179487179487
2005-06-27,16.45,17.01,16.26,16.85,1596791.0,9993392.0,78000000.0,0.020471679487179487
2005-06-28,16.56,16.9,16.48,16.48,1135873.0,7084914.0,78000000.0,0.01456247435897436
2005-06-29,16.48,16.77,16.48,16.53,494973.0,3071296.0,78000000.0,0.006345807692307692
2005-07-01,16.02,16.02,14.87,14.87,1438930.0,8155434.0,78000000.0,0.018447820512820512
2005-07-04,14.73,14.73,13.47,13.96,1166604.0,5982191.0,78000000.0,0.014956461538461538
2005-07-05,13.85,14.04,13.61,13.74,414169.0,2141906.0,78000000.0,0.005309858974358974
2005-07-06,13.72,13.98,13.56,13.61,292065.0,1500376.0,78000000.0,0.003744423076923077
2005-07-07,13.9,13.9,13.61,13.8,350956.0,1798245.0,78000000.0,0.004499435897435898
2005-07-08,13.64,13.66,12.75,12.78,804282.0,3945306.0,78000000.0,0.010311307692307693
2005-07-11,12.86,13.39,12.86,12.86,578963.0,2853599.0,78000000.0,0.0074226025641025645
2005-07-12,12.91,13.61,12.62,13.42,492799.0,2446410.0,78000000.0,0.0063179358974358975
2005-07-13,13.42,13.56,13.15,13.26,356669.0,1776998.0,78000000.0,0.004572679487179487
2005-07-14,13.39,13.82,13.34,13.42,433502.0,2195637.0,78000000.0,0.005557717948717949
2005-07-15,13.15,13.66,12.86,12.89,314500.0,1535112.0,78000000.0,0.004032051282051282
2005-07-18,12.91,12.91,12.06,12.14,572202.0,2631732.0,78000000.0,0.007335923076923077
2005-07-19,12.14,12.46,12.06,12.3,348848.0,1592350.0,78000000.0,0.004472410256410256
2005-07-20,12.22,12.59,12.14,12.38,324162.0,1495109.0,78000000.0,0.004155923076923077
2005-07-21,12.19,12.46,11.89,12.35,410325.0,1862781.0,78000000.0,0.005260576923076923
2005-07-22,12.35,12.94,12.35,12.75,756345.0,3577359.0,78000000.0,0.00969673076923077
2005-07-25,12.81,12.81,12.4,12.51,434937.0,2042377.0,78000000.0,0.005576115384615384
2005-07-26,12.48,13.39,12.48,13.1,1300073.0,6365061.0,78000000.0,0.016667602564102563
2005-07-27,13.1,13.39,12.83,13.37,968813.0,4763578.0,78000000.0,0.012420679487179486
2005-07-28,13.39,14.12,13.15,13.8,2096615.0,10680204.0,78000000.0,0.026879679487179488
2005-07-29,13.61,13.85,13.34,13.5,1069045.0,5387505.0,78000000.0,0.013705705128205127
2005-08-01,13.56,13.64,13.21,13.45,541851.0,2709878.0,78000000.0,0.006946807692307692
2005-08-03,13.8,14.25,13.72,13.85,1834781.0,9579890.0,78000000.0,0.023522833333333333
2005-08-04,13.8,13.96,13.39,13.88,718205.0,3672409.0,78000000.0,0.00920775641025641
2005-08-05,13.8,14.47,13.8,14.47,1595348.0,8457694.0,78000000.0,0.020453179487179486
2005-08-08,14.68,14.84,14.41,14.47,2037149.0,11130871.0,78000000.0,0.02611729487179487
2005-08-09,14.47,14.89,14.25,14.79,1190558.0,6525761.0,78000000.0,0.015263564102564103
2005-08-10,14.84,15.22,14.44,15.14,1738980.0,9636005.0,78000000.0,0.022294615384615385
2005-08-11,15.14,15.14,14.73,15.0,1657913.0,9233256.0,78000000.0,0.021255294871794873
2005-08-12,15.03,15.06,14.44,14.52,1376601.0,7570554.0,78000000.0,0.01764873076923077
2005-08-15,14.55,15.19,14.55,15.16,1480973.0,8254245.0,78000000.0,0.018986833333333335
2005-08-16,15.32,15.81,15.14,15.35,2342348.0,13540174.0,78000000.0,0.030030102564102563
2005-08-17,15.27,15.59,14.87,15.54,1589763.0,9013574.0,78000000.0,0.020381576923076922
2005-08-18,15.67,15.94,14.73,14.84,1920239.0,11179187.0,78000000.0,0.02461844871794872
2005-08-19,14.76,15.22,14.68,15.16,1532880.0,8577780.0,78000000.0,0.01965230769230769
2005-08-22,15.19,15.4,15.06,15.32,738784.0,4211409.0,78000000.0,0.009471589743589744
2005-08-23,15.38,15.46,14.73,14.97,738257.0,4115838.0,78000000.0,0.009464833333333334
2005-08-24,14.97,15.16,14.81,15.03,702496.0,3927891.0,78000000.0,0.009006358974358974
2005-08-25,15.14,15.32,14.73,15.22,607431.0,3411299.0,78000000.0,0.007787576923076923
2005-08-26,15.22,15.67,15.0,15.64,1344478.0,7756940.0,78000000.0,0.017236897435897437
2005-08-29,15.59,15.94,15.27,15.4,1065248.0,6208297.0,78000000.0,0.01365702564102564
2005-08-30,15.4,15.4,15.0,15.11,477251.0,2709332.0,78000000.0,0.006118602564102564
2005-08-31,15.08,15.48,14.84,15.43,638123.0,3636641.0,78000000.0,0.008181064102564103
2005-09-01,15.48,15.86,15.32,15.81,1462192.0,8556640.0,78000000.0,0.01874605128205128
2005-09-02,15.81,16.37,15.81,16.18,2314220.0,13965167.0,78000000.0,0.02966948717948718
2005-09-05,16.18,16.45,15.99,16.34,1320047.0,7988820.0,78000000.0,0.016923679487179488
2005-09-06,16.37,16.5,15.64,15.73,1589801.0,9610870.0,78000000.0,0.0203820641025641
2005-09-07,15.75,16.42,15.7,16.37,1425457.0,8567690.0,78000000.0,0.018275089743589743
2005-09-08,17.09,18.0,16.61,17.17,4769449.0,31019937.0,78000000.0,0.06114678205128205
2005-09-09,17.17,17.92,17.06,17.47,4288815.0,28132646.0,78000000.0,0.054984807692307694
2005-09-12,17.44,17.44,16.64,16.88,2021020.0,12773063.0,78000000.0,0.02591051282051282
2005-09-13,16.96,17.33,16.77,17.23,1376341.0,8805117.0,78000000.0,0.017645397435897436
2005-09-14,17.28,18.16,17.2,17.95,2770826.0,18318154.0,78000000.0,0.03552341025641026
2005-09-15,17.84,18.0,17.63,17.95,1639630.0,10875884.0,78000000.0,0.021020897435897436
2005-09-16,17.81,17.95,17.52,17.63,1380279.0,9087602.0,78000000.0,0.017695884615384617
2005-09-19,17.55,17.95,17.41,17.79,966473.0,6368248.0,78000000.0,0.012390679487179488
2005-09-20,17.81,17.89,17.25,17.39,1427568.0,9314674.0,78000000.0,0.018302153846153846
2005-09-21,17.41,17.41,16.85,16.93,1330115.0,8473848.0,78000000.0,0.01705275641025641
2005-09-22,16.88,16.9,15.97,16.42,1483413.0,9145585.0,78000000.0,0.019018115384615383
2005-09-23,16.31,16.58,15.81,15.94,864910.0,5249906.0,78000000.0,0.011088589743589743
2005-09-26,15.97,16.26,15.73,16.26,727185.0,4340007.0,78000000.0,0.009322884615384615
2005-09-27,16.26,16.26,15.73,15.75,691753.0,4103115.0,78000000.0,0.008868628205128204
2005-09-28,15.67,15.91,15.32,15.51,614290.0,3588427.0,78000000.0,0.00787551282051282
2005-09-29,15.59,15.94,15.54,15.91,623942.0,3679722.0,78000000.0,0.00799925641025641
2005-09-30,15.94,16.05,15.67,15.89,407965.0,2419376.0,78000000.0,0.005230320512820513
2005-10-20,17.47,17.47,17.47,17.47,759446.0,4951588.0,78000000.0,0.009736487179487179
2005-10-21,17.92,18.14,17.36,17.44,3820740.0,25170012.0,78000000.0,0.048983846153846156
2005-10-24,17.33,17.41,16.96,17.28,1375362.0,8814117.0,78000000.0,0.017632846153846155
2005-10-25,17.28,17.52,17.01,17.04,1351890.0,8742389.0,78000000.0,0.017331923076923078
2005-10-26,16.9,17.25,16.07,16.31,1085549.0,6767593.0,78000000.0,0.013917294871794873
2005-10-27,16.13,16.45,15.48,16.07,1090833.0,6528118.0,78000000.0,0.013985038461538462
2005-10-28,15.99,15.99,15.27,15.51,888992.0,5170966.0,78000000.0,0.011397333333333334
2005-10-31,15.4,16.29,15.3,15.86,1206446.0,7050846.0,78000000.0,0.01546725641025641
2005-11-22,16.43,16.82,16.23,16.43,4353560.0,18430019.0,113880000.0,0.03822936424306287
2005-11-23,16.51,16.66,16.35,16.62,2058978.0,8707289.0,113880000.0,0.018080242360379348
2005-11-24,16.54,16.7,16.43,16.62,1399899.0,5942468.0,113880000.0,0.012292755532139094
2005-11-25,16.62,16.94,16.51,16.74,1485197.0,6368363.0,113880000.0,0.013041772040744644
2005-11-28,16.74,16.94,16.54,16.7,1205303.0,5154607.0,113880000.0,0.010583974358974358
2005-11-29,16.7,16.7,16.35,16.43,1038134.0,4383870.0,113880000.0,0.009116034422198806
2005-11-30,16.43,16.74,16.35,16.74,1306973.0,5515118.0,113880000.0,0.011476756234632946
2005-12-01,16.78,16.82,16.51,16.62,1108627.0,4714118.0,113880000.0,0.009735045662100457
2005-12-02,16.54,16.78,16.43,16.54,1074930.0,4562800.0,113880000.0,0.009439146469968388
2005-12-05,16.39,16.54,15.84,15.88,1486858.0,6133868.0,113880000.0,0.013056357569371268
2005-12-06,15.84,16.15,15.68,15.92,530868.0,2164300.0,113880000.0,0.004661643835616438
2005-12-07,15.84,16.04,15.68,15.92,553722.0,2244638.0,113880000.0,0.004862328767123288
2005-12-08,15.92,15.96,15.68,15.8,483186.0,1951379.0,113880000.0,0.004242939936775553
2005-12-09,15.8,16.58,15.64,16.43,1011860.0,4195401.0,113880000.0,0.008885317878468564
2005-12-12,16.39,16.51,16.27,16.43,1036245.0,4342265.0,113880000.0,0.009099446786090622
2005-12-13,16.31,16.43,15.96,16.31,911431.0,3764671.0,113880000.0,0.008003433438707411
2005-12-14,16.31,16.74,16.15,16.7,1667884.0,7051187.0,113880000.0,0.014645978222690552
2005-12-15,16.78,17.33,16.7,17.09,5418427.0,23701130.0,113880000.0,0.04758014576747453
2005-12-16,17.09,17.33,16.9,17.21,1752096.0,7687115.0,113880000.0,0.0153854583772392
2005-12-19,17.21,17.44,17.09,17.33,1684251.0,7453099.0,113880000.0,0.014789699683877767
2005-12-20,17.29,17.37,17.09,17.25,1299999.0,5724113.0,113880000.0,0.011415516332982087
2005-12-21,17.25,17.29,17.05,17.21,1026449.0,4503391.0,113880000.0,0.00901342641376888
2005-12-22,17.13,17.56,17.09,17.48,1504289.0,6683778.0,113880000.0,0.01320942219880576
2005-12-23,17.48,17.95,17.48,17.68,1657629.0,7504966.0,113880000.0,0.014555927291886196
2005-12-26,17.8,18.07,17.52,18.03,2845818.0,13034249.0,113880000.0,0.024989620653319285
2005-12-27,18.11,18.3,17.87,18.27,2587206.0,11979678.0,113880000.0,0.022718703898840883
2005-12-28,18.27,18.77,18.19,18.77,4494298.0,21368305.0,113880000.0,0.03946520899192132
2005-12-29,18.77,18.89,18.54,18.85,2963186.0,14184415.0,113880000.0,0.026020249385317877
2005-12-30,18.77,18.77,18.11,18.15,1863544.0,8781550.0,113880000.0,0.016364102564102565
2006-01-04,18.07,18.66,18.07,18.58,2249696.0,10613451.0,113880000.0,0.01975497014401124
2006-01-05,18.62,18.81,18.38,18.58,1728102.0,8216062.0,113880000.0,0.015174762908324552
2006-01-06,18.58,19.44,18.58,18.89,3466877.0,16901102.0,113880000.0,0.03044324727783632
2006-01-09,18.89,19.56,18.85,19.13,2668004.0,13085931.0,113880000.0,0.023428205128205128
2006-01-10,19.16,19.32,18.77,19.24,1475504.0,7184443.0,113880000.0,0.01295665612925887
2006-01-11,19.13,20.14,19.13,19.91,4864619.0,24668959.0,113880000.0,0.04271706181945908
2006-01-12,19.83,20.92,19.75,20.85,5047268.0,26453715.0,113880000.0,0.044320934316824726
2006-01-13,20.92,21.9,20.53,20.85,5125797.0,27663963.0,113880000.0,0.04501051106427819
2006-01-16,20.73,21.24,19.75,19.83,3813167.0,20036456.0,113880000.0,0.033484079733052334
2006-01-17,19.87,20.14,19.63,20.03,2833316.0,14404979.0,113880000.0,0.02487983842641377
2006-01-18,20.26,21.12,20.26,21.08,4856820.0,25877178.0,113880000.0,0.042648577449947316
2006-01-19,21.16,21.43,20.85,21.12,3259378.0,17570998.0,113880000.0,0.028621162627327012
2006-01-20,21.12,21.71,20.73,21.59,3982849.0,21682977.0,113880000.0,0.034974086757990866
2006-01-23,21.51,22.06,21.24,21.71,2997390.0,16650703.0,113880000.0,0.026320600632244468
2006-01-24,21.75,22.18,21.63,21.67,2860404.0,15964069.0,113880000.0,0.025117702845100107
2006-01-25,21.67,21.98,20.49,21.0,2985470.0,16131185.0,113880000.0,0.02621592904812083
2006-02-06,21.12,21.71,21.0,21.32,1994558.0,10864069.0,113880000.0,0.01751455918510713
2006-02-07,21.36,21.75,20.34,21.24,3491934.0,18650520.0,113880000.0,0.03066327713382508
2006-02-08,21.51,21.71,20.92,21.24,2138718.0,11602031.0,113880000.0,0.0187804531085353
2006-02-09,21.2,21.39,20.49,20.65,1885022.0,10022055.0,113880000.0,0.016552704601334737
2006-02-10,20.81,20.85,20.34,20.53,1408585.0,7409732.0,113880000.0,0.01236902880224798
2006-02-13,20.57,20.92,20.34,20.89,1346172.0,7107802.0,113880000.0,0.011820969441517388
2006-02-14,21.12,21.79,20.85,21.67,4681363.0,25631089.0,113880000.0,0.04110785914998244
2006-02-15,21.71,21.9,21.2,21.39,2057467.0,11334633.0,113880000.0,0.018066974007727433
2006-02-16,21.43,21.63,19.91,20.06,3075111.0,16140769.0,113880000.0,0.02700308219178082
2006-02-17,19.91,20.65,19.4,20.53,4457315.0,22910385.0,113880000.0,0.039140454864769934
2006-02-20,20.65,21.08,20.46,20.65,2615864.0,13882637.0,113880000.0,0.022970354759395854
2006-02-21,20.73,21.51,20.26,21.43,4093683.0,21931286.0,113880000.0,0.03594733930453108
2006-02-22,21.51,21.67,21.12,21.47,3603721.0,19729851.0,113880000.0,0.03164489813839129
2006-02-23,21.43,21.47,20.73,21.16,1725656.0,9270291.0,113880000.0,0.015153284158763611
2006-02-24,21.28,21.79,21.04,21.59,4236810.0,23358126.0,113880000.0,0.03720416227608008
2006-02-27,21.82,22.22,20.81,20.89,2879575.0,15782956.0,113880000.0,0.025286046715841237
2006-02-28,20.81,20.96,20.22,20.85,1721365.0,9034211.0,113880000.0,0.015115604144713734
2006-03-01,20.96,21.24,20.73,20.92,2562162.0,13736433.0,113880000.0,0.022498788198103265
2006-03-02,20.77,20.92,19.6,19.71,5237698.0,26927483.0,113880000.0,0.04599313312258518
2006-03-03,19.56,19.56,18.77,19.16,3071671.0,15008256.0,113880000.0,0.026972874956094135
2006-03-06,19.09,19.2,18.77,19.01,1226204.0,5949383.0,113880000.0,0.010767509659290481
2006-03-07,19.01,19.13,18.15,18.23,1917515.0,9049843.0,113880000.0,0.016838031260976466
2006-03-08,18.07,18.7,18.03,18.5,1070833.0,5042529.0,113880000.0,0.009403170003512469
2006-03-09,18.38,18.85,18.34,18.62,1178836.0,5609226.0,113880000.0,0.010351563048823323
2006-03-10,18.73,19.36,18.73,19.32,2322509.0,11307985.0,113880000.0,0.020394353705655077
2006-03-13,19.44,19.48,18.89,19.2,2133676.0,10472376.0,113880000.0,0.018736178433438708
2006-03-14,19.28,19.63,19.16,19.56,3000275.0,14904564.0,113880000.0,0.026345934316824728
2006-03-15,19.48,19.52,19.2,19.44,1354566.0,6702418.0,113880000.0,0.011894678609062171
2006-03-16,19.44,19.52,18.89,18.97,1069940.0,5229391.0,113880000.0,0.00939532841587636
2006-03-17,18.89,19.13,18.46,18.77,1155635.0,5531648.0,113880000.0,0.01014783105022831
2006-03-20,18.73,19.01,18.5,18.93,905436.0,4355329.0,113880000.0,0.007950790305584826
2006-03-21,19.05,19.44,18.81,18.93,1433818.0,7010767.0,113880000.0,0.012590604144713734
2006-03-22,18.89,19.16,18.77,19.09,1509124.0,7288308.0,113880000.0,0.013251879171057253
2006-03-23,19.01,19.56,18.81,19.44,2673377.0,13206264.0,113880000.0,0.023475386371619247
2006-03-24,19.36,19.56,18.93,19.13,1507735.0,7399341.0,113880000.0,0.013239682121531437
2006-03-27,19.09,19.4,18.58,19.32,2575803.0,12412966.0,113880000.0,0.022618572181243413
2006-03-28,19.4,19.87,19.2,19.71,3973868.0,19925949.0,113880000.0,0.03489522304179839
2006-03-29,19.71,20.06,19.32,19.67,3011031.0,15141563.0,113880000.0,0.026440384615384616
2006-03-30,19.56,19.79,19.32,19.52,2071825.0,10330817.0,113880000.0,0.018193054092026695
2006-03-31,19.56,19.67,19.16,19.67,2131050.0,10585141.0,113880000.0,0.018713119072708114
2006-04-03,19.75,20.26,19.75,20.22,5661225.0,29007255.0,113880000.0,0.049712197049525814
2006-04-04,20.3,20.81,20.18,20.69,7434250.0,39003951.0,113880000.0,0.06528143659992976
2006-04-05,20.69,21.2,20.46,20.49,4390105.0,23321465.0,113880000.0,0.03855027221636811
2006-04-06,20.34,20.69,19.87,20.14,3129211.0,16210657.0,113880000.0,0.027478143659992973
2006-04-07,19.95,20.53,19.95,20.34,2516752.0,13059417.0,113880000.0,0.02210003512469266
2006-04-11,20.53,21.04,20.18,20.46,2999226.0,15733098.0,113880000.0,0.02633672286617492
2006-04-12,20.34,20.49,19.95,20.1,2452780.0,12669117.0,113880000.0,0.021538285914998245
2006-04-13,20.22,20.3,18.85,18.97,3569763.0,17781135.0,113880000.0,0.03134670706006323
2006-04-14,18.97,19.48,18.73,19.4,1957307.0,9518674.0,113880000.0,0.017187451703547595
2006-04-17,19.16,19.44,19.05,19.36,2073328.0,10217370.0,113880000.0,0.01820625219529329
2006-04-18,19.48,19.52,18.97,19.48,2328357.0,11510438.0,113880000.0,0.020445706006322444
2006-04-19,19.56,20.06,19.09,19.56,4179399.0,20968495.0,113880000.0,0.036700026343519494
2006-04-20,19.63,19.99,19.2,19.36,3028817.0,15163308.0,113880000.0,0.026596566561292587
2006-04-21,19.16,19.79,19.09,19.44,3111691.0,15507630.0,113880000.0,0.02732429750614682
2006-04-24,19.4,19.4,18.34,18.34,4092169.0,19416368.0,113880000.0,0.03593404460835967
2006-04-25,18.3,18.3,17.52,17.83,2627147.0,11946700.0,113880000.0,0.02306943273621356
2006-04-26,17.95,18.62,17.83,18.5,2570183.0,11966075.0,113880000.0,0.022569221988057605
2006-04-27,18.5,18.66,18.03,18.46,1612795.0,7560683.0,113880000.0,0.014162232174218475
2006-04-28,17.72,18.54,17.52,18.23,1913838.0,8885033.0,113880000.0,0.016805742887249737
2006-05-08,18.03,19.95,18.03,19.48,4560507.0,22356129.0,113880000.0,0.04004660168598525
2006-05-09,19.56,20.3,19.16,20.22,5662783.0,28930678.0,113880000.0,0.04972587811731647
2006-05-10,20.3,20.61,19.79,20.3,4428483.0,22944805.0,113880000.0,0.0388872760800843
2006-05-11,20.26,20.53,19.87,20.1,6081584.0,31430684.0,113880000.0,0.053403442219880574
2006-05-12,19.95,22.1,19.95,22.1,7491085.0,40850462.0,113880000.0,0.06578051457674745
2006-05-15,23.51,24.33,22.8,24.33,15258185.0,93072287.0,113880000.0,0.1339847646645592
2006-05-16,24.91,26.6,23.78,24.44,14553930.0,94251876.0,113880000.0,0.12780057955742888
2006-05-17,26.01,26.91,24.48,26.91,17649943.0,119124496.0,113880000.0,0.15498720583069897
2006-05-18,26.99,27.96,25.81,27.26,15112007.0,105047800.0,113880000.0,0.13270115033368457
2006-05-19,27.18,30.0,25.81,29.45,16215518.0,117360139.0,113880000.0,0.14239127151387426
2006-05-22,29.49,31.29,28.75,30.43,9825803.0,75144497.0,113880000.0,0.08628207762557077
2006-05-24,30.12,30.12,27.38,27.38,9235372.0,65401727.0,113880000.0,0.08109740077274324
2006-05-25,26.28,27.18,24.64,25.81,14771248.0,96194422.0,113880000.0,0.12970888654724272
2006-05-26,26.2,26.67,25.46,26.24,9100970.0,60593726.0,113880000.0,0.07991719353705655
2006-05-29,26.99,28.47,26.91,27.3,12523419.0,88378101.0,113880000.0,0.10997031085353003
2006-05-30,26.99,28.43,26.4,27.77,7799277.0,54993086.0,113880000.0,0.06848680189673341
2006-05-31,27.38,27.57,25.97,26.17,6166539.0,42289913.0,113880000.0,0.05414944678609062
2006-06-01,26.01,27.5,25.74,26.95,5020941.0,34479968.0,113880000.0,0.04408975237091675
2006-06-02,26.87,28.32,26.01,27.42,7548871.0,52816717.0,113880000.0,0.06628794344924482
2006-06-05,27.3,27.81,26.79,27.69,5957791.0,41636817.0,113880000.0,0.05231639445029856
2006-06-06,27.77,29.14,27.5,28.0,6601264.0,47501723.0,113880000.0,0.05796684229012996
2006-06-07,27.77,28.04,25.19,25.19,6689657.0,44394801.0,113880000.0,0.05874303652968037
2006-06-08,24.64,24.84,22.68,24.21,5936549.0,35987521.0,113880000.0,0.05212986476993326
2006-06-09,23.86,24.09,22.68,22.8,3355831.0,20194742.0,113880000.0,0.02946813312258518
2006-06-12,22.68,23.66,22.29,23.31,2215079.0,13187395.0,113880000.0,0.019450992272567615
2006-06-14,23.86,24.13,22.49,23.15,2356669.0,14036199.0,113880000.0,0.020694318580962417
2006-06-15,23.43,23.62,23.0,23.08,1632164.0,9698749.0,113880000.0,0.014332314717246225
2006-06-16,23.12,24.95,23.12,24.64,3598744.0,22182758.0,113880000.0,0.031601194239550406
2006-06-19,24.52,25.15,24.17,24.8,3553335.0,22409899.0,113880000.0,0.03120244994731296
2006-06-20,24.76,24.8,24.13,24.48,2347781.0,14641506.0,113880000.0,0.020616271513874254
2006-06-21,24.33,24.52,23.82,23.86,2073036.0,12796657.0,113880000.0,0.018203688092729188
2006-06-22,23.86,24.6,23.86,24.29,1560274.0,9682941.0,113880000.0,0.013701036178433438
2006-06-23,24.29,24.91,23.82,24.8,2715030.0,17065266.0,113880000.0,0.02384114857744995
2006-06-26,24.84,25.58,24.6,25.23,3045761.0,19604731.0,113880000.0,0.026745354759395854
2006-06-27,25.27,25.38,24.68,25.03,1713764.0,10926003.0,113880000.0,0.015048858447488584
2006-06-28,24.84,25.15,24.41,24.72,1674175.0,10584105.0,113880000.0,0.014701220583069899
2006-06-29,24.84,25.58,24.8,25.23,3068627.0,19807717.0,113880000.0,0.026946145064980682
2006-06-30,25.5,25.81,25.11,25.58,4003983.0,26016949.0,113880000.0,0.035159668071654375
2006-07-03,25.5,26.67,25.27,26.24,4052098.0,27057845.0,113880000.0,0.035582174218475586
2006-07-04,26.24,26.36,25.11,25.58,3290723.0,21657375.0,113880000.0,0.028896408500175625
2006-07-05,25.42,26.13,25.07,26.05,3548353.0,23315921.0,113880000.0,0.031158702142606253
2006-07-06,26.2,27.22,26.17,26.71,5715520.0,38978398.0,113880000.0,0.050188970846505095
2006-07-07,26.67,26.91,25.97,26.05,3130893.0,21100813.0,113880000.0,0.02749291359325606
2006-07-10,26.2,26.75,25.97,26.48,2094999.0,14107964.0,113880000.0,0.018396548998946258
2006-07-11,26.44,26.56,25.74,26.17,2276797.0,15153178.0,113880000.0,0.019992948717948718
2006-07-12,26.2,26.48,25.7,25.74,2562572.0,17030691.0,113880000.0,0.02250238847910081
2006-07-13,25.5,25.74,23.15,23.15,5192706.0,31888107.0,113880000.0,0.04559805057955743
2006-07-14,22.88,23.58,22.61,23.08,2112291.0,12485910.0,113880000.0,0.018548393045310852
2006-07-17,23.27,23.66,22.8,23.55,1667327.0,9988342.0,113880000.0,0.014641087109237795
2006-07-18,23.55,23.55,23.04,23.39,1427827.0,8497153.0,113880000.0,0.012537996136283808
2006-07-19,23.27,23.31,22.37,22.49,1850230.0,10771638.0,113880000.0,0.016247190024587285
2006-07-20,22.1,22.61,21.82,22.45,3172175.0,17980244.0,113880000.0,0.02785541798384264
2006-07-21,22.76,23.31,22.45,23.12,2621168.0,15360903.0,113880000.0,0.023016930101861607
2006-07-24,22.76,23.66,22.29,23.62,2947275.0,17484913.0,113880000.0,0.025880532139093783
2006-07-25,23.82,24.52,23.82,23.9,4688078.0,28950751.0,113880000.0,0.04116682472778363
2006-07-26,24.05,24.17,23.66,23.94,1651377.0,10106703.0,113880000.0,0.014501027397260275
2006-07-27,23.9,23.98,22.76,23.08,1937752.0,11602010.0,113880000.0,0.017015735862311206
2006-07-28,23.08,23.35,22.37,22.72,1328298.0,7744268.0,113880000.0,0.011664014752370916
2006-07-31,22.49,22.92,21.24,21.43,1569982.0,8788574.0,113880000.0,0.013786283807516684
2006-08-01,21.55,21.71,21.04,21.08,1194483.0,6522383.0,113880000.0,0.010488962065331928
2006-08-02,21.08,21.32,20.69,21.0,1349199.0,7210693.0,113880000.0,0.011847550052687039
2006-08-03,21.24,21.39,20.89,21.28,847132.0,4571412.0,113880000.0,0.007438812785388128
2006-08-04,21.36,21.39,20.1,20.18,1095407.0,5792724.0,113880000.0,0.009618958552862662
2006-08-07,19.95,20.26,19.67,19.71,952407.0,4862842.0,113880000.0,0.008363250790305584
2006-08-08,19.79,20.3,19.79,20.3,914612.0,4695150.0,113880000.0,0.008031366350544432
2006-08-09,20.34,20.46,20.06,20.18,847232.0,4383956.0,113880000.0,0.007439690902704602
2006-08-10,20.14,20.81,20.14,20.65,999815.0,5242245.0,113880000.0,0.008779548647699333
2006-08-11,20.65,21.12,20.38,20.85,1158448.0,6124976.0,113880000.0,0.010172532490340709
2006-08-14,20.65,20.85,19.75,20.3,1253713.0,6550880.0,113880000.0,0.01100907095187917
2006-08-15,20.3,20.73,19.95,20.69,1713095.0,8896868.0,113880000.0,0.015042983842641376
2006-08-16,20.69,20.96,20.42,20.92,1375355.0,7305916.0,113880000.0,0.012077230417983843
2006-08-17,20.89,20.89,20.38,20.61,893236.0,4702076.0,113880000.0,0.007843659992975061
2006-08-18,20.57,21.0,20.38,20.42,819075.0,4339519.0,113880000.0,0.007192439409905164
2006-08-21,19.67,20.77,19.36,20.69,1386431.0,7144940.0,113880000.0,0.012174490691956445
2006-08-22,20.49,21.2,20.49,20.81,1476931.0,7889658.0,113880000.0,0.012969186863364946
2006-08-23,20.73,21.2,20.65,20.96,1604421.0,8607170.0,113880000.0,0.014088698630136986
2006-08-24,20.77,21.51,20.73,21.51,1722390.0,9318821.0,113880000.0,0.015124604847207587
2006-08-25,21.63,22.06,21.36,21.39,3031155.0,16839835.0,113880000.0,0.02661709694415174
2006-08-28,21.43,22.18,21.43,21.82,2335755.0,13042327.0,113880000.0,0.02051066912539515
2006-08-29,21.9,22.76,21.71,22.06,3000470.0,17034210.0,113880000.0,0.02634764664559185
2006-08-30,21.9,21.9,21.12,21.67,2416202.0,13317422.0,113880000.0,0.021217088162978574
2006-08-31,21.82,21.9,21.59,21.79,1668217.0,9282388.0,113880000.0,0.014648902353354408
2006-09-01,21.9,21.9,21.32,21.71,1851136.0,10249537.0,113880000.0,0.016255145767474534
2006-09-04,21.63,22.53,21.51,22.41,4136369.0,23527849.0,113880000.0,0.036322172462240954
2006-09-05,22.45,22.68,22.02,22.57,4313644.0,24715471.0,113880000.0,0.037878854935019315
2006-09-06,22.49,22.72,22.18,22.45,1434260.0,8227884.0,113880000.0,0.012594485423252547
2006-09-07,22.61,22.76,21.71,21.79,1443825.0,8171657.0,113880000.0,0.012678477344573235
2006-09-08,21.75,22.22,21.51,21.59,955309.0,5325775.0,113880000.0,0.008388733754829646
2006-09-11,21.51,21.75,21.0,21.32,1052171.0,5737833.0,113880000.0,0.009239295749912188
2006-09-12,21.43,21.86,21.28,21.67,1081915.0,5968767.0,113880000.0,0.00950048296452406
2006-09-13,21.67,21.79,21.32,21.36,1166618.0,6413251.0,113880000.0,0.010244274675096593
2006-09-14,21.47,21.71,21.24,21.59,1048768.0,5755023.0,113880000.0,0.009209413417632597
2006-09-18,21.82,22.1,21.59,21.98,1633609.0,9118594.0,113880000.0,0.014345003512469265
2006-09-19,22.06,22.1,21.75,21.9,1052337.0,5894842.0,113880000.0,0.009240753424657534
2006-09-20,21.9,21.9,21.59,21.79,1101976.0,6123134.0,113880000.0,0.009676642079381806
2006-09-21,21.79,22.06,21.59,21.94,1362749.0,7607173.0,113880000.0,0.011966534949069196
2006-09-22,21.94,22.41,21.63,22.18,2635995.0,14927194.0,113880000.0,0.023147128556375133
2006-09-25,22.29,24.33,22.29,23.78,10011868.0,60070332.0,113880000.0,0.08791594661046716
2006-09-26,23.82,24.17,23.15,23.86,4825307.0,29165864.0,113880000.0,0.04237185634000702
2006-09-27,23.86,25.7,23.47,24.99,8184179.0,51679446.0,113880000.0,0.07186669301018617
2006-09-28,24.88,25.19,24.41,24.64,4892004.0,30983094.0,113880000.0,0.04295753424657534
2006-09-29,24.64,25.23,24.41,24.72,3789815.0,24016902.0,113880000.0,0.03327902177730945
2006-10-09,24.88,26.05,24.48,25.81,5595319.0,36365029.0,113880000.0,0.0491334650509308
2006-10-10,25.66,28.16,25.42,27.1,8038033.0,55149205.0,113880000.0,0.07058335967685282
2006-10-11,26.99,28.94,26.95,27.1,10292562.0,73613130.0,113880000.0,0.09038076923076924
2006-10-12,26.99,27.07,25.34,25.42,6571193.0,43636523.0,113880000.0,0.05770278363189322
2006-10-13,25.15,26.4,25.11,26.09,3682266.0,24346193.0,113880000.0,0.032334615384615385
2006-10-16,25.85,26.95,25.38,25.46,3222575.0,21390811.0,113880000.0,0.028297989111345276
2006-10-17,25.23,25.66,24.76,25.19,2540349.0,16289759.0,113880000.0,0.022307244467860907
2006-10-18,25.03,25.89,24.84,25.85,2721425.0,17673082.0,113880000.0,0.023897304179838427
2006-10-19,25.74,26.24,25.46,25.81,2173341.0,14357290.0,113880000.0,0.019084483667017912
2006-10-20,25.93,26.44,25.54,25.93,3097867.0,20626818.0,113880000.0,0.027202906568317527
2006-10-23,26.09,26.09,24.44,24.95,2437629.0,15607456.0,113880000.0,0.021405242360379346
2006-10-24,24.64,25.23,24.64,25.19,2407613.0,15396051.0,113880000.0,0.021141666666666666
2006-10-25,25.19,25.34,23.86,24.6,2672587.0,16856365.0,113880000.0,0.02346844924481911
2006-10-26,24.56,24.6,24.05,24.05,1583802.0,9834463.0,113880000.0,0.01390763962065332
2006-10-27,24.25,24.84,24.05,24.09,1629520.0,10122030.0,113880000.0,0.014309097295398665
2006-10-30,23.86,24.25,23.0,23.39,1886143.0,11280831.0,113880000.0,0.016562548296452408
2006-10-31,23.39,23.74,23.27,23.74,2274158.0,13658340.0,113880000.0,0.019969775201966983
2006-11-01,23.74,23.78,23.23,23.43,1422081.0,8539537.0,113880000.0,0.012487539515279242
2006-11-02,23.43,24.17,23.04,23.9,1769548.0,10693835.0,113880000.0,0.015538707411310151
2006-11-03,23.94,24.09,23.66,23.9,1511440.0,9234604.0,113880000.0,0.01327221636810678
2006-11-06,23.78,23.86,23.0,23.04,2449300.0,14601823.0,113880000.0,0.021507727432384965
2006-11-07,23.04,23.15,22.14,22.33,1966011.0,11280326.0,113880000.0,0.017263883034773445
2006-11-08,22.22,22.84,22.02,22.41,1414604.0,8119196.0,113880000.0,0.012421882683526519
2006-11-09,22.41,22.8,22.25,22.65,1296506.0,7482331.0,113880000.0,0.011384843695117667
2006-11-10,22.65,22.65,21.47,21.82,1536332.0,8681654.0,113880000.0,0.013490797330523358
2006-11-13,21.82,22.1,20.34,20.61,2032560.0,10956528.0,113880000.0,0.01784826132771338
2006-11-14,20.57,21.36,20.57,21.24,1533111.0,8206965.0,113880000.0,0.013462513171759748
2006-11-15,21.32,21.67,21.12,21.39,1555045.0,8518972.0,113880000.0,0.01365511942395504
2006-11-16,21.51,21.79,20.73,20.85,1754172.0,9552290.0,113880000.0,0.01540368809272919
2006-11-17,20.85,21.32,20.38,21.12,1222990.0,6567735.0,113880000.0,0.010739286968739024
2006-11-20,21.12,21.82,20.92,21.71,1664827.0,9110165.0,113880000.0,0.014619134176325958
2006-11-21,21.67,21.67,20.73,21.28,1955806.0,10612547.0,113880000.0,0.017174271162627326
2006-11-22,21.51,22.22,21.28,21.94,2442638.0,13679716.0,171042078.0,0.014280918640382749
2006-11-23,21.9,22.22,21.55,22.06,1757886.0,9829692.0,171042078.0,0.010277506099990202
2006-11-24,22.14,22.22,21.71,22.02,1544642.0,8663138.0,171042078.0,0.009030771948409093
2006-11-27,21.86,22.33,21.71,21.94,3073659.0,17297364.0,171042078.0,0.017970192106763344
2006-11-28,21.98,22.41,21.86,22.22,4378063.0,24788385.0,171042078.0,0.02559640908946394
2006-11-29,21.98,22.61,21.55,22.45,3746327.0,21163889.0,171042078.0,0.021902955365170434
2006-11-30,22.49,22.8,22.29,22.41,4105789.0,23637979.0,171042078.0,0.02400455518319884
2006-12-01,22.49,23.62,22.33,23.27,10655168.0,62213472.0,171042078.0,0.06229559488864489
2006-12-06,24.37,25.62,23.78,25.62,25490628.0,160971091.0,171042078.0,0.1490313278350138
2006-12-07,25.62,26.52,24.64,24.91,16381152.0,106995779.0,171042078.0,0.09577264373506968
2006-12-08,24.25,24.64,22.76,22.8,7997847.0,48519959.0,171042078.0,0.046759528962224135
2006-12-11,22.49,23.47,22.49,23.35,4510530.0,26566986.0,171042078.0,0.026370879334148407
2006-12-12,23.27,23.74,22.68,23.39,4104688.0,24344695.0,171042078.0,0.023998118170664415
2006-12-13,23.43,23.94,22.92,23.62,5474505.0,32777540.0,171042078.0,0.032006773210507884
2006-12-14,23.78,24.29,23.47,24.01,10629376.0,64917212.0,171042078.0,0.062144801585022835
2006-12-15,24.09,24.09,23.66,23.9,5180762.0,31529334.0,171042078.0,0.03028940048307879
2006-12-18,23.94,23.98,23.27,23.51,6149291.0,36963837.0,171042078.0,0.03595191938676049
2006-12-19,23.47,24.56,23.27,24.37,8196575.0,50372116.0,171042078.0,0.047921395108401335
2006-12-20,24.44,24.44,23.78,24.13,4919679.0,30277749.0,171042078.0,0.02876297492129393
2006-12-21,24.13,24.25,23.35,23.51,5655436.0,34519048.0,171042078.0,0.0330645889369983
2006-12-22,23.35,23.7,22.92,23.0,3769790.0,22355341.0,171042078.0,0.02204013213637407
2006-12-25,23.0,23.35,22.76,22.92,3122339.0,18444606.0,171042078.0,0.018254800435715007
2006-12-26,23.15,23.98,22.68,23.78,6009383.0,35909430.0,171042078.0,0.035133945227208946
2006-12-27,23.78,23.9,23.15,23.43,3083283.0,18494448.0,171042078.0,0.018026458962922563
2006-12-28,23.31,23.55,22.06,22.22,4499172.0,25996692.0,171042078.0,0.026304474621736063
2006-12-29,22.1,22.57,22.02,22.29,3766561.0,21454374.0,171042078.0,0.022021253740848495
2007-01-04,22.29,22.8,22.22,22.37,3489253.0,20046089.0,171042078.0,0.020399968480270685
2007-01-05,22.49,22.76,21.98,22.72,3637374.0,20770022.0,171042078.0,0.02126596006393234
2007-01-08,22.72,24.21,22.53,24.05,6813762.0,41004934.0,171042078.0,0.03983675876529049
2007-01-22,26.48,26.48,26.48,26.48,410430.0,2778611.0,171042078.0,0.002399584972301377
2007-01-23,29.14,29.14,29.14,29.14,319789.0,2382428.0,171042078.0,0.0018696510457502744
2007-01-24,32.07,32.07,32.07,32.07,2273397.0,18641855.0,171042078.0,0.013291448669139765
2007-01-25,35.28,35.28,34.57,35.28,32068295.0,289005535.0,171042078.0,0.1874877537444324
2007-01-26,35.55,36.53,34.07,35.32,31576779.0,285213469.0,171042078.0,0.18461409829223427
2007-01-29,35.32,37.66,35.08,36.57,20832257.0,192816620.0,171042078.0,0.12179609394128152
2007-01-30,36.3,36.37,35.2,35.59,12037914.0,109725696.0,171042078.0,0.07037983951527997
2007-01-31,35.28,36.69,32.03,32.11,13222868.0,116993248.0,171042078.0,0.07730769033336932
2007-02-01,31.76,34.77,31.76,33.68,14690159.0,125950559.0,171042078.0,0.08588622853377635
2007-02-02,34.03,34.26,32.11,32.27,7375040.0,62019779.0,171042078.0,0.04311827876646821
2007-02-05,32.15,34.3,32.15,33.25,8511611.0,73117099.0,171042078.0,0.04976325767043125
2007-02-07,34.81,35.4,33.56,35.16,9706505.0,85335184.0,171042078.0,0.05674922284328188
2007-02-08,34.77,35.75,34.03,34.81,6319422.0,56333456.0,171042078.0,0.036946592755965
2007-02-09,34.77,35.12,33.91,34.22,4953961.0,43460299.0,171042078.0,0.028963405133560174
2007-02-12,34.03,35.51,33.83,35.2,5743046.0,51194152.0,171042078.0,0.033576802077907406
2007-02-13,35.16,35.67,34.61,35.2,5080228.0,45518252.0,171042078.0,0.029701626987950883
2007-02-14,35.16,36.57,34.61,36.14,7929855.0,72250222.0,171042078.0,0.04636201274402197
2007-02-15,35.94,39.74,35.83,39.74,11304478.0,112867749.0,171042078.0,0.06609179525987752
2007-02-16,40.95,41.54,38.96,39.35,11514392.0,119601418.0,171042078.0,0.06731906051796213
2007-02-26,39.89,41.03,38.64,40.44,7916057.0,80345957.0,171042078.0,0.04628134253607466
2007-02-27,40.25,41.26,36.41,36.41,12534664.0,123013023.0,171042078.0,0.07328409562470353
2007-02-28,35.51,37.51,34.73,36.77,9628319.0,88994466.0,171042078.0,0.056292107255619284
2007-03-01,36.77,37.27,35.12,35.55,8331651.0,76408471.0,171042078.0,0.048711118909582005
2007-03-02,35.75,36.88,35.55,36.22,4555652.0,42173816.0,171042078.0,0.026634685764283104
2007-03-06,37.16,38.53,36.41,37.59,11160852.0,107704734.0,171042078.0,0.06525208375917883
2007-03-07,38.13,38.37,37.39,38.02,5070889.0,49051807.0,171042078.0,0.029647026388442264
2007-03-08,38.13,39.62,37.7,39.03,6290292.0,62604133.0,171042078.0,0.03677628378672995
2007-03-09,39.11,39.42,37.94,38.84,5904953.0,58465895.0,171042078.0,0.0345233937113416
2007-03-12,40.36,41.18,39.5,41.03,10025491.0,104019607.0,171042078.0,0.058614179137837646
2007-03-13,40.29,42.44,40.01,41.77,8221355.0,86685177.0,171042078.0,0.04806627173928511
2007-03-14,40.91,42.94,39.11,41.46,10127746.0,106313616.0,171042078.0,0.059212014484529354
2007-03-15,41.07,42.05,40.68,41.26,6424148.0,68098681.0,171042078.0,0.037558874840143135
2007-03-16,41.58,42.75,39.15,39.58,8244101.0,85729766.0,171042078.0,0.04819925655954671
2007-03-19,37.55,40.09,37.47,39.58,6089453.0,60916115.0,171042078.0,0.03560207564830918
2007-03-20,39.7,40.44,39.31,40.01,3794298.0,38611345.0,171042078.0,0.02218341851529657
2007-03-21,40.01,40.6,39.78,40.4,4312253.0,44304003.0,171042078.0,0.025211649966039352
2007-03-22,40.36,42.16,40.21,40.68,6182743.0,65207417.0,171042078.0,0.036147496991939025
2007-03-23,40.36,41.07,39.03,40.13,6017959.0,61403337.0,171042078.0,0.03518408493610561
2007-03-26,40.13,41.81,40.13,41.81,7575416.0,79700439.0,171042078.0,0.044289779968646074
2007-03-27,41.97,44.0,41.54,43.3,10355882.0,113561802.0,171042078.0,0.060545814930990254
2007-03-28,43.22,43.22,39.82,41.65,9424793.0,100429327.0,171042078.0,0.05510218953256637
2007-03-29,41.46,42.16,40.01,40.01,6454573.0,67239342.0,171042078.0,0.037736755045737924
2007-03-30,39.74,41.03,39.42,40.44,3994712.0,41211706.0,171042078.0,0.023355141885027846
2007-04-02,40.44,41.34,40.29,41.26,3912183.0,40801018.0,171042078.0,0.022872634884615935
2007-04-03,41.46,41.89,40.68,41.54,5738162.0,60617444.0,171042078.0,0.03354824770077922
2007-04-04,41.54,42.2,40.79,42.05,6768281.0,72104122.0,171042078.0,0.039570853436427494
2007-04-05,41.93,44.12,41.65,42.94,10110096.0,111488137.0,171042078.0,0.05910882350248341
2007-04-06,42.44,43.34,42.05,42.98,8234086.0,90004389.0,171042078.0,0.04814070371619316
2007-04-09,43.14,45.37,43.14,44.0,8795968.0,99909565.0,171042078.0,0.05142575501216724
2007-04-10,44.16,44.94,42.24,44.55,9324329.0,104758690.0,171042078.0,0.05451482529345791
2007-04-11,44.51,49.01,44.31,49.01,23245780.0,283909165.0,171042078.0,0.13590679131014766
2007-04-12,50.06,50.06,48.11,48.46,14894098.0,185725652.0,171042078.0,0.087078560867344
2007-04-13,48.15,51.59,47.68,49.67,15901191.0,200839695.0,171042078.0,0.0929665447586529
2007-04-16,49.44,51.98,49.24,50.61,9528505.0,123749647.0,171042078.0,0.055708543250977106
2007-04-17,50.61,50.85,48.11,50.26,10335272.0,131364627.0,171042078.0,0.06042531826583632
2007-04-18,50.18,51.82,48.81,51.35,11129439.0,143782594.0,171042078.0,0.0650684271971953
2007-04-19,51.16,51.16,46.27,47.09,11260137.0,140403273.0,171042078.0,0.06583255495761692
2007-04-20,47.52,49.36,47.52,48.85,6774535.0,84429690.0,171042078.0,0.03960741753850769
2007-04-23,49.2,51.63,48.89,51.24,10295793.0,133218271.0,171042078.0,0.06019450371738351
2007-04-24,51.63,54.72,50.45,52.57,12647561.0,170789292.0,171042078.0,0.07394414957938011
2007-04-25,52.57,53.19,50.45,51.31,7807489.0,102787037.0,171042078.0,0.045646598142943515
2007-04-26,51.63,53.86,51.63,52.88,9057636.0,122444372.0,171042078.0,0.05295560078497175
2007-04-27,53.11,54.64,52.33,54.29,12076444.0,166398055.0,171042078.0,0.07060510572141201
2007-04-30,54.29,58.2,54.29,57.89,14854129.0,216550967.0,171042078.0,0.08684488152675507
2007-05-08,59.29,60.62,57.89,58.08,13576700.0,204361531.0,171042078.0,0.07937637427440515
2007-05-09,58.47,62.03,56.32,60.82,14705306.0,223849890.0,171042078.0,0.08597478568986984
2007-05-10,60.55,60.58,58.47,59.57,8248932.0,124914758.0,171042078.0,0.04822750107140303
2007-05-11,58.67,58.67,55.93,56.71,9425476.0,137811221.0,171042078.0,0.05510618270201324
2007-05-14,54.76,57.85,54.76,56.32,6688289.0,96697908.0,171042078.0,0.039103179043463214
2007-05-15,56.79,57.46,53.39,53.58,8281916.0,117652525.0,171042078.0,0.048420342507765834
2007-05-16,53.58,55.34,51.55,55.07,7740492.0,105762153.0,171042078.0,0.04525489920673204
2007-05-17,55.07,56.63,54.6,55.89,6622195.0,94510494.0,171042078.0,0.03871675950990259
2007-05-18,55.93,56.13,54.13,54.76,7120218.0,100259783.0,171042078.0,0.04162845823236549
2007-05-21,52.72,56.13,51.55,55.81,8655182.0,120614087.0,171042078.0,0.050602647612828934
2007-05-22,56.24,58.12,56.01,56.59,8901144.0,129949166.0,171042078.0,0.05204066802789896
2007-05-23,57.1,60.11,56.4,59.84,12028010.0,180201631.0,171042078.0,0.07032193563504298
2007-05-24,60.43,61.72,57.14,58.82,13742901.0,208751356.0,171042078.0,0.08034807084137507
2007-05-25,58.63,60.08,57.92,59.22,9411081.0,142833037.0,171042078.0,0.05502202212487152
2007-05-28,59.84,61.37,59.41,60.19,11748665.0,181088860.0,171042078.0,0.0686887410242993
2007-05-29,60.0,60.98,58.39,59.61,9523297.0,145045300.0,171042078.0,0.05567809460313035
2007-05-30,54.72,57.89,53.66,53.66,9686704.0,137376814.0,171042078.0,0.05663345600840981
2007-05-31,50.77,52.8,48.3,48.3,12927820.0,162035210.0,171042078.0,0.07558268790443484
2007-06-01,47.87,50.85,43.49,43.49,12232626.0,142159017.0,171042078.0,0.07151822605897012
2007-06-04,44.04,45.13,39.15,39.15,11831136.0,123332840.0,171042078.0,0.06917090892686652
2007-06-05,38.41,41.85,35.55,41.61,13421677.0,133097385.0,171042078.0,0.07847003004722616
2007-06-06,41.81,42.87,40.21,41.58,9863744.0,104800344.0,171042078.0,0.05766852294673361
2007-06-07,41.46,45.37,41.11,44.9,11548176.0,126589939.0,171042078.0,0.06751657916597575
2007-06-08,45.96,48.11,45.02,46.58,19243384.0,228871985.0,171042078.0,0.11250672480721381
2007-06-11,47.13,48.34,45.84,46.9,10605828.0,127814864.0,171042078.0,0.06200712786008131
2007-06-12,46.93,47.17,43.49,46.39,9054571.0,105705829.0,171042078.0,0.0529376812178346
2007-06-13,46.5,49.28,46.46,48.03,10342376.0,127089929.0,171042078.0,0.06046685190529549
2007-06-14,47.48,47.56,45.76,45.88,7129045.0,85208623.0,171042078.0,0.04168006541641759
2007-06-15,45.17,47.13,45.02,46.93,5697553.0,67291018.0,171042078.0,0.03331082659086965
2007-06-18,49.09,51.24,47.91,49.95,12072700.0,152823008.0,171042078.0,0.07058321637088623
2007-06-19,49.98,53.58,48.93,52.49,12174157.0,160266372.0,171042078.0,0.07117638619895626
2007-06-20,53.04,53.66,49.32,49.87,11910883.0,158593836.0,171042078.0,0.06963715092376274
2007-06-21,49.2,50.88,48.11,50.26,7015584.0,89318504.0,171042078.0,0.04101671402752719
2007-06-22,50.65,50.85,45.25,45.37,7802059.0,93807313.0,171042078.0,0.045614851568863655
2007-06-25,45.41,46.93,40.83,40.91,6192843.0,67686042.0,171042078.0,0.03620654678903047
2007-06-26,39.5,42.44,39.31,42.44,5460544.0,57355910.0,171042078.0,0.03192515002068672
2007-06-27,42.55,44.0,42.05,43.18,4460692.0,49131480.0,171042078.0,0.0260795007413322
2007-06-28,43.22,45.37,42.51,44.78,8089370.0,91523855.0,171042078.0,0.04729461951462026
2007-06-29,42.98,45.17,40.32,41.3,5797477.0,62882028.0,171042078.0,0.03389503371211381
2007-07-02,40.91,42.44,39.15,41.85,3367151.0,35192992.0,171042078.0,0.019686097359036998
2007-07-03,42.2,42.55,40.01,41.61,2446528.0,25855004.0,171042078.0,0.014303661582034803
2007-07-04,41.85,41.85,39.74,39.93,1808432.0,18857028.0,171042078.0,0.010573024025117376
2007-07-05,39.19,39.66,35.94,35.98,4276648.0,40755909.0,171042078.0,0.02500348481500558
2007-07-06,35.98,38.64,35.24,38.45,3374246.0,31982886.0,171042078.0,0.0197275783798651
2007-07-09,38.33,40.01,38.13,39.54,4568265.0,45799382.0,171042078.0,0.02670842785247265
2007-07-10,39.42,39.5,37.59,37.82,2852314.0,27975799.0,171042078.0,0.01667609534070324
2007-07-11,37.82,38.33,37.31,38.21,1609223.0,15629518.0,171042078.0,0.009408345705435127
2007-07-12,37.94,38.56,37.78,38.33,1672028.0,16306913.0,171042078.0,0.009775536052596368
2007-07-13,38.37,38.8,37.94,38.37,1228834.0,12060711.0,171042078.0,0.007184395877136152
2007-07-16,38.53,39.66,38.37,38.64,2665774.0,26599681.0,171042078.0,0.015585486514026099
2007-07-17,38.6,39.85,37.55,39.42,2687350.0,26896041.0,171042078.0,0.01571163091224839
2007-07-18,39.5,40.25,38.41,39.85,3078755.0,31124687.0,171042078.0,0.01799998594497899
2007-07-19,40.05,42.08,39.7,41.65,4717987.0,49225072.0,171042078.0,0.027583779705950485
2007-07-20,41.93,42.55,40.75,42.36,4331917.0,46384873.0,171042078.0,0.02532661582841621
2007-07-23,42.2,44.12,42.2,43.81,4934863.0,54669783.0,171042078.0,0.028851748398426264
2007-07-24,44.0,44.55,42.75,43.18,3845822.0,42877281.0,171042078.0,0.022484654331666853
2007-07-25,43.22,44.31,43.06,44.16,4461506.0,49890088.0,171042078.0,0.026084259804186896
2007-07-26,44.16,45.1,44.0,44.59,4567340.0,52006678.0,171042078.0,0.026703019826501407
2007-07-27,44.51,46.11,43.49,45.41,5202570.0,59609585.0,171042078.0,0.030416901272679812
2007-07-30,44.98,46.9,44.59,45.68,5014339.0,58894341.0,171042078.0,0.02931640598987578
2007-07-31,45.68,46.58,44.55,45.68,3939666.0,45724624.0,171042078.0,0.02303331464436488
2007-08-01,45.76,47.33,42.63,43.02,5807316.0,67189915.0,171042078.0,0.03395255756890418
2007-08-02,43.1,44.59,42.75,44.24,4204370.0,47136432.0,171042078.0,0.02458091043538421
2007-08-03,44.27,45.41,43.02,44.7,4665413.0,52719480.0,171042078.0,0.027276405049288514
2007-08-06,45.37,48.11,45.17,47.72,9378450.0,112506621.0,171042078.0,0.05483124450814963
2007-08-07,48.03,48.07,46.23,46.35,4409444.0,52852286.0,171042078.0,0.025779878562981445
2007-08-08,46.15,46.35,43.57,44.59,3471710.0,39991503.0,171042078.0,0.020297403075283032
2007-08-09,44.0,45.64,44.0,44.63,2512548.0,28763501.0,171042078.0,0.014689648473517726
2007-08-10,44.74,44.74,42.24,43.1,3729740.0,41267575.0,171042078.0,0.021805979228105496
2007-08-13,42.59,44.67,42.44,44.12,2686968.0,29967722.0,171042078.0,0.015709397543685128
2007-08-14,44.39,45.29,44.2,44.98,2940071.0,33715358.0,171042078.0,0.01718916791925318
2007-08-15,44.98,45.25,43.02,43.81,2472914.0,27761752.0,171042078.0,0.014457927715307574
2007-08-16,43.81,48.19,43.81,48.19,9546742.0,113823344.0,171042078.0,0.05581516613707184
2007-08-17,47.48,48.97,46.54,48.03,7175884.0,87736484.0,171042078.0,0.041953910312057835
2007-08-20,49.16,50.77,48.42,50.06,8854425.0,112187701.0,171042078.0,0.05176752471400634
2007-08-21,50.45,53.0,49.91,51.94,10339155.0,136803506.0,171042078.0,0.06044802028188643
2007-08-22,50.92,54.52,50.26,53.97,9399707.0,128132831.0,171042078.0,0.05495552386822616
2007-08-23,53.94,53.94,52.33,52.8,5643198.0,76266671.0,171042078.0,0.03299303929177006
2007-08-24,52.61,53.58,50.38,52.41,5583095.0,74262568.0,171042078.0,0.03264164622695943
2007-08-27,52.8,54.21,50.88,53.97,9074973.0,123021831.0,171042078.0,0.053056961807959324
2007-08-28,54.01,54.33,51.63,52.33,4160765.0,55840033.0,171042078.0,0.02432597316784236
2007-08-29,51.31,52.02,48.97,49.87,5086711.0,65706254.0,171042078.0,0.029739529941866117
2007-08-30,50.18,54.87,49.59,54.87,6572352.0,89920098.0,171042078.0,0.03842535168451356
2007-08-31,57.85,60.15,55.54,56.01,18846388.0,276427901.0,171042078.0,0.11018568191155863
2007-09-03,57.02,59.06,56.4,56.67,9870611.0,145668880.0,171042078.0,0.057708670962241235
2007-09-04,56.32,57.61,54.76,55.46,9908018.0,142696672.0,171042078.0,0.05792737153251845
2007-09-05,55.46,57.81,54.6,57.49,7924748.0,113422085.0,171042078.0,0.04633215459414613
2007-09-06,57.49,58.59,56.56,56.63,7146384.0,105198105.0,171042078.0,0.04178143813243429
2007-09-07,56.09,59.76,55.38,57.57,11320279.0,168274812.0,171042078.0,0.06618417603649554
2007-09-10,56.71,58.98,54.76,58.24,9576241.0,138808032.0,171042078.0,0.05598763247018082
2007-09-11,58.2,60.19,53.97,54.48,8117811.0,120640910.0,171042078.0,0.04746090023532104
2007-09-12,54.52,55.89,51.04,52.8,7198409.0,97360381.0,171042078.0,0.042085603052600895
2007-09-13,53.0,53.78,51.24,53.39,4380161.0,59160069.0,171042078.0,0.02560867507701818
2007-09-17,54.05,54.56,52.8,53.54,5987024.0,82091032.0,171042078.0,0.03500322300808342
2007-09-18,53.54,54.25,52.02,52.84,5289927.0,71255500.0,171042078.0,0.03092763524540435
2007-09-19,53.23,55.54,53.23,54.09,6322560.0,87784769.0,171042078.0,0.03696493911866529
2007-09-20,53.47,55.07,53.11,53.23,3584004.0,49166376.0,171042078.0,0.020953931581677812
2007-09-21,53.23,53.97,50.85,51.82,3974469.0,53016385.0,171042078.0,0.023236790890718714
2007-09-24,51.78,52.37,49.36,51.43,3672518.0,47679310.0,171042078.0,0.02147142997175233
2007-09-25,51.67,51.67,50.26,50.65,2807922.0,36455746.0,171042078.0,0.016416556866199906
2007-09-26,50.1,51.82,50.02,50.26,2025839.0,26264660.0,171042078.0,0.011844097216826376
2007-09-27,52.02,54.09,51.71,52.41,4178963.0,56377038.0,171042078.0,0.024432368039869114
2007-09-28,52.21,54.44,52.21,53.54,3822588.0,52033200.0,171042078.0,0.022348816412298265
2007-10-08,55.54,55.54,53.04,53.04,3903349.0,53878624.0,171042078.0,0.02282098677496189
2007-10-09,53.5,53.54,51.67,52.68,2962187.0,39688177.0,171042078.0,0.017318469435339764
2007-10-10,53.19,53.19,51.31,51.59,3019453.0,40148739.0,171042078.0,0.017653275938333723
2007-10-11,51.59,51.94,49.59,49.95,3449485.0,44498172.0,171042078.0,0.02016746428910902
2007-10-12,49.75,50.65,45.37,47.6,5201397.0,63136034.0,171042078.0,0.030410043311096816
2007-10-15,47.13,48.69,45.72,47.72,3622654.0,43387429.0,171042078.0,0.021179899369557473
2007-10-16,47.01,48.5,46.15,47.95,2315214.0,27919395.0,171042078.0,0.01353593236864206
2007-10-17,48.34,48.42,46.93,47.64,2037427.0,24744419.0,171042078.0,0.011911846627588329
2007-10-18,47.56,47.99,45.57,45.57,1765995.0,20988677.0,171042078.0,0.010324915486585705
2007-10-19,45.96,47.33,45.76,46.07,1579451.0,18798377.0,171042078.0,0.00923428327385031
2007-10-22,46.07,48.03,45.29,46.11,1491005.0,17821892.0,171042078.0,0.00871718244676611
2007-10-23,46.15,48.3,46.15,48.07,2460323.0,29928460.0,171042078.0,0.014384314250438422
2007-10-24,48.07,48.3,45.76,45.96,1858876.0,22147226.0,171042078.0,0.01086794560575907
2007-10-25,45.37,45.37,41.38,41.38,3383722.0,36562117.0,171042078.0,0.01978297995186892
2007-10-26,40.56,41.38,38.56,39.74,2049546.0,20911986.0,171042078.0,0.011982700537583506
2007-10-29,39.74,40.68,39.07,40.48,1481621.0,14977357.0,171042078.0,0.008662318754102134
2007-10-30,40.44,42.44,40.32,42.12,1789332.0,18933846.0,171042078.0,0.010461355596954335
2007-10-31,43.06,43.81,41.26,43.06,2926822.0,32057071.0,171042078.0,0.017111707447801237
2007-11-01,43.02,43.02,40.68,40.91,3958346.0,42037685.0,171042078.0,0.023142527536411245
2007-11-02,40.68,40.87,38.92,39.27,2385244.0,24111138.0,171042078.0,0.01394536378352466
2007-11-05,38.33,40.4,38.33,39.82,1739190.0,17655957.0,171042078.0,0.010168199663710822
2007-11-06,39.82,41.07,39.82,40.13,1104939.0,11435508.0,171042078.0,0.00646004195529009
2007-11-07,40.29,43.22,40.29,41.85,5574322.0,59970961.0,171042078.0,0.032590354754693754
2007-11-08,40.87,41.65,37.94,39.03,2341971.0,24025113.0,171042078.0,0.013692367558817895
2007-11-09,39.03,40.29,37.94,39.15,1867386.0,18736613.0,171042078.0,0.01091769944469454
2007-11-12,38.37,40.87,38.37,40.6,2419282.0,24564001.0,171042078.0,0.014144367446237411
2007-11-13,40.79,41.46,40.13,40.36,1707910.0,17775932.0,171042078.0,0.009985320688164231
2007-11-14,40.68,41.46,40.36,41.42,2811110.0,29568312.0,171042078.0,0.016435195554628378
2007-11-15,41.38,41.58,39.03,40.21,1705410.0,17705560.0,171042078.0,0.009970704401755456
2007-11-16,39.82,41.07,39.62,40.91,1334759.0,13740158.0,171042078.0,0.00780368793227594
2007-11-19,40.99,42.94,40.72,42.4,3266322.0,35102846.0,171042078.0,0.019096599142112855
2007-11-20,42.63,42.83,41.77,42.44,2309770.0,24997081.0,171042078.0,0.013504103943358312
2007-11-21,42.48,42.83,41.46,41.5,1873303.0,20085163.0,171042078.0,0.010952293271366827
2007-11-22,41.15,41.42,38.76,38.96,1816530.0,18553393.0,171042078.0,0.010620369100052679
2007-11-23,38.84,40.05,38.72,40.05,1172766.0,11807317.0,186346928.0,0.0062934549691100895
2007-11-26,40.25,40.6,39.15,39.5,1473595.0,15080017.0,186346928.0,0.0079078040932341
2007-11-27,39.23,40.21,39.11,39.82,854209.0,8659898.0,186346928.0,0.004583971462089249
2007-11-28,40.25,41.46,40.21,40.68,1984889.0,20719807.0,186346928.0,0.010651578865845323
2007-11-29,41.22,41.46,40.21,41.3,1639416.0,17231321.0,186346928.0,0.008797655092012035
2007-11-30,41.3,42.12,40.64,40.75,1594751.0,16878088.0,186346928.0,0.008557967749272475
2007-12-03,41.54,43.65,41.54,42.87,3934363.0,42950992.0,186346928.0,0.021113108985622773
2007-12-04,42.79,42.79,41.65,41.81,1642331.0,17682259.0,186346928.0,0.008813297957882086
2007-12-05,41.85,42.63,41.77,42.32,1333437.0,14406352.0,186346928.0,0.007155669343795139
2007-12-06,42.32,43.14,41.77,42.83,1565591.0,17046325.0,186346928.0,0.008401485427224215
2007-12-07,43.61,44.9,43.49,43.61,3228510.0,36387616.0,186346928.0,0.01732526548546054
2007-12-10,43.49,44.86,43.22,44.43,2850095.0,32220580.0,186346928.0,0.015294563911458739
2007-12-11,45.29,45.29,43.81,44.86,2982540.0,34052879.0,186346928.0,0.016005308120775674
2007-12-12,44.78,45.25,44.39,44.86,2024408.0,23197652.0,186346928.0,0.010863651049831098
2007-12-13,45.17,45.57,42.71,42.91,2542589.0,28743882.0,186346928.0,0.013644383770039934
2007-12-14,42.83,44.55,42.05,44.31,2288016.0,25296642.0,186346928.0,0.012278259827283013
2007-12-17,44.51,45.68,43.73,44.63,2576007.0,29661671.0,186346928.0,0.013823715945561496
2007-12-18,44.39,45.29,44.04,44.78,1354141.0,15458764.0,186346928.0,0.007266773938983314
2007-12-19,46.03,49.28,46.0,49.28,7461011.0,93362977.0,186346928.0,0.04003828278832694
2007-12-20,50.92,51.51,49.52,50.45,13939811.0,179218367.0,186346928.0,0.07480569253065443
2007-12-21,50.57,52.33,50.14,51.35,6835741.0,89164182.0,186346928.0,0.03668287464336412
2007-12-24,52.02,53.35,51.08,51.47,7423520.0,99300411.0,186346928.0,0.039837093531265515
2007-12-25,51.51,52.37,50.53,51.82,3764406.0,49561595.0,186346928.0,0.020201062826214124
2007-12-26,52.33,53.31,52.02,52.92,4513837.0,60907589.0,186346928.0,0.02422276046321515
2007-12-27,54.05,55.3,52.61,54.64,9520361.0,131049997.0,186346928.0,0.05108944430787719
2007-12-28,54.05,55.07,53.39,53.54,4385818.0,60704995.0,186346928.0,0.02353576765161377
2008-01-02,53.7,54.8,52.41,53.58,4926570.0,67707177.0,186346928.0,0.0264376239140363
2008-01-03,53.11,55.54,53.04,55.07,6387214.0,89010136.0,186346928.0,0.03427592860559526
2008-01-04,54.56,55.15,53.19,53.47,3822925.0,52631415.0,186346928.0,0.020515095370930932
2008-01-07,53.23,54.09,52.21,53.43,5088385.0,68881149.0,186346928.0,0.02730597737570431
2008-01-08,53.43,53.47,50.65,50.88,5893211.0,78290217.0,186346928.0,0.03162494312758405
2008-01-09,50.26,53.43,50.26,52.61,3445546.0,46022243.0,186346928.0,0.018489953319756364
2008-01-10,52.72,53.9,52.1,53.11,3004284.0,40645794.0,186346928.0,0.01612199370413018
2008-01-11,53.5,54.37,53.19,54.29,5109562.0,70283333.0,186346928.0,0.02741962024724121
2008-01-14,55.03,56.16,54.37,55.73,5465005.0,77205525.0,186346928.0,0.029327046378784416
2008-01-15,55.54,56.01,54.37,55.34,4084679.0,57569169.0,186346928.0,0.02191975496370941
2008-01-16,54.95,54.95,53.62,53.78,3658794.0,50632776.0,186346928.0,0.019634313477923285
2008-01-17,53.31,54.4,50.42,52.49,3192444.0,43052151.0,186346928.0,0.017131723255453934
2008-01-18,54.01,57.73,54.01,56.48,9139546.0,131580487.0,186346928.0,0.049045863530414624
2008-01-21,57.42,59.84,55.58,56.91,15453250.0,230764644.0,186346928.0,0.08292731286667629
2008-01-22,55.11,56.63,51.24,51.24,6968391.0,94366077.0,186346928.0,0.037394718951309996
2008-01-23,50.53,56.28,50.53,55.81,9766077.0,134338114.0,186346928.0,0.05240803862352912
2008-01-24,55.81,61.41,55.54,61.41,20736845.0,316381590.0,186346928.0,0.11128085245387034
2008-01-25,63.05,63.17,58.08,58.63,18926775.0,294515321.0,186346928.0,0.10156741086711127
2008-01-28,58.67,60.62,55.54,56.63,11656181.0,173943121.0,186346928.0,0.06255096944769596
2008-01-29,57.38,60.55,57.38,59.76,7913183.0,120089412.0,186346928.0,0.04246478911635184
2008-01-30,60.66,61.25,53.78,57.42,10354611.0,150349530.0,186346928.0,0.055566309094185876
2008-01-31,56.01,56.87,52.02,52.33,5367027.0,74874502.0,186346928.0,0.02880126363016835
2008-02-01,51.63,52.8,47.09,47.79,5979586.0,74840574.0,186346928.0,0.03208846029380211
2008-02-04,50.06,52.57,49.28,52.57,4578225.0,60190363.0,186346928.0,0.024568288026728297
2008-02-05,52.49,56.24,50.49,54.44,4845346.0,66745686.0,186346928.0,0.026001748738245904
2008-02-13,53.66,56.52,52.02,53.58,3626227.0,50831134.0,186346928.0,0.019459548053295517
2008-02-14,53.97,55.3,53.58,54.21,2173422.0,30224166.0,186346928.0,0.011663310060040271
2008-02-15,53.97,54.29,51.16,53.9,3322784.0,44877469.0,186346928.0,0.017831171330068826
2008-02-18,54.4,56.01,54.05,55.26,3853606.0,54567103.0,186346928.0,0.02067973988817245
2008-02-19,55.46,56.75,54.72,56.28,3758541.0,53938485.0,186346928.0,0.020169589272756888
2008-02-20,56.52,57.26,54.6,54.68,4010155.0,57035007.0,186346928.0,0.021519834230913644
2008-02-21,54.68,58.47,53.39,57.69,6980087.0,101169114.0,186346928.0,0.037457483602842116
2008-02-22,57.49,58.35,54.37,57.3,5779390.0,83452869.0,186346928.0,0.03101414153712263
2008-02-25,57.42,59.22,55.97,58.04,8081784.0,119395954.0,186346928.0,0.04336955852580516
2008-02-26,59.22,61.6,56.36,58.43,17849355.0,270943747.0,186346928.0,0.0957856144534886
2008-02-27,58.2,61.87,57.89,61.6,24811117.0,383111196.0,186346928.0,0.13314475997157302
2008-02-28,61.44,64.07,59.88,61.99,18682881.0,296860253.0,186346928.0,0.10025859401341995
2008-02-29,61.64,62.89,58.71,60.27,17820831.0,275302607.0,186346928.0,0.09563254512035745
2008-03-03,61.01,66.29,60.23,66.29,19912610.0,328465752.0,186346928.0,0.10685773151033646
2008-03-04,66.49,67.47,64.53,64.93,19255720.0,325127858.0,186346928.0,0.1033326398597781
2008-03-05,64.53,68.76,63.36,68.02,15261961.0,258928731.0,186346928.0,0.08190079205384057
2008-03-06,68.41,70.01,64.89,65.2,14039223.0,241621761.0,186346928.0,0.0753391706033383
2008-03-07,63.24,64.73,61.09,61.41,10599414.0,170393090.0,186346928.0,0.05688000394618794
2008-03-10,60.62,61.52,59.06,60.15,6040366.0,93029066.0,186346928.0,0.03241462612144591
2008-03-11,59.06,63.05,58.67,62.42,6170767.0,96504900.0,186346928.0,0.033114401542482096
2008-03-12,63.48,63.95,56.71,57.89,6440415.0,100340681.0,186346928.0,0.03456142298197693
2008-03-13,57.22,63.67,56.4,63.2,14338460.0,220295295.0,186346928.0,0.07694497652250001
2008-03-14,61.76,64.93,59.49,62.5,7787426.0,124215688.0,186346928.0,0.04178993495401223
2008-03-17,62.97,64.73,56.24,56.24,13988324.0,217499368.0,186346928.0,0.07506602952960942
2008-03-18,53.62,55.54,50.61,50.61,8051857.0,107671270.0,186346928.0,0.04320896022498423
2008-03-19,52.02,55.3,50.65,54.29,7292507.0,99431158.0,186346928.0,0.03913403391334683
2008-03-20,54.25,58.24,52.8,56.79,9076726.0,128973311.0,186346928.0,0.04870875037982918
2008-03-21,57.73,59.29,55.97,56.13,6122787.0,89854955.0,186346928.0,0.032856924799962356
2008-03-24,57.3,59.45,55.85,56.63,10385183.0,153731441.0,186346928.0,0.05573036868093688
2008-03-25,55.54,58.16,54.37,56.75,5720360.0,82258022.0,186346928.0,0.030697366795335634
2008-03-26,57.65,58.63,55.73,56.63,4160914.0,60622693.0,186346928.0,0.022328857495305745
2008-03-27,54.76,54.76,50.96,50.96,8499649.0,112772245.0,186346928.0,0.045611962006693235
2008-03-28,48.89,50.85,45.88,49.75,7856014.0,97612641.0,186346928.0,0.04215800112358171
2008-03-31,47.83,48.07,44.78,44.78,7904490.0,92570894.0,186346928.0,0.04241813956815001
2008-04-01,44.9,46.35,40.68,41.18,6098989.0,67021927.0,186346928.0,0.03272921676497935
2008-04-02,41.65,43.02,37.55,38.72,6027038.0,61515470.0,186346928.0,0.032343103611560474
2008-04-03,38.53,41.34,37.35,40.56,4537089.0,45837941.0,186346928.0,0.024347538479410832
2008-04-07,39.31,44.63,38.76,44.63,5572550.0,60220623.0,186346928.0,0.029904168852195944
2008-04-08,44.9,46.82,44.43,44.98,8559071.0,99869537.0,186346928.0,0.04593084035171216
2008-04-09,44.0,45.72,40.87,40.87,5468910.0,60632548.0,186346928.0,0.029348001916082028
2008-04-10,40.09,43.61,39.7,43.02,4610089.0,49813797.0,186346928.0,0.024739280918009015
2008-04-11,43.81,44.82,43.26,43.61,3849223.0,43356924.0,186346928.0,0.020656219242852235
2008-04-14,42.67,42.67,39.27,39.27,4949898.0,51209548.0,186346928.0,0.026562809771674904
2008-04-16,42.16,42.91,39.35,40.32,4880285.0,51538391.0,186346928.0,0.026189243108960723
2008-04-17,39.7,41.38,38.37,40.44,3325848.0,34072016.0,186346928.0,0.0178476137798204
2008-04-18,39.07,40.25,37.16,37.16,3305786.0,32349649.0,186346928.0,0.017739954371557978
2008-04-21,40.6,40.64,36.8,38.02,3522603.0,34916638.0,186346928.0,0.01890346697853801
2008-04-22,37.08,37.51,34.22,36.57,3738758.0,34053968.0,186346928.0,0.02006342707189678
2008-04-23,35.98,38.53,34.81,37.94,3898243.0,36706949.0,186346928.0,0.020919276973538303
2008-04-24,41.42,41.73,39.93,41.73,8380635.0,88302270.0,186346928.0,0.04497329303974359
2008-04-25,41.34,44.2,40.44,41.81,7703704.0,84252207.0,186346928.0,0.04134065467395309
2008-04-28,40.99,43.41,40.52,42.94,4764673.0,51967403.0,186346928.0,0.02556883041291671
2008-04-29,42.21,44.32,41.78,42.9,5007620.0,50140817.0,204975021.00000003,0.02443039144755106
2008-04-30,42.9,45.22,42.68,44.58,6283922.0,64184309.0,204975021.00000003,0.030657013568497204
2008-05-05,44.71,46.64,43.67,46.43,7123533.0,74796891.0,204975021.00000003,0.03475317609553995
2008-05-06,45.65,50.39,44.92,48.71,12622791.0,140413867.0,204975021.00000003,0.06158209394694975
2008-05-07,47.85,49.92,45.22,45.22,8935222.0,99121464.0,204975021.00000003,0.043591760383329826
2008-05-08,44.32,47.38,44.32,47.29,5992781.0,64108767.0,204975021.00000003,0.029236640497770697
2008-05-09,47.59,48.63,45.27,47.59,6644536.0,73167943.0,204975021.00000003,0.03241632062084286
2008-05-12,46.52,49.53,45.96,48.88,7177072.0,80541829.0,204975021.00000003,0.035014373775817294
2008-05-13,46.95,49.32,46.52,47.33,7545137.0,83876558.0,204975021.00000003,0.03681003159892345
2008-05-14,46.95,49.92,46.73,49.06,7350937.0,83587305.0,204975021.00000003,0.035862599082255975
2008-05-15,49.75,51.43,48.8,48.88,9755419.0,112999452.0,204975021.00000003,0.04759320893056525
2008-05-16,49.96,51.25,48.11,49.36,7480003.0,86081181.0,204975021.00000003,0.036492266050310584
2008-05-19,48.67,49.49,46.13,47.55,4279055.0,47256166.0,204975021.00000003,0.02087598273742828
2008-05-20,47.38,48.24,42.81,42.9,5869543.0,62059876.0,204975021.00000003,0.028635406262502588
2008-05-21,42.21,44.53,41.26,43.93,5068359.0,50149781.0,204975021.00000003,0.024726715359136366
2008-05-22,43.11,45.18,42.64,43.11,4592451.0,46725928.0,204975021.00000003,0.022404930013399046
2008-05-23,43.07,46.73,41.35,44.92,7475788.0,77084880.0,204975021.00000003,0.03647170256906571
2008-05-26,44.92,46.9,44.49,44.79,7010226.0,74301443.0,204975021.00000003,0.034200391666260634
2008-05-27,43.93,46.95,42.55,46.04,7236573.0,75864629.0,204975021.00000003,0.03530465792707493
2008-05-28,46.08,48.76,45.7,48.28,9369561.0,103540265.0,204975021.00000003,0.04571074540833928
2008-05-29,48.2,48.67,46.34,46.43,5406710.0,59787805.0,204975021.00000003,0.026377409177091873
2008-05-30,46.0,48.02,46.0,47.38,4490332.0,48951636.0,204975021.00000003,0.021906727844657713
2008-06-02,47.81,48.02,46.86,46.95,3326167.0,36620035.0,204975021.00000003,0.01622718214040334
2008-06-03,46.99,48.41,45.22,46.0,4643560.0,50660059.0,204975021.00000003,0.022654272590609953
2008-06-04,45.96,45.96,42.98,43.5,5510016.0,55875030.0,204975021.00000003,0.02688140229535578
2008-06-05,43.46,44.79,43.07,43.72,2249576.0,22807040.0,204975021.00000003,0.010974878739004983
2008-06-06,43.76,44.28,43.03,43.37,1705453.0,17228383.0,204975021.00000003,0.008320296744840923
2008-06-10,41.35,41.61,39.02,39.02,2961327.0,27489653.0,204975021.00000003,0.014447257941737202
2008-06-11,38.42,38.55,35.75,37.13,2880112.0,24925697.0,204975021.00000003,0.014051038931226648
2008-06-12,37.13,38.76,35.96,37.26,3361287.0,28867395.0,204975021.00000003,0.01639852009089439
2008-06-13,37.34,38.03,33.55,33.98,4052661.0,33197949.0,204975021.00000003,0.019771487180381846
2008-06-16,34.46,34.84,33.12,34.46,3102016.0,24641878.0,204975021.00000003,0.015133629380137981
2008-06-17,34.67,34.93,32.09,32.73,3688497.0,29055332.0,204975021.00000003,0.017994860944544066
2008-06-18,32.43,35.66,32.43,35.62,4049770.0,32242915.0,204975021.00000003,0.01975738302278305
2008-06-19,35.62,36.39,32.09,32.17,6562186.0,53234498.0,204975021.00000003,0.03201456435025807
2008-06-20,32.52,34.71,30.28,32.86,4749728.0,36525213.0,204975021.00000003,0.023172228385818772
2008-06-23,30.71,32.95,30.71,31.79,1933560.0,14368674.0,204975021.00000003,0.009433149417752711
2008-06-24,31.66,33.38,31.35,32.86,2161458.0,16330166.0,204975021.00000003,0.01054498245422792
2008-06-25,34.03,35.53,34.03,35.23,4324142.0,35133075.0,204975021.00000003,0.02109594612506467
2008-06-26,34.89,36.26,34.5,35.49,4128391.0,33964284.0,204975021.00000003,0.020140946832736265
2008-06-27,33.68,34.54,32.13,32.56,3641685.0,28251507.0,204975021.00000003,0.017766481897323477
2008-06-30,32.3,33.51,31.96,33.08,1769039.0,13457476.0,204975021.00000003,0.008630510153722582
2008-07-02,32.65,34.41,32.13,34.41,2907916.0,22652085.0,204975021.00000003,0.01418668472779422
2008-07-03,34.2,36.31,33.16,36.05,5682870.0,46618294.0,204975021.00000003,0.027724695293481635
2008-07-04,36.18,37.38,36.09,36.22,7852261.0,66942158.0,204975021.00000003,0.0383083800245104
2008-07-07,36.09,38.16,35.79,37.47,5580255.0,48221296.0,204975021.00000003,0.027224073317694643
2008-07-08,37.47,37.99,36.78,37.69,4750905.0,41332986.0,204975021.00000003,0.023177970548908976
2008-07-09,37.9,38.25,37.47,38.07,5538663.0,48649138.0,204975021.00000003,0.027021160788172325
2008-07-10,37.47,38.55,37.08,37.08,4895225.0,42923914.0,204975021.00000003,0.023882056340904092
2008-07-11,36.95,38.59,36.7,37.51,4926290.0,43274868.0,204975021.00000003,0.024033611393068227
2008-07-14,37.26,38.2,36.61,37.94,3542792.0,30903677.0,204975021.00000003,0.017284018231665407
2008-07-15,38.72,38.98,36.44,36.48,4080404.0,35508243.0,204975021.00000003,0.019906835379711947
2008-07-16,36.14,36.61,33.25,34.11,3540741.0,28631947.0,204975021.00000003,0.017274012134385876
2008-07-17,34.84,35.15,32.95,33.59,2378500.0,18935986.0,204975021.00000003,0.011603852939719907
2008-07-18,33.81,35.06,32.73,34.97,2382428.0,18831951.0,204975021.00000003,0.011623016250355694
2008-07-21,34.63,36.61,33.94,36.57,2997984.0,24916750.0,204975021.00000003,0.014626094366883854
2008-07-22,36.39,37.3,36.18,37.3,3722063.0,31875974.0,204975021.00000003,0.01815861748344448
2008-07-23,37.47,38.16,37.04,37.99,5395149.0,47334189.0,204975021.00000003,0.02632100718262641
2008-07-24,38.38,38.59,37.51,38.16,8757216.0,77391242.0,204975021.00000003,0.04272333261524583
2008-07-25,37.47,37.9,36.87,37.08,3588653.0,31113095.0,204975021.00000003,0.017507757689167402
2008-07-28,37.3,38.29,37.08,37.9,2956184.0,25914435.0,204975021.00000003,0.014422167079568195
2008-07-29,36.95,37.73,36.44,37.04,2945140.0,25341247.0,204975021.00000003,0.014368287343656375
2008-07-30,37.69,38.2,36.82,37.04,2306726.0,20092892.0,204975021.00000003,0.011253693200011915
2008-07-31,37.56,37.56,34.46,34.71,2796170.0,23151206.0,204975021.00000003,0.013641515860608204
2008-08-01,34.59,35.96,34.11,35.58,2179270.0,17693910.0,204975021.00000003,0.010631880847569225
2008-08-04,35.23,35.23,33.64,34.03,2034567.0,16314502.0,204975021.00000003,0.009925926535214258
2008-08-05,33.81,34.46,33.59,33.59,1436767.0,11332433.0,204975021.00000003,0.007009473608006118
2008-08-06,34.24,34.37,32.35,33.47,1418646.0,11049080.0,204975021.00000003,0.006921067713904514
2008-08-07,33.59,34.07,32.86,33.68,1449577.0,11228535.0,204975021.00000003,0.007071969027874864
2008-08-08,33.94,33.94,30.8,30.8,2708950.0,20131747.0,204975021.00000003,0.013216000597458163
2008-08-11,30.8,30.92,27.74,27.74,3552157.0,23815418.0,204975021.00000003,0.017329706725581942
2008-08-12,26.66,28.12,26.62,26.75,2866008.0,18156415.0,204975021.00000003,0.013982230547008943
2008-08-13,27.0,27.0,25.07,26.36,2773309.0,16679066.0,204975021.00000003,0.013529985197562192
2008-08-14,26.19,26.83,25.89,26.45,1538872.0,9466898.0,204975021.00000003,0.007507607475742128
2008-08-15,26.49,26.96,26.19,26.27,1316114.0,8125413.0,204975021.00000003,0.006420850665506212
2008-08-18,26.36,26.57,23.65,23.69,2510375.0,14412167.0,204975021.00000003,0.012247224016627858
2008-08-19,22.83,24.46,22.83,24.29,1801444.0,10047426.0,204975021.00000003,0.00878860258782459
2008-08-20,24.12,26.7,23.52,26.7,3918289.0,23699682.0,204975021.00000003,0.019115934131310564
2008-08-21,26.06,27.52,25.97,26.53,3844005.0,23906101.0,204975021.00000003,0.01875352899707716
2008-08-22,26.53,26.92,25.28,26.53,1863999.0,11283325.0,204975021.00000003,0.00909378611552868
2008-08-25,27.0,27.35,26.1,26.23,3038088.0,18871453.0,204975021.00000003,0.014821747475269192
2008-08-26,25.76,25.76,23.95,25.2,2762711.0,15952153.0,204975021.00000003,0.01347828133653417
2008-08-27,25.63,26.06,24.64,25.93,4876830.0,28979232.0,204975021.00000003,0.02379231369855549
2008-08-28,26.06,26.83,25.84,26.32,3628796.0,22253798.0,204975021.00000003,0.01770360106463899
2008-08-29,26.27,27.26,26.06,26.66,3101822.0,19197324.0,204975021.00000003,0.01513268292334996
2008-09-01,26.49,26.62,25.07,25.2,2413091.0,14414559.0,204975021.00000003,0.01177261008793847
2008-09-02,25.2,26.27,24.77,25.5,1682594.0,9975853.0,204975021.00000003,0.008208775839081386
2008-09-03,25.41,26.49,24.81,25.97,2064561.0,12266910.0,204975021.00000003,0.010072256560471336
2008-09-04,25.84,26.49,25.41,26.14,1370646.0,8261739.0,204975021.00000003,0.006686892838518113
2008-09-05,25.33,26.92,25.2,25.58,4287146.0,26143071.0,204975021.00000003,0.0209154558398606
2008-09-08,25.24,25.58,23.34,23.65,3054536.0,17213582.0,204975021.00000003,0.014901991399234931
2008-09-09,23.77,24.42,23.34,24.12,1388432.0,7732296.0,204975021.00000003,0.006773664387135249
2008-09-10,24.12,24.94,23.77,24.42,1552056.0,8825420.0,204975021.00000003,0.007571927508181593
2008-09-11,24.12,24.59,23.52,23.65,1304280.0,7247287.0,204975021.00000003,0.00636311680143699
2008-09-12,23.65,24.25,23.47,23.56,806007.0,4456635.0,204975021.00000003,0.0039322205996993155
2008-09-16,23.99,23.99,22.18,22.4,1841995.0,9880558.0,204975021.00000003,0.008986436449736965
2008-09-17,22.27,22.7,21.58,21.66,1534300.0,7881448.0,204975021.00000003,0.0074853023188615735
2008-09-18,21.1,22.05,19.73,21.45,2731270.0,13316171.0,204975021.00000003,0.01332489191451284
2008-09-19,23.56,23.6,23.17,23.6,1971595.0,10767271.0,204975021.00000003,0.009618708613280248
2008-09-22,25.63,25.97,24.16,25.54,6526855.0,38358494.0,204975021.00000003,0.03184219700604397
2008-09-23,25.11,25.11,23.9,24.77,3658087.0,20837426.0,204975021.00000003,0.017846501403700307
2008-09-24,24.55,25.33,24.03,25.33,5284686.0,30450532.0,204975021.00000003,0.025782097614713742
2008-09-25,25.84,26.66,25.33,26.06,8956778.0,54114160.0,204975021.00000003,0.04369692441695127
2008-09-26,26.4,26.4,24.98,25.41,3663676.0,21708640.0,204975021.00000003,0.01787376814075311
2008-10-06,25.15,26.45,24.21,26.36,6787959.0,40568813.0,204975021.00000003,0.03311603026985419
2008-10-07,25.41,26.27,25.2,26.14,3148975.0,18877095.0,204975021.00000003,0.01536272558791444
2008-10-08,25.41,26.32,25.02,25.41,2809508.0,16821961.0,204975021.00000003,0.0137065872041062
2008-10-09,26.01,26.75,25.24,25.76,5103436.0,31103467.0,204975021.00000003,0.024897843527968217
2008-10-10,24.55,25.02,23.17,23.17,3555059.0,19694246.0,204975021.00000003,0.017343864548256344
2008-10-13,23.04,23.77,21.58,23.77,2515727.0,13058678.0,204975021.00000003,0.012273334515233443
2008-10-14,24.59,24.98,23.34,23.6,2990150.0,16866207.0,204975021.00000003,0.014587875075763498
2008-10-15,23.39,24.38,23.04,24.38,2332723.0,13002740.0,204975021.00000003,0.011380523288249839
2008-10-16,24.38,24.38,22.48,23.17,2655865.0,14511815.0,204975021.00000003,0.012957017821210516
2008-10-17,24.55,24.55,23.26,23.56,2112719.0,11612721.0,204975021.00000003,0.010307202261489217
2008-10-20,23.69,24.55,22.4,24.29,2363513.0,12990865.0,204975021.00000003,0.01153073671352374
2008-10-21,24.51,25.28,24.33,24.72,4520804.0,26094028.0,204975021.00000003,0.02205538986138218
2008-10-22,24.46,24.72,23.04,23.04,2248970.0,12547972.0,204975021.00000003,0.01097192228120323
2008-10-23,22.4,23.17,21.97,23.04,1770449.0,9273330.0,204975021.00000003,0.008637389040687058
2008-10-24,22.91,23.21,22.01,22.27,1427624.0,7471680.0,204975021.00000003,0.006964868172888245
2008-10-27,21.79,21.79,20.03,20.03,2209226.0,10667540.0,204975021.00000003,0.010778025484383289
2008-10-28,19.77,21.23,19.3,20.85,2012182.0,9595779.0,204975021.00000003,0.009816718106349162
2008-10-29,21.19,21.36,19.9,19.94,1753346.0,8404770.0,204975021.00000003,0.008553949605400941
2008-10-30,19.81,20.89,19.81,20.03,1481119.0,6999797.0,204975021.00000003,0.007225851192863153
2008-10-31,20.03,20.37,19.6,19.64,949185.0,4396900.0,204975021.00000003,0.0046307349811175276
2008-11-03,19.68,19.98,19.38,19.47,651641.0,2980597.0,204975021.00000003,0.003179123957743124
2008-11-04,19.64,19.64,18.56,18.82,1100634.0,4846055.0,204975021.00000003,0.0053696006207507585
2008-11-05,19.04,19.73,19.04,19.42,1629305.0,7332803.0,204975021.00000003,0.007948797819613346
2008-11-06,18.99,19.17,18.61,18.99,1204815.0,5290333.0,204975021.00000003,0.005877862551847231
2008-11-07,18.65,19.55,18.65,19.38,1157876.0,5165788.0,204975021.00000003,0.005648863916935517
2008-11-10,19.77,21.19,19.77,20.98,2774098.0,13159572.0,204975021.00000003,0.013533834447076357
2008-11-11,20.85,21.1,20.46,20.54,2173830.0,10478425.0,204975021.00000003,0.010605341028358766
2008-11-12,20.37,21.23,20.24,21.23,1956833.0,9464274.0,204975021.00000003,0.009546690081812454
2008-11-13,20.89,22.22,20.76,22.14,3374615.0,17034950.0,204975021.00000003,0.016463542647960013
2008-11-14,22.14,23.52,21.58,23.52,5081267.0,26522056.0,204975021.00000003,0.024789688886042358
2008-11-17,23.26,24.89,22.96,24.46,6025631.0,33389356.0,204975021.00000003,0.029396903928113265
2008-11-18,24.29,25.76,22.57,22.7,7226310.0,39937048.0,204975021.00000003,0.03525458841153137
2008-11-19,22.74,24.94,22.74,24.94,5861656.0,32557822.0,204975021.00000003,0.02859692840329066
2008-11-20,24.51,25.67,24.12,24.85,7089756.0,41186596.0,204975021.00000003,0.03458839016291648
2008-11-21,24.16,24.81,22.65,23.52,4732082.0,26014340.0,204975021.00000003,0.023086139847254848
2008-11-24,23.69,24.03,22.65,22.65,2285083.0,12364267.0,204975021.00000003,0.011148104724428835
2008-11-25,23.04,23.21,21.49,21.84,4079188.0,20869364.0,204975021.00000003,0.019900902949535493
2008-11-26,21.84,22.4,21.71,21.97,2171251.0,11146958.0,328893399.99999994,0.006601686139034716
2008-11-27,23.47,23.69,22.09,22.14,3464656.0,18441676.0,328893399.99999994,0.010534282536530075
2008-11-28,22.14,22.7,21.97,22.22,1989641.0,10273072.0,328893399.99999994,0.006049501145355913
2008-12-01,22.09,23.6,22.01,23.6,3554955.0,18964004.0,328893399.99999994,0.010808836540958258
2008-12-02,23.26,25.76,23.13,24.89,10510693.0,60462980.0,328893399.99999994,0.031957749836269145
2008-12-03,24.89,25.67,24.51,25.15,8755681.0,50941420.0,328893399.99999994,0.026621637892399182
2008-12-04,26.7,26.83,25.15,25.28,10256239.0,62154308.0,328893399.99999994,0.03118408274535154
2008-12-05,25.33,26.23,24.98,25.97,5994050.0,35706456.0,328893399.99999994,0.018224902050329988
2008-12-08,26.14,27.74,26.06,27.48,10180052.0,63337900.0,328893399.99999994,0.030952436260502647
2008-12-09,27.48,28.0,25.89,26.23,7338169.0,45198748.0,328893399.99999994,0.022311694305814592
2008-12-10,25.84,27.05,25.84,26.83,5764516.0,35563868.0,328893399.99999994,0.017527004190415498
2008-12-11,26.7,26.92,25.37,25.41,6073466.0,36779108.0,328893399.99999994,0.01846636630592162
2008-12-12,25.2,25.58,24.38,25.15,5705946.0,33016140.0,328893399.99999994,0.017348922173567486
2008-12-15,26.49,27.39,25.8,26.23,8007478.0,49256020.0,328893399.99999994,0.024346727541507376
2008-12-16,25.67,26.19,24.89,26.14,4132143.0,24380328.0,328893399.99999994,0.012563775983342934
2008-12-17,26.19,26.66,25.93,26.14,4591946.0,28099064.0,328893399.99999994,0.013961806469816667
2008-12-18,26.19,26.53,25.63,26.53,3573239.0,21690278.0,328893399.99999994,0.010864429021683015
2008-12-19,26.36,26.92,26.23,26.4,4060485.0,25119564.0,328893399.99999994,0.012345899917724104
2008-12-22,26.45,27.44,26.23,27.05,5577150.0,34789552.0,328893399.99999994,0.01695731808543437
2008-12-23,27.09,27.09,24.77,24.77,5702170.0,34215152.0,328893399.99999994,0.017337441249961238
2008-12-24,24.64,25.15,23.82,24.21,3623721.0,20744350.0,328893399.99999994,0.011017919483942215
2008-12-25,24.33,24.77,23.73,23.99,2254919.0,12689742.0,328893399.99999994,0.006856078595678722
2008-12-26,24.21,24.64,23.9,24.08,1755449.0,9870623.0,328893399.99999994,0.005337440641861467
2008-12-29,24.98,25.28,24.38,24.77,4023881.0,23158368.0,328893399.99999994,0.012234605498316477
2008-12-30,24.81,26.06,24.51,25.15,4429644.0,26129242.0,328893399.99999994,0.013468327427671095
2008-12-31,25.02,25.41,23.95,24.08,2697688.0,15354293.0,328893399.99999994,0.008202317224973199
2009-01-05,24.85,25.07,24.46,24.94,2772840.0,15973518.0,328893399.99999994,0.008430816793526415
2009-01-06,24.89,25.76,24.68,25.67,6393478.0,37533920.0,328893399.99999994,0.019439362419556006
2009-01-07,25.63,26.79,25.37,26.36,8142743.0,49354200.0,328893399.99999994,0.02475800061661317
2009-01-08,26.01,26.19,24.89,24.98,5587160.0,33099656.0,328893399.99999994,0.016987753478786748
2009-01-09,25.07,26.62,24.98,26.27,5661762.0,34046176.0,328893399.99999994,0.01721458077297994
2009-01-12,26.06,27.44,26.06,26.75,7119830.0,44560012.0,328893399.99999994,0.021647834830373615
2009-01-13,26.27,27.22,25.97,26.66,5803906.0,35673984.0,328893399.99999994,0.01764676943958134
2009-01-14,26.66,28.51,26.4,28.0,10833959.0,69326824.0,328893399.99999994,0.03294063973311718
2009-01-16,28.81,29.5,27.82,28.0,10784394.0,72058136.0,328893399.99999994,0.03278993740829096
2009-01-19,28.38,28.81,27.52,28.08,5978266.0,38965484.0,328893399.99999994,0.018176910816696232
2009-01-20,28.08,28.34,27.44,28.21,3280083.0,21264260.0,328893399.99999994,0.009973088544799016
2009-01-21,28.12,28.34,27.56,27.69,4191084.0,27216720.0,328893399.99999994,0.01274298602525925
2009-01-22,28.0,28.86,27.78,28.12,5772710.0,38073392.0,328893399.99999994,0.01755191803788097
2009-01-23,28.12,29.07,28.0,28.51,6376482.0,42428364.0,328893399.99999994,0.019387686101332534
2009-02-02,28.94,29.85,28.64,29.72,6600039.0,45098684.0,328893399.99999994,0.020067410899701852
2009-02-03,29.37,30.28,29.07,29.98,8868673.0,61098568.0,328893399.99999994,0.026965189936921815
2009-02-04,30.06,31.05,29.76,30.67,8047349.0,56837176.0,328893399.99999994,0.02446795527061352
2009-02-05,30.58,31.44,29.55,29.89,9534959.0,67704184.0,328893399.99999994,0.028991031744632155
2009-02-06,30.19,31.18,30.15,31.01,7628211.0,54478880.0,328893399.99999994,0.02319356666932204
2009-02-09,31.7,32.95,31.27,31.87,10971015.0,81423336.0,328893399.99999994,0.03335735834163897
2009-02-10,31.83,32.35,31.23,32.22,7171318.0,52714784.0,328893399.99999994,0.021804384034462235
2009-02-11,31.7,32.99,31.23,31.66,9843282.0,73146216.0,328893399.99999994,0.029928487467367853
2009-02-12,32.35,33.34,31.7,33.16,12901532.0,97890992.0,328893399.99999994,0.0392270930337915
2009-02-13,33.16,34.33,32.52,34.07,12801172.0,99399352.0,328893399.99999994,0.03892194857057029
2009-02-16,34.41,34.41,32.95,33.85,11907405.0,92730808.0,328893399.99999994,0.03620445104705659
2009-02-17,33.77,33.85,31.79,32.3,13035693.0,99013680.0,328893399.99999994,0.03963500939818191
2009-02-18,31.7,32.3,30.41,30.54,9152332.0,66571932.0,328893399.99999994,0.027827654796356516
2009-02-19,31.27,31.61,30.36,30.92,6407830.0,46030416.0,328893399.99999994,0.019482999658856033
2009-02-20,30.97,31.74,30.71,31.7,5795467.0,42220096.0,328893399.99999994,0.01762111066990095
2009-02-23,31.57,32.78,31.1,32.52,8349417.0,62331380.0,328893399.99999994,0.02538639267312753
2009-02-24,32.13,32.56,30.24,30.45,9787958.0,71194000.0,328893399.99999994,0.029760274909742798
2009-02-25,30.88,31.31,29.72,31.01,6889426.0,48987444.0,328893399.99999994,0.020947291736471457
2009-02-26,31.01,31.44,28.0,28.68,6353422.0,44374776.0,328893399.99999994,0.019317572198165125
2009-02-27,28.47,28.99,26.79,26.92,6193503.0,39851396.0,328893399.99999994,0.018831338664746695
2009-03-02,27.18,28.12,27.18,27.87,4122385.0,26542134.0,328893399.99999994,0.012534106795697332
2009-03-03,27.31,28.0,26.79,27.52,4183198.0,26651410.0,328893399.99999994,0.012719008651435392
2009-03-04,27.65,29.63,27.65,29.33,7286827.0,48493476.0,328893399.99999994,0.02215558901455609
2009-03-06,28.77,28.99,28.12,28.73,5946298.0,39513264.0,328893399.99999994,0.018079712149894164
2009-03-09,28.94,29.5,27.22,27.56,5152661.0,34212548.0,328893399.99999994,0.015666659774869307
2009-03-10,27.09,28.21,26.92,28.21,3157731.0,20200446.0,328893399.99999994,0.009601077431167669
2009-03-11,28.77,29.46,28.25,28.43,6203737.0,41602380.0,328893399.99999994,0.018862455129838425
2009-03-12,28.25,28.94,27.39,28.73,3535614.0,23246624.0,328893399.99999994,0.010750030252963423
2009-03-13,29.12,29.59,28.51,29.2,6111998.0,41250736.0,328893399.99999994,0.018583522807085823
2009-03-16,29.29,29.55,28.77,29.42,5246469.0,35557716.0,328893399.99999994,0.01595188288971442
2009-03-17,29.29,30.36,29.03,30.32,8039707.0,55578600.0,328893399.99999994,0.024444719778505746
2009-03-18,30.19,31.18,30.15,30.8,8278727.0,58900176.0,328893399.99999994,0.025171459810382334
2009-03-19,30.92,31.18,30.32,30.92,7045017.0,50433984.0,328893399.99999994,0.02142036599092594
2009-03-20,30.97,30.97,29.72,30.19,6020811.0,42317416.0,328893399.99999994,0.018306268839690918
2009-03-23,29.72,30.8,29.72,30.67,6273874.0,44258076.0,328893399.99999994,0.01907570659672709
2009-03-24,30.92,31.57,30.58,31.14,8860577.0,63914196.0,328893399.99999994,0.026940574058342312
2009-03-25,31.01,31.23,30.24,30.24,5385976.0,38443116.0,328893399.99999994,0.01637605376088423
2009-03-26,30.06,30.88,29.76,30.75,4670803.0,33044136.0,328893399.99999994,0.014201571086558748
2009-03-27,30.75,31.91,30.67,31.48,10503247.0,76465496.0,328893399.99999994,0.0319351102819333
2009-03-30,31.35,32.39,31.01,31.7,8645826.0,63962652.0,328893399.99999994,0.02628762389272634
2009-03-31,32.65,33.77,32.22,32.86,21955516.0,168260800.0,328893399.99999994,0.06675572085058565
2009-04-01,33.08,34.33,32.73,33.68,16745983.0,130385248.0,328893399.99999994,0.05091614182589253
2009-04-02,35.75,37.04,35.75,37.04,8669914.0,74223768.0,328893399.99999994,0.026360863428697572
2009-04-03,38.63,38.68,35.36,35.45,29407008.0,252551232.0,328893399.99999994,0.08941197360603771
2009-04-07,35.19,36.31,34.97,36.09,12592824.0,104363656.0,328893399.99999994,0.038288466719003794
2009-04-08,35.88,37.0,34.67,34.67,13851406.0,116071984.0,328893399.99999994,0.04211518382551916
2009-04-09,35.02,35.4,34.03,35.19,10001747.0,80781592.0,328893399.99999994,0.030410300115478153
2009-04-10,35.4,36.82,35.32,36.48,12365600.0,104167368.0,328893399.99999994,0.03759759241140139
2009-04-13,36.87,37.51,35.88,37.08,15250713.0,130245552.0,328893399.99999994,0.046369775130787064
2009-04-14,37.08,40.79,36.22,40.53,24338402.0,220622352.0,328893399.99999994,0.0740008829608621
2009-04-15,39.71,42.42,38.81,41.82,23136956.0,218150448.0,328893399.99999994,0.07034788779586336
2009-04-16,41.56,41.91,39.71,40.31,14202592.0,134692112.0,328893399.99999994,0.04318296444987951
2009-04-17,40.18,42.85,39.84,41.43,16054573.0,154842288.0,328893399.99999994,0.04881391052541645
2009-04-20,41.95,45.53,41.82,44.06,14017000.0,143970656.0,328893399.99999994,0.04261867218983416
2009-04-21,43.2,44.79,42.42,43.76,13297885.0,133946984.0,328893399.99999994,0.04043220386909559
2009-04-22,43.93,45.4,40.44,41.13,16623134.0,168655872.0,328893399.99999994,0.0505426195843395
2009-04-23,39.97,42.17,39.97,41.69,9665768.0,92271680.0,328893399.99999994,0.029388756356922948
2009-04-24,41.82,42.17,40.1,40.36,8051669.0,76827160.0,328893399.99999994,0.024481090225586775
2009-04-27,40.23,41.52,39.41,39.54,8709756.0,81583256.0,328893399.99999994,0.026482002983337465
2009-04-28,39.28,40.83,39.28,40.44,7900783.0,73605296.0,328893399.99999994,0.024022321518157558
2009-04-29,40.7,42.21,39.93,41.86,11449922.0,108872784.0,328893399.99999994,0.03481347451788331
2009-04-30,41.95,44.06,41.39,43.37,14063769.0,140306800.0,328893399.99999994,0.042760873279913805
2009-05-04,44.15,44.75,43.37,44.32,11041930.0,113162560.0,328893399.99999994,0.03357297531662235
2009-05-05,44.51,44.69,43.65,43.99,10178620.0,103876272.0,328893399.99999994,0.030948082266168922
2009-05-06,44.08,46.16,43.69,45.38,12982956.0,135621488.0,328893399.99999994,0.039474662611046624
2009-05-07,45.38,47.02,43.52,46.33,21064228.0,222369168.0,328893399.99999994,0.06404576072368738
2009-05-08,45.59,46.42,44.99,45.72,11030437.0,116259144.0,328893399.99999994,0.0335380308634956
2009-05-11,45.94,46.03,42.78,42.78,12914540.0,131740016.0,328893399.99999994,0.03926664384265541
2009-05-12,41.96,43.99,41.96,43.99,7462876.0,74625856.0,328893399.99999994,0.022690865794205664
2009-05-13,43.95,44.43,43.0,43.56,6606802.0,66723108.0,328893399.99999994,0.020087973793332433
2009-05-14,43.22,44.17,42.87,43.78,5916837.0,59712096.0,328893399.99999994,0.01799013601367495
2009-05-15,44.08,44.51,42.96,44.34,9294810.0,94761192.0,328893399.99999994,0.02826085898956927
2009-05-18,43.99,44.47,43.26,44.34,6075353.0,61801792.0,328893399.99999994,0.018472103727225908
2009-05-19,44.6,46.5,44.08,45.98,14676056.0,154743264.0,328893399.99999994,0.04462253119095732
2009-05-20,45.94,45.98,44.82,44.82,7276321.0,76400376.0,328893399.99999994,0.022123645533780857
2009-05-21,44.43,44.69,42.96,43.26,8530792.0,86146792.0,328893399.99999994,0.025937863149579778
2009-05-22,43.22,44.21,43.0,43.43,5191979.0,52428484.0,328893399.99999994,0.015786206108118924
2009-05-25,41.27,43.99,41.27,43.74,6148491.0,60812184.0,328893399.99999994,0.01869447973112261
2009-05-26,43.48,44.3,43.22,43.22,5532520.0,56017780.0,328893399.99999994,0.01682162062236579
2009-05-27,43.48,43.91,42.83,43.09,3687546.0,36915744.0,328893399.99999994,0.011211979322175516
2009-06-02,45.81,46.11,43.69,44.38,11886067.0,123799808.0,328893399.99999994,0.03613957288288546
2009-06-03,44.04,44.95,43.82,44.47,6349150.0,65372640.0,328893399.99999994,0.01930458318713602
2009-06-04,44.51,45.9,44.25,45.9,12035130.0,126003712.0,328893399.99999994,0.03659279876093592
2009-06-05,45.98,46.37,44.25,44.3,8249672.0,86015728.0,328893399.99999994,0.0250831181166907
2009-06-08,44.34,46.46,44.34,45.81,12414711.0,131370144.0,328893399.99999994,0.03774691434975588
2009-06-09,46.03,49.61,45.94,48.71,23383284.0,261986400.0,328893399.99999994,0.07109684779323636
2009-06-10,48.71,49.48,47.32,48.79,13224004.0,148528768.0,328893399.99999994,0.04020756877456344
2009-06-11,48.32,49.61,46.67,47.02,13273483.0,147564288.0,328893399.99999994,0.04035800961648973
2009-06-12,46.72,47.41,44.43,45.29,12880003.0,136349712.0,328893399.99999994,0.03916163413434262
2009-06-15,45.33,46.2,45.16,45.85,5421399.0,57297800.0,328893399.99999994,0.016483757351166063
2009-06-16,45.68,46.03,44.73,45.16,5908455.0,61894692.0,328893399.99999994,0.017964650552428237
2009-06-17,45.33,46.5,44.86,46.2,6304789.0,66937832.0,328893399.99999994,0.01916970361825443
2009-06-18,46.16,47.11,45.9,46.8,7373023.0,79382328.0,328893399.99999994,0.022417667852258516
2009-06-19,46.76,47.11,45.9,46.24,7092682.0,76160640.0,328893399.99999994,0.021565291367962997
2009-06-22,46.59,47.41,46.11,46.89,8374731.0,90749568.0,328893399.99999994,0.025463359860672184
2009-06-23,46.24,46.85,45.51,46.2,5878476.0,62780264.0,328893399.99999994,0.017873499437811767
2009-06-24,46.03,47.67,45.98,47.02,10486480.0,114234832.0,328893399.99999994,0.03188413023794336
2009-06-25,47.06,47.28,45.98,46.46,6558521.0,70654552.0,328893399.99999994,0.01994117546901215
2009-06-26,46.33,48.23,46.29,47.93,11776973.0,129329048.0,328893399.99999994,0.03580787270282712
2009-06-29,47.97,48.71,47.02,48.27,11334453.0,125586376.0,328893399.99999994,0.03446239115774291
2009-06-30,48.88,51.77,48.88,50.61,23407924.0,273306464.0,328895050.0,0.07117140863019981
2009-07-01,49.92,51.3,49.79,50.3,12097795.0,140807552.0,328895050.0,0.036783147085977734
2009-07-02,51.21,51.69,49.74,50.56,12504030.0,146501152.0,328895050.0,0.038018297934249844
2009-07-03,50.35,51.21,49.09,50.61,12914011.0,150186656.0,328895050.0,0.03926483843402325
2009-07-06,50.74,53.55,49.74,53.16,18410760.0,220168432.0,328895050.0,0.055977613527476315
2009-07-07,53.16,53.16,51.64,52.03,12248072.0,148410144.0,328895050.0,0.03724006183735511
2009-07-08,52.94,55.23,52.77,52.94,18102796.0,224509216.0,328895050.0,0.05504125404137277
2009-07-09,52.94,54.37,52.6,53.81,12300318.0,152369920.0,328895050.0,0.0373989149426238
2009-07-10,54.41,54.54,52.72,52.94,12476662.0,154195696.0,328895050.0,0.037935085979554875
2009-07-13,52.94,53.16,52.08,52.51,9700818.0,118068384.0,328895050.0,0.029495177869049715
2009-07-14,52.64,53.98,52.64,53.63,8158709.0,101067504.0,328895050.0,0.024806420771610882
2009-07-15,53.68,54.8,53.59,54.11,11326642.0,141997808.0,328895050.0,0.03443846904962541
2009-07-16,54.24,54.58,52.72,52.72,10407653.0,128466400.0,328895050.0,0.031644298082321394
2009-07-20,53.98,54.45,52.98,53.42,10500087.0,129936152.0,328895050.0,0.03192534214181697
2009-07-21,54.02,57.05,53.63,54.5,18440042.0,236088928.0,328895050.0,0.05606664496774883
2009-07-22,54.5,56.83,54.06,56.23,16523457.0,214322000.0,328895050.0,0.05023929974014507
2009-07-23,56.48,57.31,55.23,57.05,13155636.0,171346864.0,328895050.0,0.03999949527972525
2009-07-24,56.31,56.83,51.47,54.58,15694344.0,199623424.0,328895050.0,0.047718395275331754
2009-07-27,55.06,55.92,54.5,54.89,9783925.0,124746040.0,328895050.0,0.029747863338168208
2009-07-28,55.32,55.4,53.59,55.14,12152706.0,152027360.0,328895050.0,0.03695010307999467
2009-07-29,54.67,54.67,49.61,50.78,12832544.0,155743035.0,328895050.0,0.03901713935798061
2009-07-30,50.91,51.77,49.44,51.26,7678155.0,90213208.0,328895050.0,0.02334530422394621
2009-07-31,51.82,53.46,51.39,53.03,7988708.0,97577992.0,328895050.0,0.02428953552204571
2009-08-03,53.16,53.85,52.42,53.16,7878837.0,96593024.0,328895050.0,0.02395547455031628
2009-08-04,53.33,53.59,51.47,52.42,7296647.0,88544584.0,328895050.0,0.022185335413226804
2009-08-05,52.51,53.72,52.42,53.68,9459924.0,116321664.0,328895050.0,0.028762743616846772
2009-08-06,53.07,53.63,51.86,53.03,6595110.0,80697768.0,328895050.0,0.020052323681976972
2009-08-07,53.03,54.24,52.55,52.72,10099794.0,124850736.0,328895050.0,0.030708257846994047
2009-08-10,53.16,54.19,52.98,53.98,7858858.0,97566672.0,328895050.0,0.02389472872881486
2009-08-11,54.45,55.71,54.11,55.62,13506545.0,172255392.0,328895050.0,0.041066428333293555
2009-08-12,55.66,55.66,51.69,52.08,9547056.0,118523688.0,328895050.0,0.029027667032386167
2009-08-13,52.51,53.07,50.56,51.13,8750384.0,103774344.0,328895050.0,0.02660539889548353
2009-08-14,50.61,51.26,47.37,47.37,9796499.0,110518576.0,328895050.0,0.02978609437873875
2009-08-17,47.02,47.06,43.13,43.3,9515897.0,98784544.0,328895050.0,0.028932928604428677
2009-08-18,42.48,45.03,42.4,44.9,6100899.0,62425380.0,328895050.0,0.01854968325002155
2009-08-19,44.99,45.38,43.22,45.08,6598602.0,67827832.0,328895050.0,0.020062941050648223
2009-08-20,44.56,47.41,44.08,46.98,10531708.0,112581336.0,328895050.0,0.03202148527318973
2009-08-21,46.59,48.66,46.24,48.53,12602407.0,138778176.0,328895050.0,0.0383174115876782
2009-08-24,48.92,49.79,48.06,48.96,11592387.0,130596632.0,328895050.0,0.03524646235934533
2009-08-25,48.84,51.0,46.37,50.05,14695748.0,165208064.0,328895050.0,0.044682180531449164
2009-08-26,49.01,50.87,48.66,49.7,10962424.0,126554240.0,328895050.0,0.03333107020005318
2009-08-27,49.61,51.04,48.84,49.66,8030102.0,92921064.0,328895050.0,0.024415393299473495
2009-08-28,49.48,49.53,47.11,47.11,6797283.0,75270712.0,328895050.0,0.020667027369369043
2009-08-31,46.16,47.02,43.74,43.87,5778731.0,60740132.0,328895050.0,0.017570136735107444
2009-09-01,43.3,44.99,43.26,44.08,4132430.0,42222164.0,328895050.0,0.012564585572206088
2009-09-02,44.08,44.77,43.61,44.38,2642632.0,27008476.0,328895050.0,0.008034879211468825
2009-09-03,44.38,46.85,44.12,46.63,5216056.0,55072016.0,328895050.0,0.015859332635136954
2009-09-04,46.16,48.62,46.16,47.54,7076756.0,77786152.0,328895050.0,0.021516760437714097
2009-09-07,47.32,48.4,47.19,47.88,6956990.0,77058808.0,328895050.0,0.021152613880932536
2009-09-08,47.54,48.62,46.76,48.01,5078013.0,56170936.0,328895050.0,0.015439615159911954
2009-09-09,48.32,48.49,47.32,47.93,5210607.0,57603012.0,328895050.0,0.015842765040094096
2009-09-10,47.88,47.88,46.76,46.93,4343761.0,47519640.0,328895050.0,0.013207134008249743
2009-09-11,46.72,50.35,46.72,50.09,16196959.0,185711664.0,328895050.0,0.0492465879313173
2009-09-14,50.69,53.89,50.0,52.34,22213532.0,265914928.0,328895050.0,0.06753987936273288
2009-09-15,51.82,53.55,51.13,51.86,14657499.0,177020320.0,328895050.0,0.04456588507488939
2009-09-16,52.98,54.45,52.16,53.5,19419350.0,239908752.0,328895050.0,0.05904421486428574
2009-09-17,53.81,57.78,53.16,56.05,28863948.0,369207520.0,328895050.0,0.08776036002974201
2009-09-18,56.44,59.16,54.02,54.89,34079208.0,449371072.0,328895050.0,0.10361727243994703
2009-09-29,49.65,49.65,49.65,49.65,2141800.0,21846360.0,328895050.0,0.006512107737711468
2009-09-30,47.46,49.11,47.41,47.7,11083112.0,109641256.0,328895050.0,0.033698020082698114
2009-10-09,48.19,50.82,47.8,50.04,7920663.0,80511464.0,328895050.0,0.024082645816651847
2009-10-12,50.18,50.87,49.26,50.28,7178414.0,73985792.0,328895050.0,0.021825849917777723
2009-10-13,50.28,51.21,49.75,50.91,5492912.0,57069900.0,328895050.0,0.016701108757945733
2009-10-14,50.82,52.47,50.43,50.82,8305838.0,87743920.0,328895050.0,0.025253764080669504
2009-10-15,50.62,51.25,49.26,49.94,10409705.0,107477160.0,407601665.99999994,0.025538916712867413
2009-10-16,50.28,51.84,49.94,51.69,9467520.0,98751672.0,407601665.99999994,0.02322738298130509
2009-10-19,51.69,55.34,51.69,55.15,16854516.0,186382992.0,407601665.99999994,0.04135045905332488
2009-10-20,55.34,55.88,54.27,55.25,12734944.0,143263168.0,407601665.99999994,0.031243601442983313
2009-10-21,55.25,56.37,54.56,55.1,11586581.0,132342984.0,407601665.99999994,0.028426235627800406
2009-10-22,54.61,55.44,53.83,54.08,9281343.0,103711464.0,407601665.99999994,0.022770620863949074
2009-10-23,54.08,54.91,53.98,54.27,8803822.0,98466608.0,407601665.99999994,0.02159908247283759
2009-10-26,54.52,55.29,54.08,54.86,7399185.0,83272424.0,407601665.99999994,0.01815298026774994
2009-10-27,54.71,54.71,51.74,51.94,11697041.0,126935944.0,407601665.99999994,0.02869723550148591
2009-10-28,51.6,53.2,50.82,52.96,8480207.0,90392680.0,407601665.99999994,0.02080513331366021
2009-10-29,51.64,52.37,51.21,51.84,5434069.0,57765136.0,407601665.99999994,0.013331812534838856
2009-10-30,52.62,52.81,50.87,51.11,6611721.0,70538016.0,407601665.99999994,0.01622103526927194
2009-11-02,50.13,52.42,49.65,52.33,7731378.0,81036656.0,407601665.99999994,0.018967974483205377
2009-11-03,52.08,53.25,52.08,52.96,8497173.0,92129680.0,407601665.99999994,0.020846757284843878
2009-11-04,52.91,54.08,52.71,53.1,8761095.0,96144824.0,407601665.99999994,0.021494257091677346
2009-11-05,53.83,55.15,53.69,54.71,13587443.0,152442144.0,407601665.99999994,0.033335101726497854
2009-11-06,54.86,55.2,54.27,54.47,10711470.0,120208936.0,407601665.99999994,0.02627925961421365
2009-11-09,54.37,54.91,53.54,54.32,8170843.0,90937584.0,407601665.99999994,0.020046147210791825
2009-11-10,54.56,54.71,53.74,54.32,8384427.0,93377568.0,407601665.99999994,0.020570148994435173
2009-11-11,54.32,55.29,54.32,54.81,10370621.0,116823096.0,407601665.99999994,0.025443028979179886
2009-11-13,54.91,54.95,53.49,54.61,10024361.0,111361872.0,407601665.99999994,0.024593523128534026
2009-11-16,54.95,56.22,54.66,55.78,14711676.0,167855488.0,407601665.99999994,0.03609326758738028
2009-11-17,55.98,56.02,55.2,55.59,10823746.0,123548256.0,407601665.99999994,0.026554714818069466
2009-11-18,55.73,55.88,54.76,55.2,10474443.0,118868624.0,407601665.99999994,0.025697743345337556
2009-11-19,55.25,57.1,55.15,57.1,17256612.0,199952672.0,407601665.99999994,0.04233695158645402
2009-11-20,56.71,57.63,56.37,57.05,13655664.0,160480560.0,407601665.99999994,0.033502473466337605
2009-11-23,57.29,57.63,56.61,57.58,11431562.0,134282272.0,407601665.99999994,0.028045915788774037
2009-11-24,57.68,57.87,53.54,53.83,17435084.0,200612880.0,407601665.99999994,0.04277481044446958
2009-11-25,53.54,54.95,52.71,54.86,10858933.0,120021776.0,407601665.99999994,0.026641041746870587
2009-11-26,54.95,55.05,51.3,51.84,12460227.0,136055808.0,407601665.99999994,0.030569617446068047
2009-11-27,51.35,52.33,50.67,50.87,8155250.0,86017328.0,407601665.99999994,0.02000789172436798
2009-11-30,51.35,52.76,51.11,52.67,7040229.0,75308624.0,407601665.99999994,0.01727232635992219
2009-12-01,52.47,54.03,52.23,53.98,7748727.0,84914472.0,407601665.99999994,0.01901053809726087
2009-12-02,54.03,55.0,53.69,54.76,9633053.0,107728096.0,407601665.99999994,0.023633497611857165
2009-12-03,54.81,55.59,54.47,55.2,9013285.0,101893864.0,407601665.99999994,0.022112973895450177
2009-12-04,55.25,55.73,52.71,53.79,10577924.0,117821296.0,407601665.99999994,0.02595162111040047
2009-12-07,53.83,57.83,53.83,57.34,21106834.0,244226832.0,407601665.99999994,0.051782992466964065
2009-12-08,57.24,60.16,56.07,58.75,29966404.0,359573152.0,407601665.99999994,0.07351884572522822
2009-12-09,57.68,60.11,57.1,59.33,23105138.0,280241568.0,407601665.99999994,0.05668558283076302
2009-12-10,59.38,60.79,57.97,58.95,14667702.0,178703264.0,407601665.99999994,0.03598538284679141
2009-12-11,58.9,59.72,57.58,57.68,10693047.0,128818176.0,407601665.99999994,0.026234061074716025
2009-12-14,58.31,62.74,57.68,62.4,22504084.0,277801920.0,407601665.99999994,0.055210971586166196
2009-12-15,61.77,63.33,60.99,61.33,19151728.0,245106784.0,407601665.99999994,0.04698638302425389
2009-12-16,61.18,62.3,60.36,61.57,11434473.0,143885440.0,407601665.99999994,0.02805305756527502
2009-12-17,61.87,62.4,58.6,58.6,13098597.0,162273424.0,407601665.99999994,0.03213577885621302
2009-12-18,57.92,64.15,57.58,61.67,22921870.0,288591616.0,407601665.99999994,0.0562359575831567
2009-12-21,61.82,62.25,58.9,61.48,14773235.0,182996640.0,407601665.99999994,0.03624429493867673
2009-12-22,61.09,65.08,60.41,62.55,25070808.0,325797984.0,407601665.99999994,0.061508109733781124
2009-12-23,62.35,65.95,61.57,64.64,25146572.0,333380704.0,407601665.99999994,0.06169398728610693
2009-12-24,64.64,66.59,64.01,65.71,20797484.0,278985472.0,407601665.99999994,0.051024040711354704
2009-12-25,65.47,69.02,64.74,67.85,19769444.0,275581312.0,407601665.99999994,0.04850187241383847
2009-12-28,68.68,73.79,68.39,73.64,28005396.0,411011808.0,407601665.99999994,0.06870775645946453
2009-12-29,72.67,73.5,71.07,72.53,21960642.0,326169376.0,407601665.99999994,0.05387770421919719
2009-12-30,72.28,74.18,71.02,72.57,23093278.0,343615168.0,407601665.99999994,0.05665648579561989
2009-12-31,72.53,75.35,71.75,72.09,20332292.0,306412064.0,407601665.99999994,0.049882749988563596
2010-01-04,71.84,74.96,70.09,73.4,17023610.0,253737024.0,407601665.99999994,0.04176531015454682
2010-01-05,73.4,75.84,72.82,73.5,14413443.0,219462784.0,407601665.99999994,0.03536159000881022
2010-01-06,73.01,73.79,71.8,72.77,11319599.0,168471189.0,407601665.99999994,0.027771228491494934
2010-01-07,72.28,72.77,68.44,69.02,12063649.0,175845088.0,407601665.99999994,0.029596662639744954
2010-01-08,68.39,71.11,68.34,71.07,10458336.0,149595664.0,407601665.99999994,0.025658226823832467
2010-01-11,71.7,74.23,69.9,72.77,11876055.0,176801632.0,407601665.99999994,0.02913642408910076
2010-01-12,72.62,75.79,71.84,75.35,14678900.0,225648417.0,407601665.99999994,0.03601285574725792
2010-01-13,73.69,77.88,73.3,76.47,17531166.0,274768448.0,407601665.99999994,0.04301053568313924
2010-01-14,77.39,82.55,77.39,81.48,25964388.0,429099040.0,407601665.99999994,0.06370039714214515
2010-01-15,82.16,83.92,79.83,82.16,20203140.0,339131680.0,407601665.99999994,0.04956589161733211
2010-01-18,82.21,83.19,80.31,82.11,12092235.0,202988304.0,407601665.99999994,0.02966679483591709
2010-01-19,82.16,83.67,80.46,82.45,10231544.0,172512304.0,407601665.99999994,0.025101820854677277
2010-01-20,83.09,83.14,78.85,79.73,14869563.0,246995456.0,407601665.99999994,0.03648062370775492
2010-01-21,79.34,82.7,79.15,81.34,8968607.0,149497056.0,407601665.99999994,0.022003361978407618
2010-01-22,80.12,81.38,76.08,78.07,9491176.0,153758528.0,407601665.99999994,0.023285420035550102
2010-01-25,77.49,78.46,75.4,75.4,6941394.0,109374632.0,407601665.99999994,0.017029846978103374
2010-01-27,72.43,76.61,69.12,72.77,10327663.0,153985824.0,407601665.99999994,0.025337636868245778
2010-01-28,71.8,74.72,71.6,73.16,5865771.0,88409192.0,407601665.99999994,0.014390939707297469
2010-01-29,72.77,75.84,72.53,74.33,6298081.0,96705040.0,407601665.99999994,0.015451558532147906
2010-02-01,74.08,74.28,71.31,71.65,5772748.0,86267544.0,407601665.99999994,0.014162719344724172
2010-02-02,72.48,73.6,71.31,71.55,4758707.0,70723328.0,407601665.99999994,0.011674895852854538
2010-02-03,71.84,73.21,69.26,73.21,5973283.0,88054608.0,407601665.99999994,0.014654707029583144
2010-02-04,73.45,79.68,72.72,77.39,10888842.0,172053456.0,407601665.99999994,0.026714419759020322
2010-02-05,75.49,78.76,74.96,77.49,7802057.0,123649176.0,407601665.99999994,0.019141376620379173
2010-02-08,77.15,79.24,75.35,75.69,5540457.0,87503008.0,407601665.99999994,0.013592822262900173
2010-02-09,75.45,76.66,72.77,73.11,5785107.0,88212704.0,407601665.99999994,0.01419304061431388
2010-02-10,73.89,75.35,73.06,75.2,3048973.0,46623460.0,407601665.99999994,0.007480276098773356
2010-02-11,74.86,75.93,74.72,74.91,2894621.0,44705984.0,407601665.99999994,0.007101592661301832
2010-02-12,75.79,75.88,74.91,75.45,2799115.0,43370836.0,407601665.99999994,0.006867280567003376
2010-02-22,75.15,76.42,74.96,75.3,3447199.0,53614696.0,407601665.99999994,0.008457274068158495
2010-02-23,75.25,77.64,73.84,77.3,5548965.0,86420080.0,407601665.99999994,0.01361369558288312
2010-02-24,76.66,79.49,76.52,79.34,7724273.0,125078872.0,407601665.99999994,0.01895054324925159
2010-02-25,80.26,81.14,78.9,79.68,5990273.0,98204880.0,407601665.99999994,0.014696389881782282
2010-02-26,79.34,80.56,79.15,79.53,5130638.0,84201256.0,407601665.99999994,0.012587382309668972
2010-03-01,79.63,80.22,78.85,79.34,5539912.0,90488456.0,407601665.99999994,0.013591485173173951
2010-03-02,79.63,80.36,78.03,79.83,8998588.0,146341760.0,407601665.99999994,0.02207691663360375
2010-03-03,79.44,79.92,78.17,79.73,6375022.0,103626008.0,407601665.99999994,0.015640323707607224
2010-03-04,79.53,81.14,77.64,77.88,9689101.0,158736656.0,407601665.99999994,0.02377100440997707
2010-03-05,78.07,78.56,74.96,75.25,8775554.0,137634528.0,407601665.99999994,0.021529730450120393
2010-03-08,75.54,78.17,75.54,77.34,5004853.0,79295368.0,407601665.99999994,0.012278784454232335
2010-03-09,76.81,76.86,74.37,75.01,7454897.0,115111064.0,407601665.99999994,0.018289662731653313
2010-03-10,75.06,76.52,73.01,74.18,6135117.0,93667504.0,407601665.99999994,0.015051746623626412
2010-03-11,73.99,74.96,73.4,74.42,3518191.0,53619224.0,407601665.99999994,0.008631444111909005
2010-03-12,74.91,75.06,73.69,73.69,3350483.0,51144764.0,407601665.99999994,0.008219993389330259
2010-03-15,73.69,74.13,70.92,72.57,4625073.0,68624200.0,407601665.99999994,0.011347041451984646
2010-03-16,72.87,73.74,72.14,73.5,2220793.0,33282408.0,407601665.99999994,0.005448439457556094
2010-03-17,73.45,76.13,73.06,75.98,5683615.0,87867880.0,407601665.99999994,0.01394404261340777
2010-03-18,75.98,78.41,75.84,77.39,7924569.0,125933024.0,407601665.99999994,0.01944194457733154
2010-03-19,77.15,78.8,76.81,77.73,6375151.0,102209680.0,407601665.99999994,0.015640640193065356
2010-03-22,77.64,78.27,75.93,77.39,5866405.0,92785328.0,407601665.99999994,0.014392495147456047
2010-03-23,77.39,77.54,75.98,76.71,3875513.0,61021912.0,407601665.99999994,0.009508089203933727
2010-03-24,76.86,79.78,76.86,78.76,12317138.0,199238736.0,407601665.99999994,0.03021856637847992
2010-03-25,78.85,81.97,78.37,80.7,16371688.0,269371680.0,407601665.99999994,0.04016590059766832
2010-03-26,80.36,80.85,78.37,79.49,8721150.0,142398640.0,407601665.99999994,0.021396257001559952
2010-03-29,79.53,80.99,78.41,78.61,7422340.0,120859160.0,407601665.99999994,0.018209788180797087
2010-03-30,78.95,79.68,78.37,78.71,6536031.0,105783720.0,407601665.99999994,0.016035339266743824
2010-03-31,78.85,85.18,78.85,84.4,24278232.0,411679872.0,407601665.99999994,0.05956362307900872
2010-04-01,85.47,88.93,84.16,87.37,22041226.0,393352480.0,407601665.99999994,0.05407540704212922
2010-04-02,87.03,89.46,86.15,88.34,26629812.0,479701632.0,407601665.99999994,0.06533293217697497
2010-04-06,87.61,88.34,85.47,87.57,17407344.0,309799840.0,407601665.99999994,0.042706753804092654
2010-04-08,88.05,88.83,85.67,86.93,14747241.0,264398352.0,407601665.99999994,0.036180521892175
2010-04-09,86.93,87.52,85.96,87.18,17163936.0,305631456.0,407601665.99999994,0.04210958254522935
2010-04-12,87.57,89.56,85.18,88.83,26326092.0,474638624.0,407601665.99999994,0.06458779292624384
2010-04-13,88.69,93.36,87.61,91.41,33264060.0,619194688.0,407601665.99999994,0.08160923463938934
2010-04-14,91.02,93.84,89.8,91.41,15032984.0,284837056.0,407601665.99999994,0.03688155680894593
2010-04-15,91.75,92.73,90.1,92.24,10998645.0,207122368.0,407601665.99999994,0.02698380776490742
2010-04-16,93.21,93.21,89.32,89.85,8624130.0,160942800.0,407601665.99999994,0.021158230496535806
2010-04-19,89.42,93.36,86.49,87.52,17851800.0,333507328.0,407601665.99999994,0.04379717132952053
2010-04-20,87.61,95.31,86.06,94.14,18438006.0,344910048.0,407601665.99999994,0.04523535485254862
2010-04-21,95.21,101.0,94.96,98.71,23136894.0,465839712.0,407601665.99999994,0.05676349222772805
2010-04-22,98.32,103.14,97.25,100.03,26419436.0,545265856.0,407601665.99999994,0.064816800822399
2010-04-23,100.27,102.46,96.77,98.27,18088336.0,370132064.0,407601665.99999994,0.0443774829909552
2010-04-26,98.81,101.58,97.4,100.37,9408468.0,192939440.0,407601665.99999994,0.023082506242749268
2010-04-27,101.78,103.04,95.26,98.03,19187612.0,389501728.0,407601665.99999994,0.04707441995587919
2010-04-28,95.4,99.3,93.46,95.35,11907079.0,235745520.0,407601665.99999994,0.02921253761509405
2010-04-29,95.5,97.11,92.38,92.48,10970313.0,213664416.0,407601665.99999994,0.026914298726148977
2010-04-30,92.77,98.81,88.59,98.81,19975968.0,387848704.0,407601665.99999994,0.04900855336543203
2010-05-04,96.86,101.73,96.38,96.62,13534996.0,273878336.0,407601665.99999994,0.0332064295340736
2010-05-05,94.92,101.0,91.9,100.76,14569172.0,291412096.0,407601665.99999994,0.03574365174454415
2010-05-06,100.27,102.56,98.42,98.91,16971622.0,352074944.0,407601665.99999994,0.04163776406154337
2010-05-07,95.4,99.49,92.92,94.04,12672955.0,250076560.0,407601665.99999994,0.03109151914015975
2010-05-10,93.11,95.01,85.67,87.13,11467007.0,211689504.0,407601665.99999994,0.028132875688491425
2010-05-12,82.75,85.67,78.41,82.02,17695996.0,296514976.0,407601665.99999994,0.04341492559061327
2010-05-13,81.38,85.13,79.34,84.45,10774069.0,183570688.0,407601665.99999994,0.026432838476180325
2010-05-14,83.14,91.27,82.8,88.49,13645251.0,247056192.0,407601665.99999994,0.03347692646575199
2010-05-17,86.64,89.71,84.55,84.84,9634990.0,171107888.0,407601665.99999994,0.023638249800480456
2010-05-18,82.84,88.44,82.41,87.47,8441189.0,148285904.0,407601665.99999994,0.020709407502765214
2010-05-19,86.4,89.32,85.57,86.79,6713976.0,120825984.0,407601665.99999994,0.01647190519579476
2010-05-20,85.67,89.12,85.18,86.49,6026784.0,108419448.0,407601665.99999994,0.014785965079936647
2010-05-21,83.62,88.88,83.19,88.1,8603437.0,153780240.0,407601665.99999994,0.021107462794325283
2010-05-24,88.59,91.9,88.59,91.41,12163308.0,227523680.0,407601665.99999994,0.029841163603094797
2010-05-25,90.78,92.92,88.83,90.29,9276783.0,173073424.0,407601665.99999994,0.0227594334710104
2010-05-26,90.68,91.42,88.14,89.7,6757060.0,123446600.0,407601665.99999994,0.01657760643206007
2010-05-27,89.21,92.35,88.09,91.96,7617567.0,140917968.0,407601665.99999994,0.01868875334773534
2010-05-28,93.42,94.55,91.61,92.25,10272126.0,195563376.0,407601665.99999994,0.025201383745080182
2010-05-31,91.81,92.2,87.99,87.99,6416405.0,118467936.0,407601665.99999994,0.01574185175190133
2010-06-01,87.06,87.65,83.39,84.37,6255975.0,108763888.0,407601665.99999994,0.015348256697262863
2010-06-02,83.88,86.87,83.78,86.87,4236661.0,73616704.0,407601665.99999994,0.0103941209111741
2010-06-03,87.6,88.87,85.2,85.35,5934338.0,106033344.0,407601665.99999994,0.014559160315110196
2010-06-04,84.91,86.91,84.42,86.28,3467312.0,60956780.0,407601665.99999994,0.008506618812495238
2010-06-07,84.66,86.87,83.93,85.64,6008273.0,104776936.0,407601665.99999994,0.014740550643382309
2010-06-08,85.54,87.99,85.4,87.01,6154670.0,109266112.0,407601665.99999994,0.015099717477602265
2010-06-09,87.6,91.27,87.21,90.59,10219996.0,186699920.0,407601665.99999994,0.025073489272735214
2010-06-10,90.1,92.0,89.66,90.44,7483115.0,138893904.0,407601665.99999994,0.018358892085588288
2010-06-11,90.93,91.47,89.12,89.17,5437186.0,99695840.0,407601665.99999994,0.013339459706722593
2010-06-17,89.8,91.76,87.5,87.8,6639804.0,121667328.0,407601665.99999994,0.016289933417494917
2010-06-18,86.62,87.36,82.71,83.15,8606284.0,148004672.0,407601665.99999994,0.02111444755478502
2010-06-21,83.2,85.64,81.63,85.1,5099211.0,87497280.0,407601665.99999994,0.012510280073290967
2010-06-22,84.91,85.4,83.73,84.08,4474556.0,77196160.0,407601665.99999994,0.010977766710109572
2010-06-23,83.68,85.01,83.05,83.44,4805802.0,82370848.0,407601665.99999994,0.011790437578829721
2010-06-24,84.17,84.91,82.66,84.32,4867009.0,83442136.0,407601665.99999994,0.011940601341899325
2010-06-25,83.73,84.17,81.63,81.87,4814153.0,81412384.0,407601665.99999994,0.01181092571883649
2010-06-28,81.78,82.46,76.25,77.23,6203262.0,100525296.0,407601665.99999994,0.015218931906917183
2010-06-29,77.52,78.11,71.01,71.11,9903706.0,148921488.0,407601665.99999994,0.0242975110901534
2010-06-30,71.06,71.4,67.98,68.37,6793135.0,96577968.0,407601678.0,0.016666111467774674
2010-07-01,68.51,70.86,67.54,70.72,9569546.0,135608688.0,407601678.0,0.023477690393610206
2010-07-02,69.88,71.45,67.58,70.47,8839718.0,125385856.0,407601678.0,0.021687148206489964
2010-07-05,69.15,70.08,68.37,69.15,4873975.0,68889056.0,407601678.0,0.011957691204598034
2010-07-06,68.91,72.33,68.91,71.84,7155072.0,103884480.0,407601678.0,0.017554078862256302
2010-07-07,72.18,72.97,70.91,72.23,6736526.0,98993552.0,407601678.0,0.016527228330007023
2010-07-08,72.38,73.36,69.79,70.32,6744156.0,98424472.0,407601678.0,0.01654594758562304
2010-07-09,71.01,75.76,70.37,74.44,13146031.0,197798896.0,407601678.0,0.03225215132701196
2010-07-12,74.09,75.85,73.8,75.61,9362619.0,143113248.0,407601678.0,0.022970020746577988
2010-07-13,74.88,75.12,73.07,73.85,7236483.0,109519512.0,407601678.0,0.01775381062096609
2010-07-14,73.95,74.88,73.7,74.53,6917049.0,105143680.0,407601678.0,0.016970119048430415
2010-07-15,74.44,74.97,72.28,72.33,5870928.0,88555024.0,407601678.0,0.014403591341446833
2010-07-16,72.04,73.07,70.62,72.67,4787302.0,70308168.0,407601678.0,0.01174504978362724
2010-07-19,71.99,76.25,71.16,75.27,6762162.0,102771112.0,407601678.0,0.016590123066176386
2010-07-20,75.46,77.47,75.37,77.03,8269158.0,129422784.0,407601678.0,0.020287350240005636
2010-07-21,77.42,78.89,76.83,78.45,8801595.0,140275328.0,407601678.0,0.021593618169550324
2010-07-22,77.37,78.79,76.78,78.25,12733159.0,202534320.0,407601678.0,0.031239221247759436
2010-07-23,78.06,78.79,76.34,77.37,9687206.0,153427056.0,407601678.0,0.023766354563437297
2010-07-26,77.71,78.25,76.49,77.71,8635265.0,136564592.0,407601678.0,0.021185548210623413
2010-07-27,77.71,78.74,77.32,78.45,11089622.0,177393904.0,407601678.0,0.027207007719924056
2010-07-28,78.45,79.92,77.47,79.53,13428801.0,216786704.0,407601678.0,0.03294589233756785
2010-07-29,79.92,80.65,78.45,80.31,11150202.0,181339968.0,407601678.0,0.027355633212088986
2010-07-30,80.45,80.45,78.3,79.08,6751212.0,109255536.0,407601678.0,0.016563258603660605
2010-08-02,79.77,81.04,78.3,80.45,11024403.0,180685824.0,407601678.0,0.027047001018479615
2010-08-03,80.36,85.1,80.36,82.71,21740106.0,367275872.0,407601678.0,0.053336644997815735
2010-08-04,82.12,84.96,81.78,84.81,13842570.0,235167344.0,407601678.0,0.03396102309470865
2010-08-05,85.01,85.01,82.46,83.34,8894217.0,152246288.0,407601678.0,0.02182085472180024
2010-08-06,83.24,87.36,81.53,87.11,16963468.0,294054688.0,407601678.0,0.04161775801129062
2010-08-10,88.09,89.56,81.68,81.73,21418380.0,372333312.0,407601678.0,0.05254733028846854
2010-08-11,81.24,83.2,80.5,82.07,8744066.0,145705088.0,407601678.0,0.021452477926256232
2010-08-12,80.8,82.31,79.77,79.77,6159899.0,101895512.0,407601678.0,0.015112545733926052
2010-08-13,79.77,81.78,79.77,81.78,5725916.0,94622992.0,407601678.0,0.014047822442968452
2010-08-16,81.83,83.93,80.99,83.05,10896516.0,183848224.0,407601678.0,0.026733246176675454
2010-08-17,83.2,84.61,82.76,83.83,9162014.0,156453472.0,407601678.0,0.022477861339913325
2010-08-18,83.83,83.83,81.78,82.22,8025660.0,135699936.0,407601678.0,0.019689958194921857
2010-08-19,82.27,83.59,81.48,83.1,8011064.0,135295632.0,407601678.0,0.01965414872506977
2010-08-20,83.1,83.59,80.75,80.75,7324781.0,122879712.0,407601678.0,0.017970438777241738
2010-08-23,80.8,81.87,80.6,81.09,5426419.0,90123048.0,407601678.0,0.013313043819216074
2010-08-24,80.8,81.63,78.99,81.04,9928642.0,162789664.0,407601678.0,0.024358687748091166
2010-08-25,80.26,80.7,77.37,77.42,8183324.0,132047568.0,407601678.0,0.020076767201139933
2010-08-26,78.15,79.28,77.47,79.13,5285494.0,84564304.0,407601678.0,0.012967301866701343
2010-08-27,79.13,79.92,77.57,79.53,5769774.0,92596240.0,407601678.0,0.01415542258881476
2010-08-30,79.57,81.43,79.57,81.14,6868938.0,113445600.0,407601678.0,0.016852084696275464
2010-08-31,80.8,81.14,80.06,80.75,7239763.0,119149552.0,407601678.0,0.017761857692842963
2010-09-01,81.63,84.57,81.24,83.39,16418278.0,278697472.0,407601678.0,0.040280202183073446
2010-09-02,84.17,84.96,83.2,84.03,10630522.0,182288992.0,407601678.0,0.026080662994719075
2010-09-03,84.08,84.32,82.22,83.2,9054713.0,153741376.0,407601678.0,0.022214611687638833
2010-09-06,84.17,84.42,82.76,83.68,7907370.0,135138640.0,407601678.0,0.019399748398484268
2010-09-07,84.17,84.57,81.73,83.24,9674217.0,164371696.0,407601678.0,0.023734487668129765
2010-09-08,83.05,83.93,82.27,83.88,8959339.0,152100688.0,407601678.0,0.021980623445814175
2010-09-09,84.13,86.62,83.73,84.22,15938349.0,276778688.0,407601678.0,0.039102756098074745
2010-09-10,84.32,85.45,82.36,84.66,10820280.0,186412640.0,407601678.0,0.026546210636551895
2010-09-13,85.45,87.6,84.71,87.31,16402071.0,289949632.0,407601678.0,0.04024044032517452
2010-09-14,87.11,87.84,86.03,86.62,10251574.0,181842400.0,407601678.0,0.025150961228378458
2010-09-15,86.57,86.57,82.36,83.2,10023213.0,173550432.0,407601678.0,0.02459070592933133
2010-09-16,82.8,83.68,79.23,80.01,11277730.0,185652592.0,407601678.0,0.02766850729206272
2010-09-17,80.5,81.53,80.16,80.85,5815008.0,96025608.0,407601678.0,0.014266398579448438
2010-09-20,81.24,81.24,78.06,79.33,4951670.0,80340272.0,407601678.0,0.01214830621968146
2010-09-21,79.62,79.77,78.2,78.55,3760754.0,60511136.0,407601678.0,0.009226541996718669
2010-09-27,79.28,81.43,79.18,81.43,4072423.0,67107992.0,407601678.0,0.009991183107936077
2010-09-28,81.43,82.61,80.26,81.29,4529786.0,75448856.0,407601678.0,0.011113266319772119
2010-09-29,81.29,82.22,79.77,79.92,3151160.0,52076692.0,407601678.0,0.007730978968148409
2010-09-30,79.97,81.48,79.77,80.94,2614752.0,43158460.0,407601678.0,0.006414968684206448
2010-10-08,81.78,83.98,81.48,83.83,6019992.0,102193656.0,407601678.0,0.014769301317743838
2010-10-11,83.88,84.96,82.95,84.13,8611352.0,147783328.0,407601678.0,0.021126880640564977
2010-10-12,84.08,85.1,83.34,84.66,8700762.0,150280560.0,407601678.0,0.02134623695047693
2010-10-13,85.1,85.64,83.73,84.91,8795038.0,152151376.0,407601678.0,0.021577531385923294
2010-10-14,85.4,85.84,80.5,80.8,12462569.0,211069424.0,407601678.0,0.030575362351673144
2010-10-15,80.26,82.56,78.3,79.72,13219459.0,216287632.0,407601678.0,0.032432297788528734
2010-10-18,80.7,80.75,77.52,79.18,9224602.0,148442416.0,407601678.0,0.022631413210227266
2010-10-19,79.04,83.88,78.84,83.73,11193112.0,187603584.0,407601678.0,0.027460907557892832
2010-10-20,82.22,86.03,81.73,84.47,16864074.0,290945920.0,407601678.0,0.041373907199665654
2010-10-21,84.37,86.38,83.93,85.1,11534918.0,201003040.0,407601678.0,0.028299486048730154
2010-10-22,85.35,86.47,84.71,85.64,11028014.0,192888896.0,407601678.0,0.02705586015767089
2010-10-25,86.57,93.33,86.57,92.59,26204712.0,486489408.0,407601678.0,0.06429000029779072
2010-10-26,92.98,93.86,91.52,93.67,18722130.0,354902432.0,407601678.0,0.04593241640187752
2010-10-27,93.86,94.21,91.56,92.15,11902275.0,225690320.0,407601678.0,0.0292007507388132
2010-10-28,91.91,96.9,91.52,96.85,17650144.0,343445120.0,407601678.0,0.043302432135718535
2010-10-29,97.29,97.29,93.77,94.45,13852940.0,268962016.0,407601678.0,0.03398646459939255
2010-11-01,95.38,98.9,93.37,97.34,15546433.0,307176352.0,407601678.0,0.03814123895731362
2010-11-02,97.78,99.98,95.09,96.8,15839217.0,315202528.0,407601678.0,0.0388595480708497
2010-11-03,96.41,96.7,93.08,93.13,10509527.0,203875744.0,407601678.0,0.025783816817358637
2010-11-04,92.98,98.17,91.76,97.88,17924888.0,348882272.0,407601678.0,0.04397648235393182
2010-11-05,97.63,99.3,96.41,96.7,16027746.0,319528896.0,407601678.0,0.03932208051410426
2010-11-08,96.65,100.28,96.41,99.69,12105638.0,242479248.0,407601678.0,0.029699676555306035
2010-11-09,100.08,100.23,96.95,97.73,9161509.0,183239520.0,407601678.0,0.022476622385249355
2010-11-10,97.14,98.56,94.55,95.43,10441707.0,205623808.0,407601678.0,0.025617428886050855
2010-11-11,94.79,97.83,94.7,94.7,10960268.0,215900080.0,407601678.0,0.026889653776155455
2010-11-12,93.82,95.19,85.25,85.94,16580861.0,303986432.0,407601678.0,0.04067907934373126
2010-11-15,86.18,90.88,86.18,90.05,8054369.0,146014384.0,407601678.0,0.019760392154224645
2010-11-16,89.95,91.81,86.13,88.09,9168273.0,167331584.0,407601678.0,0.022493217017619836
2010-11-17,87.6,89.8,85.89,86.28,7840598.0,141208160.0,407601678.0,0.01923593160477617
2010-11-18,88.09,88.73,86.03,88.09,5368305.0,96063688.0,407601678.0,0.013170468351212234
2010-11-19,88.63,92.93,88.09,91.56,12435003.0,230194960.0,407601678.0,0.0305077326006494
2010-11-22,91.27,96.95,90.59,93.96,14802254.0,286488128.0,407601678.0,0.036315488377356486
2010-11-24,92.49,96.9,92.0,96.02,13324600.0,258115040.0,407601678.0,0.03269024814956723
2010-11-25,95.92,96.85,94.21,94.75,9191965.0,179311648.0,407601678.0,0.022551342391676808
2010-11-26,94.21,95.87,91.71,92.93,5845524.0,112052592.0,407601678.0,0.014341265788410223
2010-11-29,92.64,94.11,92.1,93.47,4805776.0,91532880.0,407601678.0,0.011790373443948383
2010-11-30,93.28,93.42,86.03,88.09,11893836.0,215708592.0,407601678.0,0.02918004670235926
2010-12-01,88.33,89.17,87.65,88.82,4825628.0,87262072.0,407601678.0,0.011839077855808042
2010-12-02,91.27,91.52,87.55,88.09,5940168.0,108726264.0,407601678.0,0.014573463066067162
2010-12-03,87.5,89.21,86.47,88.77,4553733.0,81817968.0,407601678.0,0.011172017304600008
2010-12-06,88.09,88.68,85.64,86.67,4285568.0,76313424.0,407601678.0,0.010514107844276343
2010-12-07,86.33,88.43,84.42,88.14,4054823.0,71731408.0,407601678.0,0.009948003697865051
2010-12-08,88.09,89.07,86.72,86.77,4059193.0,72939576.0,407601678.0,0.00995872494911564
2010-12-09,86.77,86.77,84.71,85.15,3227819.0,56435436.0,407601678.0,0.007919052286139018
2010-12-10,84.66,87.84,84.42,87.4,3383036.0,59935444.0,407601678.0,0.008299857882331878
2010-12-13,87.4,90.63,87.36,90.14,5261168.0,96406072.0,407601678.0,0.012907621052531584
2010-12-14,90.49,92.4,90.49,91.52,5481113.0,102571664.0,407601678.0,0.013447228742762928
2010-12-15,91.12,94.21,91.07,92.59,8192316.0,155138384.0,407601678.0,0.02009882795428531
2010-12-16,93.28,95.28,92.54,93.42,8915525.0,171294928.0,407601678.0,0.021873131248493046
2010-12-20,97.39,99.35,93.77,95.67,18582024.0,365633472.0,407601678.0,0.04558868376395644
2010-12-21,96.31,98.71,93.86,97.24,11660275.0,229214752.0,407601678.0,0.028607033850336604
2010-12-22,96.85,100.18,95.67,98.32,11307706.0,225673840.0,407601678.0,0.027742049678215506
2010-12-23,97.78,99.35,95.43,95.67,10765498.0,214388240.0,407601678.0,0.026411809815954684
2010-12-24,94.45,95.33,91.37,91.66,7062067.0,134070536.0,407601678.0,0.01732590266716223
2010-12-27,92.98,93.77,87.6,88.04,6646497.0,122989512.0,407601678.0,0.016306353380615868
2010-12-28,87.01,89.36,86.33,87.65,4140844.0,74263920.0,407601678.0,0.01015904551796276
2010-12-29,87.5,89.8,87.5,89.7,3055865.0,55338736.0,407601678.0,0.007497184542993957
2010-12-30,90.59,93.72,90.1,93.18,5599101.0,105274424.0,407601678.0,0.01373669761977771
2010-12-31,92.98,95.33,92.25,94.16,5717337.0,109933400.0,407601678.0,0.014026774933934399
2011-01-04,95.38,103.55,95.38,102.58,31052748.0,642841472.0,407601678.0,0.07618405339342102
2011-01-05,101.3,105.61,101.06,103.26,22472452.0,475602368.0,407601678.0,0.05513336478462682
2011-01-06,102.43,104.92,101.45,103.6,13063240.0,275809632.0,407601678.0,0.03204903391001251
2011-01-07,102.62,103.55,98.46,99.15,12960149.0,268071856.0,407601678.0,0.031796112968897054
2011-01-10,100.08,104.58,98.56,100.32,12567432.0,261771152.0,407601678.0,0.030832630674302572
2011-01-11,98.9,101.06,96.51,97.93,10883274.0,218721616.0,407601678.0,0.026700758577348153
2011-01-12,98.22,102.87,96.7,102.87,11721053.0,237480000.0,407601678.0,0.028756145110864828
2011-01-13,103.21,105.22,101.4,103.99,13864768.0,293528704.0,407601678.0,0.03401548312566073
2011-01-14,102.62,103.11,97.63,97.97,11235050.0,228993088.0,407601678.0,0.027563797222640483
2011-01-17,96.41,97.0,92.1,93.47,8638556.0,166091168.0,407601678.0,0.02119362226963158
2011-01-18,93.47,96.16,92.49,94.84,5288242.0,102306240.0,407601678.0,0.012974043742773797
2011-01-19,94.84,99.15,94.21,98.42,6497858.0,129284696.0,407601678.0,0.015941686088937052
2011-01-20,96.95,98.27,93.96,94.11,5855895.0,114979592.0,407601678.0,0.01436670974646969
2011-01-21,92.98,96.36,92.0,94.16,5976147.0,114673032.0,407601678.0,0.01466173306577997
2011-01-24,93.23,94.11,89.56,89.56,6333858.0,117857848.0,407601678.0,0.015539332495093408
2011-01-25,89.95,90.63,87.7,88.77,4093626.0,74523864.0,407601678.0,0.010043202030193802
2011-01-26,89.21,91.96,88.77,91.96,4033468.0,74884992.0,407601678.0,0.00989561186252035
2011-01-27,91.42,95.28,90.44,93.91,5531353.0,105637680.0,407601678.0,0.013570486331511127
2011-01-28,94.35,94.7,92.15,93.52,4218741.0,80501560.0,407601678.0,0.010350156114911774
2011-01-31,93.72,96.85,92.54,96.16,5619277.0,109193384.0,407601678.0,0.013786196925322765
2011-02-01,95.92,96.56,94.21,94.99,3488391.0,67846448.0,407601678.0,0.008558333265742837
2011-02-09,94.06,97.58,93.77,95.14,4919953.0,96330824.0,407601678.0,0.012070492506657444
2011-02-10,94.84,100.72,94.45,100.08,8774664.0,176939440.0,407601678.0,0.021527546312014936
2011-02-11,100.13,101.16,99.0,101.06,6313535.0,129232824.0,407601678.0,0.015489472543339235
2011-02-14,100.86,102.43,100.08,101.25,7547919.0,156004864.0,407601678.0,0.01851788009567517
2011-02-15,101.5,102.67,99.74,100.47,9182368.0,189589888.0,407601678.0,0.022527797346310236
2011-02-16,97.93,100.13,96.56,99.74,15036080.0,302310240.0,407601678.0,0.036889151373905776
2011-02-17,99.93,105.46,99.88,105.27,19300892.0,404584448.0,407601678.0,0.047352336954805174
2011-02-18,105.27,105.27,102.18,104.34,15171390.0,321350720.0,407601678.0,0.037221117622582504
2011-02-21,102.82,114.76,102.82,111.82,19734596.0,445695872.0,407601678.0,0.04841637575397813
2011-02-22,111.09,114.66,108.55,111.58,18960676.0,432397504.0,407601678.0,0.04651765933112768
2011-02-23,110.11,118.82,108.74,116.57,21475578.0,499825408.0,407601678.0,0.05268765846444823
2011-02-24,115.94,116.96,111.97,115.2,14105097.0,330508544.0,407601678.0,0.034605100423556155
2011-02-25,114.32,115.89,111.58,112.12,8939645.0,206046032.0,407601678.0,0.021932306667294926
2011-02-28,112.51,115.98,110.94,114.61,8003997.0,186822784.0,407601678.0,0.019636810719900914
2011-03-01,114.52,115.89,112.17,112.95,6402347.0,148266544.0,407601678.0,0.015707361734659003
2011-03-02,112.07,112.85,108.06,110.21,7417659.0,166966624.0,407601678.0,0.01819830339363814
2011-03-03,110.41,113.39,109.18,110.55,6377645.0,144998016.0,407601678.0,0.015646758451274088
2011-03-04,111.09,112.46,109.67,111.14,4504309.0,102282048.0,407601678.0,0.011050761670318737
2011-03-07,111.63,113.39,109.43,111.19,7059396.0,160279152.0,407601678.0,0.017319349701008836
2011-03-08,111.24,114.27,109.67,114.12,7670291.0,175476688.0,407601678.0,0.018818104571198552
2011-03-09,114.22,115.98,112.8,113.05,6926161.0,161465056.0,407601678.0,0.01699247420664446
2011-03-10,113.93,113.93,109.57,109.62,6163717.0,139500832.0,407601678.0,0.015121912721860777
2011-03-14,108.89,111.04,106.29,107.96,6805353.0,149894912.0,407601678.0,0.016696086810516025
2011-03-15,107.22,110.6,105.17,109.77,7475524.0,164510352.0,407601678.0,0.018340267971124497
2011-03-16,109.13,111.19,108.5,109.77,5005131.0,112307848.0,407601678.0,0.012279466131147772
2011-03-17,108.64,113.05,106.64,111.09,8573291.0,193898560.0,407601678.0,0.021033502712910813
2011-03-18,111.29,113.0,109.96,111.53,4054581.0,92271464.0,407601678.0,0.009947409980976575
2011-03-21,111.24,112.95,110.21,110.85,4655988.0,106086976.0,407601678.0,0.011422887223737091
2011-03-22,111.14,111.73,106.69,107.81,5078936.0,112186016.0,407601678.0,0.012460537515255273
2011-03-23,108.15,109.62,106.1,109.08,3916632.0,86325160.0,407601678.0,0.009608969274164764
2011-03-24,108.79,109.08,107.22,107.42,3462761.0,76461792.0,407601678.0,0.008495453249826906
2011-03-25,106.83,110.41,106.2,109.48,5185866.0,114509496.0,407601678.0,0.012722876965192474
2011-03-28,108.99,111.48,108.69,109.04,5325690.0,119983576.0,407601678.0,0.013065917751202192
2011-03-29,108.64,108.64,102.82,102.82,7956278.0,170973392.0,407601678.0,0.019519738090970275
2011-03-30,103.16,103.41,99.1,99.44,5844358.0,120075000.0,407601678.0,0.014338405152493018
2011-03-31,99.74,101.35,99.35,100.28,3293330.0,67518632.0,407601678.0,0.00807977537325055
2011-04-01,100.23,101.74,99.35,100.52,3362754.0,68974224.0,407601678.0,0.008250098518976165
2011-04-06,100.52,100.72,97.68,98.46,4104205.0,83072104.0,407601678.0,0.010069156290372288
2011-04-07,98.71,102.18,98.27,101.3,4797596.0,98524128.0,407601678.0,0.011770304831767645
2011-04-08,101.55,102.18,100.32,102.18,3451846.0,71604480.0,407601678.0,0.008468674655456154
2011-04-11,101.79,102.18,100.28,100.32,3284120.0,67666352.0,407601678.0,0.008057179784230427
2011-04-12,101.3,102.23,99.64,99.93,3554791.0,72903520.0,407601678.0,0.008721237403738069
2011-04-13,99.83,102.18,98.66,101.65,3396022.0,69744048.0,407601678.0,0.008331717417512692
2011-04-14,101.3,101.94,100.62,100.86,2619726.0,54224696.0,407601678.0,0.0064271717743026565
2011-04-15,100.81,102.04,99.64,101.55,3216166.0,66414320.0,407601678.0,0.00789046310059597
2011-04-18,100.81,101.3,99.05,99.49,3646711.0,74259880.0,407601678.0,0.008946751686336286
2011-04-19,99.25,99.25,94.11,94.26,9408500.0,183401760.0,407601678.0,0.02308258407120689
2011-04-20,94.21,95.28,93.33,94.79,5130601.0,98799152.0,407601678.0,0.012587291164193883
2011-04-21,95.19,97.09,94.99,96.41,4585450.0,90102904.0,407601678.0,0.011249831017624024
2011-04-22,96.41,100.28,95.04,97.93,8800584.0,176564912.0,407601678.0,0.02159113780684681
2011-04-25,97.93,101.2,97.88,99.1,4994277.0,101546008.0,407601678.0,0.012252837192686925
2011-04-26,98.76,99.3,96.65,97.39,6059662.0,121124440.0,407601678.0,0.0148666267266937
2011-04-27,97.44,100.18,97.44,98.12,3692571.0,74582712.0,407601678.0,0.009059263490078174
2011-04-28,98.61,99.93,94.6,94.94,3008139.0,59906228.0,407601678.0,0.007380094740434312
2011-04-29,95.43,96.36,94.7,95.92,2527573.0,49414652.0,407601678.0,0.006201085855196111
2011-05-03,95.92,103.75,95.92,102.77,8478754.0,175472880.0,407601678.0,0.020801567946440103
2011-05-04,102.28,103.11,100.08,100.96,4999263.0,103639360.0,407601678.0,0.01226506972329
2011-05-05,100.52,102.87,99.74,101.74,5192477.0,107720456.0,407601678.0,0.012739096231100403
2011-05-06,101.89,105.81,100.81,105.17,9309644.0,197398656.0,407601678.0,0.022840053175639773
2011-05-09,106.29,108.2,103.02,105.32,8925166.0,190840896.0,407601678.0,0.021896784242384792
2011-05-10,105.17,105.91,103.84,104.14,4586528.0,97493816.0,407601678.0,0.011252475756490875
2011-05-11,104.73,105.12,101.78,104.14,5825125.0,122600352.0,407601678.0,0.014291219380112562
2011-05-12,103.25,105.46,102.07,102.41,6945934.0,146904704.0,407601678.0,0.01704098480183391
2011-05-13,103.99,106.99,103.5,106.89,10869398.0,233437472.0,407601678.0,0.026666715537908066
2011-05-16,106.54,107.87,104.97,105.17,6383208.0,138223376.0,407601678.0,0.015660406579582335
2011-05-17,104.63,105.02,101.33,102.17,6225027.0,130335776.0,407601678.0,0.015272329178193423
2011-05-18,101.87,103.74,101.78,103.0,2771893.0,58128248.0,407601678.0,0.006800494575000253
2011-05-19,102.76,106.2,102.66,104.18,4858375.0,103373008.0,407601678.0,0.011919418545671443
2011-05-20,103.74,104.92,101.78,102.41,3015909.0,63091816.0,407601678.0,0.007399157468630441
2011-05-23,102.32,102.32,93.71,95.24,7484724.0,148762160.0,407601678.0,0.018362839026388897
2011-05-24,94.84,96.86,93.66,95.97,4470872.0,86229808.0,407601678.0,0.010968728151310506
2011-05-25,95.92,96.47,94.2,94.4,2709932.0,52492332.0,407601678.0,0.006648480971170094
2011-05-26,95.33,95.97,94.06,94.5,3306712.0,63614900.0,407601678.0,0.00811260644515796
2011-05-27,95.04,95.24,89.98,90.96,4718317.0,88442328.0,407601678.0,0.011575803669777826
2011-05-30,91.35,92.34,88.55,88.89,3067985.0,56605136.0,407601678.0,0.007526919454929231
2011-05-31,89.04,90.71,86.93,90.37,3867619.0,69676592.0,407601678.0,0.009488721977243675
2011-06-01,90.37,91.35,89.19,90.96,2124578.0,39031912.0,407601678.0,0.005212387766470383
2011-06-02,89.78,91.79,87.81,91.55,3779368.0,69068864.0,407601678.0,0.009272209129619922
2011-06-03,92.73,92.73,90.47,91.55,3091810.0,57620872.0,407601678.0,0.00758537112793731
2011-06-07,93.37,95.09,92.58,93.56,4308046.0,82354904.0,407601678.0,0.010569254820388644
2011-06-08,92.68,94.89,92.58,94.15,2504807.0,47762376.0,407601678.0,0.0061452323069190115
2011-06-09,94.15,94.35,90.71,91.01,2202609.0,41500656.0,407601678.0,0.005403827115746074
2011-06-10,89.48,91.5,89.19,91.3,2183509.0,40106092.0,407601678.0,0.005356967642316723
2011-06-13,90.86,92.68,89.68,92.24,1594518.0,29695130.0,407601678.0,0.003911951510660857
2011-06-14,92.29,93.42,91.84,93.22,1908559.0,36109344.0,407601678.0,0.004682412028735564
2011-06-15,93.22,93.42,91.2,91.25,1321267.0,24805780.0,407601678.0,0.003241564182176895
2011-06-16,90.22,90.47,88.45,88.75,2330796.0,42337340.0,407601678.0,0.005718317970221899
2011-06-17,88.4,89.19,87.81,88.8,1908748.0,34338716.0,407601678.0,0.0046828757167187126
2011-06-20,88.01,88.4,84.76,86.04,2547796.0,44497244.0,407601678.0,0.006250700469393062
2011-06-21,86.04,86.78,85.21,86.53,1108169.0,19442164.0,407601678.0,0.002718754754488523
2011-06-22,86.53,86.53,83.58,84.57,4431294.0,76185448.0,407601678.0,0.010871628452913288
2011-06-23,83.98,86.73,83.09,86.04,3631590.0,62455836.0,407601678.0,0.008909654194308787
2011-06-24,86.09,90.96,85.8,89.63,5506694.0,99828800.0,407601678.0,0.01350998854327582
2011-06-27,89.98,93.91,89.88,92.04,5661164.0,106516424.0,407601678.0,0.013888961467916234
2011-06-28,92.68,93.02,91.25,92.24,2288659.0,42898092.0,407601678.0,0.005614940083735377
2011-06-29,91.55,92.68,89.48,90.12,2588193.0,47845828.0,407601678.0,0.006349809482383927
2011-06-30,89.73,91.65,89.73,91.55,2383733.0,44157096.0,407601678.0,0.005848192312888368
2011-07-01,91.6,92.93,90.96,91.45,2882089.0,53929436.0,407601678.0,0.007070846749556316
2011-07-04,92.19,94.55,91.7,93.81,4788849.0,90987600.0,407601678.0,0.01174884515563746
2011-07-06,94.25,94.89,92.93,94.45,4072460.0,77830272.0,407601678.0,0.009991273882832248
2011-07-07,94.2,94.45,92.43,92.58,6270019.0,118816016.0,407601678.0,0.015382711451938626
2011-07-08,92.43,92.58,90.96,91.79,2737363.0,50937764.0,407601678.0,0.006715779516491588
2011-07-11,90.96,92.43,90.37,91.79,2844258.0,52827500.0,407601678.0,0.006978033098283761
2011-07-12,91.4,95.33,90.57,94.5,9465357.0,181050304.0,407601678.0,0.02322207564611645
2011-07-13,94.2,95.04,93.71,94.89,5588395.0,107334200.0,407601678.0,0.01371043178090155
2011-07-14,95.38,97.55,94.5,96.27,6539180.0,127904336.0,407601678.0,0.01604306447433222
2011-07-15,95.78,96.66,94.2,96.51,4099167.0,79546520.0,407601678.0,0.010056796184239457
2011-07-18,97.1,98.78,96.47,96.96,5011208.0,99700240.0,407601678.0,0.012294375294500138
2011-07-19,96.81,99.51,95.97,96.66,6465377.0,128880672.0,407601678.0,0.015861997996975862
2011-07-20,97.1,99.27,96.27,96.96,2891424.0,57287112.0,407601678.0,0.007093749010522964
2011-07-21,96.86,98.09,95.58,96.51,3229426.0,63625648.0,407601678.0,0.007922994860683572
2011-07-22,97.1,97.99,95.29,95.88,2701596.0,52914316.0,407601678.0,0.00662802963240009
2011-07-25,95.88,96.96,90.96,91.5,4030029.0,76523368.0,407601678.0,0.009887174703927495
2011-07-26,91.3,91.89,88.5,89.83,3472838.0,63300504.0,407601678.0,0.00852017591546814
2011-07-27,89.73,92.68,89.04,92.43,2399359.0,44642612.0,407601678.0,0.005886528759579837
2011-07-28,91.06,92.58,90.61,91.25,1600536.0,29714558.0,407601678.0,0.00392671592485446
2011-07-29,91.25,91.6,87.91,88.94,2852531.0,51800692.0,407601678.0,0.0069983298743927155
2011-08-01,88.6,90.12,88.5,89.58,1679719.0,30560116.0,407601678.0,0.0041209815627893465
2011-08-02,88.99,89.34,87.91,89.29,1757320.0,31593518.0,407601678.0,0.004311365960568985
2011-08-03,88.45,90.47,88.06,89.34,1556533.0,28298780.0,407601678.0,0.0038187600395501804
2011-08-04,89.68,90.42,88.6,89.29,1792654.0,32588852.0,407601678.0,0.004398053533037713
2011-08-05,85.94,89.53,84.47,89.48,2579097.0,46274588.0,407601678.0,0.006327493578179038
2011-08-08,89.48,92.88,86.14,88.99,7080875.0,129899488.0,407601678.0,0.017372045754924494
2011-08-09,85.8,89.83,83.19,88.99,5859612.0,104192416.0,407601678.0,0.01437582894347162
2011-08-10,90.22,90.57,88.65,88.94,4596398.0,83710616.0,407601678.0,0.01127669057338866
2011-08-11,86.19,90.47,86.14,90.22,4472382.0,81151816.0,407601678.0,0.010972432748424554
2011-08-12,90.71,91.89,89.78,90.37,2650646.0,48917784.0,407601678.0,0.006503030146995617
2011-08-15,90.96,93.32,90.22,93.02,4842739.0,90723992.0,407601678.0,0.011881057565224253
2011-08-16,93.37,93.37,90.71,91.25,3472283.0,64798640.0,407601678.0,0.00851881429202556
2011-08-17,91.4,91.84,89.58,90.17,1792045.0,32936228.0,407601678.0,0.004396559427314232
2011-08-18,90.17,91.16,88.45,88.45,2225790.0,40545740.0,407601678.0,0.005460698814885644
2011-08-19,86.73,87.71,86.09,86.48,2678192.0,47226544.0,407601678.0,0.006570610830507915
2011-08-22,86.29,87.76,85.45,85.94,1526219.0,26890716.0,407601678.0,0.003744388412453984
2011-08-23,86.93,87.86,86.44,87.52,1142236.0,20267388.0,407601678.0,0.0028023339001072515
2011-08-24,88.01,88.8,87.37,87.47,1529257.0,27399440.0,407601678.0,0.00375184176744238
2011-08-25,87.57,89.39,87.12,89.39,2510427.0,45250132.0,407601678.0,0.006159020277634873
2011-08-26,89.93,89.93,88.25,89.43,2074280.0,37534676.0,407601678.0,0.005088987881938995
2011-08-29,88.89,90.37,88.89,89.19,2162225.0,39397804.0,407601678.0,0.005304749996637648
2011-08-30,89.73,90.22,87.62,87.62,2411952.0,43667204.0,407601678.0,0.0059174241181607695
2011-08-31,87.71,88.25,86.53,86.78,1415805.0,25107088.0,407601678.0,0.003473501402023178
2011-09-01,86.83,88.01,86.29,86.93,1211247.0,21464974.0,407601678.0,0.0029716438017215424
2011-09-02,86.44,86.98,85.01,86.19,1517495.0,26535312.0,407601678.0,0.0037229851639619597
2011-09-05,85.75,85.75,83.29,83.49,2229163.0,37982556.0,407601678.0,0.0054689740506907334
2011-09-06,83.04,83.58,81.37,81.67,2024108.0,33844924.0,407601678.0,0.004965897122729706
2011-09-07,81.86,83.83,81.86,83.58,1227603.0,20770600.0,407601678.0,0.0030117712125807294
2011-09-08,83.88,84.52,82.5,82.5,1435006.0,24395288.0,407601678.0,0.0035206086663853234
2011-09-09,83.09,84.22,81.86,83.58,2569574.0,43316840.0,407601678.0,0.006304130082604812
2011-09-13,82.6,83.53,82.11,83.53,1024035.0,17255850.0,407601678.0,0.0025123424540955887
2011-09-14,83.83,84.32,81.37,83.58,1510621.0,25487628.0,407601678.0,0.003706120660278538
2011-09-15,84.03,84.81,83.49,83.88,1698890.0,29000452.0,407601678.0,0.004168015225884325
2011-09-16,83.88,84.71,83.39,83.39,1620600.0,27730382.0,407601678.0,0.003975940452335429
2011-09-19,82.85,82.85,80.68,80.93,1360306.0,22518420.0,407601678.0,0.0033373415111406877
2011-09-20,80.88,81.57,79.8,80.73,1019248.0,16735497.0,407601678.0,0.0025005981452313844
2011-09-21,80.98,83.24,80.44,83.04,3610699.0,60282164.0,407601678.0,0.008858400725229596
2011-09-22,82.6,82.6,79.21,79.45,3344595.0,54894256.0,407601678.0,0.008205547671960271
2011-09-23,78.13,78.52,77.0,77.93,2745014.0,43429732.0,407601678.0,0.006734550292994623
2011-09-26,78.18,78.18,73.8,74.88,4520305.0,69534168.0,407601678.0,0.011090005865971926
2011-09-27,74.88,75.57,73.6,74.59,2507793.0,37904928.0,407601678.0,0.006152558086377652
2011-09-28,75.13,75.27,72.23,72.28,3146681.0,46904140.0,407601678.0,0.007719990298960447
2011-09-30,71.49,72.18,70.9,71.64,2405414.0,34999144.0,407601678.0,0.005901383948669613
2011-10-10,72.18,72.28,70.6,70.7,1163880.0,16926676.0,407601678.0,0.0028554347609923234
2011-10-11,72.13,73.46,68.34,68.88,3387406.0,48831152.0,407601678.0,0.008310579133582468
2011-10-12,68.78,72.87,68.1,72.87,5386495.0,77718000.0,407601678.0,0.013215095252870868
2011-10-13,72.52,75.03,72.13,74.09,4879766.0,73347168.0,407601678.0,0.011971898702536744
2011-10-14,74.09,74.19,72.03,73.01,2577055.0,38250140.0,407601678.0,0.00632248378526057
2011-10-17,73.36,74.78,73.01,74.78,3737611.0,56386108.0,407601678.0,0.009169763525850843
2011-10-18,74.49,74.49,72.52,72.52,3551873.0,52891488.0,407601678.0,0.008714078453818337
2011-10-19,72.91,73.26,70.8,72.18,2500982.0,36733408.0,407601678.0,0.00613584814535528
2011-10-20,72.18,72.18,69.47,70.21,1440851.0,20665576.0,407601678.0,0.0035349486466049337
2011-10-21,69.57,69.77,64.46,64.51,5382214.0,72524512.0,407601678.0,0.013204592352046206
2011-10-24,64.46,65.64,62.93,65.59,3641891.0,47680140.0,407601678.0,0.008934926416078199
2011-10-25,65.59,68.78,64.95,68.24,6711746.0,92034536.0,407601678.0,0.016466433683327477
2011-10-26,67.56,69.67,67.31,68.34,5080631.0,70921048.0,407601678.0,0.012464695986850181
2011-10-27,68.29,68.64,67.41,67.75,4143110.0,57312288.0,407601678.0,0.010164604867009404
2011-10-28,68.78,70.16,68.59,69.47,6651436.0,93806656.0,407601678.0,0.01631847060256705
2011-10-31,69.72,71.49,69.33,71.14,5623303.0,81040944.0,407601678.0,0.013796074215376512
2011-11-01,70.36,72.03,70.06,70.9,5684109.0,82051992.0,407601678.0,0.01394525417042076
2011-11-02,69.77,74.64,69.33,74.14,9498504.0,138932144.0,407601678.0,0.02330339768620874
2011-11-03,74.24,77.09,73.85,75.72,13559639.0,209368256.0,407601678.0,0.03326688709068563
2011-11-04,76.11,76.85,75.18,76.36,7961903.0,123208016.0,407601678.0,0.019533538328563995
2011-11-07,76.16,76.21,74.64,74.88,3079688.0,47219512.0,407601678.0,0.007555631309250891
2011-11-08,74.68,75.82,74.24,74.44,2284215.0,34822228.0,407601678.0,0.0056040372826924425
2011-11-09,74.49,76.06,74.44,76.01,3773230.0,57881860.0,407601678.0,0.009257150310357653
2011-11-10,74.73,77.39,74.19,74.49,5114665.0,78950888.0,407601678.0,0.012548194171075026
2011-11-11,75.18,76.21,74.29,74.88,3331620.0,50963596.0,407601678.0,0.008173715123910751
2011-11-14,75.52,78.57,75.27,78.03,6647892.0,104563776.0,407601678.0,0.01630977583953911
2011-11-15,77.68,78.32,77.34,77.98,2562836.0,40562812.0,407601678.0,0.006287599237999212
2011-11-16,78.32,78.42,74.44,74.83,5470864.0,84648400.0,407601678.0,0.013422084096523273
2011-11-17,75.03,76.21,73.5,75.57,3825096.0,58231044.0,407601678.0,0.009384397087786277
2011-11-18,75.13,75.13,73.16,73.7,3412552.0,51294204.0,407601678.0,0.008372271715721444
2011-11-21,73.26,74.19,71.73,73.21,3243042.0,47951444.0,407601678.0,0.007956400022474884
2011-11-22,72.28,74.0,72.28,72.96,2506079.0,37332688.0,407601678.0,0.006148353000646872
2011-11-23,75.32,76.95,73.75,74.24,6027992.0,92203320.0,407601678.0,0.014788928322321577
2011-11-24,72.77,73.65,71.05,73.16,4877409.0,71852520.0,407601678.0,0.011966116096313028
2011-11-25,73.16,73.26,72.03,72.42,2371597.0,35056984.0,407601678.0,0.0058184181469439385
2011-11-28,71.05,72.91,71.0,71.73,1794709.0,26201228.0,407601678.0,0.004403095219838619
2011-11-29,72.67,74.59,72.08,74.44,3127924.0,46835968.0,407601678.0,0.007673972333352367
2011-11-30,74.64,74.64,71.44,72.77,4598919.0,67985680.0,407601678.0,0.01128287553320622
2011-12-01,74.73,75.82,73.26,73.26,5204678.0,78904480.0,407601678.0,0.012769029866457027
2011-12-02,72.82,74.0,71.19,72.77,3376692.0,49600528.0,407601678.0,0.00828429366770173
2011-12-05,72.28,72.87,68.15,68.44,3051599.0,43521884.0,407601678.0,0.0074867184428028775
2011-12-06,68.1,69.03,67.65,68.69,2492360.0,34641968.0,407601678.0,0.006114695141171622
2011-12-07,69.33,69.52,68.05,69.23,1459525.0,20402800.0,407601678.0,0.0035807629820405204
2011-12-08,68.88,70.21,68.05,69.28,1024190.0,14401302.0,407601678.0,0.0025127227273092825
2011-12-09,69.18,69.57,68.39,69.23,853783.0,12026666.0,407601678.0,0.0020946503561744415
2011-12-12,69.57,69.57,68.19,68.19,1003287.0,14045217.0,407601678.0,0.0024614398177232235
2011-12-13,68.0,68.39,66.52,68.39,2055565.0,28129166.0,407601678.0,0.005043072958104947
2011-12-14,67.95,69.03,67.46,68.34,1322535.0,18406692.0,407601678.0,0.0032446750624024663
2011-12-15,67.75,68.44,65.88,66.67,2116212.0,28749806.0,407601678.0,0.005191862826433212
2011-12-16,66.38,68.83,66.38,68.44,1603683.0,22104190.0,407601678.0,0.003934436697780228
2011-12-19,67.85,68.74,66.62,68.59,1766535.0,24335302.0,407601678.0,0.0043339738164669675
2011-12-20,68.64,69.62,67.75,68.49,1633352.0,22952920.0,407601678.0,0.004007225897632345
2011-12-21,69.23,69.57,67.11,67.11,1355409.0,18824880.0,407601678.0,0.0033253273309635394
2011-12-23,67.01,67.26,65.34,66.42,2712336.0,36599184.0,407601678.0,0.0066543788860457045
2011-12-26,66.87,67.36,64.41,65.24,2515438.0,33545590.0,407601678.0,0.0061713141426272536
2011-12-27,64.65,66.13,64.02,64.02,2105420.0,27824680.0,407601678.0,0.005165385997257843
2011-12-28,63.92,64.02,60.57,61.46,2624224.0,32973720.0,407601678.0,0.00643820705762649
2011-12-29,61.46,64.16,61.46,62.15,4220823.0,53891756.0,407601678.0,0.01035526404285313
2011-12-30,62.49,63.72,62.25,63.23,2368967.0,30410534.0,407601678.0,0.005811965769189007
2012-01-04,63.57,64.06,61.95,61.95,2672066.0,34297732.0,407599616.0,0.006555614615691885
2012-01-05,61.85,62.0,59.3,59.3,3064599.0,37625728.0,407599616.0,0.007518650361044501
2012-01-06,60.48,60.67,57.08,59.34,3195196.0,37910540.0,407599616.0,0.007839055471534104
2012-01-09,59.39,62.88,58.51,62.49,5305337.0,65868560.0,407599616.0,0.013016050044561377
2012-01-10,61.95,66.38,61.51,66.08,8547559.0,112286120.0,407599616.0,0.020970478539410597
2012-01-11,65.59,69.23,65.34,68.83,12509477.0,172873088.0,407599616.0,0.030690600552479422
2012-01-12,68.05,69.13,66.77,67.36,7947532.0,109726816.0,407599616.0,0.0194983795077962
2012-01-13,67.36,68.39,65.34,65.79,4468489.0,60486176.0,407599616.0,0.010962937217291196
2012-01-16,64.65,66.28,63.33,63.33,2283396.0,30149642.0,407599616.0,0.00560205630811978
2012-01-17,63.43,67.65,62.69,67.51,3303717.0,44198380.0,407599616.0,0.008105299588898534
2012-01-18,66.87,69.82,66.77,68.39,4781845.0,66469904.0,407599616.0,0.011731721062269107
2012-01-19,67.85,69.18,67.41,68.24,2814977.0,39118332.0,407599616.0,0.006906230745811105
2012-01-20,68.15,68.83,67.85,68.69,1649173.0,22975016.0,407599616.0,0.004046061221019403
2012-01-30,68.93,69.47,66.97,67.01,2305638.0,32074002.0,407599616.0,0.005656624563650227
2012-01-31,67.01,67.65,66.62,67.16,883663.0,12042011.0,407599616.0,0.0021679681857207636
2012-02-01,67.11,68.0,66.77,67.21,1404249.0,19238208.0,407599616.0,0.0034451676225327947
2012-02-02,67.16,68.88,67.16,68.83,1873305.0,26066932.0,407599616.0,0.004595943976551734
2012-02-03,68.83,70.46,68.19,69.82,3934570.0,55505660.0,407599616.0,0.009653026758494297
2012-02-06,69.82,73.01,68.98,71.78,8476627.0,122918880.0,407599616.0,0.020796454822960383
2012-02-07,71.34,71.73,70.06,71.24,3679464.0,53064288.0,407599616.0,0.009027152763559032
2012-02-08,71.14,73.01,70.8,72.57,3918673.0,57482508.0,407599616.0,0.009614025249719568
2012-02-09,72.32,74.34,72.18,72.91,4730131.0,70576848.0,407599616.0,0.01160484655608704
2012-02-10,72.87,73.75,72.03,72.42,2957718.0,43734324.0,407599616.0,0.007256429799973119
2012-02-13,72.18,74.05,71.64,73.75,3136503.0,46717932.0,407599616.0,0.00769505877061474
2012-02-14,74.83,77.49,74.78,75.67,7695851.0,118871208.0,407599616.0,0.018880908366704644
2012-02-15,75.23,78.67,74.93,77.83,6794134.0,106722336.0,407599616.0,0.016668646714328602
2012-02-16,77.88,79.36,76.01,76.75,4508273.0,71245792.0,407599616.0,0.011060542804829335
2012-02-17,77.24,78.03,75.37,75.91,2696836.0,41862404.0,407599616.0,0.006616385036044784
2012-02-20,77.24,79.16,76.6,76.75,4289758.0,68029592.0,407599616.0,0.010524440729600687
2012-02-21,76.65,78.62,75.77,78.62,3239383.0,50893520.0,407599616.0,0.00794746332636388
2012-02-22,78.13,79.9,77.88,79.4,3771967.0,60630292.0,407599616.0,0.00925409851220272
2012-02-23,79.16,82.06,78.77,81.17,6120188.0,100842408.0,407599616.0,0.015015195696357083
2012-02-24,80.54,81.62,80.14,81.13,2980814.0,48963796.0,407599616.0,0.0073130932488415295
2012-02-27,81.13,81.76,79.4,79.5,5032981.0,82497592.0,407599616.0,0.01234785510690962
2012-02-28,78.91,79.4,76.65,77.54,6033017.0,95105488.0,407599616.0,0.014801331412441762
2012-02-29,77.0,78.18,76.45,76.6,2406278.0,37858744.0,407599616.0,0.0059035335303161815
2012-03-01,76.55,79.9,76.55,79.65,5637505.0,90654296.0,407599616.0,0.013830987024286107
2012-03-02,79.7,80.93,79.4,80.14,3468669.0,56590972.0,407599616.0,0.008509990843563504
2012-03-05,79.9,83.34,79.9,83.34,8316172.0,138566768.0,407599616.0,0.020402796454057504
2012-03-06,83.53,83.53,80.93,81.22,8009535.0,133358312.0,407599616.0,0.019650496922941164
2012-03-07,80.19,84.32,79.75,82.99,7863072.0,132512536.0,407599616.0,0.01929116635870432
2012-03-08,83.09,84.37,82.55,83.78,4712098.0,80218624.0,407599616.0,0.011560604610579417
2012-03-09,84.08,84.57,82.11,84.47,7228147.0,122226944.0,407599616.0,0.017733448993239483
2012-03-12,84.32,86.48,83.88,86.34,6984751.0,121381712.0,407599616.0,0.01713630417159176
2012-03-13,86.44,88.16,85.45,86.24,5907214.0,103882048.0,407599616.0,0.014492687843945367
2012-03-14,86.58,89.98,82.65,83.49,15020625.0,265680992.0,407599616.0,0.036851420880632035
2012-03-15,83.24,85.94,82.85,85.3,6498999.0,111784528.0,407599616.0,0.015944566051799225
2012-03-16,84.57,88.35,84.57,87.47,6467562.0,113811776.0,407599616.0,0.0158674388937599
2012-03-19,87.57,88.16,85.75,87.52,4132802.0,73128752.0,407599616.0,0.010139366765252301
2012-03-20,89.14,89.58,85.89,86.09,9018518.0,160554976.0,407599616.0,0.02212592369076226
2012-03-21,87.03,87.37,82.9,84.81,6383014.0,109623552.0,407599616.0,0.01566000984652547
2012-03-22,84.52,85.5,83.68,84.22,2357486.0,40532392.0,407599616.0,0.005783827823822091
2012-03-23,84.22,84.96,81.96,82.6,3519415.0,59505852.0,407599616.0,0.008634490470177478
2012-03-26,82.75,83.44,82.16,83.14,1842741.0,31051556.0,407599616.0,0.004520958626222062
2012-03-27,83.68,84.71,83.09,83.09,2283369.0,38988876.0,407599616.0,0.005601990066644223
2012-03-28,83.39,83.39,79.65,79.7,3951070.0,65362312.0,407599616.0,0.009693507660223115
2012-03-29,79.7,80.09,77.34,78.62,4133040.0,66212504.0,407599616.0,0.01013995067159239
2012-03-30,78.77,79.26,78.08,78.42,1656757.0,26490760.0,407599616.0,0.0040646677154867585
2012-04-05,79.01,82.65,79.01,82.65,5285823.0,87432472.0,407599616.0,0.012968174631450094
2012-04-06,80.63,82.4,79.31,81.47,5175384.0,85612160.0,407599616.0,0.012697224915933189
2012-04-09,81.52,82.55,81.13,81.22,2800382.0,46671964.0,407599616.0,0.0068704235481909775
2012-04-10,80.63,81.47,77.19,80.98,4138310.0,66706424.0,407599616.0,0.010152880026265776
2012-04-11,79.5,81.57,79.26,81.22,2318646.0,38133132.0,407599616.0,0.0056885382345404365
2012-04-12,81.57,82.06,79.31,81.96,5707048.0,93614592.0,407599616.0,0.014001602984827149
2012-04-13,82.06,83.49,81.52,82.99,5593918.0,93957272.0,407599616.0,0.01372405120224647
2012-04-16,82.55,84.52,82.16,83.19,4561056.0,77562336.0,407599616.0,0.011190039982765833
2012-04-17,83.29,84.32,82.55,83.24,5148689.0,87341296.0,407599616.0,0.012631731723711927
2012-04-18,83.39,85.55,83.09,85.06,7183249.0,123084288.0,407599616.0,0.017623296779553394
2012-04-19,84.76,84.81,82.01,82.01,7210445.0,122132680.0,407599616.0,0.01769001911915442
2012-04-20,83.09,84.27,81.96,84.03,6075392.0,102872624.0,407599616.0,0.014905293728245318
2012-04-23,83.53,83.93,81.42,82.01,4192857.0,70261936.0,407599616.0,0.010286704980605282
2012-04-24,81.27,82.45,79.7,80.88,4450634.0,73224544.0,407599616.0,0.010919131974844648
2012-04-25,81.17,81.96,80.54,81.62,2875499.0,47526224.0,407599616.0,0.0070547146933524095
2012-04-26,81.96,84.03,81.52,83.14,5596870.0,94672200.0,407599616.0,0.013731293603573955
2012-04-27,83.58,83.98,81.96,82.06,3320982.0,55826584.0,407599616.0,0.008147657332434778
2012-05-02,83.58,84.08,82.35,83.39,5810601.0,98472336.0,407599616.0,0.014255658670689229
2012-05-03,83.83,85.21,83.39,84.71,4473655.0,76839112.0,407599616.0,0.010975611419614291
2012-05-04,85.06,86.83,84.08,86.58,5598270.0,97061768.0,407599616.0,0.013734728346750946
2012-05-07,86.04,89.39,85.6,88.8,7413743.0,132363232.0,407599616.0,0.018188787989437162
2012-05-08,89.43,89.43,86.98,87.22,5321795.0,94974992.0,407599616.0,0.013056427903994885
2012-05-09,86.53,86.53,83.93,83.93,5503456.0,95183104.0,407599616.0,0.013502112818477238
2012-05-10,84.32,85.16,84.08,84.42,3564387.0,61299088.0,407599616.0,0.008744824234574353
2012-05-11,84.17,85.6,84.03,84.03,2885878.0,49739264.0,407599616.0,0.007080178407233829
2012-05-14,84.81,84.91,82.7,82.85,3947760.0,67395784.0,407599616.0,0.009685386945997515
2012-05-15,82.35,83.68,81.67,83.58,3375395.0,56740512.0,407599616.0,0.008281153532784486
2012-05-16,83.93,83.93,82.06,82.11,2342014.0,39521092.0,407599616.0,0.005745869004940378
2012-05-17,82.01,83.34,81.91,83.04,2145079.0,36202352.0,407599616.0,0.005262711042397057
2012-05-21,81.37,82.5,80.68,80.83,2748920.0,45507772.0,407599616.0,0.006744167295780769
2012-05-22,81.42,82.11,80.04,81.52,2965545.0,49010540.0,407599616.0,0.00727563246772048
2012-05-23,81.37,81.57,78.57,79.01,4685774.0,76091440.0,407599616.0,0.011496021625300059
2012-05-24,78.67,80.14,78.67,79.55,4131184.0,66776532.0,407599616.0,0.010135397183494894
2012-05-25,79.26,79.6,76.5,76.85,3923482.0,61917384.0,407599616.0,0.00962582359253253
2012-05-28,76.36,78.03,75.57,77.93,2475978.0,38783892.0,407599616.0,0.006074534672770643
2012-05-29,78.08,80.29,78.03,79.11,3634544.0,58827028.0,407599616.0,0.008916946575337304
2012-05-30,79.11,79.45,77.68,78.91,3456695.0,55378444.0,407599616.0,0.0084806139758483
2012-05-31,78.72,80.98,78.52,80.29,4139866.0,67396984.0,407599616.0,0.010156697497968202
2012-06-01,80.58,80.58,78.81,79.45,3107760.0,50214608.0,407599616.0,0.0076245410398031385
2012-06-04,71.54,73.7,71.49,71.49,18235800.0,268037984.0,407599616.0,0.04473949259068978
2012-06-05,71.0,71.69,69.13,70.11,6273135.0,89837048.0,407607816.0,0.015390124413119693
2012-06-06,70.16,72.18,70.16,71.44,5469672.0,79526000.0,407607816.0,0.013418957599184015
2012-06-07,72.67,73.01,70.75,71.0,4599272.0,67398864.0,407607816.0,0.01128357165751699
2012-06-08,71.83,72.23,71.05,71.19,3332298.0,48613000.0,445558316.0,0.007478926731557177
2012-06-11,71.29,71.69,67.9,70.26,4504715.0,63860824.0,445558316.0,0.010110270279412763
2012-06-12,70.11,70.11,68.69,68.78,3563002.0,50287368.0,445558316.0,0.007996713049790771
2012-06-13,68.88,71.0,68.59,70.51,3495235.0,49772480.0,445558316.0,0.007844618480872435
2012-06-14,70.46,71.44,69.96,70.8,2831647.0,40909492.0,445558316.0,0.006355278082162426
2012-06-15,70.9,71.98,70.75,71.64,2933556.0,42595804.0,445558316.0,0.006584000106509066
2012-06-18,72.57,72.67,71.88,72.18,3408928.0,50111820.0,445558316.0,0.00765091319718517
2012-06-19,72.18,72.23,71.1,71.29,2438241.0,35520068.0,445558316.0,0.005472327442767335
2012-06-20,71.49,72.57,71.44,71.73,3426430.0,50174556.0,445558316.0,0.007690194250577067
2012-06-21,71.78,72.13,70.7,71.54,2177327.0,31591598.0,445558316.0,0.004886738552086637
2012-06-25,71.29,71.29,69.03,69.03,1932942.0,27481576.0,445558316.0,0.00433824693780376
2012-06-26,68.93,69.57,68.44,68.93,1925246.0,27007418.0,445558316.0,0.0043209742268619225
2012-06-27,68.93,69.52,68.29,68.54,1818921.0,25499448.0,445558316.0,0.004082341041974851
2012-06-28,68.78,69.08,65.88,65.98,3485120.0,47882896.0,445558316.0,0.00782191662650956
2012-06-29,65.64,67.7,65.44,67.7,1784414.0,24218022.0,445558316.0,0.004004894389626879
2012-07-02,68.34,69.57,68.1,68.98,2545199.0,35773488.0,445558316.0,0.005712381317106872
2012-07-03,68.98,70.01,68.59,69.03,2346156.0,33094126.0,445558316.0,0.005265654159622957
2012-07-04,69.13,69.77,68.44,68.98,1665694.0,23395414.0,445558316.0,0.0037384421750979056
2012-07-05,68.83,68.83,66.47,67.95,2461004.0,33788456.0,445558316.0,0.005523416153678074
2012-07-09,69.87,71.54,69.37,69.67,7260476.0,104112712.0,445558316.0,0.016295231711038246
2012-07-10,68.74,70.7,67.6,70.65,3475551.0,49336948.0,445558316.0,0.007800440200963503
2012-07-11,70.36,70.9,69.57,70.21,2749877.0,39270996.0,445558316.0,0.006171755528405399
2012-07-12,70.55,70.95,69.87,70.46,5323560.0,76246600.0,445558316.0,0.01194806562649815
2012-07-13,70.36,70.36,66.58,67.38,7885135.0,53995768.0,891116632.0,0.00884860041530456
2012-07-16,68.87,68.97,64.89,65.19,4827212.0,32587014.0,891116632.0,0.0054170372616275
2012-07-17,65.19,65.98,63.4,64.79,4292282.0,27891568.0,891116632.0,0.0048167454695200885
2012-07-18,64.49,65.29,63.1,64.99,5560389.0,35739308.0,891116632.0,0.00623979937117816
2012-07-19,64.99,67.28,63.7,65.79,6372311.0,42047088.0,891116632.0,0.007150928140234734
2012-07-20,65.29,66.38,64.0,64.3,3902175.0,25621590.0,891116632.0,0.004378972246586909
2012-07-23,64.1,64.89,63.5,63.9,2500564.0,16123000.0,891116632.0,0.002806101816759717
2012-07-24,63.2,64.49,63.2,63.6,3407313.0,21889682.0,891116632.0,0.0038236442656812628
2012-07-25,63.6,64.0,62.9,63.0,2637550.0,16817626.0,891116632.0,0.0029598258020169014
2012-07-26,63.1,64.1,62.9,63.0,2712851.0,17312122.0,891116632.0,0.003044327647562076
2012-07-27,63.5,63.8,62.11,62.41,2438785.0,15396119.0,891116632.0,0.0027367741914169547
2012-07-30,62.9,63.2,59.43,59.62,5172685.0,31636602.0,891116632.0,0.005804722764954521
2012-07-31,59.62,60.02,57.54,57.74,4309800.0,25333252.0,891116632.0,0.004836403951217016
2012-08-01,57.74,59.43,57.44,58.53,3548211.0,20957678.0,891116632.0,0.003981758248677823
2012-08-02,58.43,58.73,57.44,57.54,3320373.0,19379374.0,891116632.0,0.0037260812791113968
2012-08-03,57.74,59.53,57.24,59.33,5105261.0,30032950.0,891116632.0,0.005729060390828841
2012-08-06,59.23,62.8,58.93,62.41,9537323.0,58665780.0,891116632.0,0.010702665237652079
2012-08-07,62.41,64.3,61.61,63.4,9302459.0,59511116.0,891116632.0,0.010439103778280731
2012-08-08,63.2,63.8,62.21,62.9,5098141.0,32220368.0,891116632.0,0.005721070415393167
2012-08-09,63.0,66.38,62.11,65.49,9371069.0,61138660.0,891116632.0,0.010516097066853983
2012-08-10,64.99,65.79,64.59,65.09,4461060.0,29226152.0,891116632.0,0.005006146041722628
2012-08-13,65.09,65.09,62.71,62.71,5129082.0,32867618.0,891116632.0,0.0057557920207239495
2012-08-14,62.61,63.9,62.11,63.8,4077239.0,25886638.0,891116632.0,0.00457542688979909
2012-08-15,63.9,63.9,62.51,62.8,2959137.0,18833458.0,891116632.0,0.0033207067332573365
2012-08-16,62.51,62.9,61.21,61.81,2293357.0,14347051.0,891116632.0,0.0025735766987682036
2012-08-17,62.01,62.51,61.12,62.01,2452916.0,15238539.0,891116632.0,0.002752631823844132
2012-08-20,61.91,61.91,60.32,61.61,2979384.0,18318936.0,891116632.0,0.003343427664808752
2012-08-21,61.21,64.3,61.12,64.2,8224500.0,52320680.0,891116632.0,0.009229431597007832
2012-08-22,64.49,64.49,62.8,63.4,3763481.0,24073364.0,891116632.0,0.004223331564975212
2012-08-23,63.3,65.89,63.0,65.19,6522162.0,42413328.0,891116632.0,0.007319089068466629
2012-08-24,64.69,65.49,63.6,63.8,4333195.0,28110932.0,891116632.0,0.004862657529211058
2012-08-27,60.12,60.12,57.44,57.54,12166252.0,71202864.0,891116632.0,0.01365281666070396
2012-08-28,57.14,59.82,56.84,58.43,7002705.0,41134204.0,891116632.0,0.007858348445683595
2012-08-29,59.92,64.3,59.53,64.3,12331371.0,78813976.0,891116632.0,0.013838111148620106
2012-08-30,67.38,67.48,61.61,63.2,32413412.0,212543648.0,891116632.0,0.036373927762129346
2012-08-31,61.61,62.21,60.12,61.02,15037454.0,92478584.0,891116632.0,0.01687484383076805
2012-09-03,60.82,65.09,60.72,63.7,19727220.0,125270480.0,891116632.0,0.022137640900860213
2012-09-04,63.4,64.0,62.21,62.61,12090966.0,76560888.0,891116632.0,0.013568331647972203
2012-09-05,62.41,65.09,62.01,63.4,12568903.0,80467208.0,891116632.0,0.014104666604404709
2012-09-06,63.6,65.59,63.0,65.29,16235178.0,105628176.0,891116632.0,0.018218914805306876
2012-09-07,65.79,68.27,64.59,66.68,19368986.0,129928416.0,891116632.0,0.021735635162064847
2012-09-10,66.78,68.87,65.79,67.87,16733745.0,113228560.0,891116632.0,0.018778400491126734
2012-09-11,67.08,67.38,66.38,66.78,10025333.0,67471272.0,891116632.0,0.011250303989388451
2012-09-12,67.18,67.57,65.39,66.58,10544597.0,70441976.0,891116632.0,0.011833015591162257
2012-09-13,66.68,67.48,65.39,65.49,8832535.0,59056356.0,891116632.0,0.009911760910776043
2012-09-14,66.08,66.38,64.1,64.99,8109588.0,53079120.0,891116632.0,0.009100478779976356
2012-09-17,64.89,65.49,62.31,62.41,6520636.0,41964196.0,891116632.0,0.007317376610248253
2012-09-18,62.41,63.1,62.11,62.41,3913322.0,24666766.0,891116632.0,0.004391481271331495
2012-09-19,62.61,63.7,62.41,63.2,4716096.0,29927208.0,891116632.0,0.005292344268578302
2012-09-20,63.1,63.3,59.43,59.62,7242778.0,44421984.0,891116632.0,0.00812775538006118
2012-09-21,59.72,60.02,58.53,58.63,4292097.0,25648750.0,891116632.0,0.0048165378648212685
2012-09-24,58.63,59.13,57.74,59.03,4685537.0,27626180.0,891116632.0,0.0052580513388958946
2012-09-25,58.63,59.23,58.43,58.43,3387315.0,20057198.0,891116632.0,0.0038012027588325836
2012-09-26,58.13,58.23,55.65,56.25,4696435.0,26877436.0,891116632.0,0.005270280938937744
2012-09-27,56.44,58.03,55.75,57.34,5926741.0,33914400.0,891116632.0,0.006650915028595269
2012-09-28,56.84,58.33,56.74,58.23,5413769.0,31354786.0,891116632.0,0.0060752642309564705
2012-10-08,58.63,59.13,57.34,57.74,4555632.0,26681362.0,891116632.0,0.005112273563759497
2012-10-09,57.74,60.02,57.74,59.53,8227196.0,48848948.0,891116632.0,0.0092324570146728
2012-10-10,59.03,64.49,58.83,64.0,18443788.0,115032480.0,891116632.0,0.020697389474826904
2012-10-11,62.61,63.5,61.61,62.01,16172611.0,101758680.0,891116632.0,0.018148702896165898
2012-10-12,62.11,62.71,59.62,60.62,7980289.0,49014364.0,891116632.0,0.00895538105050204
2012-10-15,61.12,62.71,60.92,61.61,7311304.0,45490356.0,891116632.0,0.008204654404879294
2012-10-16,61.31,61.41,60.42,60.72,4843087.0,29673172.0,891116632.0,0.005434851989161392
2012-10-17,60.72,61.21,59.82,60.52,3889508.0,23647538.0,891116632.0,0.004364757496749315
2012-10-18,60.62,61.71,60.62,61.51,5332197.0,32931914.0,891116632.0,0.005983725147215073
2012-10-19,61.31,61.71,60.72,60.92,4111393.0,25308362.0,891116632.0,0.004613754083763976
2012-10-22,60.72,61.41,60.42,61.21,3334965.0,20480584.0,891116632.0,0.0037424562400042824
2012-10-23,61.61,63.5,61.02,61.91,8524749.0,53351500.0,891116632.0,0.009566367290067592
2012-10-24,61.31,62.11,61.02,61.21,4040797.0,24986794.0,891116632.0,0.004534532130694201
2012-10-25,61.21,61.71,59.43,59.82,5401104.0,32939538.0,891116632.0,0.006061051725493998
2012-10-26,59.23,60.12,57.24,57.64,5466697.0,32114508.0,891116632.0,0.006134659374195139
2012-10-29,58.03,58.03,56.64,57.74,2228568.0,12842939.0,891116632.0,0.002500871288866259
2012-10-30,57.74,57.74,56.44,56.64,3943554.0,22615522.0,891116632.0,0.004425407245681394
2012-10-31,56.94,57.04,55.35,55.35,9288507.0,52199180.0,891116632.0,0.010423447017427007
2012-11-01,55.55,56.44,55.15,56.15,7445803.0,41950864.0,891116632.0,0.008355587509671797
2012-11-02,56.15,56.64,55.55,56.44,4343666.0,24549454.0,891116632.0,0.00487440795516428
2012-11-05,56.44,56.74,55.75,56.05,4389785.0,24794998.0,891116632.0,0.004926162123298805
2012-11-06,56.15,56.15,54.66,55.25,4844101.0,26880214.0,891116632.0,0.005435989887348438
2012-11-07,54.95,55.55,54.85,55.45,2638104.0,14677391.0,891116632.0,0.0029604474939258006
2012-11-08,54.95,54.95,53.36,53.36,4650533.0,25285650.0,891116632.0,0.0052187702855039965
2012-11-09,53.36,53.86,52.27,52.37,3312728.0,17612240.0,891116632.0,0.003717502155206099
2012-11-12,52.37,52.97,52.37,52.77,2239687.0,11864592.0,891116632.0,0.002513348892359132
2012-11-13,52.97,52.97,51.48,51.67,2748256.0,14382237.0,891116632.0,0.003084058698166011
2012-11-14,51.67,51.77,50.28,50.98,3321033.0,17016342.0,891116632.0,0.0037268219229017823
2012-11-15,50.78,51.08,49.29,49.39,4171155.0,21039666.0,891116632.0,0.004680818256795818
2012-11-16,49.29,49.29,48.0,48.59,4078849.0,19927810.0,891116632.0,0.004577233611772606
2012-11-19,48.69,48.99,47.6,48.89,3263148.0,15834257.0,891116632.0,0.0036618640959222943
2012-11-20,48.89,49.39,48.49,48.69,2643093.0,13000293.0,891116632.0,0.002966046087668578
2012-11-21,48.89,52.27,48.69,51.48,7782914.0,39532388.0,891116632.0,0.008733889280612148
2012-11-22,51.97,53.46,51.18,51.58,12150941.0,63899268.0,891116632.0,0.013635634846954578
2012-11-23,51.18,51.67,50.48,50.68,6256975.0,32097980.0,891116632.0,0.007021499515677315
2012-11-26,50.68,51.18,49.49,49.59,3385991.0,17089498.0,891116632.0,0.003799716982501568
2012-11-27,49.19,49.79,46.81,47.1,5758211.0,27608080.0,891116632.0,0.0064617927589079045
2012-11-28,47.2,47.2,46.01,46.21,3052275.0,14239839.0,891116632.0,0.0034252250383314583
2012-11-29,46.21,46.71,45.22,45.61,4461143.0,20689638.0,891116632.0,0.005006239183290207
2012-11-30,45.51,46.21,45.22,45.61,3904030.0,17997566.0,891116632.0,0.004381053904512917
2012-12-03,45.71,46.01,43.53,43.53,5933886.0,26669434.0,891116632.0,0.006658933058719972
2012-12-04,43.33,44.42,42.04,44.12,6206368.0,26915720.0,891116632.0,0.0069647089697681686
2012-12-05,43.92,46.51,43.63,45.81,7406905.0,34003876.0,891116632.0,0.008311936657916626
2012-12-06,45.81,46.61,45.22,45.91,4759028.0,21932922.0,891116632.0,0.005340522024955315
2012-12-07,45.91,47.8,45.51,47.6,9014923.0,42527332.0,891116632.0,0.01011643445568638
2012-12-10,47.6,50.28,47.6,49.59,13335774.0,66322208.0,891116632.0,0.014965239701642107
2012-12-11,49.09,49.49,48.4,48.59,7905650.0,38897028.0,891116632.0,0.008871622093122374
2012-12-12,48.49,50.08,48.4,49.79,9401523.0,46743872.0,891116632.0,0.010550272166842466
2012-12-13,49.69,51.58,49.39,49.89,14015739.0,71255552.0,891116632.0,0.01572828796668672
2012-12-14,48.89,52.07,48.79,51.87,16142484.0,82926024.0,891116632.0,0.018114894751509923
2012-12-17,53.36,57.04,53.36,53.66,20215396.0,111644040.0,891116632.0,0.022685465935731744
2012-12-18,52.77,54.66,52.47,53.07,10800676.0,58266448.0,891116632.0,0.012120384259644252
2012-12-19,53.36,56.35,53.17,55.65,18785212.0,104646640.0,891116632.0,0.021080531240718667
2012-12-20,55.65,55.65,53.26,55.05,13495194.0,74013704.0,891116632.0,0.01514413884264703
2012-12-21,54.76,55.05,52.87,53.46,10873674.0,58949568.0,891116632.0,0.012202301707236006
2012-12-24,53.26,55.15,53.07,54.76,8832731.0,48328264.0,891116632.0,0.009911980859538037
2012-12-25,54.66,55.85,53.86,55.55,13780672.0,76655360.0,891116632.0,0.015464498703240454
2012-12-26,55.65,56.25,54.85,55.95,10302612.0,57674880.0,891116632.0,0.011561463034167675
2012-12-27,56.15,56.44,54.56,54.56,9762049.0,54501808.0,891116632.0,0.010954849959528081
2012-12-28,54.56,55.35,53.96,55.15,8260367.0,45520124.0,891116632.0,0.009269681098265037
2012-12-31,54.66,55.65,54.46,55.05,8073004.0,44703116.0,891116632.0,0.009059424670237778
2013-01-04,55.55,55.85,53.86,54.26,7591138.0,41709376.0,891116632.0,0.008518680638877358
2013-01-07,54.16,55.75,53.96,55.65,7888221.0,43823404.0,891116632.0,0.008852063486118392
2013-01-08,55.75,57.44,55.55,56.94,14323278.0,81642384.0,891116632.0,0.01607340440706756
2013-01-09,57.04,57.84,56.05,56.74,13044046.0,74975168.0,891116632.0,0.014637866168791248
2013-01-10,56.54,57.34,56.15,56.84,9399833.0,53703864.0,891116632.0,0.010548375669864054
2013-01-11,57.34,59.33,56.64,56.84,23498796.0,136785424.0,891116632.0,0.02637005657414326
2013-01-14,56.44,61.61,55.65,60.42,26246232.0,156566144.0,891116632.0,0.029453195078509093
2013-01-15,60.42,63.3,59.62,62.71,31174104.0,194165840.0,891116632.0,0.03498319174004599
2013-01-16,62.71,63.1,60.82,61.81,20225276.0,125553248.0,891116632.0,0.022696553148836302
2013-01-17,62.01,62.71,60.62,60.72,13920579.0,86092144.0,891116632.0,0.015621500598363874
2013-01-18,62.11,66.78,62.11,66.78,49307584.0,323941632.0,891116632.0,0.05533235743713512
2013-01-21,70.06,72.34,68.17,71.55,82276552.0,584688832.0,891116632.0,0.09232972323200898
2013-01-22,69.36,69.36,66.28,66.88,44738344.0,305565440.0,891116632.0,0.05020481314504295
2013-01-23,66.38,70.46,66.38,69.66,40890984.0,283664800.0,891116632.0,0.04588735360962267
2013-01-24,69.56,69.66,64.59,65.59,37531496.0,253853264.0,891116632.0,0.042117377964055326
2013-01-25,64.89,66.78,62.8,63.1,19649696.0,126997256.0,891116632.0,0.022050644432366515
2013-01-28,63.4,64.99,63.1,64.89,18529304.0,119526968.0,891116632.0,0.020793354466309637
2013-01-29,64.79,69.36,64.1,67.48,27692586.0,187628656.0,891116632.0,0.031076275546386613
2013-01-30,67.28,73.14,66.38,72.64,56815772.0,405914816.0,891116632.0,0.06375795261781177
2013-01-31,71.95,72.84,68.87,70.56,29159832.0,207941184.0,891116632.0,0.03272280075679252
2013-02-01,69.86,77.61,69.26,75.33,64584628.0,492967712.0,891116632.0,0.07247606618568869
2013-02-04,73.93,82.78,73.64,79.6,66057544.0,524720512.0,891116632.0,0.07412895419956655
2013-02-05,77.51,79.8,76.52,79.5,34964776.0,275021312.0,891116632.0,0.03923703670699752
2013-02-06,80.49,81.39,77.41,77.61,26137446.0,206530512.0,891116632.0,0.02933111678247747
2013-02-07,77.21,79.4,75.52,78.41,26933616.0,211314400.0,891116632.0,0.030224568853070177
2013-02-08,77.61,78.61,76.62,77.31,20551134.0,160161888.0,891116632.0,0.02306222694315058
2013-02-18,77.61,77.81,74.33,75.03,25501384.0,193633728.0,891116632.0,0.028617335917931783
2013-02-19,74.63,78.31,74.63,76.52,25691228.0,198831024.0,891116632.0,0.028830376493298355
2013-02-20,76.02,76.02,73.74,75.82,21466132.0,162113200.0,891116632.0,0.02408902631726438
2013-02-21,75.52,75.52,72.15,72.54,20575080.0,151619792.0,891116632.0,0.023089098846490838
2013-02-22,72.64,75.92,72.64,73.74,20798032.0,155366768.0,891116632.0,0.023339292807633288
2013-02-25,73.74,78.11,73.04,77.41,30143556.0,230259488.0,891116632.0,0.03382672359323667
2013-02-26,77.41,80.29,74.73,75.33,41014696.0,322713440.0,891116632.0,0.04602618167719262
2013-02-27,74.93,79.8,74.33,79.3,36607168.0,286025920.0,891116632.0,0.04108010857999562
2013-02-28,79.3,79.5,77.31,79.2,31030012.0,245143744.0,891116632.0,0.03482149348997898
2013-03-01,79.5,80.59,78.31,79.4,30174784.0,240651408.0,891116632.0,0.033861767266397516
2013-03-04,77.91,78.41,73.34,74.03,31145846.0,237639648.0,891116632.0,0.03495148096394188
2013-03-05,74.03,77.11,72.94,76.22,19254054.0,145821920.0,891116632.0,0.021606659901282146
2013-03-06,76.12,77.81,75.03,77.11,21044664.0,162182240.0,891116632.0,0.02361606017022472
2013-03-07,76.42,77.51,72.54,72.84,28052896.0,210041328.0,891116632.0,0.03148061094655901
2013-03-08,73.14,74.33,69.07,69.66,27339042.0,195357360.0,891116632.0,0.03067953286725323
2013-03-11,69.56,70.75,68.57,69.96,10493768.0,73632864.0,891116632.0,0.011775975919614526
2013-03-12,69.96,70.66,65.69,67.08,18161572.0,124065592.0,891116632.0,0.020380690190058084
2013-03-13,67.28,67.97,65.79,67.48,10712995.0,72298144.0,891116632.0,0.012021989732091546
2013-03-14,67.48,68.47,67.08,67.28,9647204.0,65804208.0,891116632.0,0.010825972329063207
2013-03-15,67.08,70.46,66.38,68.87,18308404.0,127162552.0,891116632.0,0.020545463234042747
2013-03-18,68.17,69.16,66.78,67.28,9961242.0,67967304.0,891116632.0,0.011178381866404217
2013-03-19,67.28,67.87,63.5,65.09,13189757.0,86643664.0,891116632.0,0.014801381240519815
2013-03-20,65.59,68.47,65.59,68.47,15685409.0,106278576.0,891116632.0,0.017601970871978966
2013-03-21,68.97,70.66,68.37,69.76,17254628.0,120946384.0,891116632.0,0.019362928914562108
2013-03-22,69.76,70.26,68.57,69.36,9071069.0,63184072.0,891116632.0,0.010179440798496957
2013-03-25,69.36,69.76,67.77,68.47,8964461.0,61972256.0,891116632.0,0.010059806626973606
2013-03-26,67.87,68.47,65.89,66.78,10818211.0,72615808.0,891116632.0,0.01214006181852972
2013-03-27,67.57,68.97,66.58,67.38,8935129.0,60961288.0,891116632.0,0.010026890621428778
2013-03-28,65.79,66.28,64.2,64.3,10318727.0,67604328.0,891116632.0,0.011579547086716253
2013-03-29,64.2,65.79,64.2,64.99,7669729.0,50195148.0,891116632.0,0.008606874481498848
2013-04-01,64.59,66.48,63.6,65.59,8215771.0,53730092.0,891116632.0,0.009219636021786203
2013-04-02,65.19,65.89,63.4,63.6,9084649.0,58966020.0,891116632.0,0.010194680105577919
2013-04-03,63.6,64.2,61.61,61.71,8173589.0,51196528.0,891116632.0,0.009172299906080083
2013-04-08,61.12,64.1,60.12,63.5,10157943.0,63533924.0,891116632.0,0.011399117281877867
2013-04-09,63.2,64.99,63.0,64.49,10080305.0,64884984.0,891116632.0,0.011311992884002193
2013-04-10,64.59,66.88,64.1,65.49,16862344.0,111865672.0,891116632.0,0.018922712689308216
2013-04-11,66.58,67.28,64.89,65.09,11142694.0,74169224.0,891116632.0,0.012504192604947362
2013-04-12,64.59,65.69,62.61,62.8,8666935.0,55670456.0,891116632.0,0.009725926650642966
2013-04-15,60.82,60.92,56.54,56.64,22566936.0,131303344.0,891116632.0,0.02532433487337267
2013-04-16,55.65,58.13,54.85,57.54,9001503.0,51291660.0,891116632.0,0.010101374698615209
2013-04-17,57.14,58.53,56.94,57.64,6082209.0,35330440.0,891116632.0,0.006825379284358369
2013-04-18,57.14,57.94,56.64,57.14,5871353.0,33795268.0,891116632.0,0.006588759303956073
2013-04-19,57.14,58.83,57.14,58.83,9889042.0,58015844.0,891116632.0,0.011097359924486292
2013-04-22,58.33,58.73,57.44,57.64,8963449.0,52132956.0,891116632.0,0.010058670973161682
2013-04-23,57.64,57.94,55.35,56.84,11784288.0,66965240.0,891116632.0,0.013224181411081552
2013-04-24,62.51,62.51,61.81,62.51,37865908.0,238085744.0,891116632.0,0.04249265095076803
2013-04-25,63.2,67.97,61.91,64.49,62773724.0,409715520.0,891116632.0,0.07044389224237933
2013-04-26,62.11,62.41,58.13,59.82,31282028.0,190545904.0,891116632.0,0.03510430271039987
2013-05-02,58.13,60.92,57.84,60.22,11918184.0,71822216.0,891116632.0,0.01337443783677466
2013-05-03,60.32,62.21,59.72,61.51,14430082.0,89085952.0,891116632.0,0.016193258527352903
2013-05-06,61.21,62.61,60.72,62.41,17331360.0,107696456.0,891116632.0,0.019449036610507345
2013-05-07,62.41,62.51,61.02,61.91,12428080.0,77247488.0,891116632.0,0.013946636785475237
2013-05-08,62.21,63.1,61.41,62.71,15011344.0,94093480.0,891116632.0,0.016845543513545374
2013-05-09,62.61,66.28,62.61,64.99,31361696.0,203980096.0,891116632.0,0.03519370514902476
2013-05-10,64.49,65.59,63.9,64.59,17082896.0,111049400.0,891116632.0,0.019170213400303813
2013-05-13,64.79,65.39,64.1,64.89,14701333.0,95789696.0,891116632.0,0.016497653025513277
2013-05-14,64.89,64.89,61.91,62.21,16011970.0,101015768.0,891116632.0,0.01796843356414876
2013-05-15,62.61,65.09,62.61,64.59,16969104.0,109519896.0,891116632.0,0.01904251743334087
2013-05-16,64.59,67.18,60.82,65.98,28937224.0,192006768.0,891116632.0,0.032472992828171114
2013-05-17,66.08,67.08,64.79,66.48,21310700.0,141469280.0,891116632.0,0.023914602460253485
2013-05-20,67.28,71.25,66.78,70.56,38126508.0,264601168.0,891116632.0,0.04278509302921416
2013-05-21,70.36,73.04,69.66,71.45,45538832.0,327388256.0,891116632.0,0.051103110821524876
2013-05-22,71.55,72.84,70.06,70.75,30355680.0,217655920.0,891116632.0,0.03406476650746656
2013-05-23,70.75,75.13,70.06,72.34,42104872.0,308954400.0,891116632.0,0.04724956362390058
2013-05-24,72.74,76.32,72.74,75.92,44359692.0,333241952.0,891116632.0,0.0497798945806232
2013-05-27,76.52,76.92,74.13,76.22,32428280.0,246563536.0,891116632.0,0.03639061244678912
2013-05-28,75.33,75.43,70.85,71.85,37854040.0,275757920.0,891116632.0,0.04247933282879182
2013-05-29,71.95,73.74,71.55,73.14,21790412.0,158735296.0,891116632.0,0.0244529292996071
2013-05-30,72.54,74.73,71.55,71.95,26574896.0,195180528.0,891116632.0,0.029822017731120073
2013-05-31,71.85,74.53,70.26,73.64,42307240.0,308959936.0,891116632.0,0.0474766584762835
2013-06-03,73.84,75.43,72.94,74.53,36067796.0,269719488.0,891116632.0,0.040474832030741405
2013-06-04,73.93,74.53,70.95,71.65,19766270.0,144077920.0,891116632.0,0.022181462325124687
2013-06-05,71.65,73.14,71.15,71.75,14599069.0,105911152.0,891116632.0,0.016382893636755734
2013-06-06,71.55,71.75,67.57,67.67,24505832.0,170203200.0,891116632.0,0.027500139847013876
2013-06-07,67.67,68.57,64.59,65.49,15477205.0,103309568.0,891116632.0,0.017368326932988946
2013-06-13,64.39,64.39,60.92,62.8,11956678.0,75314728.0,891116632.0,0.01341763532475511
2013-06-14,63.1,65.19,63.1,64.59,12770528.0,82521456.0,891116632.0,0.014330927671429659
2013-06-17,64.89,64.99,63.1,63.9,10317386.0,66653968.0,891116632.0,0.011578042233196698
2013-06-18,64.39,66.18,63.6,65.79,12584676.0,82358936.0,891116632.0,0.01412236686880736
2013-06-19,65.19,67.08,63.89,66.68,16741108.0,110975968.0,891116632.0,0.018786663158139774
2013-06-20,66.78,66.78,62.7,62.7,14823792.0,96275416.0,891116632.0,0.01663507499206905
2013-06-21,60.71,62.6,58.92,61.71,11444417.0,69996800.0,891116632.0,0.012842782402472318
2013-06-24,61.51,61.51,55.93,57.33,13642927.0,80834328.0,891116632.0,0.015309922977624325
2013-06-25,56.53,59.12,51.85,58.32,17404528.0,98728288.0,891116632.0,0.019531144829984498
2013-06-26,58.42,59.22,57.03,58.92,11087323.0,64996740.0,891116632.0,0.012442055957496706
2013-06-27,59.22,60.61,57.62,57.72,14180476.0,84713616.0,891116632.0,0.015913153778954494
2013-06-28,56.73,58.52,55.53,57.13,8936092.0,51487292.0,891116632.0,0.010027971288050204
2013-07-01,57.23,59.42,57.13,59.32,9518494.0,55896896.0,891116632.0,0.010681535568062431
2013-07-02,60.21,60.31,58.32,60.11,14823622.0,88334640.0,891116632.0,0.016634884220183648
2013-07-03,59.52,60.01,57.43,59.22,11912798.0,70305912.0,891116632.0,0.01336839373457009
2013-07-04,58.32,60.31,57.82,59.42,12660907.0,75625640.0,891116632.0,0.01420791234878444
2013-07-05,59.42,59.71,58.22,58.32,10874076.0,64416092.0,891116632.0,0.012202752826635604
2013-07-08,57.23,57.23,54.24,54.44,10586315.0,59062776.0,891116632.0,0.011879831011839986
2013-07-09,53.84,55.04,53.25,53.84,5824027.0,31637180.0,891116632.0,0.006535650655435191
2013-07-10,54.14,57.33,54.04,57.13,11630442.0,65113396.0,891116632.0,0.013051537343542703
2013-07-11,57.33,59.32,56.43,58.72,16908008.0,98773384.0,891116632.0,0.0189739562621024
2013-07-12,58.52,60.51,58.02,58.22,13255929.0,78874760.0,891116632.0,0.014875638635818885
2013-07-15,57.62,59.12,57.23,58.72,13176955.0,77181576.0,891116632.0,0.014787014995361461
2013-07-16,58.92,61.41,58.52,60.91,20071038.0,121075032.0,891116632.0,0.022523469183773466
2013-07-17,61.11,61.41,59.12,59.32,16911834.0,102384992.0,891116632.0,0.018978249751711515
2013-07-18,58.92,60.91,58.22,59.91,13500641.0,81105728.0,891116632.0,0.015150251398292833
2013-07-19,59.52,62.5,59.12,60.61,26237192.0,160676656.0,891116632.0,0.029443050502955936
2013-07-22,61.71,63.3,61.01,62.8,30877214.0,192847744.0,891116632.0,0.034650025475004266
2013-07-23,61.9,63.89,61.71,63.2,24553668.0,154758368.0,891116632.0,0.027553820811190965
2013-07-24,63.2,68.17,61.9,66.28,40532668.0,264598048.0,891116632.0,0.04548525585144729
2013-07-25,65.79,66.88,63.4,64.19,26114388.0,170493184.0,891116632.0,0.02930524138169155
2013-07-26,63.8,67.08,63.1,65.79,25209584.0,165034720.0,891116632.0,0.028289881587576518
2013-07-29,65.19,66.48,63.4,64.09,16979412.0,110263944.0,891116632.0,0.01905408494272162
2013-07-30,64.09,64.89,60.41,61.8,15149140.0,95140392.0,891116632.0,0.017000176470727123
2013-07-31,62.3,63.2,60.71,61.11,9982496.0,62173400.0,891116632.0,0.01120223284082975
2013-08-01,61.11,63.99,61.11,63.7,14811429.0,93634688.0,891116632.0,0.016621201387250057
2013-08-02,65.49,65.98,63.99,64.09,19561850.0,127273888.0,891116632.0,0.021952064743866212
2013-08-05,64.99,66.48,64.49,66.08,19674506.0,129988608.0,891116632.0,0.02207848590575964
2013-08-06,65.98,66.88,64.49,66.48,19480300.0,128789088.0,891116632.0,0.02186055034825116
2013-08-07,67.68,68.37,65.59,65.89,23067096.0,154680944.0,891116632.0,0.025885608203977502
2013-08-08,66.28,66.48,64.29,64.79,14751834.0,96560256.0,891116632.0,0.016554324619540935
2013-08-09,64.99,65.39,63.2,64.29,13133251.0,84956568.0,891116632.0,0.014737970910187208
2013-08-12,64.69,65.69,64.19,65.59,11785869.0,76950680.0,891116632.0,0.013225955589615793
2013-08-13,65.29,66.08,65.19,65.79,12279512.0,80955592.0,891116632.0,0.013779915623884349
2013-08-14,65.98,68.07,64.29,66.68,27438008.0,182408224.0,891116632.0,0.030790591281433966
2013-08-15,66.18,66.88,64.39,64.49,14332835.0,94565896.0,891116632.0,0.016084129153589852
2013-08-16,64.09,65.39,62.2,62.2,13860564.0,88864344.0,891116632.0,0.015554152511879051
2013-08-19,61.9,63.6,61.51,63.3,8942069.0,56446844.0,891116632.0,0.010034678603103437
2013-08-20,63.1,63.89,62.3,63.2,9010128.0,57148892.0,891116632.0,0.010111053566330474
2013-08-21,63.3,64.09,62.0,63.89,10581811.0,67256632.0,891116632.0,0.011874776679064385
2013-08-22,63.7,66.38,63.3,65.69,24126840.0,158772160.0,891116632.0,0.027074839738823325
2013-08-23,65.49,66.08,63.3,66.08,19256784.0,125756120.0,891116632.0,0.021609723473324197
2013-08-26,65.69,67.48,65.29,67.08,22976750.0,153814944.0,891116632.0,0.025784223046574222
2013-08-27,66.88,66.88,65.19,66.68,16772240.0,111484704.0,891116632.0,0.018821599101294745
2013-08-28,65.89,65.89,64.79,64.89,13835819.0,90860968.0,891116632.0,0.015526383980677403
2013-08-29,64.69,65.19,62.7,63.5,13259809.0,85038816.0,891116632.0,0.014879992723556303
2013-08-30,63.5,63.5,61.11,61.8,14507482.0,91113392.0,891116632.0,0.016280115844589018
2013-09-02,62.5,63.3,62.1,63.0,9161623.0,57671516.0,891116632.0,0.010281059370912966
2013-09-03,62.5,63.7,62.4,63.6,9094585.0,57765528.0,891116632.0,0.010205830161185904
2013-09-04,63.6,63.6,62.5,62.8,8842754.0,55931340.0,891116632.0,0.009923228545463845
2013-09-05,62.9,63.1,62.0,62.5,8924355.0,56062168.0,891116632.0,0.010014800172644516
2013-09-06,62.3,63.99,62.3,63.3,10863278.0,69061424.0,891116632.0,0.012190635445349875
2013-09-09,63.4,63.6,62.6,63.4,12309234.0,78068840.0,891116632.0,0.01381326928257804
2013-09-10,63.4,66.38,63.0,65.49,26096208.0,168454544.0,891116632.0,0.029284840011829114
2013-09-11,64.99,65.29,63.8,64.39,16148526.0,104722464.0,891116632.0,0.018121675008754633
2013-09-12,64.49,65.79,64.29,65.09,23260816.0,152445200.0,891116632.0,0.026102998378331244
2013-09-13,64.79,64.99,62.9,63.6,14153359.0,90701320.0,891116632.0,0.0158827234188577
2013-09-16,63.7,64.59,62.8,64.19,12641957.0,80898904.0,891116632.0,0.014186646894499888
2013-09-17,64.09,64.09,61.41,61.61,12953277.0,81701240.0,891116632.0,0.014536006326049586
2013-09-18,61.71,61.9,60.71,61.8,9155798.0,56415572.0,891116632.0,0.010274522628369033
2013-09-23,61.8,63.0,61.71,62.8,8997246.0,56596212.0,891116632.0,0.010096597546167223
2013-09-24,62.7,63.3,62.1,62.7,9953962.0,62843936.0,891116632.0,0.011170212340958753
2013-09-25,62.7,65.49,62.5,64.69,21887014.0,140722576.0,891116632.0,0.024561334862393185
2013-09-26,64.49,64.49,62.5,62.5,15557780.0,99432576.0,891116632.0,0.017458747195731837
2013-09-27,62.5,64.09,62.4,62.6,8494164.0,53877612.0,891116632.0,0.009532045183508593
2013-09-30,63.4,64.49,62.9,64.09,10445219.0,67032988.0,891116632.0,0.01172149483570631
2013-10-08,64.19,65.49,63.89,65.29,17049448.0,111388296.0,891116632.0,0.019132678470757124
2013-10-09,65.09,65.98,64.69,65.59,15559132.0,102185064.0,891116632.0,0.017460264393314568
2013-10-10,65.59,67.38,64.99,66.28,28697578.0,191151584.0,891116632.0,0.032204065067882155
2013-10-11,66.48,67.08,64.69,66.18,20307678.0,134310400.0,891116632.0,0.022789023648253488
2013-10-14,66.08,66.78,65.19,66.38,16557124.0,110038272.0,891116632.0,0.01858019860188178
2013-10-15,66.18,68.67,64.49,68.47,33536008.0,224727360.0,891116632.0,0.037633691029571086
2013-10-16,69.07,69.07,65.49,66.28,24709390.0,166822736.0,891116632.0,0.027728570102594607
2013-10-17,67.38,70.56,66.38,68.07,39910600.0,275358496.0,891116632.0,0.0447871788796329
2013-10-18,67.98,69.17,67.38,68.07,17168532.0,117616104.0,891116632.0,0.019266313054293886
2013-10-21,68.27,71.56,67.78,70.56,33217760.0,233718416.0,891116632.0,0.037276557082597465
2013-10-22,70.36,70.56,68.67,69.17,21264560.0,148320000.0,891116632.0,0.023862824726180176
2013-10-23,68.97,69.17,65.79,65.89,20988268.0,141531696.0,891116632.0,0.023552773280523846
2013-10-24,66.08,66.58,65.09,65.59,11302827.0,74647192.0,891116632.0,0.012683891865683413
2013-10-25,66.28,66.38,63.0,63.4,15531291.0,100350008.0,891116632.0,0.017429021569423473
2013-10-28,63.5,64.29,62.8,63.0,8867996.0,56547732.0,891116632.0,0.009951554803883404
2013-10-29,63.0,63.99,58.02,60.11,16123678.0,98068088.0,891116632.0,0.018093790892234184
2013-10-30,60.21,61.31,59.91,61.01,7685421.0,46868108.0,891116632.0,0.008624483848709043
2013-10-31,61.01,61.8,60.21,61.01,7343781.0,45044856.0,891116632.0,0.008241099690304064
2013-11-01,60.91,61.71,60.11,61.31,5394042.0,32998160.0,891116632.0,0.006053126836936874
2013-11-04,61.71,62.1,61.21,61.31,5292081.0,32729434.0,891116632.0,0.005938707471010372
2013-11-05,61.11,62.0,60.21,61.9,7176233.0,44135592.0,891116632.0,0.008053079408801787
2013-11-06,61.71,63.3,61.21,61.41,8416977.0,52822748.0,891116632.0,0.009445426892223014
2013-11-07,61.01,61.41,60.11,60.51,5861852.0,35752664.0,891116632.0,0.006578097399937206
2013-11-08,60.71,60.71,58.72,59.02,6230460.0,37396044.0,891116632.0,0.00699174471249236
2013-11-11,59.42,59.91,58.72,59.81,3726898.0,22293422.0,891116632.0,0.0041822785774241955
2013-11-12,59.81,61.21,59.62,60.91,6250607.0,38012140.0,891116632.0,0.007014353425287657
2013-11-13,60.91,61.21,58.72,58.82,4934062.0,29741172.0,891116632.0,0.005536943002540659
2013-11-14,59.02,60.51,58.72,60.31,5950883.0,35773368.0,891116632.0,0.00667800688069752
2013-11-15,60.51,62.1,60.11,61.11,8881521.0,54746224.0,891116632.0,0.0099667323906485
2013-11-18,61.71,63.7,61.21,63.0,11859352.0,74792640.0,891116632.0,0.013308417298174724
2013-11-19,63.1,63.5,62.1,63.4,8972680.0,56649576.0,891116632.0,0.010069029886539026
2013-11-20,64.69,66.08,63.8,64.29,16934030.0,110148696.0,891116632.0,0.01900315782681969
2013-11-21,63.8,65.29,63.7,64.19,11344665.0,73450552.0,891116632.0,0.012730841948868485
2013-11-22,64.19,64.29,62.4,63.3,11297604.0,71922536.0,891116632.0,0.012678030680051317
2013-11-25,63.2,64.69,62.8,63.3,9204855.0,59053548.0,891116632.0,0.010329573783558334
2013-11-26,63.5,65.09,63.5,64.69,17308552.0,112319952.0,891116632.0,0.01942344175661172
2013-11-27,64.49,67.28,63.7,66.58,26726508.0,176147088.0,891116632.0,0.029992154831647223
2013-11-28,66.18,68.47,65.69,66.38,25860136.0,173755216.0,891116632.0,0.02901992294988385
2013-11-29,67.28,68.87,66.98,67.98,32502844.0,221981280.0,891116632.0,0.0364742872401017
2013-12-02,67.18,67.68,62.9,64.49,25266524.0,166415216.0,891116632.0,0.02835377894731068
2013-12-03,63.89,68.07,63.89,67.68,18693628.0,124463832.0,891116632.0,0.020977756815114636
2013-12-04,67.68,71.56,67.18,69.17,50884440.0,356286528.0,891116632.0,0.05710188562612307
2013-12-05,68.77,69.57,67.78,68.07,25940998.0,178800912.0,891116632.0,0.0291106652804568
2013-12-06,67.98,68.47,65.89,66.18,20073188.0,134819040.0,891116632.0,0.022525881887030023
2013-12-09,66.78,68.57,66.58,67.28,13183283.0,89580152.0,891116632.0,0.01479411619824867
2013-12-10,67.28,68.07,66.18,66.78,13499198.0,91006752.0,891116632.0,0.015148632081642036
2013-12-11,66.88,67.08,65.19,67.08,15112863.0,100481672.0,891116632.0,0.01695946687256983
2013-12-12,66.88,67.68,66.08,66.08,10826595.0,72886608.0,891116632.0,0.012149470239042738
2013-12-13,65.69,67.58,65.59,67.08,14737772.0,99013672.0,891116632.0,0.01653854441805548
2013-12-16,67.48,68.17,65.89,66.28,11783208.0,79197192.0,891116632.0,0.013222969448515467
2013-12-17,66.38,69.37,66.18,68.07,27307964.0,186720528.0,891116632.0,0.030644657522226563
2013-12-18,68.07,69.07,67.48,68.47,15440076.0,106041648.0,891116632.0,0.01732666123102952
2013-12-19,68.67,69.07,65.69,65.69,18931500.0,127667504.0,891116632.0,0.021244693814670042
2013-12-20,65.19,66.38,64.39,65.49,12518677.0,82277872.0,891116632.0,0.014048303611956376
2013-12-23,65.19,65.59,63.0,64.69,9451853.0,61081620.0,891116632.0,0.010606751866797163
2013-12-24,64.69,66.58,64.69,65.49,10742419.0,71034816.0,891116632.0,0.012055008978892003
2013-12-25,65.29,67.48,65.09,67.18,11959801.0,80250096.0,891116632.0,0.013421139916508706
2013-12-26,67.18,68.07,66.18,66.38,12697008.0,85488208.0,891116632.0,0.014248424441930963
2013-12-27,66.28,70.56,66.28,69.57,34772896.0,240854192.0,891116632.0,0.03902171135775637
2013-12-30,69.77,70.16,68.47,69.27,19234684.0,134106440.0,891116632.0,0.021584923128221897
2013-12-31,68.97,70.07,68.17,68.57,19041988.0,132120952.0,891116632.0,0.021368682073930813
2014-01-02,68.47,70.76,67.98,70.07,30459416.0,213914528.0,891116632.0,0.03418117775631417
2014-01-03,70.26,72.06,68.17,68.67,32224510.0,226081840.0,891116632.0,0.036161944287445416
2014-01-06,68.17,69.17,65.59,66.08,20263340.0,137028576.0,891116632.0,0.02273926809616544
2014-01-07,66.48,67.58,65.09,66.98,10326329.0,68908264.0,891116632.0,0.011588077956556421
2014-01-08,66.88,67.68,65.69,66.08,13440512.0,89905832.0,891116632.0,0.015082775382426035
2014-01-09,65.98,66.78,62.9,62.9,17301936.0,112926272.0,891116632.0,0.019416017363706888
2014-01-10,62.9,62.9,60.61,61.31,14774610.0,91371488.0,891116632.0,0.0165798835634346
2014-01-13,61.31,62.5,60.71,61.61,7873617.0,48743036.0,891116632.0,0.008835675058974772
2014-01-14,61.61,63.4,61.31,63.4,10148318.0,63835564.0,891116632.0,0.011388316226601414
2014-01-15,63.5,65.19,63.0,64.09,17110772.0,110744152.0,891116632.0,0.019201495500759547
2014-01-16,64.19,65.19,63.3,63.4,10209186.0,65850588.0,891116632.0,0.011456621539075932
2014-01-17,63.3,65.59,63.2,64.69,13308500.0,86631504.0,891116632.0,0.014934633158098209
2014-01-20,64.19,65.19,63.6,64.09,9967900.0,64505196.0,891116632.0,0.01118585339118662
2014-01-21,64.29,65.19,64.09,64.69,7345343.0,47759180.0,891116632.0,0.008242852547274642
2014-01-22,64.69,66.68,64.29,66.38,12539954.0,83135144.0,891116632.0,0.014072180396695817
2014-01-23,66.08,67.48,65.98,66.88,14658235.0,98631552.0,891116632.0,0.016449288986001107
2014-01-24,66.88,68.87,66.68,67.18,21375884.0,145447712.0,891116632.0,0.0239877511342421
2014-01-27,66.68,70.16,66.28,68.47,23962580.0,165039824.0,891116632.0,0.026890509210022243
2014-01-28,68.17,69.97,67.98,69.67,21046252.0,146489808.0,891116632.0,0.02361784220407189
2014-01-29,70.16,71.36,68.97,69.97,21735676.0,152985904.0,891116632.0,0.024391505241257803
2014-01-30,67.68,69.87,67.18,68.57,25170128.0,173191040.0,891116632.0,0.0282456045551622
2014-02-07,67.88,75.44,67.58,75.44,59722712.0,439963424.0,891116632.0,0.06702008452693765
2014-02-10,77.63,82.41,76.73,80.91,89929576.0,719589824.0,891116632.0,0.10091785157029814
2014-02-11,80.32,83.6,79.62,83.3,70976376.0,583436544.0,891116632.0,0.07964880628555028
2014-02-12,83.1,84.1,81.81,82.41,41408328.0,344225472.0,891116632.0,0.046467910611278994
2014-02-13,82.31,90.07,82.31,83.3,64102936.0,556242112.0,891116632.0,0.07193551741496393
2014-02-14,83.1,88.18,81.61,86.09,53217996.0,454490304.0,891116632.0,0.059720573142663554
2014-02-17,87.48,91.46,85.19,90.67,59643160.0,530324416.0,891116632.0,0.06693081226206987
2014-02-18,90.37,91.66,88.58,89.47,37766568.0,340931648.0,891116632.0,0.0423811728384394
2014-02-19,89.37,89.87,84.89,86.98,44116160.0,385043904.0,891116632.0,0.04950660599947146
2014-02-20,87.18,87.78,84.79,85.69,29543382.0,256176592.0,891116632.0,0.033153215795886974
2014-02-21,86.09,86.98,82.11,85.09,32413356.0,275228736.0,891116632.0,0.03637386491962592
2014-02-24,84.5,89.27,83.7,88.48,48833408.0,424818304.0,891116632.0,0.054800243028120255
2014-02-25,89.57,94.55,88.18,88.48,81942808.0,754307264.0,891116632.0,0.09195519986658716
2014-02-26,88.08,91.07,84.0,91.07,38107772.0,336694496.0,891116632.0,0.042764067723067706
2014-02-27,90.57,95.15,87.58,88.08,46821376.0,432795328.0,891116632.0,0.05254236574500385
2014-02-28,86.59,87.88,80.61,86.09,43115804.0,363721184.0,891116632.0,0.048384018939509596
2014-03-03,85.49,87.88,84.2,87.38,22501248.0,194725264.0,891116632.0,0.025250620616853216
2014-03-04,88.28,92.46,86.88,90.87,37678904.0,342987616.0,891116632.0,0.042282797388075236
2014-03-05,89.57,96.74,89.57,94.65,42861552.0,404044832.0,891116632.0,0.04809870050770189
2014-03-06,91.86,94.55,91.56,92.56,24474630.0,228077808.0,891116632.0,0.027465125350729622
2014-03-07,95.54,101.81,95.54,98.63,45761764.0,456439488.0,891116632.0,0.051353282338916104
2014-03-10,98.03,100.32,92.16,92.66,29466216.0,282974016.0,891116632.0,0.03306662107054018
2014-03-11,92.26,94.45,88.08,91.36,21993312.0,201095184.0,891116632.0,0.02468062115577257
2014-03-12,91.36,95.05,89.57,93.55,22362768.0,208266256.0,891116632.0,0.025095220083379614
2014-03-13,94.45,100.12,93.06,96.24,28831744.0,281586016.0,891116632.0,0.03235462448421678
2014-03-14,94.05,98.43,92.56,92.76,20655640.0,195502240.0,891116632.0,0.02317950227642031
2014-03-17,92.66,97.04,90.67,96.64,22011278.0,207876016.0,891116632.0,0.02470078237749691
2014-03-18,96.04,101.32,95.74,100.22,33282408.0,330362816.0,891116632.0,0.03734910426405328
2014-03-19,99.52,102.01,96.64,98.73,28326402.0,282261728.0,891116632.0,0.03178753597766987
2014-03-20,98.13,99.92,92.96,93.06,23046176.0,222646832.0,891116632.0,0.025862132040197404
2014-03-21,92.76,95.25,90.27,94.55,26869300.0,249933968.0,891116632.0,0.030152394237884676
2014-03-24,94.05,94.35,91.36,92.76,16925266.0,157753616.0,891116632.0,0.01899332297503342
2014-03-25,92.26,92.26,87.18,88.08,29262580.0,263396832.0,891116632.0,0.03283810328432968
2014-03-26,88.48,91.26,86.59,90.27,20393444.0,183611088.0,891116632.0,0.022885269186626516
2014-03-27,89.57,90.77,87.18,87.18,14641652.0,131179368.0,891116632.0,0.01643067974967389
2014-03-28,86.79,88.68,85.09,88.18,17080064.0,149317504.0,891116632.0,0.019167035365130522
2014-03-31,88.08,88.28,85.09,85.79,12385073.0,107285632.0,891116632.0,0.013898374865031135
2014-04-01,85.39,90.27,85.39,90.27,16882602.0,150049072.0,891116632.0,0.018945445964922807
2014-04-02,90.07,91.36,88.78,89.37,12483769.0,112962536.0,891116632.0,0.014009130288570351
2014-04-03,89.57,91.66,88.97,89.47,11310925.0,102835656.0,891116632.0,0.01269297934055393
2014-04-04,89.47,90.37,87.48,89.47,13942202.0,124663544.0,891116632.0,0.015645765659999488
2014-04-08,88.78,88.78,83.8,86.88,21664648.0,187704288.0,891116632.0,0.02431179850316159
2014-04-09,86.88,89.27,86.09,86.88,16989424.0,149812560.0,891116632.0,0.019065320284584252
2014-04-10,88.38,90.47,87.58,89.67,23727084.0,212714784.0,891116632.0,0.02662623852811222
2014-04-11,89.27,89.27,86.29,87.48,15102007.0,132794416.0,891116632.0,0.01694728440440555
2014-04-14,87.88,88.58,86.09,88.28,11392768.0,99948976.0,891116632.0,0.01278482253712441
2014-04-15,87.88,90.27,87.28,88.97,17337996.0,155166320.0,891116632.0,0.0194564834471634
2014-04-16,88.38,89.27,87.18,88.08,7865880.0,69472976.0,891116632.0,0.008826992693813844
2014-04-17,88.08,90.47,87.58,89.27,12757524.0,114747080.0,891116632.0,0.014316334744383943
2014-04-18,89.07,90.07,88.38,89.37,11468369.0,103087160.0,891116632.0,0.012869661038937942
2014-04-21,89.57,93.25,88.97,90.77,28540940.0,262834464.0,891116632.0,0.03202828785267246
2014-04-22,90.87,91.36,86.59,88.78,15157752.0,135181648.0,891116632.0,0.017009840750004092
2014-04-23,88.58,89.47,87.38,88.08,8080993.0,71712480.0,891116632.0,0.009068389826664126
2014-04-24,88.08,88.08,84.7,84.7,14360764.0,124420288.0,891116632.0,0.01611547072998633
2014-04-25,84.89,85.59,80.61,81.11,19959276.0,164862384.0,891116632.0,0.02239805125755974
2014-04-28,80.52,80.61,77.83,78.92,11871898.0,94588216.0,891116632.0,0.013322496263317414
2014-04-29,79.12,81.21,78.72,81.11,7477523.0,60207516.0,891116632.0,0.008391183299112747
2014-04-30,81.21,82.01,80.12,81.41,5276388.0,42931376.0,891116632.0,0.005921096981612616
2014-05-05,80.91,82.41,79.22,82.41,8644799.0,70249408.0,891116632.0,0.009701085906788462
2014-05-06,82.11,84.0,81.61,82.7,9935123.0,82974256.0,891116632.0,0.011149071449493493
2014-05-07,82.7,83.5,80.81,81.01,8131679.0,67159720.0,891116632.0,0.009125269025390606
2014-05-08,80.91,82.31,79.42,81.01,7248221.0,59103148.0,891116632.0,0.008133863446956739
2014-05-09,81.11,82.01,78.13,79.22,9812849.0,78558056.0,891116632.0,0.011011857087636537
2014-05-12,80.02,81.01,79.12,80.71,10506625.0,84857736.0,891116632.0,0.011790403885088748
2014-05-13,80.71,80.81,78.13,78.82,9711481.0,77733608.0,891116632.0,0.010898103178933822
2014-05-14,78.82,82.01,78.43,81.81,13473845.0,109133080.0,891116632.0,0.015120181260403183
2014-05-15,81.81,82.7,79.62,80.22,8808524.0,72005984.0,891116632.0,0.009884816065244308
2014-05-16,80.22,81.01,78.72,80.42,7912042.0,63611976.0,891116632.0,0.008878795116013501
2014-05-19,80.52,81.21,79.22,80.12,5512218.0,44487968.0,891116632.0,0.006185742474168073
2014-05-20,80.42,82.21,80.02,81.01,5941467.0,48473744.0,891116632.0,0.006667440362621354
2014-05-21,80.72,82.21,79.42,82.21,8222441.0,67032060.0,891116632.0,0.00922712101281934
2014-05-22,82.01,83.31,81.11,81.21,9813666.0,81130872.0,891116632.0,0.011012773914874029
2014-05-23,80.91,82.51,80.72,82.51,7736052.0,63397364.0,891116632.0,0.008681301327119658
2014-05-26,82.81,85.0,82.41,84.4,12407081.0,104410728.0,891116632.0,0.013923071968877807
2014-05-27,84.2,86.69,83.9,85.0,15781926.0,135436496.0,891116632.0,0.01771028104882235
2014-05-28,85.1,86.2,84.4,85.6,10628862.0,90943720.0,891116632.0,0.01192757672600594
2014-05-29,85.3,87.19,83.01,83.51,13449427.0,114813504.0,891116632.0,0.015092779684534045
2014-05-30,83.8,85.1,82.91,84.8,7758597.0,65565204.0,891116632.0,0.008706601045686688
2014-06-03,84.9,85.7,83.51,83.51,6534878.0,55433220.0,891116632.0,0.007333358805494722
2014-06-04,83.51,83.51,79.82,80.81,9432014.0,76997472.0,891116632.0,0.010584488787770713
2014-06-05,80.81,81.61,79.72,80.91,12603564.0,101970696.0,891116632.0,0.014143562747463118
2014-06-06,81.11,82.51,80.81,81.41,12278128.0,100557592.0,891116632.0,0.013778362516299662
2014-06-09,81.81,82.71,80.72,81.21,10630541.0,87277440.0,891116632.0,0.011929460878921178
2014-06-10,81.51,83.01,79.92,82.51,10961732.0,89942376.0,891116632.0,0.012301119299499282
2014-06-11,82.31,85.7,81.91,84.6,18041602.0,152926976.0,891116632.0,0.02024606134834211
2014-06-12,84.2,85.5,83.31,83.8,10770789.0,91235496.0,891116632.0,0.012086845440002965
2014-06-13,84.5,91.18,83.8,88.29,34213940.0,302984416.0,891116632.0,0.0383944578873038
2014-06-16,87.69,88.69,86.89,87.89,17575600.0,154761472.0,891116632.0,0.01972311970045241
2014-06-17,87.99,92.87,87.59,89.19,32306654.0,293579776.0,891116632.0,0.03625412526247181
2014-06-18,89.68,92.47,88.19,89.68,22453300.0,202727872.0,891116632.0,0.025196813967669273
2014-06-19,89.68,91.08,85.3,87.19,15414251.0,136048768.0,891116632.0,0.017297680737261786
2014-06-20,87.59,89.88,86.3,89.48,15947457.0,141505280.0,891116632.0,0.017896037878013707
2014-06-23,89.68,91.68,88.69,89.09,16307352.0,147542448.0,891116632.0,0.01829990757034821
2014-06-24,89.68,93.17,89.19,92.77,27800760.0,256216256.0,891116632.0,0.03119766706363079
2014-06-25,92.17,92.57,89.78,90.68,18476868.0,168277824.0,891116632.0,0.020734511439351073
2014-06-26,90.68,94.96,89.78,93.67,28244580.0,263145296.0,891116632.0,0.031695716347038175
2014-06-27,95.66,97.36,93.27,93.67,35718612.0,340554272.0,891116632.0,0.04008298208937481
2014-06-30,93.27,95.16,92.67,93.57,20638120.0,193860160.0,891116632.0,0.02315984155034826
2014-07-01,93.37,95.56,91.28,95.26,28089242.0,262837744.0,891116632.0,0.031521397975658026
2014-07-02,95.06,95.06,92.17,93.17,22526840.0,210558944.0,891116632.0,0.02527933964091919
2014-07-03,92.67,92.67,90.68,91.68,19582212.0,180294752.0,891116632.0,0.021974914726987163
2014-07-04,92.08,92.47,90.98,91.28,11548429.0,106273936.0,891116632.0,0.01295950337508682
2014-07-07,91.18,93.17,90.98,93.17,15868024.0,146662112.0,891116632.0,0.017806899153465693
2014-07-08,93.17,93.57,91.28,91.58,15113318.0,139579904.0,891116632.0,0.01695997746791017
2014-07-09,91.58,91.58,88.89,89.09,21196584.0,191787040.0,891116632.0,0.02378654290452072
2014-07-10,89.48,90.18,88.59,89.19,8454842.0,75824448.0,891116632.0,0.009487918524227477
2014-07-11,90.18,96.36,89.78,95.36,40152488.0,376589600.0,891116632.0,0.04505862258443404
2014-07-14,95.36,95.56,92.97,95.26,24857128.0,235471808.0,891116632.0,0.027894359848509707
2014-07-15,95.16,96.26,93.27,94.07,21789444.0,206866128.0,891116632.0,0.02445184302204787
2014-07-16,94.27,95.26,90.58,90.98,18439808.0,171719168.0,891116632.0,0.020692923168333367
2014-07-17,90.98,91.58,87.69,89.58,19350044.0,173993232.0,891116632.0,0.021714378685280783
2014-07-18,89.28,90.48,88.69,89.58,8434410.0,75954688.0,891116632.0,0.009464989987977242
2014-07-21,89.58,90.38,88.69,89.68,6001542.0,53948720.0,891116632.0,0.0067348557803598484
2014-07-22,89.48,91.48,88.79,90.68,10901143.0,98690456.0,891116632.0,0.012233127077354336
2014-07-23,90.38,90.98,87.99,89.19,10998005.0,98701160.0,891116632.0,0.01234182440890633
2014-07-24,88.99,88.99,85.5,85.8,20633176.0,179636544.0,891116632.0,0.023154293455045737
2014-07-25,85.9,87.29,84.8,86.99,13464774.0,116305224.0,891116632.0,0.015110001897035628
2014-07-28,87.49,89.19,87.19,88.49,13292390.0,117682656.0,891116632.0,0.014916554716487437
2014-07-29,89.88,91.98,89.58,89.78,23340872.0,212524064.0,891116632.0,0.026192836225729876
2014-07-30,89.48,90.38,88.69,89.68,12096145.0,108636712.0,891116632.0,0.013574143457351607
2014-07-31,89.88,91.38,89.68,90.88,15691106.0,142792464.0,891116632.0,0.017608363974515068
2014-08-01,90.78,90.78,87.99,88.19,15803023.0,141905952.0,891116632.0,0.017733955839800777
2014-08-04,88.09,90.08,88.09,89.38,9826159.0,88047672.0,891116632.0,0.011026793404075978
2014-08-05,89.48,95.66,88.99,94.87,53852152.0,503718816.0,891116632.0,0.06043221511771761
2014-08-06,93.77,95.66,93.27,93.87,24119080.0,227012256.0,891116632.0,0.02706613156334849
2014-08-07,93.67,94.57,91.58,91.68,19482920.0,181371168.0,891116632.0,0.021863490479661477
2014-08-08,92.17,94.27,91.58,93.37,18050364.0,168761440.0,891116632.0,0.02025589395575326
2014-08-11,93.87,94.96,92.57,93.87,26441172.0,248689424.0,891116632.0,0.02967195432168749
2014-08-12,93.67,97.66,93.17,96.46,38273132.0,368190112.0,891116632.0,0.0429496326581861
2014-08-13,95.56,96.06,93.17,95.26,26746512.0,254283376.0,891116632.0,0.03001460307162127
2014-08-14,95.16,98.25,94.77,96.56,37359208.0,363055168.0,891116632.0,0.04192403851351301
2014-08-15,96.06,101.64,95.86,99.35,45113276.0,450925440.0,891116632.0,0.050625557171735065
2014-08-18,100.55,103.83,99.95,100.74,35760640.0,363862048.0,891116632.0,0.0401301453881965
2014-08-19,100.74,101.94,98.65,100.05,31076916.0,312123136.0,891116632.0,0.034874128575349043
2014-08-20,100.35,102.64,99.35,100.45,25175732.0,255305632.0,891116632.0,0.02825189329425511
2014-08-21,100.64,101.34,97.46,99.75,30488310.0,302040768.0,891116632.0,0.034213602243707196
2014-08-22,99.25,104.03,98.45,102.84,39017960.0,396516672.0,891116632.0,0.04378546937501218
2014-08-25,103.34,103.34,99.45,99.85,32794732.0,331369344.0,891116632.0,0.03680184032296235
2014-08-26,99.65,101.44,96.86,98.05,23959108.0,238759744.0,891116632.0,0.02688661297480979
2014-08-27,97.76,100.94,97.16,99.05,17966694.0,179576912.0,891116632.0,0.020162000522508484
2014-08-28,99.05,99.45,96.46,96.66,17693020.0,173122288.0,891116632.0,0.01985488696388735
2014-08-29,96.46,98.55,96.36,98.35,13599677.0,133479376.0,891116632.0,0.015261388365602854
2014-09-01,98.45,101.14,97.66,101.04,21020556.0,210874096.0,891116632.0,0.02358900647249955
2014-09-02,100.55,102.14,100.15,101.44,24803548.0,251821456.0,891116632.0,0.02783423303898114
2014-09-03,102.04,105.13,101.34,103.53,44102184.0,456554496.0,891116632.0,0.049490922306116264
2014-09-04,102.94,105.43,102.24,104.53,38339340.0,400184192.0,891116632.0,0.04302393045223737
2014-09-05,105.53,111.11,105.03,107.62,51410672.0,559014592.0,891116632.0,0.05769241663082325
2014-09-09,107.72,114.1,105.23,111.81,39987368.0,439068160.0,891116632.0,0.04487332697433034
2014-09-10,111.71,115.99,109.41,111.21,36002336.0,402984032.0,891116632.0,0.040401373632985904
2014-09-11,109.31,111.31,108.72,108.72,31815002.0,350407840.0,891116632.0,0.035702399503637586
2014-09-12,108.82,109.81,107.22,109.51,20603406.0,225078688.0,891116632.0,0.023120885931349106
2014-09-15,109.61,112.4,108.42,112.4,32575212.0,359582400.0,891116632.0,0.0365554977095299
2014-09-16,112.1,112.6,104.63,105.53,32794900.0,358095072.0,891116632.0,0.03680202885047263
2014-09-17,106.42,107.12,102.94,105.23,20533920.0,215907200.0,891116632.0,0.023042909606472255
2014-09-18,106.42,108.12,104.73,107.42,17045438.0,182667920.0,891116632.0,0.019128178498636753
2014-09-19,106.72,108.12,105.93,107.32,12908193.0,138756560.0,891116632.0,0.014485413622040892
2014-09-22,106.62,107.12,102.44,103.14,22187816.0,232889312.0,891116632.0,0.024898891125174287
2014-09-23,103.14,104.73,102.64,104.33,15574011.0,162230288.0,891116632.0,0.017476961422037515
2014-09-24,104.63,108.42,103.73,107.72,21701828.0,231561328.0,891116632.0,0.02435352143668664
2014-09-25,107.72,108.82,105.93,106.72,23712282.0,256270944.0,891116632.0,0.026609627907831487
2014-09-26,106.72,108.12,105.73,106.82,14043659.0,150503376.0,891116632.0,0.01575961944339515
2014-09-29,107.32,111.41,107.22,110.61,37121020.0,408004640.0,891116632.0,0.041656746902688266
2014-09-30,109.61,112.4,108.62,110.41,31845086.0,352599872.0,891116632.0,0.03573615939422843
2014-10-08,110.21,110.31,107.82,110.01,23818488.0,261217600.0,891116632.0,0.02672881095995524
2014-10-09,110.01,112.0,107.92,110.51,24924056.0,275104160.0,891116632.0,0.027969465617605035
2014-10-10,109.61,109.81,107.02,107.42,19297288.0,209817136.0,891116632.0,0.02165517655830264
2014-10-13,107.82,107.82,103.44,105.43,20586036.0,216585696.0,891116632.0,0.023101393533411237
2014-10-14,106.23,107.42,104.53,105.53,15271570.0,162448464.0,891116632.0,0.017137565893843625
2014-10-15,106.13,106.32,103.04,104.63,15598557.0,163642208.0,891116632.0,0.017504506637914485
2014-10-16,104.03,105.53,102.74,102.94,13204688.0,138073200.0,891116632.0,0.014818136622995944
2014-10-17,103.04,106.62,100.74,105.23,19893780.0,208366720.0,891116632.0,0.022324552461052034
2014-10-20,104.83,108.92,104.83,108.52,23825964.0,257078480.0,891116632.0,0.026737200434162698
2014-10-21,108.62,113.3,107.62,110.51,44901740.0,500396064.0,891116632.0,0.050388174103791164
2014-10-22,110.51,110.51,106.32,106.52,25850668.0,281066528.0,891116632.0,0.0290092980780545
2014-10-23,106.92,108.02,103.44,104.93,15453038.0,163342256.0,891116632.0,0.017341207026197666
2014-10-24,105.13,113.1,104.93,113.1,53824528.0,599494720.0,891116632.0,0.060401215808527295
2014-10-27,112.4,114.79,109.71,113.5,37328192.0,421267808.0,891116632.0,0.041889232744115136
2014-10-28,114.5,117.49,112.2,116.59,48786752.0,561543232.0,891116632.0,0.054747886245265366
2014-10-29,116.49,120.08,114.7,115.59,49838344.0,586104000.0,891116632.0,0.05592796970711237
2014-10-30,115.09,126.25,114.6,123.07,66489576.0,804932480.0,891116632.0,0.07461377513600262
2014-10-31,123.96,126.15,120.67,121.97,41868636.0,516306784.0,891116632.0,0.04698446252319528
2014-11-03,122.67,125.06,120.47,123.07,30518646.0,373785856.0,891116632.0,0.03424764492556346
2014-11-04,122.57,128.05,121.67,124.36,38585392.0,482770368.0,891116632.0,0.04330004694604331
2014-11-05,123.56,126.35,119.08,119.38,34071008.0,419371808.0,891116632.0,0.03823406137480778
2014-11-06,119.48,122.87,118.38,121.17,26690820.0,322937312.0,891116632.0,0.02995210620196347
2014-11-07,120.57,121.37,116.19,116.89,26744464.0,318397152.0,891116632.0,0.030012304831495952
2014-11-10,117.39,119.88,116.19,118.78,21475404.0,255004896.0,891116632.0,0.024099431240331738
2014-11-11,119.08,119.08,112.1,113.9,26845244.0,310145984.0,891116632.0,0.030125398893912688
2014-11-12,113.6,115.89,112.0,115.39,18679862.0,214208128.0,891116632.0,0.02096230878114729
2014-11-13,115.19,115.19,110.41,110.91,23767792.0,267100192.0,891116632.0,0.026671920539353147
2014-11-14,110.91,112.3,109.41,110.31,15023466.0,166951152.0,891116632.0,0.01685914667116212
2014-11-17,111.61,114.6,109.81,112.8,21631744.0,245297152.0,891116632.0,0.024274874043648195
2014-11-18,112.6,114.7,112.6,113.2,13454934.0,153173664.0,891116632.0,0.015098959571433519
2014-11-19,115.09,124.56,115.09,124.06,93324936.0,1149032320.0,891116632.0,0.10472808232806051
2014-11-20,122.37,124.46,120.87,124.46,47839944.0,588369152.0,891116632.0,0.05368539008483011
2014-11-21,125.36,129.04,123.46,123.66,53394044.0,678954880.0,891116632.0,0.059918132018435946
2014-11-24,124.66,130.04,122.87,129.44,53514008.0,682128256.0,891116632.0,0.06005275412702655
2014-11-25,128.65,132.03,127.65,129.54,39265932.0,511972960.0,891116632.0,0.04406374046893561
2014-11-26,133.53,140.3,130.54,133.93,55528024.0,751722880.0,891116632.0,0.06231285783026436
2014-11-27,134.03,138.11,131.64,136.92,33059772.0,446818944.0,891116632.0,0.03709926491418017
2014-11-28,135.62,137.22,132.23,135.12,30669340.0,413922688.0,891116632.0,0.03441675185790944
2014-12-01,135.32,136.42,128.35,131.44,33657984.0,441626304.0,891116632.0,0.03777057097953481
2014-12-02,129.54,133.53,128.85,132.23,22716488.0,300458176.0,891116632.0,0.02549216026752377
2014-12-03,131.54,132.53,126.85,131.34,29956888.0,389642400.0,891116632.0,0.03361724708556444
2014-12-04,132.53,137.51,131.04,135.82,36225348.0,490675040.0,891116632.0,0.04065163492538202
2014-12-05,134.43,136.32,126.35,133.03,34843756.0,458997984.0,891116632.0,0.0391012295683423
2014-12-08,132.03,134.72,129.54,132.23,27596716.0,367801952.0,891116632.0,0.030968691424895323
2014-12-09,133.43,133.43,125.06,126.55,33143876.0,426815488.0,891116632.0,0.0371936453768265
2014-12-10,126.06,131.24,125.16,131.14,20806444.0,268332944.0,891116632.0,0.02334873264939802
2014-12-11,129.74,134.72,128.85,134.03,20852088.0,276510656.0,891116632.0,0.02339995377844098
2014-12-12,134.43,140.7,133.53,139.81,38809864.0,536451424.0,891116632.0,0.04355194663227877
2014-12-15,140.5,142.1,137.51,140.5,27240002.0,380306496.0,891116632.0,0.030568391411192962
2014-12-16,140.5,144.89,137.32,138.21,25386264.0,357742784.0,891116632.0,0.028488149685887584
2014-12-17,139.21,139.21,133.13,135.52,24252056.0,328392960.0,891116632.0,0.0272153555764853
2014-12-18,134.13,136.72,133.03,134.33,17404984.0,235384144.0,891116632.0,0.0195316565475124
2014-12-19,133.93,133.93,128.35,132.13,15760508.0,207428384.0,891116632.0,0.01768624603563678
2014-12-22,132.83,133.03,121.47,125.56,22822272.0,286471968.0,891116632.0,0.0256108697564967
2014-12-23,124.56,128.45,122.47,125.26,12601715.0,159174928.0,891116632.0,0.014141487822662478
2014-12-24,124.56,129.04,124.06,127.45,13683734.0,173466992.0,891116632.0,0.01535571608543381
2014-12-25,128.65,133.33,127.65,130.94,19247348.0,253325088.0,891116632.0,0.021599134511496806
2014-12-26,130.54,132.03,128.75,130.04,9843757.0,128330136.0,891116632.0,0.0110465416607778
2014-12-29,131.04,131.04,122.37,123.76,23652894.0,296592320.0,891116632.0,0.026542983432947528
2014-12-30,124.06,124.36,114.4,118.38,26222712.0,309049600.0,891116632.0,0.029426801227069904
2014-12-31,116.79,119.38,115.59,118.98,14452507.0,170154384.0,891116632.0,0.01621842358341259
2015-01-05,118.28,118.28,112.6,115.89,20381294.0,236456016.0,891116632.0,0.022871634607758057
2015-01-06,115.49,119.88,114.6,119.08,19964552.0,236151120.0,891116632.0,0.022403971919132577
2015-01-07,119.08,120.08,117.29,117.98,12458466.0,148278192.0,891116632.0,0.01398073557670956
2015-01-08,117.98,123.07,116.59,120.38,19187092.0,231404256.0,891116632.0,0.021531515977809737
2015-01-09,120.38,122.17,118.28,118.28,12992063.0,156697792.0,891116632.0,0.014579531492797903
2015-01-12,117.39,117.39,112.2,113.1,12095954.0,138777904.0,891116632.0,0.01357392911952742
2015-01-13,113.1,121.07,113.0,119.88,17144210.0,202675872.0,891116632.0,0.01923901920843062
2015-01-14,119.58,121.07,118.08,118.58,9085083.0,108525400.0,891116632.0,0.010195167134979475
2015-01-15,118.58,119.98,117.09,118.08,9518226.0,112852136.0,891116632.0,0.010681234821796032
2015-01-16,119.18,121.07,118.88,120.08,21216232.0,255478544.0,891116632.0,0.023808591645722983
2015-01-19,116.09,120.38,112.9,114.6,14804076.0,173680224.0,891116632.0,0.01661294994211263
2015-01-20,116.39,122.77,116.19,122.37,28132168.0,338585152.0,891116632.0,0.031569568998909676
2015-01-21,121.27,123.96,121.27,123.46,36258320.0,445728672.0,891116632.0,0.04068863569364958
2015-01-22,122.67,127.25,121.87,126.35,30045416.0,376090240.0,891116632.0,0.03371659210598148
2015-01-23,127.35,128.45,123.17,123.86,23837668.0,299476736.0,891116632.0,0.026750334517378866
2015-01-26,123.86,128.65,122.57,127.05,26627956.0,337952416.0,891116632.0,0.029881561003116817
2015-01-27,126.75,130.74,124.56,130.04,47900828.0,617132608.0,891116632.0,0.0537537133523056
2015-01-28,128.55,129.14,125.96,126.45,26715216.0,341613408.0,891116632.0,0.029979483089706264
2015-01-29,124.16,125.76,122.17,122.47,19116418.0,237356816.0,891116632.0,0.021452206494110188
2015-01-30,123.17,124.76,122.17,122.17,13776179.0,170719680.0,891116632.0,0.015459456714528025
2015-02-02,122.27,124.76,120.97,122.37,13083370.0,161823200.0,891116632.0,0.014681995072447487
2015-02-03,122.87,127.15,122.47,126.06,25348138.0,318278560.0,891116632.0,0.02844536516292965
2015-02-04,127.05,128.45,125.36,125.96,26772248.0,340884032.0,891116632.0,0.03004348369069606
2015-02-05,126.06,128.35,124.56,124.66,28862350.0,366570656.0,891116632.0,0.03238897015671457
2015-02-06,125.06,125.56,117.19,118.48,25763328.0,312820768.0,891116632.0,0.02891128621646016
2015-02-09,117.59,119.68,116.59,116.59,11034486.0,130870488.0,891116632.0,0.012382762933326106
2015-02-10,116.59,118.28,115.89,118.08,12221652.0,143457040.0,891116632.0,0.013714985851593892
2015-02-11,118.58,121.17,118.08,120.38,13027556.0,156962544.0,891116632.0,0.014619361295907223
2015-02-12,120.87,124.66,120.67,122.97,19699336.0,244080304.0,891116632.0,0.02210634982290399
2015-02-13,123.46,124.86,122.77,123.56,16622762.0,206647984.0,891116632.0,0.018653856749023173
2015-02-16,123.96,126.55,123.66,126.15,20585936.0,258798464.0,891116632.0,0.023101281314655116
2015-02-17,126.15,127.35,124.16,126.45,21201048.0,267599216.0,891116632.0,0.02379155234979387
2015-02-25,127.45,130.44,126.45,127.05,26527660.0,342251904.0,891116632.0,0.029769010079479696
2015-02-26,126.55,127.75,124.56,127.55,17613676.0,222809760.0,891116632.0,0.019765848114032283
2015-02-27,127.55,130.84,127.55,130.04,30851384.0,400965696.0,891116632.0,0.03462103937029872
2015-03-02,130.84,133.13,129.74,131.64,29820322.0,392971168.0,891116632.0,0.03346399441908295
2015-03-03,131.04,135.62,130.34,131.24,39964960.0,534149280.0,891116632.0,0.04484818099545919
2015-03-04,131.14,133.53,128.55,133.43,32933620.0,433819456.0,891116632.0,0.036957698708960915
2015-03-05,132.83,134.33,130.34,131.74,25227814.0,334463136.0,891116632.0,0.028310339066817014
2015-03-06,131.44,132.43,128.35,128.55,21937872.0,286735424.0,891116632.0,0.02461840707738019
2015-03-09,128.45,138.91,126.75,135.12,42253392.0,568739840.0,891116632.0,0.04741623092048853
2015-03-10,135.82,138.61,134.43,136.52,36630264.0,502432000.0,891116632.0,0.041106026623908866
2015-03-11,136.52,138.31,134.92,137.22,22907750.0,314546432.0,891116632.0,0.025706792104852105
2015-03-12,137.51,142.0,136.22,140.11,34454260.0,482597632.0,891116632.0,0.038664142002009
2015-03-13,139.91,142.0,137.91,138.91,22565948.0,315398880.0,891116632.0,0.025323226152062214
2015-03-16,140.5,143.59,139.41,143.0,33184948.0,473266304.0,891116632.0,0.0372397358643397
2015-03-17,144.99,156.95,143.49,150.47,58530276.0,884051904.0,891116632.0,0.0656819476802224
2015-03-18,148.97,152.76,148.28,151.07,33578008.0,506515168.0,891116632.0,0.03768082290714107
2015-03-19,150.77,153.06,147.98,149.27,30244964.0,455266144.0,891116632.0,0.033940522389441834
2015-03-20,150.07,154.26,149.47,152.66,32333286.0,492205792.0,891116632.0,0.03628401136160143
2015-03-23,153.26,154.26,150.47,153.46,37002976.0,565805632.0,891116632.0,0.041524279394215144
2015-03-24,153.66,155.25,146.28,150.37,48916800.0,735717888.0,891116632.0,0.05489382449322301
2015-03-25,150.77,161.03,147.48,157.64,69712496.0,1086874240.0,891116632.0,0.07823049587071336
2015-03-26,157.94,161.33,151.37,154.06,44090416.0,692152704.0,891116632.0,0.04947771640289618
2015-03-27,154.06,155.75,151.17,154.26,21456426.0,330810240.0,891116632.0,0.024078134364795473
2015-03-30,155.75,161.43,155.75,158.74,35394956.0,565451200.0,891116632.0,0.039719779352070265
2015-03-31,156.85,163.12,153.46,159.44,51381640.0,811384128.0,891116632.0,0.05765983728154678
2015-04-01,159.44,167.81,159.14,166.21,55463472.0,910655296.0,891116632.0,0.062240418378814416
2015-04-02,167.21,168.21,161.73,165.81,46785776.0,776889664.0,891116632.0,0.05250241586782548
2015-04-03,163.42,169.9,162.43,167.61,40741140.0,682721664.0,891116632.0,0.045719200536703704
2015-04-07,167.91,173.59,166.31,172.29,45066452.0,766571328.0,891116632.0,0.05057301186136991
2015-04-08,171.89,174.19,164.42,168.01,38916000.0,659541504.0,891116632.0,0.04367105113127324
2015-04-09,166.91,169.9,158.54,162.33,34442588.0,564593472.0,891116632.0,0.03865104382879479
2015-04-10,162.33,166.81,160.43,165.12,24538832.0,405071392.0,891116632.0,0.027537172036533147
2015-04-13,165.32,168.31,162.43,166.91,36508080.0,607603072.0,891116632.0,0.04096891325893242
2015-04-14,167.21,178.37,165.52,170.1,48265028.0,833183872.0,891116632.0,0.05416241406209103
2015-04-15,169.2,169.2,160.23,160.43,32475584.0,534600800.0,891116632.0,0.03644369640718365
2015-04-16,160.04,163.42,154.55,159.44,29131720.0,466191328.0,891116632.0,0.03269125382007234
2015-04-17,161.93,162.93,156.55,157.94,37263464.0,594627904.0,891116632.0,0.041816595787654426
2015-04-20,157.84,162.03,155.05,158.64,36122560.0,572719488.0,891116632.0,0.04053628751034242
2015-04-21,158.24,165.22,157.64,164.72,34141148.0,556257920.0,891116632.0,0.038312771610349655
2015-04-22,164.92,173.39,164.62,173.29,54710236.0,924992768.0,891116632.0,0.06139514630897384
2015-04-23,173.39,179.07,170.6,171.99,69121648.0,1210622336.0,891116632.0,0.07756745359455933
2015-04-24,168.41,172.09,165.52,169.8,44688520.0,757664128.0,891116632.0,0.050148901271994215
2015-04-27,170.9,174.48,166.61,168.21,37915264.0,648269696.0,891116632.0,0.042548037640038124
2015-04-28,167.41,169.2,156.35,157.84,45594160.0,739087616.0,891116632.0,0.0511651992149104
2015-04-29,158.24,163.92,158.24,160.33,38681928.0,626119808.0,891116632.0,0.043408378444450356
2015-04-30,161.73,163.32,158.54,159.24,36608272.0,589192128.0,891116632.0,0.041081347475063174
2015-05-04,158.94,160.43,155.65,160.43,27801140.0,442074848.0,891116632.0,0.031198093494904044
2015-05-05,162.93,168.21,160.43,161.53,51561064.0,849609408.0,891116632.0,0.057861184662525746
2015-05-06,162.63,172.19,162.63,166.01,71999848.0,1210834304.0,891116632.0,0.08079733383317662
2015-05-07,166.01,170.6,159.94,160.53,43717828.0,725667072.0,891116632.0,0.04905960278384749
2015-05-08,161.53,176.58,161.53,176.58,93870272.0,1612251648.0,891116632.0,0.10534005160392966
2015-05-11,179.17,189.53,177.87,187.34,102083096.0,1893046272.0,891116632.0,0.11455638053897305
2015-05-12,186.34,192.52,180.36,189.33,81730536.0,1522047104.0,891116632.0,0.09171699086859822
2015-05-13,189.13,198.1,184.35,190.33,69674928.0,1341486592.0,891116632.0,0.07818833752841457
2015-05-14,190.83,196.71,189.33,189.53,49246680.0,948066816.0,891116632.0,0.0552640117259084
2015-05-15,187.34,187.44,179.87,181.56,54016772.0,990042432.0,891116632.0,0.06061694963404072
2015-05-18,181.76,187.14,181.36,182.76,39095392.0,723405120.0,891116632.0,0.043872362602250255
2015-05-19,182.76,200.99,182.46,200.99,57280736.0,1100541824.0,891116632.0,0.06427972943501295
2015-05-20,205.67,215.24,200.79,203.78,86382536.0,1816283392.0,891116632.0,0.09693740740325449
2015-05-21,204.78,214.24,202.98,212.65,54119472.0,1140317184.0,891116632.0,0.06073219829657494
2015-05-22,218.33,222.61,204.18,217.43,59661392.0,1269996032.0,891116632.0,0.06695127198568548
2015-05-25,210.86,221.02,210.86,217.93,56801544.0,1234578176.0,891116632.0,0.06374198613319115
2015-05-26,218.43,237.96,218.43,228.89,62086080.0,1423424512.0,891116632.0,0.06967222669905235
2015-05-27,228.89,232.78,218.33,226.2,48600208.0,1103102336.0,891116632.0,0.05453854888885072
2015-05-28,228.69,237.16,211.06,211.25,66754692.0,1525682816.0,891116632.0,0.07491128501347509
2015-05-29,211.75,221.12,201.59,215.04,56472560.0,1215719168.0,891116632.0,0.06337280438056059
2015-06-01,215.04,236.57,215.04,236.57,58965272.0,1357208960.0,891116632.0,0.06617009478058984
2015-06-02,245.93,260.18,239.36,260.18,81041384.0,2060027136.0,891116632.0,0.09094363306642896
2015-06-03,271.04,277.62,246.13,266.56,86724896.0,2307635456.0,891116632.0,0.09732159953670352
2015-06-04,264.07,264.07,239.95,259.58,71299928.0,1801646208.0,891116632.0,0.08001189231534846
2015-06-05,262.57,270.84,252.11,259.38,59390332.0,1563207424.0,891116632.0,0.0666470918253493
2015-06-08,254.35,254.55,242.98,246.97,51840272.0,1286914944.0,891116632.0,0.058174508407110505
2015-06-09,244.37,252.25,240.98,248.16,40771700.0,1011902464.0,891116632.0,0.045753494588573675
2015-06-10,245.27,263.32,242.28,258.84,51373488.0,1318165504.0,891116632.0,0.057650689208547955
2015-06-11,258.34,259.14,252.35,257.04,34241636.0,876187008.0,891116632.0,0.038425537993998525
2015-06-12,259.24,261.33,253.35,257.14,42060884.0,1085206528.0,891116632.0,0.047200200837458954
2015-06-15,257.04,269.91,256.14,261.33,58458224.0,1546714240.0,891116632.0,0.06560109182206353
2015-06-16,259.14,259.14,239.49,241.38,44801852.0,1109336448.0,891116632.0,0.050276081032679006
2015-06-17,237.69,244.27,222.43,241.48,41653396.0,979587200.0,891116632.0,0.046742922872524725
2015-06-18,238.39,241.38,225.42,226.92,28429300.0,667592832.0,891116632.0,0.031903006833341206
2015-06-19,219.94,224.03,204.28,204.28,34793916.0,746181248.0,891116632.0,0.03904529974029258
2015-06-23,204.28,209.46,185.52,207.87,31369136.0,632142720.0,891116632.0,0.035202054224480014
2015-06-24,210.06,219.84,207.97,213.55,33318316.0,711910592.0,891116632.0,0.0373893997750005
2015-06-25,214.95,222.13,202.28,207.47,36554824.0,789836544.0,891116632.0,0.04102136879429269
2015-06-26,198.49,202.98,186.72,186.72,32903600.0,634034368.0,891116632.0,0.03692401063837399
2015-06-29,192.81,194.4,168.07,168.07,43693968.0,769623168.0,891116632.0,0.0490328273886375
2015-06-30,164.78,178.34,151.31,177.64,46140400.0,757561280.0,891116632.0,0.05177818294833487
2015-07-01,173.46,184.13,164.18,166.77,40905308.0,728688256.0,891116632.0,0.04590342782424916
2015-07-02,168.17,169.57,150.11,150.11,37447952.0,589958784.0,891116632.0,0.042023625926443264
2015-07-03,141.74,153.11,135.15,135.15,42647736.0,594968960.0,891116632.0,0.047858758852118474
2015-07-06,148.72,148.72,121.69,126.68,58981720.0,777629760.0,891116632.0,0.06618855252159629
2015-07-07,119.69,123.68,114.01,114.01,22743580.0,263655744.0,891116632.0,0.02552256257293153
2015-07-08,102.64,113.51,102.64,102.64,147199968.0,1538139264.0,891116632.0,0.16518597309717814
2015-07-09,102.54,112.91,102.54,112.91,49789488.0,550455424.0,891116632.0,0.05587314411162286
2015-07-10,119.69,124.18,117.9,124.18,20465188.0,251738336.0,891116632.0,0.022965779411016535
2015-07-13,136.65,136.65,132.66,136.65,15817230.0,216307552.0,891116632.0,0.017749898758482603
2015-07-14,147.72,150.31,144.53,150.31,82204976.0,1227945856.0,891116632.0,0.09224940153512924
2015-07-15,144.63,148.12,135.25,135.25,60557672.0,848217856.0,891116632.0,0.06795706625302893
2015-07-16,135.25,148.32,125.68,143.53,52901212.0,745065664.0,891116632.0,0.059365082078279514
2015-07-17,143.63,157.5,143.63,155.2,47806052.0,730541952.0,891116632.0,0.05364735690400625
2015-07-20,155.6,162.38,151.21,158.49,58501856.0,925560128.0,891116632.0,0.06565005510973337
2015-07-21,154.4,161.59,152.21,158.09,42949620.0,678829376.0,891116632.0,0.04819752932184078
2015-07-22,158.09,162.68,154.7,162.58,43677528.0,697281600.0,891116632.0,0.04901437862513153
2015-07-23,162.98,167.57,159.79,165.58,47932776.0,788168384.0,891116632.0,0.053789565000510506
2015-07-24,166.07,171.16,157.7,160.69,51734496.0,860134592.0,891116632.0,0.058055807895638065
2015-07-27,155.6,163.18,144.63,144.63,46370640.0,718056896.0,891116632.0,0.052036555412423274
2015-07-28,139.44,149.02,130.17,136.65,46605080.0,638724736.0,891116632.0,0.05229964106426868
2015-07-29,140.14,150.31,133.96,150.31,40697216.0,574146112.0,891116632.0,0.045669909570265996
2015-07-30,149.62,156.1,146.03,146.32,43590668.0,662697408.0,891116632.0,0.04891690541356656
2015-07-31,143.53,154.1,143.33,149.42,36106984.0,538286912.0,891116632.0,0.040518808316889324
2015-08-03,146.82,150.21,137.15,142.14,33296694.0,482369920.0,891116632.0,0.03736513583555245
2015-08-04,143.13,156.4,143.13,156.4,41199408.0,628127296.0,891116632.0,0.046233463185995166
2015-08-05,161.59,167.57,157.8,160.79,76375144.0,1237844224.0,891116632.0,0.08570723658090135
2015-08-06,156.7,169.37,155.1,166.37,60741444.0,1003664192.0,891116632.0,0.06816329290552395
2015-08-07,168.37,170.46,163.78,169.27,55209824.0,927914432.0,891116632.0,0.061955777748293674
2015-08-10,169.57,179.84,169.37,176.45,51298780.0,894058368.0,891116632.0,0.05756685282022657
2015-08-11,175.15,179.04,171.56,174.45,44184416.0,774170688.0,891116632.0,0.04958320203364805
2015-08-12,171.56,179.34,170.06,173.26,39546684.0,698743552.0,891116632.0,0.044378796871114845
2015-08-13,172.76,178.34,167.57,177.54,34640216.0,602556416.0,891116632.0,0.03887281951213767
2015-08-14,177.74,180.94,173.95,174.05,31824048.0,566371840.0,891116632.0,0.03571255081231611
2015-08-17,173.55,184.43,171.56,184.13,38495164.0,690160768.0,891116632.0,0.04319879420677225
2015-08-18,183.53,187.22,165.68,165.68,48276560.0,857260544.0,891116632.0,0.05417535512904668
2015-08-19,158.49,177.54,155.1,176.05,38409104.0,644306624.0,891116632.0,0.04310221874525623
2015-08-20,173.36,192.51,170.06,177.05,51259944.0,934864896.0,891116632.0,0.05752327154410019
2015-08-21,170.06,174.25,159.39,160.69,42321688.0,707149696.0,891116632.0,0.04749287184216757
2015-08-24,161.69,166.57,144.63,144.63,63238696.0,989172160.0,891116632.0,0.07096567803708101
2015-08-25,130.57,140.14,130.17,130.17,37070504.0,494474112.0,891116632.0,0.04160005847584719
2015-08-26,132.16,138.54,117.2,123.48,55539608.0,727355712.0,891116632.0,0.06232585725097318
2015-08-27,129.27,133.46,117.0,129.67,34077928.0,433888352.0,891116632.0,0.03824182691273122
2015-08-28,133.16,142.14,130.76,142.14,39131832.0,529886176.0,891116632.0,0.04391325511698002
2015-08-31,139.64,140.64,131.66,131.66,29370908.0,400119968.0,891116632.0,0.032959667618458276
2015-09-01,132.16,133.26,118.5,118.5,31879568.0,394231360.0,891116632.0,0.03577485466571339
2015-09-02,109.72,123.18,107.72,117.5,28023308.0,324650880.0,891116632.0,0.03144740766099852
2015-09-07,122.19,126.28,106.83,110.62,63827868.0,732279232.0,891116632.0,0.0716268395268825
2015-09-08,108.62,118.7,106.83,117.3,34014712.0,381688640.0,891116632.0,0.038170886703863025
2015-09-09,118.9,124.98,116.3,122.19,77845128.0,939567808.0,891116632.0,0.08735683434084979
2015-09-10,118.6,121.49,117.7,118.2,33058226.0,396183328.0,891116632.0,0.03709753001221057
2015-09-11,119.09,124.18,118.2,122.69,42855368.0,522755392.0,891116632.0,0.04809176089982349
2015-09-14,124.08,124.38,110.42,110.42,42762464.0,496303104.0,891116632.0,0.04798750518663869
2015-09-15,105.73,108.22,99.35,99.35,41372088.0,424633344.0,891116632.0,0.04642724253406147
2015-09-16,99.35,109.32,99.15,109.22,41802504.0,433494592.0,891116632.0,0.046910250015398655
2015-09-17,108.12,113.51,104.73,104.83,50834784.0,558100800.0,891116632.0,0.057046162280584616
2015-09-18,106.23,110.62,104.93,109.82,34313124.0,370722496.0,891116632.0,0.03850576093837288
2015-09-21,107.03,114.81,106.33,114.41,37099696.0,414623424.0,891116632.0,0.04163281737513345
2015-09-22,114.71,118.1,112.81,114.81,38145696.0,441820032.0,891116632.0,0.04280662556413828
2015-09-23,112.21,114.51,110.12,111.81,30393212.0,342260672.0,891116632.0,0.03410688445101314
2015-09-24,113.61,116.4,113.11,115.8,33633288.0,387162880.0,891116632.0,0.037742857435523657
2015-09-25,114.61,115.3,107.32,108.52,31273388.0,348231776.0,891116632.0,0.03509460700987119
2015-09-28,109.42,112.21,107.13,111.61,17290264.0,190656912.0,891116632.0,0.019402919190492675
2015-09-29,108.72,110.02,106.33,108.52,15447733.0,167872208.0,891116632.0,0.017335253821185552
2015-09-30,108.92,110.72,107.92,109.42,16282881.0,178768016.0,891116632.0,0.018272446518538328
2015-10-08,114.11,118.7,111.91,116.5,33770836.0,392580448.0,891116632.0,0.03789721209019023
2015-10-09,116.7,121.29,115.5,119.79,34219240.0,409512832.0,891116632.0,0.03840040548137811
2015-10-12,122.19,129.57,122.19,128.07,42921824.0,543197568.0,891116632.0,0.04816633699638994
2015-10-13,126.48,131.66,125.48,129.37,38539124.0,499549728.0,891116632.0,0.04324812557196217
2015-10-14,127.37,142.33,126.87,142.33,98098320.0,1365493632.0,891116632.0,0.11008471447764427
2015-10-15,142.43,150.51,140.74,148.02,68228960.0,996401664.0,891116632.0,0.07656569022493567
2015-10-16,146.52,148.32,142.24,147.32,53267096.0,776851520.0,891116632.0,0.059775672551917985
2015-10-19,148.12,154.01,144.73,151.11,55293808.0,824690560.0,891116632.0,0.062050023548432656
2015-10-20,150.41,161.39,148.82,153.91,60541348.0,945232256.0,891116632.0,0.06793874766328006
2015-10-21,153.21,153.31,138.54,138.54,53745508.0,783390656.0,891116632.0,0.060312540547442055
2015-10-22,139.54,147.92,139.54,147.12,40199372.0,579601664.0,891116632.0,0.04511123522605288
2015-10-23,148.22,156.4,146.42,154.7,47644244.0,724083008.0,891116632.0,0.053465777979105206
2015-10-26,157.6,161.69,151.61,157.3,44811596.0,700877120.0,891116632.0,0.05028701562827524
2015-10-27,155.5,173.06,145.33,173.06,63017604.0,1022363712.0,891116632.0,0.07071757134480237
2015-10-28,177.54,190.21,174.55,179.54,85033624.0,1559326976.0,891116632.0,0.09542367513571444
2015-10-29,178.54,188.32,175.05,175.95,52641860.0,963838592.0,891116632.0,0.059074040489909746
2015-10-30,173.55,179.54,165.68,176.95,40417692.0,698540160.0,891116632.0,0.045356231214411895
2015-11-02,169.57,175.35,161.09,162.78,33570304.0,569799232.0,891116632.0,0.037672177574169664
2015-11-03,164.98,170.26,154.4,158.19,40969840.0,662902976.0,891116632.0,0.04597584483194788
2015-11-04,161.09,172.56,159.59,172.26,38616600.0,646096576.0,891116632.0,0.04333506817545293
2015-11-05,171.56,178.64,168.57,175.45,46785704.0,816116160.0,891116632.0,0.05250233507032107
2015-11-06,179.44,182.03,176.45,177.84,45251888.0,812019328.0,891116632.0,0.05078110583396675
2015-11-09,175.45,181.73,173.55,175.75,37974708.0,672215104.0,891116632.0,0.0426147449574255
2015-11-10,173.55,177.94,169.57,171.56,39068272.0,680568960.0,891116632.0,0.043841928875590776
2015-11-11,171.46,188.72,171.36,188.72,74620368.0,1368622208.0,891116632.0,0.08373804878102646
2015-11-12,189.51,190.51,181.33,183.43,53645236.0,992813952.0,891116632.0,0.060200016556306406
2015-11-13,179.64,181.83,174.45,176.85,31235512.0,556457600.0,891116632.0,0.03505210303380355
2015-11-16,174.15,185.32,172.66,184.83,45455176.0,825253568.0,891116632.0,0.05100923309890596
2015-11-17,184.83,188.12,179.54,180.14,42010680.0,773134656.0,891116632.0,0.04714386253313697
2015-11-18,180.64,182.33,172.56,173.46,26417336.0,469808000.0,891116632.0,0.029645205858978962
2015-11-19,173.36,182.53,173.36,181.63,29853100.0,533013568.0,891116632.0,0.033500777482963644
2015-11-20,182.53,197.69,181.14,186.42,50319328.0,954440064.0,891116632.0,0.05646772396904382
2015-11-23,187.72,189.51,178.64,179.84,30416900.0,559227904.0,891116632.0,0.034133466829962614
2015-11-24,180.54,183.73,175.55,181.33,21196832.0,382592064.0,891116632.0,0.023786821207035895
2015-11-25,181.53,184.73,179.24,184.63,27586572.0,504340000.0,891116632.0,0.03095730795427461
2015-11-26,185.52,186.32,178.64,180.24,22522260.0,410386528.0,891116632.0,0.025274200021888942
2015-11-27,179.54,179.54,162.18,163.78,33958432.0,580752128.0,891116632.0,0.038107729987919246
2015-11-30,164.38,167.57,149.62,161.09,30891488.0,493627520.0,891116632.0,0.034666043580252694
2015-12-01,161.09,162.38,157.7,160.09,19762280.0,316804256.0,891116632.0,0.022176984796755537
2015-12-02,160.59,163.98,156.2,161.69,22622132.0,364858208.0,891116632.0,0.025386275138000118
2015-12-03,162.38,165.68,159.59,165.58,23370186.0,381606496.0,891116632.0,0.026225732031898603
2015-12-04,163.18,172.56,162.48,168.57,34631676.0,581232512.0,891116632.0,0.0388632360303651
2015-12-07,166.17,168.37,162.48,167.07,26328332.0,436728544.0,891116632.0,0.0295453266772828
2015-12-08,165.97,166.47,158.39,159.89,20295112.0,329327520.0,891116632.0,0.022774922239359573
2015-12-09,159.59,160.49,155.6,156.6,17673946.0,280137152.0,891116632.0,0.01983348235834521
2015-12-10,157.99,159.09,154.1,154.1,20880560.0,328061728.0,891116632.0,0.023431904702683182
2015-12-11,155.1,169.57,154.5,169.57,87558288.0,1458953600.0,891116632.0,0.09825682167269885
2015-12-14,181.43,181.43,167.87,174.75,114384120.0,2009885696.0,891116632.0,0.1283604366616737
2015-12-15,171.06,192.21,169.66,192.21,83483824.0,1552505856.0,891116632.0,0.09368450885338206
2015-12-16,199.19,210.96,192.91,202.08,157683152.0,3173636352.0,891116632.0,0.17695007178364505
2015-12-17,198.39,222.33,197.99,221.23,158019456.0,3391721728.0,891116632.0,0.17732746794922352
2015-12-18,215.25,219.24,209.66,211.06,122641656.0,2632746496.0,891116632.0,0.137626940846953
2015-12-21,212.46,223.43,210.86,212.06,101615024.0,2202137600.0,891116632.0,0.11403111596283168
2015-12-22,208.66,211.06,203.58,209.96,72773808.0,1511167104.0,891116632.0,0.0816658621180353
2015-12-23,208.27,213.95,204.48,207.77,58548424.0,1224986112.0,891116632.0,0.06570231314008287
2015-12-24,205.57,216.05,205.57,216.05,71475368.0,1518216960.0,891116632.0,0.08020876890108365
2015-12-25,214.45,217.14,206.97,208.57,54488960.0,1156506752.0,891116632.0,0.061146833134183946
2015-12-28,208.57,210.16,195.3,195.4,69852272.0,1411098624.0,891116632.0,0.07838735075926627
2015-12-29,194.5,200.98,193.6,200.29,39310532.0,777216896.0,891116632.0,0.044113790034164685
2015-12-30,200.29,218.24,199.09,211.46,77364824.0,1633246336.0,891116632.0,0.08681784316645995
2015-12-31,209.56,216.94,204.28,211.26,69448016.0,1471587072.0,891116632.0,0.0779336997045298
2016-01-04,210.86,220.93,193.0,194.9,77616904.0,1653370368.0,891116632.0,0.08710072420688474
2016-01-05,184.53,214.35,184.53,211.46,129758240.0,2700261888.0,891116632.0,0.14561308288991737
2016-01-06,206.17,228.21,200.59,222.43,146296000.0,3122098688.0,891116632.0,0.16417155145186427
2016-01-07,213.45,216.35,200.19,200.19,32360464.0,671147328.0,891116632.0,0.03631451017513945
2016-01-08,206.07,213.55,188.62,208.47,108503936.0,2239403008.0,891116632.0,0.12176176731936476
2016-01-11,194.5,202.28,187.62,187.62,85043464.0,1625544832.0,891116632.0,0.09543471746131656
2016-01-12,180.14,182.23,168.87,168.87,85223592.0,1466065664.0,891116632.0,0.0956368548623386
2016-01-13,169.66,174.35,152.41,152.61,69529584.0,1148533632.0,891116632.0,0.07802523429952096
2016-01-14,143.03,163.48,141.44,161.49,72186176.0,1095661440.0,891116632.0,0.08100642879707805
2016-01-15,156.6,160.59,145.73,148.72,60872228.0,941798144.0,891116632.0,0.06831005708352664
2016-01-18,145.63,161.19,145.63,156.8,69892048.0,1090836608.0,891116632.0,0.07843198689170017
2016-01-19,155.4,166.27,155.1,164.38,68616600.0,1104994432.0,891116632.0,0.0770006950111554
2016-01-20,161.19,167.57,157.6,159.79,64663680.0,1052544832.0,891116632.0,0.0725647773567759
2016-01-21,157.4,164.38,148.62,149.12,59345832.0,942468544.0,891116632.0,0.06659715447887635
2016-01-22,152.21,153.11,145.43,152.51,43536620.0,658607296.0,891116632.0,0.04885625342025936
2016-01-25,154.9,160.89,152.91,157.2,48077676.0,755726336.0,891116632.0,0.05395216997812695
2016-01-26,154.4,155.0,141.44,141.44,52508476.0,778556096.0,891116632.0,0.05892435862424796
2016-01-27,142.83,143.43,128.27,137.05,50575976.0,686654208.0,891116632.0,0.05675573116224813
2016-01-28,134.85,138.74,125.48,125.98,38825544.0,516795456.0,891116632.0,0.04356954253323823
2016-01-29,126.28,135.35,125.48,132.16,43627712.0,572838336.0,891116632.0,0.048958475729583284
2016-02-01,131.36,133.56,122.19,125.98,38256648.0,494043904.0,891116632.0,0.042931134518427436
2016-02-02,126.68,136.05,125.78,133.36,41635664.0,550988928.0,891116632.0,0.046723024242689704
2016-02-03,130.66,144.63,128.77,141.84,59169704.0,808251264.0,891116632.0,0.06639950582809906
2016-02-04,140.14,145.13,139.84,143.23,55263200.0,790814592.0,891116632.0,0.062015675631559755
2016-02-05,142.73,148.62,140.64,142.24,39580608.0,574921216.0,891116632.0,0.04441686596194066
2016-02-15,156.2,156.5,148.42,151.21,71157688.0,1090073984.0,891116632.0,0.07985227235664479
2016-02-16,150.41,162.78,149.12,159.29,79364480.0,1235945088.0,891116632.0,0.08906183225631906
2016-02-17,158.29,160.39,153.91,159.49,64140300.0,1014262976.0,891116632.0,0.07197744683100023
2016-02-18,163.48,167.97,156.2,157.1,63695124.0,1035186368.0,891116632.0,0.07147787586125988
2016-02-19,155.5,161.19,154.6,158.69,46255152.0,733067392.0,891116632.0,0.051906956215356556
2016-02-22,160.99,164.18,158.59,161.79,48109108.0,779383168.0,891116632.0,0.053987442577550275
2016-02-23,162.58,163.28,155.1,157.7,44782324.0,711075328.0,891116632.0,0.05025416695398409
2016-02-24,156.6,159.09,150.81,157.7,38789928.0,604674240.0,891116632.0,0.043529574701058886
2016-02-25,161.49,165.18,143.73,146.52,81556832.0,1289014656.0,891116632.0,0.09152206240046926
2016-02-26,149.72,161.19,145.63,161.19,90181464.0,1404432256.0,891116632.0,0.1012005171507112
2016-02-29,158.59,160.99,145.93,150.81,81505992.0,1237278080.0,891116632.0,0.09146501038485835
2016-03-01,146.13,153.41,137.95,150.61,76692688.0,1120907008.0,891116632.0,0.08606358050783189
2016-03-02,148.62,165.68,145.63,165.68,114873016.0,1820015232.0,891116632.0,0.1289090696715893
2016-03-03,166.47,177.05,165.68,169.76,128093016.0,2193486336.0,891116632.0,0.14374438923052218
2016-03-04,168.77,178.24,161.88,167.37,109762424.0,1881868288.0,891116632.0,0.12317402689887175
2016-03-07,172.46,183.33,169.76,175.25,92365808.0,1633148032.0,891116632.0,0.10365176081687139
2016-03-08,171.66,186.52,163.08,184.53,108297448.0,1903491328.0,891116632.0,0.12153004905422975
2016-03-09,177.25,181.83,173.06,173.46,76122512.0,1355335680.0,891116632.0,0.08542373609294276
2016-03-10,174.35,178.54,167.97,169.57,60319032.0,1041222720.0,891116632.0,0.06768926741342653
2016-03-11,164.88,171.26,163.38,168.47,48873192.0,818036352.0,891116632.0,0.05484488813805464
2016-03-14,171.96,184.63,170.46,178.54,83635416.0,1504190080.0,891116632.0,0.09385462351015798
2016-03-15,179.34,184.03,175.65,179.04,74023520.0,1332030336.0,891116632.0,0.08306827337950527
2016-03-16,180.54,180.94,170.96,172.06,63762180.0,1120026112.0,891116632.0,0.07155312527036303
2016-03-17,172.86,187.02,172.06,184.43,97344528.0,1767849856.0,891116632.0,0.10923881847151967
2016-03-18,184.53,193.4,181.83,190.81,108612160.0,2042209920.0,891116632.0,0.121883214945987
2016-03-21,191.01,194.0,188.22,193.5,94885312.0,1819956096.0,891116632.0,0.10647911686604004
2016-03-22,189.41,192.11,186.52,187.32,69764776.0,1324866176.0,891116632.0,0.07828916383641238
2016-03-23,185.82,201.18,185.52,193.6,87704728.0,1710711552.0,891116632.0,0.09842115481915951
2016-03-24,189.51,192.91,187.42,187.52,62081088.0,1178722176.0,891116632.0,0.06966662473874688
2016-03-25,187.42,194.3,186.52,188.32,49379184.0,942537088.0,891116632.0,0.05541270606651633
2016-03-31,193.5,203.68,189.51,190.31,89755008.0,1755563648.0,891116632.0,0.10072195353211633
2016-04-01,188.02,188.92,181.63,185.03,52308292.0,967082496.0,891116632.0,0.05869971462949869
2016-04-05,187.02,196.3,185.62,193.1,65844576.0,1268868096.0,891116632.0,0.07388996415903502
2016-04-06,191.51,195.4,190.21,192.21,49421392.0,953339520.0,891116632.0,0.05546007135909904
2016-04-07,193.1,194.0,184.53,184.93,49166436.0,924860224.0,891116632.0,0.05517396290724826
2016-04-08,183.13,183.13,175.15,178.64,47912408.0,857555392.0,891116632.0,0.053766708284264185
2016-04-11,180.04,184.43,180.04,180.64,34783044.0,635187904.0,891116632.0,0.039033099317127326
2016-04-12,183.53,184.03,177.84,183.03,33330600.0,604055808.0,891116632.0,0.03740318472700215
2016-04-13,184.03,191.31,184.03,187.22,63145548.0,1195694592.0,891116632.0,0.07086114851013127
2016-04-14,189.21,192.51,186.12,191.81,57211676.0,1085027200.0,891116632.0,0.06420223116203716
2016-04-15,192.01,192.51,187.72,189.71,43284208.0,824442240.0,891116632.0,0.04857299981356425
2016-04-18,186.92,188.42,182.53,186.02,38780592.0,718612096.0,891116632.0,0.04351909795798761
2016-04-19,188.02,189.02,183.63,186.82,31252688.0,582279808.0,891116632.0,0.03507137772735455
2016-04-20,187.72,188.22,169.96,171.86,55899228.0,993097408.0,891116632.0,0.06272941834172836
2016-04-21,171.76,174.05,166.67,167.17,32984422.0,565852544.0,891116632.0,0.0370147080814445
2016-04-22,165.68,171.56,164.98,170.46,27560874.0,464523392.0,891116632.0,0.030928469978327145
2016-04-25,168.57,169.37,162.98,167.97,25191536.0,420123232.0,891116632.0,0.028269628346472158
2016-04-26,168.17,173.46,167.57,172.96,32316300.0,552710272.0,891116632.0,0.03626494988368705
2016-04-27,174.55,176.95,170.66,171.06,35285328.0,616413376.0,891116632.0,0.039596756174112124
2016-04-28,171.56,178.64,171.16,175.55,48034368.0,842996352.0,891116632.0,0.05390357027922693
2016-04-29,173.16,174.05,170.56,171.46,26689058.0,460315232.0,891116632.0,0.029950128907480653
2016-05-03,172.56,177.94,171.56,177.35,38494264.0,678948928.0,891116632.0,0.04319778423796718
2016-05-04,176.55,180.74,174.45,177.44,44302884.0,788574464.0,891116632.0,0.04971614534964711
2016-05-05,176.65,180.04,176.15,179.04,32242200.0,576494720.0,891116632.0,0.03618179578540287
2016-05-06,179.54,181.33,169.57,169.57,49377832.0,862831104.0,891116632.0,0.0554111888689336
2016-05-09,166.47,166.57,157.8,158.89,36202704.0,586160768.0,891116632.0,0.04062622411024643
2016-05-10,159.09,161.09,157.6,159.29,18140398.0,289788704.0,891116632.0,0.020356928990637447
2016-05-11,161.09,161.39,156.3,156.4,20608735.0,328004687.0,891116632.0,0.02312686606886269
2016-05-12,152.31,155.4,148.52,153.61,23042465.0,351437510.0,891116632.0,0.02585796760215783
2016-05-13,154.01,165.38,153.61,158.29,37062224.0,593956461.0,891116632.0,0.041590766762840535
2016-05-16,156.8,160.89,155.5,160.79,26176418.0,417166827.0,891116632.0,0.02937485067611217
2016-05-17,160.79,164.48,157.9,162.08,37101098.0,601235996.0,891116632.0,0.041634390682094236
2016-05-18,161.69,164.38,155.6,159.59,42272393.0,682159322.0,891116632.0,0.0474375536063387
2016-05-19,157.9,163.48,157.1,159.79,34365743.0,555617397.0,891116632.0,0.03856480932565514
2016-05-20,157.7,171.56,157.1,169.57,69287119.0,1156674906.0,891116632.0,0.077753143092497
2016-05-23,171.66,173.06,168.47,172.46,63364070.0,1084195051.0,891116632.0,0.07110637118037766
2016-05-24,170.76,174.35,167.57,168.67,45409264.0,777840951.0,891116632.0,0.050957711223596595
2016-05-25,171.56,172.96,166.37,169.37,42883618.0,730104205.0,891116632.0,0.048123462698427114
2016-05-26,167.87,177.94,166.47,177.25,72045059.0,1246260664.0,891116632.0,0.08084806905500559
2016-05-27,176.55,181.14,173.95,178.24,68010036.0,1209808840.0,891116632.0,0.0763200164352897
2016-05-30,182.33,184.53,176.55,176.65,70982535.0,1289993315.0,891116632.0,0.07965571783873965
2016-05-31,177.54,186.62,176.55,186.32,74397120.0,1365129794.0,891116632.0,0.08348752265236589
2016-06-01,185.62,187.62,183.83,187.02,62293945.0,1160682182.0,891116632.0,0.06990549021645912
2016-06-02,186.42,189.02,184.03,186.82,55228262.0,1031341464.0,891116632.0,0.06197646864254689
2016-06-03,186.82,188.42,184.03,184.03,44836947.0,833211233.0,891116632.0,0.05031546420513897
2016-06-06,187.02,189.02,183.43,184.53,41659612.0,778154510.0,891116632.0,0.04674989839040508
2016-06-07,184.03,187.02,181.73,186.62,39675970.0,732652749.0,891116632.0,0.044523880012150865
2016-06-08,185.72,190.51,183.23,188.02,65598172.0,1235754698.0,891116632.0,0.07361345265520754
2016-06-13,183.83,200.98,179.54,180.44,91989451.0,1766057364.0,891116632.0,0.10322941767290457
2016-06-14,179.49,189.58,178.69,187.68,67727404.0,1255065611.0,891116632.0,0.07600285032049542
2016-06-15,184.38,198.38,183.49,194.18,85496714.0,1649689926.0,891116632.0,0.09594334897342596
2016-06-16,194.68,202.87,192.08,199.28,93923520.0,1861847129.0,891116632.0,0.10539980584718792
2016-06-17,199.38,202.57,192.88,196.08,74664461.0,1479144457.0,891116632.0,0.08378752939716201
2016-06-20,195.88,201.07,195.68,196.18,51661008.0,1022036173.0,891116632.0,0.05797334057614133
2016-06-21,197.08,197.88,186.68,188.08,62320754.0,1199190627.0,891116632.0,0.06993557494278706
2016-06-22,187.48,196.28,186.08,195.78,48906397.0,933668745.0,891116632.0,0.05488215037602395
2016-06-23,196.78,206.67,195.98,201.37,96905997.0,1959270797.0,891116632.0,0.10874670443812343
2016-06-24,199.58,201.87,187.58,197.68,74283559.0,1465328934.0,891116632.0,0.08336008591072959
2016-06-27,196.38,206.67,196.38,204.87,77967476.0,1584075370.0,891116632.0,0.08749413174458627
2016-06-28,203.07,207.57,200.87,203.97,57727008.0,1177527583.0,891116632.0,0.06478053032232037
2016-06-29,204.77,204.77,199.68,201.87,47454712.0,957290570.0,891116632.0,0.05325308752625773
2016-06-30,202.87,204.67,199.88,200.37,39096174.0,789838753.0,891116632.0,0.043873240152923106
2016-07-01,200.17,202.37,195.88,197.78,37416545.0,744256184.0,891116632.0,0.04198838138170897
2016-07-04,195.88,202.17,195.08,200.27,36179763.0,724355460.0,891116632.0,0.04060048000540517
2016-07-05,200.47,202.27,196.38,198.38,35459589.0,704656147.0,891116632.0,0.039792309700712666
2016-07-06,197.38,204.57,197.38,201.37,47476424.0,960468417.0,891116632.0,0.05327745246258629
2016-07-07,199.88,199.88,192.88,196.38,49126021.0,965019923.0,891116632.0,0.05512860969696277
2016-07-08,196.48,203.37,195.98,197.68,49590896.0,991867334.0,891116632.0,0.055650286639471004
2016-07-11,197.38,202.47,195.78,200.87,46459569.0,927036987.0,891116632.0,0.052136350430052346
2016-07-12,200.17,206.37,197.98,204.87,67674865.0,1371600821.0,891116632.0,0.07594389170821805
2016-07-13,205.57,206.57,201.37,203.57,44629512.0,909954672.0,891116632.0,0.05008268322838351
2016-07-14,202.87,212.27,202.27,206.47,78250388.0,1626465493.0,891116632.0,0.08781161207189768
2016-07-15,205.37,214.87,201.67,211.87,78854850.0,1637563155.0,891116632.0,0.08848993180950976
2016-07-18,210.67,216.76,208.47,208.97,71168291.0,1513730408.0,891116632.0,0.07986417091135609
2016-07-19,209.37,211.07,203.87,206.27,40000861.0,825795860.0,891116632.0,0.04488846865109347
2016-07-20,206.47,210.87,204.37,207.87,37544963.0,779986078.0,891116632.0,0.04213249046394187
2016-07-21,207.67,217.56,206.87,213.17,88028523.0,1877862036.0,891116632.0,0.09878451354053507
2016-07-22,211.87,213.07,206.87,207.87,51477148.0,1079038285.0,891116632.0,0.05776701517114092
2016-07-25,209.87,212.77,200.87,201.17,57742942.0,1186330164.0,891116632.0,0.06479841125892037
2016-07-26,200.77,204.87,199.48,201.57,35409311.0,713593882.0,891116632.0,0.039735888354511154
2016-07-27,201.87,203.37,185.98,189.38,60864325.0,1186042591.0,891116632.0,0.06830118843523056
2016-07-28,187.98,191.48,182.49,188.38,33049958.0,618705036.0,891116632.0,0.03708825176545465
2016-07-29,188.38,190.38,184.98,185.48,19238131.0,359417312.0,891116632.0,0.021588791308745317
2016-08-01,184.38,184.88,178.39,181.69,22842953.0,413998125.0,891116632.0,0.025634077717449674
2016-08-02,182.09,184.38,181.39,183.69,20275416.0,371143298.0,891116632.0,0.022752819633154373
2016-08-03,182.99,187.38,181.69,186.28,31907835.0,590354573.0,891116632.0,0.03580657554150555
2016-08-04,185.88,187.28,183.98,185.78,25996430.0,483236233.0,891116632.0,0.02917287038134869
2016-08-05,185.78,187.78,183.29,183.49,20451440.0,378889783.0,891116632.0,0.022950351576425297
2016-08-08,183.89,187.88,183.09,187.88,21430674.0,398237111.0,891116632.0,0.024049235790719704
2016-08-09,189.28,192.68,187.38,191.48,37282797.0,709373561.0,891116632.0,0.04183829103977491
2016-08-10,190.28,193.08,189.08,189.78,28083162.0,536337499.0,891116632.0,0.031514575075285996
2016-08-11,190.88,193.68,188.38,189.68,35456498.0,678901461.0,891116632.0,0.039788841018961026
2016-08-12,190.18,191.38,185.78,189.18,26827850.0,505735935.0,891116632.0,0.030105879563473346
2016-08-15,191.78,196.68,188.68,196.18,48379486.0,933708201.0,891116632.0,0.05429085740596973
2016-08-16,195.88,195.88,192.08,192.28,48722547.0,942521295.0,891116632.0,0.05467583619289916
2016-08-17,192.38,193.48,190.08,190.78,28883220.0,554229102.0,891116632.0,0.03241239021111661
2016-08-18,191.38,191.68,187.38,188.08,30461496.0,576591704.0,891116632.0,0.03418351190644144
2016-08-19,188.38,189.08,186.08,188.78,20890073.0,392340240.0,891116632.0,0.023442580072952784
2016-08-22,188.38,188.68,183.39,183.69,19864119.0,369252204.0,891116632.0,0.022291267255799576
2016-08-23,183.49,184.78,182.99,184.08,14610531.0,268738082.0,891116632.0,0.016395756150582093
2016-08-24,184.48,184.98,182.99,183.69,11885056.0,218845502.0,891116632.0,0.013337262007247554
2016-08-25,182.89,182.89,178.19,180.59,20758847.0,374078633.0,891116632.0,0.023295319888048054
2016-08-26,181.39,186.18,181.19,183.49,24944199.0,460815073.0,891116632.0,0.027992069841650088
2016-08-29,182.19,185.78,181.99,183.89,12888368.0,237164656.0,891116632.0,0.014463166253640298
2016-08-30,183.79,184.98,183.09,183.59,11116264.0,204734471.0,891116632.0,0.012474533187705108
2016-08-31,183.59,184.38,180.89,183.69,12686465.0,232221964.0,891116632.0,0.014236593218473337
2016-09-01,183.89,184.48,181.69,181.69,13581714.0,248718087.0,891116632.0,0.015241230510441196
2016-09-02,181.19,182.19,176.99,177.59,20234470.0,363101696.0,891116632.0,0.022706870541273884
2016-09-05,177.69,179.09,176.29,177.09,11442030.0,203577077.0,891116632.0,0.012840103740763756
2016-09-06,177.59,181.29,175.39,181.09,19504143.0,349550574.0,891116632.0,0.021887306666272616
2016-09-07,181.19,181.49,179.69,179.89,13249497.0,239325096.0,891116632.0,0.01486842072542531
2016-09-08,180.59,181.09,178.39,179.09,10469077.0,188134236.0,891116632.0,0.011748267986541182
2016-09-09,179.09,179.69,175.89,175.89,14360787.0,255365108.0,891116632.0,0.01611549654030024
2016-09-12,172.59,173.39,167.1,167.3,23462503.0,399334101.0,891116632.0,0.026329329020984987
2016-09-13,168.19,169.29,166.2,167.7,12162326.0,203873186.0,891116632.0,0.013648410952338728
2016-09-14,166.5,171.79,166.3,169.19,16534150.0,281491548.0,891116632.0,0.018554417464850998
2016-09-19,169.89,174.19,169.89,172.09,14519456.0,250643480.0,891116632.0,0.016293552918446707
2016-09-20,172.09,173.39,170.89,172.29,9662055.0,166305129.0,891116632.0,0.01084263793653444
2016-09-21,172.99,174.49,172.39,173.29,14904360.0,258910909.0,891116632.0,0.016725487399499014
2016-09-22,174.69,174.89,171.89,172.39,13081803.0,226603800.0,891116632.0,0.014680236604539102
2016-09-23,172.59,175.19,172.49,172.89,13234609.0,230055614.0,891116632.0,0.014851713597014314
2016-09-26,172.49,173.39,167.8,167.9,11835285.0,201600218.0,891116632.0,0.013281409610139563
2016-09-27,167.7,170.49,167.2,170.29,9491700.0,160381641.0,891116632.0,0.010651467674547903
2016-09-28,170.89,171.39,168.99,169.59,6194181.0,105365905.0,891116632.0,0.006951032869959945
2016-09-29,170.49,170.89,168.49,168.69,9545285.0,162222611.0,891116632.0,0.010711600095014274
2016-09-30,169.19,172.69,169.19,171.89,14852222.0,254504540.0,891116632.0,0.016666978784433687
2016-10-10,173.79,177.89,172.99,176.79,20037303.0,351665613.0,891116632.0,0.02248561218639672
2016-10-11,176.79,177.39,175.89,176.79,13857187.0,244985050.0,891116632.0,0.015550362884484912
2016-10-12,175.99,177.89,174.89,177.89,16784010.0,296301210.0,891116632.0,0.018834807248889952
2016-10-13,177.99,178.39,176.19,176.49,12730977.0,225313139.0,891116632.0,0.01428654403119703
2016-10-14,175.59,177.39,175.09,176.99,10632391.0,187608696.0,891116632.0,0.01193153692590938
2016-10-17,177.09,177.69,173.09,173.49,13737748.0,240843424.0,891116632.0,0.01541632992436393
2016-10-18,173.69,176.89,173.09,176.49,13263004.0,232877094.0,891116632.0,0.014883578112814306
2016-10-19,176.99,177.09,175.49,176.39,10544341.0,185921822.0,891116632.0,0.011832728311146594
2016-10-20,176.59,177.39,175.79,176.99,15492154.0,274139463.0,891116632.0,0.017385102514841176
2016-10-21,176.89,177.39,173.19,174.49,13893139.0,243416157.0,891116632.0,0.015590707771684817
2016-10-24,174.49,175.89,173.79,175.19,11448666.0,200531841.0,891116632.0,0.012847550577419814
2016-10-25,175.29,175.99,174.69,175.39,9327070.0,163521542.0,891116632.0,0.01046672193634918
2016-10-26,175.29,175.89,173.49,173.79,11521693.0,201019432.0,891116632.0,0.012929500568450842
2016-10-27,173.69,174.79,172.99,173.39,8837748.0,153529410.0,891116632.0,0.009917610874532527
2016-10-28,172.99,174.09,169.99,170.09,16095776.0,276148503.0,891116632.0,0.018062479614901858
2016-10-31,170.29,170.39,168.59,169.99,9168962.0,155477505.0,891116632.0,0.01028929510542454
2016-11-01,170.29,170.99,169.19,170.79,9743957.0,165893557.0,891116632.0,0.01093454734217103
2016-11-02,170.69,170.69,168.59,168.69,10404190.0,176214906.0,891116632.0,0.011675452602258243
2016-11-03,168.59,170.59,167.9,168.99,11049828.0,187288166.0,891116632.0,0.012399979534889884
2016-11-04,169.29,172.09,168.89,169.69,13559257.0,231330107.0,891116632.0,0.01521602954437955
2016-11-07,169.09,170.39,168.39,168.79,8565469.0,144845057.0,891116632.0,0.009612062767559253
2016-11-08,169.99,170.29,168.79,169.39,8372569.0,141973401.0,891116632.0,0.009395592787005686
2016-11-09,169.89,169.99,165.0,166.5,14074145.0,235899518.0,891116632.0,0.01579383045338559
2016-11-10,168.39,168.99,167.2,168.89,9844208.0,165897045.0,891116632.0,0.011047047767367897
2016-11-11,168.89,170.59,167.4,170.59,15421350.0,260155818.0,891116632.0,0.017305647146758675
2016-11-14,170.19,171.39,169.89,170.49,13795115.0,235610366.0,891116632.0,0.015480706458186722
2016-11-15,170.29,170.79,169.39,170.49,10319215.0,175479352.0,891116632.0,0.011580094714246114
2016-11-16,170.89,173.09,170.29,171.89,20813715.0,357807443.0,891116632.0,0.02335689207515543
2016-11-17,171.19,171.79,169.79,170.39,10004940.0,170684033.0,891116632.0,0.011227419218453102
2016-11-18,169.89,170.79,168.39,168.69,9387436.0,159322684.0,891116632.0,0.010534463910667981
2016-11-21,168.39,169.39,167.7,168.69,9029347.0,152440120.0,891116632.0,0.010132620889068985
2016-11-22,169.19,169.59,168.39,169.59,9644347.0,162947014.0,891116632.0,0.010822766239200886
2016-11-23,170.19,171.39,169.69,170.59,17155039.0,292800915.0,891116632.0,0.019251171377530747
2016-11-24,170.59,170.69,168.19,168.69,10676053.0,180840986.0,891116632.0,0.011980533879206062
2016-11-25,169.39,169.99,166.4,169.79,11193746.0,188915922.0,891116632.0,0.012561482524321238
2016-11-28,170.19,170.79,168.89,168.99,10269150.0,174182629.0,891116632.0,0.011523912393995132
2016-11-29,168.79,169.59,167.6,167.6,11580595.0,195300859.0,891116632.0,0.01299559966018006
2016-11-30,167.3,168.69,166.7,167.0,8933841.0,149680008.0,891116632.0,0.010025445243849965
2016-12-01,166.7,167.6,166.5,167.2,7210866.0,120540443.0,891116632.0,0.008091944130608484
2016-12-02,167.2,167.2,162.5,162.7,15055107.0,248105852.0,891116632.0,0.016894653807785737
2016-12-05,161.2,163.5,160.5,161.7,6581566.0,106640553.0,891116632.0,0.007385751498351565
2016-12-06,162.1,163.4,162.0,162.1,4321792.0,70325279.0,891116632.0,0.004849861224450808
2016-12-07,162.6,163.7,161.5,163.4,7028223.0,114516628.0,891116632.0,0.007886984427870043
2016-12-08,163.6,163.7,161.9,162.3,5447323.0,88632373.0,891116632.0,0.0061129181123846426
2016-12-09,162.1,162.9,161.4,161.9,5666530.0,91863924.0,891116632.0,0.0063589094811104365
2016-12-12,163.4,163.4,153.0,154.9,15213759.0,239050041.0,891116632.0,0.017072691108743664
2016-12-13,154.7,155.8,151.81,155.2,9119570.0,140311379.0,891116632.0,0.010233868017402238
2016-12-14,155.1,155.3,151.91,154.4,7959143.0,122618505.0,891116632.0,0.008931651272333115
2016-12-15,154.2,169.39,153.7,164.1,33473736.0,546883145.0,891116632.0,0.03756381016576066
2016-12-16,162.8,165.9,162.2,162.5,15283279.0,250066623.0,891116632.0,0.017150705587997597
2016-12-19,161.9,162.5,160.1,160.4,7791856.0,125385647.0,891116632.0,0.00874392388178431
2016-12-20,161.9,165.5,161.8,162.4,15463962.0,253183964.0,891116632.0,0.017353465803116107
2016-12-21,162.7,163.8,161.4,162.9,8824174.0,143321769.0,891116632.0,0.009902378300576933
2016-12-22,163.6,163.6,161.0,161.3,6312783.0,102177980.0,891116632.0,0.007084126559092211
2016-12-23,161.1,162.9,159.1,159.1,8121515.0,130842512.0,891116632.0,0.009113863111018672
2016-12-26,158.5,158.5,154.4,158.3,7156981.0,112135694.0,891116632.0,0.008031475053873756
2016-12-27,158.9,158.9,156.9,157.0,5492865.0,86679248.0,891116632.0,0.006164024778296361
2016-12-28,157.3,157.7,155.6,155.7,5179666.0,81104133.0,891116632.0,0.005812556756319189
2016-12-29,156.9,157.7,155.9,155.9,6327157.0,99434910.0,891116632.0,0.007100256883096757
2016-12-30,156.0,157.0,155.7,156.4,4300854.0,67317270.0,891116632.0,0.00482636486129461
2017-01-03,157.2,158.2,156.8,157.5,5139071.0,81025633.0,891116632.0,0.005767001552272677
2017-01-04,157.9,159.4,157.0,159.2,7718708.0,122445095.0,891116632.0,0.008661838106058377
2017-01-05,159.2,159.6,158.2,158.3,6090159.0,96770202.0,891116632.0,0.00683430067546983
2017-01-06,158.3,159.4,156.5,156.7,6548516.0,103440225.0,891116632.0,0.007348663199454233
2017-01-09,156.5,157.9,156.0,157.5,5600816.0,88016464.0,891116632.0,0.0062851660477143915
2017-01-10,158.0,161.4,158.0,159.2,11923449.0,190848171.0,891116632.0,0.013380346154284324
2017-01-11,158.6,160.2,157.0,157.0,6649871.0,105353226.0,891116632.0,0.0074624025197186535
2017-01-12,156.1,157.4,154.2,154.5,7106385.0,110662325.0,891116632.0,0.007974696852027783
2017-01-13,154.4,155.2,150.91,151.41,7638849.0,116933515.0,891116632.0,0.008572221329609298
2017-01-16,151.51,151.51,141.91,146.61,11910568.0,175813032.0,891116632.0,0.013365891256308635
2017-01-17,146.11,149.41,145.41,148.71,7481925.0,110254270.0,891116632.0,0.008396123168757106
2017-01-18,148.61,148.61,146.61,147.01,4733768.0,69809645.0,891116632.0,0.005312175567159653
2017-01-19,148.11,152.0,148.11,148.41,8395350.0,125925786.0,891116632.0,0.009421157341837157
2017-01-20,148.21,150.31,147.31,149.51,5829280.0,87141619.0,891116632.0,0.006541545506694123
2017-01-23,150.51,152.3,149.71,150.31,6082090.0,91960951.0,891116632.0,0.0068252457440385874
2017-01-24,150.21,150.21,148.91,148.91,3861104.0,57672540.0,891116632.0,0.004332882881261271
2017-01-25,148.91,150.21,148.51,149.81,3685218.0,55145294.0,891116632.0,0.0041355057998737925
2017-01-26,149.81,151.11,149.81,150.31,4253160.0,64080494.0,891116632.0,0.00477284324775121
2017-02-03,150.51,150.91,149.51,150.41,3643830.0,54750628.0,891116632.0,0.004089060701091257
2017-02-06,150.41,151.61,149.91,151.61,5515526.0,83283908.0,891116632.0,0.006189454670620489
2017-02-07,151.61,152.0,150.71,151.41,4704320.0,71298738.0,891116632.0,0.005279129387857727
2017-02-08,151.51,152.0,150.21,151.91,5376336.0,81322543.0,891116632.0,0.006033257383978442
2017-02-09,152.0,152.7,151.31,152.4,7572362.0,115317414.0,891116632.0,0.008497610445228454
2017-02-10,152.7,152.7,151.11,151.61,6479449.0,98427312.0,891116632.0,0.007271157071165517
2017-02-13,151.51,152.1,150.81,151.71,6294915.0,95364829.0,891116632.0,0.007064075311748867
2017-02-14,151.71,151.81,150.41,150.71,6054310.0,91410053.0,891116632.0,0.006794071373588726
2017-02-15,150.71,151.41,148.91,149.21,7033564.0,105792830.0,891116632.0,0.00789297803163436
2017-02-16,149.11,150.71,148.71,149.91,5899272.0,88413312.0,891116632.0,0.006620089658476939
2017-02-17,150.11,154.6,150.11,152.9,25958648.0,397775422.0,891116632.0,0.029130471890911808
2017-02-20,153.7,154.0,152.0,153.6,11820132.0,180996741.0,891116632.0,0.013264405102024849
2017-02-21,153.8,155.6,153.1,155.5,14780162.0,228617188.0,891116632.0,0.01658611394877433
2017-02-22,155.4,158.0,154.8,157.4,19776153.0,310543815.0,891116632.0,0.02219255290479193
2017-02-23,157.2,157.7,154.8,155.7,13009293.0,202818694.0,891116632.0,0.01459886678447721
2017-02-24,155.9,156.7,155.0,156.2,8972892.0,140084598.0,891116632.0,0.010069267790301999
2017-02-27,154.9,156.0,153.6,153.6,9184267.0,142149731.0,891116632.0,0.010306470186048553
2017-02-28,153.4,155.3,153.4,154.9,5881194.0,90957724.0,891116632.0,0.006599802751745745
2017-03-01,155.1,158.4,155.1,157.6,17538568.0,276269526.0,891116632.0,0.019681562850686417
2017-03-02,157.9,158.6,155.5,155.7,10207464.0,159767919.0,891116632.0,0.011454689132095562
2017-03-03,155.0,157.7,153.9,157.3,10996577.0,171802849.0,891116632.0,0.01234022192506895
2017-03-06,157.1,161.5,156.9,160.7,20701737.0,331978535.0,891116632.0,0.02323123175642849
2017-03-07,161.2,161.2,159.0,160.9,12207791.0,195758142.0,891116632.0,0.013699431209808235
2017-03-08,160.9,160.9,157.9,158.5,12426240.0,197816013.0,891116632.0,0.013944571960362648
2017-03-09,157.9,158.4,155.8,157.8,9698626.0,152684461.0,891116632.0,0.010883677457834723
2017-03-10,158.2,159.9,156.4,156.5,10142012.0,160554960.0,891116632.0,0.011381239711840548
2017-03-13,156.5,160.7,155.4,160.1,18457007.0,293708801.0,891116632.0,0.020712223672198275
2017-03-14,160.2,160.4,157.3,158.0,12928456.0,205099979.0,891116632.0,0.014508152508593285
2017-03-15,157.4,159.1,157.1,158.4,8496883.0,134675812.0,891116632.0,0.009535096411487469
2017-03-16,159.1,160.6,158.9,160.3,14231485.0,227700529.0,891116632.0,0.01597039544426324
2017-03-17,160.3,160.7,157.8,158.2,12812907.0,204580449.0,891116632.0,0.014378484858085332
2017-03-20,158.2,158.7,156.4,157.6,11243795.0,177110506.0,891116632.0,0.012617646889571241
2017-03-21,157.5,158.1,156.5,157.6,6777265.0,106648635.0,891116632.0,0.007605362481888903
2017-03-22,156.4,157.2,153.8,154.0,14499403.0,224830933.0,891116632.0,0.016271049691282163
2017-03-23,154.3,155.8,152.4,153.8,9165894.0,141407036.0,891116632.0,0.010285852233986807
2017-03-24,154.1,155.3,153.3,154.8,7025968.0,108336256.0,891116632.0,0.00788445389491956
2017-03-27,154.8,155.8,153.8,154.0,6912670.0,106894771.0,891116632.0,0.007757312288611846
2017-03-28,153.7,154.4,152.6,153.1,6301105.0,96714747.0,891116632.0,0.0070710216527526334
2017-03-29,153.8,154.3,150.61,150.91,9756283.0,148843662.0,891116632.0,0.010948379426050259
2017-03-30,150.81,151.81,147.51,147.71,11371096.0,169664592.0,891116632.0,0.0127605024882983
2017-03-31,148.21,149.11,148.21,148.71,5922936.0,88132392.0,891116632.0,0.006646645104924941
2017-04-05,148.61,151.81,148.21,151.41,7250317.0,109323449.0,891116632.0,0.008136215552084993
2017-04-06,151.21,151.61,150.41,151.61,6040100.0,91237994.0,891116632.0,0.006778125088344216
2017-04-07,151.41,151.51,150.51,150.61,6398694.0,96590692.0,891116632.0,0.007180534814661612
2017-04-10,150.41,155.5,150.21,153.4,16535546.0,254395660.0,891116632.0,0.01855598403868642
2017-04-11,153.9,156.9,153.4,156.8,20155004.0,314153699.0,891116632.0,0.022617694784536353
2017-04-12,156.1,156.6,154.4,154.9,9599687.0,149164381.0,891116632.0,0.010772649342718137
2017-04-13,154.1,156.2,153.7,154.2,7240630.0,112088880.0,891116632.0,0.008125344921179745
2017-04-14,153.8,154.1,150.21,150.71,9023623.0,137029869.0,891116632.0,0.010126197487468734
2017-04-17,150.81,152.1,149.01,149.61,7071959.0,106370131.0,891116632.0,0.007936064423046252
2017-04-18,150.41,151.91,149.41,149.61,6164725.0,92967682.0,891116632.0,0.00691797771315753
2017-04-19,149.21,150.71,145.61,147.31,8433022.0,124446786.0,891116632.0,0.00946343239164231
2017-04-20,147.31,148.81,147.11,148.01,5266066.0,77952651.0,891116632.0,0.005909513761606012
2017-04-21,148.11,148.71,145.01,145.41,6116053.0,89756548.0,891116632.0,0.0068633586001792864
2017-04-24,145.91,146.51,141.71,142.01,6298861.0,90375975.0,891116632.0,0.007068503463865322
2017-04-25,143.21,147.21,143.21,144.51,8406214.0,122639758.0,891116632.0,0.009433348787501926
2017-04-26,144.61,146.21,143.21,143.51,5836221.0,84480002.0,891116632.0,0.006549334610556343
2017-04-27,143.61,145.01,140.21,144.91,7898095.0,112705472.0,891116632.0,0.008863143966097583
2017-04-28,144.21,146.31,143.91,144.81,4784022.0,69399299.0,891116632.0,0.0053685699808597
2017-05-02,144.41,146.41,143.31,145.01,4546418.0,65934754.0,891116632.0,0.0051019337275706915
2017-05-03,144.91,149.81,144.91,148.41,13701481.0,202690095.0,891116632.0,0.015375631548082249
2017-05-04,148.41,149.41,146.41,146.81,7462769.0,109994545.0,891116632.0,0.008374626543834949
2017-05-05,146.41,148.41,145.41,145.51,6018447.0,88549737.0,891116632.0,0.006753826361081767
2017-05-08,145.41,147.21,143.71,143.91,5975522.0,87092143.0,891116632.0,0.006705656460017683
2017-05-09,143.51,144.61,140.11,142.81,7604204.0,108335156.0,891116632.0,0.008533343141551868
2017-05-10,143.76,144.46,138.15,138.55,9144536.0,128959615.0,891116632.0,0.01026188455205491
2017-05-11,138.45,139.05,129.34,134.35,11611343.0,155993590.0,891116632.0,0.013030104683311533
2017-05-12,134.55,135.15,131.04,132.74,6553098.0,86937802.0,891116632.0,0.007353805062859605
2017-05-15,133.24,134.95,132.64,132.94,5296398.0,70832089.0,891116632.0,0.005943551954712029
2017-05-16,132.84,136.65,130.24,136.35,8278002.0,110511209.0,891116632.0,0.009289470875906623
2017-05-17,136.75,137.55,135.65,135.95,6455161.0,88039730.0,891116632.0,0.007243901379679333
2017-05-18,136.55,141.36,136.55,138.65,13001339.0,181026207.0,891116632.0,0.014589940904615503
2017-05-19,138.05,139.45,136.65,137.75,5919285.0,81301095.0,891116632.0,0.006642547998139036
2017-05-22,137.25,138.15,132.74,133.84,6419112.0,86914389.0,891116632.0,0.007203447640285991
2017-05-23,133.74,135.75,130.94,131.14,6197580.0,82450278.0,891116632.0,0.00695484718548043
2017-05-24,131.14,132.84,129.34,132.84,5766909.0,75645311.0,891116632.0,0.006471553546315136
2017-05-25,132.84,137.25,130.84,136.85,9161488.0,122572344.0,891116632.0,0.010280907875592203
2017-05-26,136.15,137.05,135.65,135.85,5492059.0,74763355.0,891116632.0,0.006163120295122042
2017-05-31,137.45,137.95,134.85,135.25,5451821.0,74324334.0,891116632.0,0.006117965712034875
2017-06-01,135.15,135.65,131.24,131.24,6415862.0,85116344.0,891116632.0,0.007199800530712124
2017-06-02,131.44,135.55,130.34,134.25,7243498.0,96169062.0,891116632.0,0.008128563355105239
2017-06-05,134.25,135.75,133.74,134.35,5138624.0,68993799.0,891116632.0,0.005766499934432825
2017-06-06,134.04,135.75,133.54,135.75,4848210.0,65007875.0,891116632.0,0.0054406009560373685
2017-06-07,135.25,139.15,135.05,139.15,12830378.0,176199432.0,891116632.0,0.014398090596966884
2017-06-08,139.05,139.76,137.75,137.75,7308953.0,101086440.0,891116632.0,0.008202016141922935
2017-06-09,137.35,140.66,137.15,140.46,9898471.0,137390485.0,891116632.0,0.011107941031000755
2017-06-12,139.35,140.16,136.85,137.25,7920322.0,109344853.0,891116632.0,0.008888086829020155
2017-06-13,137.55,139.76,137.25,138.95,5937378.0,82264425.0,891116632.0,0.0066628517376836486
2017-06-14,138.65,139.55,137.45,138.35,5825187.0,80451178.0,891116632.0,0.006536952393006171
2017-06-15,138.65,141.36,138.35,140.36,9584884.0,134235577.0,891116632.0,0.01075603760024984
2017-06-16,140.36,140.96,139.15,140.26,6277964.0,87708739.0,891116632.0,0.007045053110399133
2017-06-19,140.16,141.76,140.06,140.86,6339434.0,89163277.0,891116632.0,0.007114033979785488
2017-06-20,141.46,146.57,140.76,145.17,21042611.0,302845419.0,891116632.0,0.023613756319161596
2017-06-21,143.56,146.87,142.36,145.37,17024951.0,246031619.0,891116632.0,0.01910518824207065
2017-06-22,144.46,147.07,143.56,143.86,14834058.0,215515985.0,891116632.0,0.01664659536957223
2017-06-23,143.86,145.47,140.96,142.96,10859656.0,155312492.0,891116632.0,0.012186570882003244
2017-06-26,142.86,146.27,142.56,146.17,13868668.0,201389710.0,891116632.0,0.015563246719874935
2017-06-27,146.57,148.97,145.47,145.57,14413158.0,211688957.0,891116632.0,0.016174266625067324
2017-06-28,146.27,147.67,145.37,145.47,9656461.0,141068304.0,891116632.0,0.010836360419317143
2017-06-29,145.47,147.97,145.17,146.07,8311715.0,121429959.0,891116632.0,0.009327303185157024
2017-06-30,146.07,147.47,145.57,146.17,7621130.0,111397625.0,891116632.0,0.008552337288212572
2017-07-03,146.27,147.77,145.47,147.67,9138602.0,133848930.0,891116632.0,0.010255225491066809
2017-07-04,147.77,147.97,145.77,146.27,8844992.0,129386786.0,891116632.0,0.009925740001225787
2017-07-05,146.27,147.57,145.97,147.47,8439834.0,123616520.0,891116632.0,0.009471076733309136
2017-07-06,147.67,149.77,146.87,149.27,15983334.0,237139954.0,891116632.0,0.01793629860114652
2017-07-07,148.57,149.67,147.47,149.27,9967524.0,148108487.0,891116632.0,0.011185431448663614
2017-07-10,149.97,153.88,148.77,152.18,25497981.0,386520915.0,891116632.0,0.028613517113661054
2017-07-11,151.48,152.68,149.87,150.17,10994993.0,166029785.0,891116632.0,0.012338444379972027
2017-07-12,151.38,152.58,147.27,149.67,11908910.0,177981793.0,891116632.0,0.013364030669332182
2017-07-13,149.87,151.08,148.87,150.98,10016478.0,150142118.0,891116632.0,0.011240367018534113
2017-07-14,150.88,152.58,149.87,150.78,7291053.0,110169961.0,891116632.0,0.008181928984577633
2017-07-17,150.78,150.98,140.36,141.26,16413373.0,236858651.0,891116632.0,0.018418883017773145
2017-07-18,140.56,143.96,140.16,143.46,10220655.0,144898756.0,891116632.0,0.01146949190821522
2017-07-19,142.56,146.47,142.46,146.17,9183483.0,132720989.0,891116632.0,0.01030559039100058
2017-07-20,146.07,148.67,145.37,145.67,9554743.0,140074735.0,891116632.0,0.01072221374496801
2017-07-21,145.77,148.97,145.77,146.77,7928190.0,116684518.0,891116632.0,0.008896916200751599
2017-07-24,146.97,150.88,146.77,150.37,13859459.0,206396306.0,891116632.0,0.015552912494623936
2017-07-25,149.37,151.18,147.67,150.37,12477418.0,185973241.0,891116632.0,0.014002003275369233
2017-07-26,150.27,150.98,147.97,149.37,8457575.0,125852847.0,891116632.0,0.00949098546283221
2017-07-27,149.67,153.48,147.67,152.38,18276104.0,275654643.0,891116632.0,0.020509216575816308
2017-07-28,151.58,152.98,150.78,151.08,9149884.0,138478881.0,891116632.0,0.010267886011132155
2017-07-31,151.08,153.88,150.98,152.18,15419025.0,235020573.0,891116632.0,0.01730303806067891
2017-08-01,151.88,155.08,151.48,154.08,18096096.0,277431834.0,891116632.0,0.020307213837301604
2017-08-02,154.08,155.28,150.68,150.68,17987446.0,275257539.0,891116632.0,0.0201852881587783
2017-08-03,150.98,153.18,150.98,152.88,13279926.0,201440730.0,891116632.0,0.014902567770724764
2017-08-04,152.88,153.48,149.87,149.97,11615973.0,175904988.0,891116632.0,0.013035300411719844
2017-08-07,149.97,152.88,149.77,152.28,8663374.0,130896882.0,891116632.0,0.009721930540737568
2017-08-08,153.38,154.28,151.78,152.98,12352804.0,188080645.0,891116632.0,0.013862162994619093
2017-08-09,152.28,153.38,151.48,152.18,8226118.0,125040563.0,891116632.0,0.009231247296481837
2017-08-10,152.88,157.79,151.28,155.98,24592662.0,380525107.0,891116632.0,0.027597579392952012
2017-08-11,155.28,157.69,152.28,153.38,22580368.0,350421746.0,891116632.0,0.025339408096694577
2017-08-14,154.18,159.79,153.98,159.59,25967383.0,409468235.0,891116632.0,0.0291402741992588
2017-08-15,159.19,160.29,157.79,159.49,15276807.0,242340622.0,891116632.0,0.017143442790101576
2017-08-16,158.99,161.09,158.39,160.39,15625266.0,249215478.0,891116632.0,0.017534479145486313
2017-08-17,160.39,163.6,158.29,161.7,23468717.0,377384096.0,891116632.0,0.026336302294490223
2017-08-18,160.59,162.2,158.99,159.29,18425794.0,294587867.0,891116632.0,0.02067719683185085
2017-08-21,158.49,164.7,158.49,164.3,22395908.0,365089152.0,891116632.0,0.025132409379157453
2017-08-22,164.3,164.9,161.09,161.39,14959047.0,242656469.0,891116632.0,0.016786856470657818
2017-08-23,161.29,163.3,158.99,159.39,12572273.0,201383832.0,891116632.0,0.01410844837648592
2017-08-24,159.19,160.19,156.69,158.49,12058695.0,190732231.0,891116632.0,0.01353211753318504
2017-08-25,158.69,161.29,157.99,159.89,10714720.0,170878437.0,891116632.0,0.012023925505634598
2017-08-28,159.99,164.6,159.29,163.1,20142375.0,327136647.0,891116632.0,0.022603522677826084
2017-08-29,163.1,164.2,160.29,160.79,15072638.0,243536196.0,891116632.0,0.01691432687792096
2017-08-30,160.79,163.4,159.59,160.79,12235353.0,197363626.0,891116632.0,0.013730360943369756
2017-08-31,161.39,161.39,158.79,159.39,10406373.0,165821121.0,891116632.0,0.01167790233770432
2017-09-01,159.59,160.69,159.29,160.49,9311558.0,148673742.0,891116632.0,0.0104493145629
2017-09-04,160.59,165.9,160.19,164.0,22126671.0,361045986.0,891116632.0,0.02483027496674532
2017-09-05,164.6,166.7,163.4,164.1,18223658.0,299786548.0,891116632.0,0.020450362326982132
2017-09-06,163.0,169.91,162.8,168.31,28626268.0,477650065.0,891116632.0,0.032124041872893694
2017-09-07,168.11,169.41,166.2,166.4,17486571.0,292473778.0,891116632.0,0.019623212464067216
2017-09-08,166.8,170.81,166.8,169.51,22672829.0,382794720.0,891116632.0,0.02544316668078977
2017-09-11,169.81,171.51,168.51,170.31,17391470.0,295288128.0,891116632.0,0.01951649130481048
2017-09-12,170.41,171.41,168.81,170.41,17831319.0,302469886.0,891116632.0,0.020010084381412375
2017-09-13,169.81,170.21,167.31,168.31,12387856.0,208194533.0,891116632.0,0.013901497913013927
2017-09-14,168.81,176.72,168.81,175.02,37863176.0,658184882.0,891116632.0,0.04248958513435085
2017-09-15,175.42,176.82,170.51,171.21,25925785.0,446223227.0,891116632.0,0.029093593441088417
2017-09-18,171.51,172.51,168.31,170.91,17768230.0,301891215.0,891116632.0,0.019939286690364454
2017-09-19,169.81,172.01,166.0,167.31,15906958.0,268573852.0,891116632.0,0.01785059040397307
2017-09-20,167.51,172.51,167.31,171.21,17352703.0,293866517.0,891116632.0,0.019472987459625824
2017-09-21,170.11,173.82,168.51,170.21,19864690.0,339794722.0,891116632.0,0.022291908024897014
2017-09-22,169.31,173.62,168.31,173.32,19989789.0,342954982.0,891116632.0,0.02243229256661433
2017-09-25,173.32,175.82,168.81,169.11,23386236.0,403744769.0,891116632.0,0.026243743142255704
2017-09-26,169.21,170.61,161.29,164.6,26692646.0,441980846.0,891116632.0,0.029954155316450203
2017-09-27,164.8,170.11,164.0,169.51,18582931.0,309635549.0,891116632.0,0.020853534018653575
2017-09-28,168.81,171.71,167.91,168.01,13675179.0,230909467.0,891116632.0,0.015346115770847827
2017-09-29,168.41,170.11,167.81,169.11,11445018.0,192988818.0,891116632.0,0.012843456837196593
2017-10-09,172.62,178.93,171.31,175.72,35386241.0,620211005.0,891116632.0,0.039709999487474494
2017-10-10,174.42,180.03,174.42,180.03,38632156.0,688225106.0,891116632.0,0.0433525249251548
2017-10-11,180.43,181.23,174.82,175.42,25289333.0,446868829.0,891116632.0,0.028379374923393867
2017-10-12,174.62,178.03,173.92,175.62,16014158.0,281272970.0,891116632.0,0.017970888910532647
2017-10-13,175.82,179.73,175.12,177.12,19559240.0,347182835.0,891116632.0,0.021949135834331505
2017-10-16,178.33,180.83,173.42,173.82,23301927.0,410185480.0,891116632.0,0.026149132631159328
2017-10-17,173.72,175.32,172.31,173.32,12210839.0,211481837.0,891116632.0,0.013702851637494743
2017-10-18,172.92,178.03,172.92,175.22,19254017.0,338289571.0,891116632.0,0.021606618380342384
2017-10-19,175.02,175.22,167.31,169.71,25012645.0,426011840.0,891116632.0,0.028068879091463304
2017-10-20,168.31,171.01,168.11,170.91,9756100.0,165204084.0,891116632.0,0.010948174065726561
2017-10-23,170.91,172.82,169.11,172.41,10661894.0,182282917.0,891116632.0,0.011964644825527171
2017-10-24,172.01,172.31,166.8,169.31,14057410.0,237673014.0,891116632.0,0.015775050644549073
2017-10-25,169.41,174.72,168.81,174.62,17631370.0,303314787.0,891116632.0,0.01978570410073998
2017-10-26,174.12,177.62,173.12,175.92,20227055.0,354893309.0,891116632.0,0.02269854952050766
2017-10-27,175.82,177.52,174.72,175.32,11073286.0,194292731.0,891116632.0,0.01242630381070028
2017-10-30,174.42,177.02,168.31,169.51,20257334.0,346772364.0,891116632.0,0.022732528237672932
2017-10-31,171.31,181.13,170.81,180.33,36030078.0,635231280.0,891116632.0,0.040432505360308436
2017-11-01,181.43,182.03,178.93,180.93,32647584.0,587132415.0,891116632.0,0.03663671266770835
2017-11-02,180.63,180.73,177.12,177.82,19900378.0,355141092.0,891116632.0,0.022331956654580768
2017-11-03,177.82,182.83,177.42,178.83,26339764.0,473737484.0,891116632.0,0.029558155525482327
2017-11-06,180.03,185.94,177.12,185.54,38989855.0,711599707.0,891116632.0,0.043753930293604935
2017-11-07,184.34,185.14,181.23,183.94,31612806.0,578149649.0,891116632.0,0.0354754976675152
2017-11-08,183.43,184.84,181.63,181.73,21579856.0,394059916.0,891116632.0,0.024216645975473162
2017-11-09,181.23,190.05,181.23,187.84,39491102.0,733653403.0,891116632.0,0.044316423442088776
2017-11-10,186.44,193.65,186.34,192.75,46714807.0,887042459.0,891116632.0,0.052422775338795385
2017-11-13,191.65,201.37,191.05,200.17,44744521.0,878664617.0,891116632.0,0.05021174489760842
2017-11-14,199.36,201.77,194.96,196.16,33067479.0,652979361.0,891116632.0,0.03710791361371426
2017-11-15,196.06,200.07,188.94,193.05,32119628.0,621973989.0,891116632.0,0.03604424701165268
2017-11-16,193.35,195.86,189.85,193.65,22502385.0,433299093.0,891116632.0,0.025251896544110287
2017-11-17,193.35,193.95,183.13,184.24,31145203.0,584960740.0,891116632.0,0.034950759397340034
2017-11-20,183.23,189.85,179.33,189.15,27780625.0,513451066.0,891116632.0,0.031175071817086227
2017-11-21,187.84,192.25,186.04,191.45,25571498.0,484043372.0,891116632.0,0.028696016976597065
2017-11-22,191.95,194.96,184.74,186.94,30935947.0,586551926.0,891116632.0,0.03471593491703564
2017-11-23,185.44,186.34,176.92,177.32,28579932.0,516006809.0,891116632.0,0.03207204419005839
2017-11-24,177.82,180.03,173.82,174.12,15380191.0,272306921.0,891116632.0,0.017259459028927653
2017-11-27,173.22,175.52,169.11,170.91,18818859.0,322845764.0,891116632.0,0.02111828948559003
2017-11-28,171.11,174.82,170.91,174.22,11574099.0,199655275.0,891116632.0,0.01298830992978257
2017-11-29,174.12,174.82,167.0,169.61,19363051.0,328252282.0,891116632.0,0.021728974978889183
2017-11-30,168.31,171.11,168.01,168.81,10604519.0,179442947.0,891116632.0,0.01190025931420389
2017-12-01,168.61,173.12,168.41,172.92,15514538.0,265447118.0,891116632.0,0.017410221561210856
2017-12-04,171.71,172.31,169.21,169.51,12634482.0,215057570.0,891116632.0,0.014178258542479992
2017-12-05,168.81,171.01,161.7,163.5,21063923.0,348762285.0,891116632.0,0.02363767238046568
2017-12-06,163.3,166.1,160.49,166.1,16904996.0,275639573.0,891116632.0,0.018970576233168095
2017-12-07,165.8,169.51,164.8,167.91,14029863.0,234570614.0,891116632.0,0.01574413774380097
2017-12-08,167.21,172.31,166.3,170.91,12421978.0,211616150.0,890892332.0,0.013943298818290872
2017-12-11,171.11,172.51,169.81,172.31,10783730.0,184539739.0,890892332.0,0.01210441443108077
2017-12-12,172.62,174.42,170.81,170.81,13323904.0,229647136.0,890892332.0,0.014955683780652408
2017-12-13,171.01,173.52,170.71,173.52,9033353.0,155621181.0,890892332.0,0.010139668594655723
2017-12-14,173.62,174.32,172.21,173.42,8502094.0,147194463.0,890892332.0,0.009543346254775039
2017-12-15,173.62,174.52,170.81,171.51,9866462.0,169871837.0,890892332.0,0.011074808532530955
2017-12-18,171.61,172.72,168.61,169.51,7460875.0,127076199.0,890892332.0,0.008374609065554288
2017-12-19,169.91,173.42,169.61,173.32,9312197.0,160140749.0,890892332.0,0.01045266264565851
2017-12-20,173.02,173.42,166.7,167.11,16743443.0,282881132.0,890892332.0,0.01879401404478583
2017-12-21,166.9,173.12,166.0,172.01,13021752.0,221100142.0,890892332.0,0.014616527196689353
2017-12-22,173.12,173.12,170.81,171.11,7107916.0,121857503.0,890892332.0,0.007978423143505067
2017-12-25,171.41,171.51,166.4,167.51,10568685.0,177659319.0,890892332.0,0.011863032849630589
2017-12-26,168.81,170.81,167.71,170.21,8603745.0,145652684.0,890892332.0,0.009657446462340862
2017-12-27,171.21,172.82,169.31,169.61,10036175.0,171571932.0,890892332.0,0.011265306299661808
2017-12-28,169.41,171.01,167.81,167.81,9780283.0,165262022.0,890892332.0,0.010978075182265684
2017-12-29,168.31,169.91,163.2,166.1,16698027.0,276544924.0,890892332.0,0.018743035942978572
2018-01-02,166.7,167.81,164.6,167.31,11549590.0,191884303.0,891026632.0,0.01296211536806231
2018-01-03,166.9,172.01,166.9,170.91,14646973.0,249413660.0,891026632.0,0.016438311127831697
2018-01-04,170.41,172.31,170.21,171.91,13450163.0,229960525.0,891026632.0,0.015095130175637668
2018-01-05,172.11,172.21,169.91,170.41,9423461.0,160699258.0,891026632.0,0.010575958856412724
2018-01-08,169.61,170.21,166.4,169.11,12504169.0,209931813.0,891026632.0,0.014033440248506512
2018-01-09,167.81,173.62,167.0,173.52,19341287.0,331403606.0,891026632.0,0.021706744002237634
2018-01-10,173.52,174.12,170.61,171.31,13198905.0,226516944.0,891026632.0,0.01481314309357254
2018-01-11,170.01,173.32,168.31,171.81,13728447.0,234393360.0,891026632.0,0.015407448562098646
2018-01-12,171.71,171.71,168.11,168.11,11625738.0,196427210.0,891026632.0,0.013047576337763156
2018-01-15,167.31,167.31,159.79,160.29,17796037.0,290745923.0,891026632.0,0.019972508520934983
2018-01-16,160.89,161.8,156.08,157.59,16274257.0,258017654.0,891026632.0,0.018264613441991935
2018-01-17,158.59,158.59,152.28,158.09,15524265.0,240767086.0,891026632.0,0.01742289673783847
2018-01-18,157.39,158.29,154.18,155.68,9243769.0,144051583.0,891026632.0,0.01037429036127845
2018-01-19,156.08,159.09,154.98,157.09,9564542.0,150411006.0,891026632.0,0.010734294191107859
2018-01-22,157.79,159.99,154.28,158.49,9427621.0,148334532.0,891026632.0,0.01058062762819866
2018-01-23,158.09,160.49,156.08,156.89,10835595.0,170574028.0,891026632.0,0.012160798129769033
2018-01-24,157.29,158.59,154.98,158.29,11591132.0,181507123.0,891026632.0,0.013008737992468895
2018-01-25,158.09,159.79,157.09,157.39,9308108.0,147019781.0,891026632.0,0.01044649807953215
2018-01-26,157.39,158.09,155.28,155.48,9401666.0,146686542.0,891026632.0,0.010551498308077507
2018-01-29,156.49,157.19,153.28,153.68,8451178.0,130807438.0,891026632.0,0.009484764760656447
2018-01-30,154.08,156.29,153.88,154.18,5531260.0,85518395.0,891026632.0,0.00620773813189458
2018-01-31,154.88,154.88,150.78,151.38,8012561.0,121755694.0,891026632.0,0.008992504502379452
2018-02-01,151.48,152.88,145.87,148.77,12344337.0,183124458.0,891026632.0,0.013854060649446446
2018-02-02,148.97,149.77,145.87,148.97,6410910.0,94793872.0,891026632.0,0.007194970127447325
2018-02-05,147.27,148.77,146.17,147.07,5931094.0,87314344.0,891026632.0,0.006656472193975903
2018-02-06,144.16,145.27,135.15,135.85,11410691.0,160244341.0,891026632.0,0.01280622889395297
2018-02-07,139.76,140.86,135.45,137.25,8007095.0,110471617.0,891026632.0,0.008986370005604951
2018-02-08,137.25,142.76,137.15,141.26,9068558.0,127593248.0,891026632.0,0.010177650896522249
2018-02-09,137.45,141.66,137.05,139.15,7711889.0,107243287.0,891026632.0,0.008655060043143582
2018-02-12,140.06,143.36,139.35,142.36,6818704.0,96874783.0,891026632.0,0.007652637704772891
2018-02-13,143.06,145.57,141.76,143.86,7747880.0,111228335.0,891026632.0,0.008695452775198306
2018-02-14,143.86,144.46,141.46,143.06,4997963.0,71247639.0,891026632.0,0.005609218423451119
2018-02-22,144.16,146.57,142.56,146.27,6629438.0,96194136.0,891026632.0,0.007440224300725503
2018-02-23,146.17,146.57,144.56,145.77,5231274.0,75967348.0,891026632.0,0.005871063571083025
2018-02-26,146.77,151.38,145.87,150.47,9897799.0,147345377.0,891026632.0,0.01110830882549872
2018-02-27,150.27,154.38,150.17,153.28,11486377.0,175405106.0,891026632.0,0.01289117136063336
2018-02-28,153.08,155.88,151.38,153.18,9946385.0,153260709.0,891026632.0,0.011162836937515914
2018-03-01,152.08,156.99,151.88,156.99,11308512.0,175305408.0,891026632.0,0.012691553309261805
2018-03-02,155.08,160.89,155.08,157.19,14677234.0,232415226.0,891026632.0,0.01647227307567166
2018-03-05,156.79,161.8,155.98,161.7,14131763.0,225661825.0,891026632.0,0.01586009047594887
2018-03-06,161.39,162.6,159.89,160.69,9833118.0,158048239.0,891026632.0,0.01103571728033377
2018-03-07,161.29,161.7,157.69,157.79,10363020.0,164861764.0,891026632.0,0.011630426777187508
2018-03-08,158.59,159.99,156.59,158.49,12578365.0,198940225.0,891026632.0,0.01411671048683088
2018-03-09,159.29,163.5,158.79,162.9,14058916.0,226994577.0,891026632.0,0.0157783342215522
2018-03-12,163.4,165.8,161.8,163.1,16169817.0,264090132.0,891026632.0,0.018147400334943074
2018-03-13,162.6,163.3,160.79,162.3,9308647.0,150545175.0,891026632.0,0.010447102999722685
2018-03-14,161.6,162.9,158.49,158.79,10464434.0,168065649.0,891026632.0,0.011744243801682461
2018-03-15,158.29,159.79,154.28,156.08,12393077.0,193728946.0,891026632.0,0.013908761595803794
2018-03-16,157.09,159.49,156.49,158.09,11860995.0,187297661.0,891026632.0,0.013311605482966081
2018-03-19,157.79,159.69,155.78,156.59,9965937.0,157183781.0,891026632.0,0.011184780164909819
2018-03-20,155.78,158.09,154.48,157.49,7563187.0,118066486.0,891026632.0,0.008488171653212718
2018-03-21,157.99,159.39,153.38,153.78,10738404.0,168134730.0,891026632.0,0.012051720582017351
2018-03-22,153.88,155.38,152.28,152.68,8816750.0,135119872.0,891026632.0,0.009895046548956574
2018-03-23,146.77,148.27,140.16,141.66,16463690.0,237945756.0,891026632.0,0.018477214270291305
2018-03-26,140.36,146.77,139.76,146.27,10618982.0,152287762.0,891026632.0,0.011917693162733658
2018-03-27,148.27,151.48,147.27,150.17,11094091.0,165794844.0,891026632.0,0.012450908425821328
2018-03-28,147.37,149.67,147.37,147.77,7430320.0,110103266.0,891026632.0,0.008339054898192987
2018-03-29,149.57,151.18,148.87,150.37,9748682.0,146061215.0,891026632.0,0.010940954680690172
2018-03-30,151.68,154.98,149.97,154.88,10895690.0,166398287.0,891026632.0,0.01222824280296035
2018-04-02,156.29,159.79,155.28,157.39,16257534.0,256126654.0,891026632.0,0.018245845203872648
2018-04-03,155.38,156.89,150.37,153.58,12331644.0,189279369.0,891026632.0,0.013839815283994788
2018-04-04,153.88,155.88,150.37,151.08,8762320.0,133939309.0,891026632.0,0.009833959710420866
2018-04-09,148.87,153.18,148.37,150.17,9358913.0,140888073.0,891026632.0,0.010503516577268815
2018-04-10,150.78,152.08,148.27,151.48,9638512.0,144708897.0,891026632.0,0.01081731078942655
2018-04-11,151.78,155.68,151.78,154.98,11689308.0,179841501.0,891026632.0,0.013118921006617006
2018-04-12,155.18,156.59,151.88,152.68,11210305.0,172360728.0,891026632.0,0.012581335503785481
2018-04-13,153.78,154.68,152.38,152.68,6147415.0,94056810.0,891026632.0,0.006899249449145534
2018-04-16,152.48,155.68,150.68,155.38,11393158.0,174905706.0,891026632.0,0.01278655159209652
2018-04-17,155.58,156.79,151.98,154.08,14039526.0,216181763.0,891026632.0,0.01575657280690573
2018-04-18,154.98,157.89,146.77,157.29,25466901.0,388171879.0,891026632.0,0.02858152616924249
2018-04-19,156.19,167.31,154.78,161.7,37243482.0,598733810.0,891026632.0,0.041798393743184996
2018-04-20,159.79,164.4,158.79,159.69,25225531.0,406519550.0,891026632.0,0.028310636398576245
2018-04-23,160.79,163.8,155.98,160.29,20052230.0,320713175.0,891026632.0,0.022504635978153345
2018-04-24,159.19,166.8,158.69,166.6,27932887.0,456111417.0,891026632.0,0.03134910450128947
2018-04-25,168.21,172.31,166.5,170.31,40429706.0,684564653.0,891026632.0,0.04537429583810689
2018-04-26,169.31,169.51,165.5,165.8,21218167.0,354684029.0,891026632.0,0.023813168134350443
2018-04-27,168.61,169.11,161.7,165.6,18324277.0,302481242.0,891026632.0,0.020565352753676165
2018-05-02,165.2,168.21,158.69,160.09,19403058.0,315304971.0,891026632.0,0.021776069651754246
2018-05-03,156.99,157.29,148.77,154.38,26980323.0,411271296.0,891026632.0,0.030280041057179085
2018-05-04,153.78,155.58,151.48,152.08,13208395.0,202378107.0,891026632.0,0.014823793729209207
2018-05-07,153.18,157.49,152.68,156.19,14505513.0,225523922.0,891026632.0,0.016279550441091643
2018-05-08,156.08,158.19,155.48,157.29,9924911.0,155603255.0,891026632.0,0.011138736647772835
2018-05-09,157.79,158.99,155.78,156.49,8575793.0,134656212.0,891026632.0,0.009624620288566189
2018-05-10,156.49,163.8,155.78,163.1,21150515.0,339551109.0,891026632.0,0.023737242233181646
2018-05-11,164.5,179.43,164.2,172.62,60942490.0,1045984528.0,891026632.0,0.06839581198960168
2018-05-14,173.52,175.72,170.21,174.52,35977241.0,620949508.0,891026632.0,0.04037729031650313
2018-05-15,173.92,174.02,169.81,172.11,25584224.0,438789933.0,891026632.0,0.028713197878915925
2018-05-16,171.31,176.22,169.61,170.31,31732026.0,547410986.0,891026632.0,0.03561288165851366
2018-05-17,169.31,178.33,168.11,177.52,39470367.0,686393488.0,891026632.0,0.044297628805330704
2018-05-18,176.22,177.52,170.91,174.12,28280019.0,490317963.0,891026632.0,0.031738691060807706
2018-05-21,174.62,177.12,171.91,176.32,28073932.0,490051163.0,891026632.0,0.031507399433151846
2018-05-22,175.32,180.93,174.92,179.63,38094275.0,680560754.0,891026632.0,0.04275323950137553
2018-05-23,178.13,179.33,173.92,173.92,26814598.0,471074652.0,891026632.0,0.030094047738855913
2018-05-24,173.92,176.12,170.91,171.51,21853262.0,377847269.0,891026632.0,0.02452593583083833
2018-05-25,172.31,172.62,167.41,168.31,20259627.0,342542321.0,891026632.0,0.02273739782000141
2018-05-28,168.91,170.01,165.0,165.8,22337046.0,373916231.0,891026632.0,0.025068887054320952
2018-05-29,166.1,167.71,163.8,165.5,18718311.0,309923547.0,891026632.0,0.02100757747047902
2018-05-30,162.3,165.5,160.49,161.29,19932383.0,323609523.0,891026632.0,0.022370131580982867
2018-05-31,162.8,165.3,161.09,164.8,17111118.0,279350328.0,891026632.0,0.01920382330390322
2018-06-01,163.5,163.5,156.89,157.39,22617009.0,360358056.0,891026632.0,0.02538308978400996
2018-06-04,158.39,160.19,157.19,157.49,11479798.0,181920944.0,891026632.0,0.012883787742945936
2018-06-05,158.29,164.8,158.09,164.6,16580365.0,268488224.0,891026632.0,0.018608158728975005
2018-06-06,167.31,168.51,163.9,165.4,18085126.0,299941237.0,891026632.0,0.020296953368729387
2018-06-07,166.3,167.51,161.9,162.5,13241014.0,216834541.0,891026632.0,0.014860402062595139
2018-06-08,162.7,164.9,160.59,162.4,10802813.0,175572057.0,891026632.0,0.012124006861334757
2018-06-11,160.79,162.6,159.89,160.79,8245463.0,132457982.0,891026632.0,0.009253890628939136
2018-06-12,161.49,163.9,157.99,163.4,11433449.0,183994094.0,891026632.0,0.012831770218064593
2018-06-13,162.6,164.7,157.69,157.69,15337453.0,248103292.0,891026632.0,0.01721323746022442
2018-06-14,155.48,155.78,150.07,150.57,25194940.0,384614265.0,891026632.0,0.028276304091435955
2018-06-15,150.88,151.68,147.57,150.37,13842673.0,206548944.0,891026632.0,0.015535644505853558
2018-06-19,147.77,150.17,135.75,139.25,20512363.0,292574616.0,891026632.0,0.02302104366281164
2018-06-20,139.45,144.96,138.45,142.96,12643971.0,178926743.0,891026632.0,0.014190340160337654
2018-06-21,143.26,143.36,138.54,138.64,10937311.0,153134188.0,891026632.0,0.012274954089138831
2018-06-22,138.04,142.16,136.13,140.95,7981610.0,111462127.0,891026632.0,0.008957768166911536
2018-06-25,142.76,143.46,137.84,137.84,10393279.0,145391077.0,891026632.0,0.01166438648042565
2018-06-26,135.43,142.16,133.52,140.75,12096791.0,166882497.0,891026632.0,0.013576239548359537
2018-06-27,140.95,141.66,138.95,139.55,8370043.0,116897893.0,891026632.0,0.009393706876317026
2018-06-28,139.55,141.96,138.24,138.54,7364013.0,102958448.0,891026632.0,0.008264638491748246
2018-06-29,139.65,145.37,139.05,145.07,12596382.0,179370624.0,891026632.0,0.01413693098232781
2018-07-02,144.57,145.87,140.65,141.66,10264006.0,146446314.0,891116632.0,0.011518139861180372
2018-07-03,142.26,148.38,141.46,147.38,15240333.0,221041856.0,891116632.0,0.01710251212099473
2018-07-04,146.17,146.47,141.56,142.76,12845231.0,184063562.0,891116632.0,0.014414758448813242
2018-07-05,142.66,144.97,140.65,141.15,9377695.0,133009101.0,891116632.0,0.010523532681634428
2018-07-06,141.66,148.48,141.66,145.57,18052201.0,261283020.0,891116632.0,0.020257955414303162
2018-07-09,146.58,149.09,145.57,148.68,13277355.0,195603809.0,891116632.0,0.014899682626504944
2018-07-10,148.58,150.79,146.98,149.79,13991383.0,207801617.0,891116632.0,0.015700955966446377
2018-07-11,146.37,147.78,142.56,145.77,12596264.0,182599071.0,891116632.0,0.01413537077826643
2018-07-12,146.47,153.0,146.47,151.8,20135532.0,302408024.0,891116632.0,0.02259584354834486
2018-07-13,151.09,152.6,150.29,151.8,10924745.0,164705410.0,891116632.0,0.012259612948173544
2018-07-16,151.59,154.61,149.59,152.7,12453466.0,188934085.0,891116632.0,0.013975124638903609
2018-07-17,151.39,151.8,148.58,151.39,11832844.0,176987209.0,891116632.0,0.013278670350302698
2018-07-18,152.0,152.4,147.58,147.98,10213490.0,152726510.0,891116632.0,0.011461451434339293
2018-07-19,147.98,149.79,145.97,148.38,8253209.0,121516587.0,891116632.0,0.009261648479702038
2018-07-20,147.68,151.49,146.27,150.59,9904034.0,147569067.0,891116632.0,0.011114183760403655
2018-07-23,150.19,154.21,149.79,153.0,11804940.0,179078752.0,891116632.0,0.01324735682859525
2018-07-24,153.1,154.81,151.59,154.0,14413498.0,220867252.0,891116632.0,0.016174648168838127
2018-07-25,154.21,155.41,152.4,152.6,10768725.0,164583042.0,891116632.0,0.012084529244876668
2018-07-26,152.8,153.1,149.29,149.89,9668379.0,144923271.0,891116632.0,0.010849734650671405
2018-07-27,148.68,150.49,148.58,148.98,5908802.0,88009201.0,891116632.0,0.00663078410593508
2018-07-30,149.39,152.2,148.58,148.78,7824718.0,116944781.0,891116632.0,0.008780801209420139
2018-07-31,148.48,148.58,145.67,146.78,7805205.0,114297286.0,891116632.0,0.008758903963538636
2018-08-01,146.88,148.88,144.47,144.87,7003415.0,102382837.0,891116632.0,0.00785914519885204
2018-08-02,144.47,144.57,138.04,141.05,10276391.0,143912817.0,891116632.0,0.01153203815412571
2018-08-03,140.85,141.56,138.95,139.65,5332548.0,74489794.0,891116632.0,0.005984119035049051
2018-08-06,139.05,141.76,137.64,139.15,7325534.0,101955862.0,891116632.0,0.008220623133875027
2018-08-07,140.35,143.36,138.84,143.26,7746920.0,109162098.0,891116632.0,0.008693497261534672
2018-08-08,143.16,143.16,138.84,139.05,6729107.0,94437680.0,891116632.0,0.007551320173317111
2018-08-09,139.35,146.58,138.84,144.47,13119426.0,188481733.0,891116632.0,0.014722456667153756
2018-08-10,144.47,146.07,143.76,144.87,6579994.0,94874505.0,891116632.0,0.007383987419505374
2018-08-13,143.06,146.78,142.26,146.17,8300200.0,119667098.0,891116632.0,0.009314381195389921
2018-08-14,145.07,145.97,143.36,143.86,6473454.0,92962361.0,891116632.0,0.0072644295567361825
2018-08-15,144.07,144.37,139.85,140.35,7407245.0,104435987.0,891116632.0,0.008312318201687431
2018-08-16,138.54,141.76,137.64,139.95,5864255.0,81855610.0,891116632.0,0.006580794016646746
2018-08-17,141.46,142.06,136.34,136.84,7589182.0,104767806.0,891116632.0,0.00851648564000767
2018-08-20,136.74,139.05,135.13,138.74,6113327.0,83556737.0,891116632.0,0.006860299516887482
2018-08-21,138.34,140.25,138.04,139.35,4708966.0,65324320.0,891116632.0,0.005284343071267017
2018-08-22,139.05,140.55,137.24,139.55,6061474.0,83773427.0,891116632.0,0.006802110725277093
2018-08-23,139.05,141.05,138.64,139.95,5932247.0,82738776.0,891116632.0,0.0066570937933071814
2018-08-24,139.75,139.95,137.54,137.84,4798825.0,66119486.0,891116632.0,0.005385181723327997
2018-08-27,137.94,143.26,137.94,142.76,10430094.0,147089485.0,891116632.0,0.01170452174884331
2018-08-28,142.96,144.87,142.06,142.86,6919043.0,98826971.0,891116632.0,0.00776446398993931
2018-08-29,142.86,145.07,142.46,143.36,6347216.0,90817435.0,891116632.0,0.007122766843386669
2018-08-30,144.57,144.87,140.45,140.55,6161163.0,86873230.0,891116632.0,0.00691398048106457
2018-08-31,137.54,139.35,136.64,137.64,5365599.0,73801893.0,891116632.0,0.006021208456133944
2018-09-03,137.34,139.05,135.83,138.54,4541907.0,62023098.0,891116632.0,0.005096871539482163
2018-09-04,138.54,140.55,137.74,139.95,4771294.0,66353957.0,891116632.0,0.005354286777580872
2018-09-05,139.85,139.95,136.03,136.23,8828898.0,121219152.0,891116632.0,0.009907679514615995
2018-09-06,135.63,138.74,135.53,138.54,7238884.0,99160679.0,891116632.0,0.008123385581697907
2018-09-07,140.55,143.56,139.05,140.45,17257733.0,243521589.0,891116632.0,0.0193664133069396
2018-09-10,139.05,140.05,136.54,137.54,8347698.0,114255578.0,891116632.0,0.009367682860171327
2018-09-11,137.74,139.25,136.13,138.24,5444993.0,74951034.0,891116632.0,0.00611030341536707
2018-09-12,138.04,151.39,136.54,147.88,29985323.0,434194388.0,891116632.0,0.03364915648886688
2018-09-13,150.59,153.5,147.58,153.1,37165639.0,561686491.0,891116632.0,0.04170681778948101
2018-09-14,152.0,153.9,150.09,150.59,23147140.0,349688355.0,891116632.0,0.0259754325851254
2018-09-17,150.59,155.11,149.69,151.9,22239513.0,337599561.0,891116632.0,0.02495690485552513
2018-09-18,150.89,152.0,147.78,151.49,17876255.0,267361895.0,891116632.0,0.020060511001662014
2018-09-19,150.29,156.11,148.98,152.9,24598699.0,374493779.0,891116632.0,0.027604354039258913
2018-09-20,152.4,154.1,151.09,152.3,11977752.0,181796144.0,891116632.0,0.01344128430541963
2018-09-21,152.7,155.01,152.0,154.21,15652851.0,239096726.0,891116632.0,0.01756543468936174
2018-09-25,153.3,154.91,150.79,151.9,14446793.0,219564364.0,891116632.0,0.016212011403687953
2018-09-26,151.9,154.0,151.39,151.7,14664299.0,222870742.0,891116632.0,0.01645609393137216
2018-09-27,151.19,152.2,146.47,146.88,22241176.0,328876476.0,891116632.0,0.02495877105343939
2018-09-28,147.48,148.68,146.37,147.58,11672070.0,171553433.0,891116632.0,0.013098251767339922
2018-10-08,145.57,150.39,142.06,142.46,17034951.0,248008829.0,891116632.0,0.01911641011768255
2018-10-09,143.36,143.96,139.85,141.46,9392682.0,132538140.0,891116632.0,0.010540350906613984
2018-10-10,141.66,141.96,137.34,139.85,9856177.0,137236088.0,891116632.0,0.011060479230287782
2018-10-11,135.23,136.23,125.89,125.89,26637629.0,342893118.0,891116632.0,0.02989241592339621
2018-10-12,121.98,123.58,115.05,120.57,18880262.0,225067023.0,891116632.0,0.021187195168409785
2018-10-15,121.28,123.28,117.26,117.26,9746747.0,117156161.0,891116632.0,0.01093767824546675
2018-10-16,117.96,119.47,108.22,110.33,15879424.0,178916092.0,891116632.0,0.017819692091663262
2018-10-17,112.94,113.65,107.72,112.14,14877319.0,164829307.0,891116632.0,0.016695142325656873
2018-10-18,110.94,112.54,109.03,110.13,8626137.0,95167584.0,891116632.0,0.009680143642521533
2018-10-19,107.92,114.05,107.42,113.85,11516023.0,128229979.0,891116632.0,0.012923137764978894
2018-10-22,114.15,120.77,114.15,118.87,21155574.0,247720525.0,891116632.0,0.023740521992636314
2018-10-23,118.46,118.77,115.05,115.35,11099457.0,129165853.0,891116632.0,0.012455672581364187
2018-10-24,114.65,117.06,113.65,114.95,6613516.0,75937055.0,891116632.0,0.007421605390931588
2018-10-25,110.43,113.95,109.63,113.04,9686236.0,107333225.0,891116632.0,0.010869773553951578
2018-10-26,114.75,115.96,113.14,114.15,7511393.0,85727406.0,891116632.0,0.008429191791810255
2018-10-29,113.45,115.96,112.14,113.04,6181285.0,70231896.0,891116632.0,0.006936561139170837
2018-10-30,111.94,112.04,101.7,104.01,26185394.0,273297529.0,891116632.0,0.029384923431661412
2018-10-31,105.11,108.83,104.21,108.12,14336288.0,152618658.0,891116632.0,0.01608800406723864
2018-11-01,110.23,113.95,109.33,111.14,15593891.0,173749875.0,891116632.0,0.01749927051075397
2018-11-02,114.45,117.06,112.54,116.46,15866532.0,181997816.0,891116632.0,0.017805224849624397
2018-11-05,116.26,117.96,113.95,117.06,16243274.0,187441200.0,891116632.0,0.018228000035802272
2018-11-06,118.46,121.68,116.96,119.47,23441530.0,278279677.0,891116632.0,0.02630579338126415
2018-11-07,119.07,119.37,116.56,116.76,15945418.0,186963297.0,891116632.0,0.017893749737576438
2018-11-08,117.86,122.18,115.75,118.67,24096545.0,286606528.0,891116632.0,0.02704084306665707
2018-11-09,118.57,120.57,116.76,118.97,14559162.0,172567912.0,891116632.0,0.01633811049775132
2018-11-12,120.47,121.28,117.96,121.28,17731326.0,212199775.0,891116632.0,0.019897873480606298
2018-11-13,118.97,122.58,118.57,121.18,19919709.0,239314913.0,891116632.0,0.02235364966232613
2018-11-14,120.87,123.79,119.97,123.58,20590075.0,250098871.0,891116632.0,0.023105926048970882
2018-11-15,122.98,129.01,122.58,127.7,24454103.0,308018059.0,891116632.0,0.027442090206661073
2018-11-16,128.2,133.32,126.5,130.11,30676962.0,398133827.0,891116632.0,0.03442530517150083
2018-11-19,130.01,131.72,126.7,128.5,18264544.0,234046301.0,891116632.0,0.020496244087608948
2018-11-20,127.2,128.1,123.58,123.69,16787512.0,209965254.0,891116632.0,0.01883873714972924
2018-11-21,121.48,125.99,121.28,124.69,10682354.0,132219365.0,891116632.0,0.01198760478302912
2018-11-22,125.09,126.7,124.09,124.69,9361797.0,116899901.0,891116632.0,0.010505692143786629
2018-11-23,124.19,124.79,117.86,118.46,14489498.0,173499968.0,891116632.0,0.016259934423488574
2018-11-26,118.77,121.08,117.96,120.07,8109791.0,96592576.0,891116632.0,0.009100706584051278
2018-11-27,121.78,127.1,121.68,125.39,18657429.0,231552625.0,891116632.0,0.020937134747587113
2018-11-28,124.69,125.99,122.48,125.59,12639706.0,156954422.0,891116632.0,0.01418412085029965
2018-11-29,127.5,127.6,120.27,120.47,13298308.0,163725501.0,891116632.0,0.014923195822474561
2018-11-30,120.57,121.28,116.06,119.37,11939893.0,141391741.0,891116632.0,0.013398799406540535
2018-12-03,122.68,126.9,122.68,125.79,20001191.0,249203990.0,891116632.0,0.022445087749187024
2018-12-04,126.5,126.5,123.89,125.09,10759723.0,133963815.0,891116632.0,0.012074427312450835
2018-12-05,122.28,124.19,121.48,122.48,10004188.0,122171749.0,891116632.0,0.011226575333407086
2018-12-06,121.28,121.28,118.06,118.57,12816200.0,152186829.0,890869132.0,0.014386175858655747
2018-12-07,119.27,121.68,118.77,119.27,8019477.0,96021407.0,890869132.0,0.00900185752535424
2018-12-10,118.46,120.97,117.66,118.87,6542848.0,77834879.0,1005255206.9999999,0.006508643729910071
2018-12-11,119.77,122.18,119.17,122.08,10589912.0,127679736.0,1005255206.9999999,0.010534550755129789
2018-12-12,122.48,122.88,120.07,120.57,7516206.0,90553581.0,1005255206.9999999,0.007476913273029185
2018-12-13,121.08,122.48,119.57,121.28,9018433.0,109334419.0,1005255206.9999999,0.008971287029603023
2018-12-14,121.28,121.68,116.96,117.76,9568930.0,113710592.0,1005255206.9999999,0.009518906177623014
2018-12-17,117.56,118.36,116.26,117.56,6078938.0,71021865.0,1005255206.9999999,0.006047158928071089
2018-12-18,116.66,118.36,115.85,117.06,5887700.0,68541364.0,1005255206.9999999,0.005856920669499204
2018-12-19,117.56,117.96,115.25,115.25,5201184.0,60396360.0,1005255206.9999999,0.00517399359265393
2018-12-20,116.76,121.38,115.55,119.97,16637080.0,198398385.0,1005255206.9999999,0.016550105768315608
2018-12-21,119.17,121.48,117.46,119.47,12937253.0,154211167.0,1005255206.9999999,0.012869620480364248
2018-12-24,119.47,122.88,119.47,122.68,14532506.0,176278096.0,1005255206.9999999,0.014456533921738743
2018-12-25,120.97,125.69,119.57,125.09,23056036.0,281832862.0,1005255206.9999999,0.022935505172668062
2018-12-26,124.19,125.09,122.08,123.08,14122981.0,173502863.0,1005255206.9999999,0.014049149809576666
2018-12-27,125.49,125.99,122.78,123.58,18172521.0,224791458.0,1005255206.9999999,0.018077519890926565
2018-12-28,123.48,123.48,119.57,119.87,14344547.0,173206823.0,1005255206.9999999,0.014269557521426498
2019-01-02,120.57,123.38,119.77,122.48,13058773.0,158419812.0,1005255206.9999999,0.01299050520610733
2019-01-03,121.88,122.18,117.26,117.36,18588969.0,220484501.0,1005255206.9999999,0.01849179081148495
2019-01-04,114.25,119.87,113.95,119.47,12586489.0,147703357.0,1005255206.9999999,0.012520690181314327
2019-01-07,119.77,123.89,119.77,122.88,17930829.0,218621190.0,1005255206.9999999,0.017837091392454735
2019-01-08,122.58,125.09,121.68,123.28,12131049.0,148652740.0,1005255206.9999999,0.012067631100566885
2019-01-09,123.18,126.9,122.28,123.99,23083096.0,287331867.0,1005255206.9999999,0.02296242371018129
2019-01-10,123.69,126.6,123.28,125.39,16529208.0,205943549.0,1005255206.9999999,0.01644279769445651
2019-01-11,127.4,129.11,124.29,125.99,20951829.0,264700137.0,1005255206.9999999,0.02084229840751275
2019-01-14,127.4,127.4,122.78,124.99,13950882.0,173157660.0,1005255206.9999999,0.013877950497400409
2019-01-15,124.49,129.41,123.89,128.91,26789307.0,341230202.0,1005255206.9999999,0.026649259624277683
2019-01-16,128.5,129.21,125.79,125.99,18589229.0,235568773.0,1005255206.9999999,0.018492049452274065
2019-01-17,125.99,126.7,123.58,124.09,12053722.0,150028107.0,1005255206.9999999,0.011990708345567418
2019-01-18,124.49,125.39,122.68,125.19,12208072.0,151024386.0,1005255206.9999999,0.01214425144479754
2019-01-21,124.99,127.6,124.39,125.49,12922199.0,162261567.0,1005255206.9999999,0.012854645178674516
2019-01-22,125.19,125.19,122.18,122.48,11024258.0,135384162.0,1005255206.9999999,0.010966626109701913
2019-01-23,121.78,122.98,121.18,122.88,6547746.0,79642480.0,1005255206.9999999,0.006513516124468083
2019-01-24,123.48,125.89,121.98,124.19,11866156.0,147056786.0,1005255206.9999999,0.011804122890755641
2019-01-25,123.89,125.29,122.98,123.48,9515574.0,117654657.0,1005255206.9999999,0.009465829108607642
2019-01-28,124.29,124.69,120.77,121.08,11489622.0,140188413.0,1005255206.9999999,0.011429557310415405
2019-01-29,120.87,121.28,116.56,118.97,10069310.0,119001239.0,1005255206.9999999,0.010016670323996642
2019-01-30,118.46,119.67,116.86,117.06,7420499.0,87423039.0,1005255206.9999999,0.007381706603783849
2019-01-31,117.86,118.87,115.45,117.66,9131027.0,106972178.0,1005255206.9999999,0.009083292418101348
2019-02-01,118.06,120.57,118.06,120.37,8992367.0,107040701.0,1005255206.9999999,0.00894535729572202
2019-02-11,119.97,124.29,119.77,124.09,12118264.0,148037394.0,1005255206.9999999,0.01205491293714831
2019-02-12,123.48,125.09,123.48,124.79,11377495.0,140923297.0,1005255206.9999999,0.01131801648056522
2019-02-13,124.59,130.71,124.39,129.81,31974563.0,409761114.0,1005255206.9999999,0.03180740848428155
2019-02-14,129.01,133.22,128.6,132.42,28922235.0,378501002.0,1005255206.9999999,0.028771037243679756
2019-02-15,132.82,133.72,130.31,130.81,22746661.0,298520960.0,1005255206.9999999,0.02262774750292838
2019-02-18,132.22,135.13,131.11,134.83,27282304.0,363107758.0,1005255206.9999999,0.027139679367012722
2019-02-19,135.13,135.33,131.42,133.72,26226189.0,348012986.0,1005255206.9999999,0.02608908545549071
2019-02-20,135.23,136.34,131.72,134.03,19942156.0,265871170.0,1005255206.9999999,0.019837903709560196
2019-02-21,134.43,139.35,133.52,134.93,40138672.0,544851876.0,1005255206.9999999,0.0399288376926557
2019-02-22,134.13,138.34,133.12,137.94,29430128.0,400252449.0,1005255206.9999999,0.02927627511408653
2019-02-25,144.57,146.88,140.65,143.86,45824381.0,655042644.0,1005255206.9999999,0.045584823317408596
2019-02-26,143.26,151.49,141.76,147.18,52319581.0,766109753.0,1005255206.9999999,0.05204606813839663
2019-02-27,146.58,149.19,142.46,144.47,34749924.0,505361392.0,1005255206.9999999,0.034568260634734525
2019-02-28,146.17,150.09,145.57,147.58,27549228.0,405414690.0,1005255206.9999999,0.027405207959295855
2019-03-01,150.19,153.3,147.38,150.59,35317908.0,530425410.0,1005255206.9999999,0.035133275365367
2019-03-04,153.1,153.6,148.58,149.99,46497694.0,700768963.0,1005255206.9999999,0.04625461641602818
2019-03-05,149.59,153.8,148.38,153.6,37378623.0,563426154.0,1005255206.9999999,0.03718321749513704
2019-03-06,155.61,159.53,153.2,155.11,45780623.0,712755043.0,1005255206.9999999,0.045541294072600616
2019-03-07,154.21,161.23,153.6,160.93,46369322.0,727484276.0,1005255206.9999999,0.046126915510719665
2019-03-08,157.42,176.99,155.61,169.77,103756953.0,1776592410.0,1005255206.9999999,0.10321453923093185
2019-03-11,175.69,186.73,170.47,186.73,98858561.0,1779894723.0,1005255206.9999999,0.09834175472219167
2019-03-12,179.91,179.91,172.68,178.4,113450984.0,1997308023.0,1005255206.9999999,0.11285789241378186
2019-03-13,175.69,175.69,164.55,166.35,71495379.0,1216069904.0,1005255206.9999999,0.07112162016386353
2019-03-14,164.45,167.86,156.82,161.23,41340722.0,665613039.0,1005255206.9999999,0.041124603694790915
2019-03-15,162.24,165.05,159.22,161.53,32489655.0,526337655.0,1005255206.9999999,0.03231980772023
2019-03-18,163.94,163.94,159.63,163.24,26438335.0,426368908.0,1005255206.9999999,0.02630012241259647
2019-03-19,163.24,168.36,161.63,166.45,31308224.0,516889372.0,1005255206.9999999,0.03114455292744383
2019-03-20,166.65,169.47,160.83,164.14,34412437.0,567836236.0,1005255206.9999999,0.034232537927057965
2019-03-21,163.24,171.97,163.24,168.16,50123552.0,844489171.0,1005255206.9999999,0.04986151939424872
2019-03-22,167.16,167.96,160.73,165.15,33897864.0,554878411.0,1005255206.9999999,0.03372065497791548
2019-03-25,161.53,169.06,160.93,165.55,31893590.0,528154850.0,1005255206.9999999,0.03172685878960088
2019-03-26,165.55,166.35,159.22,159.22,27906783.0,450095042.0,1005255206.9999999,0.027760893756802997
2019-03-27,160.73,161.13,154.51,157.92,18356689.0,287935801.0,1005255206.9999999,0.018260725109579067
2019-03-28,156.61,161.94,156.01,156.51,22510805.0,356169933.0,1005255206.9999999,0.022393124495399905
2019-03-29,153.5,156.21,145.87,155.01,45399797.0,686420298.0,1005255206.9999999,0.045162458929695455
2019-04-01,155.41,161.13,155.01,160.43,30020523.0,476258290.0,1005255206.9999999,0.029863583685968417
2019-04-02,160.63,166.55,160.03,162.34,32652940.0,531279868.0,1005255206.9999999,0.03248223910965527
2019-04-03,162.24,162.24,159.53,161.94,19665987.0,315033186.0,1005255206.9999999,0.01956317844767951
2019-04-04,161.94,163.04,159.63,160.53,20996650.0,336679628.0,1005255206.9999999,0.020886885095239307
2019-04-08,160.73,162.44,152.6,154.51,32051000.0,500439308.0,1005255206.9999999,0.03188344589196443
2019-04-09,153.6,158.42,153.2,157.02,17017680.0,265319047.0,1005255206.9999999,0.016928716092688693
2019-04-10,155.91,156.82,151.9,154.21,19073405.0,293375310.0,1005255206.9999999,0.018973694308852262
2019-04-11,155.11,157.22,151.49,151.49,18699055.0,286972249.0,1005255206.9999999,0.018601301311140586
2019-04-12,153.5,156.21,152.2,153.9,20831896.0,319897375.0,1005255206.9999999,0.020722992385355535
2019-04-15,157.12,161.53,154.81,157.62,38884832.0,614259763.0,1005255206.9999999,0.03868155243487339
2019-04-16,156.11,165.05,152.8,164.34,48266357.0,769169142.0,1005255206.9999999,0.04801403331601943
2019-04-17,164.04,166.35,162.64,163.24,35954912.0,588211342.0,1005255206.9999999,0.03576694927778674
2019-04-18,163.04,163.44,160.13,160.33,23749577.0,382439477.0,1005255206.9999999,0.02362542052468076
2019-04-19,160.13,162.04,157.82,162.04,19806788.0,315829705.0,1005255206.9999999,0.019703243377479966
2019-04-22,162.34,163.74,158.92,159.63,22250450.0,357955498.0,1005255206.9999999,0.02213413056213098
2019-04-23,160.13,160.13,154.41,154.41,19870385.0,308891543.0,1005255206.9999999,0.019766507909269652
2019-04-24,155.21,157.82,153.7,157.52,14264628.0,221321493.0,1005255206.9999999,0.014190056316714012
2019-04-25,157.12,157.12,150.69,151.09,17177424.0,263056245.0,1005255206.9999999,0.017087624993520678
2019-04-26,150.59,154.21,149.79,151.49,14193969.0,215163869.0,1005255206.9999999,0.014119766703183068
2019-04-29,151.09,153.2,145.87,147.78,18486864.0,276033637.0,1005255206.9999999,0.018390219589282865
2019-04-30,148.08,150.99,147.58,149.29,10483530.0,156098413.0,1005255206.9999999,0.010428724891946769
2019-05-06,145.07,145.07,134.33,134.33,27018330.0,373571609.0,1005255206.9999999,0.026877085352913773
2019-05-07,135.23,137.14,133.52,136.13,12413514.0,167525798.0,1005255206.9999999,0.012348619448633209
2019-05-08,132.92,138.34,131.32,136.03,10215031.0,137997151.0,1005255206.9999999,0.01016162953334496
2019-05-09,134.53,138.04,133.32,134.53,10194308.0,137826442.0,1005255206.9999999,0.010141014867680263
2019-05-10,136.54,140.25,131.92,140.05,24672506.0,338751583.0,1005255206.9999999,0.02454352469720657
2019-05-13,137.84,139.25,135.63,136.74,12867990.0,176087378.0,1005255206.9999999,0.012800719568916395
2019-05-14,134.33,137.64,134.13,134.73,11792987.0,159792785.0,1005255206.9999999,0.011731336398837475
2019-05-15,136.34,137.94,136.13,137.14,12136740.0,165483364.0,1005255206.9999999,0.012073292349531696
2019-05-16,137.24,138.54,135.23,138.44,13882565.0,189529832.0,1005255206.9999999,0.013809990640516027
2019-05-17,139.05,142.76,135.53,136.84,25355047.0,352998297.0,1005255206.9999999,0.02522249755429519
2019-05-20,140.75,150.49,140.75,147.58,39237142.0,571689331.0,1005255206.9999999,0.03903202065184628
2019-05-21,145.17,148.98,142.76,147.78,31216894.0,455631549.0,1005255206.9999999,0.03105370037640601
2019-05-22,147.08,152.3,146.27,148.88,30486707.0,454303892.0,1005255206.9999999,0.030327330599939886
2019-05-23,150.59,151.39,145.57,146.58,26122533.0,385602808.0,1005255206.9999999,0.025985971341504332
2019-05-24,144.47,146.17,141.25,141.56,17894312.0,255807128.0,1005255206.9999999,0.017800765293623594
2019-05-27,142.96,151.09,142.36,150.59,31198224.0,457936646.0,1005255206.9999999,0.031035127978203056
2019-05-28,149.59,151.8,147.58,149.09,23230859.0,345347643.0,1005255206.9999999,0.023109414244496425
2019-05-29,149.09,152.6,147.38,149.59,24424855.0,365911116.0,1005255206.9999999,0.024297168350802686
2019-05-30,148.78,148.78,144.07,147.38,18667211.0,272182390.0,1005255206.9999999,0.01856962378310765
2019-05-31,146.17,150.49,145.87,146.68,17059416.0,252229556.0,1005255206.9999999,0.016970233907975172
2019-06-03,147.48,152.1,145.07,149.89,26645903.0,396343694.0,1005255206.9999999,0.02650660530226928
2019-06-04,150.19,153.0,146.88,149.89,29377204.0,441137150.0,1005255206.9999999,0.029223627786689996
2019-06-05,151.59,152.4,148.18,150.19,21356578.0,319906713.0,1005255206.9999999,0.02124493148733325
2019-06-06,150.39,150.39,141.25,142.36,22041693.0,318167242.0,1005255206.9999999,0.0219264648882341
2019-06-10,143.56,147.38,142.56,146.88,15995287.0,232455714.0,1005255206.9999999,0.01591166789151484
2019-06-11,146.47,151.9,143.86,151.49,25200379.0,375536859.0,1005255206.9999999,0.02506863811748453
2019-06-12,150.89,153.8,150.19,153.4,25343635.0,383960475.0,1005255206.9999999,0.02521114521319759
2019-06-13,154.51,160.03,153.6,156.01,43972858.0,689710965.0,1005255206.9999999,0.04374297958747107
2019-06-14,155.31,158.62,153.7,155.41,32351376.0,502268706.0,1005255206.9999999,0.03218225160608395
2019-06-17,156.51,158.12,150.99,152.7,25150306.0,385071518.0,1005255206.9999999,0.025018826885817864
2019-06-18,152.8,153.6,149.69,151.09,16611692.0,250639403.0,1005255206.9999999,0.01652485049003084
2019-06-19,155.41,159.43,154.31,154.41,29792295.0,463944585.0,1005255206.9999999,0.029636548801283656
2019-06-20,153.7,157.02,151.09,156.41,27681533.0,426070313.0,1005255206.9999999,0.027536821303925863
2019-06-21,156.61,158.83,156.01,157.52,25857138.0,404740969.0,1005255206.9999999,0.025721963756015643
2019-06-24,158.02,160.54,155.71,160.34,27872091.0,439288344.0,1005255206.9999999,0.027726383117356986
2019-06-25,159.43,159.43,155.61,157.52,19762444.0,308898037.0,1005255206.9999999,0.01965913119612421
2019-06-26,156.11,159.63,155.81,156.31,15802315.0,248230952.0,1005255206.9999999,0.01571970469783401
2019-06-27,156.41,161.74,156.41,161.34,29490150.0,467838518.0,1005255206.9999999,0.029335983335025892
2019-06-28,159.43,161.44,157.62,159.13,22244920.0,351986124.0,1005255206.9999999,0.022128629471500964
2019-07-01,164.56,165.37,161.85,162.95,36172970.0,587321490.0,1005176982.0,0.03598666766923638
2019-07-02,161.85,162.95,158.73,162.25,30507228.0,488149609.0,1005176982.0,0.030350106047295062
2019-07-03,162.05,162.05,158.12,159.03,18205776.0,289558473.0,1005176982.0,0.01811201044792727
2019-07-04,159.33,159.83,156.72,157.72,13136965.0,205976408.0,1005176982.0,0.013069305440979546
2019-07-05,157.42,158.93,157.42,157.62,9854668.0,154902448.0,1005176982.0,0.009803913317227155
2019-07-08,157.92,158.02,150.08,150.38,18668589.0,283426138.0,1005176982.0,0.018572439813389997
2019-07-09,150.28,151.18,147.66,149.57,11799713.0,175218879.0,1005176982.0,0.011738940715218247
2019-07-10,150.28,150.78,147.16,147.96,8679962.0,128671431.0,1005176982.0,0.00863525742773127
2019-07-11,151.18,155.31,151.18,152.59,21025321.0,319845969.0,1005176982.0,0.02091703389204748
2019-07-12,151.89,154.5,149.88,153.09,12336060.0,187193608.0,1005176982.0,0.012272525357131586
2019-07-15,152.69,159.63,151.38,159.03,25413129.0,397371136.0,1005176982.0,0.025282243281611477
2019-07-16,159.83,160.44,157.72,159.13,20345043.0,321479600.0,1005176982.0,0.020240259540682558
2019-07-17,159.33,159.83,157.82,158.22,16909291.0,267274802.0,1005176982.0,0.01682220275911571
2019-07-18,157.32,158.53,155.01,156.41,17505131.0,272871406.0,1005176982.0,0.017414973993107215
2019-07-19,157.82,160.03,157.22,159.43,20289076.0,320682964.0,1005176982.0,0.020184580788579976
2019-07-22,158.43,158.63,151.89,153.09,16545906.0,254490501.0,1005176982.0,0.016460689307746204
2019-07-23,154.9,164.46,154.6,162.95,44103519.0,708224590.0,1005176982.0,0.043876371812899315
2019-07-24,163.15,165.27,161.44,163.05,36264600.0,590412366.0,1005176982.0,0.03607782574551632
2019-07-25,163.96,166.57,162.45,165.27,36382783.0,596207320.0,1005176982.0,0.03619540006537873
2019-07-26,164.96,164.96,162.45,162.85,21158352.0,343784514.0,1005176982.0,0.021049379739974984
2019-07-29,163.45,165.57,162.15,164.76,20799630.0,339290216.0,1005176982.0,0.02069250527266849
2019-07-30,164.96,166.47,162.55,162.95,23621377.0,385921982.0,1005176982.0,0.0234997193757865
2019-07-31,163.45,169.79,163.15,166.98,43722634.0,727029599.0,1005176982.0,0.043497448492110416
2019-08-01,165.97,166.77,163.76,166.27,26081045.0,428138161.0,1005176982.0,0.02594671930121854
2019-08-02,160.44,163.25,159.83,161.74,28771303.0,461787392.0,1005176982.0,0.028623121614617317
2019-08-05,161.64,165.87,160.94,160.94,25446011.0,412556658.0,1005176982.0,0.025314955928825676
2019-08-06,155.91,157.12,150.08,154.1,32974152.0,505228289.0,1005176982.0,0.03280432460201322
2019-08-07,156.11,156.11,148.57,148.57,26385028.0,398490420.0,1005176982.0,0.026249136691830852
2019-08-08,149.57,150.68,148.17,149.67,16395704.0,244015374.0,1005176982.0,0.016311260895944393
2019-08-09,150.88,151.89,144.34,144.65,22602029.0,332235019.0,1005176982.0,0.022485621343048223
2019-08-12,145.55,149.78,143.74,149.78,20111002.0,292970086.0,1005176982.0,0.020007423926466313
2019-08-13,147.86,154.8,146.96,152.39,30537794.0,462865275.0,1005176982.0,0.030380514622647816
2019-08-14,155.81,159.33,155.21,155.91,35604665.0,556110550.0,1005176982.0,0.035421289621214186
2019-08-15,151.28,161.44,150.88,161.34,38649158.0,606754612.0,1005176982.0,0.038450102511400325
2019-08-16,160.94,163.35,159.53,160.94,26570008.0,425364336.0,1005176982.0,0.026433163985842247
2019-08-19,162.25,167.48,161.24,164.86,37335467.0,611308318.0,1005176982.0,0.03714317743897562
2019-08-20,164.86,166.37,162.45,162.85,25528851.0,417006287.0,1005176982.0,0.02539736927640868
2019-08-21,164.26,166.47,162.35,163.15,22213631.0,362085607.0,1005176982.0,0.022099223716605162
2019-08-22,163.76,167.78,162.55,164.56,31948409.0,525684134.0,1005176982.0,0.03178386450556425
2019-08-23,166.98,171.9,166.77,168.69,52108804.0,878464961.0,1005176982.0,0.051840427042329544
2019-08-26,166.27,179.95,166.27,178.04,72863917.0,1270911126.0,1005176982.0,0.07248864459174414
2019-08-27,180.05,184.58,177.74,181.86,61242273.0,1104873531.0,1005176982.0,0.06092685576439115
2019-08-28,180.96,183.87,176.73,178.74,46861254.0,837452446.0,1005176982.0,0.046619903598230227
2019-08-29,177.03,182.87,175.32,179.15,49987920.0,888884362.0,1005176982.0,0.04973046627126207
2019-08-30,180.55,182.26,172.0,175.22,45752882.0,808767362.0,1005176982.0,0.04551724006748097
2019-09-02,175.22,192.73,175.12,192.73,74100284.0,1377434840.0,1005176982.0,0.07371864390742684
2019-09-03,202.28,207.81,195.44,201.18,129146236.0,2576446205.0,1005176982.0,0.12848109170092398
2019-09-04,202.38,209.22,195.04,199.67,105036217.0,2101993338.0,1005176982.0,0.1044952469872614
2019-09-05,202.78,219.68,201.38,217.67,153556433.0,3226135720.0,1005176982.0,0.15276556840216224
2019-09-06,218.17,232.86,215.86,219.78,128658040.0,2851717589.0,1005176982.0,0.12799541006600568
2019-09-09,221.29,229.84,218.68,225.52,81068267.0,1809923019.0,1005176982.0,0.08065073957294418
2019-09-10,223.61,227.23,216.87,220.29,67429709.0,1482597424.0,1005176982.0,0.06708242449586853
2019-09-11,222.7,223.71,211.03,215.06,67206793.0,1442200465.0,1005176982.0,0.06686065658435461
2019-09-12,216.26,218.78,212.24,215.86,46978595.0,1008240362.0,1005176982.0,0.04673664025466114
2019-09-16,215.56,218.88,212.54,218.58,61687174.0,1326457618.0,1005176982.0,0.061369465382365866
2019-09-17,215.26,215.26,200.37,202.78,85243003.0,1741524186.0,1005176982.0,0.08480397435125508
2019-09-18,204.29,206.51,200.97,203.39,43704175.0,885407492.0,1005176982.0,0.04347908456184684
2019-09-19,204.9,207.71,201.78,206.2,40373942.0,824890506.0,1005176982.0,0.04016600332378085
2019-09-20,206.2,214.35,204.9,209.02,56714705.0,1180323619.0,1005176982.0,0.05642260618339547
2019-09-23,208.22,211.84,202.99,208.72,46650243.0,963606463.0,1005176982.0,0.0464099793721699
2019-09-24,210.63,223.1,208.02,218.17,81013268.0,1743361590.0,1005176982.0,0.08059602383533292
2019-09-25,215.26,215.26,196.85,198.96,82432392.0,1673615372.0,1005176982.0,0.0820078388941859
2019-09-26,201.07,201.88,191.12,193.63,47168187.0,920033052.0,1005176982.0,0.046925255795401806
2019-09-27,193.63,198.56,193.63,196.15,26348505.0,513856093.0,1005176982.0,0.026212801796927736
2019-09-30,195.54,197.76,189.41,190.92,26448130.0,508040996.0,1005176982.0,0.026311913696408142
2019-10-08,193.13,198.76,192.83,195.24,34482353.0,674000333.0,1005176982.0,0.03430475788591029
2019-10-09,194.23,198.66,191.42,198.66,29005179.0,566911984.0,1005176982.0,0.028855793078636175
2019-10-10,198.96,202.99,196.25,202.38,34446630.0,684422698.0,1005176982.0,0.03426921887075206
2019-10-11,200.97,202.38,196.35,197.15,30393002.0,599553299.0,1005176982.0,0.030236468347620796
2019-10-14,203.49,216.06,203.39,206.71,58970090.0,1219556586.0,1005176982.0,0.05866637523142169
2019-10-15,204.29,207.71,200.97,202.78,31346289.0,632770287.0,1005176982.0,0.03118484561557539
2019-10-16,202.38,203.89,197.86,198.16,25206865.0,501046772.0,1005176982.0,0.025077041606987375
2019-10-17,198.86,199.57,193.73,195.94,19910033.0,389024326.0,1005176982.0,0.019807489980903682
2019-10-18,196.95,197.55,190.61,192.52,21114117.0,407004286.0,1005176982.0,0.021005372564331163
2019-10-21,191.82,192.42,185.18,191.42,17755734.0,334728299.0,1005176982.0,0.017664286307741972
2019-10-22,192.63,197.35,192.02,196.45,21167436.0,411595802.0,1005176982.0,0.02105841695447817
2019-10-23,196.35,198.76,193.83,194.94,17359648.0,339068599.0,1005176982.0,0.017270240276950552
2019-10-24,194.84,195.94,190.61,193.63,14124027.0,271386874.0,1005176982.0,0.014051283756913566
2019-10-25,194.34,199.57,191.12,199.26,23634504.0,461030475.0,1005176982.0,0.02351277876755041
2019-10-28,201.88,207.51,198.26,204.9,35925326.0,725298898.0,1005176982.0,0.03574029911480802
2019-10-29,203.19,203.29,195.14,195.24,31101632.0,615189812.0,1005176982.0,0.0309414486771445
2019-10-30,194.13,198.86,193.13,194.84,14863049.0,290030371.0,1005176982.0,0.014786499557945507
2019-10-31,196.25,202.58,194.34,200.77,30967397.0,615117935.0,1005176982.0,0.03080790503020094
2019-11-01,198.66,204.09,198.16,202.58,29842085.0,596599113.0,1005176982.0,0.02968838874585371
2019-11-04,204.29,213.45,202.99,209.32,49919527.0,1038172338.0,1005176982.0,0.04966242551702204
2019-11-05,209.12,212.64,207.01,210.73,32481611.0,677191806.0,1005176982.0,0.032314320345230504
2019-11-06,208.92,212.54,205.1,206.61,35352328.0,734940935.0,1005176982.0,0.035170252237232386
2019-11-07,206.61,208.02,203.19,207.01,21881665.0,447805734.0,1005176982.0,0.021768967447366398
2019-11-08,208.72,210.33,204.29,205.3,24374947.0,502954362.0,1005176982.0,0.024249408249979208
2019-11-11,203.19,204.29,196.75,197.65,23508788.0,468715039.0,1005176982.0,0.023387710245040213
2019-11-12,197.65,198.76,186.09,192.63,38858976.0,737809397.0,1005176982.0,0.038658839881791085
2019-11-13,192.22,193.83,189.61,191.82,19124640.0,364526807.0,1005176982.0,0.019026142005309072
2019-11-14,191.92,195.54,187.9,193.93,30261331.0,577126015.0,1005176982.0,0.0301054754952596
2019-11-15,192.83,195.14,189.71,190.11,22010301.0,419918385.0,1005176982.0,0.021896940930945432
2019-11-18,189.0,191.12,186.69,188.7,20418310.0,382983832.0,1005176982.0,0.02031314919226831
2019-11-19,181.06,189.91,176.83,188.1,46574558.0,856691997.0,1005176982.0,0.04633468417405523
2019-11-20,187.29,195.54,186.59,190.11,36563225.0,695439327.0,1005176982.0,0.036374912731537264
2019-11-21,189.0,192.12,186.59,188.3,15090462.0,283842543.0,1005176982.0,0.015012741308475366
2019-11-22,188.2,190.81,182.57,182.87,23856445.0,441500659.0,1005176982.0,0.023733576700625245
2019-11-25,183.27,184.18,178.14,179.45,16747847.0,299645977.0,1005176982.0,0.016661590247198876
2019-11-26,180.15,182.37,178.34,178.95,13303414.0,237901431.0,1005176982.0,0.013234897175550325
2019-11-27,178.84,185.48,178.04,183.07,20630394.0,374520937.0,1005176982.0,0.020524140892036462
2019-11-28,183.37,184.78,180.66,181.46,13340498.0,241740952.0,1005176982.0,0.013271790181124541
2019-11-29,181.86,182.87,179.65,182.57,12459575.0,225029328.0,1005176982.0,0.012395404215493665
2019-12-02,183.07,187.6,181.86,187.09,19035655.0,351562692.0,1005176982.0,0.01893761530643566
2019-12-03,187.6,191.52,184.08,188.4,25937666.0,484518800.0,1005176982.0,0.025804078748790926
2019-12-04,186.09,187.6,184.28,185.48,16782031.0,309676598.0,1005176982.0,0.01669559818869788
2019-12-05,186.19,190.41,184.98,189.31,26170352.0,489645008.0,1005176982.0,0.02603556634168927
2019-12-06,188.6,197.65,188.1,197.55,49044852.0,950162917.0,1005176982.0,0.04879225537219872
2019-12-09,197.35,199.36,195.04,196.05,26205980.0,512968288.0,1005176982.0,0.02607101084612779
2019-12-10,195.94,198.16,193.53,197.35,27088866.0,528180815.0,1005176982.0,0.026949349701682685
2019-12-11,196.65,197.76,190.41,190.71,32184869.0,617688331.0,1005176982.0,0.0320191066611591
2019-12-12,191.42,201.88,191.42,199.97,51412746.0,1006104475.0,1005176982.0,0.051147953962996734
2019-12-13,201.38,202.99,198.16,201.07,42114669.0,839734864.0,1005176982.0,0.041897765024627276
2019-12-16,201.07,206.81,199.67,205.2,41101033.0,834863219.0,1005176982.0,0.04088934957326749
2019-12-17,206.2,214.25,205.0,210.13,58739256.0,1228766364.0,1005176982.0,0.058436730100132755
2019-12-18,209.62,214.05,207.61,209.32,43613763.0,913565279.0,1005176982.0,0.04338913821247849
2019-12-19,210.13,214.05,207.41,213.55,44136240.0,928428323.0,1005176982.0,0.04390892428931485
2019-12-20,214.25,214.65,203.19,204.19,54619684.0,1123865712.0,1005176982.0,0.054338375209630495
2019-12-23,205.6,207.01,198.06,198.26,33726004.0,677980851.0,1005176982.0,0.03355230432445378
2019-12-24,198.66,201.98,198.36,201.98,21057381.0,419788459.0,1005176982.0,0.02094892877282381
2019-12-25,201.07,206.31,200.17,205.6,31259778.0,633715555.0,1005176982.0,0.031098780174813035
2019-12-26,205.6,206.71,202.68,204.9,21278957.0,432456670.0,1005176982.0,0.021169363585765037
2019-12-27,207.81,209.73,200.37,200.67,33301420.0,680357910.0,1005176982.0,0.033129907067450136
2019-12-30,197.05,204.7,196.25,203.09,25419976.0,507946265.0,1005176982.0,0.025289055017378024
2019-12-31,202.68,205.3,201.07,204.09,21865487.0,441004691.0,1005176982.0,0.02175287276922543
2020-01-02,205.5,211.03,204.7,209.73,36037956.0,747108515.0,1005176982.0,0.03585234903439124
2020-01-03,209.52,213.75,209.32,210.23,33442039.0,702342925.0,1005176982.0,0.03326980183475789
2020-01-06,211.23,222.5,211.23,220.69,60130285.0,1307863212.0,1005176982.0,0.05982059485719501
2020-01-07,221.39,223.41,218.28,223.2,39829775.0,876196704.0,1005176982.0,0.03962463895736124
2020-01-08,221.09,226.32,218.28,219.28,41567225.0,916102426.0,1005176982.0,0.04135314053580268
2020-01-09,224.31,231.85,222.1,231.25,46515700.0,1054101919.0,1005176982.0,0.04627612931152456
2020-01-10,231.35,233.16,226.12,228.33,30098880.0,685031784.0,1005176982.0,0.02994386116971389
2020-01-13,229.24,233.77,227.43,231.65,32231971.0,739946603.0,1005176982.0,0.032065966070838656
2020-01-14,231.35,231.35,223.51,226.83,37511676.0,848752226.0,1005176982.0,0.03731847890643401
2020-01-15,226.62,230.85,224.91,228.74,32988977.0,748618423.0,1005176982.0,0.03281907324853565
2020-01-16,228.74,236.28,226.72,236.08,46097334.0,1064596393.0,1005176982.0,0.045859918029838055
2020-01-17,235.38,235.58,222.6,223.51,57630160.0,1306555245.0,1005176982.0,0.05733334629821438
2020-01-20,221.59,232.66,220.09,229.24,40937190.0,929482246.0,1005176982.0,0.04072635041696568
2020-01-21,230.35,233.36,226.02,228.43,32491106.0,740873166.0,1005176982.0,0.03232376644295263
2020-01-22,227.33,242.72,224.01,242.22,63275863.0,1477294103.0,1005176982.0,0.06294997212739598
2020-01-23,221.59,235.17,217.97,222.5,91454173.0,2052730497.0,1005176982.0,0.09098315484506389
2020-02-03,200.27,200.27,200.27,200.27,6464900.0,128716159.0,1005176982.0,0.006431603703396384
2020-02-04,180.25,199.36,180.25,194.44,69608010.0,1321461797.0,1005176982.0,0.0692495065510762
2020-02-05,199.16,213.85,199.16,210.73,65450334.0,1350940526.0,1005176982.0,0.06511324390832499
2020-02-06,210.23,216.06,206.2,213.35,56252133.0,1190350425.0,1005176982.0,0.05596241657670589
2020-02-07,216.87,226.02,214.05,222.9,60105536.0,1320093045.0,1005176982.0,0.05979597332243726
2020-02-10,223.81,224.31,216.26,221.19,44562709.0,976649381.0,1005176982.0,0.04433319683796739
2020-02-11,221.29,223.1,212.74,216.36,48402652.0,1040872028.0,1005176982.0,0.04815336290699104
2020-02-12,214.55,230.95,213.75,225.52,58769462.0,1304132057.0,1005176982.0,0.05846678052960031
2020-02-13,224.21,232.06,222.4,224.71,55155115.0,1243933580.0,1005176982.0,0.05487104856923594
2020-02-14,223.51,234.87,223.2,231.85,60483286.0,1382090617.0,1005176982.0,0.06017177778947588
2020-02-17,235.27,238.19,229.14,237.09,68067376.0,1580938374.0,1005176982.0,0.06771680730747175
2020-02-18,237.09,242.32,235.27,238.19,60039227.0,1420696504.0,1005176982.0,0.05973000583493266
2020-02-19,236.98,242.42,232.36,233.87,63961710.0,1503258705.0,1005176982.0,0.06363228679663498
2020-02-20,239.7,242.92,232.36,242.72,78628522.0,1868699206.0,1005176982.0,0.07822356003770886
2020-02-21,245.23,256.1,243.02,248.65,95191708.0,2365700956.0,1005176982.0,0.09470144034794462
2020-02-24,248.95,259.52,248.95,259.42,102844578.0,2594618052.0,1005176982.0,0.1023148956270071
2020-02-25,251.57,261.13,238.59,255.69,109286151.0,2743181210.0,1005176982.0,0.10872329247189227
2020-02-26,246.44,251.37,231.35,233.06,86056564.0,2066971161.0,1005176982.0,0.08561334525266716
2020-02-27,233.97,237.39,226.52,232.96,47728290.0,1106106756.0,1005176982.0,0.04748247408633955
2020-02-28,221.19,227.63,211.33,212.54,71306732.0,1551047014.0,1005176982.0,0.07093947959106768
2020-03-02,218.38,229.94,214.25,226.72,63518327.0,1401963983.0,1005176982.0,0.06319118736047619
2020-03-03,234.37,240.0,227.83,230.45,68294726.0,1587988632.0,1005176982.0,0.0679429863824717
2020-03-04,227.43,234.57,225.92,229.44,44794310.0,1023038244.0,1005176982.0,0.04456360501896173
2020-03-05,238.19,244.93,234.87,244.23,82149342.0,1964675383.0,1005176982.0,0.08172624669194822
2020-03-06,239.2,240.81,236.48,239.1,44527698.0,1056649981.0,1005176982.0,0.04429836615578211
2020-03-09,236.38,239.2,228.84,230.95,51504540.0,1196277664.0,1005176982.0,0.05123927519462438
2020-03-10,228.33,254.08,222.3,249.66,91059983.0,2182716515.0,1005176982.0,0.09059099504926785
2020-03-11,252.37,259.82,244.43,244.93,86174063.0,2161285645.0,1005176982.0,0.08573023909534769
2020-03-12,238.19,244.83,231.45,237.39,60052448.0,1417578700.0,1005176982.0,0.05974315874256659
2020-03-13,226.32,249.26,224.41,248.95,79152691.0,1878582460.0,1005176982.0,0.07874502940020567
2020-03-16,249.26,250.97,229.34,230.85,68167018.0,1624232300.0,1005176982.0,0.06781593611939674
2020-03-17,236.18,238.39,220.09,231.35,51231260.0,1172159640.0,1005176982.0,0.05096740267377114
2020-03-18,232.16,237.89,222.9,222.9,52578496.0,1210746019.0,1005176982.0,0.052307699978748616
2020-03-19,223.51,233.06,215.96,228.84,50463400.0,1121272702.0,1005176982.0,0.0502034973976354
2020-03-20,233.87,234.77,226.32,230.65,33318486.0,762408466.0,1005176982.0,0.03314688517210793
2020-03-23,220.69,230.55,219.08,220.99,37273344.0,832457459.0,1005176982.0,0.03708137439223613
2020-03-24,226.83,233.87,216.36,229.44,53626239.0,1203631491.0,1005176982.0,0.05335004676818196
2020-03-25,235.48,237.09,230.14,231.15,43417430.0,1007556044.0,1005176982.0,0.04319381639003747
2020-03-26,229.14,230.35,222.5,222.9,31735554.0,712806054.0,1005176982.0,0.03157210577669197
2020-03-27,226.12,228.23,219.18,219.58,26785621.0,594212443.0,1005176982.0,0.02664766651013503
2020-03-30,215.06,215.06,200.27,202.99,42412125.0,868503752.0,1005176982.0,0.042193689031370996
2020-03-31,206.2,207.01,198.06,198.56,29502623.0,592016904.0,1005176982.0,0.029350675083405362
2020-04-01,197.55,202.28,194.34,195.14,32017371.0,630987887.0,1005176982.0,0.03185247132927284
2020-04-02,194.64,202.89,194.34,202.28,29572436.0,584321160.0,1005176982.0,0.029420128524192568
2020-04-03,201.88,202.78,196.55,197.76,22611329.0,447608171.0,1005176982.0,0.02249487344508253
2020-04-07,203.39,210.93,202.58,210.13,43126606.0,884848267.0,1005176982.0,0.042904490226378864
2020-04-08,209.22,215.76,207.51,213.55,33315480.0,704951259.0,1005176982.0,0.03314389465396652
2020-04-09,215.06,215.86,210.63,211.23,20843849.0,440208703.0,1005176982.0,0.020736496530717415
2020-04-10,212.64,213.75,206.31,208.42,22598400.0,472416456.0,1005176982.0,0.02248201103355548
2020-04-13,204.29,208.32,201.98,206.2,13548469.0,277091994.0,1005176982.0,0.013478690064154294
2020-04-14,208.62,211.03,206.31,209.73,17783610.0,369382500.0,1005176982.0,0.017692018737452544
2020-04-15,207.21,212.64,206.31,208.42,20963668.0,437387209.0,1005176982.0,0.020855698424658117
2020-04-16,206.41,209.12,204.9,208.72,17862459.0,367807611.0,1005176982.0,0.017770461639958247
2020-04-17,210.93,214.86,209.42,210.53,25804163.0,544021550.0,1005176982.0,0.02567126333181394
2020-04-20,211.33,219.58,211.33,216.06,32352207.0,696275274.0,1005176982.0,0.03218558281709638
2020-04-21,213.75,217.87,211.84,217.77,24002076.0,513389359.0,1005176982.0,0.02387845765453471
2020-04-22,215.36,216.67,211.54,213.95,19517869.0,414674657.0,1005176982.0,0.019417345750561567
2020-04-23,214.65,215.16,206.71,206.81,24368747.0,505757703.0,1005176982.0,0.024243240181956335
2020-04-24,206.41,208.92,201.48,202.99,16165520.0,328506716.0,1005176982.0,0.016082262416948184
2020-04-27,203.69,205.8,197.76,201.68,13890827.0,279180182.0,1005176982.0,0.013819284811279135
2020-04-28,201.68,203.99,195.44,200.27,19617579.0,390438498.0,1005176982.0,0.019516542212264863
2020-04-29,199.97,202.08,198.06,202.08,12620219.0,251628268.0,1005176982.0,0.01255522084766561
2020-04-30,206.81,211.84,204.9,210.23,27177571.0,564345507.0,1005176982.0,0.027037597842645388
2020-05-06,208.62,218.48,207.91,217.77,35597498.0,759134023.0,1005176982.0,0.035414159533549684
2020-05-07,221.8,227.33,221.09,224.01,49409969.0,1102044385.0,1005176982.0,0.04915549190321591
2020-05-08,225.72,228.13,223.81,224.71,32475708.0,729752587.0,1005176982.0,0.032308447747562925
2020-05-11,226.42,229.34,223.51,225.92,27941077.0,630040486.0,1005176982.0,0.02779717154326958
2020-05-12,225.32,225.82,218.78,223.2,23079333.0,509597078.0,1005176982.0,0.02296046707523989
2020-05-13,223.2,228.33,222.5,223.51,21022094.0,469559130.0,1005176982.0,0.020913823512126544
2020-05-14,222.3,224.91,220.09,220.29,17531244.0,387153158.0,1005176982.0,0.017440952502829996
2020-05-15,221.7,224.21,219.38,221.29,18414200.0,406658157.0,1005176982.0,0.018319360997862563
2020-05-18,221.8,223.2,214.05,215.86,25863445.0,559858069.0,1005176982.0,0.025730240010609397
2020-05-19,217.97,220.79,214.45,218.98,21263945.0,460564075.0,1005176982.0,0.02115442890235224
2020-05-20,219.88,224.21,216.46,217.07,22965409.0,502201123.0,1005176982.0,0.02284712982016932
2020-05-21,218.17,218.78,206.1,207.41,26749911.0,561873698.0,1005176982.0,0.026612140428022655
2020-05-22,208.42,209.73,202.48,202.78,19126944.0,390279652.0,1005176982.0,0.019028434138974343
2020-05-25,203.19,203.69,195.54,196.85,22919535.0,452727869.0,1005176982.0,0.022801492085898163
2020-05-26,197.76,200.57,197.25,200.17,16941311.0,335494511.0,1005176982.0,0.016854057845904793
2020-05-27,200.67,200.87,194.94,195.14,18773875.0,366961643.0,1005176982.0,0.018677183556915153
2020-05-28,195.54,197.25,191.72,196.75,15676754.0,303524163.0,1005176982.0,0.015596013717711653
2020-05-29,195.94,198.16,194.54,195.44,14681981.0,286605818.0,1005176982.0,0.01460636411588661
2020-06-01,197.55,204.49,196.15,203.29,25137895.0,504315925.0,1005176982.0,0.025008426824481345
2020-06-02,203.99,209.62,201.98,208.52,25879032.0,530331394.0,1005176982.0,0.02574574673258883
2020-06-03,208.22,210.03,205.9,206.41,22979135.0,474238837.0,1005176982.0,0.02286078512689221
2020-06-04,207.71,210.73,205.4,209.02,21638543.0,448381248.0,1005176982.0,0.021527097603196012
2020-06-05,214.55,214.55,206.31,213.04,28676374.0,601615360.0,1005176982.0,0.028528681529239396
2020-06-08,213.04,224.31,213.04,220.69,41696078.0,916656444.0,1005176982.0,0.041481329901762516
2020-06-09,220.99,222.5,217.57,219.28,20886803.0,455321195.0,1005176982.0,0.020779229303919736
2020-06-10,220.19,223.91,218.78,221.49,26866546.0,591889462.0,1005176982.0,0.026728174720578708
2020-06-11,221.8,223.51,218.68,219.08,23761195.0,521999474.0,1005176982.0,0.023638817268499687
2020-06-12,214.25,223.2,213.15,218.88,27372883.0,597744235.0,1005176982.0,0.02723190392356199
2020-06-15,220.99,223.71,215.66,216.06,26186793.0,572109439.0,1005176982.0,0.02605192266529637
2020-06-16,219.88,229.74,219.78,226.22,44976055.0,1011630044.0,1005176982.0,0.044744413974254736
2020-06-17,226.62,227.43,220.79,224.51,26383106.0,585283802.0,1005176982.0,0.026247224590743762
2020-06-18,225.52,241.41,224.61,240.3,71311312.0,1672662793.0,1005176982.0,0.07094403600260715
2020-06-19,237.89,240.91,236.88,239.4,31859699.0,757261167.0,1005176982.0,0.031695611390353144
2020-06-22,239.4,243.82,237.49,241.31,30121878.0,720153221.0,1005176982.0,0.02996674072268002
2020-06-23,242.42,247.55,237.99,244.43,32581890.0,787834921.0,1005176982.0,0.03241408287640236
2020-06-24,244.43,247.45,242.52,246.14,27210413.0,662897582.0,1005176982.0,0.027070270695872343
2020-06-29,242.52,245.64,239.5,241.91,27461820.0,661121517.0,1005176982.0,0.02732038286965071
2020-06-30,244.43,248.35,238.19,245.74,39080709.0,948079142.0,1005075732.0,0.03888334754858055
2020-07-01,244.13,252.98,244.13,249.96,34797084.0,860172604.0,1005075732.0,0.03462135527912637
2020-07-02,249.36,250.97,245.94,247.45,32101367.0,790719623.0,1005075732.0,0.031939251916988876
2020-07-03,249.46,252.07,243.42,245.64,31540163.0,773161523.0,1005075732.0,0.0313808820527765
2020-07-06,246.54,257.1,240.4,241.41,86224909.0,2129214759.0,1005075732.0,0.08578946466891711
2020-07-07,240.91,246.74,234.47,242.11,112205639.0,2682349513.0,1005075732.0,0.11163898940900903
2020-07-08,241.41,266.36,237.39,266.36,114316434.0,2898545585.0,1005075732.0,0.11373912468518342
2020-07-09,266.56,277.12,262.13,273.3,120872704.0,3241674409.0,1005075732.0,0.12026228487228065
2020-07-10,270.17,270.17,257.67,260.39,90082843.0,2350105326.0,1005075732.0,0.08962791572008626
2020-07-13,262.71,266.95,254.55,266.64,74785486.0,1943561488.0,1005075732.0,0.07440781188814934
2020-07-14,264.63,265.03,255.05,259.59,54570513.0,1406645031.0,1005075732.0,0.054294926504105466
2020-07-15,258.58,260.19,246.28,248.09,43545510.0,1087929998.0,1005075732.0,0.04332560086128913
2020-07-16,248.3,251.62,226.82,230.75,45597937.0,1085789415.0,1005075732.0,0.04536766290164491
2020-07-17,231.46,233.48,225.31,229.44,29714018.0,678124023.0,1005075732.0,0.02956395926590734
2020-07-20,231.76,235.29,228.34,234.18,29062367.0,671581711.0,1005075732.0,0.028915599168003788
2020-07-21,233.68,238.72,232.57,237.61,25226144.0,590946459.0,1005075732.0,0.025098749474134156
2020-07-22,235.69,242.85,234.79,236.1,27602282.0,651779687.0,1005075732.0,0.027462887741876153
2020-07-23,234.18,237.61,227.02,236.3,27042434.0,624750215.0,1005075732.0,0.02690586702972946
2020-07-24,237.31,237.51,223.19,223.8,31816457.0,730104507.0,1005075732.0,0.0316557807407094
2020-07-27,224.81,229.54,224.2,226.02,17095467.0,384567378.0,1005075732.0,0.01700913319833296
2020-07-28,227.83,234.69,227.23,234.28,17388219.0,399674489.0,1005075732.0,0.017300406771735683
2020-07-29,232.77,237.41,231.86,237.11,24710036.0,576676131.0,1005075732.0,0.024585247870654983
2020-07-30,237.21,237.41,233.17,233.48,15037734.0,349861454.0,1005075732.0,0.01496179195380274
2020-07-31,233.58,240.73,232.87,235.69,21218485.0,498183038.0,1005075732.0,0.021111329549045366
2020-08-03,236.9,246.28,236.9,245.47,29217753.0,703174869.0,1005075732.0,0.029070200453312708
2020-08-04,246.88,246.88,241.24,243.15,22670370.0,548268307.0,1005075732.0,0.02255588238598522
2020-08-05,246.68,246.68,241.54,246.28,22470515.0,544524080.0,1005075732.0,0.022357036673530985
2020-08-06,245.98,246.28,239.42,241.14,27609124.0,664058881.0,1005075732.0,0.027469695189098448
2020-08-07,240.03,247.89,237.51,244.87,32486835.0,784378177.0,1005075732.0,0.03232277326540802
2020-08-10,245.98,248.4,240.94,245.98,24037581.0,584817079.0,1005075732.0,0.023916188835012085
2020-08-11,245.98,246.18,237.71,238.52,19991397.0,479720555.0,1005075732.0,0.019890438464989224
2020-08-12,240.03,240.84,229.54,236.7,20933062.0,486326181.0,1005075732.0,0.0208273479634667
2020-08-13,236.7,237.81,234.38,234.79,12854016.0,300609658.0,1005075732.0,0.012789101946001418
2020-08-14,234.69,238.32,232.87,236.5,15062154.0,352330008.0,1005075732.0,0.014986088630383924
2020-08-17,236.4,239.53,234.48,238.52,24793077.0,584673282.0,1005075732.0,0.02466786950537972
2020-08-18,239.22,239.93,230.65,234.28,31406362.0,728217766.0,1005075732.0,0.031247756761079572
2020-08-19,234.99,234.99,225.11,226.82,30007291.0,683174577.0,1005075732.0,0.029855751208208457
2020-08-20,225.11,228.13,223.29,224.0,14392588.0,321530082.0,1005075732.0,0.01431990400500487
2020-08-21,225.82,229.44,224.81,228.03,14063486.0,317277190.0,1005075732.0,0.013992464002702635
2020-08-24,228.03,234.48,226.42,232.17,18964162.0,435225748.0,1005075732.0,0.018868391103487512
2020-08-25,233.88,242.15,231.86,240.73,32895987.0,779455286.0,1005075732.0,0.03272985900728125
2020-08-26,242.95,245.78,235.9,238.62,27539853.0,657187876.0,1005075732.0,0.027400774014509785
2020-08-27,239.02,240.73,233.38,236.5,15356571.0,359942706.0,1005075732.0,0.01527901879537173
2020-08-28,236.0,240.23,233.48,240.23,17252796.0,407126081.0,1005075732.0,0.01716566767129942
2020-08-31,240.23,247.79,239.12,245.47,35483369.0,862240267.0,1005075732.0,0.035304174471899395
2020-09-01,244.46,246.48,242.95,245.37,15951591.0,387279435.0,1005075732.0,0.015871033885434614
2020-09-02,246.18,246.28,239.53,242.65,19603540.0,471426388.0,1005075732.0,0.01950454018125671
2020-09-03,241.84,242.65,237.91,239.32,13894243.0,331244216.0,1005075732.0,0.013824075696616263
2020-09-04,234.89,239.02,232.27,237.61,15671914.0,366436282.0,1005075732.0,0.015592769281986803
2020-09-07,238.72,243.46,233.88,233.98,18659208.0,443375093.0,1005075732.0,0.018564977151393405
2020-09-08,235.9,236.1,230.96,234.89,16235934.0,376917333.0,1005075732.0,0.016153940925120257
2020-09-09,233.68,233.68,226.62,227.13,15177876.0,345089335.0,1005075732.0,0.015101226222821585
2020-09-10,228.84,230.45,223.9,228.64,15182325.0,342855439.0,1005075732.0,0.015105652754930908
2020-09-11,225.82,231.06,225.61,229.34,11245494.0,255227254.0,1005075732.0,0.011188703141426561
2020-09-14,231.16,237.71,230.55,234.48,16032256.0,373160204.0,1005075732.0,0.015951291519194694
2020-09-15,240.73,244.77,235.29,236.6,22544535.0,536426820.0,1005075732.0,0.022430682865199256
2020-09-16,236.0,239.22,234.18,237.31,12833744.0,302046884.0,1005075732.0,0.012768932321609373
2020-09-17,236.9,240.73,234.38,238.52,14633280.0,345257776.0,1005075732.0,0.014559380486564171
2020-09-18,238.52,240.73,237.31,239.83,12954450.0,307394714.0,1005075732.0,0.012889028744353366
2020-09-21,240.03,242.95,239.42,240.84,14092660.0,337000405.0,1005075732.0,0.01402149067111293
2020-09-22,238.92,240.73,233.88,236.3,14320546.0,336119541.0,1005075732.0,0.014248225824240675
2020-09-23,236.8,237.0,233.27,236.2,8127821.0,189962193.0,1005075732.0,0.008086774698884084
2020-09-24,233.88,235.19,229.95,230.75,9866139.0,226827589.0,1005075732.0,0.009816314020802564
2020-09-25,232.17,232.57,229.34,231.96,6537514.0,149889527.0,1005075732.0,0.006504498906755018
2020-09-28,232.17,232.97,228.54,229.34,7028126.0,160691187.0,1005075732.0,0.006992633267559583
2020-09-29,229.95,233.78,229.95,231.96,9236048.0,212706804.0,1005075732.0,0.009189405042763483
2020-09-30,232.67,232.87,228.44,230.05,8955638.0,204696758.0,1005075732.0,0.008910411141038275
2020-10-09,232.87,238.01,232.37,236.6,14738639.0,345386203.0,1005075732.0,0.014664207413178294
2020-10-12,238.92,244.36,237.31,243.86,22904914.0,550134540.0,1005075732.0,0.022789241915553485
2020-10-13,244.06,245.57,242.15,244.06,17392687.0,420626855.0,1005075732.0,0.017304852207893125
2020-10-14,243.86,243.86,240.43,241.94,12140622.0,291598093.0,1005075732.0,0.012079310656363555
2020-10-15,243.36,260.19,242.25,254.85,47859517.0,1203186099.0,1005075732.0,0.04761782169863395
2020-10-16,256.06,257.07,240.63,243.96,39955872.0,975220469.0,1005075732.0,0.03975409088874509
2020-10-19,252.93,258.28,247.89,248.3,50425078.0,1260761720.0,1005075732.0,0.050170426361463474
2020-10-20,245.07,254.45,245.07,252.23,25472276.0,635467699.0,1005075732.0,0.025343638483154622
2020-10-21,253.34,253.44,243.26,246.08,23934046.0,584927205.0,1005075732.0,0.023813176697017296
2020-10-22,242.05,243.76,237.91,241.84,15814340.0,377602577.0,1005075732.0,0.015734476016579416
2020-10-23,241.44,243.66,238.52,239.83,12711006.0,303316460.0,1005075732.0,0.012646814160666651
2020-10-26,237.91,240.53,236.0,238.92,11995637.0,283712324.0,1005075732.0,0.011935057844974412
2020-10-27,237.0,240.23,236.9,240.23,8747412.0,207006088.0,1005075732.0,0.008703236702963196
2020-10-28,239.93,245.17,236.2,243.15,13553980.0,324589345.0,1005075732.0,0.013485531058469532
2020-10-29,240.33,245.78,239.63,244.67,11640801.0,281473303.0,1005075732.0,0.011582013801921148
2020-10-30,242.95,244.36,234.08,234.69,21101473.0,500372234.0,1005075732.0,0.020994908471235477
2020-11-02,234.69,238.92,231.96,237.11,12423948.0,290297009.0,1005075732.0,0.01236120583199993
2020-11-03,237.31,245.88,236.1,243.96,16997784.0,409188804.0,1005075732.0,0.016911943507158522
2020-11-04,244.57,248.6,242.35,246.68,18529771.0,452334147.0,1005075732.0,0.018436193821064224
2020-11-05,248.9,250.92,245.47,249.0,22513413.0,554722357.0,1005075732.0,0.02239971803438191
2020-11-06,249.2,252.93,246.78,248.7,23029149.0,569979648.0,1005075732.0,0.022912849516497927
2020-11-09,250.92,261.4,249.1,260.49,46988782.0,1196797782.0,1005075732.0,0.046751483996630816
2020-11-10,259.89,262.31,255.25,258.38,32606192.0,836297768.0,1005075732.0,0.03244152750073564
2020-11-11,257.37,264.12,255.25,256.46,29362092.0,755040955.0,1005075732.0,0.029213810527065835
2020-11-12,258.38,262.91,255.86,259.59,20517418.0,528826105.0,1005075732.0,0.020413803006836505
2020-11-13,259.18,265.53,258.28,264.63,26884213.0,701335085.0,1005075732.0,0.02674844506145135
2020-11-16,265.94,271.58,262.11,264.73,30422215.0,803694023.0,1005075732.0,0.030268579800909967
2020-11-17,264.63,270.68,263.32,267.95,23124913.0,612934793.0,1005075732.0,0.02300812989881244
2020-11-18,268.36,269.67,263.32,263.32,25472223.0,673351678.0,1005075732.0,0.02534358575080987
2020-11-19,263.22,269.06,261.4,266.64,22122483.0,584984688.0,1005075732.0,0.02201076226960378
2020-11-20,266.44,270.07,264.83,268.05,15859981.0,421914459.0,1005075732.0,0.015779886525008644
2020-11-23,266.74,272.59,263.32,271.58,21617453.0,576731052.0,1005075732.0,0.021508282721127328
2020-11-24,263.01,263.11,244.46,258.78,69484693.0,1738313040.0,1005075732.0,0.06913378841784631
2020-11-25,257.07,265.94,256.06,258.07,29917444.0,773959161.0,1005075732.0,0.02976635794445786
2020-11-26,256.16,257.67,249.91,251.52,20592084.0,516565321.0,1005075732.0,0.02048809193614079
2020-11-27,252.03,254.55,246.38,250.21,14347734.0,355864963.0,1005075732.0,0.014275276522147686
2020-11-30,250.92,254.55,248.5,248.6,17318857.0,431687605.0,1005075732.0,0.017231395056706036
2020-12-01,248.3,252.33,247.59,250.61,11966973.0,297222588.0,1005075732.0,0.0119065386010136
2020-12-02,252.03,252.73,248.7,249.4,14766655.0,366345776.0,1005075732.0,0.014692081929603291
2020-12-03,249.71,250.72,246.18,248.3,10701278.0,263626721.0,1005075732.0,0.010647235486131506
2020-12-04,247.59,250.61,246.58,249.81,10859230.0,268048556.0,1005075732.0,0.01080438981288626
2020-12-07,250.01,251.32,247.19,247.39,10119421.0,249535194.0,1005075732.0,0.010068316921614818
2020-12-08,247.49,248.9,246.38,246.68,10084102.0,247446135.0,1005075732.0,0.010033176286063188
2020-12-09,247.49,248.4,240.03,241.94,19202957.0,463688567.0,1005075732.0,0.019105980165084715
2020-12-10,240.84,243.96,237.71,240.73,13071897.0,311671833.0,1005075732.0,0.013005882625370165
2020-12-11,241.14,241.24,230.65,234.08,22189325.0,517445956.0,1005075732.0,0.022077266710883035
2020-12-14,234.79,236.2,232.27,234.28,9722905.0,225655041.0,1005075732.0,0.009673803366689984
2020-12-15,237.41,246.99,235.69,236.1,20345388.0,485384852.0,1005075732.0,0.020242641775376186
2020-12-16,235.69,236.1,231.66,232.07,9767703.0,225825946.0,1005075732.0,0.009718375132352713
2020-12-17,231.26,244.46,227.53,243.26,24487269.0,578043180.0,1005075732.0,0.024363605866070198
2020-12-18,243.26,245.47,234.89,235.39,15024302.0,355072973.0,1005075732.0,0.01494842778673319
2020-12-21,235.19,237.41,232.87,236.3,13966707.0,325730198.0,1005075732.0,0.013896173746238657
2020-12-22,236.2,242.25,231.26,236.2,20737119.0,485993537.0,1005075732.0,0.020632394495024978
2020-12-23,235.29,236.4,231.86,234.89,14308307.0,331972117.0,1005075732.0,0.014236048632402956
2020-12-24,236.1,242.95,233.38,237.91,21911478.0,517251680.0,1005075732.0,0.021800822865753963
2020-12-25,237.71,245.07,234.69,242.35,24181475.0,578684491.0,1005075732.0,0.024059356156059294
2020-12-28,241.94,242.05,234.69,237.61,19538764.0,461500977.0,1005075732.0,0.019440091306472815
2020-12-29,237.81,240.13,234.99,235.9,12267298.0,288881887.0,1005075732.0,0.012205346930016216
2020-12-30,234.99,237.91,233.88,235.8,10103279.0,236514146.0,1005075732.0,0.010052256440313694
2020-12-31,236.5,237.31,233.17,233.78,15721568.0,366023513.0,1005075732.0,0.01564217252436854
2021-01-04,234.59,244.67,232.47,242.75,31302305.0,744043986.0,1005075732.0,0.031144225259236484
2021-01-05,243.76,247.99,240.94,245.88,24470181.0,593367729.0,1005075732.0,0.024346604162162777
2021-01-06,247.49,247.49,238.52,238.82,17071134.0,409131953.0,1005075732.0,0.016984923082393157
2021-01-07,238.82,238.92,232.57,236.2,17825411.0,416476567.0,1005075732.0,0.017735390908831535
2021-01-08,236.1,245.47,236.1,242.35,22155080.0,531879012.0,1005075732.0,0.022043194651525027
2021-01-11,244.36,249.0,239.83,241.14,20013624.0,486264971.0,1005075732.0,0.019912553216437624
2021-01-12,239.63,242.95,238.92,241.54,12612839.0,300935211.0,1005075732.0,0.012549142913740156
2021-01-13,241.74,253.34,239.73,250.01,36407198.0,895467631.0,1005075732.0,0.03622333804394354
2021-01-14,249.61,254.24,247.19,247.79,30901041.0,769370574.0,1005075732.0,0.030744987682181944
2021-01-15,249.4,252.33,245.78,251.72,22932319.0,567238444.0,1005075732.0,0.022816508517589002
2021-01-18,250.92,256.16,249.2,255.15,23484470.0,590452038.0,1005075732.0,0.023365871100348087
2021-01-19,254.34,260.9,253.03,256.66,24228863.0,618261786.0,1005075732.0,0.02410650484196548
2021-01-20,256.97,257.87,250.61,253.84,18737317.0,471655536.0,1005075732.0,0.018642691693206658
2021-01-21,254.65,255.86,248.6,251.02,20311511.0,506180669.0,1005075732.0,0.020208935857581725
2021-01-22,250.21,251.32,242.35,245.88,21618800.0,527495882.0,1005075732.0,0.021509622918643907
2021-01-25,244.87,244.87,234.69,234.89,25416259.0,599708139.0,1005075732.0,0.025287904374553142
2021-01-26,236.4,237.71,234.08,235.9,12162557.0,284532780.0,1005075732.0,0.012101134882440879
2021-01-27,237.61,239.12,234.38,234.89,11363814.0,266174984.0,1005075732.0,0.011306425613706888
2021-01-28,232.87,233.68,223.8,225.41,22563259.0,509865689.0,1005075732.0,0.02244931230714463
2021-01-29,226.62,231.86,226.32,229.75,12104463.0,275813107.0,1005075732.0,0.012043334262895127
2021-02-01,229.65,233.17,228.03,230.65,6017033.0,137290979.0,1005075732.0,0.005986646387358997
2021-02-02,230.86,231.96,229.44,231.86,6909609.0,158146614.0,1005075732.0,0.006874714790148769
2021-02-03,233.38,233.38,216.44,218.96,16794205.0,376106599.0,1005075732.0,0.016709392601273156
2021-02-04,219.77,223.7,198.19,220.77,39884394.0,825353610.0,1005075732.0,0.03968297385972503
2021-02-05,217.85,218.56,207.47,211.9,16990478.0,357188460.0,1005075732.0,0.016904674403182187
2021-02-08,212.71,214.42,209.38,212.71,9112013.0,191998305.0,1005075732.0,0.009065996431799232
2021-02-09,214.12,216.24,211.4,214.32,8543348.0,181271746.0,1005075732.0,0.008500203246375865
2021-02-10,214.52,220.37,213.82,219.06,12173984.0,262619597.0,1005075732.0,0.012112504174959026
2021-02-18,222.39,225.61,220.07,225.11,13015254.0,288254007.0,1005075732.0,0.01294952567813069
2021-02-19,224.81,226.22,220.98,225.82,12348419.0,274409406.0,1005075732.0,0.012286058260931128
2021-02-22,225.82,227.53,224.2,225.71,13110273.0,293909476.0,1005075732.0,0.013044064822768996
2021-02-23,224.61,226.32,218.86,220.77,11262273.0,247445110.0,1005075732.0,0.01120539740581459
2021-02-24,221.68,223.6,218.15,220.67,9177913.0,201489904.0,1005075732.0,0.009131563630271794
2021-02-25,221.78,221.78,213.21,213.31,11063252.0,237477961.0,1005075732.0,0.011007381481577748
2021-02-26,209.28,216.14,207.97,214.22,7734901.0,164020741.0,1005075732.0,0.007695838983803063
2021-03-01,214.32,218.25,213.62,216.44,7938722.0,169621254.0,1005075732.0,0.007898630667564462
2021-03-02,216.34,216.64,212.21,214.22,8639314.0,183379991.0,1005075732.0,0.008595684608570372
2021-03-03,214.22,226.52,212.81,225.51,18846167.0,413394377.0,1005075732.0,0.018750991989924994
2021-03-04,223.29,226.02,220.98,221.98,11173093.0,246807127.0,1005075732.0,0.011116667773647927
2021-03-05,222.69,227.13,221.78,224.3,10417855.0,231728751.0,1005075732.0,0.010365243800354737
2021-03-08,226.02,227.13,222.89,223.6,11493734.0,256895789.0,1005075732.0,0.011435689504838229
2021-03-09,223.6,224.71,214.83,217.75,11627738.0,251875970.0,1005075732.0,0.011569016771365046
2021-03-10,217.75,219.26,213.52,213.72,6322165.0,135220863.0,1005075732.0,0.006290237440535476
2021-03-11,215.63,216.54,211.7,215.13,7178532.0,152570574.0,1005075732.0,0.007142279702361772
2021-03-12,215.63,215.63,209.69,210.59,8112283.0,170106291.0,1005075732.0,0.008071315167323132
2021-03-15,211.1,211.2,202.43,206.76,9479611.0,193862729.0,1005075732.0,0.009431738025488412
2021-03-16,206.36,208.37,205.65,207.47,3824527.0,78610529.0,1005075732.0,0.003805212759828132
2021-03-17,206.96,208.88,205.75,208.48,3712216.0,76488527.0,1005075732.0,0.003693468941502609
2021-03-18,209.18,222.59,207.17,216.94,12830569.0,274467779.0,1005075732.0,0.01276577335567386
2021-03-19,214.73,216.34,211.9,214.02,6695776.0,142057492.0,1005075732.0,0.006661961667979065
2021-03-22,214.02,217.04,213.72,214.73,5227434.0,111484340.0,1005075732.0,0.0052010349405192885
2021-03-23,214.83,215.13,213.01,214.22,3646226.0,77379157.0,1005075732.0,0.003627812197538961
2021-03-24,214.22,219.46,214.02,215.94,8169526.0,175434133.0,1005075732.0,0.008128269084503176
2021-03-25,214.02,217.45,213.72,216.74,4938819.0,105676713.0,1005075732.0,0.00491387747485679
2021-03-26,216.84,218.46,216.74,217.85,5158904.0,111371377.0,1005075732.0,0.005132851023807229
2021-03-29,217.75,218.36,214.32,215.23,5603972.0,119760899.0,1005075732.0,0.005575671386322956
2021-03-30,215.53,216.24,213.31,215.33,4918566.0,104989654.0,1005075732.0,0.004893726754512863
2021-03-31,215.33,216.34,209.38,209.48,8498888.0,178566511.0,1005075732.0,0.008455967773779658
2021-04-01,209.69,213.31,208.68,210.29,5802255.0,121257953.0,1005075732.0,0.005772953037532897
2021-04-02,210.59,217.45,210.29,215.73,10268688.0,218127562.0,1005075732.0,0.010216830108479825
2021-04-06,217.55,218.46,212.71,213.82,7814239.0,166463653.0,1005075732.0,0.007774776319044583
2021-04-07,213.92,215.73,212.71,215.03,5176551.0,109980205.0,1005075732.0,0.005150408904709282
2021-04-08,214.32,215.63,212.21,212.81,6248830.0,132394231.0,1005075732.0,0.006217272789549355
2021-04-09,215.13,215.13,204.64,209.18,15896235.0,327235138.0,1005075732.0,0.01581595743871766
2021-04-12,208.88,214.63,207.47,209.18,9924279.0,207837961.0,1005075732.0,0.009874160408043758
2021-04-13,210.49,211.6,208.98,209.99,5857519.0,122108050.0,1005075732.0,0.005827937948858962
2021-04-14,209.58,210.79,207.27,208.07,5309272.0,109966073.0,1005075732.0,0.005282459650513181
2021-04-15,208.17,209.69,206.16,207.87,4420631.0,90880831.0,1005075732.0,0.004398306375583646
2021-04-16,207.87,210.19,207.87,210.09,4840335.0,100500451.0,1005075732.0,0.004815890828811694
2021-04-19,210.49,213.42,209.79,212.91,10996111.0,231181833.0,1005075732.0,0.010940579550278108
2021-04-20,212.71,214.22,210.69,210.69,8796969.0,184796007.0,1005075732.0,0.008752543435204542
2021-04-21,210.79,217.55,210.19,212.41,11370929.0,241019665.0,1005075732.0,0.011313504682252142
2021-04-22,214.02,214.02,211.1,211.7,8416769.0,177310052.0,1005075732.0,0.008374263482863598
2021-04-23,212.51,212.51,207.77,209.18,8377524.0,173721967.0,1005075732.0,0.00833521667400084
2021-04-26,210.69,211.4,207.87,208.27,7596999.0,157848987.0,1005075732.0,0.007558633402562346
2021-04-27,207.47,208.98,203.13,203.44,9936203.0,201722832.0,1005075732.0,0.009886024190662679
2021-04-28,205.65,206.06,202.23,205.25,8608334.0,174387224.0,1005075732.0,0.008564861060638961
2021-04-29,204.64,207.27,204.04,206.16,6496482.0,132747717.0,1005075732.0,0.006463674122419265
2021-04-30,206.96,206.96,203.33,203.44,7844554.0,159159618.0,1005075732.0,0.007804938225291863
2021-05-06,203.64,205.05,200.61,201.12,9626820.0,193348418.0,1005075732.0,0.009578203605457265
2021-05-07,202.02,202.63,199.1,199.6,9643934.0,192220132.0,1005075732.0,0.009595231178062113
2021-05-10,199.91,205.65,197.79,201.12,12674407.0,254219387.0,1005075732.0,0.012610399989241806
2021-05-11,200.61,202.33,200.01,201.32,7333539.0,146201672.0,1005075732.0,0.007296503901658228
2021-05-12,204.24,204.24,201.72,203.84,7305558.0,146881398.0,1005075732.0,0.007268664208479765
2021-05-13,202.53,203.84,200.91,201.42,5422831.0,108815168.0,1005075732.0,0.005395445166315089
2021-05-14,202.12,204.14,200.71,203.64,6074735.0,122213647.0,1005075732.0,0.006044056986543577
2021-05-17,203.64,204.64,201.12,202.33,7287020.0,146623501.0,1005075732.0,0.0072502198272159655
2021-05-18,202.43,203.23,201.32,202.43,3717145.0,74661275.0,1005075732.0,0.0036983730495643886
2021-05-19,202.43,207.27,200.61,206.56,13295609.0,270037019.0,1005075732.0,0.013228464857611347
2021-05-20,206.16,208.27,204.44,204.64,5947513.0,121387822.0,1005075732.0,0.005917477470244998
2021-05-21,204.95,206.36,201.92,202.33,5000147.0,100800593.0,1005075732.0,0.004974895762382212
2021-05-24,201.72,205.35,201.62,204.04,5349376.0,107798360.0,1005075732.0,0.005322361121340854
2021-05-25,204.85,206.86,203.13,206.36,9126436.0,186221830.0,1005075732.0,0.009080346594220624
2021-05-26,206.26,208.58,205.55,206.46,7558793.0,155135822.0,1005075732.0,0.0075206203466466745
2021-05-27,206.96,210.9,206.66,209.48,10725872.0,222498834.0,1005075732.0,0.010671705283995456
2021-05-28,209.18,210.29,207.37,209.89,9074072.0,187728978.0,1005075732.0,0.009028247037607311
2021-05-31,209.79,214.32,209.18,212.91,14283234.0,300879432.0,1005075732.0,0.014211102253536454
2021-06-01,213.52,213.52,210.19,211.2,10618026.0,222835366.0,1005075732.0,0.01056440391697767
2021-06-02,211.8,212.51,209.18,210.39,8085979.0,169138514.0,1005075732.0,0.008045144005128561
2021-06-03,210.69,213.21,209.58,210.9,9476598.0,198930401.0,1005075732.0,0.009428740241436851
2021-06-04,210.69,212.91,209.79,212.1,6326307.0,132775697.0,1005075732.0,0.006294358523025208
2021-06-07,212.81,215.03,211.7,212.41,8904494.0,188157177.0,1005075732.0,0.008859525423304121
2021-06-08,212.71,214.32,211.3,212.0,7525866.0,158377117.0,1005075732.0,0.007487859631258115
2021-06-09,211.8,213.01,209.08,209.99,9202189.0,192144305.0,1005075732.0,0.00915571703406724
2021-06-10,210.29,212.51,209.58,211.8,10116850.0,211954236.0,1005075732.0,0.010065758905419477
2021-06-11,211.9,213.72,211.0,212.51,10232525.0,215470097.0,1005075732.0,0.010180849735211795
2021-06-15,213.72,220.17,213.01,217.75,20948398.0,452781336.0,1005075732.0,0.020842606515147657
2021-06-16,217.65,217.65,210.9,211.5,12352612.0,261959065.0,1005075732.0,0.012290230085865808
2021-06-17,213.42,217.35,209.48,215.53,12068518.0,255197237.0,1005075732.0,0.012007570788705502
2021-06-18,215.73,219.46,214.02,218.05,11979818.0,258056543.0,1005075732.0,0.011919318732491295
2021-06-21,218.56,228.13,217.65,227.83,27117394.0,600656375.0,1005075732.0,0.02698044847430462
2021-06-22,231.56,244.87,230.35,240.94,49953315.0,1179617852.0,1005075732.0,0.0497010458113419
2021-06-23,239.93,243.96,236.1,243.05,30380800.0,724629334.0,1005075732.0,0.03022737395076215
2021-06-24,246.88,246.88,238.21,240.13,19705212.0,470758064.0,1005075732.0,0.01960569872758603
2021-06-25,238.72,239.93,233.58,237.91,15201831.0,356380408.0,1005075732.0,0.015125060247698828
2021-06-28,240.94,241.64,236.8,237.71,14812450.0,351570390.0,1005075732.0,0.014737645660317267
2021-06-29,237.91,239.22,233.68,234.59,11775791.0,275411734.0,1005075732.0,0.011716322089050301
2021-06-30,235.29,238.93,233.47,237.72,9932949.0,232881430.0,1004985657.0000001,0.009883672399515648
2021-07-01,240.45,240.45,230.24,230.24,14187254.0,328504153.0,1004985657.0000001,0.014116872117708242
2021-07-02,230.44,232.97,228.42,229.94,9339552.0,213096013.0,1004985657.0000001,0.009293219196659638
2021-07-05,230.04,232.97,228.22,231.35,8774723.0,200515058.0,1004985657.0000001,0.008731192270140029
2021-07-06,230.54,233.47,226.8,229.53,9198615.0,209229012.0,1004985657.0000001,0.00915298137434015
2021-07-07,229.33,236.1,227.41,234.69,12430541.0,286978964.0,1004985657.0000001,0.012368874036577418
2021-07-08,234.69,241.05,232.46,240.55,22105685.0,521796798.0,1004985657.0000001,0.02199602038698548
2021-07-09,238.93,241.05,236.0,240.55,12568109.0,296983257.0,1004985657.0000001,0.012505759572248303
2021-07-12,241.05,258.64,237.52,250.86,38730604.0,960599811.0,1004985657.0000001,0.038538464435020285
2021-07-13,251.77,253.59,242.57,244.09,24608943.0,599094162.0,1004985657.0000001,0.024486859915454493
2021-07-14,243.88,247.12,238.53,240.25,17057651.0,407944298.0,1004985657.0000001,0.01697302929767086
2021-07-15,237.72,241.36,235.19,237.72,12868564.0,302596531.0,1004985657.0000001,0.01280472403796704
2021-07-16,237.72,244.79,236.61,242.06,15706965.0,373975194.0,1004985657.0000001,0.015629043947639143
2021-07-19,239.54,246.01,239.54,242.67,13431373.0,323354316.0,1004985657.0000001,0.013364740985552194
2021-07-20,240.85,244.29,238.73,242.57,9125818.0,218092298.0,1004985657.0000001,0.009080545514690862
2021-07-21,242.57,243.08,238.83,242.06,12670792.0,302515311.0,1004985657.0000001,0.012607933169736768
2021-07-22,247.32,266.32,242.57,263.69,57719301.0,1471078984.0,1004985657.0000001,0.05743295996113902
2021-07-23,270.97,285.53,270.06,276.02,65161096.0,1785703062.0,1004985657.0000001,0.06483783678516716
2021-07-26,276.02,283.5,267.84,275.92,40128014.0,1098322581.0,1004985657.0000001,0.03992894199086067
2021-07-27,275.92,288.66,273.19,275.92,38115999.0,1059232391.0,1004985657.0000001,0.03792690844343065
2021-07-28,272.89,273.19,252.78,266.02,36289959.0,952269070.0,1004985657.0000001,0.036109927288245865
2021-07-29,273.4,275.92,269.66,274.1,26356622.0,710865322.0,1004985657.0000001,0.02622586881356855
2021-07-30,274.61,284.31,272.99,283.5,41297042.0,1141852441.0,1004985657.0000001,0.04109217053234024
2021-08-02,293.71,303.01,285.02,297.96,63588884.0,1852545941.0,1004985657.0000001,0.06327342440868287
2021-08-03,293.21,301.9,290.38,297.35,39167178.0,1148930524.0,1004985657.0000001,0.03897287262478811
2021-08-04,300.58,307.96,298.16,300.79,33100207.0,991558323.0,1004985657.0000001,0.03293599940401935
2021-08-05,299.88,302.91,291.08,296.24,34971359.0,1020833363.0,1004985657.0000001,0.03479786876202154
2021-08-06,295.83,296.64,290.48,295.83,17402504.0,504987465.0,1004985657.0000001,0.01731617150830641
2021-08-09,293.51,299.68,289.87,295.43,19673521.0,571914207.0,1004985657.0000001,0.01957592216661854
2021-08-10,297.05,304.22,292.2,299.37,27676069.0,820161693.0,1004985657.0000001,0.02753877013789063
2021-08-11,295.33,306.04,293.91,305.13,27283615.0,816642580.0,1004985657.0000001,0.027148263072176358
2021-08-12,305.13,316.15,297.65,314.53,42246405.0,1286035445.0,1004985657.0000001,0.04203682381508853
2021-08-13,309.48,315.64,307.05,308.17,24982086.0,769092217.0,1004985657.0000001,0.024858151781563184
2021-08-16,312.11,312.11,285.63,288.36,41369540.0,1199434979.0,1004985657.0000001,0.041164308875305665
2021-08-17,290.07,291.59,272.69,276.53,29624208.0,822451312.0,1004985657.0000001,0.02947724456927249
2021-08-18,276.43,278.96,272.49,276.43,15871178.0,433714230.0,1004985657.0000001,0.01579244229950239
2021-08-19,276.43,283.1,275.01,280.47,16186035.0,447778456.0,1004985657.0000001,0.016105737318000347
2021-08-20,279.87,285.73,275.72,278.35,13709480.0,379388822.0,1004985657.0000001,0.013641468317990133
2021-08-23,281.99,284.31,278.75,280.88,16993742.0,472902751.0,1004985657.0000001,0.016909437345333175
2021-08-24,284.21,284.82,279.06,280.07,14777042.0,412546171.0,1004985657.0000001,0.014703734224537295
2021-08-25,279.26,281.28,265.82,278.05,22177750.0,599215992.0,1004985657.0000001,0.0220677278780308
2021-08-26,279.56,279.56,271.27,272.89,14232344.0,385684176.0,1004985657.0000001,0.014161738429665964
2021-08-27,270.67,274.91,268.04,270.87,11808127.0,316616922.0,1004985657.0000001,0.011749547784839678
2021-08-30,272.49,275.01,269.56,271.17,16085220.0,433602602.0,1004985657.0000001,0.016005422453506717
2021-08-31,271.17,272.99,263.69,272.28,16895526.0,449730668.0,1004985657.0000001,0.01681170858739927
2021-09-01,272.08,275.22,264.81,270.06,17666770.0,473060380.0,1004985657.0000001,0.01757912650488702
2021-09-02,267.03,271.17,266.22,268.04,12420354.0,330733318.0,1004985657.0000001,0.012358737573505488
2021-09-03,267.84,274.51,264.6,265.41,16298965.0,432760958.0,1004985657.0000001,0.016218107080905333
2021-09-06,263.9,267.84,262.78,266.62,10551487.0,277651108.0,1004985657.0000001,0.010499141879793016
2021-09-07,270.87,274.71,267.94,272.08,14466157.0,388818289.0,1004985657.0000001,0.014394391501251045
2021-09-08,272.89,284.11,271.48,281.08,23871071.0,656719761.0,1004985657.0000001,0.02375264844202647
2021-09-09,281.08,282.19,272.89,276.02,13261245.0,363251721.0,1004985657.0000001,0.01319545697755167
2021-09-10,275.82,279.26,273.8,276.53,9064079.0,248253042.0,1004985657.0000001,0.009019112797149103
2021-09-13,277.24,278.25,269.05,272.28,10161792.0,273811698.0,1004985657.0000001,0.010111380126890706
2021-09-14,270.47,283.81,270.06,277.74,15387931.0,424124006.0,1004985657.0000001,0.015311592650918797
2021-09-15,276.73,278.45,274.0,275.62,8971465.0,244389214.0,1004985657.0000001,0.008926958248121545
2021-09-16,275.82,275.82,262.89,262.89,14375417.0,381206344.0,1004985657.0000001,0.014304101655452778
2021-09-17,262.78,264.81,250.66,259.75,15416736.0,389926535.0,1004985657.0000001,0.015340254751516317
2021-09-22,254.8,262.28,253.69,259.95,6898585.0,176051879.0,1004985657.0000001,0.006864361647302594
2021-09-23,259.15,285.93,259.15,285.93,36829669.0,1020315967.0,1004985657.0000001,0.03664695982820379
2021-09-24,290.07,291.08,281.28,283.81,26871803.0,758952616.0,1004985657.0000001,0.026738494040019913
2021-09-27,296.24,301.19,280.37,285.83,30578023.0,871090522.0,1004985657.0000001,0.0304263277659892
2021-09-28,284.11,304.73,281.28,299.68,36302050.0,1066979865.0,1004985657.0000001,0.036121958305719376
2021-09-29,296.04,302.0,285.12,288.05,22406784.0,645649057.0,1004985657.0000001,0.02229562565786946
2021-09-30,291.29,295.73,286.23,295.23,18742459.0,541783849.0,1004985657.0000001,0.0186494790940086
2021-10-08,296.14,302.0,290.17,293.31,17918014.0,523407983.0,1004985657.0000001,0.017829124102613933
2021-10-11,293.31,296.95,286.84,291.49,14240356.0,410992674.0,1004985657.0000001,0.014169710682746589
2021-10-12,288.15,294.72,285.02,288.05,14370156.0,411675671.0,1004985657.0000001,0.014298866754871506
2021-10-13,286.43,295.33,281.38,291.69,20630778.0,590688094.0,1004985657.0000001,0.020528430287836436
2021-10-14,291.08,307.05,288.56,306.24,34350210.0,1020305556.0,1004985657.0000001,0.03417980123471553
2021-10-15,304.43,309.07,300.18,302.71,21967482.0,659367589.0,1004985657.0000001,0.021858503001501044
2021-10-18,300.69,307.26,300.69,302.51,19689263.0,592258861.0,1004985657.0000001,0.019591586071760224
2021-10-19,302.2,310.19,302.2,308.27,23510776.0,714307960.0,1004985657.0000001,0.023394140837972175
2021-10-20,305.44,311.1,303.72,305.23,18657969.0,566545646.0,1004985657.0000001,0.018565408242438228
2021-10-21,305.44,306.45,297.96,299.88,18735370.0,558043241.0,1004985657.0000001,0.018642425261995554
2021-10-22,301.8,315.44,300.58,307.86,28196882.0,864230400.0,1004985657.0000001,0.028056999424420637
2021-10-25,306.24,310.89,304.73,308.27,15044851.0,458520058.0,1004985657.0000001,0.014970214644565816
2021-10-26,308.47,314.73,305.23,306.35,19005824.0,580898789.0,1004985657.0000001,0.01891153756038132
2021-10-27,305.44,310.59,301.7,303.01,16969482.0,512724364.0,1004985657.0000001,0.01688529769733818
2021-10-28,301.19,310.59,299.37,301.09,18331722.0,551859146.0,1004985657.0000001,0.018240779728859353
2021-10-29,303.11,303.11,287.75,291.08,35752950.0,1030376950.0,1004985657.0000001,0.03557558234883346
2021-11-01,289.57,312.71,289.57,311.8,39084899.0,1179752010.0,1004985657.0000001,0.0388910018046158
2021-11-02,310.79,310.79,301.19,306.14,24040501.0,727059612.0,1004985657.0000001,0.023921237912751622
2021-11-03,305.74,305.74,298.97,304.02,14405124.0,431265402.0,1004985657.0000001,0.01433366128129727
2021-11-04,305.03,307.86,299.17,305.13,17397688.0,522304716.0,1004985657.0000001,0.017311379400114162
2021-11-05,305.74,309.88,297.25,297.96,16197687.0,485749279.0,1004985657.0000001,0.016117331513319295
2021-11-08,297.05,297.05,290.88,295.33,13355938.0,388439997.0,1004985657.0000001,0.013289680212819194
2021-11-09,296.95,301.09,292.9,297.55,12378347.0,364056864.0,1004985657.0000001,0.0123169389670205
2021-11-10,296.14,305.44,294.42,296.95,17558005.0,520394267.0,1004985657.0000001,0.017470901079735507
2021-11-11,295.13,304.73,294.02,300.08,15150943.0,450468359.0,1004985657.0000001,0.015075780330265945
2021-11-12,298.77,324.44,297.15,321.51,37695204.0,1168646808.0,1004985657.0000001,0.03750820097525033
2021-11-15,324.94,326.36,305.54,307.26,34045170.0,1054868761.0,1004985657.0000001,0.0338762745148312
2021-11-16,305.74,306.04,289.87,290.98,31170950.0,917794638.0,1004985657.0000001,0.03101631330047927
2021-11-17,290.88,295.83,288.25,292.9,16247843.0,470152727.0,1004985657.0000001,0.016167238693238384
2021-11-18,292.9,294.82,283.81,286.74,17827451.0,507040000.0,1004985657.0000001,0.017739010378732198
2021-11-19,288.05,291.19,284.62,288.96,14007430.0,399606166.0,1004985657.0000001,0.013937940210822331
2021-11-22,289.06,296.64,288.86,295.83,17138318.0,498550987.0,1004985657.0000001,0.017053296114851915
2021-11-23,293.91,299.07,293.21,296.24,11832843.0,347510910.0,1004985657.0000001,0.011774141170653542
2021-11-24,296.44,313.52,294.52,306.14,34215370.0,1039524125.0,1004985657.0000001,0.034045630165645234
2021-11-25,306.24,308.87,303.21,307.15,17025072.0,516216948.0,1004985657.0000001,0.016940611919598766
2021-11-26,304.22,307.76,299.68,301.29,13224225.0,395430107.0,1004985657.0000001,0.013158620630941004
2021-11-29,296.24,297.65,291.69,294.72,19007475.0,553312560.0,1004985657.0000001,0.01891318036989656
2021-11-30,296.85,308.77,295.43,303.21,25222202.0,758194831.0,1004985657.0000001,0.025097076584447212
2021-12-01,303.21,306.75,299.57,302.0,14446273.0,431213894.0,1004985657.0000001,0.014374606144254651
2021-12-02,301.8,304.73,296.14,298.16,13784267.0,408717448.0,1004985657.0000001,0.013715884305401584
2021-12-03,299.17,304.12,295.63,300.69,13413678.0,398913623.0,1004985657.0000001,0.013347133769094178
2021-12-06,301.7,304.12,294.02,294.12,16788561.0,494747284.0,1004985657.0000001,0.016705274232585388
2021-12-07,294.22,296.64,280.47,282.59,25543607.0,721758044.0,1004985657.0000001,0.025416887118817854
2021-12-08,282.29,290.38,282.29,290.28,13903227.0,394859763.0,1004985657.0000001,0.01383425415393764
2021-12-09,288.05,293.0,287.95,290.38,11753031.0,337909484.0,1004985657.0000001,0.011694725111882864
2021-12-10,290.07,290.58,284.21,288.15,10462903.0,297566198.0,1004985657.0000001,0.010410997338243603
2021-12-13,289.06,290.68,285.63,289.47,9667829.0,276030694.0,1004985657.0000001,0.009619867639563734
2021-12-14,288.05,289.16,284.01,285.83,10966541.0,309965730.0,1004985657.0000001,0.010912136828635356
2021-12-15,285.12,291.08,283.81,284.92,10717113.0,305116196.0,1004985657.0000001,0.010663946221871303
2021-12-16,284.92,287.14,281.58,285.73,8745169.0,246393247.0,1004985657.0000001,0.008701784885274236
2021-12-17,284.11,285.73,274.81,275.42,16211908.0,446023003.0,1004985657.0000001,0.01613148196402568
2021-12-20,274.1,276.73,268.14,270.87,12202348.0,327499667.0,1004985657.0000001,0.012141813084602061
2021-12-21,269.96,276.43,269.96,274.41,6956507.0,188380804.0,1004985657.0000001,0.006921996300689492
2021-12-22,275.52,278.75,273.7,277.24,7509754.0,205693302.0,1004985657.0000001,0.007472498684625505
2021-12-23,277.34,278.85,275.52,277.24,6383232.0,175068951.0,1004985657.0000001,0.006351565274130075
2021-12-24,276.33,278.35,270.57,274.21,9041132.0,244956296.0,1004985657.0000001,0.008996279635461502
2021-12-27,274.21,277.74,272.89,274.71,7098753.0,193160541.0,1004985657.0000001,0.007063536629160071
2021-12-28,273.4,277.24,273.3,276.43,7656985.0,208546610.0,1004985657.0000001,0.007618999282892253
2021-12-29,276.63,278.45,274.81,277.44,7294530.0,200186682.0,1004985657.0000001,0.007258342394432798
2021-12-30,277.44,283.5,274.91,280.67,9409723.0,261116518.0,1004985657.0000001,0.009363042083694135
2021-12-31,280.77,282.49,277.94,281.58,8231864.0,228788459.0,1004985657.0000001,0.008191026352130317
2022-01-04,281.58,284.01,276.83,279.76,12434537.0,343905939.0,1004985657.0000001,0.012372850212726964
2022-01-05,280.07,280.98,271.88,272.69,9812351.0,266697764.0,1004985657.0000001,0.009763672676972344
2022-01-06,272.08,273.8,269.66,269.96,8395844.0,224927652.0,1004985657.0000001,0.008354192859888745
2022-01-07,270.06,272.08,264.0,265.51,9282069.0,245277385.0,1004985657.0000001,0.009236021365427307
2022-01-10,265.51,267.33,260.06,266.83,8523477.0,223004849.0,1004985657.0000001,0.008481192682334967
2022-01-11,267.03,272.08,265.61,267.13,8628425.0,228540390.0,1004985657.0000001,0.008585620043331622
2022-01-12,267.64,269.25,262.78,263.9,8563251.0,224360262.0,1004985657.0000001,0.008520769366562212
2022-01-13,264.6,266.42,257.83,258.34,11420731.0,295541966.0,1004985657.0000001,0.011364073626774157
2022-01-14,258.44,262.18,256.92,259.35,10372659.0,266117056.0,1004985657.0000001,0.010321201031827262
2022-01-17,259.95,268.44,259.95,267.23,10483326.0,276281684.0,1004985657.0000001,0.01043131902130221
2022-01-18,268.04,269.45,265.41,267.94,7923627.0,209628411.0,1004985657.0000001,0.007884318492318541
2022-01-19,267.74,269.86,265.01,268.24,6531159.0,172854858.0,1004985657.0000001,0.006498758419594041
2022-01-20,266.83,267.43,259.55,260.66,11861763.0,307058915.0,1004985657.0000001,0.011802917700744856
2022-01-21,259.55,261.47,253.49,254.8,13838010.0,350305158.0,1004985657.0000001,0.013769360690487942
2022-01-24,255.41,259.55,252.17,258.03,9100155.0,230650693.0,1004985657.0000001,0.009055009826871588
2022-01-25,258.34,262.18,250.66,251.36,9105751.0,231258338.0,1004985657.0000001,0.009060578065543475
2022-01-26,253.28,256.01,248.13,251.57,7813699.0,194443695.0,1004985657.0000001,0.0077749358367211
2022-01-27,251.16,252.58,240.25,240.35,12229286.0,296455807.0,1004985657.0000001,0.012168617447243825
2022-01-28,245.0,251.46,241.66,247.12,14069433.0,344328835.0,1004985657.0000001,0.013999635618680275
2022-02-07,249.65,251.46,243.38,244.89,10934327.0,266056557.0,1004985657.0000001,0.01088008263982617
2022-02-08,245.6,245.6,240.45,244.39,8409458.0,201805914.0,1004985657.0000001,0.008367739321875714
2022-02-09,244.09,248.13,243.38,246.51,9241457.0,224921127.0,1004985657.0000001,0.009195610838453985
2022-02-10,246.61,248.13,243.88,245.8,5861190.0,142563783.0,1004985657.0000001,0.005832113084575096
2022-02-11,245.4,245.6,233.98,236.51,14386568.0,339367874.0,1004985657.0000001,0.01431519733619442
2022-02-14,235.09,241.96,233.68,237.72,10206745.0,240585300.0,1004985657.0000001,0.010156110118494953
2022-02-15,237.82,243.38,236.61,240.55,9545029.0,227308866.0,1004985657.0000001,0.00949767684097406
2022-02-16,242.57,243.08,240.75,241.56,4903582.0,117310380.0,1004985657.0000001,0.004879255704641364
2022-02-17,241.05,243.18,239.94,241.66,6415338.0,153402026.0,1004985657.0000001,0.006383511998719002
2022-02-18,241.36,245.3,241.16,243.68,6734230.0,162122768.0,1004985657.0000001,0.006700821999890491
2022-02-21,245.5,247.52,244.09,247.12,7990083.0,194368197.0,1004985657.0000001,0.007950444809183978
2022-02-22,245.1,245.1,239.13,242.27,10600203.0,253429820.0,1004985657.0000001,0.010547616203441995
2022-02-23,242.57,253.79,242.27,252.68,14938718.0,370071973.0,1004985657.0000001,0.014864608162263551
2022-02-24,254.4,255.61,244.69,247.93,15685261.0,387924829.0,1004985657.0000001,0.015607447619523587
2022-02-25,251.57,254.29,250.66,251.06,11911979.0,297153633.0,1004985657.0000001,0.01185288458300853
2022-02-28,249.04,250.55,246.11,248.13,9775777.0,239486652.0,1004985657.0000001,0.00972728011778978
2022-03-01,249.54,251.16,247.02,248.43,6613299.0,162768198.0,1004985657.0000001,0.006580490929334725
2022-03-02,247.22,255.2,245.2,253.38,13601750.0,337566085.0,1004985657.0000001,0.013534272758282756
2022-03-03,254.19,254.4,248.53,249.14,10714606.0,266039845.0,1004985657.0000001,0.010661451658906609
2022-03-04,248.33,250.76,245.1,246.82,8971044.0,219306918.0,1004985657.0000001,0.008926539336670354
2022-03-07,244.79,244.79,235.8,238.02,13155261.0,310459946.0,1004985657.0000001,0.013089998756071797
2022-03-08,237.01,239.94,227.41,233.68,13747972.0,317415940.0,1004985657.0000001,0.013679769362121353
2022-03-09,233.57,234.99,213.36,224.88,15186182.0,339395796.0,1004985657.0000001,0.01511084451228143
2022-03-10,229.84,234.99,226.1,226.2,13829936.0,315801874.0,1004985657.0000001,0.013761326744984578
2022-03-11,225.39,227.51,220.33,227.11,13108010.0,290287547.0,1004985657.0000001,0.013042982164669837
2022-03-14,224.38,226.8,221.35,221.35,9076789.0,200819118.0,1004985657.0000001,0.009031759743810949
2022-03-15,219.32,224.18,207.8,208.81,15258974.0,326407064.0,1004985657.0000001,0.015183275396735337
2022-03-16,211.95,215.08,202.14,214.37,15756497.0,328354375.0,1004985657.0000001,0.015678330223174518
2022-03-17,218.62,218.92,214.27,214.47,14291479.0,306182965.0,1004985657.0000001,0.014220580065452614
2022-03-18,213.36,214.37,209.92,211.95,17513747.0,367375864.0,1004985657.0000001,0.0174268626402894
2022-03-21,212.45,216.8,211.34,214.17,15072530.0,318452777.0,1004985657.0000001,0.01499775633116324
2022-03-22,213.56,214.07,209.32,210.73,13170152.0,275480459.0,1004985657.0000001,0.013104815882959411
2022-03-23,211.54,225.89,210.53,223.57,27268450.0,595274882.0,1004985657.0000001,0.027133173304581794
2022-03-24,220.54,224.18,217.2,219.32,19080964.0,415681783.0,1004985657.0000001,0.01898630479658676
2022-03-25,218.01,221.75,211.84,213.26,15541620.0,332994556.0,1004985657.0000001,0.015464519211541343
2022-03-28,212.86,213.76,208.0,213.36,12453928.0,259646197.0,1004985657.0000001,0.012392145015458662
2022-03-29,214.27,223.27,214.07,216.9,19934590.0,430165252.0,1004985657.0000001,0.0198356960232717
2022-03-30,227.51,229.63,209.01,212.65,39097911.0,829144910.0,1004985657.0000001,0.03890394925307874
2022-03-31,212.25,212.65,202.75,203.86,26415959.0,539627736.0,1004985657.0000001,0.026284911447248642
2022-04-01,202.24,202.85,196.68,200.02,27866965.0,549325328.0,1004985657.0000001,0.027728719117431144
2022-04-06,199.61,200.02,193.65,195.88,18527844.0,359538023.0,1004985657.0000001,0.01843592878261346
2022-04-07,195.07,195.17,188.4,188.5,17959120.0,339258853.0,1004985657.0000001,0.017870026178891028
2022-04-08,188.9,190.11,181.93,186.88,16508135.0,303324534.0,1004985657.0000001,0.01642623940452913
2022-04-11,186.98,186.98,178.09,178.69,19267342.0,344407504.0,1004985657.0000001,0.01917175818957981
2022-04-12,177.58,184.05,176.87,183.54,14225963.0,253833284.0,1004985657.0000001,0.014155389085319053
2022-04-13,182.33,183.34,179.1,179.5,8712995.0,155810562.0,1004985657.0000001,0.008669770498028112
2022-04-14,180.92,182.53,178.69,180.61,10977357.0,196230477.0,1004985657.0000001,0.01092289917128638
2022-04-15,178.9,179.91,175.36,177.88,10202989.0,179807128.0,1004985657.0000001,0.010152372751723758
2022-04-18,177.18,182.43,174.75,181.62,10400045.0,184957920.0,1004985657.0000001,0.010348451171975283
2022-04-19,181.93,184.86,179.4,180.31,11427549.0,205386725.0,1004985657.0000001,0.011370857803197482
2022-04-20,179.81,182.23,176.98,177.68,8636785.0,153356871.0,1004985657.0000001,0.008593938570010855
2022-04-21,176.77,179.3,170.71,171.62,12016204.0,207430840.0,1004985657.0000001,0.011956592530752902
2022-04-22,170.71,173.64,166.77,170.81,12960599.0,218479371.0,1004985657.0000001,0.012896302459369327
2022-04-25,168.59,169.7,155.35,156.15,20348135.0,325291999.0,1004985657.0000001,0.020247189458147657
2022-04-26,156.76,160.4,151.4,151.81,15973131.0,246820654.0,1004985657.0000001,0.015893889518465036
2022-04-27,150.19,161.01,149.38,160.6,16804901.0,258809741.0,1004985657.0000001,0.0167215331710948
2022-04-28,158.98,165.15,156.66,162.52,18964505.0,303653494.0,1004985657.0000001,0.018870423540780938
2022-04-29,164.04,170.41,161.61,170.1,20864556.0,343832301.0,1004985657.0000001,0.020761048533053838
2022-05-05,168.79,175.36,168.38,172.93,14970035.0,256226519.0,1004985657.0000001,0.014895769801021148
2022-05-06,169.29,172.53,167.98,170.81,11955191.0,201497565.0,1004985657.0000001,0.011895882211580656
2022-05-09,170.71,172.33,168.38,169.29,9355600.0,157284590.0,1004985657.0000001,0.009309187583758718
2022-05-10,167.27,179.91,166.77,179.0,17845790.0,310534748.0,1004985657.0000001,0.01775725840035546
2022-05-11,179.0,186.98,177.68,179.6,20016352.0,362175954.0,1004985657.0000001,0.019917052408241483
2022-05-12,181.42,185.87,180.71,183.44,15775508.0,286760237.0,1004985657.0000001,0.01569724691105716
2022-05-13,184.45,185.47,181.22,183.85,10146437.0,183707109.0,1004985657.0000001,0.010096101301871614
2022-05-16,183.95,185.77,181.22,181.83,10644507.0,192486777.0,1004985657.0000001,0.010591700414685618
2022-05-17,183.34,185.26,180.71,184.76,9671416.0,175341139.0,1004985657.0000001,0.009623436844731008
2022-05-18,185.47,193.25,184.15,191.02,19216643.0,362736148.0,1004985657.0000001,0.019121310703442206
2022-05-19,187.28,192.03,186.98,190.92,13636197.0,255790459.0,1004985657.0000001,0.013568548869349682
2022-05-20,191.53,194.36,189.0,191.33,12033711.0,227941238.0,1004985657.0000001,0.011974012679864542
2022-05-23,192.24,197.39,189.61,196.89,17582485.0,337931759.0,1004985657.0000001,0.017495259636327327
2022-05-24,195.17,200.73,189.0,189.1,19053379.0,366603807.0,1004985657.0000001,0.018958856643662526
2022-05-25,189.2,193.75,189.2,191.73,8713133.0,164814063.0,1004985657.0000001,0.008669907813420663
2022-05-26,191.33,197.69,188.9,195.57,12334366.0,236573454.0,1004985657.0000001,0.012273176153398574
2022-05-27,198.6,202.14,197.59,201.13,19257339.0,381950378.0,1004985657.0000001,0.01916180481369795
2022-05-30,199.11,204.47,197.09,202.44,12785270.0,255003887.0,1004985657.0000001,0.012721843253132118
2022-05-31,202.55,206.99,200.12,206.69,13647102.0,276440903.0,1004985657.0000001,0.013579399770478513
2022-06-01,205.98,206.49,203.35,205.38,10357907.0,210053949.0,1004985657.0000001,0.010306522215371277
2022-06-02,203.25,207.6,202.75,206.18,9462450.0,192796924.0,1004985657.0000001,0.009415507509078807
2022-06-06,206.99,212.45,205.48,211.74,15773333.0,327011986.0,1004985657.0000001,0.01569508270106585
2022-06-07,212.05,212.35,206.18,208.41,11690456.0,241260922.0,1004985657.0000001,0.011632460541673183
2022-06-08,207.9,211.95,206.49,209.32,9804578.0,202955443.0,1004985657.0000001,0.009755938238230994
2022-06-09,209.01,209.01,201.84,205.48,11534120.0,233150926.0,1004985657.0000001,0.011476900112615238
2022-06-10,203.96,207.7,202.65,207.4,11557199.0,235237160.0,1004985657.0000001,0.01149986461946093
2022-06-13,205.48,215.28,205.07,214.27,20895448.0,439390278.0,1004985657.0000001,0.02079178728020394
2022-06-14,211.24,220.03,208.0,219.83,18844555.0,397594106.0,1004985657.0000001,0.01875106860355918
2022-06-15,220.13,223.16,215.28,215.48,15973777.0,344232053.0,1004985657.0000001,0.01589453231370843
2022-06-16,218.12,222.18,216.5,218.73,12677508.0,274336566.0,1004985657.0000001,0.012614615852174296
2022-06-17,216.5,219.95,213.35,218.93,11869417.0,254441768.0,1004985657.0000001,0.011810533729836105
2022-06-20,218.83,220.66,214.47,216.09,14842043.0,316399918.0,1004985657.0000001,0.014768412759546476
2022-06-21,217.31,221.57,216.09,219.74,13395825.0,289332703.0,1004985657.0000001,0.013329369336462081
2022-06-22,220.35,220.96,215.08,215.48,9321422.0,199754204.0,1004985657.0000001,0.009275179138203362
2022-06-23,215.58,232.73,214.06,229.99,27586756.0,614480978.0,1004985657.0000001,0.027449900212854476
2022-06-24,230.4,237.9,229.08,235.37,36478796.0,841500885.0,1004985657.0000001,0.03629782748232793
2022-06-27,236.18,239.73,232.83,237.8,20734430.0,484184233.0,1004985657.0000001,0.020631568078189992
2022-06-28,240.24,261.54,234.86,255.66,53411590.0,1324026109.0,1004985657.0000001,0.05314661918602884
2022-06-29,250.08,270.47,233.14,243.28,70597739.0,1704958861.0,1004985657.0000001,0.07024750901494706
2022-06-30,243.08,243.08,233.34,235.06,36340969.0,850447478.0,1004985657.0000001,0.03616068423153625
2022-07-01,236.08,241.96,234.86,236.99,23314608.0,547287771.0,1004985657.0000001,0.023198946012420552
2022-07-04,243.48,249.17,238.01,238.61,43564440.0,1044859178.0,1004985657.0000001,0.04334832014423465
2022-07-05,241.45,244.19,229.08,232.32,34432732.0,791857705.0,1004985657.0000001,0.03426191384938342
2022-07-06,230.3,233.85,227.66,229.99,18127581.0,411055988.0,1004985657.0000001,0.018037651456751087
2022-07-07,229.18,234.25,228.27,231.92,18169030.0,416000279.0,1004985657.0000001,0.018078894831431408
2022-07-08,233.14,234.15,226.95,227.35,14579226.0,330565277.0,1004985657.0000001,0.014506899574587659
2022-07-11,228.27,228.27,218.63,222.18,22807343.0,497878065.0,1004985657.0000001,0.022694197515298466
2022-07-12,222.18,224.72,220.66,221.37,11781394.0,258516430.0,1004985657.0000001,0.011722947405208588
2022-07-13,221.27,222.18,218.93,220.35,12995923.0,282211530.0,1004985657.0000001,0.01293145121970631
2022-07-14,219.95,225.73,217.61,224.31,13336346.0,292630437.0,1004985657.0000001,0.01327018540723313
2022-07-15,222.18,226.85,220.76,220.96,13765266.0,303368240.0,1004985657.0000001,0.013696977567909706
2022-07-18,221.16,222.89,218.43,222.18,12771933.0,278492253.0,1004985657.0000001,0.012708572416969328
2022-07-19,222.48,230.8,222.28,228.37,18949287.0,424989570.0,1004985657.0000001,0.01885528103611532
2022-07-20,231.41,232.32,227.76,230.09,12646273.0,286170935.0,1004985657.0000001,0.012583535806620968
2022-07-21,229.08,231.01,227.25,228.57,12015527.0,271610282.0,1004985657.0000001,0.011955918889298136
2022-07-22,228.47,230.09,222.18,225.12,13421654.0,298599716.0,1004985657.0000001,0.013355070200768048
2022-07-25,225.22,228.98,222.18,223.4,10127400.0,224822444.0,1004985657.0000001,0.010077158742972984
2022-07-26,223.6,224.51,219.44,223.5,8691366.0,190675720.0,1004985657.0000001,0.00864824879784329
2022-07-27,223.19,226.14,220.15,222.79,14989076.0,328481815.0,1004985657.0000001,0.014914716340076083
2022-07-28,224.82,234.25,224.82,231.72,33680213.0,767174137.0,1004985657.0000001,0.033513128038602444
2022-07-29,231.31,232.63,223.4,223.9,23554461.0,528118132.0,1004985657.0000001,0.02343760912002747
2022-08-01,222.28,235.16,219.54,234.35,35186916.0,803391311.0,1004985657.0000001,0.03501235640022671
2022-08-02,231.41,234.76,222.18,228.87,35073535.0,788805518.0,1004985657.0000001,0.03489953787469824
2022-08-03,228.98,245.61,228.98,238.21,59949279.0,1423176567.0,1004985657.0000001,0.05965187521079218
2022-08-04,240.44,243.18,236.89,239.32,27020068.0,638486573.0,1004985657.0000001,0.026886023508691723
2022-08-05,239.43,245.51,236.48,245.21,28807325.0,687687588.0,1004985657.0000001,0.028664414063374038
2022-08-08,243.48,244.3,239.02,243.38,23380572.0,557249393.0,1004985657.0000001,0.023264582770060365
2022-08-09,241.86,243.38,237.9,240.74,17562413.0,415371382.0,1004985657.0000001,0.017475287211984557
2022-08-10,238.51,243.28,237.8,239.43,13740319.0,324724031.0,1004985657.0000001,0.01367215432806918
2022-08-11,240.95,244.3,240.44,243.38,17889590.0,427758577.0,1004985657.0000001,0.017800841111904542
2022-08-12,241.56,243.38,235.98,236.28,18087369.0,426819074.0,1004985657.0000001,0.01799763894540835
2022-08-15,235.47,238.92,234.45,238.11,11763124.0,275221615.0,1004985657.0000001,0.011704768041281607
2022-08-16,237.7,249.77,237.3,241.45,23305110.0,559654852.0,1004985657.0000001,0.023189495131272303
2022-08-17,240.44,248.35,237.4,246.53,24808048.0,596635273.0,1004985657.0000001,0.02468497717077369
2022-08-18,246.02,252.11,244.5,251.09,24757760.0,610129654.0,1004985657.0000001,0.02463493864569651
2022-08-19,250.99,252.61,245.41,245.51,18678276.0,456479095.0,1004985657.0000001,0.018585614500963965
2022-08-22,244.7,245.01,240.03,243.48,15425593.0,367701077.0,1004985657.0000001,0.015349067812616551
2022-08-23,243.08,243.28,238.61,239.93,17273775.0,408550155.0,1004985657.0000001,0.017188081123032384
2022-08-24,238.92,239.93,225.83,227.66,22508560.0,513246686.0,1004985657.0000001,0.022396896754915574
2022-08-25,228.87,229.18,219.34,223.19,16391923.0,360310725.0,1004985657.0000001,0.016310603923375196
2022-08-26,223.4,225.63,222.18,223.6,9840689.0,216985604.0,1004985657.0000001,0.009791870094321156
2022-08-29,219.64,223.5,218.83,220.76,11405563.0,248701118.0,1004985657.0000001,0.011348980874062364
2022-08-30,220.76,224.72,219.03,223.29,13388630.0,293136996.0,1004985657.0000001,0.013322210030306928
2022-08-31,221.87,222.28,212.54,214.67,16067090.0,341610157.0,1004985657.0000001,0.015987382395050438
2022-09-01,213.56,216.29,211.83,212.44,6782266.0,142705451.0,1004985657.0000001,0.006748619696967475
2022-09-02,212.64,216.9,212.44,214.67,6751381.0,142843808.0,1004985657.0000001,0.006717887915090911
2022-09-05,213.56,216.9,212.03,213.76,8627086.0,182305738.0,1004985657.0000001,0.008584287686008238
2022-09-06,214.67,218.63,213.66,217.41,9118332.0,194523639.0,1004985657.0000001,0.009073096652164459
2022-09-07,216.9,223.7,216.19,222.79,12769415.0,278574012.0,1004985657.0000001,0.012706066908574794
2022-09-08,222.28,222.28,216.4,216.9,10787544.0,233076933.0,1004985657.0000001,0.01073402781906568
2022-09-09,217.61,218.12,213.56,216.19,10862114.0,230127699.0,1004985657.0000001,0.010808227882997536
2022-09-13,216.4,218.22,212.85,213.45,9433974.0,199510488.0,1004985657.0000001,0.009387172776337443
2022-09-14,210.0,210.71,205.85,209.5,11088365.0,227825446.0,1004985657.0000001,0.011033356469086403
2022-09-15,210.61,213.05,201.89,204.42,11575074.0,236240845.0,1004985657.0000001,0.01151765094295271
2022-09-16,203.41,205.44,198.85,198.85,11186394.0,222254659.0,1004985657.0000001,0.01113089915471301
2022-09-19,198.34,201.18,194.69,196.71,8612743.0,167793715.0,1004985657.0000001,0.008570015840534528
2022-09-20,197.73,200.37,197.63,199.56,7095790.0,139347457.0,1004985657.0000001,0.0070605883283765105
2022-09-21,199.05,200.27,195.4,199.45,6745904.0,131914567.0,1004985657.0000001,0.006712438086069122
2022-09-22,197.02,204.83,196.82,201.28,8238537.0,164257374.0,1004985657.0000001,0.008197666247887555
2022-09-23,201.69,202.7,193.37,195.8,7562764.0,146935556.0,1004985657.0000001,0.007525245706068817
2022-09-26,194.48,198.64,193.27,194.69,6577063.0,127086663.0,1004985657.0000001,0.006544434693360006
2022-09-27,196.61,197.83,193.67,196.92,6826143.0,131604599.0,1004985657.0000001,0.006792279026525449
2022-09-28,196.31,196.61,189.11,189.61,8058751.0,152373602.0,1004985657.0000001,0.00801877215248655
2022-09-29,191.34,194.18,190.22,192.15,6661224.0,126401407.0,1004985657.0000001,0.006628178177074222
2022-09-30,190.22,192.96,187.28,187.48,5919422.0,110691638.0,1004985657.0000001,0.0058900562000756985
2022-10-10,188.4,188.8,183.63,185.05,6384133.0,117274331.0,1004985657.0000001,0.006352461804337969
2022-10-11,185.35,189.0,184.34,187.28,5784348.0,106798208.0,1004985657.0000001,0.005755652291861514
2022-10-12,186.47,196.11,185.96,196.0,9645033.0,181374990.0,1004985657.0000001,0.00959718472877668
2022-10-13,196.11,198.44,195.29,196.61,8215396.0,159553886.0,1004985657.0000001,0.008174640048619121
2022-10-14,197.53,204.22,197.32,203.92,9879981.0,196403479.0,1004985657.0000001,0.009830967169713547
2022-10-17,201.99,205.95,200.87,205.44,11132584.0,224176950.0,1004985657.0000001,0.011077356102008527
2022-10-18,206.96,209.5,204.63,207.06,11979790.0,244353481.0,1004985657.0000001,0.011920359177822573
2022-10-19,206.86,208.58,203.82,204.32,8354340.0,169602982.0,1004985657.0000001,0.008312894758059217
2022-10-20,202.5,207.37,198.74,204.73,10510159.0,210520251.0,1004985657.0000001,0.010458018904840946
2022-10-21,205.44,206.15,200.98,203.41,7079996.0,142177026.0,1004985657.0000001,0.007044872681202852
2022-10-24,204.42,208.48,199.25,201.18,9581354.0,192523692.0,1004985657.0000001,0.009533821635426582
2022-10-25,199.96,203.61,195.4,199.86,12287006.0,242259023.0,1004985657.0000001,0.012226051102737279
2022-10-26,200.98,203.61,195.9,202.9,16333894.0,322672628.0,1004985657.0000001,0.016252862800807115
2022-10-27,201.18,207.77,201.18,204.73,16365543.0,330519775.0,1004985657.0000001,0.0162843547925381
2022-10-28,184.44,188.8,184.24,184.24,19019838.0,345685200.0,1004985657.0000001,0.018925482037998875
2022-10-31,176.53,176.93,166.38,170.13,43162227.0,724244475.0,1004985657.0000001,0.04294810249217317
2022-11-01,171.66,182.11,171.66,182.0,26459439.0,463165145.0,1004985657.0000001,0.02632817574629326
2022-11-02,181.4,184.84,179.37,181.6,14860085.0,266948295.0,1004985657.0000001,0.014786365254564024
2022-11-03,180.18,185.05,179.77,184.34,12387492.0,223834597.0,1004985657.0000001,0.012326038599374756
2022-11-04,183.63,189.0,183.02,187.18,13570681.0,249613672.0,1004985657.0000001,0.013503357889216123
2022-11-07,187.69,188.8,185.15,186.37,10100158.0,185959990.0,1004985657.0000001,0.010050051888451974
2022-11-08,186.37,186.37,183.02,184.95,8962078.0,162493163.0,1004985657.0000001,0.008917617816310784
2022-11-09,185.05,185.25,181.7,181.7,9484165.0,170745616.0,1004985657.0000001,0.009437114782624205
2022-11-10,180.58,181.7,176.93,177.54,11164525.0,196573493.0,1004985657.0000001,0.011109138645149837
2022-11-11,182.41,183.42,179.16,179.87,10177285.0,181505457.0,1004985657.0000001,0.010126796267302349
2022-11-14,180.18,181.09,177.03,177.54,10608478.0,186942242.0,1004985657.0000001,0.010555850151799728
2022-11-15,177.84,184.24,177.03,184.24,16834524.0,301881994.0,1004985657.0000001,0.016751009213656864
2022-11-16,184.95,185.76,181.7,182.41,11473041.0,207519368.0,1004985657.0000001,0.011416124120863945
2022-11-17,181.8,183.32,179.67,183.22,7886439.0,140788496.0,1004985657.0000001,0.00784731497914303
2022-11-18,182.61,184.34,179.16,179.26,14891065.0,266263513.0,1004985657.0000001,0.014817191565152854
2022-11-21,178.15,180.79,176.02,180.58,11111727.0,195174222.0,1004985657.0000001,0.011056602571990735
2022-11-22,180.79,181.9,178.76,179.57,7846321.0,139552385.0,1004985657.0000001,0.0078073960014734805
2022-11-23,178.86,180.08,176.53,178.86,7222317.0,127064017.0,1004985657.0000001,0.007186487637604165
2022-11-24,178.86,180.28,177.74,178.15,5480290.0,96571899.0,1004985657.0000001,0.005453102700350279
2022-11-25,177.54,178.45,176.12,176.12,7386227.0,128865671.0,1004985657.0000001,0.00734958449262724
2022-11-28,172.57,174.9,170.44,174.5,8192635.0,139447821.0,1004985657.0000001,0.008151991964199743
2022-11-29,174.4,177.44,173.99,175.51,10627041.0,184032643.0,1004985657.0000001,0.010574321062176113
2022-11-30,175.71,177.24,175.11,176.22,9278287.0,160938766.0,1004985657.0000001,0.009232258127640123
2022-12-01,177.54,181.29,177.03,179.06,13128815.0,232392914.0,1004985657.0000001,0.013063683952655654
2022-12-02,178.96,181.5,178.45,180.28,7233710.0,128564347.0,1004985657.0000001,0.007197824117802309
2022-12-05,180.99,181.9,179.37,181.19,11332697.0,201713119.0,1004985657.0000001,0.011276476356716799
2022-12-06,180.79,183.53,180.28,182.41,9541741.0,171294112.0,1004985657.0000001,0.009494405152490648
2022-12-07,181.6,183.32,180.79,181.4,7391037.0,132507485.0,1004985657.0000001,0.0073543706305850285
2022-12-08,181.19,183.12,179.87,181.09,8371559.0,149797427.0,1004985657.0000001,0.008330028335916837
2022-12-09,181.09,182.0,178.55,179.47,9807451.0,173749371.0,1004985657.0000001,0.009758796985497673
2022-12-12,179.16,180.69,177.64,179.87,8096753.0,143086189.0,1004985657.0000001,0.008056585627470303
2022-12-13,179.57,180.89,178.76,178.86,6782696.0,120144893.0,1004985657.0000001,0.006749047563770354
2022-12-14,179.57,181.4,177.64,177.84,7745916.0,137048238.0,1004985657.0000001,0.0077074891030011975
2022-12-15,177.44,181.5,176.73,180.79,8802011.0,156352660.0,1004985657.0000001,0.008758344896458556
2022-12-16,179.87,179.98,176.22,177.34,8563481.0,150017732.0,1004985657.0000001,0.0085209982255498
2022-12-19,177.13,178.35,172.16,172.87,8025603.0,138067226.0,1004985657.0000001,0.007985788597179948
2022-12-20,172.47,175.31,171.55,173.18,5164217.0,88113505.0,1004985657.0000001,0.005138597714335339
2022-12-21,173.08,173.58,169.02,170.24,5910384.0,99475405.0,1004985657.0000001,0.005881063036902625
2022-12-22,171.05,171.66,167.8,168.61,6113447.0,102263308.0,1004985657.0000001,0.006083118656886463
2022-12-23,167.4,168.92,166.48,167.8,5087376.0,84041240.0,1004985657.0000001,0.005062137916660834
2022-12-26,167.19,170.24,166.99,169.32,7843881.0,130958703.0,1004985657.0000001,0.007804968106126911
2022-12-27,169.93,170.24,165.97,168.61,8309220.0,137516019.0,1004985657.0000001,0.0082679985949292
2022-12-28,167.8,168.51,163.54,165.77,7731994.0,126606290.0,1004985657.0000001,0.007693636168978678
2022-12-29,164.76,167.7,164.66,165.16,6810614.0,111359126.0,1004985657.0000001,0.006776827064707053
2022-12-30,165.37,166.99,164.86,166.48,6017290.0,98501160.0,1004985657.0000001,0.005987438684410995
2023-01-03,166.68,173.69,166.68,172.97,14563798.0,245868973.0,1004985657.0000001,0.014491548111715985
2023-01-04,172.97,174.4,171.05,172.87,8219734.0,140104170.0,1004985657.0000001,0.008178956528132818
2023-01-05,173.48,175.0,171.55,174.29,11167681.0,190418021.0,1004985657.0000001,0.011112278988475154
2023-01-06,173.69,176.02,173.28,174.29,8204158.0,141299728.0,1004985657.0000001,0.008163457799477828
2023-01-09,174.5,176.22,174.29,175.31,8361261.0,144607165.0,1004985657.0000001,0.008319781423507418
2023-01-10,175.0,176.02,172.87,173.58,7858743.0,134652614.0,1004985657.0000001,0.007819756376881306
2023-01-11,173.58,178.25,173.48,175.61,11771093.0,204470907.0,1004985657.0000001,0.011712697507681941
2023-01-12,175.51,177.03,174.8,176.02,6062856.0,105136118.0,1004985657.0000001,0.006032778634969115
2023-01-13,176.02,177.03,175.31,176.42,5254018.0,91178683.0,1004985657.0000001,0.005227953218440808
2023-01-16,176.32,179.87,176.12,177.84,12037824.0,211889773.0,1004985657.0000001,0.011978105275586036
2023-01-17,178.55,183.63,177.95,183.42,18941185.0,338956148.0,1004985657.0000001,0.018847219229517816
2023-01-18,183.42,185.55,182.51,184.74,14565672.0,264504944.0,1004985657.0000001,0.014493412814945277
2023-01-19,183.83,191.24,183.63,190.42,18372532.0,342943969.0,1004985657.0000001,0.018281387273569812
2023-01-20,190.32,192.15,188.29,189.71,12383799.0,231823190.0,1004985657.0000001,0.012322363920065377
2023-01-30,192.25,193.77,190.22,190.93,13928344.0,263240143.0,1004985657.0000001,0.013859246550421166
2023-01-31,190.32,192.05,189.41,190.32,10106691.0,190060594.0,1004985657.0000001,0.010056552478738509
2023-02-01,192.35,194.69,191.54,193.77,14530565.0,277403481.0,1004985657.0000001,0.014458479978087885
2023-02-02,194.79,195.7,192.76,193.06,11848022.0,226963601.0,1004985657.0000001,0.011789244868795175
2023-02-03,193.06,195.19,191.24,194.69,12662730.0,241243164.0,1004985657.0000001,0.012599911164702323
2023-02-06,193.57,196.92,193.57,194.58,8625713.0,165777349.0,1004985657.0000001,0.008582921497356254
2023-02-07,195.4,201.28,194.89,199.66,17509462.0,343846376.0,1004985657.0000001,0.017422598897846756
2023-02-08,200.47,201.89,195.5,195.8,13985241.0,272798134.0,1004985657.0000001,0.01391586128875469
2023-02-09,194.58,204.53,193.77,203.82,20343453.0,403034935.0,1004985657.0000001,0.02024253068519166
2023-02-10,201.89,207.57,198.74,201.08,25550553.0,510548934.0,1004985657.0000001,0.025423798660242965
2023-02-13,201.08,202.29,198.95,200.47,15820549.0,312712471.0,1004985657.0000001,0.015742064466100134
2023-02-14,201.08,203.31,200.47,201.08,12769258.0,253898468.0,1004985657.0000001,0.01270591068743979
2023-02-15,200.47,205.64,199.96,204.22,16014144.0,320252255.0,1004985657.0000001,0.01593469905610802
2023-02-16,204.12,207.98,198.54,201.08,23499727.0,472337564.0,1004985657.0000001,0.023383146651216335
2023-02-17,201.08,202.4,196.11,196.82,16409324.0,320623085.0,1004985657.0000001,0.01632791859834473
2023-02-20,197.53,202.4,194.89,201.58,13251569.0,260396984.0,1004985657.0000001,0.013185828979447811
2023-02-21,201.58,202.29,198.34,199.86,9663704.0,190831287.0,1004985657.0000001,0.009615763103373323
2023-02-22,199.15,203.11,198.95,202.09,10642369.0,210952114.0,1004985657.0000001,0.01058957302114014
2023-02-23,202.9,204.93,199.45,200.98,12785734.0,253972745.0,1004985657.0000001,0.012722304951263596
2023-02-24,200.98,202.5,199.15,200.67,10180449.0,201344314.0,1004985657.0000001,0.010129944570940278
2023-02-27,199.66,202.6,198.74,200.67,11861450.0,234958744.0,1004985657.0000001,0.011802606253513924
2023-02-28,201.89,204.42,199.56,202.09,19740283.0,392338415.0,1004985657.0000001,0.019642352965441374
2023-03-01,206.45,214.77,204.93,213.25,50181470.0,1042113299.0,1004985657.0000001,0.04993252356436366
2023-03-02,214.27,218.73,212.14,215.99,35637380.0,757899780.0,1004985657.0000001,0.03546058568276661
2023-03-03,213.86,214.98,209.7,212.03,24310096.0,508818989.0,1004985657.0000001,0.024189495472570707
2023-03-06,219.64,221.67,215.38,216.29,26722801.0,573169131.0,1004985657.0000001,0.02659023122754875
2023-03-07,216.4,217.11,208.38,208.38,22903697.0,478162679.0,1004985657.0000001,0.022790073510472
2023-03-08,208.38,214.67,207.47,214.47,20060136.0,420809435.0,1004985657.0000001,0.019960619199165343
2023-03-09,214.47,217.92,212.34,217.0,19602947.0,417656283.0,1004985657.0000001,0.01950569827883623
2023-03-10,214.37,216.09,212.74,213.86,12111966.0,255989918.0,1004985657.0000001,0.012051879462793168
2023-03-13,212.54,214.77,210.61,214.47,18607124.0,389912803.0,1004985657.0000001,0.01851481548059546
2023-03-14,213.56,213.56,207.37,210.71,19395855.0,401234459.0,1004985657.0000001,0.019299633646413322
2023-03-15,212.34,215.38,211.22,213.45,17461529.0,367309437.0,1004985657.0000001,0.01737490368979465
2023-03-16,210.71,214.87,209.8,210.82,15768104.0,329171053.0,1004985657.0000001,0.015689879641735023
2023-03-17,212.54,218.53,211.83,217.11,27762638.0,592039265.0,1004985657.0000001,0.02762490967570097
2023-03-20,216.9,218.83,214.98,215.99,21223501.0,454100533.0,1004985657.0000001,0.021118212834354905
2023-03-21,215.99,218.73,214.06,216.6,14377606.0,306790125.0,1004985657.0000001,0.014306279795991157
2023-03-22,216.8,232.32,215.28,231.41,51048151.0,1138311749.0,1004985657.0000001,0.05079490502619183
2023-03-23,231.21,243.18,231.21,238.82,51397011.0,1204928826.0,1004985657.0000001,0.051142034358406765
2023-03-24,241.05,246.32,238.51,240.24,42969452.0,1025543958.0,1004985657.0000001,0.042756283834207987
2023-03-27,240.03,249.37,240.03,246.32,46349692.0,1124233777.0,1004985657.0000001,0.046119754722031815
2023-03-28,243.48,243.48,235.57,236.18,32303522.0,761497510.0,1004985657.0000001,0.0321432666973873
2023-03-29,236.48,246.32,233.44,242.67,38181258.0,907307008.0,1004985657.0000001,0.03799184369852156
2023-03-30,242.37,252.41,241.56,244.4,39932466.0,968114176.0,1004985657.0000001,0.03973436408953645
2023-03-31,244.6,261.75,243.48,257.79,57328870.0,1437815192.0,1004985657.0000001,0.05704446585947643
2023-04-03,272.7,283.56,272.7,283.56,61015719.0,1689380768.0,1004985657.0000001,0.06071302468349555
2023-04-04,300.3,311.96,297.66,311.96,190478553.0,5808017855.0,1004985657.0000001,0.18953360346315865
2023-04-06,314.4,339.86,308.01,324.14,164166246.0,5240302024.0,1004985657.0000001,0.1633518298062636
2023-04-07,324.44,333.57,312.88,322.31,84931887.0,2679940847.0,1004985657.0000001,0.08451054640275328
2023-04-10,324.64,345.75,317.64,329.72,118860268.0,3880655291.0,1004985657.0000001,0.11827061129888343
2023-04-11,327.38,337.33,313.49,324.14,114312566.0,3628886178.0,1004985657.0000001,0.11374547010077378
2023-04-12,313.49,326.57,307.7,321.2,75728700.0,2370126500.0,1004985657.0000001,0.07535301570975554
2023-04-13,324.54,328.2,308.41,311.35,72847786.0,2284664499.0,1004985657.0000001,0.07248639370382576
2023-04-14,311.35,317.14,298.06,311.56,76186248.0,2312939707.0,1004985657.0000001,0.0758082938491131
2023-04-17,311.56,327.08,306.49,315.01,85079670.0,2665977783.0,1004985657.0000001,0.08465759626259023
2023-04-18,308.41,344.94,308.21,331.54,136787798.0,4392075399.0,1004985657.0000001,0.136109204193349
2023-04-19,321.09,338.04,314.6,321.8,116687470.0,3742607340.0,1004985657.0000001,0.11610859238362244
2023-04-20,330.22,353.96,328.7,353.96,78727528.0,2701802694.0,1004985657.0000001,0.07833696675334739
2023-04-21,377.1,384.4,355.08,367.86,171272862.0,6212982873.0,1004985657.0000001,0.17042319042768186
2023-04-24,370.81,386.83,361.98,385.41,143387042.0,5323726475.0,1004985657.0000001,0.14267570984846403
2023-04-25,374.46,378.31,352.14,358.23,119311731.0,4305882684.0,1004985657.0000001,0.11871983462546072
2023-04-26,360.56,373.14,342.91,349.5,121157739.0,4280588466.0,1004985657.0000001,0.12055668472092432
2023-04-27,337.43,345.04,315.51,323.53,109964452.0,3567408631.0,1004985657.0000001,0.10941892676185724
2023-04-28,324.75,343.92,324.75,338.04,85119931.0,2832804109.0,1004985657.0000001,0.08469765753084772
2023-05-04,333.37,340.37,317.14,319.37,81051255.0,2587441382.0,1004985657.0000001,0.0806491659213799
2023-05-05,319.37,322.21,303.14,306.18,87413757.0,2682510950.0,1004985657.0000001,0.08698010403545489
2023-05-08,309.43,314.91,298.77,308.92,55005277.0,1670819110.0,1004985657.0000001,0.05473240002668017
2023-05-09,305.67,322.11,305.67,306.79,62166766.0,1921111033.0,1004985657.0000001,0.06185836142734124
2023-05-10,310.54,312.98,291.88,295.22,66877395.0,1972665728.0,1004985657.0000001,0.06654562135706181
2023-05-11,295.93,299.79,290.35,291.17,45002000.0,1305445388.0,1004985657.0000001,0.04477874851899503
2023-05-12,292.69,299.99,290.76,290.86,43038610.0,1248569725.0,1004985657.0000001,0.042825098746658026
2023-05-15,288.63,293.91,280.31,292.08,49841063.0,1406901269.0,1004985657.0000001,0.04959380529746207
2023-05-16,289.23,290.65,280.98,282.2,36914920.0,1030488053.0,1004985657.0000001,0.03673178790451136
2023-05-17,284.34,294.32,281.8,292.18,54601520.0,1548117917.0,1004985657.0000001,0.05433064603428464
2023-05-18,304.7,321.4,304.4,321.4,55064202.0,1698288809.0,1004985657.0000001,0.054791032704260764
2023-05-19,330.87,340.03,316.11,316.41,147328464.0,4744137483.0,1004985657.0000001,0.14659757875529558
2023-05-22,312.54,315.49,297.47,302.26,73474269.0,2207479258.0,1004985657.0000001,0.07310976876956563
2023-05-23,301.95,308.47,296.25,296.25,62530598.0,1853999243.0,1004985657.0000001,0.06222038848460898
2023-05-24,293.2,310.1,292.49,300.83,75657611.0,2257910954.0,1004985657.0000001,0.07528227937684885
2023-05-25,314.37,327.81,300.43,311.12,104491505.0,3214856113.0,1004985657.0000001,0.10397313063344543
2023-05-26,304.8,323.74,302.46,318.34,87791889.0,2726796134.0,1004985657.0000001,0.08735636015151606
2023-05-29,315.7,327.3,309.18,311.52,91612975.0,2860351561.0,1004985657.0000001,0.09115849003604236
2023-05-30,307.66,342.68,307.35,342.68,123668976.0,3967566536.0,1004985657.0000001,0.12305546366618443
2023-05-31,342.27,353.16,329.34,353.16,132721241.0,4403555587.0,1004985657.0000001,0.13206282107168418
2023-06-01,339.52,351.84,336.36,342.68,90126079.0,3051809768.0,1004985657.0000001,0.0896789704134056
2023-06-02,345.93,348.17,332.8,332.8,68022945.0,2263592862.0,1004985657.0000001,0.06768548837110418
2023-06-05,330.87,347.97,327.91,337.48,62417629.0,2083558904.0,1004985657.0000001,0.062107979915180016
2023-06-06,333.92,347.16,330.87,331.68,68068986.0,2270930999.0,1004985657.0000001,0.06773130096522362
2023-06-07,332.7,364.87,323.84,364.87,117361073.0,4066741516.0,1004985657.0000001,0.11677885369064525
2023-06-08,361.0,361.0,341.05,348.58,112036589.0,3838803324.0,1004985657.0000001,0.11148078404864238
2023-06-09,346.14,374.64,343.08,370.88,127954314.0,4576133882.0,1004985657.0000001,0.12731954243203691
2023-06-12,364.46,379.22,363.14,366.5,94006323.0,3418598742.0,1004985657.0000001,0.09353996481961731
2023-06-13,364.97,370.37,355.3,366.3,85122613.0,3043044875.0,1004985657.0000001,0.0847003262256508
2023-06-14,365.38,392.46,364.97,377.6,125199406.0,4675556421.0,1004985657.0000001,0.12457830131997594
2023-06-15,377.9,410.27,377.8,388.28,138742248.0,5387619582.0,1004985657.0000001,0.1380539583163424
2023-06-16,386.86,425.24,383.7,418.72,129037454.0,5159800409.0,1004985657.0000001,0.12839730905731722
2023-06-19,418.72,451.4,413.43,443.06,129945285.0,5484859584.0,1004985657.0000001,0.12930063637714184
2023-06-20,430.84,433.69,409.05,428.09,124484880.0,5150398908.0,1004985657.0000001,0.12386732002882703
2023-06-21,417.91,418.32,385.33,385.33,123381230.0,4779107347.0,1004985657.0000001,0.12276914515208846
2023-06-26,377.8,382.89,356.52,358.05,100312597.0,3625163918.0,1004985657.0000001,0.09981495387650094
2023-06-27,358.35,364.77,350.41,359.88,67274110.0,2369810328.0,1004985657.0000001,0.06694036828428089
2023-06-28,355.2,355.2,332.7,349.8,81321860.0,2739982778.0,1004985657.0000001,0.08091842847066621
2023-06-29,350.62,357.95,347.26,354.99,61707200.0,2141422842.0,1004985657.0000001,0.06140107529912737
2023-06-30,350.52,390.52,348.28,386.96,128687086.0,4728483814.0,1004985657.0000001,0.12804867920617496
2023-07-03,394.29,395.92,368.94,387.27,97183372.0,3652496063.0,1004985657.0000001,0.09670125272245551
2023-07-04,383.4,399.08,382.07,390.42,76806385.0,2952872385.0,1004985657.0000001,0.07642535439687374
2023-07-05,388.39,427.48,386.96,408.24,137442976.0,5541483097.0,1004985657.0000001,0.13676113190538797
2023-07-06,408.44,449.06,408.44,438.27,148492827.0,6355758358.0,1004985657.0000001,0.14775616543948347
2023-07-07,427.58,437.76,407.22,413.84,108091189.0,4443116032.0,1004985657.0000001,0.10755495687636464
2023-07-10,420.76,423.51,395.31,403.15,69686882.0,2774838148.0,1004985657.0000001,0.06934117070687705
2023-07-11,403.25,443.46,399.79,438.88,135705481.0,5606294346.0,1004985657.0000001,0.1350322564852286
2023-07-12,435.52,459.65,428.8,428.91,140488756.0,6101955600.0,1004985657.0000001,0.13979180202369793
2023-07-13,430.43,439.59,410.17,430.53,110897368.0,4636292874.0,1004985657.0000001,0.11034721463691495
2023-07-14,431.65,449.98,428.5,436.13,107958499.0,4666942559.0,1004985657.0000001,0.10742292514130874
2023-07-17,425.55,472.27,421.37,461.18,125542191.0,5631107428.0,1004985657.0000001,0.12491938578980136
2023-07-18,460.06,461.99,439.09,439.29,75633233.0,3352351021.0,1004985657.0000001,0.07525802231424283
2023-07-19,443.87,460.16,435.22,449.57,81273104.0,3566377391.0,1004985657.0000001,0.08086991434545418
2023-07-20,443.67,444.89,404.57,404.57,110219004.0,4513479129.0,1004985657.0000001,0.1096722159488491
2023-07-21,386.86,398.77,383.81,390.93,84964412.0,3267987496.0,1004985657.0000001,0.08454291004871524
2023-07-24,390.73,409.15,388.08,401.42,67726148.0,2661219105.0,1004985657.0000001,0.06739016375832714
2023-07-25,407.22,411.29,391.95,399.79,69857299.0,2755458092.0,1004985657.0000001,0.06951074228117067
2023-07-26,397.04,397.04,372.4,386.86,77013636.0,2903613418.0,1004985657.0000001,0.0766315772405098
2023-07-27,387.17,389.91,375.05,376.37,47944269.0,1796460985.0,1004985657.0000001,0.04770642114746121
2023-07-28,374.44,382.79,370.88,370.88,53203752.0,1960216268.0,1004985657.0000001,0.052939812254454884
2023-07-31,365.07,375.66,356.62,366.3,56310231.0,2033337786.0,1004985657.0000001,0.05603088024966708
2023-08-01,364.46,376.48,354.38,372.3,76601015.0,2757464480.0,1004985657.0000001,0.0762210032217405
2023-08-02,374.34,377.9,365.28,374.24,53863199.0,1970937480.0,1004985657.0000001,0.05359598778831128
2023-08-03,367.21,375.05,360.29,363.44,50002602.0,1796526340.0,1004985657.0000001,0.049754542914834846
2023-08-04,361.41,379.43,360.49,377.29,79580582.0,2907742485.0,1004985657.0000001,0.0791857888176806
2023-08-07,382.79,392.76,376.88,381.77,92432912.0,3490744332.0,1004985657.0000001,0.09197435939128033
2023-08-08,378.72,397.04,377.49,392.26,83071461.0,3180672424.0,1004985657.0000001,0.08265934983388523
2023-08-09,386.35,388.08,353.06,353.06,113911725.0,4083108669.0,1004985657.0000001,0.1133466176423252
2023-08-10,343.08,354.08,339.93,346.44,54023918.0,1847263554.0,1004985657.0000001,0.05375590947364137
2023-08-11,350.11,352.65,339.01,339.42,39854653.0,1351417156.0,1004985657.0000001,0.039656937113879624
2023-08-14,333.72,345.02,332.7,344.61,41155154.0,1381212652.0,1004985657.0000001,0.040950986427859035
2023-08-15,352.35,357.85,345.53,348.17,52770987.0,1822939934.0,1004985657.0000001,0.052509194168529304
2023-08-16,345.63,349.7,338.4,339.72,40303909.0,1356752101.0,1004985657.0000001,0.04010396438921515
2023-08-17,334.94,347.87,332.7,344.0,39151253.0,1311831515.0,1004985657.0000001,0.038957026627495436
2023-08-18,343.08,345.73,330.56,330.87,42544939.0,1407255017.0,1004985657.0000001,0.04233387681074138
2023-08-21,300.94,323.64,300.94,316.31,68856214.0,2129988877.0,1004985657.0000001,0.06851462358730956
2023-08-22,319.57,324.55,310.3,321.4,58152257.0,1805940892.0,1004985657.0000001,0.0578637680995282
2023-08-23,319.67,320.28,311.52,311.52,32671916.0,1008637130.0,1004985657.0000001,0.03250983312292187
2023-08-24,316.72,318.34,308.06,309.28,40478220.0,1242839435.0,1004985657.0000001,0.04027741064567252
2023-08-25,303.38,309.49,293.81,296.56,58876040.0,1730301942.0,1004985657.0000001,0.058583960467407936
2023-08-28,315.8,316.61,299.31,299.61,50452835.0,1514880348.0,1004985657.0000001,0.05020254234334808
2023-08-29,301.14,316.51,296.25,312.64,61097068.0,1851193111.0,1004985657.0000001,0.060793970117326755
2023-08-30,313.56,326.49,310.2,320.08,62205175.0,1950823576.0,1004985657.0000001,0.061896579883229115
2023-08-31,316.92,326.29,314.58,320.18,46551190.0,1470214473.0,1004985657.0000001,0.046320253105860985
2023-09-01,318.85,321.2,310.91,313.76,36911483.0,1142104068.0,1004985657.0000001,0.03672836795520555
2023-09-04,315.6,319.67,311.52,319.46,37767555.0,1170386046.0,1004985657.0000001,0.03758019304747152
2023-09-05,318.24,318.24,310.71,314.78,34468685.0,1064060217.0,1004985657.0000001,0.034297688489299503
2023-09-06,312.24,319.06,310.81,317.53,32108949.0,992625494.0,1004985657.0000001,0.03194965895916264
2023-09-07,315.49,316.92,309.49,310.51,30180641.0,925095608.0,1004985657.0000001,0.030030917147706115
2023-09-08,309.89,311.73,304.19,305.42,27617091.0,833045381.0,1004985657.0000001,0.027480084723238988
2023-09-11,305.52,331.88,304.8,324.76,78669551.0,2468798437.0,1004985657.0000001,0.07827927737281129
2023-09-12,320.79,352.25,320.08,344.1,121092073.0,4054547191.0,1004985657.0000001,0.12049134448492929
2023-09-13,339.01,340.54,326.18,330.56,70850610.0,2314594656.0,1004985657.0000001,0.07049912554125137
2023-09-14,330.97,338.6,328.63,332.5,58300655.0,1909063062.0,1004985657.0000001,0.05801142990839718
2023-09-15,332.9,332.9,320.08,320.79,46477963.0,1484459453.0,1004985657.0000001,0.04624738937940882
2023-09-18,316.61,322.93,314.37,315.09,34174890.0,1065825296.0,1004985657.0000001,0.03400535098383001
2023-09-19,312.64,314.78,299.82,305.62,47949182.0,1442436726.0,1004985657.0000001,0.04771130977444387
2023-09-20,306.43,318.85,305.62,306.54,39377596.0,1207222642.0,1004985657.0000001,0.03918224675717934
2023-09-21,305.42,312.75,303.89,304.8,30663813.0,927733153.0,1004985657.0000001,0.030511692168358973
2023-09-22,302.87,335.24,302.87,335.24,100455534.0,3239698079.0,1004985657.0000001,0.09995718177697335
2023-09-25,344.1,347.46,336.98,340.13,114115077.0,3838907310.0,1004985657.0000001,0.11354896082860214
2023-09-26,340.13,348.89,337.48,340.64,70766409.0,2385593968.0,1004985657.0000001,0.0704153422559741
2023-09-27,335.14,346.75,334.23,340.03,51845826.0,1736609320.0,1004985657.0000001,0.051588622821509576
2023-09-28,345.02,347.77,340.23,342.78,50412582.0,1699926305.0,1004985657.0000001,0.05016248903540321
2023-10-09,344.41,351.74,340.03,344.0,61932084.0,2099605885.0,1004985657.0000001,0.06162484366679871
2023-10-10,341.05,345.53,337.79,342.27,42459258.0,1424485363.0,1004985657.0000001,0.04224862086763095
2023-10-11,345.63,351.23,339.32,343.19,57662356.0,1954156147.0,1004985657.0000001,0.05737629746092983
2023-10-12,345.12,345.12,334.53,335.04,41700374.0,1382751010.0,1004985657.0000001,0.04149350163312828
2023-10-13,334.63,337.18,327.41,328.73,36164135.0,1177066918.0,1004985657.0000001,0.03598472749148896
2023-10-16,326.79,326.79,314.48,317.12,41413248.0,1301641565.0,1004985657.0000001,0.04120780004325972
2023-10-17,320.69,321.09,308.98,314.48,29364922.0,904535594.0,1004985657.0000001,0.029219244867292663
2023-10-18,310.51,312.03,292.38,300.33,44385258.0,1310976842.0,1004985657.0000001,0.044165066128898985
2023-10-19,298.39,303.89,296.46,296.97,32215249.0,948406520.0,1004985657.0000001,0.03205543161299067
2023-10-20,295.64,296.86,279.56,280.58,49102707.0,1375403641.0,1004985657.0000001,0.048859112225121036
2023-10-23,278.95,281.8,267.65,269.27,35589789.0,950754599.0,1004985657.0000001,0.035413230778078654
2023-10-24,273.55,279.15,270.5,273.04,34569417.0,932384272.0,1004985657.0000001,0.03439792076554979
2023-10-25,275.18,277.32,269.27,269.89,35164853.0,943450766.0,1004985657.0000001,0.034990402853082705
2023-10-26,264.69,285.97,262.86,282.1,64430057.0,1756439933.0,1004985657.0000001,0.06411042441374862
2023-10-27,279.96,283.22,275.59,280.88,44584845.0,1223659434.0,1004985657.0000001,0.04436366299305304
2023-10-30,279.86,288.41,277.32,287.6,46272396.0,1286063679.0,1004985657.0000001,0.04604284218157752
2023-10-31,288.21,293.1,282.2,286.58,44854093.0,1265091787.0,1004985657.0000001,0.04463157527431259
2023-11-01,284.65,289.94,283.12,285.26,27392131.0,769349553.0,1004985657.0000001,0.027256240732597834
2023-11-02,287.5,289.23,280.88,281.29,28348526.0,792599936.0,1004985657.0000001,0.028207891130131817
2023-11-03,283.63,294.93,282.92,291.26,48274125.0,1374707529.0,1004985657.0000001,0.04803464075706704
2023-11-06,293.71,300.12,290.96,298.7,45555811.0,1323874305.0,1004985657.0000001,0.04532981210497017
2023-11-07,296.15,316.82,293.0,309.59,72129132.0,2144376641.0,1004985657.0000001,0.07177130489136921
2023-11-08,306.13,311.22,302.87,306.43,49107392.0,1477768228.0,1004985657.0000001,0.04886377398319426
2023-11-09,307.45,314.37,303.58,307.45,40465481.0,1224548630.0,1004985657.0000001,0.04026473484287746
2023-11-10,304.19,312.54,303.28,305.11,29432346.0,888198571.0,1004985657.0000001,0.029286334381984115
2023-11-13,307.66,319.16,307.66,313.87,46134920.0,1425203342.0,1004985657.0000001,0.04590604818950167
2023-11-14,313.25,316.51,310.0,311.52,32926624.0,1011287756.0,1004985657.0000001,0.03276327753600965
2023-11-15,315.49,318.24,311.12,312.03,31701045.0,976579285.0,1004985657.0000001,0.03154377853971701
2023-11-16,308.47,312.75,305.42,305.52,29046581.0,880387480.0,1004985657.0000001,0.028902483132652305
2023-11-17,305.82,318.34,305.42,316.0,58138111.0,1788860925.0,1004985657.0000001,0.05784969227675255
2023-11-20,312.85,316.51,311.12,315.19,35401117.0,1091079390.0,1004985657.0000001,0.0352254947654442
2023-11-21,315.49,338.91,312.24,327.3,83501391.0,2670774219.0,1004985657.0000001,0.08308714698402904
2023-11-22,323.23,323.64,313.15,313.15,50250100.0,1564635543.0,1004985657.0000001,0.050000813096181325
2023-11-23,310.51,314.88,306.94,313.66,28579895.0,874602567.0,1004985657.0000001,0.028438112326214023
2023-11-24,317.22,320.69,307.66,308.06,35288456.0,1089976893.0,1004985657.0000001,0.03511339266805078
2023-11-27,303.38,313.25,302.16,308.57,30406804.0,918324421.0,1004985657.0000001,0.030255958170356253
2023-11-28,307.04,309.28,299.31,303.38,26658722.0,794808159.0,1004985657.0000001,0.02652647011856807
2023-11-29,302.87,306.33,299.51,299.51,22010654.0,654279834.0,1004985657.0000001,0.02190146082851011
2023-11-30,300.43,301.34,294.62,301.24,22498919.0,658698755.0,1004985657.0000001,0.022387303583179394
2023-12-01,299.31,316.21,297.37,313.25,52890863.0,1604945646.0,1004985657.0000001,0.052628475472859405
2023-12-04,311.63,320.79,309.79,315.09,41053557.0,1276013604.0,1004985657.0000001,0.04084989344280761
2023-12-05,312.54,313.15,299.82,299.82,32511708.0,976139297.0,1004985657.0000001,0.03235041990255986
2023-12-06,297.68,301.45,294.73,297.17,22701434.0,664073061.0,1004985657.0000001,0.02258881392174933
2023-12-07,297.27,306.64,296.66,301.55,31084833.0,922962087.0,1004985657.0000001,0.03093062352033149
2023-12-08,302.56,331.68,302.56,331.68,101385874.0,3237170716.0,1004985657.0000001,0.10088290643137009
2023-12-11,329.75,337.38,327.61,336.57,103161649.0,3371540641.0,1004985657.0000001,0.10264987194737644
2023-12-12,336.47,337.79,326.49,331.07,56876151.0,1851594238.0,1004985657.0000001,0.05659399276381911
2023-12-13,330.36,333.62,326.08,326.39,36670715.0,1189258187.0,1004985657.0000001,0.036488794386843666
2023-12-14,328.83,330.87,321.5,322.11,34295628.0,1098365919.0,1004985657.0000001,0.03412549001184401
2023-12-15,323.74,324.35,314.07,317.33,26857711.0,838755798.0,1004985657.0000001,0.026724471949354393
2023-12-18,315.6,319.16,310.0,313.25,29082806.0,900296083.0,1004985657.0000001,0.028938528423197184
2023-12-19,312.54,313.05,304.7,312.34,27883539.0,847313329.0,1004985657.0000001,0.027745210895084443
2023-12-20,311.73,312.34,299.71,299.82,32212898.0,962388421.0,1004985657.0000001,0.0320530922761219
2023-12-21,295.23,312.03,294.32,306.33,39460470.0,1173255134.0,1004985657.0000001,0.03926470962560214
2023-12-22,305.42,307.35,296.25,297.37,30211649.0,895867845.0,1004985657.0000001,0.030061771319389086
2023-12-25,298.8,304.09,295.74,300.73,20938500.0,617173455.0,1004985657.0000001,0.02083462570252383
2023-12-26,300.43,300.43,286.38,288.72,28708149.0,819880437.0,1004985657.0000001,0.028565730067926728
2023-12-27,289.74,290.96,286.79,288.92,19385550.0,550089828.0,1004985657.0000001,0.01928937976873037
2023-12-28,287.6,297.98,285.46,296.25,27150296.0,784333859.0,1004985657.0000001,0.027015605457541367
2023-12-29,295.74,303.89,294.83,302.97,29896400.0,885179125.0,1004985657.0000001,0.029748086245573152
2024-01-02,302.36,306.23,300.02,300.63,20933629.0,621797568.0,1004985657.0000001,0.020829778867182378
2024-01-03,299.31,301.14,291.16,295.74,24212454.0,702949048.0,1004985657.0000001,0.02409233786706669
2024-01-04,296.76,299.21,294.22,297.07,18599996.0,542686224.0,1004985657.0000001,0.01850772284205843
2024-01-05,295.03,295.03,281.9,284.24,26578311.0,752180687.0,1004985657.0000001,0.026446458031390587
2024-01-08,284.14,285.67,277.93,279.05,15510236.0,428223714.0,1004985657.0000001,0.015433290905165624
2024-01-09,282.81,286.79,279.15,282.61,18617206.0,518487804.0,1004985657.0000001,0.01852484746456436
2024-01-10,279.96,280.68,271.51,271.82,23633547.0,638017044.0,1004985657.0000001,0.023516302780428634
2024-01-11,272.63,280.47,272.63,278.95,22407419.0,611273807.0,1004985657.0000001,0.022296257507683014
2024-01-12,277.93,278.64,273.25,273.25,15860220.0,429549747.0,1004985657.0000001,0.015781538661302504
2024-01-15,269.99,275.38,268.77,272.53,12613620.0,337657480.0,1004985657.0000001,0.012551044795657216
2024-01-16,270.8,272.33,265.2,269.48,15853791.0,417828755.0,1004985657.0000001,0.015775141555079922
2024-01-17,268.77,272.74,263.37,263.57,18632667.0,491681657.0,1004985657.0000001,0.018540231763725556
2024-01-18,261.64,276.91,260.62,276.91,41292173.0,1093443312.0,1004985657.0000001,0.04108732568707694
2024-01-19,275.38,281.19,274.47,274.47,29723111.0,810585263.0,1004985657.0000001,0.029575656919051927
2024-01-22,281.69,282.41,260.82,263.98,32497489.0,869103230.0,1004985657.0000001,0.03233627144193163
2024-01-23,261.74,287.6,261.74,283.53,54681092.0,1505575193.0,1004985657.0000001,0.05440982328367697
2024-01-24,283.02,285.46,273.65,283.43,42179989.0,1163333488.0,1004985657.0000001,0.041970737299786155
2024-01-25,284.34,295.74,283.63,294.73,54280961.0,1554482608.0,1004985657.0000001,0.05401167730297269
2024-01-26,291.77,294.22,286.17,288.01,34309933.0,978142771.0,1004985657.0000001,0.03413972404583282
2024-01-29,288.92,290.45,273.14,275.38,36335477.0,1000158904.0,1004985657.0000001,0.03615521947692831
2024-01-30,270.8,278.23,264.9,266.22,21853180.0,584510907.0,1004985657.0000001,0.02174476804498315
2024-01-31,265.2,272.33,260.62,262.76,27884542.0,729700337.0,1004985657.0000001,0.027746208919278134
2024-02-01,258.79,274.67,246.78,267.24,34968612.0,908327552.0,1004985657.0000001,0.034795135389678496
2024-02-02,267.24,270.29,246.78,254.51,34435948.0,874475656.0,1004985657.0000001,0.03426511389505332
2024-02-05,249.93,257.77,233.74,243.11,37115239.0,895794877.0,1004985657.0000001,0.03693111313726938
2024-02-06,239.45,267.44,239.24,267.44,49168230.0,1259660733.0,1004985657.0000001,0.04892431017052813
2024-02-07,267.75,283.63,266.53,281.08,62293942.0,1698292136.0,1004985657.0000001,0.06198490651692952
2024-02-08,283.83,298.8,282.61,283.22,58546475.0,1666314959.0,1004985657.0000001,0.058256030414173356
2024-02-19,295.23,311.52,290.14,311.52,88415070.0,2613824417.0,1004985657.0000001,0.08797644959822545
2024-02-20,303.48,306.33,299.31,303.48,62812169.0,1871054456.0,1004985657.0000001,0.06250056263240779
2024-02-21,296.56,305.31,296.05,299.21,49551416.0,1461241662.0,1004985657.0000001,0.04930559521408174
2024-02-22,306.43,310.4,300.53,305.42,50112321.0,1503834662.0,1004985657.0000001,0.04986371760726531
2024-02-23,309.49,314.07,302.56,305.82,55001724.0,1657400371.0,1004985657.0000001,0.0547288646528415
2024-02-26,305.62,316.31,303.07,309.59,58244828.0,1775343060.0,1004985657.0000001,0.057955879861875476
2024-02-27,306.43,325.78,303.89,324.25,73287101.0,2285742032.0,1004985657.0000001,0.07292352929570217
2024-02-28,323.23,328.93,303.89,304.09,75277932.0,2351475938.0,1004985657.0000001,0.0749044839353364
2024-02-29,305.42,325.57,305.42,323.03,64342174.0,2016811868.0,1004985657.0000001,0.0640229773945918
2024-03-01,323.23,347.16,321.4,342.98,99281764.0,3299385787.0,1004985657.0000001,0.09878923476019319
2024-03-04,349.29,358.15,339.11,350.82,104527999.0,3579057755.0,1004985657.0000001,0.10400944358950188
2024-03-05,343.39,361.41,341.15,346.65,98513371.0,3399473511.0,1004985657.0000001,0.09802465369911244
2024-03-06,342.07,352.65,341.76,346.14,59615591.0,2032785043.0,1004985657.0000001,0.05931984261144534
2024-03-07,347.66,356.01,335.96,336.36,68390759.0,2314554384.0,1004985657.0000001,0.0680514776739744
2024-03-08,342.07,353.98,335.65,352.65,76321462.0,2606325714.0,1004985657.0000001,0.07594283706279799
2024-03-11,344.1,370.16,342.17,367.72,93594871.0,3302741196.0,1004985657.0000001,0.09313055400152839
2024-03-12,362.73,367.01,352.55,356.62,72106921.0,2539005363.0,1004985657.0000001,0.07174920407844187
2024-03-13,365.07,367.01,354.18,355.71,67946586.0,2410858015.0,1004985657.0000001,0.06760950818226452
2024-03-14,346.04,358.46,344.0,352.86,57117557.0,1970135358.0,1004985657.0000001,0.05683420116711178
2024-03-15,349.9,357.13,345.12,355.61,56520941.0,1949547713.0,1004985657.0000001,0.05624054493346863
2024-03-18,361.41,363.34,354.89,358.56,57986529.0,2047464004.0,1004985657.0000001,0.057698862263464115
2024-03-19,355.2,358.56,350.01,353.98,47571521.0,1653344237.0,1004985657.0000001,0.04733552232178772
2024-03-20,352.35,377.7,352.35,363.44,92183685.0,3329668868.0,1004985657.0000001,0.09172636878737066
2024-03-21,359.37,363.14,352.55,352.86,59372303.0,2085044861.0,1004985657.0000001,0.05907776154461077
2024-03-22,351.43,356.93,348.28,349.4,43967804.0,1520388668.0,1004985657.0000001,0.04374968308627314
2024-03-25,349.5,356.01,342.78,343.69,43450426.0,1495226165.0,1004985657.0000001,0.04323487175897078
2024-03-26,341.05,348.07,329.03,333.41,54703364.0,1815462620.0,1004985657.0000001,0.054431984793987954
2024-03-27,334.74,335.86,317.22,317.22,43856981.0,1396129241.0,1004985657.0000001,0.04363940987070226
2024-03-28,318.24,331.88,315.6,322.32,49864489.0,1582598055.0,1004985657.0000001,0.04961711508286729
2024-03-29,320.28,354.59,317.43,344.1,86838062.0,2881444742.0,1004985657.0000001,0.08640726501433044
2024-04-01,362.43,378.51,362.32,374.64,141240254.0,5176339872.0,1004985657.0000001,0.14053957189958183
2024-04-02,363.44,371.18,355.91,357.95,99599467.0,3560599041.0,1004985657.0000001,0.09910536165990276
2024-04-03,359.88,362.12,345.12,345.73,65060106.0,2255187241.0,1004985657.0000001,0.06473734778883515
2024-04-08,343.08,352.75,336.87,337.08,49617580.0,1681554572.0,1004985657.0000001,0.04937143097953685
2024-04-09,337.79,339.32,327.81,331.68,40547369.0,1321680826.0,1004985657.0000001,0.04034621660277087
2024-04-10,331.99,332.7,317.73,321.2,43884728.0,1391485256.0,1004985657.0000001,0.04366701921995688
2024-04-11,321.6,325.57,319.36,320.58,40199118.0,1274528853.0,1004985657.0000001,0.039999693249353506
2024-04-12,323.13,341.05,321.2,332.19,66921165.0,2174075651.0,1004985657.0000001,0.0665891742174386
2024-04-15,329.65,335.75,324.15,329.65,50427067.0,1636183624.0,1004985657.0000001,0.05017690217642578
2024-04-16,324.76,328.83,315.6,316.41,45169361.0,1423882068.0,1004985657.0000001,0.04494527925387098
2024-04-17,320.69,333.82,318.24,333.51,48825109.0,1575781314.0,1004985657.0000001,0.04858289136757302
2024-04-18,328.63,341.45,323.33,330.97,53128158.0,1732165499.0,1004985657.0000001,0.05286459327050873
2024-04-19,326.69,330.36,316.41,320.38,42305681.0,1337539854.0,1004985657.0000001,0.04209580575138496
2024-04-22,309.28,316.41,295.95,310.71,39386636.0,1195210906.0,1004985657.0000001,0.039191241910430566
2024-04-23,314.48,316.51,307.66,311.63,25185727.0,769646434.0,1004985657.0000001,0.025060782534133217
2024-04-24,313.56,327.2,311.12,326.39,45101720.0,1425335580.0,1004985657.0000001,0.04487797381569993
2024-04-25,322.32,327.51,320.69,321.81,27148928.0,861886516.0,1004985657.0000001,0.027014244244084766
2024-04-26,318.65,346.34,318.65,341.25,79288472.0,2611886618.0,1004985657.0000001,0.07889512795305495
2024-04-29,344.61,346.54,340.33,344.61,57184696.0,1929181566.0,1004985657.0000001,0.05690100709566644
2024-04-30,344.51,348.58,340.23,342.47,36343732.0,1227015360.0,1004985657.0000001,0.03616343352450452
2024-05-06,348.58,350.21,341.56,343.08,37594958.0,1271560112.0,1004985657.0000001,0.03740845228799121
2024-05-07,343.59,344.71,330.87,335.35,43272417.0,1435005331.0,1004985657.0000001,0.04305774584800865
2024-05-08,334.02,334.94,328.32,329.03,22456276.0,729833135.0,1004985657.0000001,0.022344872131841775
2024-05-09,328.83,335.96,328.02,333.72,27734070.0,906176789.0,1004985657.0000001,0.02759648339936457
2024-05-10,333.72,333.72,320.79,322.52,33813873.0,1077436871.0,1004985657.0000001,0.03364612496156251
2024-05-13,320.69,323.54,317.12,318.55,22410244.0,703824208.0,1004985657.0000001,0.022299068493074024
2024-05-14,320.18,327.0,318.45,320.18,22930367.0,724213354.0,1004985657.0000001,0.02281661120264127
2024-05-15,318.75,323.54,316.31,320.48,21954952.0,691412535.0,1004985657.0000001,0.02184603516187296
2024-05-16,324.96,327.61,321.3,321.6,30293377.0,966183010.0,1004985657.0000001,0.030143093873030265
2024-05-17,319.97,325.27,316.31,324.66,26393562.0,833422602.0,1004985657.0000001,0.026262625557053096
2024-05-20,325.57,330.56,320.79,328.93,28474787.0,916473700.0,1004985657.0000001,0.028333525758965132
2024-05-21,327.41,329.34,321.91,323.54,18170894.0,579688064.0,1004985657.0000001,0.018080749584269935
2024-05-22,321.2,323.94,319.77,321.6,16472056.0,520060128.0,1004985657.0000001,0.016390339389689416
2024-05-23,324.25,324.66,311.22,313.56,30891330.0,956888948.0,1004985657.0000001,0.03073808047391864
2024-05-24,312.34,318.24,307.25,307.76,25872467.0,794167825.0,1004985657.0000001,0.025744115669503527
2024-05-27,308.67,313.36,304.5,312.54,19617798.0,594344299.0,1004985657.0000001,0.019520475604160783
2024-05-28,311.73,317.84,310.81,311.01,20232596.0,623170099.0,1004985657.0000001,0.02013222363829218
2024-05-29,311.52,313.36,304.19,306.43,20082432.0,606816365.0,1004985657.0000001,0.01998280459041417
2024-05-30,305.11,307.45,301.14,305.52,14123517.0,422352676.0,1004985657.0000001,0.01405345131209171
2024-05-31,305.82,311.22,303.99,305.01,14923725.0,450429303.0,1004985657.0000001,0.01484968954139014
2024-06-03,304.4,310.71,303.18,307.86,20893931.0,631303906.0,1004985657.0000001,0.020790277805924944
2024-06-04,307.35,309.08,303.07,307.04,18743255.0,562563829.0,1004985657.0000001,0.018650271145113466
2024-06-05,305.82,308.88,302.97,302.97,15134696.0,454469118.0,1004985657.0000001,0.01505961393039065
2024-06-06,304.4,310.51,304.3,305.21,26283353.0,793045896.0,1004985657.0000001,0.026152963295475166
2024-06-07,305.62,307.35,295.54,296.86,25999520.0,764627656.0,1004985657.0000001,0.0258705383692854
2024-06-11,295.23,302.26,292.28,301.55,18853201.0,553580556.0,1004985657.0000001,0.018759671711414284
2024-06-12,302.26,306.46,301.55,303.49,13757185.0,408866738.0,1004985657.0000001,0.013688936657132807
2024-06-13,303.49,308.3,302.16,304.1,18453765.0,549953069.0,1004985657.0000001,0.018362217282868146
2024-06-14,303.59,316.9,302.47,314.95,48801662.0,1494874807.0,1004985657.0000001,0.04855956068634718
2024-06-17,312.29,319.25,311.98,314.95,31677730.0,975553405.0,1004985657.0000001,0.03152057920364927
2024-06-18,315.77,321.81,314.64,318.63,33674408.0,1049418333.0,1004985657.0000001,0.03350735183676357
2024-06-19,318.94,318.94,313.31,313.42,21604828.0,665285862.0,1004985657.0000001,0.021497648100265374
2024-06-20,312.09,314.44,303.9,303.9,23871900.0,718001830.0,1004985657.0000001,0.023753473329420856
2024-06-21,301.85,316.69,298.58,310.45,25159908.0,758837840.0,1004985657.0000001,0.025035091620218015
2024-06-24,307.07,314.24,299.4,300.83,27736161.0,834571414.0,1004985657.0000001,0.027598564026073455
2024-06-25,299.6,303.7,295.2,296.94,28078923.0,821686956.0,1004985657.0000001,0.02793962561000012
2024-06-26,298.37,307.99,294.9,307.17,28854830.0,856060318.0,1004985657.0000001,0.02871168339470142
2024-06-27,304.92,305.13,299.19,299.3,18836811.0,556082695.0,1004985657.0000001,0.018743363020951052
2024-06-28,298.27,309.43,297.86,306.25,30630937.0,916742819.0,1004985657.0000001,0.03047897926368117
2024-07-01,309.84,310.55,303.08,308.91,23519823.0,706313390.0,1004985657.0000001,0.02340314295649694
2024-07-02,307.79,307.99,303.08,303.9,16340000.0,486622804.0,1004985657.0000001,0.016258938509408
2024-07-03,302.06,302.67,295.31,295.61,20401330.0,594477015.0,1004985657.0000001,0.020300120561820116
2024-07-04,296.64,299.71,294.79,295.41,15139037.0,439004642.0,1004985657.0000001,0.015063933395021574
2024-07-05,294.59,301.34,289.17,299.5,20051808.0,579323530.0,1004985657.0000001,0.01995233251373656
2024-07-08,298.78,302.37,295.1,296.02,14629582.0,427670210.0,1004985657.0000001,0.014557005762322037
2024-07-09,295.61,311.78,293.67,311.57,43457170.0,1301562392.0,1004985657.0000001,0.04324158230250245
2024-07-10,311.06,315.67,308.4,312.6,30597182.0,934497425.0,1004985657.0000001,0.030445391719655157
2024-07-11,318.23,318.84,309.84,315.97,30090489.0,923975833.0,1004985657.0000001,0.02994121238488481
2024-07-12,312.09,313.52,309.73,310.86,16585777.0,504392797.0,1004985657.0000001,0.016503496228503885
2024-07-15,310.45,312.29,306.15,307.07,13803690.0,415882723.0,1004985657.0000001,0.013735210949383727
2024-07-16,306.15,310.45,299.71,309.53,19981069.0,595425877.0,1004985657.0000001,0.01988194444450663
2024-07-17,307.79,311.88,301.65,301.65,17680807.0,529034987.0,1004985657.0000001,0.017593093868403336
2024-07-18,297.56,300.22,290.19,297.76,23098521.0,665037370.0,1004985657.0000001,0.022983931003504855
2024-07-19,295.41,301.75,294.69,298.17,19049357.0,555863633.0,1004985657.0000001,0.01895485459649699
2024-07-22,298.68,302.67,297.04,299.09,15257148.0,446410661.0,1004985657.0000001,0.015181458455381715
2024-07-23,299.5,299.6,289.17,289.47,21122033.0,604325601.0,1004985657.0000001,0.021017248209344343
2024-07-24,288.55,291.62,283.44,286.51,16755380.0,470419787.0,1004985657.0000001,0.016672257840989264
2024-07-25,285.28,287.43,281.9,283.84,12234588.0,340170263.0,1004985657.0000001,0.012173893144427232
2024-07-26,284.36,288.86,283.84,287.53,9809834.0,275036587.0,1004985657.0000001,0.009761168163616885
2024-07-29,287.63,291.21,285.99,285.99,10167582.0,286513246.0,1004985657.0000001,0.010117141403143426
2024-07-30,284.46,287.73,279.34,287.22,11668839.0,323647820.0,1004985657.0000001,0.011610950781957279
2024-07-31,286.3,296.74,285.58,296.53,21979694.0,630553079.0,1004985657.0000001,0.021870654418702812
2024-08-01,297.97,301.34,295.41,298.48,19522346.0,569411226.0,1004985657.0000001,0.019425497134234224
2024-08-02,294.69,302.26,293.57,293.97,15051037.0,437196399.0,1004985657.0000001,0.014976369956292817
2024-08-05,290.19,296.64,285.07,285.18,17342074.0,491663042.0,1004985657.0000001,0.01725604129691574
2024-08-06,289.06,291.31,286.51,289.37,11205977.0,316667337.0,1004985657.0000001,0.011150385004947388
2024-08-07,289.37,293.16,287.32,287.63,9242510.0,261963259.0,1004985657.0000001,0.0091966586146015
2024-08-08,286.51,291.42,284.05,289.06,10355211.0,291065961.0,1004985657.0000001,0.010303839590021133
2024-08-09,291.42,297.45,290.6,292.95,15581390.0,447610832.0,1004985657.0000001,0.015504091915612282
2024-08-12,291.21,294.69,289.88,292.34,7024753.0,200164352.0,1004985657.0000001,0.006989903737501797
2024-08-13,292.95,295.31,289.58,294.08,6841299.0,195601770.0,1004985657.0000001,0.0068073598387683254
2024-08-14,294.9,296.23,293.36,293.87,7826494.0,225433307.0,1004985657.0000001,0.007787667361704446
2024-08-15,293.67,298.27,292.64,294.49,9276428.0,267982634.0,1004985657.0000001,0.009230408349996978
2024-08-16,298.37,305.33,298.07,300.73,27872068.0,820834666.0,1004985657.0000001,0.027733796801838333
2024-08-19,299.6,314.75,299.6,310.96,31913288.0,965275861.0,1004985657.0000001,0.03175496861842278
2024-08-20,311.88,312.5,305.03,306.36,24101100.0,728711346.0,1004985657.0000001,0.023981536285746213
2024-08-21,305.13,309.94,304.62,306.77,12218040.0,367037192.0,1004985657.0000001,0.01215742723778992
2024-08-22,306.05,306.66,299.71,300.83,12757540.0,377845175.0,1004985657.0000001,0.012694250819541794
2024-08-23,299.81,303.08,297.45,299.91,10126900.0,297738841.0,1004985657.0000001,0.010076661223434752
2024-08-26,301.96,302.77,295.61,296.23,12496692.0,364384883.0,1004985657.0000001,0.012434696866524533
2024-08-27,294.69,294.69,289.58,290.09,10707500.0,304797639.0,1004985657.0000001,0.010654380911229262
2024-08-28,290.7,295.82,289.58,291.52,9101840.0,259599389.0,1004985657.0000001,0.009056686467715428
2024-08-29,288.35,299.81,285.48,296.12,14467795.0,416163665.0,1004985657.0000001,0.014396021375258292
2024-08-30,296.53,308.3,296.23,305.84,20622640.0,615326100.0,1004985657.0000001,0.020520332659832177
2024-09-02,304.92,308.3,297.76,297.76,14214054.0,419404663.0,1004985657.0000001,0.014143539164957454
2024-09-03,298.37,300.83,296.94,299.4,9202100.0,268696398.0,1004985657.0000001,0.009156449085521625
2024-09-04,295.71,298.68,293.16,295.82,9891148.0,285861759.0,1004985657.0000001,0.00984207877108041
2024-09-05,295.71,301.14,295.41,298.07,8768400.0,255382677.0,1004985657.0000001,0.008724900638059552
2024-09-06,298.17,307.38,297.25,298.89,17677600.0,521959196.0,1004985657.0000001,0.017589902778085118
2024-09-09,297.76,301.96,294.69,295.71,10595300.0,307725375.0,1004985657.0000001,0.010542737526850096
2024-09-10,296.74,300.32,291.42,298.68,11912902.0,344031940.0,1004985657.0000001,0.011853803004076105
2024-09-11,297.76,299.19,294.38,296.12,8660571.0,250533383.0,1004985657.0000001,0.008617606569483608
2024-09-12,298.07,301.24,291.83,292.13,11015490.0,319193847.0,1004985657.0000001,0.01096084299638915
2024-09-13,292.24,297.25,290.91,291.11,10913501.0,313566898.0,1004985657.0000001,0.010859359956019748
2024-09-18,291.11,292.03,285.48,291.11,9234052.0,260462141.0,1004985657.0000001,0.009188242574092776
2024-09-19,293.16,296.64,288.55,291.21,15081022.0,430976345.0,1004985657.0000001,0.015006206203000565
2024-09-20,291.31,292.13,286.61,288.86,9848264.0,278106898.0,1004985657.0000001,0.009799407515325364
2024-09-23,289.27,292.34,286.71,290.09,8777370.0,248998772.0,1004985657.0000001,0.008733826138575427
2024-09-24,291.72,303.7,290.19,303.59,24694377.0,719711112.0,1004985657.0000001,0.024571870083913046
2024-09-25,305.84,310.24,303.18,303.8,23115987.0,693389889.0,1004985657.0000001,0.02300131035601436
2024-09-26,303.8,310.65,303.08,310.65,21673617.0,651622359.0,1004985657.0000001,0.021566095843296197
2024-09-27,315.67,330.71,314.44,328.05,37246212.0,1173367942.0,1004985657.0000001,0.03706143639023098
2024-09-30,338.69,359.05,337.56,357.31,59215137.0,2019438497.0,1004985657.0000001,0.05892137523311936
2024-10-08,393.02,393.02,361.2,390.57,72188587.0,2713525614.0,1004985657.0000001,0.07183046493966032
2024-10-09,378.6,389.44,361.61,364.58,59153327.0,2179924360.0,1004985657.0000001,0.05885987186780318
2024-10-10,366.83,373.48,354.96,358.44,38932021.0,1386470276.0,1004985657.0000001,0.038738882220684265
2024-10-11,356.9,359.36,334.29,337.87,30046257.0,1010921514.0,1004985657.0000001,0.02989719981645469
2024-10-14,337.87,345.65,331.12,344.73,27485005.0,912611598.0,1004985657.0000001,0.027348653991785276
2024-10-15,344.73,350.25,335.83,336.03,27490553.0,922104806.0,1004985657.0000001,0.02735417446858149
2024-10-16,329.99,335.21,324.16,327.13,24922512.0,801905272.0,1004985657.0000001,0.02479887332362197
2024-10-17,329.48,333.88,325.59,326.0,27184467.0,877361745.0,1004985657.0000001,0.02704960693782319
2024-10-18,324.98,358.54,324.98,350.56,61228635.0,2058025702.0,1004985657.0000001,0.06092488442349978
2024-10-21,352.09,366.62,349.74,356.9,56932828.0,1991046640.0,1004985657.0000001,0.05665038859355581
2024-10-22,363.25,364.27,354.35,357.11,37902100.0,1326003223.0,1004985657.0000001,0.037714070580014254
2024-10-23,353.12,368.16,351.58,360.79,43466187.0,1534670699.0,1004985657.0000001,0.04325055456985492
2024-10-24,357.31,371.64,354.04,364.99,41161221.0,1461360323.0,1004985657.0000001,0.040957023329935935
2024-10-25,369.39,381.67,362.02,377.27,72100212.0,2645326700.0,1004985657.0000001,0.07174252836127788
2024-10-28,385.76,398.45,377.88,381.87,78482362.0,2966551960.0,1004985657.0000001,0.07809301700312724
2024-10-29,378.9,407.25,371.43,389.44,83444864.0,3159285648.0,1004985657.0000001,0.0830309004101538
2024-10-30,387.81,414.41,386.48,407.45,93487841.0,3698048978.0,1004985657.0000001,0.09302405496917454
2024-10-31,406.53,410.52,394.97,402.95,70338698.0,2770385699.0,1004985657.0000001,0.06998975309754096
2024-11-01,399.06,402.03,383.1,383.71,67010033.0,2551704893.0,1004985657.0000001,0.06667760135008573
2024-11-04,382.69,400.39,382.69,394.25,35267583.0,1355106542.0,1004985657.0000001,0.03509262321740776
2024-11-05,393.23,409.19,389.95,402.64,56627563.0,2221752872.0,1004985657.0000001,0.05634663798987929
2024-11-06,405.0,413.8,397.01,401.11,54118658.0,2145709541.0,1004985657.0000001,0.05385017947574549
2024-11-07,397.22,405.2,395.07,401.01,40634396.0,1584338293.0,1004985657.0000001,0.04043281186847823
2024-11-08,403.67,416.97,403.67,407.25,64622864.0,2599560267.0,1004985657.0000001,0.06430227491296425
2024-11-11,413.28,447.97,409.81,447.97,98420745.0,4182434641.0,1004985657.0000001,0.09793248720961596
2024-11-12,440.71,442.04,415.94,419.12,89391737.0,3752991224.0,1004985657.0000001,0.08894827142791749
2024-11-13,415.43,423.0,407.25,417.27,49820329.0,2022018145.0,1004985657.0000001,0.049573174157250675
2024-11-14,417.89,420.14,397.12,400.19,45907980.0,1829037742.0,1004985657.0000001,0.045680234021489116
2024-11-15,398.55,404.18,383.71,384.22,43866596.0,1685376803.0,1004985657.0000001,0.04364897717142245
2024-11-18,384.33,386.48,368.98,372.66,37129106.0,1365960326.0,1004985657.0000001,0.03694491134414269
2024-11-19,375.53,384.74,370.41,383.92,31232748.0,1153832830.0,1004985657.0000001,0.03107780472532654
2024-11-20,383.92,387.4,380.13,384.02,36571348.0,1371870480.0,1004985657.0000001,0.036389920338932756
2024-11-21,382.89,385.86,377.06,381.56,28233310.0,1054197571.0,1004985657.0000001,0.028093246707898038
2024-11-22,381.15,383.81,364.17,364.27,30644012.0,1120899660.0,1004985657.0000001,0.030491989399605925
2024-11-25,364.78,367.14,354.76,361.51,28819602.0,1012994161.0,1004985657.0000001,0.028676630158115776
2024-11-26,361.61,368.98,358.85,359.15,22162322.0,787579410.0,1004985657.0000001,0.022052376415159124
2024-11-27,359.87,366.32,354.14,366.22,27669692.0,975341801.0,1004985657.0000001,0.027532424773700027
2024-11-28,365.29,368.26,360.18,360.49,25330266.0,899006483.0,1004985657.0000001,0.025204604487206125
2024-11-29,360.18,370.21,357.42,365.4,31322470.0,1115537222.0,1004985657.0000001,0.031167081621344968
2024-12-02,366.32,374.3,365.09,373.17,35621427.0,1291640388.0,1004985657.0000001,0.0354447118243798
2024-12-03,372.87,373.58,366.42,369.9,27387490.0,988347250.0,1004985657.0000001,0.02725162275624397
2024-12-04,370.41,373.17,362.12,364.07,22804000.0,816621675.0,1004985657.0000001,0.02269087109966585
2024-12-05,363.86,383.92,362.74,378.19,46225894.0,1696307635.0,1004985657.0000001,0.04599657087444383
2024-12-06,377.68,386.48,375.94,382.69,33601945.0,1253282817.0,1004985657.0000001,0.033435248320165825
2024-12-09,390.67,391.9,381.97,382.89,31677365.0,1194450823.0,1004985657.0000001,0.03152021601438636
2024-12-10,394.97,397.63,382.69,383.2,35714894.0,1357443228.0,1004985657.0000001,0.035537715141739576
2024-12-11,385.25,397.53,384.02,397.01,44409082.0,1706907543.0,1004985657.0000001,0.044188771939856646
2024-12-12,397.01,400.6,387.91,393.64,33802513.0,1300156071.0,1004985657.0000001,0.033634821317653885
2024-12-13,389.85,392.82,384.53,385.45,27656885.0,1046853895.0,1004985657.0000001,0.02751968130824776
2024-12-16,388.83,396.91,385.76,388.32,33879923.0,1296629371.0,1004985657.0000001,0.0337118472925629
2024-12-17,386.37,399.68,384.74,386.88,31200756.0,1194278311.0,1004985657.0000001,0.03104597143519233
2024-12-18,389.54,392.61,381.15,388.32,27306521.0,1031832914.0,1004985657.0000001,0.027171055437261823
2024-12-19,381.77,424.13,381.77,415.43,86224602.0,3438609663.0,1004985657.0000001,0.08579684834248336
2024-12-20,411.34,423.93,407.25,417.17,61803376.0,2520089752.0,1004985657.0000001,0.061496774177345295
2024-12-23,422.19,425.26,408.78,409.29,46138800.0,1880554343.0,1004985657.0000001,0.04590990894111834
2024-12-24,408.27,415.43,402.03,408.99,32218623.0,1281677765.0,1004985657.0000001,0.032058788874834654
2024-12-25,411.34,416.76,406.12,409.6,31623150.0,1268463758.0,1004985657.0000001,0.03146626997085591
2024-12-26,405.61,446.74,403.15,441.53,77509709.0,3253298706.0,1004985657.0000001,0.07712518926028811
2024-12-27,442.04,465.37,437.94,439.79,98435656.0,4345120211.0,1004985657.0000001,0.0979473242372851
2024-12-30,442.04,474.06,442.04,457.39,82473110.0,3712606627.0,1004985657.0000001,0.08206396720744442
2024-12-31,453.09,462.09,439.68,443.06,56808440.0,2491178973.0,1004985657.0000001,0.05652661767291271
2025-01-02,441.22,442.96,415.84,418.81,50272867.0,2099748973.0,1004985657.0000001,0.050023467150835166
2025-01-03,423.21,424.64,403.05,404.48,36443395.0,1473836187.0,1004985657.0000001,0.036262602103982064
2025-01-06,405.2,418.09,394.97,399.37,32577292.0,1284756585.0,1004985657.0000001,0.03241567854535062
2025-01-07,401.41,413.39,397.12,410.32,37495003.0,1486860094.0,1004985657.0000001,0.03730899315710333
2025-01-08,405.71,423.72,399.37,417.07,49176391.0,1979970876.0,1004985657.0000001,0.04893243068443114
2025-01-09,415.23,424.64,412.67,415.23,36674254.0,1499468496.0,1004985657.0000001,0.03649231583013527
2025-01-10,412.67,416.05,398.04,398.14,36078272.0,1431647031.0,1004985657.0000001,0.03589929045126661
2025-01-13,391.9,398.45,383.92,388.52,28825394.0,1099620060.0,1004985657.0000001,0.02868239342444665
2025-01-14,392.92,408.58,382.38,406.33,37612036.0,1464928702.0,1004985657.0000001,0.03742544556533904
2025-01-15,406.12,407.86,391.9,393.43,34929532.0,1358664721.0,1004985657.0000001,0.034756249262570316
2025-01-16,399.06,417.48,396.91,409.6,54901208.0,2191553189.0,1004985657.0000001,0.05462884730503173
2025-01-17,407.14,411.75,400.8,407.76,34693548.0,1379027679.0,1004985657.0000001,0.03452143596115024
2025-01-20,412.16,417.48,405.51,410.21,36869608.0,1481627756.0,1004985657.0000001,0.03668670069387865
2025-01-21,416.66,428.53,416.56,423.93,52451010.0,2160567944.0,1004985657.0000001,0.052190804549959856
2025-01-22,422.8,434.87,421.16,428.12,45784835.0,1920000606.0,1004985657.0000001,0.045557699934418064
2025-01-23,433.13,439.68,418.3,421.78,47156146.0,1973227870.0,1004985657.0000001,0.046922207965401835
2025-01-24,421.06,438.25,419.53,431.8,48040503.0,2031342039.0,1004985657.0000001,0.04780217773794556
2025-01-27,428.73,428.73,402.13,402.13,47701780.0,1916020050.0,1004985657.0000001,0.04746513511684873
2025-02-05,404.79,406.74,383.1,389.24,57438637.0,2183755108.0,1004985657.0000001,0.057153688313782564
2025-02-06,390.67,405.2,386.07,405.0,44929391.0,1742780090.0,1004985657.0000001,0.04470649972669211
2025-02-07,405.81,427.4,405.2,421.67,67898088.0,2767697528.0,1004985657.0000001,0.06756125077713422
2025-02-10,419.63,421.27,412.87,417.68,44903348.0,1829104793.0,1004985657.0000001,0.04468058592402378
2025-02-11,419.42,436.61,412.47,424.64,50134457.0,2072860418.0,1004985657.0000001,0.0498857437922619
2025-02-12,424.74,438.76,424.64,435.28,56563461.0,2394084394.0,1004985657.0000001,0.05628285399499985
2025-02-13,434.87,434.98,419.83,421.06,42184600.0,1753713268.0,1004985657.0000001,0.04197532542496773
2025-02-14,421.06,444.9,420.86,435.69,63060681.0,2695852779.0,1004985657.0000001,0.0627478417833778
2025-02-17,445.11,464.24,439.99,460.05,79132450.0,3511101950.0,1004985657.0000001,0.07873987996626701
2025-02-18,455.34,463.12,439.89,445.52,56032474.0,2477073291.0,1004985657.0000001,0.0557545011809059
2025-02-19,447.66,466.7,443.06,466.59,62176774.0,2783152134.0,1004985657.0000001,0.06186831977841848
2025-02-20,474.58,489.62,465.16,475.09,81707511.0,3803680633.0,1004985657.0000001,0.0813021662855433
2025-02-21,489.21,512.44,482.97,503.43,89910174.0,4398699088.0,1004985657.0000001,0.08946413650160183
2025-02-24,492.28,494.12,477.65,480.0,69364145.0,3279409807.0,1004985657.0000001,0.06902003478045657
2025-02-25,466.8,476.93,462.6,466.29,52084682.0,2382641611.0,1004985657.0000001,0.05182629387515726
2025-02-26,467.92,488.49,461.48,480.61,56206422.0,2615758690.0,1004985657.0000001,0.05592758623817851
2025-02-27,480.92,480.92,454.01,459.84,55225873.0,2502264255.0,1004985657.0000001,0.05495190166679164
2025-02-28,450.53,468.64,444.8,454.32,47435398.0,2116659134.0,1004985657.0000001,0.04720007461758232
2025-03-03,455.65,459.43,435.49,441.42,49929627.0,2165547286.0,1004985657.0000001,0.04968192993822995
2025-03-04,433.34,446.13,431.09,444.9,28420473.0,1226637314.0,1004985657.0000001,0.02827948120656611
2025-03-05,445.11,452.99,442.65,449.81,28275673.0,1237721479.0,1004985657.0000001,0.028135399548294245
2025-03-06,454.42,462.71,453.29,460.35,40162960.0,1800097151.0,1004985657.0000001,0.03996371462642675
2025-03-07,455.85,473.35,454.11,468.64,48092812.0,2179388252.0,1004985657.0000001,0.047854227236996276
2025-03-10,471.71,485.73,469.56,472.12,51135242.0,2389246216.0,1004985657.0000001,0.05088156397440008
2025-03-11,462.3,466.19,453.29,461.07,33820037.0,1517074638.0,1004985657.0000001,0.03365225838242983
2025-03-12,463.32,474.88,459.12,467.72,31911131.0,1459332485.0,1004985657.0000001,0.031752822319134844
2025-03-13,466.7,466.8,439.99,440.3,45369944.0,1995159576.0,1004985657.0000001,0.045144867176945186
2025-03-14,440.5,458.31,439.48,457.39,33831293.0,1497421839.0,1004985657.0000001,0.033663458542274496
2025-03-17,457.69,459.12,451.25,455.44,22361632.0,994646049.0,1004985657.0000001,0.022250697653488995
2025-03-18,465.57,470.69,459.02,464.45,31059972.0,1408995719.0,1004985657.0000001,0.03090588585385154
2025-03-19,460.97,461.07,448.99,452.47,27149661.0,1200497174.0,1004985657.0000001,0.027014973607727814
2025-03-20,450.33,451.96,445.21,446.23,18948661.0,829522711.0,1004985657.0000001,0.018854658141653456
2025-03-21,443.88,448.07,437.23,445.21,22992544.0,995552122.0,1004985657.0000001,0.022878479747298522
2025-03-24,444.59,444.9,424.23,433.13,31434002.0,1328340382.0,1004985657.0000001,0.031278060319621055
2025-03-25,433.03,439.38,423.41,425.77,19500120.0,822670002.0,1004985657.0000001,0.019403381395720752
2025-03-26,424.95,429.76,424.03,424.74,15183666.0,633182086.0,1004985657.0000001,0.015108340993965049
2025-03-27,422.6,429.96,417.99,425.05,16428801.0,681216189.0,1004985657.0000001,0.016347298974437003
2025-03-28,424.85,426.59,419.83,421.47,10963861.0,452837237.0,1004985657.0000001,0.010909470123910433
2025-03-31,419.53,422.6,412.36,420.45,15651000.0,638688262.0,1004985657.0000001,0.015573356585724884
2025-04-01,422.49,427.4,420.96,423.11,15551900.0,645073483.0,1004985657.0000001,0.015474748213247383
2025-04-02,423.11,432.21,421.88,427.92,17365451.0,726188671.0,1004985657.0000001,0.01727930232540622
2025-04-03,423.62,427.1,407.14,407.66,27410525.0,1111775385.0,1004985657.0000001,0.0272745434813703
2025-04-07,373.48,382.18,366.93,366.93,25592438.0,927602360.0,1004985657.0000001,0.025465475871960627
2025-04-08,360.69,365.81,332.24,346.16,52000455.0,1753721095.0,1004985657.0000001,0.051742484718863994
2025-04-09,339.61,360.69,330.81,358.44,39857731.0,1364626020.0,1004985657.0000001,0.039659999844156975
2025-04-10,373.38,385.66,368.98,380.44,40603227.0,1499407456.0,1004985657.0000001,0.040401797495503954
2025-04-11,375.53,384.53,373.89,384.02,29461603.0,1093338254.0,1004985657.0000001,0.029315446240244198
2025-04-14,396.81,398.65,385.86,390.06,33027783.0,1267321626.0,1004985657.0000001,0.032863934693945586
2025-04-15,390.06,392.41,379.93,387.91,23108920.0,868722060.0,1004985657.0000001,0.022994278414860996
2025-04-16,384.84,389.54,381.77,385.76,18623620.0,701137549.0,1004985657.0000001,0.018531229645200795
2025-04-17,385.76,393.94,384.84,387.29,19410125.0,741137493.0,1004985657.0000001,0.01931383285403445
2025-04-18,386.78,395.17,386.27,393.23,18253966.0,699733781.0,1004985657.0000001,0.018163409470429884
2025-04-21,394.05,401.62,391.28,400.9,18480505.0,719085764.0,1004985657.0000001,0.01838882462777277
2025-04-22,399.06,402.85,394.46,399.06,17322220.0,676272362.0,1004985657.0000001,0.01723628579109164
2025-04-23,402.13,407.55,399.06,402.95,24274533.0,956288838.0,1004985657.0000001,0.024154108897894447
2025-04-24,402.03,402.13,395.38,397.01,16816777.0,654000556.0,1004985657.0000001,0.016733350255166875
2025-04-25,400.29,412.98,400.19,407.96,27055362.0,1077520930.0,1004985657.0000001,0.026921142417856415
2025-04-28,407.25,409.91,403.67,407.25,15843144.0,629045767.0,1004985657.0000001,0.01576454737403282
2025-04-29,406.22,409.7,403.26,406.22,13258759.0,527787595.0,1004985657.0000001,0.013192983310407582
2025-04-30,407.66,418.4,405.0,414.92,24656843.0,997912470.0,1004985657.0000001,0.024534522287217076
2025-05-06,419.63,428.53,417.99,427.3,24990765.0,1037431373.0,1004985657.0000001,0.024866787725707808
2025-05-07,432.83,439.58,427.3,431.6,31220220.0,1322281851.0,1004985657.0000001,0.03106533887577661
2025-05-08,430.27,444.59,428.73,442.86,31801586.0,1369886400.0,1004985657.0000001,0.03164382076350369
2025-05-09,439.99,443.26,434.87,438.97,22159350.0,950940407.0,1004985657.0000001,0.022049419159023875
2025-05-12,442.04,445.31,438.86,442.45,19746162.0,853449148.0,1004985657.0000001,0.0196482028001719
2025-05-13,446.95,446.95,435.69,436.1,19803928.0,852256387.0,1004985657.0000001,0.01970568222746287
2025-05-14,438.86,445.72,432.01,442.04,33540461.0,1441965469.0,1004985657.0000001,0.03337406933758856
2025-05-15,445.62,460.46,436.2,436.82,26915003.0,1163657211.0,1004985657.0000001,0.02678147972812312
2025-05-16,434.77,445.62,433.95,439.07,17836652.0,768577468.0,1004985657.0000001,0.017748165733274736
2025-05-19,436.1,437.33,427.2,429.04,20865759.0,877237070.0,1004985657.0000001,0.02076224556506282
2025-05-20,429.25,433.85,426.28,433.03,13425251.0,566047070.0,1004985657.0000001,0.013358649356326085
2025-05-21,433.13,433.13,428.22,430.58,9358734.0,393790589.0,1004985657.0000001,0.009312306036224354
2025-05-22,430.47,432.42,426.28,426.69,9473034.0,397125456.0,1004985657.0000001,0.009426039002664094
2025-05-23,426.79,439.79,426.79,428.33,22884824.0,971832304.0,1004985657.0000001,0.022771294137981908
2025-05-26,431.6,439.48,430.78,434.57,15169196.0,644044584.0,1004985657.0000001,0.015093942778528628
2025-05-27,434.26,434.57,423.82,427.51,15385690.0,643335435.0,1004985657.0000001,0.015309362768348442
2025-05-28,427.92,430.27,425.05,427.71,10560794.0,441312571.0,1004985657.0000001,0.010508402708477659
2025-05-29,428.63,442.96,425.97,439.89,23901768.0,1024199433.0,1004985657.0000001,0.023783193156556658
2025-05-30,436.92,438.25,430.17,431.7,13005338.0,549975688.0,1004985657.0000001,0.012940819512611211
2025-06-03,429.86,434.57,429.35,430.88,9477797.0,400322542.0,1004985657.0000001,0.009430778373785288
2025-06-04,433.54,441.63,432.42,438.05,17322923.0,742858347.0,1004985657.0000001,0.017236985303562394
2025-06-05,438.15,455.34,437.84,453.7,33074426.0,1453760520.0,1004985657.0000001,0.03291034630158905
2025-06-06,453.29,460.46,450.73,458.1,24015328.0,1072877526.0,1004985657.0000001,0.023896189794079814
2025-06-09,460.46,468.44,458.82,461.58,25463135.0,1151101016.0,1004985657.0000001,0.02533681433425671
2025-06-10,459.43,459.84,451.55,454.42,18453987.0,820706995.0,1004985657.0000001,0.01836243818154312
2025-06-11,454.72,459.12,453.39,453.5,12677349.0,565221763.0,1004985657.0000001,0.012614457640961137
2025-06-12,452.47,465.06,450.73,459.74,21466200.0,966902014.0,1004985657.0000001,0.021359707823173438
2025-06-13,457.28,466.59,455.85,460.76,19564242.0,879961729.0,1004985657.0000001,0.019467185291381722
2025-06-16,457.49,472.12,456.87,465.78,22174543.0,1013277530.0,1004985657.0000001,0.022064536787712582
2025-06-17,466.59,467.31,455.95,457.28,17436865.0,786073805.0,1004985657.0000001,0.01735036204601276
2025-06-18,460.46,461.27,451.66,457.79,18921610.0,844907099.0,1004985657.0000001,0.01882774133959605
2025-06-19,455.95,461.48,447.26,449.81,17063048.0,756524600.0,1004985657.0000001,0.016978399523566532
2025-06-20,449.51,457.42,448.68,452.59,15672153.0,690361844.0,1004985657.0000001,0.015594404647309308
2025-06-23,448.68,467.08,448.17,456.19,20315686.0,909122566.0,1004985657.0000001,0.020214901435155506
2025-06-24,462.66,477.88,462.66,475.72,36499073.0,1677556511.0,1004985657.0000001,0.03631800388968138
2025-06-25,476.95,485.07,472.74,479.01,24103976.0,1119413075.0,1004985657.0000001,0.02398439801813012
2025-06-26,480.24,486.41,476.64,477.46,20582090.0,963584851.0,1004985657.0000001,0.020479983825281597
2025-06-27,478.18,481.88,471.3,476.23,20889083.0,968525605.0,1004985657.0000001,0.02078545385648225
2025-06-30,480.65,487.85,479.31,483.22,24774265.0,1164613839.0,1004985657.0000001,0.024651361765653534
2025-07-01,483.12,483.12,475.0,477.57,18842903.0,876166229.0,1004985657.0000001,0.018749424799004866
2025-07-02,475.92,476.85,463.69,465.33,22219058.0,1013057385.0,1004985657.0000001,0.022108830952201338
2025-07-03,467.39,472.43,466.88,470.68,15349996.0,701905237.0,1004985657.0000001,0.015273845843553166
2025-07-04,469.34,473.87,462.87,464.1,18394045.0,834399315.0,1004985657.0000001,0.018302793549221767
2025-07-07,462.56,465.13,452.28,457.11,17564462.0,780258933.0,1004985657.0000001,0.017477326047052228
2025-07-08,457.73,464.1,455.47,461.84,36862993.0,1652741565.0,1004985657.0000001,0.03668011851038785
2025-07-09,478.59,496.38,476.23,486.41,62163477.0,2954337542.0,1004985657.0000001,0.06185508874381875
2025-07-10,491.14,491.14,477.98,484.97,27710732.0,1303957130.0,1004985657.0000001,0.027573261177398074
2025-07-11,483.12,484.97,475.92,476.33,25851600.0,1205337743.0,1004985657.0000001,0.02572335218909497
2025-07-14,476.23,478.8,470.78,472.22,18986256.0,875008218.0,1004985657.0000001,0.01889206663573309
2025-07-15,474.79,500.18,474.59,496.17,56297416.0,2693814976.0,1004985657.0000001,0.056018128823902204
2025-07-16,496.17,504.6,489.8,490.31,38698063.0,1875331631.0,1004985657.0000001,0.0385060848684331
2025-07-17,490.31,519.09,489.18,509.33,45818414.0,2261227703.0,1004985657.0000001,0.04559111235156662
2025-07-18,511.39,516.01,500.49,501.83,28674714.0,1412158285.0,1004985657.0000001,0.02853246093640518
2025-07-21,498.64,501.83,490.52,495.14,29911351.0,1440895939.0,1004985657.0000001,0.029762963074805353
2025-07-22,495.45,518.48,494.22,501.0,42318889.0,2082000164.0,1004985657.0000001,0.04210894822750689
2025-07-23,495.76,497.51,490.31,493.71,24426724.0,1173835302.0,1004985657.0000001,0.024305544889980452
2025-07-24,501.21,502.34,489.29,494.12,28870218.0,1386260029.0,1004985657.0000001,0.028726995056010035
2025-07-25,494.22,495.14,487.33,491.85,19819109.0,947486391.0,1004985657.0000001,0.019720787915682658
2025-07-28,501.31,522.49,499.36,518.27,63865890.0,3187589874.0,1004985657.0000001,0.06354905620309763
2025-07-29,514.26,529.37,510.87,528.86,46709076.0,2366416869.0,1004985657.0000001,0.04647735584548745
2025-07-30,525.78,526.6,512.0,516.83,35158431.0,1772790692.0,1004985657.0000001,0.03498401271213366
2025-07-31,523.51,538.11,516.42,519.71,55189481.0,2833623454.0,1004985657.0000001,0.05491569020472099
2025-08-01,517.96,529.17,508.3,514.78,38707636.0,1948158358.0,1004985657.0000001,0.03851561037751208
2025-08-04,510.36,518.99,509.02,514.57,24265808.0,1212882788.0,1004985657.0000001,0.024145427181952308
2025-08-05,520.74,531.43,514.57,525.26,37810632.0,1920666336.0,1004985657.0000001,0.03762305634576832
2025-08-06,522.38,530.3,521.25,524.44,24644260.0,1258343379.0,1004985657.0000001,0.02452200171051794
2025-08-07,524.03,526.8,501.11,509.84,46335800.0,2300599112.0,1004985657.0000001,0.046105931639181585
2025-08-08,508.2,515.19,505.83,508.1,20565798.0,1020467361.0,1004985657.0000001,0.02046377264864786
2025-08-11,507.79,528.14,507.27,528.14,39848048.0,2016646246.0,1004985657.0000001,0.03965036488077958
2025-08-12,524.03,532.97,522.69,531.43,29831836.0,1531532886.0,1004985657.0000001,0.029683842542640382
2025-08-13,531.84,546.85,528.96,544.79,48746497.0,2567370715.0,1004985657.0000001,0.04850466935569409
2025-08-14,541.71,543.04,528.35,530.81,33976541.0,1769924371.0,1004985657.0000001,0.03380798597805262
2025-08-15,527.83,538.11,525.67,529.58,38165465.0,1969049003.0,1004985657.0000001,0.037976129046386975
2025-08-18,529.58,542.12,527.83,536.98,51377959.0,2680410648.0,1004985657.0000001,0.05112307687392199
2025-08-19,539.55,559.59,537.39,543.04,53922571.0,2873603985.0,1004985657.0000001,0.05365506524835906
2025-08-20,535.03,568.23,525.06,563.09,63880018.0,3406694308.0,1004985657.0000001,0.06356311411516989
2025-08-21,571.52,577.48,557.74,560.72,58900347.0,3244329545.0,1004985657.0000001,0.058608146882239524
2025-08-22,565.56,613.05,565.56,602.66,91449864.0,5298997964.0,1004985657.0000001,0.09099618821724138
2025-08-25,622.19,632.16,608.52,616.44,107222463.0,6462054023.0,1004985657.0000001,0.10669054055962511
2025-08-26,615.92,631.34,608.52,617.47,64680744.0,3899914035.0,1004985657.0000001,0.06435986777470994
2025-08-27,618.6,656.53,618.6,625.79,96064568.0,5990321804.0,1004985657.0000001,0.09558799902355222
2025-08-28,622.5,662.28,622.5,661.97,103501061.0,6486904585.0,1004985657.0000001,0.10298760015039696
2025-08-29,664.54,715.43,647.89,703.3,104143901.0,6924848473.0,1004985657.0000001,0.10362725107031054
2025-09-01,765.79,773.61,748.32,773.61,118784407.0,8846792823.0,1004985657.0000001,0.11819512663950385
2025-09-02,774.94,823.56,751.61,763.33,179469406.0,13651813724.0,1004985657.0000001,0.17857907199963152
2025-09-03,776.17,778.13,724.98,740.1,123072265.0,8881459336.0,1004985657.0000001,0.12246171290382903
2025-09-04,750.17,754.49,666.09,666.09,110211138.0,7427563271.0,1004985657.0000001,0.10966438897147364
2025-09-05,662.08,695.59,642.44,694.25,112267602.0,7321971466.0,1004985657.0000001,0.11171065101081337
2025-09-08,687.47,698.36,665.88,686.54,74977937.0,4963730957.0,1004985657.0000001,0.07460597718759283
2025-09-09,676.57,685.51,660.84,665.37,49938362.0,3263729733.0,1004985657.0000001,0.049690621604562855
2025-09-10,678.42,688.19,663.93,675.34,60036916.0,3955967241.0,1004985657.0000001,0.05973907745033618
2025-09-11,702.06,742.87,693.84,742.87,96421500.0,6762914567.0,1004985657.0000001,0.09594316031119238
2025-09-12,729.82,806.91,723.96,792.42,129052759.0,9702370398.0,1004985657.0000001,0.12841253813038248
2025-09-15,807.22,863.24,790.46,835.28,108957045.0,8874802908.0,1004985657.0000001,0.10841651743095472
2025-09-16,838.57,863.34,825.21,836.1,85602481.0,6998396308.0,1004985657.0000001,0.08517781363719501
2025-09-17,847.82,893.46,843.91,879.58,89780220.0,7636034108.0,1004985657.0000001,0.08933482719345913
2025-09-18,873.72,938.79,856.56,900.14,118228511.0,10303823168.0,1004985657.0000001,0.1176419883970543
2025-09-19,907.64,971.79,899.42,936.63,99194477.0,9033400433.0,1004985657.0000001,0.09870238078432594
2025-09-22,944.85,963.77,894.59,949.27,95266902.0,8677192453.0,1004985657.0000001,0.09479429018358616
2025-09-23,966.03,982.17,883.39,907.13,116212069.0,10381276079.0,1004985657.0000001,0.11563554981163277
2025-09-24,893.87,918.23,877.84,912.78,68842216.0,6036598539.0,1004985657.0000001,0.06850069503031722
2025-09-25,936.43,1004.06,926.97,1004.06,103228729.0,9829953455.0,1004985657.0000001,0.1027166191686256
2025-09-26,1007.35,1037.06,947.73,947.73,113027417.0,10866851673.0,1004985657.0000001,0.11246669662669623
2025-09-29,966.34,1026.37,955.96,1019.17,86196866.0,8411665963.0,1004985657.0000001,0.08576924993865857
2025-09-30,1029.86,1034.69,943.31,950.61,117961431.0,11196264340.0,1004985657.0000001,0.11737623336051252
2025-10-09,926.66,944.65,905.69,908.78,97048198.0,8675958044.0,1004985657.0000001,0.09656674931033368
2025-10-10,899.42,908.06,871.56,876.19,66952376.0,5778751246.0,1004985657.0000001,0.06662023038205409
2025-10-13,827.16,865.5,827.16,848.23,60802919.0,5008538296.0,1004985657.0000001,0.06050128036802419
2025-10-14,864.47,868.38,802.8,807.53,72241012.0,5860789391.0,1004985657.0000001,0.0718826298632439
2025-10-15,809.99,829.22,793.44,826.13,57469933.0,4540821786.0,1004985657.0000001,0.05718482905671956
2025-10-16,818.42,854.3,812.25,832.2,57095554.0,4639144218.0,1004985657.0000001,0.05681230732231236
2025-10-17,835.38,837.75,794.99,796.63,49130769.0,3850053104.0,1004985657.0000001,0.048887035011684746
2025-10-20,817.29,849.88,811.02,819.66,61602915.0,4968156920.0,1004985657.0000001,0.06129730764903841
2025-10-21,830.55,862.93,819.14,850.9,74471747.0,6120990656.0,1004985657.0000001,0.07410229835747795
2025-10-22,850.29,896.03,843.91,875.37,78475308.0,6683596768.0,1004985657.0000001,0.07808599799748187
2025-10-23,865.09,868.58,827.78,849.05,57540580.0,4709897872.0,1004985657.0000001,0.057255125582354446
2025-10-24,806.91,837.23,790.46,832.81,114474833.0,9035858279.0,1004985657.0000001,0.11390693210659422
2025-10-27,863.44,914.53,856.25,894.28,113734603.0,9740382067.0,1004985657.0000001,0.11317037433102389
2025-10-28,894.69,914.63,884.11,890.48,79798759.0,6973030542.0,1004985657.0000001,0.0794028834582661
2025-10-29,902.3,917.72,883.28,898.19,72427276.0,6357912530.0,1004985657.0000001,0.07206796982178224
2025-10-30,892.53,892.53,857.69,860.36,66721943.0,5641373654.0,1004985657.0000001,0.06639094054254746
2025-10-31,858.3,860.26,819.66,820.48,65266216.0,5305497366.0,1004985657.0000001,0.06494243529288497
2025-11-03,807.32,815.85,782.03,804.44,55571530.0,4307785229.0,1004985657.0000001,0.05529584388884467
2025-11-04,801.67,809.17,784.3,790.26,33622889.0,2600773561.0,1004985657.0000001,0.03345608841858327
2025-11-05,765.9,783.88,763.74,778.64,39219532.0,2950632506.0,1004985657.0000001,0.039024966900597265
2025-11-06,784.5,806.91,783.37,804.34,46289883.0,3588922583.0,1004985657.0000001,0.04606024242990763
2025-11-07,791.7,805.78,781.83,795.81,33521230.0,2588201119.0,1004985657.0000001,0.0333549337411091
2025-11-10,792.21,802.8,767.44,781.01,38375806.0,2908314395.0,1004985657.0000001,0.03818542656076931
2025-11-11,790.46,793.55,748.94,750.58,47229827.0,3512310833.0,1004985657.0000001,0.04699552343959471
2025-11-12,743.28,751.4,730.64,740.92,41790497.0,3008646879.0,1004985657.0000001,0.041583177539816364
2025-11-13,743.38,758.8,734.75,753.87,30101605.0,2186359277.0,1004985657.0000001,0.029952273239258774
2025-11-14,742.25,746.78,731.05,733.0,23583694.0,1693013866.0,1004985657.0000001,0.023466697097349717
2025-11-17,733.0,748.52,731.15,736.81,22853810.0,1638742010.0,1004985657.0000001,0.022740433996064482
2025-11-18,733.93,753.05,728.48,737.94,28675548.0,2064634089.0,1004985657.0000001,0.028533290798994953
2025-11-19,737.01,753.25,732.39,739.89,31174319.0,2254785212.0,1004985657.0000001,0.031019665587127872
2025-11-20,758.8,762.09,729.92,733.21,31347506.0,2259142593.0,1004985657.0000001,0.0311919934196633
2025-11-21,711.52,716.45,691.58,697.75,38647384.0,2650542252.0,1004985657.0000001,0.038455657283077024
2025-11-24,705.35,711.62,692.61,703.19,37747448.0,2582299170.0,1004985657.0000001,0.03756018579676107
2025-11-25,714.09,748.32,714.09,727.45,48793288.0,3479561405.0,1004985657.0000001,0.04855122822912088
2025-11-26,721.7,762.09,718.0,744.21,59068184.0,4289590017.0,1004985657.0000001,0.05877515125571588
2025-11-27,740.2,781.01,739.17,749.45,58969067.0,4372482548.0,1004985657.0000001,0.05867652596757408
2025-11-28,745.34,757.67,735.06,748.63,33704061.0,2446562233.0,1004985657.0000001,0.033536857730497936
2025-12-01,749.86,757.98,737.53,756.75,51118094.0,3726724310.0,1004985657.0000001,0.05086450104431689
2025-12-02,754.49,760.14,748.01,751.71,34071791.0,2495754230.0,1004985657.0000001,0.033902763450085735
2025-12-03,750.27,765.18,738.25,740.92,34528301.0,2513230738.0,1004985657.0000001,0.03435700873888193
2025-12-04,734.96,751.51,727.76,746.26,28619815.0,2062788347.0,1004985657.0000001,0.02847783428614643
2025-12-05,751.4,787.58,741.64,769.7,61387088.0,4582336204.0,1004985657.0000001,0.06108255135028259
2025-12-08,771.96,840.83,771.96,818.01,80887441.0,6409727656.0,1004985657.0000001,0.08048616459010817
2025-12-09,821.61,842.78,818.22,826.03,67546381.0,5449401601.0,1004985657.0000001,0.06721128856866859
2025-12-10,832.61,873.21,831.48,855.22,72170587.0,5968678018.0,1004985657.0000001,0.07181255423628398
2025-12-11,855.32,855.53,821.81,821.92,58520638.0,4759713791.0,1004985657.0000001,0.05823032158955478
2025-12-12,818.94,832.5,796.63,803.62,65017966.0,5145570184.0,1004985657.0000001,0.06469541684215299
2025-12-15,801.87,806.91,770.73,773.71,52252854.0,3963859798.0,1004985657.0000001,0.05199363158672422
2025-12-16,769.39,772.78,739.58,746.37,44554326.0,3255427497.0,1004985657.0000001,0.04433329539547846
2025-12-17,750.37,798.58,747.29,794.47,64051825.0,4823879385.0,1004985657.0000001,0.0637340687937798
2025-12-18,778.13,792.72,775.04,775.76,38046414.0,2892646525.0,1004985657.0000001,0.037857668649294955
2025-12-19,790.26,790.26,769.39,770.93,32468641.0,2457412313.0,1004985657.0000001,0.03230756655465382
2025-12-22,784.4,824.69,783.78,820.07,57441648.0,4541818431.0,1004985657.0000001,0.057156684376441794
2025-12-23,822.12,835.07,815.24,820.89,44233702.0,3537663795.0,1004985657.0000001,0.044014261986626536
2025-12-24,829.42,830.04,810.82,827.57,45861037.0,3671920505.0,1004985657.0000001,0.04563352390212271
2025-12-25,832.61,843.81,813.28,823.56,40457895.0,3246881291.0,1004985657.0000001,0.04025718647644341
2025-12-26,818.01,845.97,807.01,829.32,54480200.0,4367563991.0,1004985657.0000001,0.05420992789352813
2025-12-29,822.53,846.79,819.24,824.38,47533662.0,3834026014.0,1004985657.0000001,0.0472978511373919
2025-12-30,816.16,844.94,812.67,829.63,52285102.0,4237775151.0,1004985657.0000001,0.052025719606862
2025-12-31,832.61,833.12,807.22,815.44,43120631.0,3433086397.0,1004985657.0000001,0.042906712846748615
2026-01-05,817.7,861.9,817.7,842.17,70885475.0,5822592726.0,1004985657.0000001,0.07053381757865226
2026-01-06,837.75,840.62,815.65,824.28,63117003.0,5065668412.0,1004985657.0000001,0.06280388437424236
2026-01-07,824.38,871.67,824.38,853.99,89149509.0,7428771219.0,1004985657.0000001,0.08870724510250398
2026-01-08,862.21,872.9,841.65,845.97,58850491.0,4894244813.0,1004985657.0000001,0.05855853821404338
2026-01-09,838.26,865.4,811.64,853.47,73154584.0,5998983448.0,1004985657.0000001,0.0727916697024065
2026-01-12,858.72,879.58,845.97,867.04,61670319.0,5167837248.0,1004985657.0000001,0.061364377262948334
2026-01-13,873.72,873.83,818.73,822.64,75934926.0,6196136274.0,1004985657.0000001,0.07555821863833823
2026-01-14,823.05,868.58,820.27,845.87,82859787.0,6787226043.0,1004985657.0000001,0.08244872593241397
2026-01-15,837.44,855.74,823.46,854.81,55178325.0,4517744851.0,1004985657.0000001,0.05490458954878397
2026-01-16,863.44,863.55,843.91,848.95,46590578.0,3861580427.0,1004985657.0000001,0.04635944570500472
2026-01-19,842.89,846.69,827.47,831.07,43970542.0,3567530662.0,1004985657.0000001,0.04375240750326449
2026-01-20,831.89,832.4,789.54,793.55,62734979.0,4906957154.0,1004985657.0000001,0.0624237555660956
2026-01-21,784.81,832.61,784.09,822.53,52397589.0,4153869896.0,1004985657.0000001,0.05213764856745612
2026-01-22,829.93,831.99,808.55,827.36,37300660.0,2971418783.0,1004985657.0000001,0.03711561427786625
2026-01-23,826.13,826.13,802.8,804.13,45306082.0,3560007592.0,1004985657.0000001,0.045081321991444094
2026-01-26,801.77,822.33,797.25,799.1,33697438.0,2644830431.0,1004985657.0000001,0.03353026758669452
2026-01-27,799.71,811.64,776.07,803.72,40125199.0,3113651811.0,1004985657.0000001,0.039926140955860424
2026-01-28,802.49,820.07,793.24,805.88,38755218.0,3040088750.0,1004985657.0000001,0.03856295632684835
2026-01-29,800.74,801.46,772.78,773.3,44620451.0,3403843201.0,1004985657.0000001,0.044399092354409586
2026-01-30,770.93,805.88,758.49,795.71,46732078.0,3574236476.0,1004985657.0000001,0.04650024373432426
2026-02-02,786.35,809.27,768.36,768.67,35600742.0,2717023003.0,1004985657.0000001,0.035424129441083155
2026-02-03,778.64,808.25,777.82,803.31,61077647.0,4739902469.0,1004985657.0000001,0.06077464546342276
2026-02-04,795.6,800.64,769.08,785.94,49037496.0,3706214470.0,1004985657.0000001,0.0487942247319058
2026-02-05,772.17,794.88,761.78,767.13,32159461.0,2418061599.0,1004985657.0000001,0.03199992037299294
2026-02-06,759.42,778.95,749.55,759.83,28403268.0,2114579689.0,1004985657.0000001,0.02826236155925556
2026-02-09,776.07,803.31,776.07,790.87,54587772.0,4207276458.0,1004985657.0000001,0.05431696623706143
2026-02-10,786.35,807.94,785.01,785.63,29916680.0,2313918287.0,1004985657.0000001,0.029768265638043825
2026-02-11,780.9,790.26,768.26,769.08,27143486.0,2043788770.0,1004985657.0000001,0.027008829241430655
2026-02-12,770.21,793.44,770.21,787.79,37823343.0,2886144276.0,1004985657.0000001,0.03763570428746924
2026-02-13,778.13,780.8,769.9,770.21,25758634.0,1939836765.0,1004985657.0000001,0.025630847386312498
2026-02-24,823.36,847.2,816.78,847.2,73007529.0,5984318894.0,1004985657.0000001,0.0726453442310172
2026-02-25,880.92,893.25,864.68,885.03,127027376.0,10878679563.0,1004985657.0000001,0.1263972029005783
2026-02-26,885.54,923.89,873.72,910.21,97589966.0,8617897639.0,1004985657.0000001,0.09710582964071098
2026-02-27,892.43,934.16,876.81,923.68,93166869.0,8243885933.0,1004985657.0000001,0.092704675286724
2026-03-02,923.58,1005.81,923.06,976.21,90159020.0,8551276149.0,1004985657.0000001,0.08971174799562337
2026-03-03,1005.4,1036.13,974.87,985.05,132072413.0,12857093406.0,1004985657.0000001,0.13141721185778077
2026-03-04,964.69,1063.68,964.69,1043.84,117365778.0,11774585346.0,1004985657.0000001,0.1167835353495
2026-03-05,1079.31,1148.28,1023.28,1095.85,155232206.0,16508970347.0,1004985657.0000001,0.15446211089557865
2026-03-06,1097.29,1193.3,1089.58,1179.84,129693070.0,14352474418.0,1004985657.0000001,0.12904967259647168
2026-03-09,1151.26,1231.23,1115.28,1219.1,135658907.0,15417690881.0,1004985657.0000001,0.13498591353528142
2026-03-10,1228.25,1274.61,1198.03,1269.57,113779973.0,13637331128.0,1004985657.0000001,0.11321551925392304
2026-03-11,1264.23,1394.77,1263.3,1386.45,125882525.0,16412343340.0,1004985657.0000001,0.12525803141885036
2026-03-12,1374.73,1453.57,1269.47,1314.7,209811572.0,27737748289.0,1004985657.0000001,0.20877071283416335
2026-03-13,1287.97,1303.39,1219.0,1220.03,160209884.0,19453659274.0,1004985657.0000001,0.15941509501562964
2026-03-16,1220.54,1231.33,1160.3,1204.81,121625624.0,14089397403.0,1004985657.0000001,0.12102224857921529
2026-03-17,1212.83,1229.38,1138.92,1142.21,113108898.0,12941393275.0,1004985657.0000001,0.11254777340568552
2026-03-18,1175.31,1194.43,1148.59,1179.84,98410024.0,11207723915.0,1004985657.0000001,0.09792181939567719
2026-03-19,1164.01,1259.29,1164.01,1233.39,124060235.0,14849466686.0,1004985657.0000001,0.12344478166020233
2026-03-20,1265.25,1292.7,1192.38,1193.2,146654161.0,17808423998.0,1004985657.0000001,0.14592662092091926
2026-03-23,1144.06,1213.76,1144.06,1165.03,95536247.0,10955313748.0,1004985657.0000001,0.09506229898363613
2026-03-24,1167.09,1183.64,1084.96,1151.26,116869724.0,12862573675.0,1004985657.0000001,0.11628994223546416
2026-03-25,1168.32,1217.46,1166.68,1189.7,103475355.0,11968326898.0,1004985657.0000001,0.1029620216758974
2026-03-26,1091.33,1126.9,1075.19,1082.9,138712095.0,14813860874.0,1004985657.0000001,0.13802395490306982
2026-03-27,1060.6,1143.45,1060.6,1125.56,98008151.0,10598647402.0,1004985657.0000001,0.09752194005690172
2026-03-30,1120.42,1135.84,1085.16,1099.35,59360359.0,6361153264.0,1004985657.0000001,0.0590658767978815
2026-03-31,1087.53,1096.27,1049.6,1063.89,58170384.0,6069808841.0,1004985657.0000001,0.05788180517286725
2026-04-01,1095.85,1097.81,1060.7,1076.63,51706384.0,5419923283.0,1004985657.0000001,0.0514498725826094
2026-04-02,1069.54,1083.42,1026.57,1031.4,59441756.0,6052846908.0,1004985657.0000001,0.05914686999358837
2026-04-03,1052.58,1087.94,1044.97,1064.3,68514590.0,7132630457.0,1004985657.0000001,0.06817469435785191
2026-04-07,1078.07,1115.28,1061.42,1071.08,57104235.0,6020707756.0,1004985657.0000001,0.05682094525653513
2026-04-08,1110.14,1135.43,1090.72,1134.92,91563231.0,9947471319.0,1004985657.0000001,0.09110899281222277
2026-04-09,1112.3,1211.39,1107.78,1181.38,111230878.0,12664832660.0,1004985657.0000001,0.11067907011930618
2026-04-10,1202.65,1209.64,1170.79,1191.55,100429803.0,11621090186.0,1004985657.0000001,0.09993157842649687
2026-04-13,1180.66,1286.94,1180.66,1286.53,111746110.0,13451654272.0,1004985657.0000001,0.11119174609275044
2026-04-14,1233.49,1278.1,1212.93,1239.97,141224435.0,17012737637.0,1004985657.0000001,0.14052383137643126
2026-04-15,1237.5,1237.5,1136.87,1154.34,134789233.0,15472057250.0,1004985657.0000001,0.13412055392149738
2026-04-16,1129.67,1169.76,1108.6,1154.55,80253292.0,8907485303.0,1004985657.0000001,0.07985516155480812
2026-04-17,1161.54,1208.62,1159.38,1199.37,95400783.0,11075499101.0,1004985657.0000001,0.09492750701018213
2026-04-20,1183.95,1214.99,1168.73,1181.89,92799711.0,10751370615.0,1004985657.0000001,0.09233933872948795
2026-04-21,1161.54,1203.48,1157.02,1195.25,69662361.0,7999112332.0,1004985657.0000001,0.0693167713536831
2026-04-22,1187.03,1247.16,1184.46,1243.26,105952174.0,12675264449.0,1004985657.0000001,0.1054265533662238
2026-04-23,1253.33,1269.47,1192.38,1209.34,100627972.0,11974918343.0,1004985657.0000001,0.1001287643252405
2026-04-24,1182.1,1206.25,1161.85,1185.39,69397026.0,7975591681.0,1004985657.0000001,0.06905275266032974
2026-04-27,1193.4,1246.34,1192.38,1221.05,90173686.0,10739392372.0,1004985657.0000001,0.08972634123871878
2026-04-28,1218.07,1225.78,1175.72,1188.16,65553798.0,7635978964.0,1004985657.0000001,0.0652285906205724
2026-04-29,1175.83,1238.63,1175.83,1223.62,83280637.0,9870030169.0,1004985657.0000001,0.08286748812774349
2026-04-30,1224.34,1243.46,1182.1,1228.66,92020793.0,10868659755.0,1004985657.0000001,0.09156428488212742
2026-05-06,1264.43,1330.53,1250.56,1286.84,108885994.0,13650478456.0,1004985657.0000001,0.10834581890953295
2026-05-07,1293.01,1382.74,1272.55,1372.26,106679141.0,13847031202.0,1004985657.0000001,0.106149913938523
2026-05-08,1344.4,1407.21,1328.88,1405.05,105704852.0,14026678243.0,1004985657.0000001,0.10518045831175478
2026-05-11,1438.87,1529.32,1438.35,1516.78,105384736.0,15301697344.0,1004985657.0000001,0.1048619303827537
2026-05-12,1510.82,1547.0,1480.19,1481.84,99043120.0,14464324795.0,1004985657.0000001,0.09855177465482971
2026-05-13,1439.07,1476.28,1406.18,1460.66,97617673.0,13639583875.0,1004985657.0000001,0.09713339918840254
2026-05-14,1478.96,1502.8,1411.83,1412.35,90553443.0,12872865366.0,1004985657.0000001,0.09010421429327921
2026-05-15,1419.54,1469.71,1338.96,1377.19,88667163.0,12078422227.0,1004985657.0000001,0.08822729198412828
2026-05-18,1413.68,1514.93,1408.55,1514.93,67680539.0,9779315770.0,1004985657.0000001,0.06734478102108873
2026-05-19,1552.76,1641.47,1513.91,1628.21,142273311.0,21806295984.0,1004985657.0000001,0.14156750398279563
2026-05-20,1628.31,1756.49,1628.31,1679.81,130642619.0,21573382999.0,1004985657.0000001,0.1299945109564882
2026-05-21,1685.88,1704.27,1572.6,1582.57,121181854.0,19322031698.0,1004985657.0000001,0.12058068008825322
2026-05-22,1598.91,1635.82,1578.87,1606.73,90811175.0,14169395950.0,1004985657.0000001,0.0903606677045342
2026-05-25,1613.82,1767.39,1598.4,1767.39,109061811.0,17898491776.0,1004985657.0000001,0.10852076369483947
2026-05-26,1767.39,1807.07,1705.92,1750.74,111606179.0,19018159065.0,1004985657.0000001,0.11105250927974188
2026-05-27,1716.1,1757.62,1634.38,1643.42,107028921.0,17594636620.0,1004985657.0000001,0.10649795870668828
2026-05-28,1624.2,1717.64,1600.56,1702.53,81595556.0,13287162036.0,1004985657.0000001,0.08119076668573788
2026-05-29,1709.83,1709.83,1544.74,1561.6,105753234.0,16580104668.0,1004985657.0000001,0.10522860029235222
2026-06-01,1592.23,1592.44,1465.59,1470.63,85015892.0,12563483270.0,1004985657.0000001,0.08459413466037156
2026-06-02,1488.41,1555.84,1451.61,1534.16,77533040.0,11402516967.0,1004985657.0000001,0.07714840451698107
2026-06-03,1582.78,1651.65,1549.06,1586.99,101486014.0,15917615250.0,1004985657.0000001,0.10098254964448711
2026-06-04,1541.97,1655.86,1541.97,1627.8,76405397.0,11919691502.0,1004985657.0000001,0.07602635566768093
2026-06-05,1606.62,1704.99,1602.1,1615.87,92174142.0,14874960217.0,1004985657.0000001,0.09171687312946397
2026-06-08,1500.75,1591.0,1500.75,1530.04,68750999.0,10296122701.0,1004985657.0000001,0.06840993055087949
2026-06-09,1568.8,1601.38,1531.79,1598.71,64927925.0,9936018965.0,1004985657.0000001,0.06460582252866917
2026-06-10,1570.65,1574.04,1511.13,1531.59,52402339.0,7870619671.0,1004985657.0000001,0.05214237500306931
2026-06-11,1521.41,1567.56,1512.36,1547.0,49133785.0,7371418282.0,1004985657.0000001,0.04889003604953936
2026-06-12,1595.99,1601.86,1554.8,1554.8,62781325.0,9597729331.0,1004985657.0000001,0.062469871647133364
2026-06-15,1575.09,1657.56,1513.62,1657.46,76912614.0,12015771018.0,1004985657.0000001,0.07653105640292734
2026-06-16,1657.66,1715.94,1637.89,1688.55,77630263.0,12580328073.0,1004985657.0000001,0.07724514520111204
2026-06-17,1664.35,1779.16,1657.66,1755.58,77190322.0,12974799619.0,1004985657.0000001,0.07680738671477377
2026-06-18,1741.16,1869.45,1737.15,1828.06,78077370.0,13779668935.0,1004985657.0000001,0.07769003413747226
2026-06-22,1862.66,1864.1,1744.77,1798.41,90596604.0,15897953729.0,1004985657.0000001,0.09014716117485842
2026-06-23,1779.05,1779.05,1673.21,1685.05,76612426.0,12737958749.0,1004985657.0000001,0.07623235761264202
2026-06-24,1667.96,1729.73,1660.75,1728.6,54883659.0,9095336036.0,1004985657.0000001,0.054611385364278876
2026-06-25,1737.77,1795.01,1702.96,1787.19,60896098.0,10442079152.0,1004985657.0000001,0.06059399711412995
2026-06-26,1760.62,1769.58,1647.37,1657.04,66793200.0,11014260997.0,1004985657.0000001,0.06646184404201899
2026-06-29,1770.92,1822.71,1742.71,1822.71,114137364.0,19961381256.0,1004985657.0000001,0.11357113726449927
2026-06-30,1842.99,1932.15,1781.52,1900.75,109049716.0,19722408183.0,1004985657.0000001,0.10850872869720965
2026-07-01,1894.47,1932.15,1768.86,1786.88,90533254.0,16190807303.0,1004985657.0000001,0.09008412544936449
2026-07-02,1697.2,1697.2,1608.24,1608.24,80944836.0,12989369286.0,1004985657.0000001,0.08054327485790176
2026-07-03,1561.81,1645.92,1543.38,1585.07,57738731.0,8970631282.0,1004985657.0000001,0.0574522935703947
2026-07-06,1607.11,1614.21,1498.07,1541.32,48655998.0,7319944325.0,1004985657.0000001,0.048414619314313255
2026-07-07,1535.04,1602.06,1523.92,1581.37,48745255.0,7401491989.0,1004985657.0000001,0.048503433517161125
2026-07-08,1575.29,1594.55,1498.07,1518.67,44056241.0,6587710760.0,1004985657.0000001,0.04383768135707831
2026-07-09,1544.41,1644.07,1513.52,1637.07,60212650.0,9223138725.0,1004985657.0000001,0.059913939647399356
2026-07-10,1708.94,1739.82,1624.71,1627.49,73761429.0,12113923352.0,1004985657.0000001,0.07339550419076278
2026-07-13,1595.99,1672.8,1566.85,1588.06,56219267.0,8884642595.0,1004985657.0000001,0.055940367515115684
