date,开盘,最高,最低,收盘,成交量,成交额,流通股本,换手率
2015-03-23,12.04,14.44,12.04,14.44,239605.0,3456296.0,1000000000.0,0.000239605
2015-03-24,15.88,15.88,15.88,15.88,158906.0,2523427.0,1000000000.0,0.000158906
2015-03-25,17.47,17.47,17.47,17.47,117167.0,2046907.0,1000000000.0,0.000117167
2015-03-26,19.22,19.22,19.22,19.22,585800.0,11259076.0,1000000000.0,0.0005858
2015-03-27,21.14,21.14,21.14,21.14,33632584.0,710992896.0,1000000000.0,0.033632584
2015-03-30,21.09,22.98,20.33,22.17,461367104.0,9839962112.0,1000000000.0,0.461367104
2015-03-31,22.17,23.63,22.17,22.65,336978272.0,7689205248.0,1000000000.0,0.336978272
2015-04-01,22.7,23.47,22.4,23.35,198219952.0,4553018880.0,1000000000.0,0.198219952
2015-04-02,23.45,25.01,23.01,24.96,217007344.0,5175281152.0,1000000000.0,0.217007344
2015-04-03,25.03,27.46,24.53,27.46,236521056.0,6263204864.0,1000000000.0,0.236521056
2015-04-07,28.79,30.21,27.6,30.21,217606512.0,6298695168.0,1000000000.0,0.217606512
2015-04-08,30.3,33.23,30.21,33.23,220480368.0,7055832576.0,1000000000.0,0.220480368
2015-04-09,34.5,36.55,31.9,32.84,282434816.0,9816445952.0,1000000000.0,0.282434816
2015-04-10,32.7,32.86,31.11,32.55,241831680.0,7735108608.0,1000000000.0,0.24183168
2015-04-13,32.3,32.45,30.88,31.77,164624912.0,5189817344.0,1000000000.0,0.164624912
2015-04-14,31.21,31.63,30.31,31.32,164496624.0,5104906752.0,1000000000.0,0.164496624
2015-04-15,30.97,31.7,29.97,30.01,126747600.0,3922020864.0,1000000000.0,0.1267476
2015-04-16,29.35,30.6,28.95,30.26,107908960.0,3206386688.0,1000000000.0,0.10790896
2015-04-17,30.98,33.15,30.97,31.55,188748592.0,6009433600.0,1000000000.0,0.188748592
2015-04-20,31.6,31.6,29.68,29.83,133884200.0,4103339520.0,1000000000.0,0.1338842
2015-04-21,29.76,32.81,29.4,32.71,225239168.0,7193533952.0,1000000000.0,0.225239168
2015-04-22,32.6,34.56,31.8,33.86,214457264.0,7043258368.0,1000000000.0,0.214457264
2015-04-23,33.47,34.38,32.55,32.84,162690352.0,5416232960.0,1000000000.0,0.162690352
2015-04-24,31.8,32.48,31.0,31.52,102368216.0,3249565184.0,1000000000.0,0.102368216
2015-04-27,32.52,33.33,31.85,32.24,114078416.0,3698016000.0,1000000000.0,0.114078416
2015-04-28,32.54,33.47,32.14,32.96,159168704.0,5244000256.0,1000000000.0,0.159168704
2015-04-29,32.45,32.96,31.73,32.58,98677336.0,3194639872.0,1000000000.0,0.098677336
2015-04-30,32.62,33.8,32.35,32.47,104307552.0,3436266240.0,1000000000.0,0.104307552
2015-05-04,32.3,32.31,31.5,32.02,71648304.0,2282226688.0,1000000000.0,0.071648304
2015-05-05,32.0,32.9,30.44,30.72,94351688.0,2997582592.0,1000000000.0,0.094351688
2015-05-06,30.72,31.63,29.8,30.21,85871144.0,2640956672.0,1000000000.0,0.085871144
2015-05-07,29.8,30.61,29.58,30.26,64280480.0,1945233408.0,1000000000.0,0.06428048
2015-05-08,30.85,31.04,29.41,30.16,87578832.0,2624214016.0,1000000000.0,0.087578832
2015-05-11,30.14,31.49,29.8,31.46,102745384.0,3144549888.0,1000000000.0,0.102745384
2015-05-12,31.45,32.89,30.75,31.79,128876784.0,4111222016.0,1000000000.0,0.128876784
2015-05-13,31.31,31.98,30.8,30.93,75386624.0,2353707520.0,1000000000.0,0.075386624
2015-05-14,31.18,31.52,30.22,30.68,63250700.0,1950644224.0,1000000000.0,0.0632507
2015-05-15,30.25,30.43,29.57,29.73,65725704.0,1966924672.0,1000000000.0,0.065725704
2015-05-18,29.3,31.4,29.07,30.28,81385824.0,2456440320.0,1000000000.0,0.081385824
2015-05-19,30.5,33.31,30.33,33.31,224982064.0,7305580032.0,1000000000.0,0.224982064
2015-05-20,34.3,35.41,32.81,34.1,215409728.0,7280045056.0,1000000000.0,0.215409728
2015-05-21,34.0,36.88,33.66,35.78,166970656.0,5925664256.0,1000000000.0,0.166970656
2015-05-22,36.28,39.36,35.51,39.36,215942192.0,8226238464.0,1000000000.0,0.215942192
2015-05-25,40.0,43.3,39.36,40.36,255426624.0,10646008832.0,1000000000.0,0.255426624
2015-05-26,39.8,41.85,38.39,40.96,179829536.0,7158517760.0,1000000000.0,0.179829536
2015-05-27,40.75,41.18,39.6,39.93,121010248.0,4883979776.0,1000000000.0,0.121010248
2015-05-28,39.7,41.38,35.99,36.19,174144480.0,6803646976.0,1000000000.0,0.17414448
2015-05-29,36.45,37.69,34.68,36.17,141978400.0,5173902336.0,1000000000.0,0.1419784
2015-06-01,35.76,39.7,35.59,38.95,133416448.0,5005418496.0,1000000000.0,0.133416448
2015-06-02,38.95,39.19,37.58,38.59,99195848.0,3812100352.0,1000000000.0,0.099195848
2015-06-03,38.65,38.98,37.36,37.53,82329360.0,3134693888.0,1000000000.0,0.08232936
2015-06-04,37.18,38.97,35.1,38.42,104181064.0,3899437056.0,1000000000.0,0.104181064
2015-06-05,40.0,40.96,38.2,38.98,127895592.0,5049216512.0,1000000000.0,0.127895592
2015-06-08,39.5,41.2,38.23,40.97,147481136.0,5881497600.0,1000000000.0,0.147481136
2015-06-09,40.95,41.03,38.53,39.09,108870712.0,4315725824.0,1000000000.0,0.108870712
2015-06-10,38.4,39.05,37.85,38.3,73295792.0,2822493952.0,1000000000.0,0.073295792
2015-06-11,38.0,38.4,37.3,37.83,66432540.0,2506926592.0,1000000000.0,0.06643254
2015-06-12,37.95,39.85,37.95,39.22,113964136.0,4453708800.0,1000000000.0,0.113964136
2015-06-15,40.1,40.58,38.45,39.13,94134808.0,3699290112.0,1000000000.0,0.094134808
2015-06-16,38.57,39.7,36.9,37.5,77168856.0,2969017600.0,1000000000.0,0.077168856
2015-06-17,37.19,37.65,35.79,37.31,66663000.0,2444375808.0,1000000000.0,0.066663
2015-06-18,36.88,37.15,34.0,34.35,61733632.0,2220241408.0,1000000000.0,0.061733632
2015-06-19,33.5,35.29,32.75,32.79,66399680.0,2267800576.0,1000000000.0,0.06639968
2015-06-23,32.51,33.99,30.01,33.61,74752976.0,2436780544.0,1000000000.0,0.074752976
2015-06-24,33.45,33.59,32.28,33.4,73686528.0,2436676864.0,1000000000.0,0.073686528
2015-06-25,33.43,34.0,31.63,32.12,71045336.0,2361610496.0,1000000000.0,0.071045336
2015-06-26,31.15,32.56,28.9,28.9,80296464.0,2429757696.0,1000000000.0,0.080296464
2015-06-29,30.01,30.08,26.01,26.33,101971728.0,2824547328.0,1000000000.0,0.101971728
2015-06-30,26.32,28.78,24.34,28.75,98935480.0,2654663936.0,1000000000.0,0.09893548
2015-07-01,28.18,29.36,26.12,26.33,80261376.0,2260632320.0,1000000000.0,0.080261376
2015-07-02,27.33,28.08,24.36,26.04,83205352.0,2200872448.0,1000000000.0,0.083205352
2015-07-03,25.53,26.88,23.62,24.41,67408016.0,1694862336.0,1000000000.0,0.067408016
2015-07-06,26.86,26.86,24.92,26.34,145106992.0,3763350272.0,1000000000.0,0.145106992
2015-07-07,25.42,26.7,23.71,25.79,119068848.0,2998560512.0,1000000000.0,0.119068848
2015-07-08,23.21,24.56,23.21,23.29,132672104.0,3096405504.0,1000000000.0,0.132672104
2015-07-09,23.29,25.62,21.25,25.62,100680992.0,2445928704.0,1000000000.0,0.100680992
2015-07-10,25.52,28.18,25.1,28.18,117667360.0,3236904448.0,1000000000.0,0.11766736
2015-07-13,27.53,29.85,27.08,28.45,124531608.0,3514284288.0,1000000000.0,0.124531608
2015-07-14,28.11,28.42,26.62,26.95,87819648.0,2404373504.0,1000000000.0,0.087819648
2015-07-15,26.24,27.41,24.31,24.98,74652120.0,1907168256.0,1000000000.0,0.07465212
2015-07-16,24.98,26.0,24.12,25.45,50793848.0,1276897152.0,1000000000.0,0.050793848
2015-07-17,25.72,27.28,25.45,26.78,50626096.0,1324528512.0,1000000000.0,0.050626096
2015-07-20,26.52,27.0,25.75,26.06,55067448.0,1440051840.0,1000000000.0,0.055067448
2015-07-21,25.52,26.92,25.18,26.1,58369104.0,1516173824.0,1000000000.0,0.058369104
2015-07-22,25.81,26.28,25.26,25.61,41259916.0,1057518912.0,1000000000.0,0.041259916
2015-07-23,25.63,26.83,25.63,26.73,62219192.0,1635624832.0,1000000000.0,0.062219192
2015-07-24,26.89,27.33,25.83,25.94,67301840.0,1792346240.0,1000000000.0,0.06730184
2015-07-27,25.12,25.46,23.35,23.35,56839872.0,1390375296.0,1000000000.0,0.056839872
2015-07-28,22.52,25.68,21.08,25.5,128226704.0,3064151040.0,1000000000.0,0.128226704
2015-07-29,25.23,25.39,24.37,25.21,67591168.0,1669051008.0,1000000000.0,0.067591168
2015-07-30,24.92,25.6,23.61,23.8,40778568.0,1002755328.0,1000000000.0,0.040778568
2015-07-31,23.36,24.25,23.32,24.09,34468464.0,818424896.0,1000000000.0,0.034468464
2015-08-03,23.29,24.3,23.29,24.28,31139024.0,740554752.0,1000000000.0,0.031139024
2015-08-04,24.29,24.92,23.83,24.72,34112016.0,831361408.0,1000000000.0,0.034112016
2015-08-05,24.52,24.7,23.81,23.91,25342208.0,611547648.0,1000000000.0,0.025342208
2015-08-06,23.23,23.73,23.08,23.11,20413374.0,474232512.0,1000000000.0,0.020413374
2015-08-07,23.31,23.81,23.21,23.48,23122532.0,541498240.0,1000000000.0,0.023122532
2015-08-10,23.59,25.45,23.29,24.92,62625048.0,1526161408.0,1000000000.0,0.062625048
2015-08-11,24.59,25.08,24.37,24.47,41306344.0,1015353600.0,1000000000.0,0.041306344
2015-08-12,24.08,25.1,23.98,24.35,34265712.0,836792256.0,1000000000.0,0.034265712
2015-08-13,24.29,24.68,23.79,24.5,29595188.0,714700288.0,1000000000.0,0.029595188
2015-08-14,24.61,25.11,24.5,24.86,42980336.0,1061136896.0,1000000000.0,0.042980336
2015-08-17,24.82,24.82,23.91,24.3,29937800.0,722711040.0,1000000000.0,0.0299378
2015-08-18,24.41,25.41,22.1,22.19,58733620.0,1416611456.0,1000000000.0,0.05873362
2015-08-19,21.6,22.6,21.1,22.39,37445232.0,817147776.0,1000000000.0,0.037445232
2015-08-20,22.27,22.28,21.35,21.4,24319988.0,528521024.0,1000000000.0,0.024319988
2015-08-21,21.1,21.6,19.89,19.99,28912684.0,594587584.0,1000000000.0,0.028912684
2015-08-24,19.2,19.22,17.99,17.99,35756192.0,649164800.0,1000000000.0,0.035756192
2015-08-25,16.46,17.18,16.2,16.2,32735334.0,537909248.0,1000000000.0,0.032735334
2015-08-26,16.49,17.08,14.95,15.66,46323832.0,751509888.0,1000000000.0,0.046323832
2015-08-27,16.18,16.92,15.62,16.83,36437384.0,587719168.0,1000000000.0,0.036437384
2015-08-28,17.09,17.88,16.6,17.84,48181840.0,821152000.0,1000000000.0,0.04818184
2015-08-31,17.58,17.58,16.48,16.69,36988692.0,623587136.0,1000000000.0,0.036988692
2015-09-01,16.51,17.34,15.46,16.3,36993024.0,606142656.0,1000000000.0,0.036993024
2015-09-02,15.47,16.59,15.24,15.46,33062476.0,522101248.0,1000000000.0,0.033062476
2015-09-07,15.85,16.37,15.58,15.87,25761472.0,412280800.0,1000000000.0,0.025761472
2015-09-08,15.66,16.65,15.43,16.62,26168488.0,419312192.0,1000000000.0,0.026168488
2015-09-09,16.78,18.06,16.59,17.46,51832144.0,889288192.0,1000000000.0,0.051832144
2015-09-10,16.98,17.2,16.68,16.88,29779352.0,502704832.0,1000000000.0,0.029779352
2015-09-11,16.86,17.13,16.63,16.87,19152430.0,321814176.0,1000000000.0,0.01915243
2015-09-14,16.76,16.85,15.19,16.48,53216068.0,850893440.0,1000000000.0,0.053216068
2015-09-15,15.78,16.24,14.99,15.64,22200688.0,345620992.0,1000000000.0,0.022200688
2015-09-16,15.57,17.12,15.57,16.95,26882356.0,435996960.0,1000000000.0,0.026882356
2015-09-17,16.62,17.04,16.1,16.16,24078852.0,399473824.0,1000000000.0,0.024078852
2015-09-18,16.33,16.47,16.03,16.17,14219382.0,229535952.0,1000000000.0,0.014219382
2015-09-21,16.13,16.56,15.88,16.5,15765203.0,255091216.0,1000000000.0,0.015765203
2015-09-22,16.63,17.88,16.54,17.13,41402444.0,712811072.0,1000000000.0,0.041402444
2015-09-23,16.46,16.92,16.34,16.42,21901488.0,362182656.0,1000000000.0,0.021901488
2015-09-24,16.5,16.82,16.4,16.65,15319344.0,253133600.0,1000000000.0,0.015319344
2015-09-25,16.59,16.76,15.9,16.2,15751601.0,255066000.0,1000000000.0,0.015751601
2015-09-28,16.16,16.54,15.82,16.53,11435452.0,184501856.0,1000000000.0,0.011435452
2015-09-29,16.18,16.88,15.92,16.36,15558837.0,253280880.0,1000000000.0,0.015558837
2015-09-30,16.39,16.84,16.31,16.45,16649077.0,274903552.0,1000000000.0,0.016649077
2015-10-08,17.46,17.68,16.91,16.93,31995304.0,547238912.0,1000000000.0,0.031995304
2015-10-09,17.0,18.57,16.9,18.23,57314036.0,1023041792.0,1000000000.0,0.057314036
2015-10-12,18.08,19.74,17.95,19.3,57209380.0,1077692288.0,1000000000.0,0.05720938
2015-10-13,19.04,19.27,18.61,19.08,25964038.0,490248672.0,1000000000.0,0.025964038
2015-10-14,18.89,19.44,18.6,18.72,27504462.0,519881504.0,1000000000.0,0.027504462
2015-10-15,18.69,19.34,18.69,19.32,28628260.0,544927680.0,1000000000.0,0.02862826
2015-10-16,19.59,20.19,19.47,19.75,41136224.0,810023488.0,1000000000.0,0.041136224
2015-10-19,19.74,21.2,19.74,20.42,48129608.0,985769984.0,1000000000.0,0.048129608
2015-10-20,20.27,21.44,20.06,21.39,39306772.0,814733248.0,1000000000.0,0.039306772
2015-10-21,21.75,21.79,19.57,20.63,53279992.0,1098353280.0,1000000000.0,0.053279992
2015-10-22,20.29,20.84,19.79,20.68,26918464.0,545250368.0,1000000000.0,0.026918464
2015-10-23,20.74,20.95,19.68,20.67,40804196.0,824348672.0,1000000000.0,0.040804196
2015-10-26,21.36,22.26,21.1,21.16,44262140.0,951371328.0,1000000000.0,0.04426214
2015-10-27,21.38,21.47,20.15,21.28,29546760.0,615024960.0,1000000000.0,0.02954676
2015-10-28,21.06,21.88,20.7,20.77,23922116.0,505498944.0,1000000000.0,0.023922116
2015-10-29,20.9,21.1,20.3,20.39,21785064.0,446373536.0,1000000000.0,0.021785064
2015-10-30,20.45,21.6,20.0,20.85,41395668.0,860130112.0,1000000000.0,0.041395668
2015-11-02,20.1,20.71,19.77,19.84,30316736.0,610401472.0,1000000000.0,0.030316736
2015-11-03,19.87,20.15,19.57,19.73,20584852.0,406347168.0,1000000000.0,0.020584852
2015-11-04,19.91,21.7,19.81,21.7,63855688.0,1346848000.0,1000000000.0,0.063855688
2015-11-05,22.82,23.87,22.77,23.87,152055200.0,3566537728.0,1000000000.0,0.1520552
2015-11-06,23.63,26.26,23.15,26.26,143692176.0,3533124864.0,1000000000.0,0.143692176
2015-11-09,26.66,28.33,25.95,26.25,135800944.0,3642716160.0,1000000000.0,0.135800944
2015-11-10,25.7,28.33,25.46,26.77,109043816.0,2902685952.0,1000000000.0,0.109043816
2015-11-11,26.1,28.23,25.56,27.27,86424936.0,2276816384.0,1000000000.0,0.086424936
2015-11-12,27.16,27.57,26.06,26.47,68406792.0,1814253056.0,1000000000.0,0.068406792
2015-11-13,26.03,27.86,25.95,26.96,82539688.0,2202731776.0,1000000000.0,0.082539688
2015-11-16,26.15,26.69,25.75,26.55,54229560.0,1409667072.0,1000000000.0,0.05422956
2015-11-17,26.98,29.2,26.79,27.46,156005680.0,4395289600.0,1000000000.0,0.15600568
2015-11-18,26.96,27.52,24.85,25.48,89938928.0,2340952064.0,1000000000.0,0.089938928
2015-11-19,25.48,26.01,25.05,25.96,50804028.0,1278518784.0,1000000000.0,0.050804028
2015-11-20,25.84,25.84,25.28,25.44,34991040.0,882477056.0,1000000000.0,0.03499104
2015-11-23,25.44,26.26,25.05,25.23,37274224.0,945554688.0,1000000000.0,0.037274224
2015-11-24,25.09,26.12,24.84,25.75,39026584.0,985806400.0,1000000000.0,0.039026584
2015-11-25,25.4,25.84,25.03,25.74,43838700.0,1102334336.0,1000000000.0,0.0438387
2015-11-26,26.16,26.75,25.35,25.44,49680364.0,1285622656.0,1000000000.0,0.049680364
2015-11-27,24.84,25.02,22.89,22.89,68075360.0,1606230272.0,1000000000.0,0.06807536
2015-11-30,22.42,23.65,21.51,22.83,51673340.0,1151367936.0,1000000000.0,0.05167334
2015-12-01,22.54,22.68,21.99,22.51,30490292.0,674701056.0,1000000000.0,0.030490292
2015-12-02,22.57,24.24,22.29,23.78,62403484.0,1436216576.0,1000000000.0,0.062403484
2015-12-03,23.5,24.34,23.25,23.85,46343450.0,1094255766.0,1000000000.0,0.04634345
2015-12-04,23.36,23.71,23.04,23.16,30161340.0,695831808.0,1000000000.0,0.03016134
2015-12-07,23.18,23.19,22.5,22.78,20317667.0,458092373.0,1000000000.0,0.020317667
2015-12-08,22.51,23.02,22.22,22.3,23018202.0,515208736.0,1000000000.0,0.023018202
2015-12-09,22.28,23.01,22.13,22.54,23782400.0,533720601.0,1000000000.0,0.0237824
2015-12-10,22.78,24.12,22.6,22.78,46116156.0,1069355776.0,1000000000.0,0.046116156
2015-12-11,22.22,23.68,22.13,23.01,35121664.0,795120000.0,1000000000.0,0.035121664
2015-12-14,22.7,25.32,22.62,25.32,78308384.0,1883895936.0,1000000000.0,0.078308384
2015-12-15,25.25,25.65,24.75,24.91,66480856.0,1653701888.0,1000000000.0,0.066480856
2015-12-16,24.96,25.6,24.65,24.83,37500616.0,931369856.0,1000000000.0,0.037500616
2015-12-17,25.3,27.09,24.94,25.77,72619272.0,1866183552.0,1000000000.0,0.072619272
2015-12-18,25.35,25.95,25.08,25.29,41711600.0,1047396800.0,1000000000.0,0.0417116
2015-12-21,25.55,26.27,25.31,25.6,43515412.0,1109860352.0,1000000000.0,0.043515412
2015-12-22,25.66,25.95,25.18,25.73,31085877.0,787605746.0,1000000000.0,0.031085877
2015-12-23,25.95,27.07,25.66,25.97,77191688.0,2012994560.0,1000000000.0,0.077191688
2015-12-24,25.7,25.7,24.14,24.43,53491776.0,1311618944.0,1000000000.0,0.053491776
2015-12-25,24.34,24.8,24.27,24.66,20493576.0,498049662.0,1000000000.0,0.020493576
2015-12-28,25.01,25.1,23.73,23.82,33100319.0,798193462.0,1000000000.0,0.033100319
2015-12-29,23.84,24.16,23.73,23.99,21090526.0,499807441.0,1000000000.0,0.021090526
2015-12-30,24.03,24.19,23.44,23.74,26421606.0,622088011.0,1000000000.0,0.026421606
2015-12-31,23.78,24.0,23.48,23.52,18604583.0,436853159.0,1000000000.0,0.018604583
2016-01-04,23.4,23.42,21.18,21.19,24291712.0,535127201.0,1000000000.0,0.024291712
2016-01-05,20.23,21.59,19.7,20.79,33797169.0,691588408.0,1000000000.0,0.033797169
2016-01-06,20.8,21.21,20.4,21.11,27561873.0,569643137.0,1000000000.0,0.027561873
2016-01-07,20.71,20.78,18.99,19.05,5948019.0,117318113.0,1000000000.0,0.005948019
2016-01-08,19.69,20.7,18.21,19.73,40775544.0,797497489.0,1000000000.0,0.040775544
2016-01-11,19.15,19.57,18.3,18.41,32619922.0,614108119.0,1000000000.0,0.032619922
2016-01-12,18.66,19.29,18.53,18.86,27198714.0,510913997.0,1000000000.0,0.027198714
2016-01-13,19.18,19.39,18.61,18.68,28131777.0,530843388.0,1000000000.0,0.028131777
2016-01-14,18.14,19.29,17.99,19.26,22219677.0,416041368.0,1000000000.0,0.022219677
2016-01-15,19.13,19.24,18.36,18.44,22526390.0,418614144.0,1000000000.0,0.02252639
2016-01-18,18.08,18.71,17.98,18.37,19540369.0,356763194.0,1000000000.0,0.019540369
2016-01-19,18.34,19.18,18.34,19.12,28976051.0,541861962.0,1000000000.0,0.028976051
2016-01-20,18.98,19.37,18.8,18.89,21047071.0,396825260.0,1000000000.0,0.021047071
2016-01-21,18.59,19.12,18.04,18.08,18861587.0,347237552.0,1000000000.0,0.018861587
2016-01-22,18.29,18.51,17.92,18.35,14688999.0,265265748.0,1000000000.0,0.014688999
2016-01-25,18.55,18.67,18.28,18.44,10851822.0,198727309.0,1000000000.0,0.010851822
2016-01-26,18.18,18.31,16.59,16.59,20159952.0,351007881.0,1000000000.0,0.020159952
2016-01-27,16.65,16.85,15.77,16.23,22464257.0,364044389.0,1000000000.0,0.022464257
2016-01-28,16.24,17.85,16.24,16.69,35465954.0,597872577.0,1000000000.0,0.035465954
2016-01-29,16.97,18.36,16.87,18.36,38183481.0,681855599.0,1000000000.0,0.038183481
2016-02-01,18.68,19.18,18.38,18.9,63117551.0,1177561732.0,1000000000.0,0.063117551
2016-02-02,18.62,19.47,18.57,19.28,55326933.0,1041424466.0,1000000000.0,0.055326933
2016-02-03,18.73,18.87,18.21,18.69,36093260.0,664615129.0,1000000000.0,0.03609326
2016-02-04,19.05,19.07,18.54,18.72,38527792.0,717580535.0,1000000000.0,0.038527792
2016-02-05,18.36,18.51,17.93,18.0,35477340.0,639838356.0,1000000000.0,0.03547734
2016-02-15,17.04,17.52,16.82,17.36,25061416.0,425872517.0,1000000000.0,0.025061416
2016-02-16,17.68,18.5,17.55,18.3,37723916.0,678911637.0,1000000000.0,0.037723916
2016-02-17,18.18,18.31,17.91,18.24,28187065.0,506138478.0,1000000000.0,0.028187065
2016-02-18,18.39,18.75,18.09,18.12,33088669.0,605393177.0,1000000000.0,0.033088669
2016-02-19,17.86,18.23,17.78,18.03,20726994.0,368608967.0,1000000000.0,0.020726994
2016-02-22,18.38,19.83,18.18,19.83,54886118.0,1043954253.0,1000000000.0,0.054886118
2016-02-23,20.2,20.2,19.19,19.68,57040862.0,1106537203.0,1000000000.0,0.057040862
2016-02-24,19.39,19.74,18.89,19.7,46436501.0,889024375.0,1000000000.0,0.046436501
2016-02-25,19.49,19.57,17.73,17.94,47766306.0,880885210.0,1000000000.0,0.047766306
2016-02-26,17.98,18.61,17.67,18.45,34154746.0,614679191.0,1000000000.0,0.034154746
2016-02-29,18.16,18.16,16.66,17.44,34043569.0,581405843.0,1000000000.0,0.034043569
2016-03-01,17.5,19.19,17.33,18.82,53372905.0,969506404.0,1000000000.0,0.053372905
2016-03-02,18.78,20.4,18.59,19.91,75456660.0,1452218835.0,1000000000.0,0.07545666
2016-03-03,19.59,20.18,19.49,19.6,49194704.0,962708798.0,1000000000.0,0.049194704
2016-03-04,19.52,20.65,19.41,20.2,79732297.0,1584951381.0,1000000000.0,0.079732297
2016-03-07,20.38,20.69,19.89,20.28,70117439.0,1410805717.0,1000000000.0,0.070117439
2016-03-08,20.11,20.12,18.84,20.0,52514419.0,1012182440.0,1000000000.0,0.052514419
2016-03-09,19.32,19.95,19.13,19.56,37136347.0,716473322.0,1000000000.0,0.037136347
2016-03-10,19.39,19.68,18.69,18.72,28395104.0,538602290.0,1000000000.0,0.028395104
2016-03-11,18.31,19.34,18.23,19.11,31286922.0,583154438.0,1000000000.0,0.031286922
2016-03-14,19.49,20.35,19.21,19.7,48416284.0,950094705.0,1000000000.0,0.048416284
2016-03-15,19.56,19.69,19.14,19.41,28194082.0,541295210.0,1000000000.0,0.028194082
2016-03-16,19.47,19.68,19.29,19.34,33419280.0,643952140.0,1000000000.0,0.03341928
2016-03-17,19.49,20.3,19.36,20.06,52083456.0,1024812516.0,1000000000.0,0.052083456
2016-03-18,19.99,21.33,19.89,20.92,82359577.0,1686766426.0,1000000000.0,0.082359577
2016-03-21,21.9,23.01,21.21,23.01,140497794.0,3149773096.0,1000000000.0,0.140497794
2016-03-22,22.22,22.7,21.88,21.95,87359851.0,1923607123.0,1000000000.0,0.087359851
2016-03-23,21.46,22.23,21.03,21.97,123053164.0,2629734151.0,3158663507.0,0.03895735133777262
2016-03-24,21.31,21.61,20.83,20.85,75192258.0,1575313089.0,3158663507.0,0.02380508649730001
2016-03-25,20.76,21.19,20.52,21.0,58676650.0,1213100460.0,3158663507.0,0.018576416851609892
2016-03-28,20.9,21.14,20.3,20.45,64119340.0,1317796803.0,3158663507.0,0.020299515873692588
2016-03-29,20.46,20.64,19.97,20.16,62816733.0,1262164667.0,3158663507.0,0.019887124051292622
2016-03-30,20.36,20.74,20.27,20.65,73861769.0,1503145470.0,3158663507.0,0.023383867523815983
2016-03-31,20.7,21.02,20.29,20.51,84910765.0,1736998739.0,3158663507.0,0.026881864691135016
2016-04-01,20.4,20.54,19.74,20.09,54873836.0,1091788191.0,3158663507.0,0.017372485507998116
2016-04-05,20.09,20.6,19.96,20.44,69256731.0,1397473871.0,3158663507.0,0.021925960409052207
2016-04-06,20.32,20.45,19.97,20.2,51945267.0,1039807818.0,3158663507.0,0.0164453310347502
2016-04-07,20.28,20.35,19.44,19.47,61007742.0,1196772439.0,3158663507.0,0.019314416323485895
2016-04-08,19.09,19.1,18.24,18.89,84214929.0,1559099634.0,3158663507.0,0.02666157025380165
2016-04-11,19.69,20.0,19.43,19.45,83372352.0,1629680729.0,3158663507.0,0.026394819142728013
2016-04-12,19.23,19.4,18.82,19.1,39695115.0,749174119.0,3158663507.0,0.012567060376019977
2016-04-13,19.19,20.1,19.19,19.68,87612710.0,1717557089.0,3158663507.0,0.027737272364035958
2016-04-14,19.69,19.76,19.39,19.64,45141082.0,874492269.0,3158663507.0,0.01429119686220505
2016-04-15,19.7,19.76,19.43,19.59,30233251.0,585561817.0,3158663507.0,0.009571532685580237
2016-04-18,19.39,19.39,18.96,19.22,34049562.0,644666599.0,3158663507.0,0.010779737038953924
2016-04-19,19.32,19.39,19.05,19.29,28057070.0,533123551.0,3158663507.0,0.008882576424434564
2016-04-20,19.37,19.8,18.38,19.13,78340119.0,1486345195.0,3158663507.0,0.024801666535985343
2016-04-21,18.77,19.08,18.58,18.64,36860908.0,686164960.0,3158663507.0,0.011669779930122833
2016-04-22,18.5,18.77,18.5,18.74,26490647.0,489617699.0,3158663507.0,0.008386663201475358
2016-04-25,18.63,18.68,18.25,18.4,27805974.0,505702297.0,3158663507.0,0.008803082043522023
2016-04-26,18.4,18.64,18.3,18.51,21382018.0,391022153.0,3158663507.0,0.006769324416043282
2016-04-27,18.56,18.58,18.26,18.34,34076304.0,620984128.0,3158663507.0,0.010788203277899838
2016-04-28,18.34,18.41,17.94,18.17,37395690.0,671800935.0,3158663507.0,0.011839086346844606
2016-04-29,18.09,18.36,18.01,18.25,27473014.0,495127284.0,3158663507.0,0.00869767037201535
2016-05-03,18.3,18.75,18.04,18.65,46646491.0,854589757.0,3158663507.0,0.014767793687623086
2016-05-04,18.54,18.6,18.23,18.38,36963889.0,673902781.0,3158663507.0,0.011702382643191756
2016-05-05,18.28,18.4,18.19,18.37,23878332.0,432698774.0,3158663507.0,0.007559631453962279
2016-05-06,18.42,18.5,17.77,17.81,44023304.0,791067818.0,3158663507.0,0.013937319978034622
2016-05-09,17.57,17.59,17.07,17.18,35340662.0,604293430.0,3158663507.0,0.011188485864885765
2016-05-10,17.16,17.33,17.1,17.18,19642499.0,334390386.0,3158663507.0,0.006218610800571104
2016-05-11,17.27,17.32,16.97,17.05,18842090.0,318860759.0,3158663507.0,0.005965209639533788
2016-05-12,17.03,17.13,16.71,17.08,18210998.0,305623231.0,3158663507.0,0.005765412478930444
2016-05-13,17.01,17.24,16.9,16.95,14640377.0,246709683.0,3158663507.0,0.00463499102311945
2016-05-16,16.95,17.07,16.85,17.04,15041379.0,252725894.0,3158663507.0,0.004761944083840014
2016-05-17,17.05,17.37,17.0,17.07,23956568.0,406842134.0,3158663507.0,0.007584400157506236
2016-05-18,16.96,17.07,16.66,16.89,25700801.0,428155722.0,3158663507.0,0.008136606176328614
2016-05-19,16.93,17.06,16.81,16.84,16102631.0,269865635.0,3158663507.0,0.005097925424571032
2016-05-20,16.77,17.15,16.68,17.13,22309558.0,373361353.0,3158663507.0,0.007062973928865542
2016-05-23,17.17,17.48,17.07,17.24,30128592.0,515745060.0,3158663507.0,0.009538398735171129
2016-05-24,17.25,17.25,16.74,16.77,22091198.0,368807108.0,3158663507.0,0.006993843424930543
2016-05-25,16.87,17.1,16.77,16.79,19014452.0,318738429.0,3158663507.0,0.006019777655284128
2016-05-26,16.79,16.91,16.58,16.87,20040855.0,332167922.0,3158663507.0,0.006344726165223651
2016-05-27,16.86,16.87,16.69,16.73,14629303.0,242815672.0,3158663507.0,0.004631485109945901
2016-05-30,16.74,16.84,16.57,16.74,12357022.0,204598290.0,3158663507.0,0.003912104588733579
2016-05-31,16.74,18.0,16.74,17.88,80728994.0,1412800901.0,3158663507.0,0.0255579595044215
2016-06-01,17.85,17.95,17.51,17.53,50014196.0,875926799.0,3158663507.0,0.015833974049202195
2016-06-02,17.47,17.62,17.32,17.52,30852229.0,534659455.0,3158663507.0,0.009767494679831372
2016-06-03,17.64,17.66,17.39,17.44,36857747.0,639302278.0,3158663507.0,0.01166877919041346
2016-06-06,17.52,17.54,17.27,17.33,18773066.0,323241904.0,3158663507.0,0.005943357359337738
2016-06-07,17.38,17.55,17.32,17.5,25040895.0,432686619.0,3158663507.0,0.007927686803138793
2016-06-08,17.49,17.98,17.38,17.79,55357671.0,974132962.0,3158663507.0,0.017525662634630235
2016-06-13,17.47,17.74,16.73,16.8,43126232.0,744042328.0,3158663507.0,0.013653316316988746
2016-06-14,16.76,17.12,16.68,17.08,28564474.0,479448852.0,3158663507.0,0.009043215251228089
2016-06-15,16.78,17.71,16.7,17.47,30675982.0,526416287.0,3158663507.0,0.009711696713504976
2016-06-16,17.45,17.62,17.34,17.41,22422020.0,388202100.0,3158663507.0,0.007098578227883392
2016-06-17,17.47,17.79,17.32,17.41,21628504.0,367805424.0,3158663507.0,0.006847359318923489
2016-06-20,17.38,17.48,17.04,17.18,21229453.0,353447592.0,3158663507.0,0.00672102392450251
2016-06-21,17.32,18.04,17.13,17.25,36884430.0,629831643.0,3158663507.0,0.011677226750573276
2016-06-22,17.11,17.48,17.02,17.42,20524174.0,343805133.0,3158663507.0,0.006497739931624822
2016-06-23,17.39,17.4,17.11,17.22,16481114.0,275868772.0,3158663507.0,0.005217749204204802
2016-06-24,17.23,17.47,16.57,16.96,32494195.0,536392483.0,3158663507.0,0.01028732403055556
2016-06-27,16.75,17.23,16.75,17.21,20461189.0,339752362.0,3158663507.0,0.00647779953599217
2016-06-28,17.18,17.67,17.04,17.35,34359162.0,575339144.0,3158663507.0,0.010877753177524522
2016-06-29,17.4,17.61,17.23,17.27,34577400.0,583711094.0,3158663507.0,0.010946845057528947
2016-06-30,17.35,17.52,17.2,17.33,31073074.0,522129308.0,3158663507.0,0.009837411908909612
2016-07-01,17.4,17.47,17.19,17.22,22495073.0,377850777.0,3158663507.0,0.007121706047557157
2016-07-04,17.09,17.79,17.06,17.56,59440705.0,1012075755.0,3158663507.0,0.01881830871451544
2016-07-05,17.54,17.7,17.48,17.57,37273152.0,636401655.0,3158663507.0,0.011800292091068882
2016-07-06,17.6,17.7,17.44,17.64,28963187.0,493564082.0,3158663507.0,0.009169443638366003
2016-07-07,17.68,18.76,17.6,18.29,82230467.0,1440411454.0,3158663507.0,0.02603331023319414
2016-07-08,18.11,18.28,17.89,18.03,49921258.0,874377553.0,3128372988.0,0.015957578649186316
2016-07-11,17.89,18.21,17.78,17.81,46612569.0,812763627.0,3128372988.0,0.014899939738259881
2016-07-12,17.85,18.25,17.65,18.16,55280472.0,967453562.0,3128372988.0,0.01767067808475784
2016-07-13,18.24,18.64,18.05,18.17,58401196.0,1038189502.0,3128372988.0,0.01866823304766369
2016-07-14,18.09,18.14,17.94,18.06,28356096.0,495882694.0,3128372988.0,0.009064167255237789
2016-07-15,18.19,18.22,17.83,17.9,25709480.0,447867151.0,3128372988.0,0.00821816327484541
2016-07-18,17.83,17.83,17.56,17.69,25981457.0,445652627.0,3128372988.0,0.008305102076913854
2016-07-19,17.7,17.87,17.63,17.85,26669364.0,459654667.0,3128372988.0,0.00852499497416067
2016-07-20,17.89,17.91,17.71,17.74,17634448.0,304794985.0,3128372988.0,0.0056369390950641975
2016-07-21,17.74,18.08,17.73,17.82,28781343.0,500355782.0,3128372988.0,0.009200099575850192
2016-07-22,17.81,17.82,17.61,17.64,25088057.0,430001051.0,3128372988.0,0.00801952231918453
2016-07-25,17.68,17.7,17.57,17.63,13447643.0,230115540.0,3128372988.0,0.0042986060330987615
2016-07-26,17.64,17.83,17.61,17.77,23161332.0,398195670.0,3128372988.0,0.007403635080869072
2016-07-27,17.74,17.76,16.76,17.35,49814826.0,832470760.0,3128372988.0,0.01592355713052206
2016-07-28,17.16,17.19,16.82,17.01,21055159.0,347330459.0,3128372988.0,0.0067303863959843144
2016-07-29,16.99,17.07,16.91,16.98,16451040.0,270906442.0,3128372988.0,0.005258656836350359
2016-08-01,16.96,17.03,16.55,16.73,21823325.0,353890170.0,3128372988.0,0.006975934482144941
2016-08-02,16.81,16.84,16.71,16.81,10330009.0,167981183.0,3128372988.0,0.003302038804076261
2016-08-03,16.88,16.89,16.74,16.78,10289532.0,167670786.0,3126154848.0,0.0032914338861310304
2016-08-04,16.85,16.87,16.71,16.84,10226753.0,166698175.0,3126154848.0,0.0032713520274092324
2016-08-05,16.86,17.01,16.77,16.85,13538997.0,221772619.0,3126154848.0,0.004330878557938919
2016-08-08,16.85,16.95,16.74,16.94,10023231.0,163947766.0,3126154848.0,0.0032062490463044394
2016-08-09,16.9,17.05,16.86,17.04,13107527.0,215777403.0,3126154848.0,0.004192859163193953
2016-08-10,17.04,17.1,16.9,16.91,15041889.0,247832292.0,3126154848.0,0.004811626336943371
2016-08-11,16.91,17.16,16.86,16.89,20534459.0,339066291.0,3126154848.0,0.006568599445141753
2016-08-12,16.79,17.16,16.75,17.1,25567119.0,420107300.0,3126154848.0,0.008178455720565764
2016-08-15,17.11,18.43,17.09,17.85,85940837.0,1484904511.0,3126154848.0,0.02749090853736238
2016-08-16,17.71,17.88,17.56,17.61,36543205.0,626404044.0,3126154848.0,0.011689505727260763
2016-08-17,17.71,17.79,17.4,17.52,32337314.0,551151627.0,3126154848.0,0.010344117797200044
2016-08-18,17.44,17.61,17.34,17.42,18163406.0,307842360.0,3126154848.0,0.005810142773836135
2016-08-19,17.42,17.51,17.36,17.45,13737385.0,232350152.0,3126154848.0,0.004394339265947967
2016-08-22,17.42,17.5,17.14,17.19,16543390.0,277379172.0,3126154848.0,0.005291929160381757
2016-08-23,17.16,17.31,17.09,17.2,13504698.0,225242410.0,3126154848.0,0.004319906932518014
2016-08-24,17.22,17.27,17.01,17.1,14212788.0,236440298.0,3126154848.0,0.004546412027252209
2016-08-25,17.06,17.23,16.97,17.14,16577035.0,274877331.0,3126154848.0,0.0053026915831137994
2016-08-26,17.17,17.23,17.11,17.12,9266893.0,154353570.0,3126154848.0,0.0029643102950989843
2016-08-29,17.14,17.15,17.03,17.1,8644251.0,143320985.0,3126154848.0,0.0027651384593217693
2016-08-30,17.11,17.28,17.04,17.13,12391642.0,206059445.0,3126154848.0,0.0039638605899281415
2016-08-31,17.13,17.25,17.06,17.19,11883216.0,197765222.0,3126154848.0,0.0038012243723635278
2016-09-01,17.16,17.21,16.99,17.04,15176612.0,251476682.0,3126154848.0,0.004854721770967118
2016-09-02,16.99,17.2,16.97,17.13,16007359.0,265539121.0,3126154848.0,0.005120462606080094
2016-09-05,17.14,17.31,17.07,17.08,13041250.0,217269005.0,3126154848.0,0.004171658357980353
2016-09-06,17.09,17.21,16.95,17.16,11067415.0,183189042.0,3126154848.0,0.003540264490442797
2016-09-07,17.14,17.21,17.07,17.1,10898767.0,181260241.0,3126154848.0,0.0034863170667865776
2016-09-08,17.09,17.17,17.03,17.12,9019607.0,149582545.0,3126154848.0,0.0028852080074569615
2016-09-09,17.16,17.16,17.0,17.09,16864978.0,279572947.0,3126154848.0,0.005394799304580066
2016-09-12,16.9,17.02,16.7,17.0,26371239.0,430703977.0,3126154848.0,0.008435679063329623
2016-09-13,16.95,16.99,16.72,16.88,12585838.0,205427217.0,3126154848.0,0.0040259803534850366
2016-09-14,16.76,16.84,16.69,16.76,8634627.0,140341788.0,3126154848.0,0.002762059917001271
2016-09-19,16.76,16.81,16.72,16.77,7521019.0,122245966.0,3126154848.0,0.0024058369996648355
2016-09-20,16.82,16.82,16.72,16.74,4757986.0,77294540.0,3126154848.0,0.0015219930653927736
2016-09-21,16.73,16.89,16.7,16.79,8596453.0,139990722.0,3126154848.0,0.0027498487496547706
2016-09-22,16.9,16.91,16.76,16.77,8849663.0,144321962.0,3126154848.0,0.0028308460170044653
2016-09-23,16.78,16.8,16.63,16.64,10289574.0,166541333.0,3126154848.0,0.003291447321166095
2016-09-26,16.65,16.65,16.23,16.26,15695312.0,250016610.0,3126154848.0,0.005020644454013943
2016-09-27,16.28,16.35,16.23,16.33,9279950.0,146662590.0,3126154848.0,0.0029684869915951135
2016-09-28,16.32,16.32,16.18,16.2,6698928.0,105514918.0,3126154848.0,0.002142865061302299
2016-09-29,16.2,16.42,16.2,16.26,12302454.0,194693375.0,3126154848.0,0.003935330973086845
2016-09-30,16.2,16.35,16.2,16.32,7464525.0,117996399.0,3126154848.0,0.0023877655979759067
2016-10-10,16.4,16.46,16.32,16.45,13259825.0,211104781.0,3126154848.0,0.004241576519628627
2016-10-11,16.45,16.51,16.41,16.47,11029806.0,176119593.0,3126154848.0,0.003528234056306094
2016-10-12,16.45,16.47,16.35,16.39,8778051.0,139623349.0,3126154848.0,0.002807938642455884
2016-10-13,16.37,16.48,16.37,16.42,11456706.0,182538104.0,3126154848.0,0.0036647915912833245
2016-10-14,16.5,16.6,16.43,16.51,14564016.0,233098458.0,3126154848.0,0.004658763467624621
2016-10-17,16.5,16.66,16.37,16.43,15730077.0,252492807.0,3126154848.0,0.005031765144347705
2016-10-18,16.39,16.67,16.39,16.66,26043549.0,418789918.0,3126154848.0,0.008330857000465512
2016-10-19,16.67,16.68,16.43,16.47,15349085.0,246306607.0,3126154848.0,0.00490989274245957
2016-10-20,16.49,16.55,16.41,16.43,10029157.0,160153927.0,3126154848.0,0.003208144665775686
2016-10-21,16.45,16.63,16.39,16.44,18645172.0,298116430.0,3126154848.0,0.005964250942952651
2016-10-24,16.45,16.88,16.35,16.67,39550891.0,639056269.0,3126154848.0,0.012651609700429018
2016-10-25,16.66,16.66,16.52,16.56,18291277.0,293956744.0,3126154848.0,0.005851046377853641
2016-10-26,16.6,16.65,16.45,16.48,17193754.0,275884173.0,3126154848.0,0.00549996875906513
2016-10-27,16.45,16.51,16.42,16.49,9943620.0,158865253.0,3126154848.0,0.0031807829373396413
2016-10-28,16.52,16.93,16.5,16.51,32157203.0,521059966.0,3126154848.0,0.010286503568616573
2016-10-31,16.43,16.47,16.31,16.45,16481130.0,261837173.0,3126154848.0,0.0052720133203075425
2016-11-01,16.45,16.64,16.39,16.55,19168225.0,307548932.0,3126154848.0,0.006131566071419377
2016-11-02,16.49,16.72,16.4,16.44,21922953.0,351833652.0,3126154848.0,0.0070127533874483235
2016-11-03,16.44,16.88,16.38,16.68,49373554.0,800856043.0,3126154848.0,0.0157937006964282
2016-11-04,16.69,16.84,16.6,16.64,24580597.0,398343491.0,3126154848.0,0.007862885300043844
2016-11-07,16.64,16.67,16.52,16.61,16556638.0,266319286.0,3126154848.0,0.005296166954299251
2016-11-08,16.7,16.8,16.6,16.63,19079899.0,308387110.0,3126154848.0,0.006103312192678691
2016-11-09,16.67,16.67,16.34,16.44,24778062.0,396079453.0,3126154848.0,0.007926050757163261
2016-11-10,16.57,16.75,16.54,16.63,34027619.0,549745796.0,3126154848.0,0.010884815581598472
2016-11-11,16.6,17.28,16.55,17.09,81741512.0,1344688783.0,3126154848.0,0.02614762095111675
2016-11-14,16.96,17.58,16.91,17.18,77136387.0,1292881513.0,3126154848.0,0.024674525335604873
2016-11-15,17.12,17.3,16.98,17.09,30757355.0,510257477.0,3126154848.0,0.00983871768849756
2016-11-16,17.14,17.37,17.02,17.28,39869345.0,665428223.0,3126154848.0,0.012753477335106083
2016-11-17,17.28,17.28,16.95,17.17,35847563.0,594668027.0,3126154848.0,0.011466982521014264
2016-11-18,17.11,17.17,16.94,17.0,23330083.0,385706995.0,3126154848.0,0.007462868646742095
2016-11-21,16.93,17.25,16.91,17.05,30664777.0,508714964.0,3126154848.0,0.009809103672397484
2016-11-22,17.07,17.27,17.04,17.19,31140287.0,518432958.0,3126154848.0,0.009961210661052962
2016-11-23,17.22,17.31,16.99,17.04,31442872.0,523039632.0,3126154848.0,0.010058002091648149
2016-11-24,16.99,17.45,16.97,17.12,37621723.0,627386484.0,3126154848.0,0.012034503992682579
2016-11-25,17.07,17.3,16.79,17.24,31075895.0,513834133.0,3126154848.0,0.009940612833008329
2016-11-28,17.35,17.42,17.1,17.12,32740421.0,546340648.0,3126154848.0,0.010473064384813225
2016-11-29,17.09,17.32,16.94,17.21,39807695.0,661731508.0,3126154848.0,0.01273375662292209
2016-11-30,17.13,17.56,17.05,17.53,72408407.0,1216892912.0,3126154848.0,0.023162130643120338
2016-12-01,17.46,17.61,17.33,17.57,55261230.0,936673513.0,3126154848.0,0.017677061018059975
2016-12-02,17.52,17.52,17.09,17.29,49824601.0,834661430.0,3126154848.0,0.01593798241692217
2016-12-05,17.04,17.16,16.7,16.78,41713807.0,682338349.0,3126154848.0,0.013343487136181682
2016-12-06,16.81,16.86,16.55,16.6,24735710.0,401122661.0,3126154848.0,0.007912503123709629
2016-12-07,16.64,16.69,16.51,16.68,17542344.0,282739867.0,3126154848.0,0.005611476351282775
2016-12-08,16.7,16.7,16.5,16.57,17519372.0,281967219.0,3126154848.0,0.005604128026866058
2016-12-09,16.55,16.67,16.53,16.58,17633593.0,284022846.0,3126154848.0,0.005640665244487595
2016-12-12,16.6,16.62,16.18,16.35,42500214.0,673255285.0,3126154848.0,0.013595044412847972
2016-12-13,16.44,16.44,16.24,16.35,14515884.0,230136590.0,3126154848.0,0.004643366917440681
2016-12-14,16.36,16.38,16.0,16.03,18979873.0,298825903.0,3126154848.0,0.0060713156970271746
2016-12-15,15.93,16.17,15.88,16.02,21379937.0,332312988.0,3126154848.0,0.006839052458862716
2016-12-16,16.1,16.13,16.0,16.07,12413771.0,193320930.0,3126154848.0,0.003970939253998208
2016-12-19,16.1,16.1,15.96,15.99,11672696.0,181428545.0,3126154848.0,0.0037338828585115565
2016-12-20,16.11,16.11,15.95,16.05,13345458.0,207524375.0,3126154848.0,0.004268968956716248
2016-12-21,16.12,16.17,16.07,16.11,12827750.0,200558270.0,3126154848.0,0.004103363596402375
2016-12-22,16.09,16.09,15.95,16.06,10059949.0,156353592.0,3126154848.0,0.0032179944657687027
2016-12-23,16.05,16.05,15.84,15.93,12584404.0,194438153.0,3126154848.0,0.004025521643002119
2016-12-26,15.83,16.03,15.74,16.02,14785294.0,228360325.0,3126154848.0,0.0047295462697438334
2016-12-27,16.06,16.07,15.91,15.94,8028383.0,124438094.0,3126154848.0,0.0025681335027713894
2016-12-28,15.91,15.96,15.8,15.85,9678053.0,148964968.0,3126154848.0,0.0030958328907448925
2016-12-29,15.97,15.97,15.82,15.86,7373805.0,113621346.0,3126154848.0,0.002358745922236543
2016-12-30,15.97,16.03,15.86,16.01,9057679.0,140001078.0,3126154848.0,0.002897386546861162
2017-01-03,16.04,16.15,15.99,16.09,10229763.0,159789590.0,3126154848.0,0.003272314871588856
2017-01-04,16.1,16.13,16.03,16.09,8653471.0,135025926.0,3126154848.0,0.0027680877694002187
2017-01-05,16.1,16.1,15.89,15.93,13888394.0,215180271.0,3126154848.0,0.004442644294758875
2017-01-06,15.93,15.94,15.73,15.74,14430820.0,221311985.0,3126154848.0,0.004616156493090006
2017-01-09,15.68,15.79,15.67,15.73,8685359.0,132520591.0,3126154848.0,0.0027782881598320624
2017-01-10,15.75,15.81,15.71,15.71,8074953.0,123447779.0,3126154848.0,0.002583030397603644
2017-01-11,15.7,15.76,15.57,15.61,9828852.0,149220320.0,3126154848.0,0.003144070744380478
2017-01-12,15.57,15.66,15.51,15.52,9198402.0,139088624.0,3126154848.0,0.0029424012716084114
2017-01-13,15.51,15.71,15.39,15.68,16003325.0,241733223.0,3126154848.0,0.005119172202950326
2017-01-16,15.62,16.0,15.07,15.94,48550277.0,735805786.0,3126154848.0,0.015530349378265987
2017-01-17,15.76,15.77,15.5,15.72,9247730.0,140369869.0,3126154848.0,0.002958180400409903
2017-01-18,15.65,15.78,15.59,15.65,6676094.0,101875621.0,3126154848.0,0.002135560880572222
2017-01-19,15.55,15.74,15.54,15.65,6330912.0,96160164.0,3126154848.0,0.0020251434454855257
2017-01-20,15.63,15.77,15.6,15.71,6503334.0,99144817.0,3126154848.0,0.0020802981030068283
2017-01-23,15.72,15.79,15.68,15.73,6508959.0,99303736.0,3126154848.0,0.0020820974380601123
2017-01-24,15.76,15.78,15.62,15.64,4757101.0,72266842.0,3126154848.0,0.001521709970011057
2017-01-25,15.61,15.67,15.56,15.6,4961205.0,75087915.0,3126154848.0,0.0015869991223160292
2017-01-26,15.64,15.69,15.61,15.68,5244097.0,79639362.0,3126154848.0,0.0016774911208748927
2017-02-03,15.65,15.77,15.59,15.62,4246441.0,64462295.0,3126154848.0,0.0013583591365337255
2017-02-14,15.98,16.23,15.83,15.88,32756516.0,507570171.0,3126154848.0,0.010478212882179021
2017-02-15,15.78,15.97,15.7,15.75,16268814.0,249526841.0,3126154848.0,0.005204097298765669
2017-02-16,15.73,16.01,15.67,15.95,19669189.0,303109045.0,3126154848.0,0.006291815331087528
2017-02-17,15.99,16.42,15.94,15.98,32460667.0,509048878.0,3126154848.0,0.010383576175302753
2017-02-20,15.9,16.08,15.8,16.08,17276641.0,267015373.0,3126154848.0,0.0055264828007649605
2017-02-21,16.06,16.21,15.94,16.05,20197178.0,314544860.0,3126154848.0,0.006460709396056123
2017-02-22,16.02,16.05,15.85,15.94,16253121.0,251107675.0,3126154848.0,0.005199077393878347
2017-02-23,15.96,15.97,15.75,15.83,12327264.0,189671313.0,3126154848.0,0.00394326724022853
2017-02-24,15.81,15.88,15.78,15.83,10868800.0,166908709.0,3126154848.0,0.0034767311692680426
2017-02-27,15.84,15.88,15.73,15.74,9911890.0,151980811.0,3126154848.0,0.0031706330882301835
2017-02-28,15.74,15.83,15.7,15.75,8207329.0,125462936.0,3126154848.0,0.0026253750690727142
2017-03-01,15.74,15.83,15.7,15.75,8359300.0,127918169.0,3126154848.0,0.002673987824162957
2017-03-02,15.79,16.03,15.77,15.78,14705100.0,226366682.0,3126154848.0,0.004703893669697068
2017-03-03,15.76,15.77,15.66,15.76,10367767.0,157993894.0,3126154848.0,0.0033164598377565715
2017-03-06,15.75,15.86,15.7,15.82,8441988.0,129313900.0,3126154848.0,0.002700438209387125
2017-03-07,15.85,15.96,15.79,15.87,9607412.0,147844530.0,3126154848.0,0.0030732361214117314
2017-03-08,15.87,15.91,15.8,15.86,8083385.0,124397171.0,3126154848.0,0.00258572764083374
2017-03-09,15.87,15.9,15.66,15.85,9958295.0,152356621.0,3126154848.0,0.003185477202567542
2017-03-10,15.86,15.88,15.68,15.71,9017770.0,137940758.0,3126154848.0,0.0028846203846137823
2017-03-13,15.72,15.76,15.54,15.73,10397021.0,157753198.0,3126154848.0,0.0033258176595607975
2017-03-14,15.74,15.77,15.65,15.69,8673752.0,132104397.0,3126154848.0,0.002774575291927446
2017-03-15,15.68,15.71,15.62,15.68,6814056.0,103562867.0,3126154848.0,0.002179692411704873
2017-03-16,15.71,16.0,15.7,15.99,29354278.0,453039635.0,3126154848.0,0.009389898910087515
2017-03-17,16.03,16.05,15.72,15.77,15561377.0,239426019.0,3126154848.0,0.004977801086838549
2017-03-20,15.69,15.76,15.54,15.62,17480336.0,265042823.0,3126154848.0,0.0055916411214189474
2017-03-21,15.6,15.66,15.53,15.54,11623812.0,175587749.0,3126154848.0,0.003718245757223604
2017-03-22,15.44,15.54,15.41,15.41,11981846.0,179739239.0,3126154848.0,0.003832774313040043
2017-03-23,15.41,15.57,15.33,15.39,10353260.0,155220606.0,3126154848.0,0.003311819312668929
2017-03-24,15.38,15.62,15.35,15.52,10335661.0,155159465.0,3126154848.0,0.003306189713095108
2017-03-27,15.52,15.59,15.45,15.47,7952763.0,119629854.0,3126154848.0,0.002543944042019508
2017-03-28,15.49,15.49,15.36,15.37,6452300.0,96527731.0,3126154848.0,0.0020639732558762874
2017-03-29,15.4,15.46,15.22,15.24,10195879.0,151621071.0,3126154848.0,0.0032614759971096607
2017-03-30,15.23,15.32,15.11,15.17,12026970.0,177267496.0,3126154848.0,0.003847208658807934
2017-03-31,15.17,15.23,15.12,15.13,8098401.0,119154384.0,3126154848.0,0.0025905309857510933
2017-04-05,15.14,15.42,15.13,15.36,12070223.0,179295396.0,3126154848.0,0.003861044505751879
2017-04-06,15.37,15.41,15.24,15.28,8095806.0,120234397.0,3126154848.0,0.0025897008925131787
2017-04-07,15.31,15.4,15.26,15.33,9762750.0,145170123.0,3126154848.0,0.0031229259184796464
2017-04-10,15.34,15.51,15.29,15.4,14360637.0,214475421.0,3126154848.0,0.004593706229615405
2017-04-11,15.43,15.47,15.22,15.4,11515424.0,171284717.0,3126154848.0,0.0036835744100670986
2017-04-12,15.39,15.52,15.28,15.43,13181306.0,196947868.0,3126154848.0,0.0042164597215755065
2017-04-13,15.37,15.38,15.27,15.3,6775582.0,100655828.0,3126154848.0,0.002167385279822198
2017-04-14,15.31,15.31,15.15,15.29,9240651.0,136437324.0,3126154848.0,0.002955915957237957
2017-04-17,15.23,15.34,15.12,15.31,10346598.0,152863915.0,3126154848.0,0.0033096882602022663
2017-04-18,15.26,15.32,15.05,15.05,8184169.0,120301139.0,3126154848.0,0.002617966606879993
2017-04-19,15.04,15.04,14.71,14.98,13863843.0,199626319.0,3126154848.0,0.004434790877000089
2017-04-20,14.95,14.98,14.68,14.88,10330762.0,148373104.0,3126154848.0,0.0033046226122193678
2017-04-21,14.87,15.07,14.72,15.04,11244419.0,162500579.0,3126154848.0,0.0035968848463132815
2017-04-24,14.98,15.21,14.76,15.2,16238090.0,236336131.0,3126154848.0,0.005194269250734185
2017-04-25,15.1,15.18,15.05,15.07,5741958.0,84104737.0,3126154848.0,0.0018367477873572052
2017-04-26,15.07,15.29,14.99,15.1,7765606.0,114086082.0,3126154848.0,0.0024840759263630692
2017-04-27,15.08,15.09,14.85,15.0,8265526.0,119986726.0,3126154848.0,0.0026439912294453304
2017-04-28,15.0,15.02,14.87,15.0,6957816.0,100813995.0,3126154848.0,0.002225678617440002
2017-05-02,15.0,15.01,14.82,14.83,8419438.0,121521672.0,3126154848.0,0.002693224875084627
2017-05-03,14.83,14.9,14.75,14.84,6529551.0,93876275.0,3126154848.0,0.0020886844438231743
2017-05-04,14.8,14.88,14.72,14.83,8844631.0,127046150.0,3126154848.0,0.002829236371851021
2017-05-05,14.77,14.88,14.45,14.86,21570793.0,308097126.0,3126154848.0,0.006900103817250194
2017-05-08,14.77,15.0,14.56,14.97,20613512.0,296516044.0,3126154848.0,0.006593887060069265
2017-05-09,14.82,15.0,14.77,14.95,9860381.0,142514958.0,3126154848.0,0.0031541562972506984
2017-05-10,14.93,14.98,14.79,14.93,13768606.0,198731054.0,3126154848.0,0.004404326295227715
2017-05-11,14.83,14.97,14.74,14.84,12201407.0,175848110.0,3126154848.0,0.003903007878130546
2017-05-12,14.77,15.04,14.77,14.81,12144312.0,175486344.0,3126154848.0,0.0038847442274874797
2017-05-15,14.75,14.89,14.73,14.78,9378881.0,134921465.0,3126154848.0,0.003000133216689591
2017-05-16,14.74,14.85,14.57,14.81,10912942.0,155641247.0,3126154848.0,0.0034908513911208533
2017-05-17,14.79,14.96,14.7,14.74,10892511.0,156780762.0,3126154848.0,0.003484315886325539
2017-05-18,14.68,14.72,14.54,14.55,9018481.0,128116955.0,3126154848.0,0.0028848478205645172
2017-05-19,14.56,14.65,14.54,14.59,5323058.0,75314242.0,3126154848.0,0.001702749306677978
2017-05-22,14.54,14.57,14.22,14.22,10104456.0,141488835.0,3126154848.0,0.00323223144447386
2017-05-23,14.23,14.31,13.96,13.97,11606377.0,158610351.0,3126154848.0,0.0037126686182628915
2017-05-24,13.85,14.0,13.77,13.9,8207041.0,110671067.0,3126154848.0,0.002625282943117986
2017-05-25,13.92,14.47,13.82,14.32,19853186.0,273365756.0,3126154848.0,0.006350672620296254
2017-05-26,14.2,14.46,14.12,14.23,9051138.0,125719359.0,3126154848.0,0.0028952942000907565
2017-05-31,14.41,14.54,14.29,14.31,9851681.0,137712750.0,3126154848.0,0.003151373325701619
2017-06-01,14.3,14.38,14.25,14.29,7285208.0,101237934.0,3126154848.0,0.002330405355531512
2017-06-02,14.26,14.39,14.2,14.32,5697499.0,79073410.0,3126154848.0,0.001822526162977836
2017-06-05,14.31,14.36,14.18,14.18,6048784.0,83556925.0,3126154848.0,0.0019348958366121217
2017-06-06,14.18,14.23,14.12,14.18,5604579.0,77081638.0,3126154848.0,0.0017928027473065212
2017-06-07,14.2,14.43,14.17,14.37,15041909.0,208845846.0,3126154848.0,0.004811632734579116
2017-06-08,14.36,14.38,14.27,14.29,7514540.0,104351993.0,3126154848.0,0.0024037644855652396
2017-06-09,14.29,14.39,14.25,14.3,7879306.0,109428559.0,3126154848.0,0.002520446485573449
2017-06-12,14.28,14.28,13.93,13.94,10591972.0,144643522.0,3126154848.0,0.003388178933867066
2017-06-13,13.92,14.11,13.88,14.07,6507937.0,88669989.0,3126154848.0,0.0020817705188735424
2017-06-14,14.05,14.09,13.98,14.04,6442669.0,87728903.0,3126154848.0,0.002060892474383278
2017-06-15,14.04,14.22,14.04,14.15,8914371.0,122291713.0,3126154848.0,0.0028515449276938698
2017-06-16,14.13,14.26,14.1,14.12,9590944.0,131738178.0,3126154848.0,0.00306796830813929
2017-06-19,14.12,14.46,14.11,14.32,17620749.0,245025475.0,3126154848.0,0.00563655668281215
2017-06-20,14.34,14.39,14.27,14.31,9879058.0,137226393.0,3126154848.0,0.0031601307293911756
2017-06-21,14.46,14.54,14.26,14.29,10704629.0,149186885.0,3126154848.0,0.0034242158563733438
2017-06-22,14.29,14.54,14.27,14.29,17893040.0,249933802.0,3126154848.0,0.005723657614544371
2017-06-23,14.26,14.28,14.12,14.2,11896019.0,163801286.0,3126154848.0,0.003805319818885696
2017-06-26,14.22,14.47,14.19,14.43,14742535.0,205460293.0,3126154848.0,0.0047158684444027895
2017-06-27,14.48,14.48,14.34,14.39,9226618.0,128753385.0,3126154848.0,0.002951427056117471
2017-06-28,14.34,14.4,14.3,14.33,6701838.0,93252534.0,3126154848.0,0.0021437959173031982
2017-06-29,14.33,14.4,14.32,14.36,5546894.0,77257905.0,3126154848.0,0.001774350366408977
2017-06-30,14.35,14.35,14.26,14.34,5432073.0,75330998.0,3126154848.0,0.0017376212197150894
2017-07-03,14.31,14.34,14.26,14.33,6358799.0,88128343.0,3126154848.0,0.00203406398888658
2017-07-04,14.32,14.38,14.28,14.29,4968186.0,68976177.0,3126154848.0,0.0015892322170728249
2017-07-05,14.31,14.38,14.27,14.36,6766449.0,94001896.0,3126154848.0,0.002164463799459239
2017-07-06,14.37,14.39,14.25,14.31,7082360.0,98364123.0,3126154848.0,0.0022655179747513264
2017-07-07,14.28,14.52,14.23,14.47,15341225.0,214141591.0,3126154848.0,0.004907378471611781
2017-07-10,14.49,15.34,14.47,15.05,54166699.0,788060267.0,3126154848.0,0.017326940485578916
2017-07-11,15.06,15.36,14.94,14.96,35257266.0,517782633.0,3126154848.0,0.011278157261645666
2017-07-12,15.07,15.14,14.8,14.95,19161880.0,277755956.0,3126154848.0,0.006129536421479273
2017-07-13,14.92,15.26,14.89,15.16,21977721.0,321737533.0,3126154848.0,0.0070302726731724585
2017-07-14,15.21,15.43,15.09,15.2,20998651.0,310624620.0,3126154848.0,0.006717086011729129
2017-07-17,15.19,15.29,14.56,14.59,28050022.0,404803229.0,3126154848.0,0.00897269116977535
2017-07-18,14.59,14.82,14.45,14.71,16672331.0,237064897.0,3126154848.0,0.005333175037911622
2017-07-19,14.81,16.18,14.67,16.18,123332816.0,1900807936.0,3126154848.0,0.039451921608714885
2017-07-20,16.65,16.96,16.54,16.82,168990440.0,2742905092.0,3126154848.0,0.054056963975445405
2017-07-21,16.63,16.78,16.38,16.4,80814282.0,1297959227.0,3126154848.0,0.025851016961524486
2017-07-24,16.39,16.81,16.39,16.66,73478274.0,1185516186.0,3126154848.0,0.02350436161120065
2017-07-25,16.57,16.68,16.31,16.55,43003179.0,687225754.0,3126154848.0,0.013755933755972411
2017-07-26,16.49,16.7,16.22,16.49,50031091.0,797957959.0,3126154848.0,0.01600403480717152
2017-07-27,16.46,16.87,16.2,16.66,62071717.0,996686513.0,3126154848.0,0.01985561177166615
2017-07-28,16.46,16.56,16.23,16.31,36018522.0,572536966.0,3126154848.0,0.011521669191480817
2017-07-31,16.38,17.01,16.24,16.88,82580509.0,1338286372.0,3126154848.0,0.026416000810974543
2017-08-01,16.87,17.41,16.7,16.84,115349909.0,1911256285.0,3126154848.0,0.0368983350501005
2017-08-02,16.85,17.22,16.44,16.79,78154086.0,1265114213.0,3126154848.0,0.025000068710607903
2017-08-03,16.7,16.91,16.54,16.59,39168359.0,629535160.0,3126154848.0,0.012529244680588516
2017-08-04,16.52,17.03,16.43,16.58,50054804.0,806000642.0,3126154848.0,0.016011620163992595
2017-08-07,16.37,16.58,16.23,16.46,44094607.0,694003165.0,3126154848.0,0.01410506169526763
2017-08-08,16.43,16.79,16.2,16.63,52482826.0,833381876.0,3126154848.0,0.016788300180836085
2017-08-09,16.54,16.54,16.26,16.36,34381625.0,540560428.0,3126154848.0,0.010998055653575865
2017-08-10,16.33,16.62,15.98,16.18,45091595.0,705297375.0,3126154848.0,0.014423979998574914
2017-08-11,16.02,16.05,15.35,15.38,47454013.0,719185851.0,3126154848.0,0.015179674490647624
2017-08-14,15.47,15.85,15.37,15.76,34046960.0,510886558.0,3126154848.0,0.010891002415245682
2017-08-15,15.69,15.83,15.5,15.56,23717700.0,357018939.0,3126154848.0,0.007586860265470765
2017-08-16,15.58,15.81,15.52,15.56,23247582.0,350156552.0,3126154848.0,0.007436478079412143
2017-08-17,15.52,15.8,15.5,15.79,29421340.0,443158671.0,3126154848.0,0.009411350822504107
2017-08-18,15.7,15.77,15.56,15.6,21821265.0,328130601.0,3126154848.0,0.006980225248266397
2017-08-21,15.67,15.79,15.6,15.77,18229456.0,275213731.0,3126154848.0,0.005831270965884029
2017-08-22,15.78,15.92,15.58,15.67,23686394.0,358464662.0,3126154848.0,0.007576846046239102
2017-08-23,15.71,16.09,15.58,15.78,32572774.0,495259834.0,3126154848.0,0.010419437162826043
2017-08-24,15.78,15.79,15.46,15.49,19954106.0,299562687.0,3126154848.0,0.006382955090265574
2017-08-25,15.5,15.94,15.49,15.86,41238913.0,625742141.0,3126154848.0,0.013191577194707151
2017-08-28,16.35,17.46,16.27,17.46,277137061.0,4621563263.0,3126154848.0,0.08865109838602594
2017-08-29,17.56,17.74,17.29,17.43,240220000.0,4048834641.0,3126154848.0,0.07684200293331087
2017-08-30,17.38,17.88,17.22,17.38,139617219.0,2356845709.0,3126154848.0,0.044661005544662
2017-08-31,17.26,17.56,17.25,17.49,85218369.0,1427075192.0,3126154848.0,0.0272598041822911
2017-09-01,17.48,17.73,17.41,17.61,88744534.0,1496882368.0,3126154848.0,0.028387760144631197
2017-09-04,17.45,17.57,17.27,17.34,63432618.0,1059393906.0,3126154848.0,0.02029093921581712
2017-09-05,17.36,17.6,17.3,17.34,52167339.0,874256496.0,3126154848.0,0.01668738163542179
2017-09-06,17.24,17.29,16.92,17.15,52629279.0,865053677.0,3126154848.0,0.01683514782822428
2017-09-07,17.21,17.37,16.97,16.98,46051735.0,761262289.0,3126154848.0,0.014731111297785591
2017-09-08,17.0,17.08,16.83,17.02,37878053.0,618097668.0,3126154848.0,0.012116499291208494
2017-09-11,16.94,17.14,16.76,17.01,32459146.0,529956056.0,3126154848.0,0.010383089635104346
2017-09-12,17.07,17.35,17.03,17.08,65173318.0,1076888298.0,3126154848.0,0.020847757442884033
2017-09-13,17.11,17.24,16.95,17.21,32721780.0,537890868.0,3126154848.0,0.01046710146841709
2017-09-14,17.22,17.39,17.07,17.25,47385444.0,786669337.0,3126154848.0,0.015157740516377645
2017-09-15,17.26,17.37,17.02,17.21,41772051.0,692028498.0,3126154848.0,0.0133621183309983
2017-09-18,17.26,17.53,17.2,17.33,63939896.0,1068598005.0,3126154848.0,0.020453208209089968
2017-09-19,17.32,17.35,16.77,16.89,42791700.0,700415974.0,3126154848.0,0.013688285475486466
2017-09-20,16.92,17.17,16.91,17.02,29931737.0,489454732.0,3126154848.0,0.00957461752707139
2017-09-21,17.02,17.32,16.92,16.93,32517048.0,535261001.0,3126154848.0,0.010401611430349723
2017-09-22,16.85,17.07,16.67,17.0,30633109.0,496359418.0,3126154848.0,0.009798973655958837
2017-09-25,16.93,17.02,16.75,16.94,32037610.0,521116306.0,3126154848.0,0.010248247946033927
2017-09-26,16.85,16.99,16.83,16.87,15976175.0,259583080.0,3126154848.0,0.005110487412426475
2017-09-27,16.93,16.94,16.58,16.59,31424103.0,505655135.0,3126154848.0,0.010051998230383245
2017-09-28,16.62,16.62,16.4,16.47,30535944.0,484007748.0,3126154848.0,0.009767892342100643
2017-09-29,16.51,16.86,16.47,16.71,32665331.0,525348082.0,3126154848.0,0.010449044461408586
2017-10-09,17.15,17.22,16.72,16.77,28363428.0,461317341.0,3126154848.0,0.009072944041190373
2017-10-10,16.68,16.87,16.53,16.8,25820605.0,414694337.0,3126154848.0,0.00825954127528874
2017-10-11,16.75,16.92,16.66,16.77,22817422.0,368875455.0,3126154848.0,0.007298877729808475
2017-10-12,16.78,16.85,16.7,16.8,16378333.0,264058843.0,3126154848.0,0.0052391304322235545
2017-10-13,16.83,16.83,16.66,16.74,18008605.0,289712247.0,3126154848.0,0.005760624753287973
2017-10-16,16.81,16.86,16.38,16.41,32221602.0,516883087.0,3126154848.0,0.010307103635833717
2017-10-17,16.41,16.5,16.18,16.23,19712875.0,308508236.0,3126154848.0,0.006305789686845352
2017-10-18,16.28,16.57,16.18,16.23,22344668.0,351475328.0,3126154848.0,0.007147652335358661
2017-10-19,16.23,16.32,15.81,15.88,26916008.0,413143138.0,3126154848.0,0.008609940744688281
2017-10-20,15.88,15.98,15.81,15.97,13511633.0,206724018.0,3126154848.0,0.004322125312712597
2017-10-23,16.02,16.02,15.89,15.98,14516120.0,222624848.0,3126154848.0,0.004643442409542472
2017-10-24,15.92,16.23,15.9,16.2,26703137.0,414163586.0,3126154848.0,0.008541847188754484
2017-10-25,16.16,16.32,16.09,16.22,16508141.0,257120220.0,3126154848.0,0.005280653647262965
2017-10-26,16.2,16.48,16.09,16.28,25885686.0,405783246.0,3126154848.0,0.00828035950188479
2017-10-27,16.23,16.37,16.18,16.22,16122307.0,251900329.0,3126154848.0,0.005157232377760963
2017-10-30,16.18,16.18,15.62,16.05,34485001.0,526164757.0,3126154848.0,0.011031123753214672
2017-10-31,15.99,15.99,15.76,15.84,17373974.0,264977739.0,3126154848.0,0.005557617854763412
2017-11-01,15.77,16.02,15.77,15.78,25039569.0,382334006.0,3126154848.0,0.008009702083701773
2017-11-02,15.77,16.28,15.74,15.97,33204157.0,509876926.0,3126154848.0,0.010621405085305614
2017-11-03,15.92,16.06,15.8,16.04,22842592.0,350108772.0,3126154848.0,0.00730692915439357
2017-11-06,15.99,16.06,15.79,15.9,16603324.0,253317407.0,3126154848.0,0.005311100955418827
2017-11-07,15.91,16.49,15.9,16.3,48043945.0,750690727.0,3126154848.0,0.015368382993163876
2017-11-08,16.18,17.18,16.18,16.62,73758842.0,1184705307.0,3126154848.0,0.023594110204485944
2017-11-09,16.56,16.86,16.52,16.75,32143540.0,516089876.0,3126154848.0,0.01028213302375737
2017-11-10,16.91,16.94,16.55,16.75,31527625.0,507001882.0,3126154848.0,0.010085113032762988
2017-11-13,16.84,17.04,16.68,16.74,31715437.0,514051482.0,3126154848.0,0.010145190670990076
2017-11-14,16.64,16.73,16.4,16.48,31590596.0,501262194.0,3126154848.0,0.01010525630878794
2017-11-15,16.42,16.94,16.38,16.56,38555392.0,618045280.0,3126154848.0,0.012333167701102949
2017-11-16,16.47,16.53,15.94,16.0,32953126.0,514058135.0,3126154848.0,0.010541104840370338
2017-11-17,15.92,16.4,15.83,16.36,47683555.0,741090584.0,3126154848.0,0.015253100795856674
2017-11-20,16.2,16.25,15.9,16.22,22347102.0,345828990.0,3126154848.0,0.007148430927628829
2017-11-21,16.2,17.28,16.14,16.95,76212532.0,1236430614.0,3126154848.0,0.02437900094704458
2017-11-22,16.89,17.13,16.72,16.89,47112335.0,765199097.0,3126154848.0,0.015070377921343454
2017-11-23,16.83,17.11,16.02,16.2,49023842.0,783575776.0,3126154848.0,0.01568183419684526
2017-11-24,16.04,16.27,15.8,16.24,37378802.0,576385062.0,3126154848.0,0.011956797989041904
2017-11-27,16.12,16.47,15.96,16.27,24483489.0,382108073.0,3126154848.0,0.007831822219447525
2017-11-28,16.15,16.36,16.04,16.28,17488911.0,272893802.0,3126154848.0,0.0055943841077446205
2017-11-29,16.33,16.33,15.96,16.27,21722867.0,337222607.0,3126154848.0,0.006948749520164524
2017-11-30,16.2,16.49,16.08,16.23,21934525.0,343187152.0,3126154848.0,0.007016455059490386
2017-12-01,16.17,16.24,16.0,16.12,17672362.0,273421880.0,3126154848.0,0.005653066741497509
2017-12-04,16.04,16.1,15.69,15.97,26108449.0,398393795.0,3126154848.0,0.008351617328458068
2017-12-05,15.91,16.44,15.86,16.3,56506681.0,880253703.0,3126154848.0,0.018075458109872874
2017-12-06,16.24,16.43,16.11,16.41,17515077.0,273937698.0,3126154848.0,0.0056027541345898164
2017-12-07,16.38,16.47,16.16,16.4,13377660.0,209738047.0,3126154848.0,0.004279269790029288
2017-12-08,16.33,16.45,16.24,16.25,9640932.0,151381619.0,3126154848.0,0.0030839585589203674
2017-12-11,16.2,16.3,15.98,16.09,18008959.0,278770578.0,3126154848.0,0.00576073799144066
2017-12-12,16.04,16.07,15.88,15.91,10669468.0,163895270.0,3126154848.0,0.0034129684928518294
2017-12-13,15.92,16.03,15.85,15.99,8113007.0,124459310.0,3126154848.0,0.002595203179135674
2017-12-14,15.99,16.02,15.68,15.72,15128066.0,229642467.0,3126154848.0,0.0048391927897232555
2017-12-15,15.67,15.77,15.09,15.27,24261401.0,358054977.0,3126154848.0,0.00776078031308064
2017-12-18,15.2,15.3,14.8,15.05,15051556.0,217477144.0,3126154848.0,0.004814718634180721
2017-12-19,15.04,15.18,14.99,15.06,9212879.0,133463254.0,3126154848.0,0.002947032200242437
2017-12-20,15.06,15.06,14.63,15.01,20017721.0,284930914.0,3126154848.0,0.006403304370161513
2017-12-21,14.92,15.07,14.73,14.93,12648852.0,181553542.0,3126154848.0,0.0040461373844268385
2017-12-22,14.97,14.97,14.65,14.7,16063862.0,228087494.0,3126154848.0,0.005138536886705108
2017-12-25,14.72,14.77,14.36,14.42,19412572.0,271561941.0,3126154848.0,0.006209728226488671
2017-12-26,14.45,14.52,14.37,14.5,14111526.0,195653439.0,3126154848.0,0.00451402015771165
2017-12-27,14.47,14.48,14.1,14.23,21896084.0,299303039.0,3126154848.0,0.007004158483706691
2017-12-28,14.22,14.54,14.13,14.36,17199494.0,237049305.0,3126154848.0,0.005501804880523948
2017-12-29,14.35,14.52,14.2,14.42,11146413.0,153301095.0,3126154848.0,0.003565534511872011
2018-01-02,14.47,14.65,14.37,14.55,20602551.0,287632687.0,3126154848.0,0.006590380835799213
2018-01-03,14.52,15.0,14.46,14.88,32534177.0,463539937.0,3126154848.0,0.010407090685483537
2018-01-04,14.83,14.88,14.69,14.77,13903921.0,197139738.0,3126154848.0,0.004447611099269514
2018-01-05,14.76,14.94,14.7,14.76,16809537.0,238896860.0,3126154848.0,0.005377064738413111
2018-01-08,14.72,15.21,14.69,14.93,30014949.0,431956505.0,3126154848.0,0.009601235530352078
2018-01-09,14.89,14.96,14.69,14.74,12711152.0,180744795.0,3126154848.0,0.004066066019772543
2018-01-10,14.74,14.86,14.46,14.52,16617900.0,233535434.0,3126154848.0,0.00531576355234979
2018-01-11,14.48,14.65,14.48,14.57,12644628.0,176837620.0,3126154848.0,0.0040447862037574925
2018-01-12,14.59,14.71,14.49,14.53,10376316.0,145249952.0,3126154848.0,0.003319194507155776
2018-01-15,14.52,14.53,14.18,14.25,19473008.0,267962343.0,3126154848.0,0.0062290606021829405
2018-01-16,14.31,14.65,14.25,14.63,12671042.0,175372957.0,3126154848.0,0.004053235561285926
2018-01-17,14.8,15.44,14.8,15.0,53466187.0,779264360.0,3126154848.0,0.017102859455028506
2018-01-18,14.96,15.22,14.76,14.96,25402382.0,365698966.0,3126154848.0,0.008125759354579482
2018-01-19,14.96,15.88,14.9,15.55,61778038.0,916741432.0,3126154848.0,0.019761669208268214
2018-01-22,15.41,15.77,15.31,15.53,28450294.0,423994757.0,3126154848.0,0.009100730892521674
2018-01-23,15.46,15.76,15.41,15.63,23559509.0,353195367.0,3126154848.0,0.007536257845663824
2018-01-24,15.64,16.04,15.47,15.96,43268692.0,659613767.0,3126154848.0,0.013840866528950647
2018-01-25,15.81,15.93,15.69,15.73,22860412.0,347007721.0,3126154848.0,0.007312629447842374
2018-01-26,15.54,15.81,15.47,15.54,21904548.0,328884299.0,3126154848.0,0.007006865963153979
2018-01-29,15.76,16.02,15.41,15.49,38509257.0,582700693.0,3126154848.0,0.012318409954848149
2018-01-30,15.41,15.67,15.28,15.43,24638255.0,366550149.0,3126154848.0,0.007881329044133132
2018-01-31,15.33,15.42,14.93,15.09,21600675.0,315402309.0,3126154848.0,0.006909662524816813
2018-02-01,14.99,15.35,14.92,15.33,31238952.0,455139464.0,3126154848.0,0.00999277179759203
2018-02-02,15.22,15.44,14.98,15.31,15464476.0,225961234.0,3126154848.0,0.00494680422177219
2018-02-05,15.07,15.45,15.01,15.42,14534198.0,213089489.0,3126154848.0,0.004649225232492386
2018-02-06,15.11,15.45,15.01,15.39,45612936.0,668871094.0,3126154848.0,0.014590747489421867
2018-02-07,15.53,15.66,15.07,15.35,25938179.0,382213484.0,3126154848.0,0.00829715105654293
2018-02-08,15.19,15.4,14.41,14.81,26563077.0,378793724.0,3126154848.0,0.00849704454563218
2018-02-09,14.36,14.5,13.5,14.22,34804030.0,464617282.0,3126154848.0,0.011133175319919406
2018-02-12,14.04,14.15,13.74,13.85,16359429.0,218913140.0,3126154848.0,0.005233083386917371
2018-02-13,14.0,14.03,13.75,13.77,11863330.0,158547857.0,3126154848.0,0.0037948632031422646
2018-02-14,13.77,13.84,13.52,13.67,11265939.0,147624654.0,3138154848.0,0.003589988240121413
2018-02-22,13.76,13.88,13.56,13.67,19834622.0,261091426.0,3138154848.0,0.006320472685610446
2018-02-23,13.68,13.85,13.63,13.76,11500503.0,152106281.0,3138154848.0,0.0036647340736960343
2018-02-26,13.84,14.15,13.74,14.06,18719126.0,251200617.0,3138154848.0,0.005965010302767571
2018-02-27,14.02,14.09,13.9,14.04,15844562.0,213048848.0,3138154848.0,0.005049005790806662
2018-02-28,13.9,14.34,13.78,13.96,15271703.0,204692189.0,3138154848.0,0.004866459349427234
2018-03-01,13.89,14.02,13.82,13.99,10553739.0,141593308.0,3138154848.0,0.003363039592111294
2018-03-02,13.89,14.03,13.79,13.82,9768631.0,130472274.0,3138154848.0,0.0031128581835997405
2018-03-05,13.8,13.94,13.75,13.88,8013475.0,106654357.0,3138154848.0,0.0025535626468869517
2018-03-06,13.9,14.14,13.9,14.09,13876258.0,186972798.0,3138154848.0,0.00442178881288907
2018-03-07,14.05,14.15,13.87,14.02,10200660.0,137515100.0,3138154848.0,0.0032505279357075245
2018-03-08,13.92,13.99,13.87,13.94,7455454.0,99793401.0,3138154848.0,0.002375744461670363
2018-03-09,13.94,14.18,13.9,14.13,15681804.0,211915047.0,3138154848.0,0.004997141555966967
2018-03-12,14.14,14.3,14.04,14.23,20967848.0,285739426.0,3138154848.0,0.006681584885259302
2018-03-13,14.19,14.19,14.02,14.1,10402889.0,140923606.0,3138154848.0,0.0033149699437648654
2018-03-14,14.03,14.14,13.89,13.9,9193099.0,123832228.0,3138154848.0,0.0029294599678084464
2018-03-15,13.89,13.98,13.76,13.87,8274155.0,110304504.0,3138154848.0,0.002636630568205792
2018-03-16,13.93,13.95,13.78,13.83,8491309.0,113037016.0,3138154848.0,0.002705828555723328
2018-03-19,13.75,13.84,13.64,13.77,9649156.0,127483739.0,3138154848.0,0.0030747864485239067
2018-03-20,13.71,13.72,13.54,13.6,8224828.0,107650797.0,3138154848.0,0.0026209120959221704
2018-03-21,13.67,13.98,13.62,13.68,15053179.0,199766084.0,3138154848.0,0.00479682479964099
2018-03-22,13.65,13.84,13.64,13.66,9188873.0,121235578.0,3138154848.0,0.002928113316605848
2018-03-23,13.37,13.49,12.51,12.61,19496094.0,244683384.0,5168372011.0,0.003772192473472475
2018-03-26,12.61,12.69,12.29,12.66,12702880.0,152695521.0,5168372011.0,0.00245781069415361
2018-03-27,12.85,12.92,12.73,12.84,13118024.0,161569466.0,5168372011.0,0.0025381346335133226
2018-03-28,12.7,12.91,12.64,12.69,10402109.0,127445988.0,5168372011.0,0.0020126471116747946
2018-03-29,12.75,12.98,12.68,12.94,19058488.0,235940609.0,5168372011.0,0.003687522484727735
2018-03-30,13.0,13.05,12.83,12.91,13036743.0,161773627.0,5168372011.0,0.0025224080178929673
2018-04-02,12.97,13.31,12.83,12.91,21029053.0,263602402.0,5168372011.0,0.004068796316372591
2018-04-03,12.8,13.05,12.65,12.86,15465769.0,190983915.0,5168372011.0,0.0029923869580370265
2018-04-04,12.89,13.13,12.78,12.79,11269788.0,140405062.0,5168372011.0,0.0021805295702426557
2018-04-09,12.75,13.05,12.68,12.96,13740458.0,170624681.0,5168372011.0,0.0026585659799170367
2018-04-10,13.0,13.17,12.91,13.13,12569386.0,157910586.0,5168372011.0,0.002431981671065512
2018-04-11,13.16,13.17,13.0,13.05,9131313.0,114694048.0,5168372011.0,0.0017667677521210846
2018-04-12,12.95,13.11,12.89,12.98,9865616.0,123260034.0,5168372011.0,0.0019088440187747158
2018-04-13,13.01,13.06,12.71,12.72,10318682.0,127498942.0,5168372011.0,0.0019965052782652724
2018-04-16,12.69,12.79,12.42,12.44,11312660.0,136951531.0,5168372011.0,0.002188824638768829
2018-04-17,12.48,12.71,12.43,12.44,11770064.0,142260588.0,5168372011.0,0.0022773252341258374
2018-04-18,12.59,12.69,12.43,12.55,10795885.0,130085976.0,5168372011.0,0.0020888366737190737
2018-04-19,12.58,12.7,12.5,12.55,10635565.0,128723526.0,5168372011.0,0.0020578172347818636
2018-04-20,12.54,12.57,12.03,12.05,14095366.0,166631114.0,5168372011.0,0.0027272351854704755
2018-04-23,12.08,12.37,12.07,12.35,10961512.0,129172516.0,5168372011.0,0.0021208829350267914
2018-04-24,12.35,12.65,12.35,12.61,12609999.0,152403326.0,5168372011.0,0.002439839658051271
2018-04-25,12.61,12.7,12.53,12.59,9981177.0,121142868.0,5168372011.0,0.0019312032838883818
2018-04-26,12.56,12.68,12.35,12.37,7532100.0,90561288.0,5168372011.0,0.001457344785547404
2018-04-27,12.42,12.71,12.41,12.65,10436435.0,126344300.0,5168372011.0,0.0020192886614562233
2018-05-02,12.85,12.98,12.35,12.49,16349402.0,198844893.0,5168372011.0,0.0031633562687057126
2018-05-03,12.4,12.85,12.4,12.79,21022589.0,256722722.0,5168372011.0,0.004067545632407458
2018-05-04,12.7,12.8,12.62,12.69,10909376.0,133094407.0,5168372011.0,0.0021107954258674203
2018-05-07,12.7,12.84,12.7,12.81,13691120.0,168156253.0,5168372011.0,0.002649019840456682
2018-05-08,12.79,12.84,12.72,12.81,11025927.0,135414731.0,5168372011.0,0.002133346240660152
2018-05-09,12.7,12.7,12.5,12.54,13060567.0,157876370.0,5168372011.0,0.0025270175932001035
2018-05-10,12.57,12.64,12.51,12.61,6912263.0,83501531.0,5168372011.0,0.0013374159184533206
2018-05-11,12.65,12.66,12.46,12.47,6355541.0,76651034.0,5168372011.0,0.001229698827110996
2018-05-14,12.46,12.58,12.45,12.49,5965452.0,71770109.0,5168372011.0,0.0011542226425078441
2018-05-15,12.5,12.55,12.28,12.45,7239717.0,86382097.0,5168372011.0,0.0014007731998763816
2018-05-16,12.41,12.47,12.33,12.34,5966244.0,71133903.0,5168372011.0,0.0011543758822510966
2018-05-17,12.35,12.4,12.22,12.23,6797790.0,80341231.0,5168372011.0,0.0013152671645021027
2018-05-18,12.23,12.34,12.18,12.33,7012128.0,82599160.0,5168372011.0,0.0013567382504734334
2018-05-21,12.37,12.5,12.37,12.42,10150787.0,121279682.0,5188372011.0,0.0019564493406561937
2018-05-22,12.43,12.44,12.34,12.42,5753310.0,68479646.0,5188372011.0,0.0011088854052489414
2018-05-23,12.42,12.42,12.23,12.24,6015900.0,71277428.0,5188372011.0,0.0011594966566093442
2018-05-24,12.24,12.34,12.2,12.22,5065404.0,59667849.0,5188372011.0,0.0009762993072317689
2018-05-25,12.19,12.27,12.07,12.09,7044799.0,82273979.0,5188372011.0,0.001357805297126756
2018-05-28,12.07,12.17,12.05,12.1,5594327.0,65123177.0,5188372011.0,0.0010782432308514742
2018-05-29,12.12,12.14,11.83,11.84,8035800.0,92470379.0,5188372011.0,0.001548809526950476
2018-05-30,11.78,11.78,11.09,11.17,14654949.0,161060006.0,5188372011.0,0.0028245756026995883
2018-05-31,11.28,11.33,11.13,11.2,11813721.0,127231393.0,5188372011.0,0.002276961053477551
2018-06-01,11.2,11.41,11.0,11.14,14195375.0,152656721.0,5188372011.0,0.0027359979141634455
2018-06-04,11.15,11.22,10.94,10.99,10362001.0,110457216.0,5188372011.0,0.001997158449323074
2018-06-05,11.01,11.1,10.91,11.09,8616584.0,91126433.0,5188372011.0,0.001660749071526051
2018-06-06,11.01,11.21,10.92,11.11,9448693.0,100373445.0,5188372011.0,0.0018211286661726615
2018-06-07,11.13,11.33,11.04,11.18,15003266.0,161623075.0,5188372011.0,0.0028917097633306154
2018-06-08,11.17,11.17,10.99,11.0,12752325.0,135262992.0,5188372011.0,0.002457866354410106
2018-06-11,11.0,11.18,10.89,11.1,10537343.0,112178932.0,5188372011.0,0.002030953635872584
2018-06-12,11.11,11.26,10.99,11.25,8111862.0,87055876.0,5188372011.0,0.0015634696168281368
2018-06-13,11.18,11.28,11.09,11.1,6703943.0,72112688.0,5188372011.0,0.0012921091598263963
2018-06-14,11.02,11.28,11.01,11.15,7197980.0,77317572.0,5188372011.0,0.0013873292016723896
2018-06-15,11.09,11.25,10.85,10.89,10110095.0,107180434.0,5188372011.0,0.0019486064180759069
2018-06-19,10.79,10.87,9.8,9.81,23797007.0,231718274.0,5188372011.0,0.004586603842119909
2018-06-20,9.81,9.93,9.37,9.62,19807880.0,183656199.0,5188372011.0,0.003817744748835436
2018-06-21,9.57,9.61,9.21,9.29,16074603.0,145791552.0,5188372011.0,0.0030981978481727647
2018-06-22,9.18,9.4,9.14,9.38,13218896.0,118495359.0,5188372011.0,0.0025477926355269593
2018-06-25,9.48,9.49,9.18,9.29,14051621.0,125515000.0,5188372011.0,0.002708290957203685
2018-06-26,9.19,9.4,9.06,9.34,12210286.0,109050739.0,5188372011.0,0.0023533944701946315
2018-06-27,9.32,9.38,9.25,9.29,9180855.0,82113317.0,5188372011.0,0.0017695059221920547
2018-06-28,9.28,9.59,9.27,9.38,15843529.0,143578248.0,5188372011.0,0.0030536609492167735
2018-06-29,9.4,9.56,9.33,9.5,13804629.0,125394400.0,5188372011.0,0.002660686043855848
2018-07-02,9.52,9.52,9.1,9.28,11659845.0,104577532.0,5188372011.0,0.0022473031955456673
2018-07-03,9.24,9.34,9.11,9.32,12366311.0,110017742.0,5188372011.0,0.0023834665235611223
2018-07-04,9.28,9.33,9.22,9.27,7950788.0,70833694.0,5188372011.0,0.001532424425839807
2018-07-05,9.24,9.38,8.96,9.26,12378032.0,109409415.0,5188372011.0,0.002385725613690965
2018-07-06,9.2,9.45,9.0,9.29,12746749.0,113272566.0,5188372011.0,0.002456791643501139
2018-07-09,9.25,9.45,9.25,9.44,12792942.0,115362836.0,5188372011.0,0.0024656948215889987
2018-07-10,9.48,9.49,9.29,9.36,9173100.0,80821583.0,5188372011.0,0.001768011233687923
2018-07-11,9.24,9.24,8.65,8.8,16219812.0,135766617.0,5188372011.0,0.003126185239919567
2018-07-12,8.8,9.14,8.78,9.07,15281119.0,129315573.0,5188372011.0,0.0029452627852440245
2018-07-13,9.11,9.24,9.04,9.2,13278530.0,114412609.0,5188372011.0,0.002559286414283295
2018-07-16,9.24,9.4,9.15,9.22,10746449.0,93612405.0,5188372011.0,0.0020712564513909524
2018-07-17,9.23,9.41,9.22,9.33,8235443.0,72161248.0,5188372011.0,0.001587288456290302
2018-07-18,9.3,9.44,9.25,9.28,6655004.0,58482430.0,5188372011.0,0.0012826767213088336
2018-07-19,9.28,9.32,9.02,9.08,8693200.0,74663027.0,5188372011.0,0.0016755159386353416
2018-07-20,9.1,9.45,9.05,9.38,14644382.0,127954797.0,5188372011.0,0.0028225389330125274
2018-07-23,9.38,9.62,9.29,9.56,15722227.0,139807014.0,5188372011.0,0.0030302813612182984
2018-07-24,9.56,9.92,9.56,9.77,20882307.0,191815436.0,5188372011.0,0.004024828396215014
2018-07-25,9.79,9.8,9.65,9.68,9595063.0,87444970.0,5188372011.0,0.0018493398275330416
2018-07-26,9.71,9.77,9.64,9.67,9098923.0,82849705.0,5188372011.0,0.0017537144562319628
2018-07-27,9.68,9.71,9.51,9.52,7629275.0,68586345.0,5188372011.0,0.0014704564329282826
2018-07-30,9.52,9.77,9.5,9.51,9346749.0,84506391.0,5188372011.0,0.0018014801136433006
2018-07-31,9.48,9.83,9.46,9.71,12679485.0,115462533.0,5188372011.0,0.002443827268576328
2018-08-01,9.73,9.75,9.35,9.39,13108519.0,117614158.0,5188372011.0,0.0025265187176648656
2018-08-02,9.28,9.39,8.89,9.07,11415836.0,97816155.0,5188372011.0,0.0022002732216959376
2018-08-03,9.03,9.11,8.88,8.9,7239769.0,60977148.0,5188372011.0,0.0013953835585903982
2018-08-06,8.63,8.8,8.52,8.53,13257950.0,107578458.0,5188372011.0,0.0025553198521408027
2018-08-07,8.57,8.81,8.54,8.78,9726155.0,79507971.0,5188372011.0,0.0018746063272601368
2018-08-08,8.78,8.8,8.68,8.69,6120280.0,50318662.0,5188372011.0,0.00117961472057598
2018-08-09,8.67,8.97,8.63,8.84,9295399.0,77337317.0,5188372011.0,0.0017915829821555946
2018-08-10,8.81,8.88,8.74,8.87,4927351.0,40886618.0,5188372011.0,0.0009496911535166325
2018-08-13,8.75,9.06,8.71,9.02,8847219.0,74077046.0,5188372011.0,0.0017052013581992165
2018-08-14,8.97,9.01,8.87,8.91,5951003.0,49908621.0,5188372011.0,0.0011469884941525254
2018-08-15,8.91,8.94,8.68,8.69,6758955.0,55865833.0,5188372011.0,0.001302712100379496
2018-08-16,8.67,9.14,8.52,8.84,11412969.0,94926895.0,5188372011.0,0.0021997206398853193
2018-08-17,8.88,8.97,8.66,8.69,7361095.0,61230862.0,5188372011.0,0.0014187677723173193
2018-08-20,8.67,8.91,8.64,8.91,7715428.0,64031976.0,5188372011.0,0.0014870614488788243
2018-08-21,8.99,9.02,8.88,8.99,7594733.0,64052111.0,5188372011.0,0.0014637988532622975
2018-08-22,8.99,9.07,8.93,8.98,7570962.0,64157754.0,5188372011.0,0.001459217261975165
2018-08-23,8.98,9.21,8.96,9.13,10458354.0,89563822.0,5188372011.0,0.0020157293998631894
2018-08-24,9.08,9.31,9.05,9.19,8682953.0,74959719.0,5188372011.0,0.0016735409453275613
2018-08-27,9.22,9.41,9.21,9.37,9533600.0,83677352.0,5188372011.0,0.0018374935297213791
2018-08-28,9.35,9.49,9.27,9.33,8144066.0,71532670.0,5188372011.0,0.001569676573448002
2018-08-29,9.34,9.38,9.22,9.29,4634851.0,40471097.0,5188372011.0,0.0008933150880803331
2018-08-30,9.23,9.36,9.22,9.28,5976248.0,52259613.0,5188372011.0,0.00115185418226172
2018-08-31,9.34,9.41,9.2,9.34,8124652.0,71095174.0,5188372011.0,0.001565934744612514
2018-09-03,9.25,9.42,9.06,9.18,9132454.0,79355749.0,5188372011.0,0.0017601771770871578
2018-09-04,9.18,9.36,9.15,9.34,6583179.0,57395042.0,5188372011.0,0.001268833265240587
2018-09-05,9.36,9.4,9.27,9.27,5089710.0,44684571.0,5188372011.0,0.0009809840137155114
2018-09-06,9.2,9.33,9.11,9.19,6154380.0,53263297.0,5188372011.0,0.0011861871097430835
2018-09-07,9.15,9.5,9.15,9.39,8810572.0,77427841.0,5188372011.0,0.0016981380636007751
2018-09-10,9.35,9.37,8.94,8.95,10992783.0,94193165.0,5188372011.0,0.002118734542683894
2018-09-11,8.95,9.16,8.94,9.12,9615198.0,81949060.0,5188372011.0,0.0018532206209605968
2018-09-12,9.15,9.39,9.12,9.32,8595180.0,75080965.0,5188372011.0,0.0016566236927069106
2018-09-13,9.4,9.49,9.32,9.45,9037759.0,79861128.0,5188372011.0,0.0017419257872871908
2018-09-14,9.47,9.53,9.35,9.4,7518841.0,66724149.0,5188372011.0,0.0014491715289611294
2018-09-17,9.36,9.49,9.34,9.44,6966272.0,61716356.0,5188372011.0,0.0013426701063899483
2018-09-18,9.36,9.62,9.35,9.57,11574447.0,103671279.0,5188372011.0,0.002230843697302491
2018-09-19,9.57,9.67,9.48,9.56,12257083.0,110440107.0,5188372011.0,0.002362414062448384
2018-09-20,9.57,9.61,9.42,9.47,7570847.0,67595520.0,5188372011.0,0.0014591950970263608
2018-09-21,9.49,9.65,9.44,9.64,9631800.0,86674707.0,5188372011.0,0.0018564204686131556
2018-09-25,9.58,9.67,9.47,9.5,6359816.0,56986292.0,5188372011.0,0.001225782574286576
2018-09-26,9.54,9.64,9.46,9.51,7982295.0,71657718.0,5188372011.0,0.0015384970435960515
2018-09-27,9.56,9.56,9.36,9.41,7485384.0,66226296.0,5188372011.0,0.001442723070768643
2018-09-28,9.5,9.52,9.4,9.5,6007044.0,53520212.0,5188372011.0,0.0011577897628127498
2018-10-08,9.29,9.47,9.04,9.07,10530034.0,91716633.0,5188372011.0,0.0020295449088220748
2018-10-09,9.07,9.19,9.04,9.05,6012111.0,51411958.0,5188372011.0,0.0011587663697309233
2018-10-10,9.12,9.17,9.04,9.1,4952199.0,42392604.0,5188372011.0,0.0009544803243677817
2018-10-11,8.86,8.91,8.35,8.46,13815113.0,112132757.0,5188372011.0,0.0026627067162320332
2018-10-12,8.38,8.46,8.08,8.14,11202949.0,87304637.0,5188372011.0,0.00215924166120863
2018-10-15,8.3,8.55,8.22,8.32,11747223.0,92692760.0,5188372011.0,0.0022641443163856434
2018-10-16,8.31,8.58,8.17,8.21,8748319.0,69173556.0,5188372011.0,0.0016861395022277634
2018-10-17,8.31,8.54,8.27,8.48,11047493.0,87387798.0,5188372011.0,0.0021292792761540475
2018-10-18,8.38,8.53,8.08,8.25,9965281.0,77651176.0,5188372011.0,0.0019206951581097797
2018-10-19,8.15,8.68,8.11,8.67,18462688.0,147688306.0,5188372011.0,0.0035584742113435167
2018-10-22,8.67,9.54,8.66,9.54,24825767.0,217542436.0,5188372011.0,0.004784885691960071
2018-10-23,10.06,10.16,9.63,9.69,60206651.0,562584393.0,5188372011.0,0.0116041507571844
2018-10-24,9.61,10.1,9.51,9.78,44874075.0,414459380.0,5188372011.0,0.008648970217413348
2018-10-25,9.47,10.1,9.32,10.06,38435738.0,353183079.0,5188372011.0,0.007408053608822076
2018-10-26,10.11,10.11,9.68,9.81,25446146.0,236494448.0,5188372011.0,0.004904456724778211
2018-10-29,9.71,9.98,9.68,9.75,13776157.0,127197485.0,5188372011.0,0.0026551983880093444
2018-10-30,9.83,10.42,9.69,10.07,42620353.0,403390691.0,5188372011.0,0.008214590802209152
2018-10-31,9.98,10.0,9.74,9.81,30400564.0,281418238.0,5188372011.0,0.005859364736288567
2018-11-01,9.82,10.37,9.75,9.75,36561674.0,344745915.0,5188372011.0,0.007046848977383399
2018-11-02,10.01,10.16,9.78,10.07,30947895.0,290860753.0,5188372011.0,0.005964856593626397
2018-11-05,10.0,10.32,9.96,10.29,28027878.0,268501168.0,5188372011.0,0.005402056356132016
2018-11-06,10.14,10.36,9.97,10.13,21168157.0,201802061.0,5188372011.0,0.004079922749394386
2018-11-07,10.1,10.22,9.79,9.86,20132815.0,189130003.0,5188372011.0,0.003880372293527894
2018-11-08,9.95,10.12,9.77,9.8,18771734.0,175590576.0,5188372011.0,0.0036180393310660005
2018-11-09,9.79,9.94,9.66,9.81,12633049.0,116910666.0,5188372011.0,0.002434877254987952
2018-11-12,9.81,9.99,9.79,9.95,14505298.0,134798286.0,5188372011.0,0.0027957320657128956
2018-11-13,9.85,10.39,9.81,10.1,29368097.0,278553737.0,5188372011.0,0.005660368404142175
2018-11-14,10.07,10.23,9.89,10.01,21524645.0,203420602.0,5188372011.0,0.00414863177782261
2018-11-15,9.96,10.4,9.96,10.38,36425781.0,349995147.0,5188372011.0,0.007020657139228408
2018-11-16,10.41,10.94,10.25,10.6,48341460.0,482830843.0,5188372011.0,0.009317269443576913
2018-11-19,10.57,10.99,10.54,10.95,42261686.0,430193194.0,5188372011.0,0.008145461796185763
2018-11-20,10.83,11.01,10.39,10.39,33067781.0,332678191.0,5188372011.0,0.006373440634151166
2018-11-21,10.21,10.57,10.21,10.52,21682357.0,212602629.0,5188372011.0,0.0041790289813511215
2018-11-22,10.53,10.56,10.14,10.32,22874315.0,221507440.0,5188372011.0,0.004408765399147089
2018-11-23,10.32,10.4,9.86,9.9,17668608.0,167330661.0,5188372011.0,0.003405424276158366
2018-11-26,9.91,10.06,9.73,9.86,11940527.0,110876289.0,5188372011.0,0.002301401475199655
2018-11-27,9.92,10.13,9.86,9.95,15135836.0,141834500.0,5188372011.0,0.0029172611308345138
2018-11-28,9.92,10.17,9.85,10.11,20073990.0,189606457.0,5188372011.0,0.003869034440367927
2018-11-29,10.15,10.27,9.71,9.73,17748566.0,166993929.0,5188372011.0,0.0034208352759537695
2018-11-30,9.73,9.83,9.47,9.82,18052423.0,164028874.0,5188372011.0,0.0034794002746384796
2018-12-03,10.28,10.32,9.85,9.99,39490033.0,373184455.0,5188372011.0,0.007611257040990155
2018-12-04,9.95,10.02,9.7,9.9,23698951.0,219854073.0,5188372011.0,0.004567704657598809
2018-12-05,9.7,9.8,9.64,9.69,15441081.0,141217862.0,5188372011.0,0.0029760936508143538
2018-12-06,9.63,9.66,9.42,9.52,15604571.0,139960711.0,5188372011.0,0.003007604498466253
2018-12-07,9.49,9.64,9.48,9.54,8914070.0,80117453.0,5188372011.0,0.0017180861320470182
2018-12-10,9.47,9.62,9.39,9.56,8188129.0,73172634.0,5188372011.0,0.0015781692181362744
2018-12-11,9.57,9.65,9.54,9.58,8515864.0,76872359.0,5188372011.0,0.0016413364311474387
2018-12-12,9.63,9.73,9.4,9.42,20258096.0,181629014.0,5188372011.0,0.0039045187887549876
2018-12-13,9.45,9.51,9.15,9.34,29063633.0,255699923.0,5188372011.0,0.005601686413075517
2018-12-14,9.29,9.34,8.82,9.0,42525482.0,360319588.0,5188372011.0,0.00819630549040058
2018-12-17,8.91,8.95,8.82,8.91,22488104.0,187561780.0,5188372011.0,0.004334327598777111
2018-12-18,8.82,8.96,8.73,8.81,17315631.0,143758669.0,5188372011.0,0.003337391953254063
2018-12-19,8.82,8.85,8.7,8.71,12780373.0,105350804.0,5188372011.0,0.0024632722890540627
2018-12-20,8.71,8.87,8.69,8.83,19765475.0,163205430.0,5188372011.0,0.0038095716648873118
2018-12-21,8.77,8.81,8.6,8.64,16777143.0,137082822.0,5188372011.0,0.0032336044841099194
2018-12-24,8.61,8.67,8.52,8.54,12198788.0,98282690.0,5188372011.0,0.0023511783607916004
2018-12-25,8.49,8.49,8.19,8.32,28941430.0,225732905.0,5188372011.0,0.00557813316752163
2018-12-26,8.32,8.34,8.17,8.28,16715509.0,129672103.0,5188372011.0,0.003221725227983079
2018-12-27,8.46,8.48,8.24,8.24,19550201.0,153805371.0,5188372011.0,0.003768080037158307
2018-12-28,8.25,8.57,8.25,8.48,23910426.0,190086217.0,5677360540.0,0.004211539117788704
2019-01-02,8.5,8.61,8.38,8.56,15596007.0,124733333.0,5677360540.0,0.002747052418129499
2019-01-03,8.57,9.05,8.5,8.77,33086602.0,274459674.0,5677360540.0,0.005827814134206809
2019-01-04,8.65,9.56,8.63,9.39,51308901.0,441970787.0,5677360540.0,0.009037456867236407
2019-01-07,9.45,9.46,9.15,9.22,36049463.0,314426570.0,5677360540.0,0.006349687103014247
2019-01-08,9.17,9.41,9.07,9.22,25687357.0,223143849.0,5677360540.0,0.004524524524912417
2019-01-09,9.22,9.38,9.07,9.07,38576731.0,334317570.0,5677360540.0,0.006794835509953363
2019-01-10,9.06,9.12,8.8,8.87,35519416.0,298389420.0,5677360540.0,0.0062563255847056
2019-01-11,8.84,8.89,8.67,8.72,49227433.0,405101231.0,5677360540.0,0.008670830864653877
2019-01-14,8.79,8.85,8.7,8.73,20835038.0,171570826.0,5677360540.0,0.0036698458470632903
2019-01-15,8.75,9.01,8.69,8.9,35934644.0,300175268.0,5677360540.0,0.006329463092368624
2019-01-16,8.91,9.13,8.88,9.0,37978714.0,321703446.0,5677360540.0,0.006689501878984067
2019-01-17,8.97,8.99,8.74,8.75,32945552.0,273562718.0,5677360540.0,0.005802969842743156
2019-01-18,8.78,8.91,8.73,8.87,25133916.0,208782127.0,5677360540.0,0.004427042429826026
2019-01-21,8.88,9.0,8.81,8.93,24867016.0,207742130.0,5677360540.0,0.004380031147361305
2019-01-22,8.86,8.96,8.81,8.85,18864959.0,157433245.0,5677360540.0,0.0033228397011404176
2019-01-23,8.83,8.89,8.72,8.74,15534404.0,128234208.0,5677360540.0,0.0027362017773139347
2019-01-24,8.82,8.96,8.75,8.87,24947422.0,207973677.0,5677360540.0,0.004394193714532
2019-01-25,8.83,8.9,8.82,8.83,21560005.0,179591111.0,5677360540.0,0.003797540221040815
2019-01-28,8.87,8.98,8.79,8.8,20912467.0,174625037.0,5677360540.0,0.0036834840508473327
2019-01-29,8.77,8.77,8.4,8.57,27277611.0,219353082.0,5677360540.0,0.004804628983453639
2019-01-30,8.51,8.63,8.48,8.51,10287393.0,82741025.0,5677360540.0,0.0018120027656372867
2019-01-31,8.56,8.68,8.48,8.52,18539644.0,149455722.0,5677360540.0,0.0032655393064045216
2019-02-01,8.63,9.02,8.63,9.02,34218409.0,284190062.0,5677360540.0,0.006027168568723662
2019-02-11,9.12,9.16,8.98,9.13,26286458.0,224179157.0,5677360540.0,0.0046300490896778596
2019-02-12,9.08,9.36,9.04,9.25,31672464.0,273859493.0,5677360540.0,0.005578730428841146
2019-02-13,9.27,10.05,9.16,9.77,66965826.0,605172545.0,5677360540.0,0.011795239271522467
2019-02-14,9.71,9.91,9.69,9.81,44613088.0,411630313.0,5677360540.0,0.007858068496033899
2019-02-15,9.78,9.98,9.71,9.74,39524032.0,365481747.0,5677360540.0,0.006961691391894586
2019-02-18,9.86,10.48,9.85,10.44,64865876.0,622735473.0,5677360540.0,0.011425357882943259
2019-02-19,10.42,11.48,10.4,11.14,155234286.0,1635663941.0,5677360540.0,0.027342685902417604
2019-02-20,11.04,11.16,10.7,10.97,82391742.0,848222908.0,5677360540.0,0.014512332169061082
2019-02-21,10.88,12.06,10.84,11.44,109523646.0,1175180225.0,5677360540.0,0.019291296585508027
2019-02-22,11.5,12.57,11.27,12.45,152200960.0,1712698567.0,5677360540.0,0.02680840135616964
2019-02-25,13.07,13.69,13.04,13.69,146765889.0,1855179853.0,5677360540.0,0.025851077796796046
2019-02-26,14.31,14.68,13.22,13.22,169151728.0,2227147208.0,5677360540.0,0.029794078922456457
2019-02-27,13.22,13.81,13.01,13.49,101047512.0,1278063466.0,5677360540.0,0.01779832569872337
2019-02-28,13.42,13.44,12.61,13.05,70900060.0,864153732.0,5677360540.0,0.012488208120740559
2019-03-01,13.08,13.69,12.88,13.61,75451074.0,947011576.0,5677360540.0,0.013289815481755542
2019-03-04,13.99,14.48,13.32,13.56,193450509.0,2531840589.0,5677360540.0,0.034074022186373246
2019-03-05,13.05,13.49,12.99,13.4,98725933.0,1227811312.0,5677360540.0,0.017389406979603235
2019-03-06,13.66,14.02,13.36,13.98,133068901.0,1714195077.0,5677360540.0,0.023438515144926834
2019-03-07,13.98,15.05,13.68,14.45,183049429.0,2450807214.0,5677360540.0,0.032241994798519524
2019-03-08,13.4,13.92,13.0,13.0,133714464.0,1685656025.0,5677360540.0,0.023552223442198372
2019-03-11,12.98,13.25,12.42,13.14,99906619.0,1207968705.0,5677360540.0,0.01759737087262737
2019-03-12,13.3,13.53,13.03,13.19,95622810.0,1193084688.0,5677360540.0,0.01684282851622455
2019-03-13,13.09,13.19,12.68,12.8,88974566.0,1076827451.0,5677360540.0,0.015671818862502608
2019-03-14,12.65,13.0,12.12,12.34,76046370.0,897557551.0,5677360540.0,0.013394669840714397
2019-03-15,12.54,12.72,12.29,12.51,69679010.0,819965286.0,5677360540.0,0.012273134585882755
2019-03-18,12.57,12.8,12.37,12.79,76983651.0,909601679.0,5677360540.0,0.013559760818008575
2019-03-19,12.77,12.89,12.56,12.69,48087071.0,575270772.0,5677360540.0,0.008469969567935878
2019-03-20,12.61,12.92,12.42,12.72,70562687.0,840633248.0,5677360540.0,0.012428783851729804
2019-03-21,12.69,13.15,12.64,12.91,96912272.0,1177424063.0,5677360540.0,0.01706995201682224
2019-03-22,12.79,12.92,12.49,12.79,57898183.0,692241029.0,5677360540.0,0.010198081061098156
2019-03-25,12.51,12.69,12.28,12.3,61220641.0,718198600.0,5677360540.0,0.010783292794013747
2019-03-26,12.35,12.4,11.7,11.79,74115934.0,836021956.0,5677360540.0,0.013054646340991407
2019-03-27,11.95,11.98,11.73,11.86,50075281.0,558602163.0,5677360540.0,0.008820169275351324
2019-03-28,11.79,12.06,11.65,11.85,43808270.0,488751232.0,5677360540.0,0.007716309311580201
2019-03-29,11.9,12.7,11.86,12.68,97012551.0,1129270034.0,5677360540.0,0.017087614978209573
2019-04-01,12.82,13.11,12.57,12.95,85017099.0,1028836000.0,5677360540.0,0.014974757794755095
2019-04-02,12.96,13.17,12.83,12.88,66694975.0,815633031.0,5677360540.0,0.011747532067075662
2019-04-03,12.85,13.68,12.74,13.47,110384783.0,1362452297.0,5677360540.0,0.019442975696590162
2019-04-04,13.67,13.75,13.34,13.54,87738601.0,1116185196.0,5677360540.0,0.015454118226565896
2019-04-08,13.68,13.72,12.94,13.17,72290338.0,904681387.0,5677360540.0,0.012733089168932716
2019-04-09,13.17,13.35,12.88,13.16,55595289.0,685863650.0,5677360540.0,0.009792453484026927
2019-04-10,13.18,13.18,12.64,12.9,66163641.0,799803379.0,5677360540.0,0.011653943858918638
2019-04-11,12.87,13.01,12.52,12.61,52238437.0,624439932.0,5677360540.0,0.009201183654261985
2019-04-12,12.61,12.78,12.49,12.62,35849766.0,425954702.0,5677360540.0,0.006314512835219727
2019-04-15,12.85,12.91,12.25,12.27,57532695.0,684066856.0,5677360540.0,0.010133704666922563
2019-04-16,12.18,12.61,12.07,12.58,49350505.0,573497225.0,5677360540.0,0.00869250854376777
2019-04-17,12.59,12.73,12.45,12.49,41017931.0,484774268.0,5677360540.0,0.007224824055299472
2019-04-18,12.53,12.58,12.38,12.49,24873029.0,292096941.0,5677360540.0,0.004381090266287721
2019-04-19,12.65,13.06,12.65,12.88,65244994.0,786604941.0,5677360540.0,0.011492135040625762
2019-04-22,13.11,13.19,12.52,12.57,54450108.0,654728181.0,5677360540.0,0.009590743377379377
2019-04-23,12.55,12.86,12.29,12.52,53649894.0,632546665.0,5677360540.0,0.00944979513314474
2019-04-24,12.52,12.65,12.29,12.57,38734459.0,456015052.0,5677360540.0,0.006822617434121949
2019-04-25,12.5,12.65,12.17,12.19,44857662.0,523440480.0,5677360540.0,0.00790114731730601
2019-04-26,12.13,12.38,12.05,12.19,54952075.0,630564077.0,5677360540.0,0.009679158935359776
2019-04-29,12.22,12.28,11.66,11.82,50239650.0,561004373.0,5677360540.0,0.008849120933228595
2019-04-30,11.8,12.03,11.79,11.88,26662953.0,298525246.0,5677360540.0,0.004696364236892378
2019-05-06,11.36,11.56,10.79,10.92,62403734.0,656446420.0,5677360540.0,0.010991680651657187
2019-05-07,10.99,11.4,10.98,11.28,41765753.0,437464209.0,5677360540.0,0.007356544067571231
2019-05-08,10.98,11.37,10.98,11.21,23431934.0,247272668.0,5677360540.0,0.0041272584037793025
2019-05-09,11.08,11.35,10.95,10.96,27908562.0,292016577.0,5677360540.0,0.004915763549517326
2019-05-10,11.17,11.62,10.87,11.58,47178762.0,501948984.0,5677360540.0,0.008309981666233937
2019-05-13,11.41,11.44,11.11,11.21,24628197.0,261547742.0,5677360540.0,0.00433796600136302
2019-05-14,11.11,11.31,11.02,11.11,25788284.0,270391449.0,5677360540.0,0.004542301623845788
2019-05-15,11.22,11.28,11.13,11.21,27804822.0,292787443.0,5677360540.0,0.004897490973860188
2019-05-16,11.19,11.3,11.08,11.19,21216170.0,223042568.0,5677360540.0,0.0037369777470570857
2019-05-17,11.23,11.24,10.8,10.9,30756899.0,317996746.0,5677360540.0,0.005417464468444697
2019-05-20,10.88,11.12,10.8,10.97,23009077.0,236883373.0,5677360540.0,0.004052777137877525
2019-05-21,10.96,11.4,10.95,11.24,31554025.0,333305632.0,5677360540.0,0.005557868797953776
2019-05-22,11.24,11.35,11.18,11.29,21312880.0,225631459.0,5677360540.0,0.0037540120712502784
2019-05-23,11.2,11.44,11.13,11.23,25349897.0,268194262.0,5677360540.0,0.004465084931879278
2019-05-24,11.15,11.34,11.05,11.06,19641555.0,206442679.0,5677360540.0,0.003459627913643124
2019-05-27,11.14,11.41,11.04,11.27,41601354.0,440711792.0,5677360540.0,0.00732758712554831
2019-05-28,11.27,11.33,11.12,11.27,32394609.0,342262301.0,5677360540.0,0.005705927740851209
2019-05-29,11.18,11.3,11.14,11.17,24018711.0,253182601.0,5677360540.0,0.004230612241511792
2019-05-30,11.13,11.14,10.88,10.97,23387084.0,240868772.0,5677360540.0,0.004119358606032796
2019-05-31,10.99,11.07,10.9,10.9,15796200.0,163160151.0,5677360540.0,0.0027823140504654297
2019-06-03,10.96,11.14,10.82,10.83,22863767.0,235818585.0,5677360540.0,0.004027182497731595
2019-06-04,10.83,10.94,10.71,10.81,20548612.0,208651546.0,5677360540.0,0.0036193952903332788
2019-06-05,10.9,11.0,10.79,10.83,21229255.0,217295048.0,5677360540.0,0.0037392825152513564
2019-06-06,10.81,10.9,10.61,10.64,20298303.0,204974780.0,5677360540.0,0.0035753063165511064
2019-06-10,10.66,10.7,10.19,10.55,19901058.0,196667232.0,5677360540.0,0.003505336301928783
2019-06-11,10.54,11.11,10.51,11.03,38640898.0,395903985.0,5677360540.0,0.0068061377690838
2019-06-12,11.01,11.12,10.84,10.85,26036663.0,268449928.0,5677360540.0,0.004586050650924487
2019-06-13,10.94,11.13,10.85,11.04,27950770.0,289339002.0,5677360540.0,0.00492319799017027
2019-06-14,11.06,11.11,10.81,10.84,25612690.0,262843947.0,5677360540.0,0.004511372814804536
2019-06-17,10.86,10.95,10.74,10.83,16757717.0,170782549.0,5677360540.0,0.002951673912891923
2019-06-18,10.85,10.87,10.7,10.79,13736392.0,139212961.0,5677360540.0,0.0024195032010420814
2019-06-19,11.33,11.47,10.98,11.01,36790481.0,386652431.0,5677360540.0,0.006480208671052623
2019-06-20,10.97,11.8,10.88,11.47,81555968.0,873520649.0,5677360540.0,0.014365120450849507
2019-06-21,11.61,11.74,11.46,11.5,52560630.0,572338627.0,5677360540.0,0.009257934145573922
2019-06-24,11.62,11.67,11.4,11.45,38475206.0,417570194.0,5677360540.0,0.0067769530803833715
2019-06-25,11.41,11.58,11.24,11.57,41184517.0,443925220.0,5677360540.0,0.0072541662115402665
2019-06-26,11.32,11.46,11.24,11.32,21849109.0,233107420.0,5677360540.0,0.003848462475839169
2019-06-27,11.4,11.64,11.38,11.44,39840446.0,431861361.0,5677360540.0,0.007017423980616175
2019-06-28,11.42,11.46,11.23,11.36,20114486.0,214677670.0,5677360540.0,0.0035429291231872336
2019-07-01,11.75,11.81,11.55,11.64,39151886.0,428566894.0,5677360540.0,0.006896142269661105
2019-07-02,11.63,11.69,11.51,11.54,25943140.0,282950590.0,5677360540.0,0.004569577679137495
2019-07-03,11.52,11.55,11.23,11.29,29273154.0,312020538.0,5677360540.0,0.0051561203122040935
2019-07-04,11.2,11.4,11.11,11.2,32702912.0,345640353.0,5677360540.0,0.005760231672727271
2019-07-05,11.16,11.28,11.1,11.25,16420577.0,172955727.0,5677360540.0,0.002892290684079049
2019-07-08,11.28,11.29,10.82,10.85,27283706.0,282538650.0,5677360540.0,0.004805702545711497
2019-07-09,10.85,11.05,10.78,11.01,19434996.0,199426129.0,5677360540.0,0.003423244985600298
2019-07-10,10.92,10.97,10.72,10.83,23803371.0,239698082.0,5677360540.0,0.004192682644037259
2019-07-11,10.85,11.04,10.71,10.78,17895537.0,181053539.0,5677360540.0,0.0031520874663351923
2019-07-12,10.77,10.96,10.74,10.86,16010248.0,162165604.0,5677360540.0,0.0028200160774006435
2019-07-15,10.87,11.26,10.75,11.04,24448376.0,250489878.0,5677360540.0,0.004306292656199706
2019-07-16,11.01,11.19,10.99,11.13,20284460.0,210144120.0,5677360540.0,0.003572868035610083
2019-07-17,11.11,11.27,11.09,11.18,18099594.0,188639910.0,5677360540.0,0.0031880296966308222
2019-07-18,11.15,11.21,11.04,11.05,18664880.0,193325530.0,5677360540.0,0.0032875981485579564
2019-07-19,11.12,11.42,11.12,11.35,27773897.0,292600555.0,5677360540.0,0.004892043900386146
2019-07-22,11.42,11.47,11.06,11.1,24303422.0,253612855.0,5677360540.0,0.004280760721248822
2019-07-23,11.13,11.2,11.03,11.13,12119298.0,125527051.0,5677360540.0,0.002134671193526138
2019-07-24,11.16,11.35,11.15,11.2,17550160.0,183941849.0,5677360540.0,0.0030912533872650616
2019-07-25,11.13,11.22,11.11,11.16,14767284.0,153516670.0,5677360540.0,0.0026010826502838235
2019-07-26,11.16,11.16,11.06,11.13,11851679.0,122673291.0,5677360540.0,0.0020875332677040095
2019-07-29,11.19,11.21,10.89,11.05,20439053.0,210088146.0,5677360540.0,0.0036000977665582605
2019-07-30,11.03,11.25,11.03,11.12,17155627.0,178089042.0,5677360540.0,0.003021761059409484
2019-07-31,11.1,11.21,11.06,11.19,13586216.0,141200085.0,5677360540.0,0.002393051472471748
2019-08-01,11.14,11.21,10.96,10.99,21570905.0,222241537.0,5677360540.0,0.003799460127293589
2019-08-02,10.78,10.86,10.64,10.83,24839176.0,248158295.0,5677360540.0,0.004375127460198256
2019-08-05,10.72,11.05,10.69,10.7,23097628.0,230951447.0,5677360540.0,0.00406837435059215
2019-08-06,10.52,10.64,10.2,10.63,38077993.0,371294542.0,5677360540.0,0.006706988702183074
2019-08-07,10.64,10.7,10.53,10.66,22475200.0,221763740.0,5677360540.0,0.003958741010307582
2019-08-08,11.04,11.13,10.72,10.74,24278586.0,245690929.0,5677360540.0,0.00427638615320351
2019-08-09,10.9,10.95,10.53,10.56,14033292.0,139591517.0,5677360540.0,0.00247179862915664
2019-08-12,10.69,10.78,10.6,10.76,15217274.0,151599214.0,5677360540.0,0.0026803430736495027
2019-08-13,10.63,10.7,10.58,10.68,10161995.0,100648276.0,5677360540.0,0.0017899153890973427
2019-08-14,10.83,10.87,10.57,10.58,13295143.0,132566040.0,5677360540.0,0.0023417824015805767
2019-08-15,10.31,10.59,10.27,10.54,14716878.0,142964624.0,5677360540.0,0.0025922042287629668
2019-08-16,10.57,10.66,10.47,10.54,12950662.0,127369898.0,5677360540.0,0.002281106142327188
2019-08-19,10.69,11.17,10.6,11.16,45744166.0,466995696.0,5677360540.0,0.008057294525811462
2019-08-20,11.15,11.22,11.06,11.18,28439534.0,294944503.0,5677360540.0,0.0050092879956501754
2019-08-21,11.16,11.16,11.02,11.05,18120126.0,186634957.0,5677360540.0,0.003191646165913571
2019-08-22,11.12,11.13,10.91,11.01,12869759.0,131794531.0,5677360540.0,0.0022668560344768942
2019-08-23,11.01,11.16,10.88,10.89,16482074.0,168555041.0,5677360540.0,0.002903122654246651
2019-08-26,10.68,10.8,10.63,10.71,15162515.0,151277726.0,5677360540.0,0.0026706979225948543
2019-08-27,10.8,11.12,10.74,11.05,25317294.0,258581142.0,5677360540.0,0.004459342298525223
2019-08-28,11.0,11.02,10.87,10.9,9462800.0,96236513.0,5677360540.0,0.0016667604485094054
2019-08-29,10.91,10.99,10.84,10.85,11909463.0,120869614.0,5677360540.0,0.00209771123677835
2019-08-30,10.95,11.01,10.61,10.69,21567877.0,216684975.0,5677360540.0,0.0037989267808593323
2019-09-02,10.71,10.92,10.66,10.85,27529834.0,277465844.0,5677360540.0,0.0048490550857282705
2019-09-03,10.83,10.86,10.7,10.77,21288572.0,213252882.0,5677360540.0,0.0037497305041684034
2019-09-04,10.76,10.99,10.73,10.99,31850536.0,322873424.0,5677360540.0,0.005610095708313075
2019-09-05,11.12,11.82,11.12,11.33,72934848.0,776266933.0,5677360540.0,0.012846611992691942
2019-09-06,11.44,11.53,11.26,11.36,25891174.0,273639488.0,5677360540.0,0.004560424482042847
2019-09-09,11.62,11.74,11.46,11.59,41138626.0,443511448.0,5677360540.0,0.00724608305393971
2019-09-10,11.6,12.08,11.48,11.93,67681189.0,743848992.0,5677360540.0,0.01192124201433929
2019-09-11,12.12,12.26,11.88,12.04,54827705.0,616144997.0,5677360540.0,0.009657252628877433
2019-09-12,12.06,12.13,11.9,12.07,27179260.0,303950852.0,5677360540.0,0.004787305616493399
2019-09-16,12.09,12.13,11.7,11.75,38200298.0,421777234.0,5677360540.0,0.006728531283306521
2019-09-17,11.82,11.86,11.44,11.49,36239010.0,391912375.0,5677360540.0,0.006383073568197239
2019-09-18,11.55,11.63,11.42,11.44,20650353.0,221215723.0,5677360540.0,0.003637315765751949
2019-09-19,11.55,11.56,11.33,11.49,23262846.0,247709720.0,5677360540.0,0.004097475549791312
2019-09-20,11.42,11.54,11.35,11.54,21875405.0,233139693.0,5677360540.0,0.0038530942056394396
2019-09-23,11.46,11.47,11.15,11.28,22699758.0,238667200.0,5677360540.0,0.003998294249602122
2019-09-24,11.28,11.51,11.2,11.31,19722378.0,208736570.0,5677360540.0,0.003473863930438351
2019-09-25,11.22,11.42,11.19,11.25,14634636.0,153794280.0,5677360540.0,0.002577718271878502
2019-09-26,11.28,11.34,11.07,11.18,18865295.0,197232186.0,5677360540.0,0.0033228988835716958
2019-09-27,11.15,11.28,11.14,11.19,12115272.0,126417321.0,5677360540.0,0.0021339620611799297
2019-09-30,11.18,11.24,10.96,10.96,12966875.0,133991247.0,5677360540.0,0.0022839618707745485
2019-10-08,10.97,11.0,10.83,10.85,14351892.0,145366358.0,5677360540.0,0.002527916255957914
2019-10-09,10.82,10.92,10.77,10.91,8986738.0,90784131.0,5677360540.0,0.001582907750297641
2019-10-10,10.85,11.01,10.85,10.98,9169520.0,93579441.0,5677360540.0,0.001615102640636594
2019-10-11,11.02,11.18,10.9,11.09,15793647.0,162762101.0,5677360540.0,0.0027818643696706285
2019-10-14,11.26,11.42,11.17,11.2,22041774.0,231541153.0,5677360540.0,0.003882398139893367
2019-10-15,11.19,11.2,10.97,11.0,14322113.0,147349972.0,5677360540.0,0.002522671036847697
2019-10-16,11.04,11.19,11.03,11.09,16421108.0,169911945.0,5677360540.0,0.002892384213457051
2019-10-17,11.06,11.21,11.03,11.06,10661503.0,110142608.0,5677360540.0,0.0018778978232726435
2019-10-18,11.1,11.12,10.8,10.8,16058451.0,163444063.0,5677360540.0,0.0028285064664926142
2019-10-21,10.74,10.88,10.68,10.84,11126497.0,111760650.0,5677360540.0,0.0019598010240159947
2019-10-22,10.8,10.92,10.8,10.9,7632723.0,77183299.0,5677360540.0,0.0013444140012288176
2019-10-23,10.96,10.96,10.78,10.81,7127238.0,72060400.0,5677360540.0,0.0012553787891018808
2019-10-24,10.82,10.92,10.78,10.9,9685405.0,97910064.0,5677360540.0,0.0017059696899221412
2019-10-25,10.9,10.99,10.76,10.93,15487141.0,156924842.0,5677360540.0,0.0027278769581189923
2019-10-28,10.96,11.14,10.9,11.07,15819340.0,162196667.0,5677360540.0,0.0027863898881433377
2019-10-29,11.07,11.09,10.86,10.87,11570752.0,117898627.0,5677360540.0,0.002038051294871613
2019-10-30,10.83,10.88,10.72,10.74,11933200.0,119768109.0,5677360540.0,0.0021018922289546896
2019-10-31,10.77,10.84,10.72,10.74,7850763.0,78747606.0,5677360540.0,0.0013828191718118364
2019-11-01,10.8,10.88,10.7,10.83,12323522.0,123748615.0,5677360540.0,0.0021706428388992183
2019-11-04,10.81,10.97,10.81,10.87,12084031.0,122626543.0,5677360540.0,0.0021284593280383774
2019-11-05,10.9,11.07,10.85,11.0,21197689.0,216837039.0,5677360540.0,0.0037337225371985978
2019-11-06,10.97,10.99,10.85,10.86,9186849.0,93291067.0,5677360540.0,0.0016181549393021286
2019-11-07,10.83,10.9,10.81,10.86,13093936.0,132531412.0,5677360540.0,0.002306342165121682
2019-11-08,10.99,11.01,10.8,10.8,11224322.0,113763926.0,5677360540.0,0.001977031742289173
2019-11-11,10.74,10.83,10.63,10.66,13996279.0,139934540.0,5677360540.0,0.0024652792263920587
2019-11-12,10.64,10.69,10.6,10.62,9841669.0,97542774.0,5677360540.0,0.0017334937477830148
2019-11-13,10.7,10.7,10.43,10.47,12146608.0,118860738.0,5677360540.0,0.0021394815274493736
2019-11-14,10.51,10.53,10.44,10.44,10303533.0,100520600.0,5677360540.0,0.0018148456359968993
2019-11-15,10.45,10.46,10.22,10.26,14559017.0,139500766.0,5677360540.0,0.0025643988782153336
2019-11-18,10.26,10.42,10.23,10.38,8044892.0,77547577.0,5677360540.0,0.0014170127021737465
2019-11-19,10.35,10.55,10.32,10.54,7944567.0,77509998.0,5677360540.0,0.0013993416384297482
2019-11-20,10.53,10.57,10.37,10.4,7470128.0,72754231.0,5677360540.0,0.00131577481249764
2019-11-21,10.31,10.45,10.3,10.39,6292107.0,60859802.0,5677360540.0,0.0011082803277453997
2019-11-22,10.37,10.53,10.31,10.4,8046310.0,77949194.0,5677360540.0,0.0014172624661247953
2019-11-25,10.4,10.46,10.29,10.42,7502704.0,72520950.0,5677360540.0,0.0013215126901206101
2019-11-26,10.48,10.6,10.42,10.6,13366801.0,130834647.0,5677360540.0,0.0023544041118797785
2019-11-27,10.52,10.55,10.37,10.4,10394815.0,100944173.0,5677360540.0,0.0018309238821038482
2019-11-28,10.38,10.42,10.33,10.4,5297231.0,51158694.0,5677360540.0,0.0009330446714944759
2019-11-29,10.39,10.52,10.37,10.44,6760413.0,65726591.0,5677360540.0,0.001190766898168493
2019-12-02,10.59,10.62,10.43,10.47,9261668.0,90775064.0,5677360540.0,0.001631333422414635
2019-12-03,10.41,10.54,10.37,10.54,6565378.0,63844066.0,5677360540.0,0.0011564137866079578
2019-12-04,10.48,10.54,10.43,10.52,4692806.0,45830844.0,5677360540.0,0.0008265823470143751
2019-12-05,10.56,10.7,10.53,10.68,12526310.0,124048022.0,5677360540.0,0.00220636154983386
2019-12-06,10.72,10.75,10.61,10.71,8386733.0,83403713.0,5677360540.0,0.0014772239566099496
2019-12-09,10.75,10.75,10.66,10.68,8007323.0,79719856.0,5677360540.0,0.001410395366576455
2019-12-10,10.64,10.71,10.59,10.69,7169285.0,71108420.0,5677360540.0,0.0012627848715065046
2019-12-11,10.68,10.81,10.53,10.58,18387077.0,182406226.0,5677360540.0,0.003238666431425896
2019-12-12,10.57,10.58,10.47,10.48,11002138.0,107730752.0,5677360540.0,0.0019378966550537232
2019-12-13,10.59,10.93,10.57,10.85,39129828.0,391537070.0,5677360540.0,0.006892257013502968
2019-12-16,10.9,11.04,10.78,10.97,27013568.0,274130797.0,5677360540.0,0.00475812092779297
2019-12-17,11.01,11.67,10.96,11.41,54459732.0,574083733.0,5677360540.0,0.009592438531303845
2019-12-18,11.34,11.56,11.29,11.39,39219438.0,417351711.0,5677360540.0,0.006908040756559033
2019-12-19,11.39,11.41,11.2,11.29,27765735.0,291641261.0,5677360540.0,0.004890606260493014
2019-12-20,11.31,11.64,11.27,11.39,59708948.0,637781281.0,5677360540.0,0.010517025927685756
2019-12-23,11.38,11.5,11.03,11.04,35146206.0,368813944.0,5677360540.0,0.006190589051439739
2019-12-24,11.1,11.19,11.0,11.14,17777409.0,183446681.0,5677360540.0,0.003131280614424392
2019-12-25,11.12,11.27,11.01,11.12,20210812.0,209420154.0,5677360540.0,0.0035598958103161085
2019-12-26,11.12,11.41,11.12,11.41,35632616.0,374062275.0,5677360540.0,0.00627626442762432
2019-12-27,11.38,11.44,11.11,11.19,73881133.0,778453417.0,5677360540.0,0.013013288918233824
2019-12-30,11.1,11.75,11.01,11.6,121178486.0,1298677347.0,5677360540.0,0.021344158988359757
2019-12-31,11.59,11.71,11.44,11.56,57541634.0,619404539.0,5677360540.0,0.010135279166188026
2020-01-02,11.71,11.93,11.57,11.69,62971864.0,687667066.0,5677360540.0,0.011091750040591927
2020-01-03,11.63,11.78,11.51,11.62,36456379.0,394926845.0,5677360540.0,0.006421360550055889
2020-01-06,11.45,11.75,11.41,11.57,48002571.0,517840804.0,5677360540.0,0.008455085891022169
2020-01-07,11.61,11.7,11.47,11.6,32975731.0,355131500.0,5677360540.0,0.005808285517128704
2020-01-08,11.48,11.53,11.1,11.15,43104036.0,453993893.0,5677360540.0,0.00759226681066128
2020-01-09,11.28,11.38,11.19,11.3,31140591.0,327260613.0,5677360540.0,0.0054850472822006125
2020-01-10,11.53,11.64,11.31,11.43,48149409.0,514871189.0,5677360540.0,0.008480949670319864
2020-01-13,11.34,11.62,11.22,11.62,34816472.0,370787747.0,5677360540.0,0.006132510302049621
2020-01-14,11.6,11.67,11.45,11.46,25029582.0,269032826.0,5677360540.0,0.004408665228085021
2020-01-15,11.4,11.53,11.32,11.39,22330602.0,237248190.0,5677360540.0,0.0039332717805517425
2020-01-16,11.4,11.44,11.28,11.3,16811627.0,177474771.0,5677360540.0,0.002961169522624681
2020-01-17,11.33,11.51,11.32,11.4,20386108.0,216415938.0,5677360540.0,0.003590772130177239
2020-01-20,11.33,11.59,11.3,11.58,27172013.0,290635006.0,5677360540.0,0.004786029143042587
2020-01-21,11.54,11.63,11.34,11.35,32800410.0,350791962.0,5677360540.0,0.005777404793812866
2020-01-22,11.31,11.59,11.18,11.5,34944565.0,370044178.0,5677360540.0,0.006155072371007109
2020-01-23,11.43,11.48,11.01,11.05,36442845.0,381711266.0,5677360540.0,0.006418976695815059
2020-02-03,9.95,9.95,9.95,9.95,11927300.0,110446798.0,5677360540.0,0.002100853013643555
2020-02-04,9.35,9.93,9.35,9.77,58236794.0,527086571.0,5677360540.0,0.01025772338918606
2020-02-05,9.83,10.13,9.75,9.89,39404074.0,364382654.0,5677360540.0,0.006940562207099146
2020-02-06,9.89,10.13,9.77,10.04,39746077.0,368972382.0,5677360540.0,0.007000801995921858
2020-02-07,10.02,10.13,9.91,10.06,32143936.0,299868704.0,5677360540.0,0.005661774652768486
2020-02-10,10.03,10.28,9.97,10.17,27791797.0,262544877.0,5677360540.0,0.004895196773957216
2020-02-11,10.22,10.37,10.06,10.09,31458247.0,298047402.0,5677360540.0,0.0055409986345521045
2020-02-12,10.13,10.3,10.02,10.23,35004903.0,331537732.0,5677360540.0,0.006165700197014438
2020-02-13,10.23,10.28,9.99,10.04,28288180.0,266653139.0,5677360540.0,0.004982628776293992
2020-02-14,10.04,10.31,10.01,10.23,38329064.0,363500529.0,5677360540.0,0.006751211893264753
2020-02-17,10.53,10.95,10.45,10.83,68078255.0,673775103.0,5677360540.0,0.011991180500225903
2020-02-18,10.9,10.99,10.75,10.84,39892643.0,402954936.0,5677360540.0,0.007026617865632328
2020-02-19,10.85,11.12,10.76,10.89,53765619.0,550249706.0,5677360540.0,0.00947017872498899
2020-02-20,10.91,11.74,10.88,11.64,94845083.0,1002025628.0,5677360540.0,0.016705841091430845
2020-02-21,11.68,12.05,11.46,11.71,88021244.0,962060749.0,5677360540.0,0.015503902452529464
2020-02-24,11.67,11.87,11.51,11.7,60796603.0,660819612.0,5677360540.0,0.010708603508911554
2020-02-25,11.47,11.75,11.18,11.68,77701134.0,832532844.0,5677360540.0,0.013686136973784652
2020-02-26,11.46,11.78,11.4,11.48,58683761.0,633543027.0,5677360540.0,0.010336451346808424
2020-02-27,11.51,11.7,11.38,11.41,45503956.0,487550599.0,5677360540.0,0.008014984371593212
2020-02-28,11.01,11.22,10.7,10.71,65540558.0,667132414.0,5677360540.0,0.011544195148120714
2020-03-02,10.85,11.3,10.76,11.21,54023774.0,557195122.0,5677360540.0,0.009515649678996782
2020-03-03,11.39,11.58,11.18,11.26,46806954.0,495861001.0,5677360540.0,0.00824449207870811
2020-03-04,11.24,11.55,11.2,11.53,59368554.0,631159858.0,5677360540.0,0.010457069545208062
2020-03-05,11.74,12.01,11.51,11.8,79664529.0,873622782.0,5677360540.0,0.014031965812056742
2020-03-06,11.76,11.76,11.51,11.54,45384865.0,490658507.0,5677360540.0,0.007994007898607053
2020-03-09,11.29,11.47,11.14,11.15,54489827.0,572833686.0,5677360540.0,0.009597739410081572
2020-03-10,11.13,11.51,11.01,11.47,58073422.0,611063909.0,5677360540.0,0.010228947341082551
2020-03-11,11.51,11.61,11.28,11.28,40890109.0,436421732.0,5677360540.0,0.007202309719791021
2020-03-12,11.13,11.29,11.01,11.11,37949382.0,393662745.0,5677360540.0,0.006684335393644033
2020-03-13,10.64,11.12,10.55,10.93,52163289.0,522933251.0,5677360540.0,0.009187947221685519
2020-03-16,11.06,11.09,10.33,10.39,52101533.0,521211241.0,5677360540.0,0.00917706963172714
2020-03-17,10.6,10.69,10.18,10.38,38759978.0,375758491.0,5677360540.0,0.0068271123045498885
2020-03-18,10.43,10.57,10.05,10.06,35682900.0,344292655.0,5677360540.0,0.0062851213602862005
2020-03-19,10.1,10.4,9.77,10.17,37412578.0,352194582.0,5677360540.0,0.0065897837095968545
2020-03-20,10.2,10.26,10.0,10.19,30647339.0,289772471.0,5677360540.0,0.005398166768531491
2020-03-23,9.91,10.03,9.79,9.8,27364828.0,252493659.0,5677360540.0,0.004819991227825034
2020-03-24,9.97,10.04,9.73,9.96,30365142.0,279768065.0,5677360540.0,0.0053484611001999175
2020-03-25,10.16,10.17,10.01,10.09,29941233.0,281339452.0,5677360540.0,0.005273794536924019
2020-03-26,10.02,10.06,9.87,9.88,21523662.0,200102832.0,5677360540.0,0.0037911388308624135
2020-03-27,9.99,10.11,9.9,9.95,26506236.0,246398694.0,5677360540.0,0.004668760388432192
2020-03-30,9.87,9.87,9.68,9.76,25375180.0,230609192.0,5677360540.0,0.004469538233694772
2020-03-31,9.88,9.96,9.76,9.8,23151742.0,212206715.0,5677360540.0,0.004077905892515327
2020-04-01,9.81,9.99,9.79,9.83,26022463.0,239912677.0,5677360540.0,0.0045835494886502315
2020-04-02,9.77,10.15,9.72,10.14,28696290.0,267217972.0,5677360540.0,0.005054512532332498
2020-04-03,10.13,10.24,10.02,10.11,29181262.0,275374348.0,5677360540.0,0.005139934621802265
2020-04-07,10.26,10.39,10.17,10.31,35533121.0,340259350.0,5677360540.0,0.006258739558576634
2020-04-08,10.24,10.38,10.22,10.31,21865927.0,209333745.0,5677360540.0,0.003851424767890468
2020-04-09,10.42,10.51,10.31,10.32,20778771.0,201083432.0,5677360540.0,0.0036599350796206434
2020-04-10,10.35,10.35,10.12,10.14,17569946.0,166664408.0,5677360540.0,0.003094738457459318
2020-04-13,10.1,10.15,10.02,10.08,13352258.0,125250222.0,5677360540.0,0.0023518425342069255
2020-04-14,10.13,10.37,10.1,10.27,21925336.0,208668001.0,5677360540.0,0.0038618889615208408
2020-04-15,10.29,10.47,10.23,10.24,24637980.0,237086641.0,5677360540.0,0.004339689161259433
2020-04-16,10.11,10.33,10.1,10.19,24291131.0,230542503.0,5677360540.0,0.004278595806776083
2020-04-17,10.3,10.3,10.12,10.14,16986341.0,161356312.0,5677360540.0,0.0029919433300602044
2020-04-20,10.18,10.19,10.06,10.11,14478197.0,136248360.0,5677360540.0,0.0025501633898346713
2020-04-21,10.06,10.1,9.87,9.91,16912097.0,156831507.0,5677360540.0,0.0029788661264059865
2020-04-22,9.86,9.98,9.84,9.96,11543298.0,106715091.0,5677360540.0,0.0020332155970492582
2020-04-23,10.02,10.26,9.97,10.12,23966661.0,225797863.0,5677360540.0,0.004221444248809324
2020-04-24,10.05,10.14,9.82,9.88,18825735.0,174653544.0,5677360540.0,0.0033159308568414436
2020-04-27,9.89,9.98,9.81,9.85,14925942.0,137492980.0,5677360540.0,0.002629028382967554
2020-04-28,9.94,10.0,9.74,9.89,17314441.0,159693740.0,5677360540.0,0.0030497342696505936
2020-04-29,9.84,9.99,9.84,9.94,11158553.0,103063721.0,5677360540.0,0.001965447309781034
2020-04-30,9.96,10.14,9.93,10.1,25447785.0,238015446.0,5677360540.0,0.004482326746858321
2020-05-06,9.9,10.05,9.87,10.04,23799998.0,220809883.0,5677360540.0,0.004192088529928029
2020-05-07,9.99,10.11,9.97,10.04,22499302.0,210414911.0,5677360540.0,0.003962986292922662
2020-05-08,10.1,10.37,10.08,10.23,27563841.0,261771374.0,5677360540.0,0.004855045017098738
2020-05-11,10.25,10.3,10.08,10.12,17556690.0,166265354.0,5677360540.0,0.003092403569634843
2020-05-12,10.19,10.26,10.08,10.15,16190204.0,153199192.0,5677360540.0,0.002851713201219382
2020-05-13,10.1,10.2,10.08,10.19,11493767.0,108687218.0,5677360540.0,0.0020244912964431884
2020-05-14,10.12,10.16,10.03,10.04,12909481.0,121260571.0,5677360540.0,0.002273852595593656
2020-05-15,10.1,10.15,10.06,10.09,10199896.0,96037919.0,5677360540.0,0.0017965912025731591
2020-05-18,10.11,10.15,10.0,10.03,15375297.0,144274795.0,5677360540.0,0.002708176958583645
2020-05-19,10.05,10.13,10.03,10.06,12600917.0,118149731.0,5677360540.0,0.002219502691650441
2020-05-20,10.01,10.11,9.98,9.99,13108001.0,122350207.0,5677360540.0,0.0023088195487405137
2020-05-21,10.02,10.08,9.91,9.91,8695849.0,80732605.0,5677360540.0,0.0015316710888331217
2020-05-22,9.89,9.95,9.76,9.76,14786545.0,135606636.0,5677360540.0,0.0026044752479292077
2020-05-25,9.76,9.86,9.75,9.8,9984921.0,91188320.0,5677360540.0,0.0017587258955373652
2020-05-26,9.87,10.02,9.83,9.95,11787101.0,108855615.0,5677360540.0,0.002076158615778169
2020-05-27,9.91,9.97,9.83,9.84,8556540.0,78729666.0,5677360540.0,0.001507133453955348
2020-05-28,9.86,10.08,9.85,9.97,15422725.0,143182062.0,5677360540.0,0.0027165308405796614
2020-05-29,9.94,9.97,9.84,9.85,10707031.0,98699980.0,5677360540.0,0.0018859170427108368
2020-06-01,10.04,10.26,10.03,10.17,33008684.0,312188716.0,5677360540.0,0.005814089798848674
2020-06-02,10.16,10.26,10.09,10.14,14349469.0,135819214.0,5677360540.0,0.002527489473127595
2020-06-03,10.2,10.2,10.04,10.06,14210141.0,134053467.0,5677360540.0,0.0025029484916242436
2020-06-04,10.08,10.13,10.01,10.02,10740471.0,100570954.0,5677360540.0,0.0018918071037285224
2020-06-05,10.04,10.13,9.99,10.08,13606985.0,127369809.0,5677360540.0,0.002396709686505131
2020-06-08,10.11,10.14,10.02,10.03,11981566.0,112356131.0,5677360540.0,0.0021104113285713576
2020-06-09,10.03,10.15,10.0,10.08,15098447.0,141807406.0,5677360540.0,0.0026594131011450613
2020-06-10,10.09,10.11,9.95,9.98,12244238.0,113923286.0,5677360540.0,0.002156677898775828
2020-06-11,9.96,10.06,9.87,9.88,19792019.0,183301969.0,5677360540.0,0.003486130370011696
2020-06-12,9.76,9.85,9.73,9.83,22954858.0,209232974.0,5677360540.0,0.004043227101444574
2020-06-15,9.84,9.95,9.74,9.74,21701397.0,198746742.0,5677360540.0,0.0038224447517648755
2020-06-16,9.8,9.84,9.77,9.82,17229788.0,157254509.0,5677360540.0,0.0030348236435940707
2020-06-17,9.84,9.84,9.75,9.8,15489757.0,141193080.0,5677360540.0,0.002728337735619658
2020-06-18,9.79,9.99,9.77,9.87,19646130.0,180544903.0,5677360540.0,0.003460433745854724
2020-06-19,9.87,10.15,9.84,10.08,45181126.0,421222080.0,5677360540.0,0.00795812168025531
2020-06-22,10.09,10.58,10.05,10.28,64016475.0,617837115.0,5677360540.0,0.01127574592963934
2020-06-23,10.28,10.46,10.22,10.46,42993253.0,413930844.0,5677360540.0,0.007572753693743748
2020-06-24,10.45,10.57,10.32,10.34,27604665.0,267421399.0,5677360540.0,0.004862235682499037
2020-06-29,10.27,10.28,10.04,10.06,25496686.0,236280313.0,5677360540.0,0.004490940080405744
2020-06-30,10.18,10.55,10.06,10.35,36196101.0,340995151.0,5677360540.0,0.006375515654674276
2020-07-01,10.31,10.64,10.29,10.56,47846758.0,461431639.0,5677360540.0,0.00842764127148423
2020-07-02,10.65,11.39,10.58,11.35,106098042.0,1075853178.0,5677360540.0,0.018687916903019162
2020-07-03,11.56,12.19,11.42,12.18,145288863.0,1567066892.0,5677360540.0,0.025590917113042816
2020-07-06,12.73,13.4,12.6,13.4,172194492.0,2075724217.0,5677360540.0,0.03033002586092586
2020-07-07,13.67,13.75,12.79,13.09,167137146.0,2035140128.0,5677360540.0,0.029439234098738425
2020-07-08,13.07,14.4,12.96,14.26,162968169.0,2064264981.0,5677360540.0,0.028704918042777673
2020-07-09,14.13,15.06,13.75,14.35,172519812.0,2269473775.0,5677360540.0,0.030387327136352695
2020-07-10,13.99,14.3,13.79,13.82,103186357.0,1326179240.0,5677360540.0,0.018175057982137595
2020-07-13,13.8,14.33,13.61,13.96,103279499.0,1321584447.0,5677360540.0,0.018191463845274834
2020-07-14,13.88,14.13,13.56,13.77,77348948.0,981273265.0,5677360540.0,0.013624103569790196
2020-07-15,13.97,14.68,13.79,13.82,155542091.0,2031077042.0,5677360540.0,0.02739690211747588
2020-07-16,13.6,14.33,13.07,13.14,145655475.0,1843888274.0,5677360540.0,0.02565549148654209
2020-07-17,13.17,13.29,12.19,12.37,124772670.0,1447363687.0,5677360540.0,0.02197723204663694
2020-07-20,12.72,13.4,12.67,13.37,102460111.0,1226645222.0,5677360540.0,0.0180471383274172
2020-07-21,13.3,13.45,12.88,13.04,68887788.0,825627276.0,5677360540.0,0.012133770176237565
2020-07-22,13.09,13.61,13.0,13.12,85736054.0,1045036521.0,5677360540.0,0.015101393225944393
2020-07-23,13.02,13.2,12.72,13.15,65017798.0,774535773.0,5677360540.0,0.011452117148790414
2020-07-24,13.09,13.14,12.18,12.3,74868882.0,864332193.0,5677360540.0,0.013187269237616536
2020-07-27,12.36,12.52,12.12,12.41,38574341.0,435558724.0,5677360540.0,0.006794414539683259
2020-07-28,12.55,12.6,12.23,12.33,31388496.0,356256629.0,5677360540.0,0.005528712819778044
2020-07-29,12.35,12.82,12.24,12.71,55978778.0,648704199.0,5677360540.0,0.009860000541730612
2020-07-30,12.73,12.98,12.56,12.74,45194187.0,529551972.0,5677360540.0,0.007960422221133061
2020-07-31,12.71,13.15,12.55,12.78,56569495.0,666725349.0,5677360540.0,0.009964048363925114
2020-08-03,12.98,13.13,12.8,13.07,57785136.0,687292698.0,5677360540.0,0.01017816916732225
2020-08-04,13.07,13.26,12.88,12.93,52139063.0,623508570.0,5677360540.0,0.009183680097935087
2020-08-05,12.94,13.04,12.76,12.91,34099684.0,402858766.0,5677360540.0,0.006006256562314431
2020-08-06,13.03,13.64,12.94,13.5,102085697.0,1245547088.0,5677360540.0,0.01798118972377259
2020-08-07,13.41,14.25,13.29,13.73,173372418.0,2199044262.0,5677360540.0,0.03053750361255021
2020-08-10,13.36,14.15,13.15,13.7,114039388.0,1420317330.0,5677360540.0,0.020086691200344307
2020-08-11,13.74,14.0,13.07,13.08,93143960.0,1162186838.0,5677360540.0,0.016406208368087892
2020-08-12,13.04,13.19,12.56,12.81,72484956.0,852361089.0,5677360540.0,0.012767368830868719
2020-08-13,12.88,13.01,12.68,12.77,42470779.0,499026448.0,5677360540.0,0.0074807260699353085
2020-08-14,12.68,12.97,12.6,12.94,41666664.0,488554481.0,5677360540.0,0.007339090710628006
2020-08-17,13.2,14.03,13.16,13.73,106309930.0,1325801863.0,5677360540.0,0.01872523847146759
2020-08-18,13.75,13.96,13.6,13.67,64573876.0,815687958.0,5677360540.0,0.011373925531951507
2020-08-19,13.68,13.85,13.39,13.42,51953453.0,649105442.0,5677360540.0,0.009150987088799543
2020-08-20,13.38,13.57,13.05,13.06,44547387.0,539776415.0,5677360540.0,0.007846496040922565
2020-08-21,13.24,13.38,13.08,13.2,46136358.0,558712981.0,5677360540.0,0.008126374514168163
2020-08-24,13.32,13.55,13.18,13.21,45522509.0,556953639.0,5677360540.0,0.008018252263401261
2020-08-25,13.18,13.38,13.03,13.05,43582814.0,526828128.0,5677360540.0,0.007676597900192542
2020-08-26,13.02,13.12,12.7,12.73,51627927.0,608867932.0,5677360540.0,0.00909364952890591
2020-08-27,12.76,12.91,12.68,12.8,28180160.0,330114630.0,5677360540.0,0.004963602329190811
2020-08-28,12.8,13.15,12.69,13.07,45405304.0,538788313.0,5677360540.0,0.007997607987038287
2020-08-31,13.09,13.42,12.89,12.89,73971579.0,896355337.0,5677360540.0,0.01302921991281533
2020-09-01,12.83,12.96,12.71,12.88,42231986.0,495917811.0,5677360540.0,0.007438665503529921
2020-09-02,12.91,12.98,12.67,12.85,43957250.0,516809677.0,5677360540.0,0.007742550378877294
2020-09-03,12.85,13.07,12.8,12.88,48601793.0,576969598.0,5677360540.0,0.008560631768508398
2020-09-04,12.66,12.8,12.64,12.71,32834514.0,382057725.0,5677360540.0,0.005783411810587601
2020-09-07,12.67,12.77,12.3,12.3,34864661.0,401401333.0,5677360540.0,0.0061409982252069555
2020-09-08,12.31,12.48,12.02,12.34,54353362.0,611028084.0,5677360540.0,0.009573702712211404
2020-09-09,12.14,12.26,12.0,12.05,41073026.0,456474056.0,5677360540.0,0.0072345283887853985
2020-09-10,12.19,12.2,11.75,11.78,37894247.0,416580810.0,5677360540.0,0.006674624014630573
2020-09-11,11.77,11.88,11.61,11.77,26293705.0,283341763.0,5677360540.0,0.004631325563128672
2020-09-14,11.8,11.9,11.68,11.8,24986477.0,269856439.0,5677360540.0,0.004401072791477147
2020-09-15,11.74,11.84,11.71,11.83,22265052.0,240360338.0,5677360540.0,0.003921725922306847
2020-09-16,11.83,11.89,11.6,11.7,37387040.0,402951360.0,5677360540.0,0.006585285492543336
2020-09-17,11.63,11.77,11.52,11.68,24497415.0,261095063.0,5677360540.0,0.004314930296817119
2020-09-18,11.7,12.23,11.64,12.2,58589753.0,644213782.0,5677360540.0,0.010319892948000092
2020-09-21,12.47,12.55,12.0,12.01,62896031.0,703116948.0,5677360540.0,0.011078392953356456
2020-09-22,11.89,12.35,11.87,11.94,60561738.0,670463913.0,5677360540.0,0.010667234813309919
2020-09-23,11.98,12.14,11.93,11.96,36405309.0,400914119.0,5677360540.0,0.006412365172777983
2020-09-24,11.94,12.02,11.74,11.78,29162651.0,316861748.0,5677360540.0,0.005136656513979294
2020-09-25,11.84,12.96,11.76,12.96,218932736.0,2547413214.0,5677360540.0,0.03856241548471396
2020-09-28,12.71,12.82,12.34,12.45,125022498.0,1437761221.0,5677360540.0,0.022021236297950525
2020-09-29,12.56,12.61,12.38,12.45,87884821.0,1005262119.0,5677360540.0,0.015479873152463205
2020-09-30,12.47,12.52,11.96,12.04,98878134.0,1104952683.0,5677360540.0,0.017416215388004933
2020-10-09,12.19,12.37,12.09,12.32,63845976.0,715918032.0,5677360540.0,0.011245714544667617
2020-10-12,12.49,12.78,12.33,12.77,96705097.0,1120414960.0,5677360540.0,0.017033460587655404
2020-10-13,12.6,12.61,12.34,12.5,61631040.0,704798663.0,5677360540.0,0.010855579730365337
2020-10-14,12.49,12.55,12.26,12.31,35953989.0,407191482.0,5677360540.0,0.0063328704856218275
2020-10-15,12.33,12.74,12.33,12.46,60513336.0,696462767.0,5677360540.0,0.010658709372718471
2020-10-16,12.48,12.68,12.38,12.58,45941082.0,528110745.0,5677360540.0,0.00809197895330424
2020-10-19,12.69,12.85,12.37,12.42,49826264.0,576238978.0,5677360540.0,0.008776307872108471
2020-10-20,12.33,12.45,12.22,12.45,30497368.0,344524403.0,5677360540.0,0.005371751148289765
2020-10-21,12.43,12.45,12.24,12.36,28647800.0,323532762.0,5677360540.0,0.005045971591580478
2020-10-22,12.31,12.56,12.26,12.42,33917385.0,384850211.0,5677360540.0,0.00597414674672044
2020-10-23,12.42,12.52,12.22,12.22,32130842.0,364954804.0,5677360540.0,0.0056594682993305195
2020-10-26,12.06,12.08,11.84,11.88,42798812.0,468119714.0,5677360540.0,0.00753850520826708
2020-10-27,11.86,12.06,11.86,11.99,26957653.0,295725582.0,5677360540.0,0.004748272160992615
2020-10-28,11.93,12.16,11.87,12.06,25011910.0,275567351.0,5677360540.0,0.00440555251402089
2020-10-29,11.89,12.29,11.85,12.18,32792195.0,363170904.0,5677360540.0,0.005775957818595752
2020-10-30,12.1,12.26,11.7,11.72,38902893.0,426297352.0,5677360540.0,0.006852285093734773
2020-11-02,11.73,11.98,11.38,11.68,39295412.0,421944693.0,5677360540.0,0.006921422679279058
2020-11-03,11.75,12.22,11.74,12.14,48965348.0,540132338.0,5677360540.0,0.008624667687565955
2020-11-04,12.13,12.3,12.05,12.17,32258097.0,359982602.0,5677360540.0,0.005681882764486189
2020-11-05,12.32,12.49,12.26,12.4,40988277.0,464672476.0,5677360540.0,0.007219600853462796
2020-11-06,12.38,12.71,12.33,12.5,56337132.0,646479728.0,5677360540.0,0.009923120366070674
2020-11-09,12.58,13.05,12.52,12.82,85083909.0,996119388.0,5677360540.0,0.014986525587117284
2020-11-10,12.8,12.88,12.5,12.57,47042741.0,546212905.0,5677360540.0,0.008286023173719384
2020-11-11,12.61,12.72,12.44,12.48,40919001.0,471189026.0,5677360540.0,0.0072073987043281915
2020-11-12,12.47,12.64,12.34,12.45,32666538.0,373619603.0,5677360540.0,0.005753824822265031
2020-11-13,12.38,12.46,12.17,12.34,40442675.0,455364392.0,5677360540.0,0.007123499505634708
2020-11-16,12.44,12.72,12.33,12.66,51375793.0,591376783.0,5677360540.0,0.009049239102930038
2020-11-17,12.64,12.79,12.42,12.77,41752436.0,482852277.0,5677360540.0,0.007354198435317268
2020-11-18,12.82,12.94,12.53,12.61,50314985.0,586638261.0,5677360540.0,0.008862390303646278
2020-11-19,12.49,12.67,12.32,12.66,36231080.0,415055486.0,5677360540.0,0.006381676792363798
2020-11-20,12.59,12.66,12.48,12.57,28057687.0,322934650.0,5677360540.0,0.004942030156851726
2020-11-23,12.5,12.96,12.42,12.78,69820138.0,813719806.0,5677360540.0,0.012297992616125098
2020-11-24,12.71,12.91,12.59,12.62,39575775.0,462123617.0,5677360540.0,0.006970805310173238
2020-11-25,12.77,12.81,12.35,12.36,38224080.0,440540063.0,5677360540.0,0.006732720201701335
2020-11-26,12.37,12.44,12.23,12.31,34284120.0,387480005.0,5677360540.0,0.006038742785216878
2020-11-27,12.33,12.64,12.29,12.64,47009597.0,537104766.0,5677360540.0,0.008280185249605445
2020-11-30,12.83,13.07,12.62,12.67,111108603.0,1312732585.0,5677360540.0,0.019570468040065674
2020-12-01,12.66,13.13,12.53,12.98,92836284.0,1089849477.0,5677360540.0,0.016352014874855915
2020-12-02,12.98,13.25,12.91,13.02,83440511.0,998372518.0,5677360540.0,0.014697060440695563
2020-12-03,12.98,13.2,12.93,13.07,63757664.0,763681577.0,5677360540.0,0.011230159428980003
2020-12-04,13.02,13.02,12.74,12.84,43328596.0,510155502.0,5677360540.0,0.007631820402232196
2020-12-07,12.91,12.95,12.65,12.67,40589753.0,475340934.0,5677360540.0,0.007149405558097601
2020-12-08,12.66,12.8,12.61,12.68,37091486.0,431605378.0,5677360540.0,0.006533227146430267
2020-12-09,12.66,12.79,12.09,12.11,60366864.0,689884648.0,5677360540.0,0.010632910059997705
2020-12-10,12.12,12.18,11.89,12.04,52829389.0,582620807.0,5677360540.0,0.009305272868930745
2020-12-11,12.02,12.17,11.93,12.01,53244527.0,588185919.0,5677360540.0,0.009378394524156819
2020-12-14,11.95,12.07,11.83,11.97,37244499.0,407641579.0,5677360540.0,0.006560178579040886
2020-12-15,11.92,12.02,11.84,11.93,28151023.0,307436241.0,5677360540.0,0.004958470190797501
2020-12-16,11.99,12.02,11.83,11.85,30436690.0,332814791.0,5677360540.0,0.005361063435298403
2020-12-17,11.83,12.19,11.8,12.14,50240327.0,553851867.0,5677360540.0,0.008849240178782093
2020-12-18,12.09,12.19,12.0,12.08,28473172.0,315521732.0,5677360540.0,0.005015212932029151
2020-12-21,12.05,12.22,12.01,12.14,28598992.0,317710310.0,5677360540.0,0.005037374638884568
2020-12-22,12.07,12.13,11.66,11.69,38957721.0,424625950.0,5677360540.0,0.006861942398324415
2020-12-23,11.7,11.95,11.62,11.93,45204071.0,488627295.0,5677360540.0,0.007962163170986495
2020-12-24,11.9,12.05,11.77,11.83,22476201.0,244842791.0,5677360540.0,0.003958917324634098
2020-12-25,11.84,12.17,11.78,12.08,34549117.0,380074776.0,5677360540.0,0.006085418876709211
2020-12-28,12.07,12.28,11.98,12.11,39158211.0,434969585.0,5736575803.0,0.006826060065225987
2020-12-29,12.07,12.35,12.06,12.09,39114460.0,436552003.0,5736575803.0,0.006818433390097399
2020-12-30,12.01,12.28,11.98,12.23,35070333.0,391040818.0,5736575803.0,0.006113461096715503
2020-12-31,12.28,12.84,12.26,12.69,96022338.0,1108238687.0,5736575803.0,0.016738615734805447
2021-01-04,12.78,12.84,12.47,12.64,71637850.0,829765281.0,5736575803.0,0.012487911335981348
2021-01-05,12.5,12.76,12.42,12.64,63180485.0,729006553.0,5736575803.0,0.011013623312875798
2021-01-06,12.65,12.8,12.43,12.52,48863498.0,563074840.0,5736575803.0,0.00851788587443512
2021-01-07,12.64,13.04,12.38,12.9,85971814.0,998925855.0,5736575803.0,0.014986608205375788
2021-01-08,12.85,12.86,12.52,12.54,71489273.0,827934212.0,5736575803.0,0.012462011390595409
2021-01-11,12.6,12.68,12.12,12.13,59587804.0,677069113.0,5736575803.0,0.010387347094557341
2021-01-12,12.12,12.67,11.85,12.62,95253136.0,1073168972.0,5736575803.0,0.016604528427949374
2021-01-13,12.6,12.65,12.06,12.1,66566223.0,752623261.0,5736575803.0,0.011603825223609619
2021-01-14,12.07,12.26,11.97,11.98,52545262.0,582045687.0,5736575803.0,0.00915969104295997
2021-01-15,12.04,12.24,11.89,12.01,40643004.0,449373540.0,5736575803.0,0.007084889208427322
2021-01-18,12.0,12.19,11.95,12.05,40984781.0,453147222.0,5736575803.0,0.0071444677813839045
2021-01-19,12.07,12.3,11.98,12.13,43467929.0,483243861.0,5736575803.0,0.007577330186636427
2021-01-20,12.13,12.19,11.96,11.99,34559195.0,381809244.0,5736575803.0,0.006024359511108861
2021-01-21,12.02,12.33,11.93,12.12,59347948.0,660913245.0,5736575803.0,0.010345535392204421
2021-01-22,12.07,12.34,11.81,11.9,58714769.0,648301213.0,5736575803.0,0.010235159617222267
2021-01-25,11.88,11.97,11.72,11.8,45524186.0,493379795.0,5736575803.0,0.007935776944879324
2021-01-26,11.75,11.82,11.24,11.26,54693466.0,576666321.0,5736575803.0,0.009534166003942196
2021-01-27,11.22,11.33,11.09,11.14,35294148.0,362947864.0,5736575803.0,0.006152476531651961
2021-01-28,11.03,11.26,10.99,11.14,36429558.0,372254318.0,5736575803.0,0.006350401223836142
2021-01-29,11.24,11.26,10.97,11.09,32463616.0,330665516.0,5736575803.0,0.005659058141099229
2021-02-01,11.11,11.17,10.99,11.12,23983255.0,243756347.0,5736575803.0,0.004180761454848678
2021-02-02,11.12,11.15,10.72,10.89,53488163.0,534504250.0,5736575803.0,0.00932405756270628
2021-02-03,10.86,11.09,10.8,10.91,34808862.0,349013313.0,5736575803.0,0.006067881467163104
2021-02-04,10.88,10.89,10.53,10.7,39157330.0,383773351.0,5736575803.0,0.006825906489289705
2021-02-05,10.7,10.8,10.51,10.53,24110337.0,235622658.0,5736575803.0,0.004202914391437355
2021-02-08,10.42,10.43,9.95,10.19,55167518.0,513504566.0,5736575803.0,0.00961680275734343
2021-02-09,10.19,10.43,10.09,10.35,39295933.0,369802219.0,5736575803.0,0.0068500677668113085
2021-02-10,10.35,10.64,10.3,10.55,34368694.0,330149091.0,5736575803.0,0.0059911513732681
2021-02-18,10.69,10.82,10.61,10.68,34522315.0,338729513.0,5736575803.0,0.00601793058882726
2021-02-19,10.59,10.91,10.56,10.91,43090724.0,426256940.0,5736575803.0,0.007511575804065079
2021-02-22,10.93,11.1,10.75,10.77,55139088.0,553287400.0,5736575803.0,0.009611846839217997
2021-02-23,10.77,10.88,10.65,10.72,29412340.0,290545804.0,5736575803.0,0.005127159652386798
2021-02-24,10.7,10.86,10.59,10.7,33402031.0,328448505.0,5736575803.0,0.00582264266124263
2021-02-25,10.73,10.84,10.64,10.75,32561079.0,320541175.0,5736575803.0,0.005676047893060501
2021-02-26,10.65,10.69,10.41,10.46,39876941.0,384668097.0,5736575803.0,0.00695134909210926
2021-03-01,10.47,10.54,10.43,10.47,26025360.0,249772826.0,5736575803.0,0.004536741236190024
2021-03-02,10.51,10.55,10.3,10.37,30585940.0,292739946.0,5736575803.0,0.005331741626076792
2021-03-03,10.35,10.59,10.32,10.57,33984539.0,326765232.0,5736575803.0,0.005924185466568304
2021-03-04,10.53,10.59,10.41,10.42,29012832.0,279004689.0,5736575803.0,0.005057517410443256
2021-03-05,10.38,10.72,10.37,10.64,48331388.0,470311799.0,5736575803.0,0.00842512844940088
2021-03-08,10.73,10.79,10.54,10.56,33306186.0,326184558.0,5736575803.0,0.005805934959071263
2021-03-09,10.58,10.66,10.34,10.37,34947800.0,335156853.0,5736575803.0,0.006092101141890899
2021-03-10,10.42,10.45,10.18,10.2,27943422.0,263271860.0,5736575803.0,0.004871097839478859
2021-03-11,10.21,10.34,10.21,10.31,25597106.0,241101041.0,5736575803.0,0.0044620879909952095
2021-03-12,10.29,10.44,10.15,10.4,37036256.0,349326309.0,5736575803.0,0.006456160830408886
2021-03-15,10.31,10.37,10.25,10.28,22909576.0,216470379.0,5736575803.0,0.003993597711725382
2021-03-16,10.3,10.35,10.22,10.32,19377327.0,182875467.0,5736575803.0,0.0033778560007638064
2021-03-17,10.31,10.38,10.25,10.32,22166675.0,209827637.0,5736575803.0,0.0038640951956753914
2021-03-18,10.33,10.39,10.25,10.26,22746626.0,215131808.0,5736575803.0,0.0039651922647138075
2021-03-19,10.22,10.22,10.07,10.07,25645558.0,238174706.0,5736575803.0,0.004470534144530679
2021-03-22,10.11,10.64,10.09,10.49,48704463.0,463128117.0,5736575803.0,0.0084901628902959
2021-03-23,10.49,10.75,10.41,10.66,49220701.0,477487350.0,5736575803.0,0.008580153507996797
2021-03-24,10.58,10.97,10.58,10.75,53760452.0,532893652.0,5736575803.0,0.009371522986218614
2021-03-25,10.63,10.82,10.52,10.54,32670224.0,318047952.0,5736575803.0,0.005695074051477674
2021-03-26,10.54,10.65,10.52,10.56,20533390.0,199006538.0,5736575803.0,0.0035793809242896883
2021-03-29,10.54,10.63,10.45,10.57,19784623.0,191204368.0,5736575803.0,0.003448855847011284
2021-03-30,10.55,10.59,10.47,10.55,16728841.0,161502313.0,5736575803.0,0.0029161718722955747
2021-03-31,9.93,10.04,9.66,9.67,98702480.0,888999549.0,5736575803.0,0.017205818137778734
2021-04-01,9.67,9.7,9.55,9.6,39451827.0,347235145.0,5736575803.0,0.006877243211772478
2021-04-02,9.6,9.65,9.57,9.58,29387608.0,258341519.0,5736575803.0,0.005122848369689712
2021-04-06,9.6,9.62,9.58,9.61,23905970.0,210415014.0,5736575803.0,0.004167289132220328
2021-04-07,9.62,9.72,9.58,9.67,27518579.0,243317932.0,5736575803.0,0.004797039199867085
2021-04-08,9.66,9.78,9.6,9.68,31177192.0,277099694.0,5736575803.0,0.0054348086856440695
2021-04-09,9.66,9.67,9.58,9.61,19439888.0,171363261.0,5736575803.0,0.0033887616354400327
2021-04-12,9.56,9.65,9.55,9.56,19839213.0,174281381.0,5736575803.0,0.0034583719768201938
2021-04-13,9.55,9.59,9.49,9.59,19566794.0,171199864.0,5736575803.0,0.0034108838917054577
2021-04-14,9.58,9.65,9.57,9.61,17743625.0,156374873.0,5736575803.0,0.003093069037930396
2021-04-15,9.58,9.58,9.5,9.55,14316498.0,125000177.0,5736575803.0,0.0024956521959516413
2021-04-16,9.55,9.65,9.54,9.62,20056691.0,176374467.0,5736575803.0,0.0034962827457995327
2021-04-19,9.6,9.77,9.55,9.74,32957927.0,292807168.0,5736575803.0,0.005745226443754883
2021-04-20,9.75,9.78,9.59,9.62,23586412.0,209110244.0,5736575803.0,0.004111583775754388
2021-04-21,9.56,9.67,9.56,9.6,14839460.0,130604693.0,5736575803.0,0.0025868149414568103
2021-04-22,9.63,9.66,9.57,9.6,17410203.0,153368723.0,5736575803.0,0.003034946908728228
2021-04-23,9.57,9.61,9.51,9.55,16770230.0,146790549.0,5736575803.0,0.0029233868035405093
2021-04-26,9.53,9.57,9.32,9.33,30201830.0,261904774.0,5736575803.0,0.0052647835637778286
2021-04-27,9.37,9.42,9.3,9.34,24049067.0,206207413.0,5736575803.0,0.004192233803904988
2021-04-28,9.35,9.39,9.31,9.39,17105616.0,146705702.0,5736575803.0,0.0029818512972589755
2021-04-29,9.38,9.69,9.36,9.63,42679926.0,375001952.0,5736575803.0,0.0074399654891128784
2021-04-30,9.6,9.7,9.54,9.61,29220302.0,257457336.0,5736575803.0,0.005093683584677631
2021-05-06,9.68,9.72,9.53,9.58,22207015.0,195432635.0,5736575803.0,0.0038711272652209388
2021-05-07,9.58,9.61,9.51,9.56,23084214.0,202258825.0,5736575803.0,0.0040240406111129706
2021-05-10,9.55,9.57,9.38,9.46,24623476.0,213710581.0,5736575803.0,0.004292364791400979
2021-05-11,9.44,9.72,9.39,9.65,32857277.0,288207518.0,5736575803.0,0.0057276811338947105
2021-05-12,9.6,9.67,9.57,9.63,18179279.0,160327424.0,5736575803.0,0.0031690122512619745
2021-05-13,9.6,9.71,9.59,9.66,19682472.0,174235072.0,5736575803.0,0.0034310488828033707
2021-05-14,9.67,10.15,9.67,10.11,91648220.0,835891511.0,5736575803.0,0.015976119404204795
2021-05-17,9.99,10.01,9.77,9.84,57564127.0,520490816.0,5736575803.0,0.010034579682516575
2021-05-18,9.79,9.95,9.73,9.85,31878833.0,288007334.0,5736575803.0,0.00555711875773151
2021-05-19,9.8,9.86,9.72,9.75,29193448.0,261612349.0,5736575803.0,0.0050890023949013265
2021-05-20,9.73,9.94,9.71,9.86,42791719.0,385125081.0,5736575803.0,0.007459453246938991
2021-05-21,9.87,9.89,9.71,9.72,31086228.0,278498775.0,5736575803.0,0.005418951839482909
2021-05-24,9.74,10.01,9.73,9.87,42452994.0,384141536.0,5736575803.0,0.0074004066986788145
2021-05-25,9.89,10.28,9.85,10.2,92125858.0,855466138.0,5736575803.0,0.016059381269192305
2021-05-26,10.37,10.77,10.26,10.38,122174813.0,1175600146.0,5736575803.0,0.02129751566014476
2021-05-27,10.32,10.53,10.26,10.39,71913539.0,684392261.0,5736575803.0,0.012535969447556519
2021-05-28,10.4,11.42,10.28,11.18,208072777.0,2095959026.0,5736575803.0,0.03627125033215568
2021-05-31,11.02,11.62,10.99,11.59,160987018.0,1665638281.0,5736575803.0,0.028063259953056006
2021-06-01,11.51,11.53,11.05,11.16,113120360.0,1164113548.0,5736575803.0,0.019719143245844076
2021-06-02,11.24,11.26,10.82,10.87,76727060.0,772687902.0,5736575803.0,0.013375062517238039
2021-06-03,10.8,11.14,10.75,10.8,79986853.0,800061489.0,5736575803.0,0.013943309693244194
2021-06-04,10.69,11.21,10.64,10.85,82927916.0,828443228.0,5736575803.0,0.014455995849759715
2021-06-07,10.85,10.93,10.63,10.67,49915725.0,490996709.0,5736575803.0,0.008701310104521947
2021-06-08,10.67,10.85,10.59,10.73,41501490.0,408486894.0,5736575803.0,0.0072345405038135085
2021-06-09,10.67,10.78,10.54,10.59,33332927.0,325244496.0,5736575803.0,0.005810596450685479
2021-06-10,10.58,10.73,10.53,10.61,37736840.0,367788846.0,5736575803.0,0.0065782866462367915
2021-06-11,10.61,10.72,10.29,10.38,52280656.0,503489338.0,5736575803.0,0.009113564920149631
2021-06-15,10.46,10.46,10.22,10.26,33944818.0,320875804.0,5736575803.0,0.005917261301114197
2021-06-16,10.2,10.31,10.09,10.21,42348988.0,396058299.0,5736575803.0,0.0073822763708366185
2021-06-17,10.25,10.39,10.17,10.35,34238287.0,322656285.0,5736575803.0,0.005968418822617971
2021-06-18,10.31,10.65,10.28,10.58,43962802.0,422510349.0,5736575803.0,0.007663596457142466
2021-06-21,10.61,10.7,10.44,10.5,33820920.0,326918612.0,5736575803.0,0.005895663399464365
2021-06-22,10.75,10.79,10.5,10.52,45376219.0,442316688.0,5736575803.0,0.007909983334704659
2021-06-23,10.47,10.59,10.32,10.51,38705900.0,371085804.0,5736575803.0,0.006747213203346561
2021-06-24,10.51,10.73,10.49,10.66,44990512.0,438806605.0,5736575803.0,0.007842746883336181
2021-06-25,10.66,11.3,10.63,11.1,92325858.0,931606706.0,5736575803.0,0.01609424527288862
2021-06-28,11.18,11.54,11.11,11.27,100480622.0,1042204615.0,5736575803.0,0.017515783884081624
2021-06-29,11.11,11.16,10.84,10.84,64540125.0,647800501.0,5736575803.0,0.011250635782804106
2021-06-30,10.88,10.94,10.69,10.9,41844832.0,415000469.0,5736575803.0,0.007294391887599014
2021-07-01,11.01,11.17,10.56,10.58,55945928.0,555558685.0,5736575803.0,0.009752495202929683
2021-07-02,10.74,10.98,10.46,10.51,67895061.0,666637733.0,5736575803.0,0.011835468288328656
2021-07-05,10.4,11.0,10.39,10.96,68411157.0,678143089.0,5736575803.0,0.011925434152586931
2021-07-06,10.82,10.88,10.62,10.78,55939995.0,549183701.0,5736575803.0,0.009751460962260032
2021-07-07,10.69,10.82,10.66,10.76,34078665.0,335347989.0,5736575803.0,0.005940593512627902
2021-07-08,10.9,10.9,10.53,10.58,42721849.0,408389793.0,5736575803.0,0.007447273507247682
2021-07-09,10.5,10.78,10.46,10.71,40974903.0,389934489.0,5736575803.0,0.007142745848241343
2021-07-12,10.93,11.79,10.93,11.79,232004808.0,2414384893.0,5736575803.0,0.04044308241837766
2021-07-13,11.74,12.52,11.65,12.07,239926928.0,2597737257.0,5736575803.0,0.04182406652319103
2021-07-14,12.15,12.75,11.48,11.51,203980933.0,2199802201.0,5736575803.0,0.0355579600104519
2021-07-15,11.58,11.68,11.23,11.51,125680652.0,1281289793.0,5736575803.0,0.021908653579418236
2021-07-16,11.71,12.52,11.59,11.92,206542988.0,2224281717.0,5736575803.0,0.03600457748540275
2021-07-19,11.71,12.65,11.71,12.43,188830364.0,2062990301.0,5736575803.0,0.0329169125423653
2021-07-20,12.26,13.12,12.19,12.54,158180294.0,1778681643.0,5736575803.0,0.027573991773503285
2021-07-21,12.42,12.78,12.15,12.27,141332142.0,1562299443.0,5736575803.0,0.024637021605482652
2021-07-22,12.25,13.29,12.1,12.93,183227890.0,2084078665.0,5736575803.0,0.03194028917114267
2021-07-23,12.93,14.23,12.76,13.89,343748573.0,4225185703.0,5736575803.0,0.05992225759838007
2021-07-26,13.77,14.52,13.32,13.51,303567091.0,3784663237.0,5736575803.0,0.05291782091352241
2021-07-27,13.51,13.68,12.61,12.87,214825429.0,2542480998.0,5736575803.0,0.03744837275359542
2021-07-28,12.76,13.02,12.23,12.34,158618014.0,1772540920.0,5736575803.0,0.027650295131993047
2021-07-29,12.59,12.92,12.44,12.68,156397810.0,1767433309.0,5736575803.0,0.027263269129680148
2021-07-30,12.54,12.54,12.06,12.23,110360835.0,1206786013.0,5736575803.0,0.019238102796843667
2021-08-02,12.11,13.45,11.96,13.45,167700513.0,1930603018.0,5736575803.0,0.029233556525532067
2021-08-03,13.45,14.79,13.32,14.14,407308427.0,5175043755.0,5736575803.0,0.07100201252234721
2021-08-04,14.22,14.63,13.74,14.39,282630879.0,3591626212.0,5736575803.0,0.04926822005074793
2021-08-05,14.24,14.34,13.59,13.73,177428576.0,2197314272.0,5736575803.0,0.030929352647482134
2021-08-06,13.71,14.39,13.64,13.79,179202959.0,2230591286.0,5736575803.0,0.03123866312483555
2021-08-09,13.73,15.17,13.68,15.17,328987352.0,4409739285.0,5736575803.0,0.05734908128084924
2021-08-10,14.88,16.23,14.72,15.81,373983498.0,5164025690.0,5736575803.0,0.06519281028316955
2021-08-11,15.67,15.89,15.25,15.34,212550103.0,2941508677.0,5736575803.0,0.03705173788322379
2021-08-12,15.46,15.73,15.11,15.63,182250782.0,2508288302.0,5736575803.0,0.031769959686524164
2021-08-13,15.49,15.54,14.81,15.24,160298596.0,2170874949.0,5736575803.0,0.027943254217292872
2021-08-16,15.36,16.43,15.19,15.67,238481309.0,3394965905.0,5736575803.0,0.041572066192393696
2021-08-17,15.46,17.14,15.4,15.79,282634860.0,4094110191.0,5736575803.0,0.049268914018741505
2021-08-18,15.67,17.36,15.61,17.36,279484406.0,4187670036.0,5736575803.0,0.04871972681923611
2021-08-19,19.1,19.1,18.05,18.16,717113285.0,12104149565.0,5736575803.0,0.12500720109459346
2021-08-20,18.06,18.64,17.63,17.92,426656944.0,6943389125.0,5736575803.0,0.07437484636337856
2021-08-23,18.47,19.12,18.07,18.32,351810764.0,5826961767.0,5736575803.0,0.061327658882502176
2021-08-24,18.53,19.96,18.42,19.7,444185799.0,7626189171.0,5736575803.0,0.07743047669093966
2021-08-25,19.03,19.46,18.67,19.32,316205718.0,5389239608.0,5736575803.0,0.055120986605744327
2021-08-26,19.0,19.03,18.11,18.37,289484683.0,4790406386.0,5736575803.0,0.05046297529069712
2021-08-27,18.33,18.99,18.05,18.58,226967721.0,3763520246.0,5736575803.0,0.039565017319444284
2021-08-30,18.05,18.09,16.73,16.73,219496176.0,3352261307.0,5736575803.0,0.038262577456958255
2021-08-31,16.24,17.29,15.64,16.76,394846923.0,5740098853.0,5736575803.0,0.0688297229147588
2021-09-01,16.52,18.44,16.05,17.77,442568681.0,6910968821.0,5736575803.0,0.07714858065129275
2021-09-02,17.49,18.74,17.36,18.27,341910043.0,5561317415.0,5736575803.0,0.05960176501480111
2021-09-03,19.03,19.03,17.49,17.57,241780832.0,3919030274.0,5736575803.0,0.04214723910273412
2021-09-06,17.86,19.03,17.69,18.41,257683499.0,4220678007.0,5736575803.0,0.04491939230808069
2021-09-07,18.2,20.24,18.1,20.24,361589236.0,6265920745.0,5736575803.0,0.06303224230226388
2021-09-08,20.21,20.74,19.71,20.43,306717507.0,5549542716.0,5736575803.0,0.05346700148886711
2021-09-09,19.89,20.61,19.75,20.61,211631556.0,3814514818.0,5736575803.0,0.036891616753207575
2021-09-10,20.81,22.01,19.59,19.73,356388075.0,6592069942.0,5736575803.0,0.06212557582061816
2021-09-13,19.48,20.54,19.35,19.88,218712472.0,3882194969.0,5736575803.0,0.03812596216119416
2021-09-14,19.8,20.34,19.22,19.28,196546699.0,3456396594.0,5736575803.0,0.03426202420217544
2021-09-15,19.54,19.57,18.79,19.24,165834995.0,2834537340.0,5736575803.0,0.02890835939329433
2021-09-16,19.18,19.37,18.19,18.61,183351019.0,3076946480.0,5736575803.0,0.03196175302069829
2021-09-17,18.64,19.1,18.36,18.76,143676804.0,2403442782.0,5736575803.0,0.025045743128655734
2021-09-22,18.35,19.23,18.14,19.02,140902104.0,2367062754.0,5736575803.0,0.024562057373374867
2021-09-23,19.02,19.82,18.75,19.48,184843898.0,3190824227.0,5736575803.0,0.032221991715569075
2021-09-24,19.36,20.03,19.16,19.28,152164892.0,2663657959.0,5736575803.0,0.026525386785689095
2021-09-27,19.01,19.35,17.35,17.41,228195435.0,3724810685.0,5736575803.0,0.03977903244661439
2021-09-28,17.3,18.02,17.27,17.62,144459749.0,2278834121.0,5736575803.0,0.025182226115525803
2021-09-29,17.35,17.61,16.66,16.93,148353301.0,2261049457.0,5736575803.0,0.025860950172124832
2021-09-30,17.03,17.1,16.74,16.94,86795192.0,1310911994.0,5736575803.0,0.015130139473553123
2021-10-08,17.15,17.24,16.49,16.69,98600023.0,1483668875.0,5736575803.0,0.017187957831645166
2021-10-11,16.57,16.88,16.36,16.55,74989415.0,1115274530.0,5736575803.0,0.013072156208723597
2021-10-12,16.43,16.66,15.51,15.91,145042106.0,2076790394.0,5736575803.0,0.025283742598528686
2021-10-13,15.93,16.27,15.56,16.03,93392012.0,1327672353.0,5736575803.0,0.01628009725787284
2021-10-14,15.95,16.52,15.82,16.19,100315483.0,1451430192.0,5736575803.0,0.017486996850549594
2021-10-15,16.04,16.37,15.95,16.14,77804890.0,1123725140.0,5736575803.0,0.01356294986275805
2021-10-18,16.2,16.32,15.9,16.26,73231988.0,1055014842.0,5736575803.0,0.012765801501603552
2021-10-19,16.26,16.9,16.19,16.6,150437616.0,2236303163.0,5736575803.0,0.026224288001446286
2021-10-20,16.52,16.97,16.41,16.7,110280153.0,1648280975.0,5736575803.0,0.019224038309112533
2021-10-21,16.71,16.92,16.37,16.57,91066871.0,1352872188.0,5736575803.0,0.015874778635780542
2021-10-22,16.5,16.9,16.5,16.77,89528861.0,1334606570.0,5736575803.0,0.015606672704155672
2021-10-25,16.88,18.24,16.51,17.86,182319306.0,2822875024.0,5736575803.0,0.0317819047914706
2021-10-26,17.55,18.13,17.52,17.73,121249278.0,1926779884.0,5736575803.0,0.0211361763818394
2021-10-27,17.57,17.89,16.8,16.9,124481878.0,1929992738.0,5736575803.0,0.021699683273582987
2021-10-28,16.9,17.67,16.82,17.07,130563669.0,2018904517.0,5736575803.0,0.022759861193104153
2021-10-29,16.1,16.56,15.37,15.4,268399937.0,3728968692.0,5736575803.0,0.0467874819782975
2021-11-01,15.11,15.6,14.44,15.21,164068682.0,2211282235.0,5736575803.0,0.028600455678490056
2021-11-02,15.02,15.16,14.39,14.6,152141214.0,2001850614.0,5736575803.0,0.026521259236291485
2021-11-03,14.59,14.76,14.51,14.59,75140640.0,982142887.0,5736575803.0,0.013098517753518476
2021-11-04,14.78,14.89,14.45,14.52,89536794.0,1168237278.0,5736575803.0,0.015608055584862286
2021-11-05,14.44,14.59,14.23,14.23,89148069.0,1147432025.0,5736575803.0,0.01554029303567803
2021-11-08,14.21,14.74,14.17,14.52,97520229.0,1257805633.0,5736575803.0,0.016999728121608854
2021-11-09,14.5,15.05,14.41,14.93,139794030.0,1841782589.0,5736575803.0,0.024368897893215898
2021-11-10,14.83,15.02,14.67,14.86,97579383.0,1292171327.0,5736575803.0,0.017010039847982116
2021-11-11,14.82,16.18,14.77,15.83,233905133.0,3249763792.0,5736575803.0,0.040774347107498686
2021-11-12,15.73,15.73,15.33,15.58,123580119.0,1713629685.0,5736575803.0,0.021542488628037048
2021-11-15,15.58,15.67,15.32,15.37,89976216.0,1243127873.0,5736575803.0,0.015684655636023503
2021-11-16,15.23,15.49,15.07,15.29,96291374.0,1318495107.0,5736575803.0,0.01678551409529766
2021-11-17,15.16,15.29,14.97,15.0,82397643.0,1110506767.0,5736575803.0,0.014363558650599427
2021-11-18,14.9,15.11,14.82,14.93,71878195.0,960593470.0,5736575803.0,0.012529808280823305
2021-11-19,14.86,15.83,14.79,15.6,182322335.0,2508444114.0,5736575803.0,0.03178243280680658
2021-11-22,15.54,16.28,15.48,16.08,165891120.0,2369340728.0,5736575803.0,0.028918143104331606
2021-11-23,15.92,16.55,15.87,16.02,165384238.0,2400300240.0,5736575803.0,0.028829783424723622
2021-11-24,15.94,16.67,15.93,16.4,167183229.0,2444661733.0,5736575803.0,0.029143383569091835
2021-11-25,16.4,16.78,16.29,16.43,105656301.0,1560534087.0,5736575803.0,0.0184180083430164
2021-11-26,16.46,16.6,16.08,16.17,104314880.0,1517118932.0,5736575803.0,0.018184171809504806
2021-11-29,15.73,16.21,15.7,15.82,95524324.0,1353879186.0,5736575803.0,0.01665180192512136
2021-11-30,15.95,16.11,15.58,15.74,91627333.0,1296849766.0,5736575803.0,0.01597247838197877
2021-12-01,15.67,16.48,15.61,16.23,132918977.0,1911681677.0,5736575803.0,0.02317043852719399
2021-12-02,16.11,17.55,16.08,17.16,212833903.0,3242924861.0,5736575803.0,0.03710120990446886
2021-12-03,17.07,17.4,16.85,17.33,158347333.0,2426794641.0,5736575803.0,0.02760311001507043
2021-12-06,17.72,18.35,17.11,17.3,304142643.0,4819068205.0,5736575803.0,0.05301815114879952
2021-12-07,17.53,17.76,17.04,17.39,150919696.0,2341259168.0,5736575803.0,0.02630832419595589
2021-12-08,17.45,17.85,16.9,17.79,145502671.0,2276151522.0,5736575803.0,0.02536402829784066
2021-12-09,17.71,18.96,17.57,18.21,217365301.0,3529264951.0,5736575803.0,0.037891123287576295
2021-12-10,17.8,18.17,17.48,17.53,136097030.0,2162028772.0,5736575803.0,0.02372443678488946
2021-12-13,17.87,18.49,17.46,17.59,167716120.0,2694882357.0,5736575803.0,0.02923627713806051
2021-12-14,17.33,18.57,17.21,18.13,156964971.0,2533435558.0,5736575803.0,0.027362136645682184
2021-12-15,18.13,18.32,17.86,17.93,107118414.0,1723853860.0,5736575803.0,0.018672883908198573
2021-12-16,17.93,18.29,17.79,18.29,95165165.0,1540606564.0,5736575803.0,0.016589193321603527
2021-12-17,18.23,18.25,17.46,17.54,127178374.0,2029113351.0,5736575803.0,0.022169736506138522
2021-12-20,17.25,17.55,16.74,16.84,141792906.0,2159007887.0,5736575803.0,0.024717341994478306
2021-12-21,16.96,17.01,16.69,16.83,87829424.0,1322302315.0,5736575803.0,0.015310426814907374
2021-12-22,16.68,16.9,16.39,16.57,89389378.0,1328689991.0,5736575803.0,0.015582358025017803
2021-12-23,16.59,16.69,16.13,16.35,97398567.0,1421933969.0,5736575803.0,0.01697851999952035
2021-12-24,16.4,16.68,16.17,16.29,66182821.0,971345976.0,5736575803.0,0.01153699057988374
2021-12-27,16.22,16.4,15.96,16.35,58221345.0,843247652.0,5736575803.0,0.010149145936423007
2021-12-28,16.57,16.64,16.04,16.39,77295072.0,1122417044.0,5966575803.0,0.01295467862172068
2021-12-29,16.35,16.43,16.1,16.12,52462461.0,760945289.0,5966575803.0,0.008792725129482445
2021-12-30,16.14,16.57,16.01,16.42,91183090.0,1335855716.0,5966575803.0,0.015282314850362423
2021-12-31,16.48,16.75,16.35,16.5,67289415.0,992357851.0,5966575803.0,0.011277727329998358
2022-01-04,16.51,16.79,16.33,16.68,67841774.0,1002949927.0,5966575803.0,0.011370302873867637
2022-01-05,16.68,16.95,16.58,16.64,78895541.0,1179564553.0,5966575803.0,0.013222917734545708
2022-01-06,16.5,16.57,15.26,15.34,191121250.0,2667839939.0,5966575803.0,0.03203198221397004
2022-01-07,15.33,15.49,14.98,15.32,105434863.0,1441370988.0,5966575803.0,0.017670916532559134
2022-01-10,15.2,15.28,14.79,15.0,78458956.0,1054730705.0,5966575803.0,0.013149745949854649
2022-01-11,14.95,15.23,14.89,15.04,55010794.0,739520984.0,5966575803.0,0.009219826549817824
2022-01-12,15.08,15.29,14.95,15.26,48457557.0,654860147.0,5966575803.0,0.00812150194683448
2022-01-13,15.33,15.39,14.91,14.96,50680392.0,685755990.0,5966575803.0,0.008494049798968086
2022-01-14,14.92,15.09,14.63,14.7,65260816.0,864081919.0,5966575803.0,0.010937733493168192
2022-01-17,14.55,14.87,14.51,14.71,58587832.0,767506820.0,5966575803.0,0.009819339254944517
2022-01-18,14.78,15.11,14.63,14.9,67845847.0,900019037.0,5966575803.0,0.011370985509961516
2022-01-19,14.93,15.32,14.89,15.02,68074446.0,916291578.0,5966575803.0,0.011409298774981138
2022-01-20,15.0,15.72,14.81,15.48,144383644.0,1984748326.0,5966575803.0,0.024198744601116734
2022-01-21,15.35,15.38,15.08,15.14,67315571.0,915365350.0,5966575803.0,0.011282111083907401
2022-01-24,15.0,15.23,14.9,14.95,46437830.0,623711091.0,5966575803.0,0.007782995060022705
2022-01-25,15.01,15.21,14.54,14.57,66857590.0,889926626.0,5966575803.0,0.01120535332281942
2022-01-26,14.53,14.83,14.22,14.7,77843214.0,1013342802.0,5966575803.0,0.013046547395050333
2022-01-27,14.6,14.76,14.2,14.22,62299893.0,806128463.0,5966575803.0,0.010441481857764306
2022-01-28,14.39,14.42,13.61,13.74,79491972.0,991233110.0,5966575803.0,0.01332287975961545
2022-02-07,13.99,14.41,13.92,14.21,83004611.0,1052690823.0,5966575803.0,0.01391159917188435
2022-02-08,14.14,14.49,13.86,14.33,95014773.0,1201639656.0,5966575803.0,0.015924506138382838
2022-02-09,14.24,14.53,14.2,14.39,63116698.0,810379400.0,5966575803.0,0.010578378635240814
2022-02-10,14.45,14.77,14.4,14.54,73192265.0,953990240.0,5966575803.0,0.012267046865171622
2022-02-11,14.43,14.89,14.39,14.46,87763953.0,1144149797.0,5966575803.0,0.01470926640299654
2022-02-14,14.27,14.36,13.75,13.87,95866651.0,1198551671.0,5966575803.0,0.016067281161801072
2022-02-15,13.87,14.03,13.77,14.02,46855261.0,581485502.0,5966575803.0,0.007852956628229064
2022-02-16,14.06,14.35,13.95,14.03,48682727.0,613965409.0,5966575803.0,0.008159240510364802
2022-02-17,13.97,14.05,13.83,13.9,43391400.0,539722130.0,5966575803.0,0.007272412424255594
2022-02-18,13.8,13.95,13.77,13.9,42554143.0,526226652.0,5966575803.0,0.007132087885082049
2022-02-21,13.92,13.92,13.61,13.88,64080209.0,787268850.0,5966575803.0,0.010739863384921786
2022-02-22,13.76,13.76,13.18,13.32,91759637.0,1102287818.0,5966575803.0,0.015378944310715565
2022-02-23,13.32,13.94,13.31,13.87,110367563.0,1355140972.0,5966575803.0,0.0184976386195424
2022-02-24,13.71,14.16,13.5,13.69,104116291.0,1290838589.0,5966575803.0,0.01744992344648504
2022-02-25,13.94,14.07,13.73,13.79,54979867.0,681393609.0,5966575803.0,0.009214643174793166
2022-02-28,13.73,13.92,13.56,13.73,61167580.0,748316897.0,5966575803.0,0.010251705839259577
2022-03-01,13.77,13.88,13.56,13.8,69374151.0,849164269.0,5966575803.0,0.011627129745861707
2022-03-02,13.62,13.69,13.47,13.54,60349499.0,731365728.0,5966575803.0,0.010114595203777721
2022-03-03,13.62,13.8,13.36,13.43,68254125.0,827116632.0,5966575803.0,0.01143941303246022
2022-03-04,13.19,13.32,12.96,13.09,82269368.0,963826828.0,5966575803.0,0.01378837221151785
2022-03-07,13.06,13.06,12.56,12.63,87087825.0,991068342.0,5966575803.0,0.014595947135409251
2022-03-08,12.46,12.78,12.2,12.2,101994419.0,1132618274.0,5966575803.0,0.017094297025224605
2022-03-09,12.27,12.35,11.41,11.88,100965133.0,1073456037.0,5966575803.0,0.01692178836464872
2022-03-10,12.15,12.2,11.8,11.83,85379066.0,914819057.0,5966575803.0,0.014309558584183465
2022-03-11,11.59,12.3,11.53,12.17,111550334.0,1187555908.0,5966575803.0,0.018695871414876247
2022-03-14,11.98,12.43,11.92,12.1,94108219.0,1026653757.0,5966575803.0,0.015772567399995538
2022-03-15,12.01,12.29,11.52,11.56,99984686.0,1070302593.0,5966575803.0,0.016757465135987647
2022-03-16,11.78,12.72,11.59,12.56,183416485.0,2011954426.0,5966575803.0,0.030740661152377887
2022-03-17,12.56,12.67,12.23,12.31,155997750.0,1728072264.0,5966575803.0,0.026145272456199114
2022-03-18,12.21,12.39,12.07,12.3,94680659.0,1036535386.0,5966575803.0,0.015868508525843997
2022-03-21,12.21,12.3,11.97,12.1,74699907.0,809879689.0,5966575803.0,0.012519728143308062
2022-03-22,12.01,12.42,12.0,12.28,87874787.0,960299408.0,5966575803.0,0.014727842216605455
2022-03-23,12.21,12.38,12.18,12.25,57110386.0,626005105.0,5966575803.0,0.009571718836000515
2022-03-24,12.16,12.25,11.98,12.14,54974959.0,594825287.0,5966575803.0,0.009213820592434028
2022-03-25,12.14,12.35,11.93,11.97,60539116.0,656698395.0,5966575803.0,0.010146375073213832
2022-03-28,11.71,12.15,11.69,12.05,44792879.0,478635023.0,5966575803.0,0.007507300749866967
2022-03-29,12.06,12.15,11.72,11.73,45814543.0,485957538.0,5966575803.0,0.00767853196082155
2022-03-30,11.9,12.52,11.87,12.42,124453145.0,1361200244.0,5966575803.0,0.020858386637344798
2022-03-31,12.3,12.45,12.26,12.29,67547484.0,744114815.0,5966575803.0,0.011320979776379789
2022-04-01,12.24,12.56,12.2,12.45,84205980.0,932973992.0,5966575803.0,0.014112948997926273
2022-04-06,12.39,12.44,12.2,12.36,60922065.0,670867942.0,5966575803.0,0.010210557447266207
2022-04-07,12.27,12.42,11.98,11.98,58955059.0,640989219.0,5966575803.0,0.009880886616802444
2022-04-08,12.02,12.17,11.77,12.09,61998431.0,663584335.0,5966575803.0,0.010390956730798113
2022-04-11,12.05,12.07,11.36,11.5,83430174.0,868010810.0,5966575803.0,0.013982923665874022
2022-04-12,11.44,12.03,11.36,11.87,85753276.0,898905324.0,5966575803.0,0.0143722762990597
2022-04-13,11.8,11.91,11.63,11.63,55678952.0,585308754.0,5966575803.0,0.009331810042873262
2022-04-14,11.79,12.63,11.79,12.26,136839764.0,1497793255.0,5966575803.0,0.02293438791663333
2022-04-15,12.18,12.44,12.01,12.18,87904466.0,959617724.0,5966575803.0,0.014732816426433658
2022-04-18,11.4,11.45,10.96,10.96,171687369.0,1690775976.0,5966575803.0,0.028774857584759995
2022-04-19,10.69,10.88,10.58,10.62,141712397.0,1352717635.0,5966575803.0,0.023751042755334958
2022-04-20,10.62,10.71,10.28,10.32,142501971.0,1334019197.0,5966575803.0,0.023883375608560922
2022-04-29,10.1,10.66,9.83,10.44,171079807.0,1532849419.0,5966575803.0,0.02867303000055424
2022-05-05,9.78,10.02,9.77,9.96,109936286.0,956601243.0,5966575803.0,0.018425356457337547
2022-05-06,9.77,9.91,9.74,9.76,60953343.0,525192838.0,5966575803.0,0.010215799650002369
2022-05-09,9.72,9.85,9.69,9.77,40908417.0,350089310.0,5966575803.0,0.006856263684680116
2022-05-10,9.67,9.9,9.65,9.86,57385147.0,493329391.0,5966575803.0,0.009617768866884535
2022-05-11,9.85,10.85,9.82,10.26,167313424.0,1515636240.0,5966575803.0,0.02804178301327784
2022-05-12,10.03,10.4,10.0,10.17,78512375.0,701626754.0,5966575803.0,0.013158698991224398
2022-05-13,10.16,10.33,10.06,10.25,92598691.0,828309365.0,7469482864.0,0.012396934658795409
2022-05-16,10.35,10.35,10.04,10.08,69955030.0,623299332.0,7469482864.0,0.009365444873989338
2022-05-17,10.06,10.23,9.96,10.18,60598349.0,536025357.0,7469482864.0,0.00811279041713322
2022-05-18,10.18,10.66,10.14,10.49,164794339.0,1519769972.0,7469482864.0,0.022062349161311362
2022-05-19,10.35,10.6,10.27,10.58,98209939.0,899665893.0,7469482864.0,0.01314815774909046
2022-05-20,10.64,10.77,10.5,10.66,118783761.0,1109356166.0,7469482864.0,0.015902541469435788
2022-05-23,10.65,10.89,10.58,10.85,108354713.0,1021325126.0,7469482864.0,0.014506320581070951
2022-05-24,10.79,10.89,10.42,10.43,87325180.0,816753866.0,7469482864.0,0.01169092714850092
2022-05-25,10.48,10.52,10.34,10.45,55901592.0,511234065.0,7469482864.0,0.007483997623105063
2022-05-26,10.49,10.81,10.28,10.58,102665944.0,949913110.0,7469482864.0,0.013744719128389716
2022-05-27,10.59,10.72,10.39,10.44,66288398.0,613772182.0,7469482864.0,0.00887456323375267
2022-05-30,10.49,10.53,10.32,10.36,56047248.0,510806140.0,7469482864.0,0.007503497768249248
2022-05-31,10.4,10.67,10.33,10.65,90640463.0,837842824.0,7469482864.0,0.012134770860356579
2022-06-01,10.57,10.71,10.43,10.52,57872813.0,536987271.0,7469482864.0,0.007747900899394847
2022-06-02,10.47,10.65,10.41,10.58,53410458.0,493904304.0,7469482864.0,0.007150489394308355
2022-06-06,10.56,10.92,10.49,10.9,136371126.0,1285796769.0,7469482864.0,0.018257104070384274
2022-06-07,10.83,11.24,10.81,10.97,160233869.0,1551363118.0,7469482864.0,0.021451802208726507
2022-06-08,10.97,11.17,10.73,11.06,153516407.0,1476540153.0,7469482864.0,0.02055248131565966
2022-06-09,11.12,11.38,10.91,10.93,155060161.0,1513906206.0,7469482864.0,0.020759156132123903
2022-06-10,10.9,11.4,10.77,11.3,179078261.0,1745398994.0,7469482864.0,0.023974653166832675
2022-06-13,11.14,11.26,10.91,11.05,122120359.0,1189618798.0,7469482864.0,0.01634923879249695
2022-06-14,10.88,11.72,10.81,11.58,219620284.0,2158424647.0,7469482864.0,0.029402341232816032
2022-06-15,11.64,12.67,11.64,12.03,356142679.0,3788439979.0,7469482864.0,0.04767969690598918
2022-06-16,11.97,11.97,11.4,11.44,197855059.0,2026714024.0,7469482864.0,0.026488454770220354
2022-06-17,11.29,11.54,11.01,11.36,145637635.0,1441255546.0,7469482864.0,0.019497686473305496
2022-06-20,11.34,11.62,11.24,11.37,94836536.0,948227889.0,7469482864.0,0.012696533043415253
2022-06-21,11.33,11.42,11.16,11.33,73370151.0,729379414.0,7469482864.0,0.009822654705269567
2022-06-22,11.3,11.38,11.06,11.06,72089082.0,708853186.0,7469482864.0,0.009651147651391145
2022-06-23,11.02,11.54,11.01,11.47,140404473.0,1397462389.0,7469482864.0,0.018797080809528986
2022-06-24,11.51,12.29,11.32,11.96,212733354.0,2200546417.0,7469482864.0,0.028480332289841908
2022-06-27,12.06,12.12,11.72,11.86,125935269.0,1310162285.0,7469482864.0,0.016859971606194984
2022-06-28,11.81,11.99,11.69,11.95,97963902.0,1016734513.0,7469482864.0,0.01311521878872604
2022-06-29,11.86,12.08,11.49,11.55,110196134.0,1138824025.0,7469482864.0,0.014752846483001182
2022-06-30,11.58,11.86,11.57,11.64,75333967.0,772856921.0,7469482864.0,0.010085566614401166
2022-07-01,11.64,11.7,11.44,11.45,68708758.0,694233101.0,7469482864.0,0.00919859637554689
2022-07-04,11.46,11.55,11.26,11.47,54997053.0,549516913.0,7469482864.0,0.007362899681457787
2022-07-05,11.51,11.54,11.02,11.06,137538756.0,1351331333.0,7469482864.0,0.018413424129116524
2022-07-06,11.07,11.12,10.82,10.85,94330025.0,903957181.0,7469482864.0,0.012628722324892665
2022-07-07,10.83,10.92,10.76,10.77,59285435.0,562982248.0,7469482864.0,0.007937020015901332
2022-07-08,10.83,10.86,10.57,10.59,88361691.0,830167573.0,7469482864.0,0.011829693247690407
2022-07-11,10.56,10.64,10.5,10.53,51952793.0,481436396.0,7469482864.0,0.006955340007591722
2022-07-12,10.55,10.74,10.52,10.57,67490954.0,628175501.0,7469482864.0,0.009035559118192791
2022-07-13,10.58,10.66,10.52,10.64,49299637.0,458358689.0,7469482864.0,0.006600140585047067
2022-07-14,10.64,10.64,10.47,10.48,49990557.0,461609661.0,7469482864.0,0.006692639625821358
2022-07-15,10.27,10.27,9.98,9.99,126494219.0,1119897591.0,7469482864.0,0.016934802757183218
2022-07-18,9.99,10.2,9.98,10.12,48762745.0,432167502.0,7469482864.0,0.006528262516675345
2022-07-19,10.15,10.27,10.09,10.24,46583289.0,415560001.0,7469482864.0,0.006236481139077689
2022-07-20,10.25,10.32,10.2,10.26,36552273.0,329027025.0,7469482864.0,0.0048935480093498475
2022-07-21,10.26,10.32,10.2,10.22,32616580.0,293382828.0,7469482864.0,0.004366644999910131
2022-07-22,10.22,10.33,10.08,10.18,40065932.0,358740863.0,7469482864.0,0.005363949918554897
2022-07-25,10.18,10.2,10.07,10.08,29809424.0,264351649.0,7469482864.0,0.003990828353549055
2022-07-26,10.07,10.12,10.0,10.08,45350493.0,399858129.0,7469482864.0,0.006071436781597254
2022-07-27,10.04,10.09,10.01,10.06,27651404.0,243766696.0,7469482864.0,0.003701916786404184
2022-07-28,10.1,10.24,10.1,10.18,50683970.0,452264773.0,7469482864.0,0.006785472424640936
2022-07-29,10.2,10.25,10.11,10.15,41124993.0,357025444.0,7469482864.0,0.005505734968374646
2022-08-01,10.16,10.17,9.97,10.03,49543922.0,423379401.0,7469482864.0,0.006632844991021055
2022-08-02,9.95,9.95,9.52,9.66,70365170.0,580328187.0,7469482864.0,0.00942035362837938
2022-08-03,9.66,9.82,9.66,9.68,44610487.0,370512759.0,7469482864.0,0.005972366201548595
2022-08-04,9.72,9.79,9.68,9.76,28821882.0,239326332.0,7469482864.0,0.003858618129898959
2022-08-05,9.77,10.18,9.72,10.12,72779845.0,619471483.0,7469482864.0,0.009743625673307388
2022-08-08,10.06,10.26,10.03,10.22,50846252.0,441820416.0,7469482864.0,0.006807198426688833
2022-08-09,10.18,10.26,10.1,10.13,37170193.0,322253192.0,7469482864.0,0.004976273950522849
2022-08-10,10.12,10.26,9.99,10.09,42777646.0,369144270.0,7469482864.0,0.005726988973516708
2022-08-11,10.13,10.66,10.11,10.59,130386945.0,1162224298.0,7469482864.0,0.017455953427300077
2022-08-12,10.56,10.7,10.44,10.6,79748004.0,721086138.0,7469482864.0,0.010676509398576218
2022-08-15,10.54,10.63,10.43,10.51,54456335.0,487951105.0,7469482864.0,0.007290509395564496
2022-08-16,10.52,10.65,10.43,10.49,43286944.0,387365137.0,7469482864.0,0.005795172810239143
2022-08-17,10.49,10.67,10.43,10.6,69305360.0,625241820.0,7469482864.0,0.00927846830388016
2022-08-18,10.56,10.64,10.49,10.53,57100671.0,513514445.0,7469482864.0,0.007644528013472393
2022-08-19,10.56,10.6,10.47,10.47,39743614.0,357179927.0,7469482864.0,0.005320798604619438
2022-08-22,10.44,10.5,10.35,10.37,48054252.0,426222821.0,7469482864.0,0.006433410836458678
2022-08-23,10.33,10.54,10.31,10.42,54918790.0,487985185.0,7469482864.0,0.007352421981538668
2022-08-24,10.39,10.64,10.13,10.15,86258141.0,763957658.0,7469482864.0,0.011548074019385018
2022-08-25,10.2,10.43,10.17,10.38,74476427.0,654372630.0,7469482864.0,0.009970760808482122
2022-08-26,10.38,10.4,10.22,10.24,46781415.0,410432292.0,7469482864.0,0.0062630058669078965
2022-08-29,10.13,10.23,10.04,10.13,41203725.0,354834735.0,7469482864.0,0.005516275457111752
2022-08-30,10.13,10.29,10.1,10.15,37397138.0,324278485.0,7469482864.0,0.005006656910646338
2022-08-31,10.11,10.24,9.99,10.16,60939682.0,526234912.0,7469482864.0,0.0081584874226977
2022-09-01,10.11,10.18,9.99,10.02,36600543.0,314879438.0,7469482864.0,0.004900010304113605
2022-09-02,9.99,10.08,9.86,9.9,41921200.0,354979768.0,7469482864.0,0.005612329630213608
2022-09-05,9.9,10.02,9.88,9.99,32627516.0,277124636.0,7469482864.0,0.004368109090557249
2022-09-06,10.03,10.22,10.03,10.2,50421116.0,434849446.0,7469482864.0,0.006750282036660149
2022-09-07,10.16,10.18,10.1,10.13,26552007.0,229223941.0,7469482864.0,0.0035547316304814537
2022-09-08,10.13,10.18,10.03,10.04,33952890.0,292391745.0,7469482864.0,0.004545547612625194
2022-09-09,10.03,10.23,10.03,10.19,59419341.0,515016872.0,7469482864.0,0.007954947093643938
2022-09-13,10.22,10.49,10.18,10.29,57738859.0,508313491.0,7469482864.0,0.007729967395504557
2022-09-14,10.16,10.2,10.04,10.09,47251021.0,407548422.0,7469482864.0,0.006325875815008764
2022-09-15,10.1,10.24,9.95,10.02,55102256.0,474164338.0,7469482864.0,0.007376984056764013
2022-09-16,9.98,10.01,9.49,9.49,120087121.0,982724444.0,7469482864.0,0.0160770327995226
2022-09-19,9.49,9.52,9.36,9.41,40367623.0,324486677.0,7469482864.0,0.005404339729401647
2022-09-20,9.45,9.49,9.38,9.44,26602717.0,213800845.0,7469482864.0,0.003561520587752432
2022-09-21,9.4,9.47,9.23,9.43,32897058.0,262421472.0,7469482864.0,0.004404194855115207
2022-09-22,9.35,9.49,9.32,9.41,22954577.0,184232381.0,7469482864.0,0.003073114620910656
2022-09-23,9.4,9.47,9.28,9.35,29929095.0,239621999.0,7469482864.0,0.004006849676869411
2022-09-26,9.29,9.31,9.09,9.1,32391220.0,254273107.0,7469482864.0,0.004336474236538258
2022-09-27,9.15,9.25,9.09,9.23,23789937.0,185961362.0,7469482864.0,0.0031849510110878274
2022-09-28,9.2,9.24,9.08,9.09,27344382.0,213506160.0,7469482864.0,0.0036608132715303865
2022-09-29,9.17,9.2,8.95,9.02,28596550.0,221547134.0,7469482864.0,0.003828451115113235
2022-09-30,9.0,9.11,8.98,9.02,23777366.0,183413867.0,7469482864.0,0.0031832680297852545
2022-10-10,9.03,9.07,8.91,8.93,21711544.0,166368161.0,7469482864.0,0.002906699753558736
2022-10-11,8.93,9.05,8.86,8.96,25006566.0,190988435.0,7469482864.0,0.0033478309617017686
2022-10-12,8.96,9.24,8.94,9.21,33346877.0,258218133.0,7469482864.0,0.004464415757711818
2022-10-13,9.16,9.22,9.1,9.16,22817392.0,178122394.0,7469482864.0,0.0030547485569544512
2022-10-14,9.22,9.4,9.21,9.32,38712370.0,307061516.0,7469482864.0,0.005182737641260087
2022-10-17,9.27,9.4,9.24,9.35,31896847.0,253716510.0,7469482864.0,0.004270288530111018
2022-10-18,9.41,9.42,9.29,9.3,30579830.0,243474695.0,7469482864.0,0.004093968827130306
2022-10-19,9.3,9.32,9.18,9.18,22607972.0,178142954.0,7469482864.0,0.0030267118101256546
2022-10-20,9.16,9.35,9.13,9.18,36005827.0,282608584.0,7469482864.0,0.0048203908698330475
2022-10-21,9.37,9.42,9.16,9.2,44555065.0,352857787.0,7469482864.0,0.005964946410780065
2022-10-24,9.24,9.44,9.04,9.09,50606026.0,399534938.0,7469482864.0,0.006775037431828293
2022-10-25,9.05,9.11,8.82,8.98,36093316.0,276017374.0,7469482864.0,0.004832103728888078
2022-10-26,9.0,9.18,9.0,9.09,30570397.0,236991791.0,7469482864.0,0.004092705955232512
2022-10-27,9.1,9.25,9.09,9.13,34435904.0,269218579.0,7469482864.0,0.004610212597978858
2022-10-28,9.1,9.14,8.82,8.84,40647728.0,311110711.0,7469482864.0,0.005441839648084103
2022-10-31,8.84,9.2,8.83,9.1,43932462.0,338541877.0,7469482864.0,0.005881593518573738
2022-11-01,9.16,9.97,9.16,9.65,157346469.0,1291174647.0,7469482864.0,0.02106524264997631
2022-11-02,9.48,9.71,9.45,9.59,87736593.0,715375526.0,7469482864.0,0.011746006329682639
2022-11-03,9.5,9.65,9.49,9.58,41342232.0,337412967.0,7469482864.0,0.005534818507885394
2022-11-04,9.56,9.95,9.56,9.78,95904307.0,797785347.0,7469482864.0,0.01283948417128332
2022-11-07,9.74,9.82,9.69,9.77,54827567.0,456245854.0,7469482864.0,0.007340209221745127
2022-11-08,9.77,9.84,9.64,9.72,38844135.0,321748441.0,7469482864.0,0.0052003780860404155
2022-11-09,9.74,9.76,9.57,9.64,41795400.0,343442306.0,7469482864.0,0.005595487768160974
2022-11-10,9.59,9.77,9.56,9.74,42047187.0,347676562.0,7469482864.0,0.00562919652746659
2022-11-11,10.04,10.71,9.89,10.53,356703662.0,3177528201.0,7469482864.0,0.047754800231107404
2022-11-14,10.51,10.67,10.26,10.31,230332628.0,2057857373.0,7469482864.0,0.03083648924480617
2022-11-15,10.27,11.17,10.22,10.85,250696724.0,2301837936.0,7469482864.0,0.03356279525163122
2022-11-16,10.78,10.88,10.47,10.52,127245987.0,1155535492.0,7469482864.0,0.017035448011170375
2022-11-17,10.5,10.58,10.42,10.57,72657821.0,650256068.0,7469482864.0,0.009727289334872487
2022-11-18,10.56,10.57,10.32,10.35,67972886.0,603615224.0,7469482864.0,0.009100079247467432
2022-11-21,10.27,10.29,10.1,10.18,50287415.0,436005525.0,7469482864.0,0.006732382403923271
2022-11-22,10.15,10.27,10.09,10.17,54477096.0,472432641.0,7469482864.0,0.0072932888383154875
2022-11-23,10.12,10.2,9.99,10.1,43578400.0,374990636.0,7469482864.0,0.005834192378970561
2022-11-24,10.26,10.29,10.03,10.08,38326794.0,330639564.0,7469482864.0,0.005131117467946841
2022-11-25,10.08,10.33,10.03,10.25,66706450.0,580002459.0,7469482864.0,0.0089305312314858
2022-11-28,10.08,10.12,9.92,10.09,51453702.0,439762022.0,7469482864.0,0.0068885226643984705
2022-11-29,10.15,10.61,10.15,10.53,122470425.0,1089261382.0,7469482864.0,0.01639610495530551
2022-11-30,10.5,10.76,10.45,10.47,97315710.0,881211515.0,7469482864.0,0.01302844009041427
2022-12-01,10.74,11.06,10.59,10.6,115657506.0,1064979521.0,7469482864.0,0.015484004462668247
2022-12-02,10.57,10.78,10.49,10.53,52802826.0,477193908.0,7469482864.0,0.007069140790788753
2022-12-05,10.65,11.08,10.65,11.05,153806578.0,1433961896.0,7469482864.0,0.02059132885106248
2022-12-06,10.94,11.15,10.9,10.97,76835060.0,721774167.0,7469482864.0,0.010286530058234029
2022-12-07,10.94,10.98,10.69,10.76,73886601.0,679051118.0,7469482864.0,0.009891796037996774
2022-12-08,10.71,10.79,10.66,10.74,36414852.0,333153629.0,7469482864.0,0.004875150350167535
2022-12-09,10.74,10.85,10.59,10.8,58132145.0,530632690.0,7469482864.0,0.007782619768789391
2022-12-12,10.73,10.73,10.42,10.44,75471391.0,676873887.0,7469482864.0,0.010103964675217708
2022-12-13,10.44,10.58,10.39,10.5,32092975.0,287139522.0,7469482864.0,0.00429654576954392
2022-12-14,10.5,10.88,10.47,10.76,77041340.0,704621347.0,7469482864.0,0.010314146427901892
2022-12-15,10.67,10.81,10.6,10.61,39339590.0,357606515.0,7469482864.0,0.005266708648546677
2022-12-16,10.58,10.72,10.54,10.64,29426167.0,266559204.0,7469482864.0,0.003939518643495746
2022-12-19,10.69,10.76,10.24,10.32,53488980.0,476019226.0,7469482864.0,0.007161001768649348
2022-12-20,10.3,10.4,10.18,10.26,32615587.0,285886073.0,7469482864.0,0.004366512058979938
2022-12-21,10.29,10.33,10.2,10.29,21347310.0,186914651.0,7469482864.0,0.0028579368061590615
2022-12-22,10.4,10.44,10.2,10.27,33113604.0,291503551.0,7469482864.0,0.004433185617118781
2022-12-23,10.2,10.43,10.17,10.31,22991093.0,202595999.0,7469482864.0,0.0030780033127605286
2022-12-26,10.3,10.33,10.15,10.2,31459937.0,273737310.0,7469482864.0,0.004211795859606915
2022-12-27,10.35,10.77,10.33,10.52,78062310.0,703880569.0,7469482864.0,0.01045083192790092
2022-12-28,10.38,10.51,10.32,10.44,38407801.0,340723745.0,7469482864.0,0.005141962529308508
2022-12-29,10.37,10.39,10.26,10.3,32639087.0,286674916.0,7469482864.0,0.004369658193783092
2022-12-30,10.33,10.64,10.32,10.49,49362940.0,441561587.0,7469482864.0,0.006608615468938306
2023-01-03,10.38,10.58,10.13,10.53,63369698.0,559266076.0,7469482864.0,0.008483813291200824
2023-01-04,10.5,10.72,10.5,10.59,61024215.0,552052293.0,7469482864.0,0.008169804538157917
2023-01-05,10.67,10.97,10.65,10.87,126113668.0,1164461977.0,7469482864.0,0.01688385532120554
2023-01-06,10.81,11.2,10.8,11.05,112848768.0,1063085685.0,7469482864.0,0.015107976021189785
2023-01-09,11.25,12.15,11.2,11.88,318469151.0,3236544948.0,7469482864.0,0.04263603743371544
2023-01-10,11.93,12.78,11.81,11.96,348305679.0,3637523470.0,7469482864.0,0.04663049441865618
2023-01-11,11.96,12.34,11.67,12.08,219917424.0,2260877926.0,7469482864.0,0.029442121764535586
2023-01-12,12.19,12.57,12.09,12.57,184616557.0,1946009697.0,7469482864.0,0.02471610958367412
2023-01-13,12.64,12.78,12.22,12.7,189721745.0,2022516165.0,7469482864.0,0.025399582334459186
2023-01-16,12.82,13.51,12.6,12.67,342804460.0,3799383297.0,7469482864.0,0.04589400179926566
2023-01-17,12.66,13.08,12.6,13.03,169182294.0,1856800014.0,7469482864.0,0.022649800137489143
2023-01-18,12.76,12.98,12.69,12.75,102208081.0,1117986155.0,7469482864.0,0.013683421310543889
2023-01-19,12.69,13.1,12.63,13.08,121864833.0,1339195185.0,7469482864.0,0.016315029463062437
2023-01-20,13.07,13.07,12.67,12.94,82850470.0,910127890.0,7469482864.0,0.011091861579776428
2023-01-30,13.29,13.51,12.86,13.05,153243179.0,1711160725.0,7469482864.0,0.020515902076510877
2023-01-31,13.03,13.18,12.62,12.69,124861476.0,1362824609.0,7469482864.0,0.01671621426454885
2023-02-01,12.75,13.16,12.6,13.08,155226627.0,1701363732.0,7469482864.0,0.02078144228004484
2023-02-02,13.14,13.14,12.39,12.46,197627452.0,2123459761.0,7469482864.0,0.02645798318281007
2023-02-03,12.4,12.52,12.25,12.43,83486964.0,881009265.0,7469482864.0,0.011177074172346611
2023-02-06,12.35,12.4,11.89,11.95,153125249.0,1571997966.0,7469482864.0,0.020500113834922108
2023-02-07,12.07,12.22,11.98,12.19,80318877.0,830306993.0,7469482864.0,0.010752936777873302
2023-02-08,12.15,12.2,11.88,11.96,70321525.0,718982701.0,7469482864.0,0.009414510519720498
2023-02-09,11.92,12.33,11.92,12.27,113111936.0,1172145236.0,7469482864.0,0.015143208446886665
2023-02-10,12.19,12.21,12.03,12.05,60516411.0,624567831.0,7469482864.0,0.008101820715282117
2023-02-13,12.0,12.19,11.92,12.17,74360069.0,764800598.0,7469482864.0,0.009955183023229973
2023-02-14,12.17,12.19,12.0,12.09,51287045.0,527877001.0,7469482864.0,0.00686621094576488
2023-02-15,12.08,12.23,11.95,12.02,57766444.0,593241302.0,7469482864.0,0.007733660422251154
2023-02-16,12.02,12.28,11.73,11.85,108311340.0,1114641183.0,7469482864.0,0.014500513887248942
2023-02-17,11.73,11.94,11.62,11.65,58366636.0,585771330.0,7469482864.0,0.007814012972879885
2023-02-20,11.85,12.3,11.8,12.22,118111851.0,1212720381.0,7469482864.0,0.015812587450900136
2023-02-21,12.23,12.49,12.14,12.43,107984389.0,1137954438.0,7469482864.0,0.014456742316183992
2023-02-22,12.32,12.39,12.15,12.21,71524973.0,747245811.0,7469482864.0,0.009575625823405062
2023-02-23,12.14,12.44,12.13,12.21,63243281.0,661584229.0,7469482864.0,0.008466888826374848
2023-02-24,12.2,12.26,11.93,11.95,55287852.0,566374793.0,7469482864.0,0.007401831292292794
2023-02-27,11.86,11.88,11.72,11.76,70187981.0,705039372.0,7469482864.0,0.009396631905841668
2023-02-28,11.85,11.96,11.8,11.96,43341050.0,439277135.0,7469482864.0,0.0058024164174586956
2023-03-01,11.92,12.19,11.85,12.15,61677575.0,634214880.0,7469482864.0,0.00825727511837023
2023-03-02,12.13,12.13,11.95,12.01,52570822.0,539011171.0,7469482864.0,0.0070380805414750865
2023-03-03,12.03,12.27,11.96,12.23,67334696.0,696852596.0,7469482864.0,0.009014639597679114
2023-03-06,12.22,12.26,11.87,11.91,77792418.0,794786418.0,7469482864.0,0.010414699306016106
2023-03-07,11.87,12.16,11.69,11.74,78177927.0,793415132.0,7469482864.0,0.010466310509498212
2023-03-08,11.68,11.75,11.53,11.73,54107286.0,537178365.0,7469482864.0,0.007243779386759967
2023-03-09,11.69,11.78,11.61,11.62,38898727.0,386950815.0,7469482864.0,0.00520768675800526
2023-03-10,11.54,11.56,11.34,11.37,63091565.0,615636958.0,7469482864.0,0.00844657738008568
2023-03-13,11.37,11.68,11.34,11.61,63948928.0,630096733.0,7469482864.0,0.00856135948958514
2023-03-14,11.59,11.59,11.24,11.39,50564321.0,490770653.0,7469482864.0,0.006769454046638268
2023-03-15,11.52,11.61,11.45,11.46,45837051.0,449905423.0,7469482864.0,0.006136576230854849
2023-03-16,11.37,11.46,11.24,11.27,45343736.0,438270063.0,7469482864.0,0.00607053216743279
2023-03-17,11.41,11.67,11.41,11.52,71765658.0,707209003.0,7469482864.0,0.009607848268302821
2023-03-20,11.51,11.73,11.42,11.46,71031857.0,700584020.0,7469482864.0,0.009509608401720273
2023-03-21,11.53,11.65,11.41,11.55,47747392.0,468905309.0,7469482864.0,0.006392329009833311
2023-03-22,11.56,11.75,11.49,11.56,62389821.0,616780698.0,7469482864.0,0.008352629243008863
2023-03-23,11.44,11.67,11.42,11.62,75180879.0,739583673.0,7469482864.0,0.010065071487390723
2023-03-24,11.64,11.66,11.47,11.52,54319381.0,535494823.0,7469482864.0,0.007272174257444016
2023-03-27,11.56,11.62,11.38,11.56,64558370.0,632752418.0,7469482864.0,0.008642950412423625
2023-03-28,11.55,11.56,11.31,11.35,58227683.0,566079825.0,7469482864.0,0.007795410212484022
2023-03-29,11.37,11.4,11.17,11.24,50572325.0,484478514.0,7469482864.0,0.006770525606764415
2023-03-30,11.25,11.46,11.12,11.39,56631607.0,545691836.0,7469482864.0,0.007581730627289113
2023-03-31,11.34,11.55,11.34,11.48,55987140.0,547080285.0,7469482864.0,0.007495450624813161
2023-04-03,11.42,12.6,11.42,12.48,246943773.0,2548324978.0,7469482864.0,0.0330603573896893
2023-04-04,12.37,12.68,12.3,12.43,131818554.0,1400006764.0,7469482864.0,0.017647614486849435
2023-04-06,12.35,12.46,12.12,12.23,102819781.0,1076191033.0,7469482864.0,0.013765314530079628
2023-04-07,12.28,12.93,12.2,12.68,158838946.0,1714746780.0,7469482864.0,0.02126505260030007
2023-04-10,13.14,13.59,12.94,13.09,273456377.0,3089569222.0,7469482864.0,0.03660981382231336
2023-04-11,13.25,14.22,13.25,13.72,309588477.0,3630580347.0,7469482864.0,0.041447109878529335
2023-04-12,13.49,13.57,13.24,13.37,190800581.0,2176433101.0,7469482864.0,0.02554401482324627
2023-04-13,13.27,13.41,13.03,13.11,118927958.0,1335495244.0,7469482864.0,0.015921846286466024
2023-04-14,13.2,13.37,12.97,13.2,123557041.0,1390387714.0,7469482864.0,0.016541579015529554
2023-04-17,13.27,13.76,13.16,13.5,198478309.0,2291788112.0,7469482864.0,0.026571894281542326
2023-04-18,13.37,13.63,13.18,13.21,130859954.0,1486152472.0,7469482864.0,0.017519278962496058
2023-04-19,13.1,13.34,12.98,13.12,89327085.0,1003686140.0,7469482864.0,0.011958938339697087
2023-04-20,13.08,13.3,13.03,13.18,92498963.0,1035911269.0,7469482864.0,0.01238358326595928
2023-04-21,13.1,13.15,12.54,12.56,126122700.0,1374468950.0,7469482864.0,0.016885064507994565
2023-04-24,12.55,12.63,12.22,12.35,93098790.0,985926654.0,7469482864.0,0.012463886951090006
2023-04-25,12.4,12.77,12.33,12.54,114058343.0,1217429935.0,7469482864.0,0.015269911595850472
2023-04-26,12.41,12.47,12.2,12.37,79598334.0,837418478.0,7469482864.0,0.01065647186683204
2023-04-27,12.36,12.57,12.2,12.42,96149717.0,1015566213.0,7469482864.0,0.012872339190093628
2023-04-28,12.66,12.81,12.34,12.56,135815758.0,1457318202.0,7469482864.0,0.01818275247066689
2023-05-04,12.37,12.67,12.28,12.63,102284337.0,1092856848.0,7469482864.0,0.013693630317163011
2023-05-05,12.67,13.36,12.67,12.98,201229729.0,2245586827.0,7469482864.0,0.026940249099418778
2023-05-08,13.0,13.42,12.82,13.28,174569107.0,1956729141.0,7469482864.0,0.023370976301633296
2023-05-09,13.31,14.06,13.11,13.12,301913890.0,3491372693.0,7469482864.0,0.04041965093127229
2023-05-10,13.17,13.2,12.44,12.55,166827134.0,1807725519.0,7469482864.0,0.02233449584629772
2023-05-11,12.64,12.73,12.46,12.5,80321949.0,860603601.0,7469482864.0,0.010753348051325017
2023-05-12,12.44,12.53,12.21,12.22,77627083.0,816604074.0,7469482864.0,0.010392564574199951
2023-05-15,12.34,12.46,11.89,12.43,93947160.0,974739563.0,7469482864.0,0.012577465095045435
2023-05-16,12.43,13.1,12.4,12.59,123994722.0,1350794178.0,7469482864.0,0.01660017490603082
2023-05-17,12.41,12.6,12.33,12.43,67599947.0,717555587.0,7469482864.0,0.009050150891409823
2023-05-18,12.46,12.52,12.26,12.29,67442328.0,711128387.0,7469482864.0,0.009029049162833718
2023-05-19,12.21,12.22,11.94,12.0,90834545.0,930530088.0,7469482864.0,0.01216075418524449
2023-05-22,11.95,12.06,11.91,11.96,54764784.0,558369035.0,7469482864.0,0.007331803954453787
2023-05-23,11.98,12.01,11.75,11.75,55485105.0,560320415.0,7469482864.0,0.0074282391445620165
2023-05-24,11.69,11.79,11.53,11.55,71277372.0,708556286.0,7469482864.0,0.009542477477728637
2023-05-25,11.56,11.64,11.45,11.6,60027881.0,590814642.0,7469482864.0,0.008036417258457211
2023-05-26,11.65,11.68,11.47,11.61,45079749.0,444774364.0,7469482864.0,0.006035190095591067
2023-05-29,11.6,11.67,11.47,11.51,47025579.0,463568899.0,7469482864.0,0.0062956940736346
2023-05-30,11.49,11.67,11.42,11.66,52297616.0,514891687.0,7469482864.0,0.007001504247643991
2023-05-31,11.54,11.66,11.53,11.6,42961616.0,425068670.0,7469482864.0,0.005751618523292726
2023-06-01,11.56,11.81,11.51,11.67,55517348.0,553332827.0,7469482864.0,0.007432555775390022
2023-06-02,11.8,11.82,11.67,11.74,44135387.0,441437141.0,7469482864.0,0.005908760727294173
2023-06-05,11.73,11.76,11.62,11.67,39132847.0,389926772.0,7469482864.0,0.005239030293329287
2023-06-06,11.66,11.76,11.47,11.48,54973780.0,545317298.0,7469482864.0,0.00735978393697805
2023-06-07,11.49,11.69,11.48,11.55,38155021.0,376172208.0,7469482864.0,0.005108120829072699
2023-06-08,11.55,11.79,11.39,11.73,63878552.0,632375104.0,7469482864.0,0.008551937686057191
2023-06-09,11.75,11.78,11.61,11.66,40512791.0,402884569.0,7469482864.0,0.005423774542044388
2023-06-12,11.59,11.6,11.14,11.33,84185309.0,811347588.0,7469482864.0,0.011270567257840623
2023-06-13,11.31,11.59,11.3,11.55,51886959.0,507836185.0,7469482864.0,0.006946526278288279
2023-06-14,11.59,11.8,11.58,11.61,64779848.0,645462332.0,7469482864.0,0.008672601461101631
2023-06-15,11.61,11.88,11.61,11.81,86084986.0,865344482.0,7469482864.0,0.011524892361008836
2023-06-16,11.85,11.93,11.71,11.91,69635446.0,702788240.0,7469482864.0,0.009322659582715657
2023-06-19,11.91,11.94,11.75,11.81,41201896.0,415183404.0,7469482864.0,0.0055160305941094135
2023-06-20,11.82,11.89,11.71,11.72,43771762.0,439687585.0,7469482864.0,0.005860079311643227
2023-06-21,11.71,11.74,11.47,11.47,48486992.0,479392677.0,7469482864.0,0.006491345235382817
2023-06-26,11.38,11.42,11.15,11.17,56132907.0,539104776.0,7469482864.0,0.007514965630423863
2023-06-27,11.21,11.33,11.12,11.27,33505748.0,321135651.0,7469482864.0,0.0044856851016399895
2023-06-28,11.34,11.36,11.15,11.22,36440436.0,343891287.0,7469482864.0,0.004878575486882595
2023-06-29,11.24,11.27,11.1,11.19,41728287.0,391204605.0,7469482864.0,0.005586502808797394
2023-06-30,11.19,11.68,11.16,11.56,59219101.0,569449120.0,7469482864.0,0.007928139347559524
2023-07-03,11.52,11.88,11.52,11.83,62788581.0,620424117.0,7469482864.0,0.008406014464885718
2023-07-04,11.8,11.9,11.72,11.82,53812191.0,533528323.0,7469482864.0,0.007204272635707328
2023-07-05,11.83,11.84,11.68,11.69,31185735.0,307271037.0,7469482864.0,0.004175086223211396
2023-07-06,11.65,11.8,11.64,11.66,30328902.0,297903088.0,7469482864.0,0.004060375069092601
2023-07-07,11.65,11.93,11.61,11.86,68766364.0,681938415.0,7469482864.0,0.009206308556034997
2023-07-10,11.96,12.0,11.77,11.86,46230048.0,459894226.0,7469482864.0,0.0061891899133755075
2023-07-11,11.86,11.94,11.77,11.86,38569879.0,383410427.0,7469482864.0,0.005163661220228753
2023-07-12,11.87,11.92,11.7,11.71,41931477.0,415799485.0,7469482864.0,0.005613705495208162
2023-07-13,11.78,11.97,11.76,11.95,60412383.0,604185978.0,7469482864.0,0.00808789364671605
2023-07-14,11.89,11.89,11.62,11.76,77354202.0,761865339.0,7469482864.0,0.010356031790743793
2023-07-17,11.74,11.75,11.66,11.74,33358238.0,327895684.0,7469482864.0,0.0044659367465415475
2023-07-18,11.74,11.87,11.7,11.74,42326121.0,418123427.0,7469482864.0,0.005666539674921195
2023-07-19,11.7,11.82,11.7,11.81,30967615.0,305830832.0,7469482864.0,0.0041458847371150485
2023-07-20,11.84,11.9,11.66,11.68,46689743.0,461121727.0,7469482864.0,0.006250732995857904
2023-07-21,11.62,11.76,11.58,11.69,25337248.0,248665276.0,7469482864.0,0.0033921020318709977
2023-07-24,11.64,11.72,11.52,11.62,25599290.0,249808315.0,7469482864.0,0.00342718371085348
2023-07-25,12.03,12.46,12.03,12.37,185038232.0,1901830598.0,7469482864.0,0.02477256262167924
2023-07-26,12.36,12.38,12.12,12.25,78469076.0,806125730.0,7469482864.0,0.010505288977660074
2023-07-27,12.25,12.36,12.03,12.06,74572086.0,762188023.0,7469482864.0,0.009983567451424038
2023-07-28,12.06,12.99,12.01,12.89,223060566.0,2364269336.0,7469482864.0,0.029862919570384866
2023-07-31,13.05,13.3,12.82,12.87,208241803.0,2280036660.0,7469482864.0,0.027879012080427205
2023-08-01,12.78,12.99,12.58,12.74,131859596.0,1415498121.0,7469482864.0,0.017653109110874587
2023-08-02,12.74,13.07,12.65,12.86,105542252.0,1141542279.0,7469482864.0,0.014129793711512824
2023-08-03,12.92,13.44,12.7,13.29,187579428.0,2065678739.0,7469482864.0,0.025112773054753207
2023-08-04,13.58,13.88,13.3,13.31,277759776.0,3167497758.0,7469482864.0,0.03718594460383516
2023-08-07,13.2,13.29,12.96,13.17,131330387.0,1447128570.0,7469482864.0,0.01758225962776638
2023-08-08,13.04,13.56,12.75,13.27,158689753.0,1755247760.0,7469482864.0,0.02124507892839849
2023-08-09,13.14,13.35,13.11,13.17,75676597.0,838786090.0,7469482864.0,0.010131437259831165
2023-08-10,13.19,13.4,13.14,13.36,92031580.0,1026819024.0,7469482864.0,0.012321010928822984
2023-08-11,13.3,13.31,12.82,12.84,124500160.0,1360853084.0,7469482864.0,0.016667841973377073
2023-08-14,12.62,12.84,12.56,12.71,92188826.0,984261561.0,7469482864.0,0.012342062720876469
2023-08-15,12.76,13.05,12.71,12.94,90578946.0,979506396.0,7469482864.0,0.01212653508271038
2023-08-16,12.84,13.25,12.71,12.99,97090679.0,1061219301.0,7469482864.0,0.012998313372929641
2023-08-17,12.9,13.04,12.63,12.89,85945515.0,926464924.0,7469482864.0,0.011506220251769226
2023-08-18,12.98,13.11,12.67,12.67,65419238.0,706539847.0,7469482864.0,0.008758201764582025
2023-08-21,12.55,12.65,12.27,12.27,83487246.0,869827292.0,7469482864.0,0.01117711192596425
2023-08-22,12.34,12.5,12.19,12.4,68404877.0,710329821.0,7469482864.0,0.0091579133717121
2023-08-23,12.38,12.44,12.2,12.21,48249894.0,497962770.0,7469482864.0,0.006459603011146288
2023-08-24,12.28,12.51,12.28,12.28,58312448.0,606059011.0,7469482864.0,0.00780675838765804
2023-08-25,12.28,12.43,12.2,12.27,50301459.0,519972847.0,7469482864.0,0.006734262587632867
2023-08-28,13.48,13.5,12.44,12.51,210365744.0,2289754186.0,7469482864.0,0.028163361216595195
2023-08-29,12.45,12.56,12.05,12.33,133199293.0,1376182941.0,7469482864.0,0.017832465168635535
2023-08-30,12.22,12.27,12.07,12.08,82853254.0,845009573.0,7469482864.0,0.011092234296342044
2023-08-31,12.09,12.13,11.86,11.87,63422646.0,635982304.0,7469482864.0,0.008490901867607524
2023-09-01,11.96,12.06,11.87,11.89,41579311.0,416875620.0,7469482864.0,0.0055665581884384654
2023-09-04,11.97,12.02,11.8,11.92,52068883.0,520496642.0,7469482864.0,0.006970881913519308
2023-09-05,11.89,11.89,11.74,11.78,53968832.0,534144863.0,7469482864.0,0.007225243431524392
2023-09-06,11.76,11.84,11.72,11.8,35132285.0,347437785.0,7469482864.0,0.004703442746930171
2023-09-07,11.81,11.84,11.7,11.71,38058504.0,375954680.0,7469482864.0,0.00509519931874095
2023-09-08,11.7,11.81,11.57,11.76,38673452.0,379033143.0,7469482864.0,0.005177527374269909
2023-09-11,11.76,11.92,11.68,11.83,58163674.0,576257879.0,7469482864.0,0.007786840810670611
2023-09-12,11.83,11.84,11.74,11.75,30665420.0,303158710.0,7469482864.0,0.004105427451717627
2023-09-13,11.76,11.76,11.56,11.61,36323348.0,354543688.0,7469482864.0,0.004862899970634433
2023-09-14,11.62,11.69,11.57,11.63,28669204.0,279648400.0,7469482864.0,0.003838177892899976
2023-09-15,11.68,11.72,11.49,11.51,42331538.0,411641584.0,7469482864.0,0.0056672648924628415
2023-09-18,11.45,11.59,11.41,11.56,29100212.0,281600640.0,7469482864.0,0.0038958804149952196
2023-09-19,11.58,11.74,11.55,11.66,45472538.0,445184359.0,7469482864.0,0.006087775931471767
2023-09-20,11.63,11.69,11.59,11.61,17523847.0,171040188.0,7469482864.0,0.0023460589332707517
2023-09-21,11.56,11.65,11.47,11.47,29001083.0,281163120.0,7469482864.0,0.0038826092151270516
2023-09-22,11.49,11.76,11.46,11.76,47008994.0,459909191.0,7469482864.0,0.0062934737057320335
2023-09-25,11.75,11.75,11.49,11.5,43562324.0,422498380.0,7469482864.0,0.00583204015500905
2023-09-26,11.5,11.55,11.39,11.39,32893079.0,316353538.0,7469482864.0,0.004403662154247898
2023-09-27,11.4,11.47,11.33,11.34,39181151.0,374162441.0,7469482864.0,0.005245497139947652
2023-09-28,11.37,11.44,11.34,11.41,27191195.0,259984871.0,7469482864.0,0.003640304890590348
2023-10-09,11.21,11.21,10.99,11.1,47652633.0,443186268.0,7469482864.0,0.0063796428571604525
2023-10-10,11.13,11.24,11.1,11.16,29451917.0,276328354.0,7469482864.0,0.003942966003971544
2023-10-11,11.07,11.08,10.19,10.44,159833911.0,1404186385.0,7469482864.0,0.02139825660091373
2023-10-12,10.52,10.71,10.49,10.7,84688245.0,754645471.0,7469482864.0,0.0113378993622389
2023-10-13,10.53,10.59,10.47,10.54,46704541.0,412752866.0,7469482864.0,0.006252714123637355
2023-10-16,10.47,10.5,10.27,10.38,59243567.0,515726448.0,7469482864.0,0.0079314148085848
2023-10-17,10.16,10.19,9.53,10.12,146351863.0,1218210943.0,7469482864.0,0.01959330594429221
2023-10-18,10.04,10.34,10.02,10.19,66389816.0,569479453.0,7469482864.0,0.008888140880538473
2023-10-19,10.14,10.25,10.06,10.08,47349999.0,403470658.0,7469482864.0,0.006339126799287346
2023-10-20,10.08,10.24,9.97,10.13,42034044.0,357402008.0,7469482864.0,0.005627436967904128
2023-10-23,10.07,10.25,9.98,10.1,45567042.0,386178493.0,7469482864.0,0.006100427945235059
2023-10-24,10.12,10.29,10.01,10.25,88078954.0,750589205.0,7469482864.0,0.011791840961909997
2023-10-25,10.32,10.41,10.19,10.19,62591278.0,539698194.0,7469482864.0,0.00837959991871266
2023-10-26,10.12,10.24,10.07,10.2,34871825.0,296794364.0,7469482864.0,0.004668572863065075
2023-10-27,10.16,10.33,10.08,10.28,41723729.0,357724132.0,7469482864.0,0.005585892592523658
2023-10-30,10.24,10.31,10.16,10.28,39752580.0,341557462.0,7469482864.0,0.0053219989554553985
2023-10-31,10.32,10.4,10.26,10.33,41579024.0,360524830.0,7469482864.0,0.005566519765430444
2023-11-01,10.39,10.75,10.35,10.5,65681050.0,581573934.0,7469482864.0,0.00879325265160686
2023-11-02,10.46,10.68,10.4,10.53,60777271.0,539148265.0,7469482864.0,0.008136744150377904
2023-11-03,10.54,10.76,10.54,10.66,56813860.0,508055963.0,7469482864.0,0.007606130308407386
2023-11-06,11.0,11.0,10.75,10.89,125979747.0,1148284585.0,7469482864.0,0.016865926235291782
2023-11-07,10.84,10.91,10.77,10.85,74474036.0,677872983.0,7469482864.0,0.009970440706000661
2023-11-08,10.85,10.89,10.71,10.77,62935689.0,569856022.0,7469482864.0,0.008425709000997315
2023-11-09,10.71,10.77,10.68,10.7,41961742.0,377433453.0,7469482864.0,0.005617757315200395
2023-11-10,10.7,10.76,10.63,10.65,34192169.0,306657613.0,7469482864.0,0.004577581824947071
2023-11-13,10.66,10.74,10.62,10.7,28905036.0,259182219.0,7469482864.0,0.0038697506274913652
2023-11-14,10.71,10.89,10.69,10.77,55098048.0,498732715.0,7469482864.0,0.007376420697817134
2023-11-15,10.88,10.9,10.75,10.76,44339404.0,402685116.0,7469482864.0,0.005936074130874397
2023-11-16,10.75,10.78,10.65,10.66,32407861.0,291361575.0,7469482864.0,0.004338702101613121
2023-11-17,10.64,10.72,10.62,10.71,25954810.0,232498452.0,7469482864.0,0.003474780044692529
2023-11-20,10.72,10.75,10.59,10.65,31244027.0,279255625.0,7469482864.0,0.004182890244060141
2023-11-21,10.69,10.91,10.69,10.74,57986486.0,526265750.0,7469482864.0,0.007763119222010976
2023-11-22,10.72,10.76,10.63,10.63,28130429.0,252244462.0,7469482864.0,0.0037660477321097715
2023-11-23,10.63,10.69,10.57,10.68,24242097.0,216212119.0,7469482864.0,0.003245485322262063
2023-11-24,10.68,10.68,10.57,10.58,26311236.0,234393375.0,7469482864.0,0.0035224976720690956
2023-11-27,10.52,10.63,10.4,10.52,36822780.0,324336488.0,7469482864.0,0.004929762966251849
2023-11-28,10.52,10.54,10.44,10.5,20663853.0,182046142.0,7469482864.0,0.0027664368974714072
2023-11-29,10.5,10.51,10.37,10.38,21300606.0,186322247.0,7469482864.0,0.002851684164463464
2023-11-30,10.38,10.51,10.33,10.38,35827929.0,313458713.0,7469482864.0,0.004796574227738934
2023-12-01,10.39,10.51,10.37,10.5,25946272.0,227411213.0,7469482864.0,0.0034736369936734083
2023-12-04,10.5,10.78,10.49,10.56,52949126.0,472013237.0,7469482864.0,0.007088727153414352
2023-12-05,10.51,10.53,10.33,10.34,36452898.0,319310994.0,7469482864.0,0.004880243875474804
2023-12-06,10.34,10.41,10.29,10.33,26306891.0,228384592.0,7469482864.0,0.0035219159718257037
2023-12-07,10.33,10.51,10.29,10.46,30714674.0,269001617.0,7469482864.0,0.004112021482508886
2023-12-08,10.46,10.5,10.34,10.34,27438999.0,239718845.0,7469482864.0,0.0036734804135163486
2023-12-11,10.34,10.49,10.15,10.46,48881076.0,422588505.0,7469482864.0,0.006544104443372882
2023-12-12,10.43,10.49,10.37,10.41,30025736.0,262306972.0,7469482864.0,0.004019787788082674
2023-12-13,10.41,10.41,10.24,10.26,29707389.0,256699335.0,7469482864.0,0.003977168103989909
2023-12-14,10.29,10.32,10.2,10.2,23551449.0,202679271.0,7469482864.0,0.0031530226963246435
2023-12-15,10.26,10.31,10.18,10.18,20107779.0,172778924.0,7469482864.0,0.00269199077983185
2023-12-18,10.2,10.22,10.07,10.12,21247297.0,180814714.0,7469482864.0,0.0028445472580710643
2023-12-19,10.08,10.14,9.98,10.08,25831685.0,218240591.0,7469482864.0,0.003458296306495148
2023-12-20,10.07,10.1,9.9,9.9,27962090.0,234534991.0,7469482864.0,0.0037435108305511203
2023-12-21,9.89,10.01,9.83,10.0,24216076.0,201910255.0,7469482864.0,0.003242001680827472
2023-12-22,9.98,10.04,9.89,9.95,23738381.0,198548149.0,7469482864.0,0.0031780487929639356
2023-12-25,10.01,10.01,9.9,9.93,13664188.0,113996891.0,7469482864.0,0.001829335209517123
2023-12-26,9.93,9.95,9.75,9.78,21138472.0,173844500.0,7469482864.0,0.002829977976370922
2023-12-27,9.78,9.91,9.71,9.87,25147816.0,207377903.0,7469482864.0,0.0033667412400398807
2023-12-28,9.85,10.34,9.83,10.28,55103242.0,469361199.0,7469482864.0,0.007377116060547669
2023-12-29,10.24,10.38,10.24,10.37,34949106.0,302993928.0,7469482864.0,0.004678919094712846
2024-01-02,10.37,10.38,10.15,10.15,30880173.0,265219173.0,7435996440.0,0.004152795559972054
2024-01-03,10.14,10.2,10.07,10.14,20980359.0,178357952.0,7435996440.0,0.0028214589892945133
2024-01-04,10.15,10.24,10.07,10.18,30878243.0,263359303.0,7435996440.0,0.004152536011703631
2024-01-05,10.14,10.2,10.0,10.06,29384930.0,248927002.0,7435996440.0,0.0039517138337952186
2024-01-08,10.01,10.06,9.85,9.89,26603046.0,221291033.0,7435996440.0,0.003577603380348041
2024-01-09,9.88,9.93,9.69,9.72,34637440.0,284859983.0,7435996440.0,0.004658076463522352
2024-01-10,9.71,9.89,9.65,9.75,30032284.0,246266147.0,7435996440.0,0.004038770626415201
2024-01-11,9.76,9.88,9.71,9.88,31988800.0,263330944.0,7435996440.0,0.004301884792187985
2024-01-12,9.83,9.91,9.78,9.79,20195378.0,166816211.0,7435996440.0,0.0027158939844785616
2024-01-15,9.76,9.88,9.71,9.82,20572163.0,169305779.0,7435996440.0,0.002766564396042126
2024-01-16,9.81,9.89,9.7,9.89,33687429.0,276897649.0,7435996440.0,0.004530318064541731
2024-01-17,9.84,9.85,9.7,9.71,24883520.0,204401724.0,7435996440.0,0.003346359859204021
2024-01-18,9.65,9.89,9.5,9.88,57844318.0,469007773.0,7435996440.0,0.007778959883418126
2024-01-19,9.85,9.98,9.75,9.89,40679264.0,336902613.0,7435996440.0,0.005470586804100191
2024-01-22,9.87,10.0,9.59,9.7,53010259.0,438125359.0,7435996440.0,0.007128870949271191
2024-01-23,9.7,9.9,9.62,9.83,41263092.0,338913440.0,7435996440.0,0.005549100558740988
2024-01-24,9.87,10.46,9.83,10.35,103600745.0,880453332.0,7435996440.0,0.013932328482932948
2024-01-25,10.25,10.53,10.2,10.43,93383146.0,811681958.0,7435996440.0,0.01255825587780943
2024-01-26,10.35,10.53,10.26,10.44,62017787.0,542771708.0,7435996440.0,0.008340212034851378
2024-01-29,10.32,10.38,10.19,10.19,48812525.0,420346414.0,7435996440.0,0.006564355617147122
2024-01-30,10.09,10.26,10.04,10.04,37018396.0,315555044.0,7435996440.0,0.0049782697313932546
2024-01-31,10.02,10.08,9.81,9.85,42946793.0,357541607.0,7435996440.0,0.005775526299203016
2024-02-01,9.79,10.01,9.72,9.88,46088645.0,381467798.0,7435996440.0,0.006198045597773309
2024-02-02,9.89,9.93,9.41,9.72,57362686.0,466585872.0,7435996440.0,0.007714189545792735
2024-02-05,9.63,9.77,9.39,9.58,54030058.0,434856557.0,7435996440.0,0.007266014506053207
2024-02-06,9.56,10.14,9.47,10.04,63772814.0,527100365.0,7435996440.0,0.008576229764843728
2024-02-07,10.07,10.25,9.95,10.19,75984647.0,644729824.0,7435996440.0,0.010218488888894628
2024-02-08,10.25,10.37,10.15,10.26,68961422.0,592159315.0,7435996440.0,0.009273998791747673
2024-02-19,10.15,10.15,9.91,10.13,52650696.0,444356102.0,7435996440.0,0.007080516568940154
2024-02-20,10.06,10.25,10.01,10.2,55330028.0,470611548.0,7435996440.0,0.007440835730147284
2024-02-21,10.09,10.44,10.08,10.24,88238401.0,761696478.0,7435996440.0,0.011866385589609023
2024-02-22,10.2,10.41,10.18,10.37,62948636.0,544372530.0,7435996440.0,0.008465393509521368
2024-02-23,10.4,10.45,10.31,10.4,47902141.0,417508537.0,7435996440.0,0.006441926295489189
2024-02-26,10.39,10.44,10.33,10.35,41576972.0,362147371.0,7435996440.0,0.005591311445006555
2024-02-27,10.32,10.46,10.31,10.46,54409621.0,474727862.0,7435996440.0,0.007317058505746138
2024-02-28,10.53,10.68,10.25,10.28,93755007.0,827887278.0,7435996440.0,0.012608264105086097
2024-02-29,10.2,10.52,10.19,10.5,69477867.0,607380437.0,7435996440.0,0.009343450815315344
2024-03-01,10.54,10.71,10.49,10.69,75586480.0,672443011.0,7435996440.0,0.010164943005271262
2024-03-04,10.66,10.69,10.46,10.51,50329517.0,445265843.0,7435996440.0,0.006768362169899049
2024-03-05,10.46,10.54,10.41,10.45,40903366.0,359795587.0,7435996440.0,0.005500724258012152
2024-03-06,10.47,10.57,10.38,10.41,37953452.0,332799296.0,7435996440.0,0.00510401696749602
2024-03-07,10.44,10.47,10.26,10.31,48219762.0,419363826.0,7435996440.0,0.0064846402750563985
2024-03-08,10.31,10.34,10.19,10.28,35001547.0,301183508.0,7435996440.0,0.004707041925372412
2024-03-11,10.29,10.43,10.27,10.41,39537378.0,343363819.0,7435996440.0,0.0053170248693663975
2024-03-12,10.46,10.59,10.44,10.51,52499121.0,463282951.0,7435996440.0,0.007060132616201199
2024-03-13,10.49,10.51,10.35,10.37,37426795.0,326837803.0,7435996440.0,0.005033191624282165
2024-03-14,10.35,10.41,10.21,10.25,33444193.0,289207494.0,7435996440.0,0.004497607451786246
2024-03-15,10.26,10.32,10.16,10.29,32786883.0,281761322.0,7435996440.0,0.004409211766647914
2024-03-18,10.34,10.6,10.34,10.53,62661604.0,552218352.0,7435996440.0,0.008426793168287207
2024-03-19,10.53,10.54,10.38,10.39,35501478.0,311155426.0,7435996440.0,0.0047742731302329675
2024-03-20,10.38,10.43,10.32,10.38,28971081.0,252123646.0,7435996440.0,0.0038960590196301923
2024-03-21,10.4,10.51,10.38,10.43,39934819.0,349997637.0,7435996440.0,0.005370473119806926
2024-03-22,10.4,10.41,10.22,10.25,38090543.0,329117601.0,7435996440.0,0.005122453097893091
2024-03-25,10.18,10.19,9.93,9.95,45810974.0,386653674.0,7435996440.0,0.006160704132881484
2024-03-26,9.95,10.0,9.85,9.97,35421672.0,294810805.0,7435996440.0,0.004763540742093201
2024-03-27,9.94,9.95,9.79,9.79,26285900.0,217970181.0,7435996440.0,0.003534953279240677
2024-03-28,9.79,9.91,9.72,9.82,35829622.0,295177063.0,7435996440.0,0.004818402253027437
2024-03-29,9.79,9.84,9.73,9.83,25546495.0,209949258.0,7435996440.0,0.0034355173790266095
2024-04-01,9.91,9.98,9.87,9.93,34226058.0,284972738.0,7435996440.0,0.004602753413905615
2024-04-02,9.94,9.97,9.84,9.88,28683014.0,238043004.0,7435996440.0,0.003857319490594054
2024-04-03,9.87,9.9,9.78,9.81,23512373.0,194006756.0,7435996440.0,0.0031619666832438664
2024-04-08,9.73,9.78,9.63,9.65,34726927.0,282296663.0,7435996440.0,0.004670110761914243
2024-04-09,9.64,9.71,9.64,9.69,23418371.0,190148646.0,7435996440.0,0.003149325203281028
2024-04-10,9.68,9.69,9.52,9.59,31101212.0,250258646.0,7435996440.0,0.00418252109867874
2024-04-11,9.54,9.63,9.52,9.56,32461662.0,260668825.0,7435996440.0,0.004365475731723185
2024-04-12,9.54,9.58,9.38,9.41,44426106.0,351944807.0,7435996440.0,0.005974465743558102
2024-04-15,9.4,9.64,9.28,9.56,57410740.0,457440090.0,7435996440.0,0.007720651894233559
2024-04-16,9.51,9.53,9.38,9.39,40060678.0,317542852.0,7435996440.0,0.005387398759970358
2024-04-17,9.4,9.58,9.4,9.58,37482271.0,298593921.0,7435996440.0,0.005040652090468187
2024-04-18,9.54,9.73,9.51,9.59,43100086.0,348276874.0,7435996440.0,0.005796141290245158
2024-04-19,9.54,9.62,9.53,9.57,22251466.0,178793120.0,7435996440.0,0.002992398689206473
2024-04-22,9.52,9.64,9.51,9.57,20831700.0,167297902.0,7435996440.0,0.002801467183058522
2024-04-23,9.54,9.59,9.48,9.48,20703540.0,165681782.0,7435996440.0,0.0027842321021875048
2024-04-24,9.5,9.54,9.42,9.53,22774731.0,181249588.0,7435996440.0,0.00306276787297655
2024-04-25,9.51,9.59,9.47,9.53,17089522.0,136671588.0,7435996440.0,0.0022982154628358054
2024-04-26,9.71,10.01,9.63,9.98,95355880.0,786493262.0,7435996440.0,0.012823551055922776
2024-04-29,9.97,10.25,9.93,10.12,95439052.0,810412424.0,7435996440.0,0.012834736107001149
2024-04-30,10.13,10.13,9.91,9.95,48004068.0,402585696.0,7435996440.0,0.006455633537124179
2024-05-06,10.09,10.16,9.98,10.03,55812172.0,471709935.0,7435996440.0,0.007505674922028338
2024-05-07,10.03,10.04,9.95,10.01,30582136.0,256445025.0,7435996440.0,0.004112715255684012
2024-05-08,10.0,10.07,9.9,9.91,27979431.0,234070734.0,7435996440.0,0.0037627009676190755
2024-05-09,9.95,10.04,9.94,9.97,30012324.0,251673222.0,7435996440.0,0.00403608638629203
2024-05-10,10.0,10.12,9.95,10.08,39187856.0,330210055.0,7435996440.0,0.005270020812436
2024-05-13,10.03,10.19,9.94,10.1,41400632.0,350226613.0,7435996440.0,0.005567597071092735
2024-05-14,10.15,10.19,10.03,10.13,26663748.0,225711297.0,7435996440.0,0.003585766644073326
2024-05-15,10.18,10.21,9.89,9.9,43050932.0,360990829.0,7435996440.0,0.005789531012739431
2024-05-16,9.91,10.03,9.89,9.9,26811750.0,223885529.0,7435996440.0,0.003605670096313279
2024-05-17,9.9,10.06,9.88,10.06,27347473.0,228895619.0,7435996440.0,0.00367771464398388
2024-05-20,10.07,10.16,10.03,10.07,39202942.0,332336256.0,7435996440.0,0.005272049592320676
2024-05-21,10.04,10.08,9.95,10.0,20633477.0,173392393.0,7435996440.0,0.002774809962119885
2024-05-22,9.98,10.07,9.95,10.02,24470501.0,205813555.0,7435996440.0,0.003290816664242513
2024-05-23,10.01,10.03,9.81,9.83,35097184.0,291411896.0,7435996440.0,0.004719903281718086
2024-05-24,9.79,9.84,9.68,9.7,24907784.0,203999059.0,7435996440.0,0.0033496229054138706
2024-05-27,9.72,9.78,9.68,9.77,21738657.0,177599051.0,7435996440.0,0.0029234356384387943
2024-05-28,9.77,9.79,9.66,9.68,19572886.0,159634486.0,7435996440.0,0.002632180657687351
2024-05-29,9.69,9.77,9.65,9.69,19802406.0,161364301.0,7435996440.0,0.002663046729484448
2024-05-30,9.66,9.69,9.6,9.66,18363374.0,148710092.0,7435996440.0,0.002469524313005185
2024-05-31,9.69,9.72,9.64,9.64,21348873.0,173286044.0,7435996440.0,0.0028710171087709666
2024-06-03,9.63,9.65,9.53,9.6,28967822.0,233097187.0,7435996440.0,0.0038956207461551717
2024-06-04,9.59,9.66,9.57,9.63,24139534.0,194861768.0,7435996440.0,0.0032463079016751117
2024-06-05,9.64,9.65,9.56,9.56,21645816.0,174418205.0,7435996440.0,0.0029109502908799133
2024-06-06,9.56,9.58,9.4,9.4,34728478.0,276120377.0,7435996440.0,0.004670319341895758
2024-06-07,9.44,9.54,9.32,9.48,34143435.0,270998415.0,7435996440.0,0.004591642192878726
2024-06-11,9.44,9.59,9.44,9.52,25933302.0,207383824.0,7435996440.0,0.003487535558852419
2024-06-12,9.52,9.54,9.47,9.5,16127076.0,128679754.0,7435996440.0,0.002168784793016926
2024-06-13,9.53,9.54,9.45,9.47,17429208.0,138691253.0,7435996440.0,0.0023438967649640242
2024-06-14,9.46,9.71,9.39,9.68,50511448.0,405465282.0,7435996440.0,0.0067928284269054865
2024-06-17,9.56,9.69,9.54,9.66,26168289.0,211414120.0,7435996440.0,0.0035191368381020903
2024-06-18,9.63,9.79,9.62,9.73,29435290.0,240577625.0,7435996440.0,0.0039584862953484685
2024-06-19,9.71,9.76,9.62,9.63,18327120.0,148734920.0,7435996440.0,0.0024646488399878794
2024-06-20,9.6,9.63,9.5,9.51,22406256.0,179559998.0,7435996440.0,0.003013214998257853
2024-06-21,9.53,9.58,9.48,9.52,20780962.0,166323983.0,7435996440.0,0.002794643887699333
2024-06-24,9.51,9.56,9.42,9.48,24854761.0,197817292.0,7435996440.0,0.003342492321042585
2024-06-25,9.47,9.5,9.27,9.33,34837782.0,274205940.0,7435996440.0,0.004685018649632382
2024-06-26,9.33,9.44,9.28,9.42,20581076.0,161607830.0,7435996440.0,0.0027677630249107544
2024-06-27,9.37,9.41,9.32,9.35,21236108.0,166890732.0,7435996440.0,0.002855852362403767
2024-06-28,9.4,9.43,9.15,9.23,42122128.0,322968543.0,7435996440.0,0.005664624551649193
2024-07-01,9.21,9.23,9.09,9.23,24019003.0,181332323.0,7434639540.0,0.0032306883031480503
2024-07-02,9.21,9.32,9.19,9.23,19998325.0,152291293.0,7434639540.0,0.0026898849490152956
2024-07-03,9.21,9.32,9.17,9.28,16394733.0,124906875.0,7434639540.0,0.002205181960980451
2024-07-04,9.26,9.32,9.07,9.09,23826583.0,179615110.0,7434639540.0,0.003204806752473705
2024-07-05,9.1,9.13,9.0,9.11,22329037.0,166662947.0,7434639540.0,0.00300337856056973
2024-07-08,9.1,9.1,8.83,8.85,29642920.0,217834316.0,7434639540.0,0.003987136140294974
2024-07-09,8.85,9.01,8.73,8.99,30824968.0,225581676.0,7434639540.0,0.004146128112083293
2024-07-10,8.93,9.13,8.9,9.02,25065647.0,186571368.0,7434639540.0,0.003371467690550603
2024-07-11,9.11,9.23,9.07,9.21,25937312.0,195924833.0,7434639540.0,0.003488711437918616
2024-07-12,9.19,9.26,9.16,9.21,15948429.0,120828979.0,7434639540.0,0.002145151612824527
2024-07-15,9.18,9.26,9.16,9.21,13730808.0,104231303.0,7434639540.0,0.001846869364160189
2024-07-16,9.23,9.33,9.18,9.3,22921772.0,175204550.0,7434639540.0,0.0030831046853954133
2024-07-17,9.3,9.44,9.29,9.4,25611393.0,197885797.0,7434639540.0,0.003444873535859413
2024-07-18,9.4,9.46,9.27,9.45,28327220.0,218906874.0,7434639540.0,0.003810167237778417
2024-07-19,9.43,9.64,9.41,9.61,35079746.0,276311194.0,7434639540.0,0.004718419206642532
2024-07-22,9.66,9.75,9.58,9.68,42460378.0,337863621.0,7434639540.0,0.005711154894807449
2024-07-23,9.66,9.78,9.53,9.55,36450919.0,290261211.0,7434639540.0,0.004902849533442209
2024-07-24,9.53,9.61,9.46,9.53,29841415.0,234308693.0,7434639540.0,0.004013834811956465
2024-07-25,9.51,9.67,9.5,9.6,23265594.0,184017773.0,7434639540.0,0.0031293506396410983
2024-07-26,9.6,9.77,9.57,9.72,23725105.0,189429438.0,7434639540.0,0.003191157402097802
2024-07-29,9.7,10.04,9.69,9.94,60905030.0,498722002.0,7434639540.0,0.008192062261030614
2024-07-30,9.89,10.03,9.83,10.02,41336614.0,339091379.0,7434639540.0,0.00556000244229729
2024-07-31,10.02,10.46,10.0,10.32,90501033.0,765819009.0,7434639540.0,0.012172887806205599
2024-08-01,10.28,10.36,10.2,10.34,54861446.0,464912631.0,7434639540.0,0.007379166899058566
2024-08-02,10.29,10.38,10.18,10.2,42164455.0,356418697.0,7434639540.0,0.005671351620094819
2024-08-05,10.18,10.43,10.14,10.2,61200698.0,518365896.0,7434639540.0,0.00823183123683761
2024-08-06,10.28,10.35,10.17,10.28,31208059.0,263228084.0,7434639540.0,0.004197655963290992
2024-08-07,10.3,10.4,10.23,10.32,27628084.0,234521717.0,7434639540.0,0.00371612959193984
2024-08-08,10.31,10.52,10.29,10.37,36907806.0,315782719.0,7434639540.0,0.004964303353434671
2024-08-09,10.36,10.47,10.26,10.28,30057172.0,256055020.0,7434639540.0,0.004042855317771062
2024-08-12,10.24,10.35,10.2,10.3,31308978.0,265028774.0,7434639540.0,0.004211230125085526
2024-08-13,10.29,10.46,10.21,10.46,39248697.0,335325715.0,7434639540.0,0.00527916609659868
2024-08-14,10.43,10.49,10.34,10.36,20365484.0,174192075.0,7434639540.0,0.002739269858401232
2024-08-15,10.32,10.52,10.32,10.43,32065241.0,275297691.0,7434639540.0,0.004312951667324547
2024-08-16,10.38,10.47,10.31,10.37,23043773.0,196834490.0,7434639540.0,0.003099514492399991
2024-08-19,10.36,10.46,10.32,10.42,23034893.0,197677917.0,7434639540.0,0.0030983200834508785
2024-08-20,10.43,10.47,10.24,10.26,27774568.0,236100867.0,7434639540.0,0.00373583249740175
2024-08-21,10.25,10.35,10.2,10.26,16861047.0,142617678.0,7434639540.0,0.0022679037644372465
2024-08-22,10.26,10.3,10.04,10.07,36927983.0,308257018.0,7434639540.0,0.004967017271156094
2024-08-23,10.06,10.24,10.03,10.17,25465950.0,212578739.0,7434639540.0,0.003425310650635794
2024-08-26,10.19,10.3,10.14,10.25,24535257.0,206832126.0,7434639540.0,0.0033001273118884794
2024-08-27,10.25,10.26,10.11,10.13,14166390.0,118329213.0,7434639540.0,0.0019054575442133675
2024-08-28,10.13,10.18,10.06,10.07,18202931.0,151568529.0,7434639540.0,0.0024483945592875373
2024-08-29,10.07,10.18,10.01,10.02,26008180.0,215812106.0,7434639540.0,0.003498243574563401
2024-08-30,10.03,10.45,10.03,10.23,56327620.0,477239252.0,7434639540.0,0.007576375384031059
2024-09-02,10.2,10.23,10.04,10.06,36549757.0,304193907.0,7434639540.0,0.004916143789265673
2024-09-03,10.08,10.37,10.04,10.28,39445311.0,333175037.0,7434639540.0,0.0053056117633915574
2024-09-04,10.23,10.34,10.18,10.24,29643140.0,250167919.0,7434639540.0,0.003987165731507677
2024-09-05,10.3,10.57,10.26,10.49,49614297.0,427047757.0,7434639540.0,0.006673396434765148
2024-09-06,10.74,10.76,10.36,10.38,69354786.0,598620098.0,7434639540.0,0.009328601020514304
2024-09-09,10.18,10.45,10.09,10.31,44980803.0,382185342.0,7434639540.0,0.006050165950614466
2024-09-10,10.32,10.36,10.18,10.26,24950820.0,210658132.0,7434639540.0,0.003356022826091176
2024-09-11,10.26,10.38,10.24,10.32,20979243.0,177948922.0,7434639540.0,0.002821823827117246
2024-09-12,10.28,10.35,10.23,10.31,19303376.0,163595050.0,7434639540.0,0.002596410477756666
2024-09-13,10.3,10.38,10.24,10.24,20044104.0,170032487.0,7434639540.0,0.0026960424768623014
2024-09-18,10.23,10.35,10.2,10.32,22932671.0,194252117.0,7434639540.0,0.003084570660973834
2024-09-19,10.35,10.49,10.25,10.4,30066252.0,257172688.0,7434639540.0,0.004044076627822631
2024-09-20,10.4,10.43,10.3,10.42,26234540.0,223928986.0,7434639540.0,0.003528690242324781
2024-09-23,10.4,10.45,10.29,10.38,23981029.0,204657662.0,7434639540.0,0.0032255805908244476
2024-09-24,10.45,10.98,10.43,10.96,105016150.0,932591034.0,7434639540.0,0.01412525105420242
2024-09-25,11.17,11.36,10.92,10.99,120511748.0,1106023790.0,7434639540.0,0.016209494401392324
2024-09-26,10.93,11.44,10.9,11.44,118112543.0,1088279093.0,7434639540.0,0.015886788103784785
2024-09-27,11.66,12.27,11.49,12.27,115833218.0,1131832947.0,7434639540.0,0.015580206326990266
2024-09-30,13.35,13.49,12.83,13.49,259175799.0,2843555141.0,7434639540.0,0.0348605736169961
2024-10-08,14.84,14.84,14.24,14.84,182564363.0,2217620979.0,7434639540.0,0.024555913170741295
2024-10-09,14.82,15.21,13.49,13.52,330836862.0,3893984832.0,7434639540.0,0.04449938160687209
2024-10-10,13.66,13.94,12.97,13.41,196493002.0,2171243151.0,7434639540.0,0.026429391894902815
2024-10-11,13.26,13.45,12.75,12.89,133836973.0,1438020229.0,7434639540.0,0.018001810616362444
2024-10-14,12.89,13.18,12.49,12.98,130694093.0,1382328478.0,7434639540.0,0.01757907593190456
2024-10-15,12.84,12.97,12.49,12.51,89239750.0,937420061.0,7434639540.0,0.012003238290151185
2024-10-16,12.26,12.69,12.26,12.4,74917371.0,766958444.0,7434639540.0,0.010076799365581616
2024-10-17,12.57,12.67,12.23,12.23,66324722.0,679657184.0,7434639540.0,0.008921040709930638
2024-10-18,12.27,13.34,12.18,12.86,140702058.0,1472378059.0,7434639540.0,0.01892520239118412
2024-10-21,12.84,13.06,12.61,12.94,101659972.0,1077588913.0,7434639540.0,0.013673826612984656
2024-10-22,12.89,13.09,12.8,13.06,81355667.0,866547618.0,7434639540.0,0.010942785667319656
2024-10-23,13.08,13.18,12.84,12.89,83755917.0,895573920.0,7434639540.0,0.011265632523187533
2024-10-24,12.81,12.92,12.66,12.79,46842972.0,492690368.0,7434639540.0,0.006300637945925217
2024-10-25,12.83,13.06,12.78,12.85,49444536.0,524311712.0,7434639540.0,0.006650562644493724
2024-10-28,12.83,12.9,12.75,12.81,49995211.0,526866879.0,7434639540.0,0.006724631467472598
2024-10-29,12.83,13.0,12.63,12.67,61986869.0,653113576.0,7434639540.0,0.008337575569938123
2024-10-30,12.63,12.75,12.47,12.63,46113113.0,479104025.0,7434639540.0,0.006202467887232633
2024-10-31,12.63,13.02,12.55,12.8,101326541.0,1072033904.0,7434639540.0,0.01362897830551715
2024-11-01,12.8,12.97,12.7,12.73,91983812.0,972165595.0,7434639540.0,0.012372329755209625
2024-11-04,12.84,13.14,12.81,13.14,88301698.0,945813995.0,7434639540.0,0.011877065125338948
2024-11-05,13.25,13.73,13.02,13.71,151639861.0,1689852686.0,7434639540.0,0.020396397186997987
2024-11-06,13.96,14.05,13.48,13.62,132190624.0,1493992607.0,7434639540.0,0.017780367600713564
2024-11-07,13.24,14.43,13.22,14.27,185851137.0,2132130331.0,7434639540.0,0.024998002391384264
2024-11-08,14.56,14.6,13.94,14.0,140154950.0,1634031707.0,7434639540.0,0.018851613349367573
2024-11-11,13.71,13.96,13.63,13.9,112510584.0,1275980975.0,7434639540.0,0.015133293738676671
2024-11-12,13.9,14.0,13.37,13.48,86609212.0,976762587.0,7434639540.0,0.011649416428869663
2024-11-13,13.46,13.73,13.37,13.6,63248142.0,705213858.0,7434639540.0,0.008507223740937412
2024-11-14,13.66,14.33,13.63,13.7,134200281.0,1544726133.0,7434639540.0,0.01805067754502056
2024-11-15,13.6,13.83,13.11,13.12,98944215.0,1095682244.0,7434639540.0,0.013308542326451513
2024-11-18,13.17,13.32,12.89,13.01,66369159.0,717323493.0,7434639540.0,0.008927017731380155
2024-11-19,13.09,13.15,12.84,13.09,50649908.0,542414938.0,7434639540.0,0.006812691822850634
2024-11-20,13.06,13.7,12.92,13.4,88757166.0,972788207.0,7434639540.0,0.011938328082009474
2024-11-21,13.4,14.3,13.15,13.68,183729252.0,2060726146.0,7434639540.0,0.024712597162444273
2024-11-22,13.24,13.37,12.63,12.67,186805891.0,2013051224.0,7434639540.0,0.025126422067262726
2024-11-25,12.69,12.74,12.34,12.53,88851637.0,914905847.0,7434639540.0,0.011951034952260778
2024-11-26,12.47,12.77,12.45,12.57,58684148.0,610224742.0,7434639540.0,0.007893341389890706
2024-11-27,12.53,13.46,12.51,13.25,151675482.0,1623419770.0,7434639540.0,0.020401188407851177
2024-11-28,13.22,13.31,12.96,13.13,112937205.0,1220889909.0,7434639540.0,0.015190676614834241
2024-11-29,13.13,13.7,12.9,13.25,151688611.0,1656726274.0,7434639540.0,0.020402954330721996
2024-12-02,13.06,13.39,12.98,13.22,104718162.0,1139355661.0,7434639540.0,0.014085170025606917
2024-12-03,13.19,13.31,13.01,13.22,71447840.0,773231669.0,7434639540.0,0.009610128321029535
2024-12-04,13.15,13.24,12.97,13.05,52666868.0,568628867.0,7434639540.0,0.007083984060913867
2024-12-05,13.0,13.18,12.95,13.09,55386621.0,595457127.0,7434639540.0,0.00744980583147411
2024-12-06,13.13,13.79,13.07,13.37,134732959.0,1490187178.0,7434639540.0,0.0181223256722948
2024-12-09,13.35,13.59,13.11,13.28,90103840.0,990252298.0,7434639540.0,0.012119463158263621
2024-12-10,13.94,13.98,13.34,13.35,126818929.0,1417365373.0,7434639540.0,0.017057845012886798
2024-12-11,13.56,13.82,13.34,13.45,84503713.0,939789887.0,7434639540.0,0.011366215207254015
2024-12-12,13.48,13.79,13.39,13.6,94390332.0,1053264736.0,7434639540.0,0.012696019960639545
2024-12-13,13.49,13.5,13.19,13.25,83500424.0,910558700.0,7434639540.0,0.011231267306336683
2024-12-16,13.21,13.23,12.97,13.05,51309898.0,548409879.0,7434639540.0,0.006901464115905208
2024-12-17,13.02,13.14,12.99,13.03,42899806.0,458108476.0,7434639540.0,0.005770260383060884
2024-12-18,13.07,13.12,12.96,12.96,36782015.0,391854770.0,7434639540.0,0.004947383770538524
2024-12-19,12.83,12.99,12.74,12.95,42163396.0,443770734.0,7434639540.0,0.005671209178757307
2024-12-20,12.91,13.03,12.88,12.9,38464562.0,407459737.0,7434639540.0,0.005173695616721184
2024-12-23,12.88,13.02,12.77,12.78,37888486.0,398844865.0,7434639540.0,0.005096210219224697
2024-12-24,12.84,13.14,12.8,13.12,52770087.0,560682069.0,7434639540.0,0.007097867585386662
2024-12-25,13.08,13.27,12.96,13.25,65910187.0,707946854.0,7434639540.0,0.008865283467394574
2024-12-26,13.19,13.39,13.1,13.3,51184090.0,553916972.0,7434639540.0,0.006884542246415352
2024-12-27,13.25,13.78,13.24,13.47,115851635.0,1284944376.0,7434639540.0,0.015582683515010064
2024-12-30,13.45,13.67,13.39,13.63,75608429.0,840663007.0,7434639540.0,0.010169750475891935
2024-12-31,13.63,13.71,12.91,12.91,93462254.0,1016026936.0,7434639540.0,0.012571188353806861
2025-01-02,12.84,12.91,12.08,12.23,102665267.0,1045592148.0,7434639540.0,0.013809044331959636
2025-01-03,12.29,12.34,11.91,11.92,61419089.0,606382327.0,7434639540.0,0.008261206030171572
2025-01-06,11.86,12.02,11.84,11.93,39596305.0,386340936.0,7434639540.0,0.005325921288713884
2025-01-07,11.95,12.06,11.81,11.98,37579718.0,366829558.0,7434639540.0,0.0050546792212067355
2025-01-08,11.95,12.02,11.62,11.9,54160800.0,522122051.0,7434639540.0,0.007284926149896434
2025-01-09,11.9,12.0,11.75,11.79,28093176.0,272744860.0,7434639540.0,0.00377868702966062
2025-01-10,11.8,11.86,11.57,11.58,30241694.0,289854308.0,7434639540.0,0.0040676745439093605
2025-01-13,11.47,11.69,11.41,11.67,32916821.0,312174331.0,7434639540.0,0.0044274938714782665
2025-01-14,11.76,12.13,11.68,12.08,60627805.0,594088670.0,7434639540.0,0.008154773970386733
2025-01-15,12.04,12.11,11.93,12.02,36927183.0,363017348.0,7434639540.0,0.004966909666746264
2025-01-16,12.08,12.17,11.87,11.97,31359461.0,307869985.0,7434639540.0,0.0042180203668623325
2025-01-17,11.91,12.04,11.89,11.96,28291376.0,276983637.0,7434639540.0,0.0038053460221959866
2025-01-20,12.03,12.19,11.98,12.02,34777690.0,343398742.0,7434639540.0,0.004677791009623043
2025-01-21,12.08,12.13,11.97,12.01,27761826.0,273406213.0,7434639540.0,0.003734118628164184
2025-01-22,12.03,12.04,11.9,11.98,22718138.0,222071463.0,7434639540.0,0.003055714789906277
2025-01-23,12.15,12.42,12.08,12.08,61759271.0,617989169.0,7434639540.0,0.00830696238435253
2025-01-24,12.06,12.25,12.04,12.12,38816790.0,385628596.0,7434639540.0,0.005221072224303157
2025-01-27,12.14,12.22,11.87,11.91,34829196.0,342309970.0,7469482864.0,0.004662865774532152
2025-02-05,11.98,12.04,11.85,11.91,35130053.0,342698076.0,7469482864.0,0.00470314393106291
2025-02-06,11.87,12.04,11.8,12.03,44631208.0,435879326.0,7469482864.0,0.005975140289176517
2025-02-07,12.0,12.4,11.97,12.22,72321301.0,722469575.0,7469482864.0,0.009682236684491308
2025-02-10,12.24,12.31,12.17,12.25,40485533.0,405427050.0,7469482864.0,0.0054201252934288815
2025-02-11,12.25,12.26,12.06,12.17,36153487.0,358913011.0,7469482864.0,0.0048401593066429984
2025-02-12,12.17,12.33,12.13,12.31,35660024.0,356008076.0,7469482864.0,0.004774095429265584
2025-02-13,12.31,12.39,12.19,12.22,42050822.0,421827094.0,7469482864.0,0.005629683174275504
2025-02-14,12.18,12.29,12.17,12.24,31877754.0,318803508.0,7469482864.0,0.004267732395992012
2025-02-17,12.35,12.39,12.15,12.23,62805603.0,629189582.0,7469482864.0,0.008408293337507816
2025-02-18,12.23,12.23,11.82,11.86,59774736.0,589152134.0,7469482864.0,0.008002526692723395
2025-02-19,11.9,12.01,11.85,11.95,40930699.0,399246553.0,7469482864.0,0.005479723261334468
2025-02-20,11.95,11.98,11.84,11.9,31900736.0,310719704.0,7469482864.0,0.004270809181951421
2025-02-21,11.9,12.26,11.84,12.22,72190837.0,714918075.0,7469482864.0,0.009664770415088805
2025-02-24,12.18,12.3,12.14,12.18,45250818.0,451763232.0,7469482864.0,0.006058092484299191
2025-02-25,12.12,12.14,11.96,12.01,41507343.0,408891500.0,7469482864.0,0.005556923251012361
2025-02-26,11.97,12.23,11.95,12.23,59613931.0,588444027.0,7469482864.0,0.00798099842859483
2025-02-27,12.19,12.26,12.0,12.19,69801102.0,692432901.0,7469482864.0,0.009344837289394442
2025-02-28,12.15,12.3,11.85,11.89,68615333.0,676801018.0,7469482864.0,0.009186088816228389
2025-03-03,11.89,11.96,11.73,11.78,62875601.0,609756291.0,7469482864.0,0.008417664535122762
2025-03-04,11.74,11.91,11.7,11.87,36218027.0,350201720.0,7469482864.0,0.004848799797715153
2025-03-05,11.84,11.87,11.74,11.81,34069537.0,328964609.0,7469482864.0,0.004561164088641519
2025-03-06,11.89,12.07,11.82,12.03,58581256.0,573722844.0,7469482864.0,0.007842745885707677
2025-03-07,11.96,11.97,11.78,11.79,48972897.0,474722818.0,7469482864.0,0.006556397262256307
2025-03-10,11.79,11.8,11.64,11.68,38655774.0,369674302.0,7469482864.0,0.005175160677629476
2025-03-11,11.63,11.73,11.56,11.73,39699632.0,377694499.0,7469482864.0,0.005314910379048699
2025-03-12,11.73,11.91,11.69,11.8,44809312.0,432324394.0,7469482864.0,0.005998984510154437
2025-03-13,11.76,11.87,11.65,11.73,31115836.0,298727069.0,7469482864.0,0.004165728279526046
2025-03-14,11.73,12.12,11.73,12.04,77143510.0,755075447.0,7469482864.0,0.010327824751001398
2025-03-17,12.09,12.11,11.96,11.97,39904259.0,391801078.0,7469482864.0,0.005342305448255728
2025-03-18,12.02,12.08,12.0,12.03,31287718.0,307940236.0,7469482864.0,0.004188739511110551
2025-03-19,12.04,12.25,12.01,12.14,57586032.0,571657786.0,7469482864.0,0.007709507210672142
2025-03-20,12.22,12.35,12.03,12.06,44304970.0,440599090.0,7469482864.0,0.005931464173180276
2025-03-21,12.01,12.09,11.81,11.81,40539505.0,395543740.0,7469482864.0,0.005427350960986153
2025-03-24,11.82,11.86,11.71,11.85,30727421.0,296187409.0,7469482864.0,0.004113728026352964
2025-03-25,11.86,11.9,11.78,11.85,20520217.0,198591932.0,7469482864.0,0.002747207186042217
2025-03-26,11.81,11.89,11.79,11.82,27589793.0,266818691.0,7469482864.0,0.003693668424218772
2025-03-27,11.82,11.95,11.75,11.9,29869676.0,289976571.0,7469482864.0,0.003998894775428191
2025-03-28,11.93,11.98,11.89,11.93,30317434.0,296020622.0,7469482864.0,0.004058839755308662
2025-03-31,11.87,11.92,11.49,11.54,59455017.0,566138499.0,7469482864.0,0.007959723327909358
2025-04-01,11.56,11.62,11.43,11.47,47079634.0,443112328.0,7469482864.0,0.0063029308530722404
2025-04-02,11.45,11.52,11.42,11.47,26902440.0,252315669.0,7469482864.0,0.0036016469265441773
2025-04-03,11.38,11.52,11.35,11.46,27095440.0,253722356.0,7469482864.0,0.0036274853953530673
2025-04-07,11.0,11.0,10.31,10.34,88687691.0,764819921.0,7469482864.0,0.011873337500704385
2025-04-08,10.42,10.66,10.37,10.64,76922167.0,663549367.0,7469482864.0,0.010298191775863748
2025-04-09,10.58,10.96,10.42,10.86,66060704.0,579274548.0,7469482864.0,0.00884407999894971
2025-04-10,11.13,11.14,10.91,11.07,50288797.0,454643696.0,7469482864.0,0.006732567423425312
2025-04-11,11.02,11.13,10.97,11.04,32967384.0,297614753.0,7469482864.0,0.00441360996473932
2025-04-14,11.13,11.14,11.03,11.05,28937553.0,262108455.0,7469482864.0,0.0038741039409123947
2025-04-15,11.08,11.1,10.98,11.09,26448649.0,238974597.0,7469482864.0,0.0035408942602267947
2025-04-16,11.09,11.2,10.94,11.2,35439999.0,320790515.0,7469482864.0,0.004744638905433066
2025-04-17,11.14,11.18,11.08,11.15,27528769.0,250390549.0,7469482864.0,0.0036854986484644004
2025-04-18,11.12,11.21,11.08,11.19,22746426.0,207547693.0,7469482864.0,0.00304524776536123
2025-04-21,11.15,11.24,11.13,11.21,19188603.0,175820339.0,7469482864.0,0.002568933264775477
2025-04-22,11.2,11.23,11.14,11.15,23220659.0,212234091.0,7469482864.0,0.0031087371673231274
2025-04-23,11.19,11.21,11.12,11.18,21947163.0,200496864.0,7469482864.0,0.0029382439721197815
2025-04-24,11.19,11.23,11.09,11.18,19919300.0,181929726.0,7469482864.0,0.0026667575738078568
2025-04-25,11.19,11.25,11.15,11.21,20297717.0,186179441.0,7469482864.0,0.0027174193139697924
2025-04-28,11.21,11.21,11.07,11.18,23534099.0,214808523.0,7469482864.0,0.0031506999116933778
2025-04-29,11.16,11.21,11.1,11.13,18597106.0,169501296.0,7469482864.0,0.002489744784023913
2025-04-30,11.16,11.26,11.15,11.2,22683621.0,208049489.0,7469482864.0,0.0030368395527522025
2025-05-06,11.25,11.37,11.21,11.36,32153313.0,297629285.0,7469482864.0,0.004304623704937654
2025-05-07,11.71,11.76,11.37,11.42,47327575.0,445315209.0,7469482864.0,0.0063361247172947525
2025-05-08,11.38,11.54,11.36,11.47,29000887.0,272206918.0,7469482864.0,0.0038825829750240124
2025-05-09,11.47,11.49,11.31,11.36,23476638.0,218195243.0,7469482864.0,0.0031430071435263954
2025-05-12,11.45,11.7,11.37,11.67,54022649.0,511277852.0,7469482864.0,0.00723244834797977
2025-05-13,11.7,11.71,11.43,11.52,49465938.0,466358669.0,7469482864.0,0.006622404643085342
2025-05-14,11.53,12.06,11.43,11.82,83990098.0,806791241.0,7469482864.0,0.011244432784604083
2025-05-15,11.74,11.79,11.54,11.57,41436618.0,394053847.0,7469482864.0,0.005547454724035632
2025-05-16,11.53,11.58,11.43,11.49,33301869.0,312864853.0,7469482864.0,0.004458390173234354
2025-05-19,11.47,11.54,11.41,11.51,21459483.0,201424412.0,7469482864.0,0.0028729543116600958
2025-05-20,11.54,11.56,11.45,11.52,20597145.0,193727237.0,7469482864.0,0.0027575061587289023
2025-05-21,11.52,11.57,11.48,11.48,18570493.0,174929103.0,7469482864.0,0.0024861818867678975
2025-05-22,11.48,11.49,11.37,11.45,19987023.0,186662430.0,7469482864.0,0.0026758241987982424
2025-05-23,11.46,11.47,11.29,11.34,25831449.0,240555089.0,7469482864.0,0.0034582647112690397
2025-05-26,11.31,11.38,11.27,11.31,17930566.0,165925458.0,7469482864.0,0.0024005096907603
2025-05-27,11.3,11.35,11.26,11.32,14889669.0,137552281.0,7469482864.0,0.001993400248866278
2025-05-28,11.31,11.34,11.23,11.25,14351892.0,132258369.0,7469482864.0,0.0019214036983966499
2025-05-29,11.25,11.42,11.25,11.4,23192886.0,215589537.0,7469482864.0,0.0031050189714981052
2025-05-30,11.38,11.43,11.34,11.41,17896460.0,166657632.0,7469482864.0,0.0023959436450753466
2025-06-03,11.37,11.64,11.31,11.62,38189634.0,360107238.0,7469482864.0,0.005112754750942554
2025-06-04,11.6,11.74,11.57,11.71,33450224.0,319478248.0,7469482864.0,0.004478251655307633
2025-06-05,11.71,11.79,11.68,11.74,29850610.0,286272692.0,7469482864.0,0.003996342256017257
2025-06-06,11.76,11.78,11.62,11.63,22275200.0,212543172.0,7469482864.0,0.0029821609347760597
2025-06-09,11.75,11.82,11.65,11.69,26633926.0,255437252.0,7469482864.0,0.0035656987886490987
2025-06-10,11.71,11.71,11.49,11.57,24808252.0,235523275.0,7469482864.0,0.0033212810647931354
2025-06-11,11.59,11.89,11.57,11.75,47240658.0,454839121.0,7469482864.0,0.006324488436499611
2025-06-12,11.73,11.81,11.67,11.69,39977900.0,383292464.0,7469482864.0,0.005352164363704202
2025-06-13,11.7,11.79,11.58,11.67,34521976.0,329251298.0,7469482864.0,0.004621735751799162
2025-06-16,11.62,11.8,11.62,11.79,29541664.0,282756949.0,7469482864.0,0.00395498115972383
2025-06-17,11.75,11.81,11.73,11.81,23587864.0,227090033.0,7469482864.0,0.0031578978664887664
2025-06-18,11.75,11.79,11.58,11.64,23971281.0,228600962.0,7469482864.0,0.003209228997034352
2025-06-19,11.63,11.64,11.36,11.38,29957616.0,280688469.0,7469482864.0,0.004010668013495827
2025-06-20,11.38,11.47,11.36,11.36,15074712.0,140554526.0,7469482864.0,0.002018173449818627
2025-06-23,11.32,11.59,11.29,11.53,27084685.0,253856911.0,7469482864.0,0.0036260455366378358
2025-06-24,11.56,11.86,11.56,11.78,52951600.0,508719282.0,7469482864.0,0.0070890583677761815
2025-06-25,11.79,12.2,11.76,12.15,102381965.0,1005940722.0,7469482864.0,0.013706700566038009
2025-06-26,12.15,12.19,11.97,12.07,57128743.0,564852819.0,7469482864.0,0.007648286238842357
2025-06-27,12.1,12.31,11.98,12.01,57957421.0,568059387.0,7469482864.0,0.007759228055710819
2025-06-30,12.01,12.07,11.88,11.96,35248715.0,341251749.0,7469482864.0,0.004719030171403844
2025-07-01,11.96,11.97,11.85,11.91,29137217.0,280618392.0,7469482864.0,0.003900834573224613
2025-07-02,11.92,11.93,11.83,11.87,24835781.0,238826207.0,7469482864.0,0.003324966594367436
2025-07-03,11.91,11.99,11.88,11.96,28075703.0,271483538.0,7469482864.0,0.0037587211204826456
2025-07-04,11.96,12.1,11.87,11.94,37702952.0,365924720.0,7469482864.0,0.005047598700803446
2025-07-07,11.94,11.98,11.89,11.93,21790683.0,210549134.0,7469482864.0,0.002917294730673071
2025-07-08,11.93,12.09,11.93,12.04,33024649.0,321297739.0,7469482864.0,0.004421276492803264
2025-07-09,12.07,12.17,12.02,12.03,43377951.0,425094295.0,7469482864.0,0.00580735665236811
2025-07-10,12.03,12.2,12.01,12.14,46523656.0,456794014.0,7469482864.0,0.006228497587728049
2025-07-11,12.29,13.12,12.2,12.86,269716958.0,2798236699.0,7469482864.0,0.036109187598505746
2025-07-14,12.91,12.93,12.57,12.6,113014261.0,1160795338.0,7469482864.0,0.015130131905742063
2025-07-15,12.72,13.11,12.65,12.7,124325365.0,1289052457.0,7469482864.0,0.016644440754955053
2025-07-16,12.62,12.76,12.49,12.65,70714270.0,721594144.0,7469482864.0,0.009467090464965822
2025-07-17,12.6,12.72,12.51,12.67,57930693.0,591488185.0,7469482864.0,0.00775564976247598
2025-07-18,12.69,12.91,12.61,12.77,65564261.0,678414371.0,7469482864.0,0.008777617164903639
2025-07-21,12.77,13.53,12.75,13.41,155244930.0,1669315605.0,7469482864.0,0.020783892650483225
2025-07-22,13.38,13.59,13.28,13.57,121324748.0,1324057135.0,7469482864.0,0.016242723921991716
2025-07-23,13.56,13.8,13.45,13.5,132528604.0,1458847585.0,7469482864.0,0.01774267461523157
2025-07-24,13.38,14.41,13.35,14.2,192451064.0,2185842920.0,7469482864.0,0.025764978312961827
2025-07-25,14.2,14.51,13.99,14.37,149015003.0,1726852506.0,7469482864.0,0.019949842005554937
2025-07-28,14.33,14.51,14.08,14.33,100819711.0,1169192179.0,7469482864.0,0.013497549005154262
2025-07-29,14.27,14.28,13.88,14.2,97985986.0,1116348720.0,7469482864.0,0.013118175352172546
2025-07-30,14.22,14.64,14.04,14.27,123983807.0,1436465666.0,7469482864.0,0.01659871362682331
2025-07-31,14.18,14.37,13.78,13.9,117015063.0,1328800855.0,7469482864.0,0.015665751582879594
2025-08-01,13.82,13.95,13.7,13.78,73933900.0,826952942.0,7469482864.0,0.009898128337148027
2025-08-04,13.7,13.78,13.57,13.72,57313993.0,634650777.0,7469482864.0,0.007673087152556589
2025-08-05,13.81,14.43,13.77,14.09,120973708.0,1383249940.0,7469482864.0,0.01619572736193642
2025-08-06,14.09,14.39,14.02,14.14,68396490.0,784080759.0,7469482864.0,0.009156790536282567
2025-08-07,14.19,14.58,14.16,14.37,108575923.0,1265027535.0,7469482864.0,0.014535935750424394
2025-08-08,14.37,14.4,14.12,14.16,70726010.0,814720643.0,7469482864.0,0.009468662193586632
2025-08-11,14.08,14.37,14.08,14.23,68518467.0,789010822.0,7469482864.0,0.00917312058244786
2025-08-12,14.23,14.28,13.99,14.13,62354696.0,713422469.0,7469482864.0,0.008347926775563723
2025-08-13,14.18,14.62,14.01,14.29,156480733.0,1818926227.0,7469482864.0,0.02094933957934039
2025-08-14,14.37,14.87,14.33,14.56,185416186.0,2199861891.0,7469482864.0,0.02482316237629165
2025-08-15,14.49,15.19,14.39,14.91,214392299.0,2591328108.0,7469482864.0,0.028702428655842754
2025-08-18,15.09,15.25,14.71,14.79,194465934.0,2351304821.0,7469482864.0,0.0260347252334228
2025-08-19,14.79,15.14,14.64,14.65,112378765.0,1346406922.0,7469482864.0,0.015045052923492456
2025-08-20,14.55,14.76,14.4,14.76,91646923.0,1081747972.0,7469482864.0,0.012269513789462254
2025-08-21,14.82,14.91,14.5,14.55,70120183.0,833880102.0,7469482864.0,0.009387555239995527
2025-08-22,14.46,15.02,14.46,14.97,107115323.0,1281617020.0,7469482864.0,0.01434039343155256
2025-08-25,15.07,15.22,14.83,15.13,135384357.0,1644812986.0,7469482864.0,0.018124997334487494
2025-08-26,14.95,15.06,14.64,14.69,125100303.0,1504319440.0,7469482864.0,0.016748187963980046
2025-08-27,14.74,14.79,14.2,14.2,141582777.0,1664989603.0,7469482864.0,0.01895482988285225
2025-08-28,14.2,14.35,13.96,14.34,101351397.0,1164574140.0,7469482864.0,0.013568730104258526
2025-08-29,14.41,14.54,14.17,14.2,121435565.0,1408842469.0,7469482864.0,0.016257559888820706
2025-09-01,14.35,14.38,13.9,13.95,138176551.0,1567390172.0,7469482864.0,0.018498810897064535
2025-09-02,13.92,14.04,13.6,13.8,129413995.0,1444315294.0,7469482864.0,0.017325696752545625
2025-09-03,13.81,13.92,13.3,13.41,100078478.0,1097673674.0,7469482864.0,0.013398314156705454
2025-09-04,13.39,13.56,13.22,13.44,110414995.0,1196161683.0,7469482864.0,0.014782147172752386
2025-09-05,13.46,13.51,13.24,13.49,95075630.0,1030527226.0,7469482864.0,0.012728542488292935
2025-09-08,13.5,13.59,13.32,13.35,96946905.0,1052325002.0,7469482864.0,0.012979065186325862
2025-09-09,13.39,13.85,13.34,13.57,128044301.0,1407220087.0,7469482864.0,0.01714232475411701
2025-09-10,13.56,13.61,13.34,13.41,96204875.0,1048464081.0,7469482864.0,0.012879723637049902
2025-09-11,13.41,13.81,13.3,13.74,134560780.0,1478540220.0,7469482864.0,0.01801473842968843
2025-09-12,13.75,13.83,13.44,13.46,139067837.0,1531571717.0,7469482864.0,0.018618134552560908
2025-09-15,13.5,13.54,13.22,13.32,116024777.0,1255818527.0,7469482864.0,0.015533173997786951
2025-09-16,13.3,13.39,13.04,13.09,219584711.0,2341110379.0,7469482864.0,0.02939757878799252
2025-09-17,13.11,13.24,13.06,13.14,208176600.0,2211282209.0,7469482864.0,0.02787028282819018
2025-09-18,13.14,13.17,12.75,12.9,152064153.0,1601785324.0,7469482864.0,0.020358056343216212
2025-09-19,12.87,13.03,12.83,12.9,80872446.0,846575859.0,7469482864.0,0.01082704753093065
2025-09-22,12.91,13.01,12.85,12.99,69015365.0,722755751.0,7469482864.0,0.009239644331018844
2025-09-23,12.91,13.07,12.71,13.06,114230466.0,1194318235.0,7469482864.0,0.015292955092051471
2025-09-24,12.97,13.15,12.88,13.09,114555144.0,1207892618.0,7469482864.0,0.015336422358248013
2025-09-25,13.07,13.32,13.01,13.18,110870450.0,1183207692.0,7469482864.0,0.014843122612189449
2025-09-26,13.13,13.44,13.09,13.24,111404336.0,1199537851.0,7469482864.0,0.01491459824306252
2025-09-29,13.22,14.53,13.17,14.16,340079236.0,3832486601.0,7469482864.0,0.045529154051487226
2025-09-30,14.07,14.3,13.9,14.13,180432795.0,2058102255.0,7469482864.0,0.024155995573618066
2025-10-09,14.07,14.17,13.72,14.09,129497299.0,1464269045.0,7469482864.0,0.017336849331849542
2025-10-10,13.95,14.56,13.93,14.33,168623952.0,1953997277.0,7469482864.0,0.02257505038437156
2025-10-13,13.88,14.22,13.85,14.07,124298985.0,1408421388.0,7469482864.0,0.01664090905129092
2025-10-14,14.09,14.48,13.97,14.06,144429540.0,1663335458.0,7469482864.0,0.01933594903819837
2025-10-15,14.14,14.29,13.83,14.24,132354501.0,1509352833.0,7469482864.0,0.017719366040438646
2025-10-16,14.13,14.5,14.08,14.27,126774061.0,1466105575.0,7469482864.0,0.016972267465931494
2025-10-17,14.27,14.5,13.98,14.02,136715207.0,1573722167.0,7469482864.0,0.01830316897290361
2025-10-20,14.17,14.23,13.71,13.78,117438232.0,1319724439.0,7469482864.0,0.01572240463473135
2025-10-21,13.77,14.07,13.77,13.83,106241617.0,1193375305.0,7469482864.0,0.0142234233526451
2025-10-22,13.78,13.8,13.64,13.75,58668688.0,651593346.0,7469482864.0,0.007854451113712335
2025-10-23,13.7,13.81,13.45,13.78,69741073.0,769321967.0,7469482864.0,0.009336800722326418
2025-10-24,13.78,13.98,13.74,13.91,83852101.0,940854096.0,7469482864.0,0.011225958011649573
2025-10-27,14.03,14.27,13.96,14.08,121653188.0,1387240243.0,7469482864.0,0.016286694837512918
2025-10-28,14.09,14.13,13.93,14.03,72945413.0,819039900.0,7469482864.0,0.00976579159871542
2025-10-29,14.01,14.65,14.01,14.54,153046146.0,1766349220.0,7469482864.0,0.020489523677418534
2025-10-30,14.48,14.53,14.1,14.17,119817761.0,1373496188.0,7469482864.0,0.016040971400774606
2025-10-31,14.01,14.03,13.59,13.59,187645176.0,2059195240.0,7469482864.0,0.02512157527054205
2025-11-03,13.59,13.66,13.44,13.61,67879941.0,735341386.0,7469482864.0,0.009087635949625762
2025-11-04,13.54,13.58,13.38,13.44,64105957.0,690866968.0,7469482864.0,0.008582382230095977
2025-11-05,13.34,13.46,13.33,13.37,44760912.0,479901536.0,7469482864.0,0.005992504811240705
2025-11-06,13.41,13.59,13.39,13.54,68408585.0,739989750.0,7469482864.0,0.009158409791620616
2025-11-07,13.49,13.52,13.37,13.41,52919963.0,569512200.0,7469482864.0,0.007084822867062675
2025-11-10,13.38,13.64,13.32,13.57,65256173.0,704712379.0,7469482864.0,0.008736370936000049
2025-11-11,13.57,13.67,13.39,13.42,64987581.0,702102809.0,7469482864.0,0.008700412355614985
2025-11-12,13.39,13.44,13.24,13.31,52127207.0,556984200.0,7469482864.0,0.006978690218466508
2025-11-13,13.27,13.49,13.27,13.47,56330571.0,604403379.0,7469482864.0,0.0075414285065826215
2025-11-14,13.39,13.48,13.32,13.33,41256476.0,442690781.0,7469482864.0,0.005523337659537337
2025-11-17,13.31,13.36,13.21,13.23,47758308.0,507030414.0,7469482864.0,0.006393790422918895
2025-11-18,13.22,13.31,13.16,13.18,42523186.0,450872283.0,7469482864.0,0.005692922358111993
2025-11-19,13.18,13.42,13.17,13.27,53307435.0,567973222.0,7469482864.0,0.007136696873209401
2025-11-20,13.57,13.89,13.39,13.42,174823321.0,1914351598.0,7469482864.0,0.023405009983031137
2025-11-21,13.29,13.51,12.98,12.98,93672918.0,992566001.0,7469482864.0,0.012540750103526845
2025-11-24,13.03,13.11,12.92,13.03,45794465.0,477710270.0,7469482864.0,0.006130874899079225
2025-11-25,13.06,13.09,12.96,12.98,51875562.0,540958533.0,7469482864.0,0.006945000469847788
2025-11-26,12.98,13.01,12.89,12.91,35405697.0,367400172.0,7469482864.0,0.0047400466196450735
2025-11-27,12.91,13.01,12.86,12.87,35432442.0,367037975.0,7469482864.0,0.004743627188807217
2025-11-28,12.84,13.01,12.78,12.99,41940249.0,433386958.0,7469482864.0,0.0056148798736972375
2025-12-01,12.96,13.09,12.93,13.04,41042170.0,428480231.0,7469482864.0,0.005494646784425637
2025-12-02,13.04,13.06,12.81,12.83,38628589.0,398953088.0,7469482864.0,0.005171521202113571
2025-12-03,12.83,12.91,12.71,12.73,35474703.0,363474279.0,7469482864.0,0.004749285010207904
2025-12-04,12.74,12.84,12.66,12.78,35709602.0,365131329.0,7469482864.0,0.004780732836553703
2025-12-05,12.81,13.22,12.76,13.14,96945715.0,1011151974.0,7469482864.0,0.012978905871414554
2025-12-08,13.38,13.78,13.26,13.49,161803839.0,1760477480.0,7469482864.0,0.021661986772850302
2025-12-09,13.46,13.47,13.32,13.42,61473870.0,659722489.0,7469482864.0,0.008230003484749945
2025-12-10,13.36,13.57,13.24,13.52,63332404.0,679689865.0,7469482864.0,0.008478820442207257
2025-12-11,13.48,13.52,13.18,13.23,45701175.0,487750287.0,7469482864.0,0.006118385413301083
2025-12-12,13.23,13.32,13.12,13.22,60662028.0,641291662.0,7469482864.0,0.008121315639181309
2025-12-15,13.17,13.66,13.12,13.49,97335706.0,1052342739.0,7469482864.0,0.013031117116436564
2025-12-16,13.48,13.58,13.36,13.38,44756115.0,482478015.0,7469482864.0,0.005991862598106631
2025-12-17,13.41,13.91,13.37,13.78,104810008.0,1146667916.0,7469482864.0,0.014031762293095744
2025-12-18,13.66,13.72,13.44,13.48,71627800.0,775861308.0,7469482864.0,0.009589392104400978
2025-12-19,13.44,13.61,13.41,13.47,47117124.0,509716220.0,7469482864.0,0.0063079499421688475
2025-12-22,13.43,13.52,13.34,13.36,48228308.0,517948688.0,7469482864.0,0.006456713118981995
2025-12-23,13.37,13.56,13.32,13.39,50877400.0,547514219.0,7469482864.0,0.006811368461022819
2025-12-24,13.32,13.47,13.32,13.42,48732088.0,522481765.0,7469482864.0,0.006524158216477033
2025-12-25,13.41,13.57,13.36,13.52,50988299.0,551833950.0,7469482864.0,0.0068262154058540995
2025-12-26,13.52,13.91,13.52,13.68,103703724.0,1141817500.0,7469482864.0,0.013883655118858574
2025-12-29,13.72,13.87,13.59,13.66,57932403.0,635870585.0,7469482864.0,0.007755878693987188
2025-12-30,13.58,13.68,13.49,13.56,49617539.0,539191805.0,7469482864.0,0.006642700693395687
2025-12-31,13.56,13.79,13.54,13.61,58953976.0,645604656.0,7469482864.0,0.007892644922466482
2026-01-05,13.59,13.96,13.57,13.89,97056721.0,1075112634.0,7469482864.0,0.012993767141200045
2026-01-06,13.86,14.29,13.86,14.27,148100643.0,1679749095.0,7469482864.0,0.019827429247316095
2026-01-07,14.25,14.25,13.98,14.09,85406385.0,965513663.0,7469482864.0,0.011434042564261782
2026-01-08,14.03,14.03,13.62,13.66,137794179.0,1513606628.0,7469482864.0,0.01844761966910913
2026-01-09,13.61,13.73,13.48,13.62,106971926.0,1164161375.0,7469482864.0,0.014321195716983709
2026-01-12,13.62,13.76,13.51,13.72,97743502.0,1067320931.0,7469482864.0,0.013085712060614749
2026-01-13,13.76,14.02,13.69,13.74,118616183.0,1316390967.0,7469482864.0,0.015880106449093528
2026-01-14,13.72,13.99,13.54,13.66,125939941.0,1390959473.0,7469482864.0,0.016860597084569467
2026-01-15,13.58,13.66,13.27,13.31,99896393.0,1073274795.0,7469482864.0,0.013373936967104072
2026-01-16,13.38,13.44,13.12,13.13,85473680.0,905197897.0,7469482864.0,0.011443051889435327
2026-01-19,13.12,13.18,13.04,13.12,59005523.0,619969567.0,7469482864.0,0.007899545935687684
2026-01-20,13.12,13.23,13.07,13.18,53458677.0,563494944.0,7469482864.0,0.007156944861290199
2026-01-21,13.16,13.18,12.97,13.01,78634422.0,822952760.0,7469482864.0,0.010527425182135073
2026-01-22,13.03,13.21,13.02,13.06,52959101.0,555768845.0,7469482864.0,0.007090062587229734
2026-01-23,13.11,13.17,12.98,13.04,72363411.0,757074238.0,7469482864.0,0.009687874290302408
2026-01-26,13.03,13.28,12.99,13.07,112592913.0,1185167166.0,7469482864.0,0.015073722645868032
2026-01-27,13.04,13.06,12.87,12.97,74500470.0,774079928.0,7469482864.0,0.009973979639080942
2026-01-28,12.97,13.21,12.83,12.87,118585830.0,1233985803.0,7469482864.0,0.015876042847830542
2026-01-29,12.86,13.03,12.69,13.02,146958566.0,1509399494.0,7469482864.0,0.01967453017507853
2026-01-30,12.97,13.01,12.76,12.77,76400767.0,786277580.0,7469482864.0,0.010228387746656728
2026-02-02,12.76,12.91,12.62,12.64,89801382.0,918437382.0,7469482864.0,0.012022436309855895
2026-02-03,12.69,12.73,12.56,12.67,82904672.0,839161894.0,7469482864.0,0.011099118039291348
2026-02-04,12.66,12.88,12.59,12.83,71650201.0,732371338.0,7469482864.0,0.009592391107197807
2026-02-05,12.82,13.01,12.74,12.91,64046984.0,660943965.0,7469482864.0,0.008574487038276978
2026-02-06,12.81,13.07,12.79,12.92,66687387.0,691658921.0,7469482864.0,0.008927979113709097
2026-02-09,12.99,13.03,12.91,12.99,49752484.0,516789939.0,7469482864.0,0.006660766870460016
2026-02-10,12.99,13.01,12.94,12.96,30522248.0,317106335.0,7469482864.0,0.00408625985971604
2026-02-11,12.94,12.97,12.88,12.93,30719174.0,318101991.0,7469482864.0,0.004112623933854171
2026-02-12,12.92,12.93,12.79,12.81,41519404.0,426944701.0,7469482864.0,0.0055585379544958015
2026-02-13,12.82,12.89,12.68,12.71,44596847.0,456714240.0,7469482864.0,0.0059705401045819975
2026-02-24,12.81,12.83,12.71,12.73,29212570.0,298447756.0,7469482864.0,0.003910922687940448
2026-02-25,12.74,12.94,12.67,12.71,112985811.0,1156291662.0,7469482864.0,0.015126323074459094
2026-02-26,12.72,12.74,12.61,12.63,59466603.0,602604033.0,7469482864.0,0.00796127443930635
2026-02-27,12.61,12.71,12.59,12.62,52770575.0,534288776.0,7469482864.0,0.007064823088936134
2026-03-02,12.49,12.53,12.32,12.38,75004487.0,746347086.0,7469482864.0,0.010041456465680165
2026-03-03,12.42,12.54,12.29,12.32,66862147.0,664691106.0,7469482864.0,0.00895137564639843
2026-03-04,12.21,12.28,12.06,12.13,56735066.0,553281652.0,7469482864.0,0.007595581519229522
2026-03-05,12.23,12.28,12.18,12.2,30696507.0,300724993.0,7469482864.0,0.004109589319488932
2026-03-06,12.18,12.37,12.16,12.32,32661520.0,321404083.0,7469482864.0,0.004372661480678376
2026-03-09,12.13,12.28,12.07,12.15,46262259.0,450359735.0,7469482864.0,0.006193502260105058
2026-03-10,12.21,12.28,12.18,12.26,35615405.0,348939863.0,7469482864.0,0.004768121923359968
2026-03-11,12.23,12.26,12.17,12.23,41266050.0,403725737.0,7469482864.0,0.00552461940824395
2026-03-12,12.2,12.27,12.18,12.23,32517985.0,318551368.0,7469482864.0,0.004353445290934936
2026-03-13,12.22,12.32,12.17,12.18,39389146.0,386021680.0,7469482864.0,0.005273343110517108
2026-03-16,12.2,12.21,12.08,12.12,44069430.0,428108478.0,7469482864.0,0.005899930530987293
2026-03-17,12.13,12.42,12.13,12.26,72044196.0,709887754.0,7469482864.0,0.009645138400039041
2026-03-18,12.21,12.25,12.03,12.13,61765202.0,599818108.0,7469482864.0,0.008269006452599849
2026-03-19,12.06,12.08,11.96,11.98,41852241.0,402980689.0,7469482864.0,0.005603097531920384
2026-03-20,12.02,12.05,11.77,11.8,44653763.0,425429842.0,7469482864.0,0.005978159909197162
2026-03-23,11.56,11.65,11.22,11.27,69883409.0,638894997.0,7469482864.0,0.009355856392255859
2026-03-24,11.42,11.45,11.26,11.4,36699587.0,334283260.0,7469482864.0,0.004913270124345251
2026-03-25,11.41,11.56,11.38,11.48,44878688.0,412581793.0,7469482864.0,0.006008272435605657
2026-03-26,11.46,11.48,11.23,11.26,36077512.0,327646360.0,7469482864.0,0.004829987919763437
2026-03-27,11.21,11.4,11.18,11.37,31268666.0,283776330.0,7469482864.0,0.004186188865992691
2026-03-30,11.3,11.4,11.2,11.36,33894467.0,307051248.0,7469482864.0,0.004537726053748398
2026-03-31,11.36,11.47,11.27,11.28,30967489.0,282110382.0,7469482864.0,0.00414586786847738
2026-04-01,11.42,11.46,11.33,11.43,37480460.0,342398820.0,7469482864.0,0.005017811899755635
2026-04-02,11.4,11.4,11.22,11.26,34118387.0,308685258.0,7469482864.0,0.004567704032689779
2026-04-03,11.28,11.31,11.06,11.06,36333985.0,324945452.0,7469482864.0,0.00486432403173661
2026-04-07,11.07,11.15,11.05,11.15,23810362.0,211750558.0,7469482864.0,0.0031876854708050373
2026-04-08,11.36,11.56,11.31,11.55,61848039.0,567190540.0,7469482864.0,0.008280096510841932
2026-04-09,11.46,11.47,11.26,11.31,46880376.0,426545299.0,7469482864.0,0.006276254575259174
2026-04-10,11.42,11.8,11.42,11.57,96139990.0,898204554.0,7469482864.0,0.012871036958041275
2026-04-13,11.48,11.68,11.46,11.62,45095609.0,418954779.0,7469482864.0,0.006037313401888005
2026-04-14,11.67,11.75,11.53,11.66,43591846.0,405743255.0,7469482864.0,0.005835992503590273
2026-04-15,11.71,11.71,11.56,11.58,33464873.0,311699029.0,7469482864.0,0.004480212835253651
2026-04-16,11.63,11.7,11.57,11.58,50759167.0,472277770.0,7469482864.0,0.006795539654376802
2026-04-17,11.6,11.72,11.46,11.66,75747498.0,703958537.0,7469482864.0,0.010140929349349398
2026-05-07,12.36,12.36,11.68,11.91,306901603.0,2941241950.0,7469482864.0,0.0410873963549935
2026-05-08,11.78,11.8,11.6,11.63,143876604.0,1344924003.0,7469482864.0,0.01926192302996359
2026-05-11,11.58,12.11,11.51,11.92,163547853.0,1537776572.0,7469482864.0,0.021895472012960493
2026-05-12,11.83,12.48,11.77,12.32,225621069.0,2197155673.0,7469482864.0,0.03020571478748626
2026-05-13,12.16,12.52,12.02,12.46,180762106.0,1773963783.0,7469482864.0,0.0242000830969441
2026-05-14,12.43,12.66,12.31,12.34,143613855.0,1433985930.0,7469482864.0,0.019226746699180862
2026-05-15,12.31,12.41,11.98,12.01,91083628.0,886342599.0,7469482864.0,0.012194100938230628
2026-05-18,11.92,12.08,11.8,11.86,62738473.0,598635591.0,7469482864.0,0.008399306102216932
2026-05-19,11.85,12.43,11.81,12.36,125211817.0,1219743287.0,7469482864.0,0.016763117243828514
2026-05-20,12.31,12.36,12.17,12.18,57333054.0,562044147.0,7469482864.0,0.0076756390025771405
2026-05-21,12.26,12.54,12.05,12.05,105520993.0,1043026813.0,7469482864.0,0.01412694759747962
2026-05-22,12.05,12.13,11.85,11.96,69658558.0,666535393.0,7469482864.0,0.009325753772825043
2026-05-25,11.97,12.1,11.76,11.93,65424885.0,623458463.0,7469482864.0,0.00875895777408132
2026-05-26,11.86,12.16,11.83,11.98,79836931.0,767346921.0,7469482864.0,0.010688414774305585
2026-05-27,11.9,12.03,11.75,11.78,58727740.0,557368164.0,7469482864.0,0.007862356881899395
2026-05-28,11.76,11.81,11.46,11.52,65014466.0,602454042.0,7469482864.0,0.008704011667707871
2026-05-29,11.52,11.71,11.51,11.62,64841428.0,602067867.0,7469482864.0,0.008680845673066664
2026-06-01,11.61,11.63,11.42,11.61,41355467.0,383176529.0,7469482864.0,0.005536590384230915
2026-06-02,11.58,11.62,11.46,11.55,41815896.0,386583725.0,7469482864.0,0.005598231733221632
2026-06-03,11.51,11.57,11.41,11.43,59281695.0,545899628.0,7469482864.0,0.00793651931189436
2026-06-04,11.38,11.47,11.15,11.2,57091641.0,514981376.0,7469482864.0,0.007643319094439521
2026-06-05,11.22,11.32,11.18,11.21,33764095.0,304231057.0,7469482864.0,0.004520272101128955
2026-06-08,11.11,11.23,10.98,11.0,46178650.0,410250073.0,7469482864.0,0.006182308847987739
2026-06-09,11.0,11.07,10.93,11.01,32697897.0,288064674.0,7469482864.0,0.0043775315634755835
2026-06-10,10.96,11.1,10.93,11.07,43775453.0,386690232.0,7469482864.0,0.0058605734556244375
2026-06-11,11.05,11.13,10.97,11.01,31939405.0,282203336.0,7469482864.0,0.004275986113300494
2026-06-12,11.07,11.6,11.0,11.53,108004007.0,986760628.0,7469482864.0,0.014459368736293282
2026-06-15,11.55,12.02,11.53,11.81,105931892.0,1001875522.0,7469482864.0,0.014181957965329901
2026-06-16,11.71,11.97,11.67,11.9,72501537.0,688724618.0,7469482864.0,0.009706366333528817
2026-06-17,11.9,11.96,11.76,11.82,43672232.0,414018589.0,7469482864.0,0.00584675442666629
2026-06-18,11.78,11.8,11.43,11.5,54976794.0,510142379.0,7469482864.0,0.0073601874455013145
2026-06-22,11.45,12.22,11.43,12.18,152555009.0,1457666237.0,7469482864.0,0.020423771200447593
2026-06-23,12.17,12.39,12.03,12.17,129378693.0,1269356257.0,7469482864.0,0.017320970588680904
2026-06-24,12.11,12.28,11.93,11.98,74297833.0,716786189.0,7469482864.0,0.009946850987246606
2026-06-25,11.93,12.32,11.81,12.18,115906125.0,1125086082.0,7469482864.0,0.015517289096226782
2026-06-26,12.11,12.27,11.71,11.72,94312660.0,905304204.0,7469482864.0,0.012626397532090248
2026-06-29,11.73,12.0,11.66,11.83,66910899.0,633166523.0,7469482864.0,0.008957902470395171
2026-06-30,11.78,11.98,11.71,11.78,58410648.0,552338462.0,7469482864.0,0.007819905214792927
2026-07-01,11.78,12.26,11.75,12.18,110569251.0,1070557594.0,7469482864.0,0.01480279866935645
2026-07-02,12.16,12.18,11.85,11.92,82345781.0,790720056.0,7469482864.0,0.011024294787109642
2026-07-03,11.96,12.02,11.83,11.93,58381829.0,556926889.0,7469482864.0,0.007816046982499644
2026-07-06,12.08,12.1,11.87,11.95,59845618.0,573099322.0,7469482864.0,0.008012016238558172
2026-07-07,11.93,11.96,11.68,11.71,55491403.0,523469137.0,7469482864.0,0.007429082308689262
2026-07-08,11.71,11.76,11.5,11.5,49630037.0,460634389.0,7469482864.0,0.006644373901598658
2026-07-09,11.5,11.58,11.42,11.57,48119147.0,443573204.0,7469482864.0,0.006442098854248071
2026-07-10,11.53,11.55,11.36,11.38,70071932.0,640816396.0,7469482864.0,0.009381095488915229
2026-07-13,11.32,11.38,11.23,11.27,45841110.0,414195368.0,7469482864.0,0.006137119641968296
