date,开盘,最高,最低,收盘,成交量,成交额,流通股本,换手率
2007-10-09,68.0,70.5,68.0,69.3,465128280.0,32254080101.0,1260000000.0,0.3691494285714286
2007-10-10,70.51,76.23,69.99,76.23,86721782.0,6395510231.0,1260000000.0,0.06882681111111111
2007-10-11,80.5,83.85,79.5,83.85,160744942.0,13137212368.0,1260000000.0,0.1275753507936508
2007-10-12,88.0,92.24,85.02,92.12,169347154.0,15015481267.0,1260000000.0,0.13440250317460317
2007-10-15,92.2,94.88,88.59,90.87,94149098.0,8629060344.0,1260000000.0,0.07472150634920635
2007-10-16,91.1,91.99,87.0,90.49,69162155.0,6184574206.0,1260000000.0,0.05489059920634921
2007-10-17,88.88,89.87,87.17,88.02,55333019.0,4887916163.0,1260000000.0,0.04391509444444444
2007-10-18,87.0,87.5,81.6,82.26,78489528.0,6605763662.0,1260000000.0,0.06229327619047619
2007-10-19,84.1,84.8,82.0,83.62,50557214.0,4218570595.0,1260000000.0,0.040124773015873014
2007-10-22,81.4,82.4,78.58,79.25,47434677.0,3807528679.0,1260000000.0,0.037646569047619045
2007-10-23,79.5,80.88,76.68,80.05,57133990.0,4514083891.0,1260000000.0,0.04534443650793651
2007-10-24,80.3,83.35,78.5,80.63,58257848.0,4704169511.0,1260000000.0,0.0462363873015873
2007-10-25,78.88,80.0,76.59,77.11,45049431.0,3497146730.0,1260000000.0,0.035753516666666665
2007-10-26,76.5,78.77,76.3,77.54,30288816.0,2350085922.0,1260000000.0,0.02403874285714286
2007-10-29,78.3,81.03,77.0,79.0,27511373.0,2177963651.0,1260000000.0,0.021834423015873017
2007-10-30,79.5,83.69,78.1,82.95,37292137.0,3037181837.0,1260000000.0,0.029596934126984126
2007-10-31,84.01,84.5,81.01,81.69,35237012.0,2903415125.0,1260000000.0,0.02796588253968254
2007-11-01,81.8,83.38,80.47,80.51,25586270.0,2095145634.0,1260000000.0,0.02030656349206349
2007-11-02,79.0,79.68,77.0,77.08,36199256.0,2816643288.0,1260000000.0,0.028729568253968253
2007-11-05,77.0,77.08,73.68,74.29,35421362.0,2652720495.0,1260000000.0,0.028112192063492063
2007-11-06,73.9,74.9,72.0,72.31,26121604.0,1906509317.0,1260000000.0,0.020731431746031745
2007-11-07,73.5,74.74,72.72,74.04,18354107.0,1354332200.0,1260000000.0,0.014566751587301587
2007-11-08,73.0,73.38,70.5,70.58,19268932.0,1387353936.0,1260000000.0,0.015292803174603175
2007-11-09,70.5,70.5,68.7,69.51,21864080.0,1521093737.0,1260000000.0,0.017352444444444445
2007-11-12,67.51,67.97,62.66,64.51,37088585.0,2412679002.0,1260000000.0,0.02943538492063492
2007-11-13,65.5,66.9,63.01,63.98,24019439.0,1573011300.0,1260000000.0,0.019063046825396824
2007-11-14,65.7,70.38,65.0,70.34,52173651.0,3578108123.0,1260000000.0,0.04140765952380952
2007-11-15,69.27,69.77,67.31,67.39,34818027.0,2383796604.0,1260000000.0,0.02763335476190476
2007-11-16,65.9,69.0,65.02,68.04,16806842.0,1127456123.0,1260000000.0,0.013338763492063492
2007-11-19,68.09,68.5,66.01,66.68,10681062.0,713974790.0,1260000000.0,0.008477033333333333
2007-11-20,66.74,67.94,65.25,67.09,13995195.0,930882881.0,1260000000.0,0.011107297619047619
2007-11-21,67.1,69.95,67.1,67.49,18753813.0,1286406578.0,1260000000.0,0.014883978571428572
2007-11-22,65.52,66.73,64.01,64.32,12097795.0,791143941.0,1260000000.0,0.009601424603174603
2007-11-23,63.8,65.99,63.3,65.03,15788060.0,1018267133.0,1260000000.0,0.01253020634920635
2007-11-26,66.65,67.8,64.88,64.96,15541153.0,1029512449.0,1260000000.0,0.012334248412698413
2007-11-27,64.68,65.9,63.52,65.18,12735337.0,821120045.0,1260000000.0,0.010107410317460317
2007-11-28,65.61,66.72,64.51,65.57,21162532.0,1388335200.0,1260000000.0,0.01679566031746032
2007-11-29,66.68,68.18,65.95,67.43,32054836.0,2155431955.0,1260000000.0,0.025440346031746032
2007-11-30,67.58,67.58,64.24,64.35,24602684.0,1617397722.0,1260000000.0,0.019525939682539684
2007-12-03,63.75,65.0,62.83,64.66,18300700.0,1165172543.0,1260000000.0,0.01452436507936508
2007-12-04,64.87,65.25,64.3,64.42,12624373.0,816536740.0,1260000000.0,0.010019343650793652
2007-12-05,64.23,66.0,63.52,65.75,25725583.0,1668407245.0,1260000000.0,0.020417129365079365
2007-12-06,66.01,67.09,65.4,65.7,17427549.0,1156027675.0,1260000000.0,0.013831388095238095
2007-12-07,65.8,66.9,65.3,66.3,18813844.0,1240315127.0,1260000000.0,0.014931622222222222
2007-12-10,65.5,68.16,65.01,67.46,28815266.0,1939133295.0,1260000000.0,0.02286925873015873
2007-12-11,67.48,68.16,66.78,67.68,20169613.0,1359900555.0,1260000000.0,0.016007629365079365
2007-12-12,67.0,67.6,66.16,66.33,15309248.0,1022077030.0,1260000000.0,0.012150196825396826
2007-12-13,66.33,67.5,64.3,64.44,18871455.0,1245579157.0,1260000000.0,0.014977345238095238
2007-12-14,63.66,64.18,62.87,64.12,19492062.0,1238580154.0,1260000000.0,0.015469890476190476
2007-12-17,64.18,64.58,60.99,61.01,28515280.0,1778230288.0,1260000000.0,0.022631174603174604
2007-12-18,60.86,62.85,60.5,61.01,16980339.0,1043713917.0,1260000000.0,0.013476459523809523
2007-12-19,62.1,62.7,61.5,61.88,14186339.0,879867266.0,1260000000.0,0.011258999206349206
2007-12-20,61.95,63.47,61.3,63.18,20111737.0,1253660175.0,1260000000.0,0.01596169603174603
2007-12-21,63.0,64.01,62.99,63.53,15490188.0,983522409.0,1260000000.0,0.0122938
2007-12-24,64.1,68.0,64.05,66.39,32744167.0,2169550281.0,1260000000.0,0.02598743412698413
2007-12-25,66.57,67.1,65.71,65.97,15297088.0,1015268339.0,1260000000.0,0.012140546031746031
2007-12-26,66.0,67.34,65.39,66.45,14632407.0,969132457.0,1260000000.0,0.011613021428571428
2007-12-27,66.66,67.6,65.53,66.84,23847322.0,1592564092.0,1260000000.0,0.018926446031746032
2007-12-28,66.94,67.3,65.51,65.61,23852379.0,1576152595.0,1260000000.0,0.018930459523809524
2008-01-02,65.01,65.61,63.6,63.94,25826130.0,1657415310.0,1260000000.0,0.020496928571428572
2008-01-03,64.0,65.16,62.76,65.07,27708439.0,1757653590.0,1260000000.0,0.021990824603174603
2008-01-04,65.2,66.88,65.15,65.76,27258184.0,1799119293.0,1260000000.0,0.021633479365079367
2008-01-07,65.77,68.39,65.58,67.91,44674083.0,2995021156.0,1260000000.0,0.03545562142857143
2008-01-08,68.3,70.1,67.11,67.59,56140602.0,3882778526.0,1260000000.0,0.044556033333333335
2008-01-09,66.7,69.45,65.9,68.83,75452446.0,5079519751.0,1800000000.0,0.04191802555555556
2008-01-10,69.0,71.55,68.5,71.0,47991758.0,3371236010.0,1800000000.0,0.026662087777777777
2008-01-11,70.88,71.58,69.36,70.12,30712336.0,2157470518.0,1800000000.0,0.017062408888888887
2008-01-14,70.38,71.57,69.08,69.26,27293320.0,1909649099.0,1800000000.0,0.015162955555555555
2008-01-15,69.3,69.5,66.97,67.29,50321301.0,3411728992.0,1800000000.0,0.027956278333333334
2008-01-16,66.78,66.79,63.88,63.92,58728309.0,3813790412.0,1800000000.0,0.03262683833333333
2008-01-17,63.8,64.47,60.99,62.8,45483459.0,2867805779.0,1800000000.0,0.025268588333333335
2008-01-18,62.6,64.5,61.88,63.81,30046397.0,1901232714.0,1800000000.0,0.016692442777777778
2008-01-21,63.91,64.1,60.02,60.52,35122969.0,2176166988.0,1800000000.0,0.019512760555555557
2008-01-22,59.66,59.68,54.55,55.59,44057123.0,2516855875.0,1800000000.0,0.024476179444444444
2008-01-23,55.88,57.8,55.01,57.31,33027396.0,1876140474.0,1800000000.0,0.018348553333333333
2008-01-24,57.95,61.69,57.95,60.75,41886629.0,2528234279.0,1800000000.0,0.023270349444444446
2008-01-25,61.0,63.2,60.0,60.53,36301214.0,2254440344.0,1800000000.0,0.02016734111111111
2008-01-28,60.08,62.05,58.9,60.8,30745614.0,1868857465.0,1800000000.0,0.017080896666666668
2008-01-29,61.25,63.35,60.95,61.76,21737543.0,1347928834.0,1800000000.0,0.012076412777777778
2008-01-30,63.0,63.11,57.29,58.81,40778924.0,2416465637.0,1800000000.0,0.022654957777777776
2008-01-31,58.5,58.5,55.91,56.46,35681919.0,2027350083.0,1800000000.0,0.019823288333333335
2008-02-01,56.0,57.13,54.9,56.73,16878942.0,945911016.0,1800000000.0,0.00937719
2008-02-04,58.2,61.85,57.98,61.62,21757518.0,1303809941.0,1800000000.0,0.01208751
2008-02-05,61.6,61.6,58.96,59.61,18391626.0,1102338492.0,1800000000.0,0.01021757
2008-02-13,59.0,59.0,57.58,58.18,7193157.0,418088006.0,1800000000.0,0.0039961983333333334
2008-02-14,58.5,59.3,58.01,58.46,6703359.0,392808432.0,1800000000.0,0.003724088333333333
2008-02-15,57.9,58.18,56.41,56.71,11328701.0,644990515.0,1800000000.0,0.006293722777777778
2008-02-18,58.0,58.23,56.98,57.31,12622764.0,724713941.0,1800000000.0,0.007012646666666666
2008-02-19,57.31,59.18,56.87,59.14,12510657.0,726684869.0,1800000000.0,0.006950365
2008-02-20,59.4,60.31,58.14,58.15,12494033.0,740975811.0,1800000000.0,0.006941129444444445
2008-02-21,58.0,59.2,57.58,57.99,9347964.0,545828116.0,1800000000.0,0.005193313333333333
2008-02-22,57.7,57.71,54.63,55.27,20784803.0,1155356137.0,1800000000.0,0.011547112777777778
2008-02-25,55.29,55.86,50.88,51.3,19697198.0,1028340704.0,1800000000.0,0.010942887777777778
2008-02-26,51.8,52.99,47.8,49.63,25242945.0,1246455826.0,1800000000.0,0.014023858333333333
2008-02-27,50.52,51.35,49.33,50.78,15406718.0,779791312.0,1800000000.0,0.008559287777777778
2008-02-28,51.0,51.5,50.03,50.66,13278813.0,672135633.0,1800000000.0,0.007377118333333333
2008-02-29,50.55,51.35,50.0,50.4,13433938.0,680715554.0,1800000000.0,0.007463298888888889
2008-03-03,50.1,51.28,48.66,50.91,20802272.0,1047137890.0,1800000000.0,0.011556817777777778
2008-03-04,51.5,52.49,49.78,50.03,17729064.0,906838707.0,1800000000.0,0.00984948
2008-03-05,49.99,50.0,47.85,48.57,16964052.0,824979386.0,1800000000.0,0.009424473333333334
2008-03-06,48.75,51.0,48.0,49.35,28198777.0,1395631733.0,1800000000.0,0.015665987222222223
2008-03-07,48.8,50.18,48.48,49.55,12545385.0,620496253.0,1800000000.0,0.006969658333333333
2008-03-10,49.0,49.2,47.83,47.97,16088427.0,776367128.0,1800000000.0,0.008938015
2008-03-11,47.9,50.2,47.57,50.03,26425977.0,1306474830.0,1800000000.0,0.014681098333333333
2008-03-12,51.31,52.33,49.98,50.06,39099565.0,2009777506.0,1800000000.0,0.021721980555555555
2008-03-13,50.22,53.18,50.21,52.02,44525979.0,2314533196.0,1800000000.0,0.024736655
2008-03-14,52.0,52.62,50.6,52.49,22248446.0,1155328435.0,1800000000.0,0.012360247777777778
2008-03-17,51.88,52.3,48.0,50.84,17469129.0,889934006.0,1800000000.0,0.009705071666666667
2008-03-18,50.0,50.9,48.02,48.89,20433808.0,1007708530.0,1800000000.0,0.011352115555555556
2008-03-19,50.0,51.0,49.0,49.98,20618770.0,1032544738.0,1800000000.0,0.011454872222222223
2008-03-20,48.85,50.0,44.99,48.86,27075093.0,1278128840.0,1800000000.0,0.015041718333333334
2008-03-21,48.7,50.0,47.81,48.14,23245730.0,1128751590.0,1800000000.0,0.012914294444444445
2008-03-24,48.78,48.9,45.1,45.2,23691787.0,1093605257.0,1800000000.0,0.01316210388888889
2008-03-25,44.5,45.1,43.2,43.97,14707820.0,649415233.0,1800000000.0,0.00817101111111111
2008-03-26,44.6,46.0,43.88,44.35,16002770.0,717733589.0,1800000000.0,0.008890427777777777
2008-03-27,43.45,43.45,39.97,40.0,27206970.0,1134027872.0,1800000000.0,0.015114983333333333
2008-03-28,39.0,42.82,37.82,42.55,33967095.0,1389473707.0,1800000000.0,0.018870608333333334
2008-03-31,40.78,41.9,39.91,40.0,14403861.0,587243494.0,1800000000.0,0.008002145
2008-04-01,40.0,41.68,39.59,40.1,24988802.0,1016247259.0,1800000000.0,0.013882667777777778
2008-04-02,40.8,42.5,40.0,41.14,26199563.0,1078731964.0,1800000000.0,0.014555312777777777
2008-04-03,41.15,43.2,40.4,42.88,18357513.0,773961868.0,1800000000.0,0.010198618333333333
2008-04-07,42.45,44.88,42.01,44.29,15518908.0,683152384.0,1800000000.0,0.008621615555555556
2008-04-08,44.85,45.99,44.0,44.48,18530756.0,835549560.0,1800000000.0,0.010294864444444444
2008-04-09,44.08,44.65,42.0,42.02,18229165.0,794954394.0,1800000000.0,0.010127313888888888
2008-04-10,42.0,44.63,41.51,43.4,16995425.0,736250856.0,1800000000.0,0.009441902777777778
2008-04-11,43.63,44.5,43.28,43.9,10942923.0,480529894.0,1800000000.0,0.006079401666666667
2008-04-14,43.0,44.69,42.38,42.93,16243437.0,702260205.0,1800000000.0,0.009024131666666668
2008-04-15,43.05,44.0,41.65,43.9,12664701.0,545675696.0,1800000000.0,0.007035945
2008-04-16,43.97,46.02,43.8,45.19,23745998.0,1076350719.0,1800000000.0,0.01319222111111111
2008-04-17,45.01,45.72,42.6,43.06,21270993.0,944747717.0,1800000000.0,0.011817218333333334
2008-04-18,42.55,43.5,41.3,41.66,12291728.0,520037102.0,1800000000.0,0.006828737777777778
2008-04-21,45.81,45.81,41.73,42.33,18030366.0,783318846.0,1800000000.0,0.01001687
2008-04-22,41.51,43.0,41.02,42.82,12705480.0,533073597.0,1800000000.0,0.0070586
2008-04-23,42.78,45.09,42.4,44.5,18503238.0,819007510.0,1800000000.0,0.010279576666666667
2008-04-24,48.5,48.95,46.33,48.95,58722422.0,2823970797.0,1800000000.0,0.03262356777777778
2008-04-25,48.75,50.26,47.48,47.98,39936131.0,1933434874.0,1800000000.0,0.022186739444444444
2008-04-28,47.5,47.7,46.48,46.64,17167564.0,807205838.0,1800000000.0,0.009537535555555556
2008-04-29,46.4,48.15,46.2,47.1,15906375.0,753579455.0,1800000000.0,0.008836875
2008-04-30,47.4,48.63,46.8,48.38,26818248.0,1287701502.0,1800000000.0,0.014899026666666667
2008-05-05,49.1,49.91,48.58,48.98,24819853.0,1219801301.0,1800000000.0,0.013788807222222222
2008-05-06,49.0,50.26,48.3,49.39,22801428.0,1131625256.0,1800000000.0,0.01266746
2008-05-07,49.39,50.56,47.68,47.77,24920867.0,1235191168.0,1800000000.0,0.01384492611111111
2008-05-08,47.24,50.8,47.01,50.77,37724252.0,1872533950.0,1800000000.0,0.02095791777777778
2008-05-09,50.99,51.7,49.45,50.05,30225991.0,1529791549.0,1800000000.0,0.01679221722222222
2008-05-12,49.2,50.9,48.59,48.67,25197372.0,1252821805.0,1800000000.0,0.01399854
2008-05-13,47.8,49.5,47.1,48.22,19712824.0,956928229.0,1800000000.0,0.01095156888888889
2008-05-14,48.35,50.3,48.35,50.0,19619498.0,977963955.0,1800000000.0,0.010899721111111111
2008-05-15,50.11,50.77,49.3,49.33,13432544.0,671957274.0,1800000000.0,0.007462524444444445
2008-05-19,49.21,51.18,48.89,51.12,24497884.0,1234090286.0,1800000000.0,0.013609935555555555
2008-05-20,51.0,51.51,48.5,48.58,19763336.0,992259623.0,1800000000.0,0.010979631111111112
2008-05-21,48.2,51.22,48.01,51.0,24651597.0,1219273200.0,1800000000.0,0.013695331666666666
2008-05-22,50.25,53.18,50.13,51.96,46406305.0,2437463089.0,1800000000.0,0.025781280555555557
2008-05-23,51.6,53.18,51.5,51.81,22780519.0,1192507170.0,1800000000.0,0.01265584388888889
2008-05-26,51.86,51.86,49.0,49.19,18509418.0,929267167.0,1800000000.0,0.01028301
2008-05-27,49.25,49.8,47.85,48.32,15853882.0,768664244.0,1800000000.0,0.008807712222222222
2008-05-28,48.38,49.53,48.0,49.13,9816767.0,478420397.0,1800000000.0,0.005453759444444445
2008-05-29,49.12,50.1,48.5,48.52,8552618.0,423149135.0,1800000000.0,0.004751454444444444
2008-05-30,48.5,48.8,46.7,47.29,18508163.0,876058815.0,1800000000.0,0.010282312777777778
2008-06-02,47.31,47.97,46.85,47.54,6922347.0,328477572.0,1800000000.0,0.003845748333333333
2008-06-03,47.56,48.58,47.25,48.13,7509590.0,360045822.0,1800000000.0,0.004171994444444445
2008-06-04,48.13,48.17,45.43,45.85,11150982.0,514585528.0,1800000000.0,0.00619499
2008-06-05,45.22,45.27,42.96,43.03,23642755.0,1023234430.0,1800000000.0,0.01313486388888889
2008-06-06,43.46,43.69,42.16,42.55,9495781.0,405046572.0,1800000000.0,0.005275433888888889
2008-06-10,41.56,42.84,39.33,40.73,20310215.0,836587592.0,1800000000.0,0.011283452777777777
2008-06-11,40.7,41.65,40.05,41.16,11338186.0,460905912.0,1800000000.0,0.006298992222222222
2008-06-12,41.16,41.55,40.03,40.58,11647030.0,472834023.0,1800000000.0,0.006470572222222222
2008-06-13,40.75,41.2,39.56,39.58,8827054.0,353110958.0,1800000000.0,0.004903918888888889
2008-06-16,39.75,40.2,38.34,39.22,9529708.0,371395357.0,1800000000.0,0.005294282222222222
2008-06-17,39.33,39.76,38.39,39.28,9945954.0,386842354.0,1800000000.0,0.00552553
2008-06-18,39.35,41.34,38.39,41.09,13967487.0,559228905.0,1800000000.0,0.007759715
2008-06-19,40.83,41.89,39.33,39.92,11665324.0,472097682.0,1800000000.0,0.006480735555555555
2008-06-20,40.45,40.97,36.14,38.23,34592283.0,1332950879.0,1800000000.0,0.019217935
2008-06-23,37.59,39.0,36.94,37.35,8405966.0,316890156.0,1800000000.0,0.004669981111111111
2008-06-24,37.34,38.03,36.85,37.84,10759718.0,403301730.0,1800000000.0,0.005977621111111111
2008-06-25,37.79,38.88,37.54,38.71,10276257.0,393557894.0,1800000000.0,0.005709031666666667
2008-06-26,38.7,39.72,38.64,39.13,9041595.0,352810925.0,1800000000.0,0.005023108333333333
2008-06-27,38.12,39.15,37.51,37.92,10084454.0,385646970.0,1800000000.0,0.0056024744444444444
2008-06-30,37.85,38.85,37.31,37.71,9850871.0,372261895.0,1800000000.0,0.005472706111111111
2008-07-01,38.14,38.32,36.84,36.94,6787795.0,251879947.0,1800000000.0,0.0037709972222222223
2008-07-02,37.14,37.43,35.06,35.39,13736258.0,494515263.0,1800000000.0,0.007631254444444444
2008-07-03,34.91,35.95,33.63,34.92,25038497.0,865887353.0,1800000000.0,0.01391027611111111
2008-07-04,34.71,34.82,31.43,32.08,34239079.0,1110314415.0,1800000000.0,0.019021710555555557
2008-07-07,32.13,33.36,31.67,33.06,29426880.0,955696499.0,1800000000.0,0.016348266666666667
2008-07-08,33.53,35.26,33.53,34.06,33039161.0,1128519660.0,1800000000.0,0.018355089444444445
2008-07-09,34.21,35.28,33.44,35.22,34352012.0,1185328679.0,1800000000.0,0.019084451111111112
2008-07-10,34.93,36.45,34.63,35.2,22327246.0,795955020.0,1800000000.0,0.012404025555555555
2008-07-11,35.19,35.93,35.03,35.43,13989851.0,493395544.0,1800000000.0,0.007772139444444445
2008-07-14,35.41,35.92,35.18,35.47,9260750.0,328389261.0,1800000000.0,0.005144861111111111
2008-07-15,35.63,35.88,33.53,33.96,12010189.0,412042255.0,1800000000.0,0.006672327222222222
2008-07-16,33.53,33.6,31.93,32.93,24408018.0,793731817.0,1800000000.0,0.01356001
2008-07-17,33.25,33.43,32.07,32.22,14910531.0,485441740.0,1800000000.0,0.008283628333333333
2008-07-18,32.43,32.86,30.71,32.56,21733188.0,685287190.0,1800000000.0,0.012073993333333333
2008-07-21,31.33,33.57,31.33,33.5,15787682.0,515106034.0,1800000000.0,0.008770934444444444
2008-07-22,33.53,33.79,33.03,33.49,9173732.0,305211787.0,1800000000.0,0.005096517777777778
2008-07-23,33.32,33.68,32.72,32.81,11188775.0,368661173.0,1800000000.0,0.006215986111111111
2008-07-24,33.12,33.45,32.6,33.35,25481313.0,839483619.0,1800000000.0,0.014156285
2008-07-25,33.02,33.06,31.82,32.31,19075436.0,613865293.0,1800000000.0,0.010597464444444444
2008-07-28,32.47,33.32,32.22,33.11,16699881.0,549552519.0,1800000000.0,0.009277711666666667
2008-07-29,32.92,33.46,32.6,33.33,13856382.0,456916170.0,1800000000.0,0.00769799
2008-07-30,33.45,33.51,32.3,32.43,12317407.0,400023628.0,1800000000.0,0.006843003888888889
2008-07-31,32.73,32.77,31.82,31.89,6999571.0,223537829.0,1800000000.0,0.0038886505555555556
2008-08-01,31.7,31.72,30.59,31.11,16707446.0,516062777.0,1800000000.0,0.009281914444444445
2008-08-04,31.15,31.19,30.36,30.43,6540547.0,199219057.0,1800000000.0,0.0036336372222222223
2008-08-05,30.35,30.43,28.43,28.5,17388541.0,502331782.0,1800000000.0,0.009660300555555555
2008-08-06,28.61,29.01,27.8,28.5,19732557.0,557052511.0,1800000000.0,0.010962531666666667
2008-08-07,28.43,28.88,28.12,28.5,7450100.0,211446141.0,1800000000.0,0.004138944444444444
2008-08-08,28.75,29.16,27.8,27.92,13198851.0,374856125.0,1800000000.0,0.007332695
2008-08-11,27.92,28.26,26.98,27.21,12872542.0,351360374.0,1800000000.0,0.007151412222222223
2008-08-12,27.1,27.88,26.9,27.62,8269548.0,225576814.0,1800000000.0,0.004594193333333333
2008-08-13,27.25,28.61,27.12,28.33,8142566.0,226301400.0,1800000000.0,0.0045236477777777775
2008-08-14,28.28,28.62,27.98,28.09,6025480.0,169638789.0,1800000000.0,0.0033474888888888887
2008-08-15,28.09,28.62,27.68,28.37,6064900.0,170831479.0,1800000000.0,0.0033693888888888888
2008-08-18,28.19,28.21,26.51,26.89,11123225.0,299144196.0,1800000000.0,0.006179569444444444
2008-08-19,26.4,27.3,26.2,26.56,4224722.0,112822221.0,1800000000.0,0.002347067777777778
2008-08-20,26.48,28.91,26.16,28.87,16755131.0,466453841.0,1800000000.0,0.009308406111111112
2008-08-21,28.26,28.51,27.62,27.67,7878190.0,220150345.0,1800000000.0,0.0043767722222222225
2008-08-22,27.31,28.1,27.19,27.61,4166016.0,114692524.0,1800000000.0,0.0023144533333333333
2008-08-25,27.9,28.05,27.21,27.76,4291269.0,118548722.0,1800000000.0,0.0023840383333333334
2008-08-26,27.6,27.7,26.98,27.21,4573020.0,124280285.0,1800000000.0,0.0025405666666666665
2008-08-27,27.1,27.5,26.55,27.0,5044313.0,135475859.0,1800000000.0,0.002802396111111111
2008-08-28,27.0,27.71,26.8,27.45,7371639.0,201625972.0,1800000000.0,0.004095355
2008-08-29,27.5,28.57,27.5,28.15,8813073.0,246131717.0,1800000000.0,0.004896151666666667
2008-09-01,28.06,28.06,27.4,27.7,4774885.0,131769530.0,1800000000.0,0.002652713888888889
2008-09-02,27.4,27.7,26.8,26.94,6341585.0,171874852.0,1800000000.0,0.0035231027777777777
2008-09-03,26.6,26.89,25.14,25.44,12349326.0,317051293.0,1800000000.0,0.006860736666666666
2008-09-04,25.38,25.86,25.0,25.44,3756140.0,94698843.0,1800000000.0,0.0020867444444444445
2008-09-05,24.79,25.01,24.39,24.63,5819445.0,143346831.0,1800000000.0,0.003233025
2008-09-08,24.71,24.87,24.37,24.63,5824091.0,142807186.0,1800000000.0,0.003235606111111111
2008-09-09,24.65,24.93,24.4,24.59,4145214.0,101891208.0,1800000000.0,0.0023028966666666668
2008-09-10,24.54,24.99,23.88,24.61,4570715.0,111549743.0,1800000000.0,0.002539286111111111
2008-09-11,24.57,24.61,23.19,23.39,6774742.0,160670710.0,1800000000.0,0.0037637455555555558
2008-09-12,23.17,23.8,22.99,23.58,6776151.0,158487181.0,1800000000.0,0.003764528333333333
2008-09-16,23.07,23.14,21.22,21.27,10068602.0,221242251.0,1800000000.0,0.005593667777777778
2008-09-17,21.27,21.5,20.59,20.75,12826694.0,269878914.0,1800000000.0,0.007125941111111111
2008-09-18,20.28,20.97,19.35,20.65,15034392.0,301335497.0,1800000000.0,0.00835244
2008-09-19,22.71,22.71,22.28,22.71,14325565.0,324058861.0,1800000000.0,0.007958647222222223
2008-09-22,24.98,24.98,24.19,24.98,24025303.0,595293155.0,1800000000.0,0.013347390555555555
2008-09-23,25.6,27.48,25.09,26.2,68246432.0,1811124329.0,1800000000.0,0.037914684444444444
2008-09-24,25.5,26.6,24.89,26.59,24923941.0,639839765.0,1800000000.0,0.013846633888888888
2008-09-25,26.53,29.25,26.53,28.18,42560758.0,1198049621.0,1800000000.0,0.023644865555555554
2008-09-26,28.5,28.52,27.0,27.49,25604169.0,708681754.0,1800000000.0,0.014224538333333333
2008-10-06,26.9,26.9,24.74,24.74,36898537.0,920574932.0,1800000000.0,0.020499187222222222
2008-10-07,23.09,23.74,22.59,23.2,25097602.0,575602181.0,1800000000.0,0.013943112222222222
2008-10-08,22.68,22.99,22.04,22.46,14412105.0,323321998.0,1800000000.0,0.008006725
2008-10-09,22.89,22.94,20.89,21.51,14404692.0,312439821.0,1800000000.0,0.008002606666666667
2008-10-10,20.58,20.92,19.95,20.3,13202842.0,267925457.0,1800000000.0,0.007334912222222222
2008-10-13,19.87,21.06,19.57,21.0,21547002.0,429862036.0,1800000000.0,0.011970556666666667
2008-10-14,22.18,22.63,20.48,20.67,19277611.0,421046659.0,1800000000.0,0.010709783888888888
2008-10-15,20.38,20.51,19.8,20.0,12853619.0,256868882.0,1800000000.0,0.007140899444444445
2008-10-16,18.77,19.27,18.04,18.09,28840103.0,534470368.0,1800000000.0,0.016022279444444443
2008-10-17,18.25,18.61,18.05,18.22,9422086.0,171855566.0,1800000000.0,0.005234492222222222
2008-10-20,18.67,19.45,18.09,19.32,12102824.0,226688922.0,1800000000.0,0.006723791111111111
2008-10-21,19.52,20.73,19.25,20.26,22190221.0,444409292.0,1800000000.0,0.012327900555555556
2008-10-22,19.82,20.53,19.45,19.63,11415960.0,227129275.0,1800000000.0,0.0063422
2008-10-23,18.67,20.16,18.62,20.06,12537847.0,245721632.0,1800000000.0,0.006965470555555555
2008-10-24,19.99,20.51,18.87,19.13,10585133.0,208203408.0,1800000000.0,0.005880629444444445
2008-10-27,18.57,18.74,17.21,17.21,11961582.0,211780000.0,1800000000.0,0.006645323333333333
2008-10-28,16.96,17.67,16.14,17.19,18424564.0,307519328.0,1800000000.0,0.010235868888888888
2008-10-29,17.36,17.77,16.86,16.89,13919687.0,241624912.0,1800000000.0,0.007733159444444445
2008-10-30,16.96,18.05,16.71,17.61,16915796.0,294736768.0,1800000000.0,0.009397664444444445
2008-10-31,17.55,18.13,17.24,17.89,14758781.0,261256480.0,1800000000.0,0.008199322777777778
2008-11-03,17.68,18.31,17.68,18.12,7687978.0,138742256.0,1800000000.0,0.004271098888888889
2008-11-04,17.97,18.01,17.04,17.24,10200058.0,176702832.0,1800000000.0,0.005666698888888889
2008-11-05,17.62,18.64,17.62,18.14,13963941.0,253285856.0,1800000000.0,0.007757745
2008-11-06,17.63,17.67,17.29,17.44,6557403.0,113962976.0,1800000000.0,0.0036430016666666666
2008-11-07,17.05,17.84,16.87,17.66,7645918.0,132734328.0,1800000000.0,0.004247732222222222
2008-11-10,18.12,19.42,18.12,19.42,22575296.0,430117536.0,1800000000.0,0.012541831111111111
2008-11-11,19.42,19.75,19.18,19.32,16138424.0,314100672.0,1800000000.0,0.00896579111111111
2008-11-12,18.87,19.38,18.67,19.11,15430661.0,291480608.0,1800000000.0,0.008572589444444445
2008-11-13,18.86,20.28,18.48,20.0,30064948.0,586574912.0,1800000000.0,0.01670274888888889
2008-11-14,20.09,20.65,19.62,20.43,48099900.0,966799168.0,1800000000.0,0.02672216666666667
2008-11-17,20.18,20.33,19.87,20.28,25145598.0,503278784.0,1800000000.0,0.013969776666666666
2008-11-18,20.27,20.27,18.4,18.42,23451998.0,452142816.0,1800000000.0,0.013028887777777777
2008-11-19,18.37,19.45,18.32,19.38,25671768.0,483965920.0,1800000000.0,0.014262093333333333
2008-11-20,18.92,19.17,18.29,18.63,25364960.0,471725056.0,1800000000.0,0.014091644444444445
2008-11-21,18.07,19.07,17.21,17.99,35553516.0,636863744.0,1800000000.0,0.019751953333333332
2008-11-24,17.97,18.36,17.34,17.42,19881168.0,351035328.0,1800000000.0,0.011045093333333334
2008-11-25,17.81,18.17,17.42,17.76,18251296.0,323147488.0,1800000000.0,0.01013960888888889
2008-11-26,17.6,17.87,17.19,17.57,16609056.0,289175264.0,1800000000.0,0.009227253333333333
2008-11-27,18.72,18.87,17.52,17.57,33043046.0,602466432.0,1800000000.0,0.018357247777777776
2008-11-28,17.54,17.67,16.96,17.37,19597822.0,335479872.0,1800000000.0,0.01088767888888889
2008-12-01,17.34,17.6,17.11,17.52,9829973.0,170183008.0,1800000000.0,0.005461096111111111
2008-12-02,17.09,17.58,16.97,17.4,14617445.0,251349072.0,1800000000.0,0.008120802777777778
2008-12-03,17.52,18.95,17.45,18.83,36569788.0,663755904.0,1800000000.0,0.02031654888888889
2008-12-04,18.88,19.8,18.88,19.1,50785744.0,980646784.0,1800000000.0,0.028214302222222223
2008-12-05,18.87,19.25,18.6,19.04,23366208.0,440795488.0,1800000000.0,0.012981226666666667
2008-12-08,19.43,20.23,19.1,20.0,47765280.0,939306048.0,1800000000.0,0.026536266666666666
2008-12-09,20.18,20.94,19.96,19.97,53373748.0,1082162176.0,1800000000.0,0.029652082222222223
2008-12-10,19.77,20.44,19.58,20.26,27856532.0,555246080.0,1800000000.0,0.01547585111111111
2008-12-11,20.29,21.28,20.29,20.45,40652576.0,847182464.0,1800000000.0,0.022584764444444443
2008-12-12,20.26,20.68,19.06,19.52,25388924.0,503352608.0,1800000000.0,0.014104957777777778
2008-12-15,19.68,19.91,18.93,19.32,16164340.0,312555104.0,1800000000.0,0.00898018888888889
2008-12-16,19.13,19.57,18.57,19.46,14913755.0,281884256.0,1800000000.0,0.008285419444444445
2008-12-17,19.55,19.72,19.2,19.33,12818109.0,249003824.0,1800000000.0,0.007121171666666666
2008-12-18,19.22,20.02,19.12,19.96,17941032.0,349960960.0,1800000000.0,0.00996724
2008-12-19,19.87,20.1,19.57,19.76,18090360.0,357129248.0,1800000000.0,0.0100502
2008-12-22,19.76,19.83,19.35,19.73,18484496.0,361434272.0,1800000000.0,0.010269164444444444
2008-12-23,19.67,19.67,18.73,18.8,21655808.0,413962880.0,1800000000.0,0.012031004444444444
2008-12-24,18.67,18.72,18.07,18.2,12139642.0,222304480.0,1800000000.0,0.006744245555555556
2008-12-25,18.24,18.72,18.24,18.42,12248473.0,226025360.0,1800000000.0,0.0068047072222222225
2008-12-26,18.4,18.84,18.28,18.65,9921398.0,183966016.0,1800000000.0,0.005511887777777778
2008-12-29,18.62,18.75,17.77,18.04,15242014.0,273702432.0,1800000000.0,0.008467785555555555
2008-12-30,18.03,18.21,17.64,17.73,18755018.0,333195168.0,1800000000.0,0.010419454444444445
2008-12-31,17.74,17.97,17.37,17.61,16578678.0,291132256.0,1800000000.0,0.009210376666666667
2009-01-05,18.12,18.39,17.87,18.31,15809099.0,287095328.0,1800000000.0,0.008782832777777777
2009-01-06,18.32,20.08,18.22,19.74,29815332.0,577392576.0,1800000000.0,0.016564073333333332
2009-01-07,19.73,19.92,19.17,19.28,18736328.0,366567648.0,1800000000.0,0.01040907111111111
2009-01-08,18.96,19.58,18.67,19.42,19585568.0,373324672.0,1800000000.0,0.010880871111111112
2009-01-09,19.37,19.91,19.29,19.53,14199359.0,277297984.0,1800000000.0,0.007888532777777778
2009-01-12,19.44,19.7,19.02,19.24,19521020.0,377442624.0,1800000000.0,0.010845011111111112
2009-01-13,19.07,19.13,18.37,18.44,14503550.0,270792896.0,1800000000.0,0.008057527777777778
2009-01-14,18.44,19.3,18.42,19.22,13303099.0,250051808.0,1800000000.0,0.007390610555555555
2009-01-15,19.01,19.27,18.57,18.72,17570100.0,331109792.0,1800000000.0,0.009761166666666666
2009-01-16,18.87,19.62,18.87,19.26,35072760.0,674079936.0,1800000000.0,0.019484866666666666
2009-01-19,19.4,20.1,19.37,19.63,31573292.0,621434112.0,1800000000.0,0.017540717777777777
2009-01-20,19.72,19.73,19.34,19.66,14195733.0,275774144.0,1800000000.0,0.007886518333333334
2009-01-21,19.38,19.83,19.28,19.46,13585108.0,264873888.0,1800000000.0,0.007547282222222222
2009-01-22,19.71,20.58,19.57,20.32,29334484.0,586363840.0,1800000000.0,0.016296935555555555
2009-01-23,20.23,20.57,19.7,19.78,21905560.0,436895232.0,1800000000.0,0.012169755555555556
2009-02-02,20.08,20.18,19.73,19.85,11370975.0,225741648.0,1800000000.0,0.0063172083333333335
2009-02-03,19.76,20.36,19.76,20.35,23901916.0,478378336.0,1800000000.0,0.013278842222222222
2009-02-04,20.46,21.08,20.46,20.72,28616460.0,590709952.0,1800000000.0,0.015898033333333332
2009-02-05,20.64,21.98,20.58,21.25,39383592.0,840038272.0,1800000000.0,0.021879773333333335
2009-02-06,21.23,22.19,21.23,22.0,35672420.0,772079808.0,1800000000.0,0.01981801111111111
2009-02-09,22.38,23.12,22.22,22.58,38217444.0,862785984.0,1800000000.0,0.021231913333333335
2009-02-10,22.48,23.09,22.24,22.82,24478704.0,550894144.0,1800000000.0,0.01359928
2009-02-11,22.32,22.63,21.98,22.24,40943616.0,909611840.0,1800000000.0,0.022746453333333333
2009-02-12,22.18,22.28,20.93,21.29,42645184.0,905809728.0,1800000000.0,0.023691768888888888
2009-02-13,21.27,22.08,20.95,22.04,49478240.0,1058561152.0,1800000000.0,0.02748791111111111
2009-02-16,22.33,22.95,22.01,22.9,58906404.0,1319888640.0,1800000000.0,0.03272578
2009-02-17,22.96,23.64,22.56,22.59,72953792.0,1682830720.0,1800000000.0,0.04052988444444444
2009-02-18,21.98,22.05,20.93,20.98,56738292.0,1210181632.0,1800000000.0,0.031521273333333336
2009-02-19,21.07,21.35,20.33,20.72,58006432.0,1195825408.0,1800000000.0,0.032225795555555554
2009-02-20,20.78,20.88,20.28,20.83,45935512.0,940983424.0,1800000000.0,0.025519728888888888
2009-02-23,20.63,21.29,20.41,21.22,60058924.0,1246000640.0,1800000000.0,0.03336606888888889
2009-02-24,20.78,21.05,19.94,19.98,52097912.0,1063060160.0,1800000000.0,0.028943284444444443
2009-02-25,20.26,20.37,19.37,19.8,36091324.0,714651392.0,1800000000.0,0.020050735555555557
2009-02-26,19.84,20.28,19.2,19.28,42039276.0,832342848.0,1800000000.0,0.023355153333333333
2009-02-27,19.18,19.37,18.59,18.91,32846340.0,618918592.0,1800000000.0,0.018247966666666667
2009-03-02,18.77,19.03,18.6,18.9,22304948.0,418310336.0,1800000000.0,0.012391637777777778
2009-03-03,18.47,18.61,17.97,18.52,30197662.0,549859264.0,1800000000.0,0.01677647888888889
2009-03-04,18.63,19.76,18.62,19.55,66913144.0,1286676480.0,1800000000.0,0.03717396888888889
2009-03-05,19.78,20.0,19.12,19.38,58609788.0,1142672128.0,1800000000.0,0.032560993333333337
2009-03-06,18.95,19.57,18.82,19.21,31541504.0,603907776.0,1800000000.0,0.017523057777777778
2009-03-09,19.32,19.65,18.58,18.6,32096852.0,610839936.0,1800000000.0,0.017831584444444444
2009-03-10,18.56,19.39,18.47,19.36,44406388.0,835619648.0,1800000000.0,0.024670215555555555
2009-03-11,19.62,19.64,18.97,19.03,30292346.0,584623808.0,1800000000.0,0.016829081111111113
2009-03-12,18.84,18.97,18.53,18.89,20002508.0,373431648.0,1800000000.0,0.011112504444444445
2009-03-13,19.37,19.39,18.82,18.9,19322012.0,367701888.0,1800000000.0,0.01073445111111111
2009-03-16,18.72,19.05,18.56,18.97,15692344.0,294173792.0,1800000000.0,0.008717968888888889
2009-03-17,19.02,19.83,19.02,19.77,46422852.0,906222272.0,1800000000.0,0.025790473333333334
2009-03-18,19.95,20.39,19.79,19.82,53124624.0,1065593280.0,1800000000.0,0.02951368
2009-03-19,19.89,20.83,19.89,20.67,64229124.0,1310057728.0,1800000000.0,0.035682846666666664
2009-03-20,20.98,21.43,20.58,20.82,74431376.0,1557088256.0,1800000000.0,0.041350764444444445
2009-03-23,20.86,21.43,20.71,21.16,59744856.0,1255133312.0,1800000000.0,0.03319158666666667
2009-03-24,21.48,21.63,20.93,21.01,53430004.0,1132249856.0,1800000000.0,0.029683335555555555
2009-03-25,20.93,21.03,20.28,20.3,46277276.0,954820032.0,1800000000.0,0.025709597777777777
2009-03-26,20.28,20.79,19.82,20.77,41251604.0,833678912.0,1800000000.0,0.022917557777777778
2009-03-27,20.97,21.16,20.66,20.77,50426600.0,1048589632.0,1800000000.0,0.028014777777777777
2009-03-30,21.03,21.03,20.58,20.6,35751716.0,738640704.0,1800000000.0,0.019862064444444445
2009-03-31,20.08,20.83,19.98,20.78,36328672.0,739088640.0,1800000000.0,0.020182595555555554
2009-04-01,20.89,22.55,20.78,21.98,105056200.0,2283111936.0,1800000000.0,0.05836455555555556
2009-04-02,21.98,22.42,21.8,22.22,64859768.0,1430407936.0,1800000000.0,0.036033204444444446
2009-04-03,22.38,23.07,21.88,21.99,62877448.0,1406955904.0,1800000000.0,0.034931915555555554
2009-04-07,22.04,23.24,22.04,23.17,59820576.0,1345416064.0,1800000000.0,0.033233653333333335
2009-04-08,22.87,23.08,21.89,21.91,57574156.0,1288425856.0,1800000000.0,0.03198564222222222
2009-04-09,21.93,22.26,21.26,21.89,39311332.0,852198080.0,1800000000.0,0.02183962888888889
2009-04-10,22.19,23.07,22.01,22.9,62569704.0,1407535232.0,1800000000.0,0.03476094666666667
2009-04-13,23.39,25.18,23.35,25.18,158741152.0,3939723776.0,1800000000.0,0.08818952888888888
2009-04-14,25.24,25.74,25.08,25.35,106356224.0,2687350272.0,1800000000.0,0.05908679111111111
2009-04-15,25.09,26.2,24.89,25.52,87321088.0,2216761344.0,1800000000.0,0.04851171555555556
2009-04-16,25.5,25.5,24.29,24.72,66213076.0,1639719424.0,1800000000.0,0.036785042222222224
2009-04-17,24.62,24.62,23.63,23.9,60874840.0,1457938944.0,1800000000.0,0.033819355555555555
2009-04-20,23.78,24.49,23.7,24.43,45335940.0,1093489280.0,1800000000.0,0.025186633333333333
2009-04-21,23.87,24.08,23.48,23.82,44612900.0,1058079616.0,1800000000.0,0.024784944444444443
2009-04-22,24.14,24.25,22.78,22.81,61392856.0,1435717888.0,1800000000.0,0.03410714222222222
2009-04-23,22.64,23.42,22.51,23.23,44449464.0,1018442752.0,1800000000.0,0.024694146666666666
2009-04-24,23.47,24.24,23.13,24.07,55376424.0,1310747904.0,1800000000.0,0.03076468
2009-04-27,23.99,24.24,23.35,23.9,35979960.0,851655936.0,1800000000.0,0.019988866666666667
2009-04-28,23.45,24.45,23.45,24.09,48488368.0,1165263744.0,1800000000.0,0.026937982222222222
2009-04-29,24.24,25.14,23.88,24.83,61143276.0,1501613824.0,1800000000.0,0.033968486666666665
2009-04-30,24.99,25.33,24.59,24.82,48027836.0,1189731200.0,1800000000.0,0.02668213111111111
2009-05-04,25.07,26.96,25.07,26.79,70201120.0,1832717056.0,1800000000.0,0.039000622222222225
2009-05-05,26.97,27.26,26.41,26.6,59098880.0,1586640128.0,1800000000.0,0.032832711111111114
2009-05-06,26.6,27.59,26.59,27.06,68504752.0,1850730496.0,1800000000.0,0.038058195555555556
2009-05-07,27.2,27.5,26.11,27.04,55261332.0,1472920448.0,1800000000.0,0.03070074
2009-05-08,26.7,27.43,26.55,26.95,48372344.0,1304200576.0,1800000000.0,0.026873524444444446
2009-05-11,27.1,27.64,26.19,26.21,52946116.0,1417657344.0,1800000000.0,0.02941450888888889
2009-05-12,26.1,26.91,25.79,26.81,46432108.0,1216193792.0,1800000000.0,0.025795615555555554
2009-05-13,27.03,28.0,26.83,27.54,73775584.0,2023354496.0,1800000000.0,0.040986435555555555
2009-05-14,27.1,27.55,26.78,27.16,33167492.0,896878336.0,1800000000.0,0.018426384444444444
2009-05-15,27.11,27.69,26.98,27.29,31827568.0,866024000.0,1800000000.0,0.017681982222222222
2009-05-18,26.98,28.42,26.38,28.16,56951984.0,1551939456.0,1800000000.0,0.03163999111111111
2009-05-19,28.41,28.61,28.0,28.18,56174048.0,1579063424.0,1800000000.0,0.031207804444444445
2009-05-20,28.11,29.09,27.96,28.15,49305084.0,1405975296.0,1800000000.0,0.027391713333333335
2009-05-21,28.0,28.47,26.7,26.74,55692144.0,1518685440.0,1800000000.0,0.03094008
2009-05-22,26.5,26.69,25.88,26.19,58732472.0,1528096256.0,1800000000.0,0.03262915111111111
2009-05-25,25.39,26.35,25.07,26.14,52002216.0,1324763264.0,1800000000.0,0.02889012
2009-05-26,26.1,26.1,25.24,25.28,35437976.0,903454976.0,1800000000.0,0.019687764444444443
2009-05-27,25.5,25.63,25.1,25.42,40460948.0,1023986240.0,1800000000.0,0.022478304444444444
2009-06-01,26.1,27.3,26.02,27.1,55070080.0,1462522752.0,1800000000.0,0.03059448888888889
2009-06-02,27.42,27.75,26.87,26.98,44841900.0,1221222400.0,1800000000.0,0.024912166666666666
2009-06-03,27.02,27.54,26.99,27.4,38312360.0,1040747776.0,1800000000.0,0.021284644444444445
2009-06-04,27.02,27.41,26.55,27.33,47693636.0,1278782208.0,1800000000.0,0.026496464444444444
2009-06-08,27.34,27.68,26.9,27.43,41147960.0,1119314304.0,1800000000.0,0.022859977777777776
2009-06-09,27.36,27.6,26.55,26.93,34856104.0,934881984.0,1800000000.0,0.019364502222222222
2009-06-10,27.33,27.98,27.33,27.93,49855880.0,1377793408.0,1800000000.0,0.02769771111111111
2009-06-11,27.9,28.04,27.11,27.19,32505080.0,894560064.0,1800000000.0,0.018058377777777777
2009-06-12,27.18,27.5,26.21,26.34,43923512.0,1173443456.0,1800000000.0,0.02440195111111111
2009-06-15,26.39,26.54,25.5,26.25,44396516.0,1146619776.0,1800000000.0,0.024664731111111112
2009-06-16,25.79,26.37,25.68,26.07,25625748.0,664924864.0,1800000000.0,0.014236526666666667
2009-06-17,26.15,26.88,26.0,26.7,26507836.0,695441600.0,1800000000.0,0.014726575555555555
2009-06-18,26.8,28.21,26.8,28.18,73793728.0,2039183872.0,1800000000.0,0.04099651555555556
2009-06-19,28.41,28.46,27.9,28.23,48076268.0,1348740608.0,1800000000.0,0.026709037777777778
2009-06-22,28.62,28.62,27.74,27.97,35258808.0,972142272.0,1800000000.0,0.019588226666666667
2009-06-23,27.55,27.75,26.73,27.11,65315604.0,1741833600.0,1800000000.0,0.036286446666666666
2009-06-24,27.3,28.57,27.12,28.41,51709704.0,1411854848.0,1800000000.0,0.028727613333333332
2009-06-25,28.42,28.58,27.88,27.98,34283376.0,949632512.0,1800000000.0,0.01904632
2009-06-26,28.22,28.76,28.16,28.21,44264968.0,1233478528.0,1800000000.0,0.02459164888888889
2009-06-29,28.28,30.81,27.96,30.43,83816784.0,2430315264.0,1800000000.0,0.04656488
2009-06-30,30.49,31.33,30.21,30.52,68379072.0,2058315648.0,1800000000.0,0.03798837333333333
2009-07-01,30.15,31.31,30.1,31.1,46794880.0,1422152704.0,1800000000.0,0.025997155555555554
2009-07-02,31.13,32.88,31.12,32.45,64808208.0,2057587200.0,1800000000.0,0.03600456
2009-07-03,32.14,34.38,31.92,34.13,65839924.0,2153104128.0,1800000000.0,0.03657773555555555
2009-07-06,34.15,35.72,33.38,34.17,62678372.0,2124219520.0,1800000000.0,0.03482131777777778
2009-07-07,34.08,34.08,33.15,33.5,43283096.0,1424098944.0,1800000000.0,0.024046164444444445
2009-07-08,32.91,34.67,32.76,34.64,45068968.0,1483505792.0,1800000000.0,0.025038315555555555
2009-07-09,34.64,34.64,33.57,34.12,40296136.0,1344353024.0,1800000000.0,0.02238674222222222
2009-07-10,34.08,34.52,33.42,33.73,37573664.0,1245586944.0,1800000000.0,0.020874257777777776
2009-07-13,33.37,33.66,32.33,32.44,43829184.0,1410777728.0,1800000000.0,0.024349546666666666
2009-07-14,32.5,33.42,32.5,33.07,34944016.0,1130405888.0,1800000000.0,0.019413342222222223
2009-07-15,33.25,34.37,32.75,33.87,53385088.0,1751360256.0,1800000000.0,0.029658382222222224
2009-07-16,34.27,35.21,33.57,33.66,50065812.0,1689151104.0,1800000000.0,0.02781434
2009-07-17,33.64,35.12,33.57,35.03,56373544.0,1906850816.0,1800000000.0,0.03131863555555556
2009-07-20,35.1,37.25,34.82,36.91,81685144.0,2877915648.0,1800000000.0,0.045380635555555555
2009-07-21,36.92,36.97,35.72,35.82,47882808.0,1695472896.0,1800000000.0,0.02660156
2009-07-22,35.71,38.35,35.61,37.42,69706992.0,2546567680.0,1800000000.0,0.03872610666666667
2009-07-23,37.35,39.19,37.12,38.49,50798620.0,1892494080.0,1800000000.0,0.028221455555555556
2009-07-24,38.89,41.84,38.89,40.89,88092872.0,3504559360.0,1800000000.0,0.048940484444444446
2009-07-27,40.87,41.32,40.1,41.11,61651504.0,2462971648.0,1800000000.0,0.03425083555555555
2009-07-28,41.13,42.04,39.8,40.33,57240440.0,2263156224.0,1800000000.0,0.031800244444444445
2009-07-29,39.81,39.81,36.31,37.72,65313461.0,2466105137.0,1800000000.0,0.03628525611111111
2009-07-30,37.77,38.27,36.43,38.14,49202108.0,1800611712.0,1800000000.0,0.027334504444444446
2009-07-31,38.77,39.59,38.27,39.36,42002376.0,1599799808.0,1800000000.0,0.023334653333333333
2009-08-03,39.8,40.37,38.02,39.55,52253280.0,2008600320.0,1800000000.0,0.0290296
2009-08-04,39.81,42.25,39.39,42.03,85442616.0,3429238272.0,1800000000.0,0.04746812
2009-08-05,42.01,43.01,40.21,41.03,71334608.0,2913426176.0,1800000000.0,0.039630337777777774
2009-08-06,40.3,40.82,39.19,39.31,52629072.0,2053213056.0,1800000000.0,0.029238373333333335
2009-08-07,39.37,39.97,37.3,37.75,56376688.0,2118016128.0,1800000000.0,0.03132038222222222
2009-08-10,37.86,38.88,36.75,37.55,41279436.0,1530263552.0,1800000000.0,0.02293302
2009-08-11,37.91,38.2,37.05,37.84,23872204.0,881198848.0,1800000000.0,0.013262335555555555
2009-08-12,37.6,37.6,35.51,35.59,36412568.0,1295414400.0,1800000000.0,0.020229204444444444
2009-08-13,35.56,36.53,34.79,36.09,30454938.0,1069615040.0,1800000000.0,0.01691941
2009-08-14,36.23,36.49,34.59,34.73,30176920.0,1046984896.0,1800000000.0,0.016764955555555554
2009-08-17,33.68,34.28,32.55,32.65,37346860.0,1219154304.0,1800000000.0,0.020748255555555557
2009-08-18,32.35,32.96,31.3,32.95,35326664.0,1114654080.0,1800000000.0,0.019625924444444446
2009-08-19,33.49,33.49,30.36,30.73,35957420.0,1113274240.0,1800000000.0,0.019976344444444443
2009-08-20,31.02,33.35,31.02,33.16,51981380.0,1663015936.0,1800000000.0,0.028878544444444446
2009-08-21,33.07,34.03,32.54,33.95,42764828.0,1397434112.0,1800000000.0,0.023758237777777778
2009-08-24,34.13,35.52,34.13,35.13,38481340.0,1318648320.0,1800000000.0,0.021378522222222224
2009-08-25,34.85,34.85,32.14,33.74,43755184.0,1444887936.0,1800000000.0,0.024308435555555556
2009-08-26,33.16,34.75,32.99,34.06,24339268.0,811977216.0,1800000000.0,0.013521815555555556
2009-08-27,33.67,33.93,32.46,33.03,28251488.0,920145920.0,1800000000.0,0.01569527111111111
2009-08-28,33.25,33.25,31.12,31.53,39055120.0,1219585920.0,1800000000.0,0.021697288888888888
2009-08-31,30.92,30.96,28.38,28.45,68792976.0,1954546048.0,1800000000.0,0.03821832
2009-09-01,28.37,29.79,28.23,29.03,39339996.0,1117599104.0,1800000000.0,0.021855553333333333
2009-09-02,29.13,30.22,28.89,30.09,38454220.0,1124059008.0,1800000000.0,0.021363455555555556
2009-09-03,30.14,32.35,29.59,32.01,41227316.0,1263548288.0,1800000000.0,0.022904064444444445
2009-09-04,32.01,32.64,31.54,31.88,33101120.0,1041666368.0,1800000000.0,0.01838951111111111
2009-09-07,31.94,32.61,31.77,32.05,22879060.0,724559552.0,1800000000.0,0.01271058888888889
2009-09-08,31.89,33.32,31.04,33.29,47007572.0,1495795456.0,1800000000.0,0.02611531777777778
2009-09-09,33.93,34.18,33.16,33.85,34583836.0,1141744640.0,1800000000.0,0.01921324222222222
2009-09-10,33.78,34.18,33.17,33.42,18868090.0,622129408.0,1800000000.0,0.010482272222222222
2009-09-11,33.27,34.7,33.17,34.37,30727412.0,1027488064.0,1800000000.0,0.017070784444444445
2009-09-14,34.16,34.75,33.98,34.52,24002676.0,809465792.0,1800000000.0,0.01333482
2009-09-15,34.52,35.41,34.52,34.78,30756208.0,1056454912.0,1800000000.0,0.01708678222222222
2009-09-16,34.84,35.02,33.55,34.3,29399714.0,987600896.0,1800000000.0,0.016333174444444445
2009-09-17,34.67,35.81,34.67,35.45,32942704.0,1139671296.0,1800000000.0,0.01830150222222222
2009-09-18,35.5,35.89,33.68,34.22,29637792.0,1012164160.0,1800000000.0,0.01646544
2009-09-21,33.67,34.25,32.57,33.94,22173204.0,726074496.0,1800000000.0,0.012318446666666667
2009-09-22,33.78,34.03,32.44,32.59,26283170.0,853216896.0,1800000000.0,0.014601761111111111
2009-09-23,32.76,33.11,31.12,31.33,25815182.0,806791808.0,1800000000.0,0.014341767777777778
2009-09-24,30.92,31.94,30.51,31.52,22740448.0,693243392.0,1800000000.0,0.012633582222222222
2009-09-25,31.12,31.94,31.02,31.68,16429211.0,506493120.0,1800000000.0,0.009127339444444445
2009-09-28,31.77,32.09,30.55,30.61,17329872.0,534250496.0,1800000000.0,0.009627706666666666
2009-09-29,30.72,30.86,30.16,30.55,19416640.0,580753216.0,1800000000.0,0.010787022222222222
2009-09-30,30.8,31.58,30.8,30.98,14819667.0,452730208.0,1800000000.0,0.008233148333333334
2009-10-09,31.94,33.62,31.94,33.56,28369306.0,914620416.0,1800000000.0,0.015760725555555556
2009-10-12,33.57,33.78,32.67,32.85,16874998.0,547122240.0,1800000000.0,0.009374998888888889
2009-10-13,32.91,34.18,32.91,33.74,25264426.0,835980672.0,1800000000.0,0.014035792222222222
2009-10-14,34.07,35.72,33.98,34.58,40134164.0,1372231808.0,1800000000.0,0.022296757777777777
2009-10-15,35.23,35.61,34.82,35.2,27715068.0,956584704.0,1800000000.0,0.01539726
2009-10-16,35.56,36.09,34.7,35.54,28581974.0,992774912.0,1800000000.0,0.015878874444444444
2009-10-19,35.5,37.07,35.26,36.91,39998640.0,1422541312.0,1800000000.0,0.022221466666666665
2009-10-20,37.4,37.76,36.75,37.05,27112148.0,991292352.0,1800000000.0,0.015062304444444445
2009-10-21,37.05,37.63,36.72,36.82,25929988.0,944065984.0,1800000000.0,0.014405548888888889
2009-10-22,36.94,37.25,36.41,36.46,17594028.0,634244416.0,1800000000.0,0.00977446
2009-10-23,36.62,38.04,36.62,37.63,33648224.0,1235383808.0,1800000000.0,0.018693457777777776
2009-10-26,37.74,37.75,36.78,37.22,22609076.0,824032512.0,1800000000.0,0.012560597777777778
2009-10-27,36.73,36.73,35.41,35.5,30437728.0,1073044416.0,1800000000.0,0.016909848888888888
2009-10-28,35.5,36.17,34.95,35.85,24084276.0,841261696.0,1800000000.0,0.013380153333333334
2009-10-29,34.9,35.41,34.68,34.97,21468704.0,737881216.0,1800000000.0,0.011927057777777778
2009-10-30,36.22,36.33,35.1,35.21,16771477.0,586620992.0,1800000000.0,0.009317487222222223
2009-11-02,34.03,36.53,33.88,36.42,20350804.0,711729664.0,1800000000.0,0.011306002222222222
2009-11-03,36.56,37.14,36.52,36.77,17698856.0,638193536.0,1800000000.0,0.009832697777777778
2009-11-04,36.84,37.14,36.48,36.87,16087229.0,579715072.0,1800000000.0,0.008937349444444444
2009-11-05,36.93,37.13,36.31,36.71,18638314.0,668626688.0,1800000000.0,0.010354618888888889
2009-11-06,37.04,37.3,36.72,36.96,21354564.0,773953344.0,1800000000.0,0.011863646666666667
2009-11-09,36.84,37.24,36.33,36.92,20698218.0,745943296.0,1800000000.0,0.01149901
2009-11-10,37.48,37.65,36.74,36.83,20101146.0,734183168.0,1800000000.0,0.011167303333333333
2009-11-11,36.84,36.91,36.41,36.59,14736524.0,528719456.0,1800000000.0,0.008186957777777778
2009-11-12,36.73,37.2,36.53,36.63,14403913.0,519605216.0,1800000000.0,0.00800217388888889
2009-11-13,36.33,36.43,35.72,36.23,31787044.0,1122859264.0,1800000000.0,0.017659468888888887
2009-11-16,36.52,38.42,36.52,38.36,43371128.0,1605264768.0,1800000000.0,0.024095071111111113
2009-11-17,38.63,38.77,37.97,38.21,29990492.0,1128565248.0,1800000000.0,0.016661384444444444
2009-11-18,38.37,39.69,38.27,38.77,35689856.0,1365620480.0,1800000000.0,0.019827697777777778
2009-11-19,38.88,39.29,38.07,38.6,24131220.0,910194368.0,1800000000.0,0.013406233333333333
2009-11-20,38.47,38.5,37.76,38.04,28599648.0,1067273152.0,1800000000.0,0.015888693333333332
2009-11-23,38.11,38.48,37.84,38.44,26995100.0,1007207488.0,1800000000.0,0.014997277777777778
2009-11-24,38.47,39.14,36.73,37.02,42035636.0,1571657728.0,1800000000.0,0.023353131111111113
2009-11-25,37.01,38.17,36.41,37.93,35324576.0,1286472576.0,1800000000.0,0.019624764444444446
2009-11-26,37.96,38.55,36.33,36.42,40048796.0,1470507520.0,1800000000.0,0.02224933111111111
2009-11-27,35.82,36.1,34.62,34.97,37292756.0,1295053696.0,1800000000.0,0.020718197777777777
2009-11-30,35.57,36.22,35.0,36.17,32930056.0,1151384960.0,1800000000.0,0.018294475555555554
2009-12-01,36.23,36.27,35.57,36.26,39202956.0,1379026816.0,1800000000.0,0.02177942
2009-12-02,36.64,36.73,36.21,36.55,30400788.0,1086233600.0,1800000000.0,0.016889326666666666
2009-12-03,36.43,36.73,35.92,36.71,32540180.0,1156269696.0,1800000000.0,0.01807787777777778
2009-12-04,36.43,37.54,36.12,37.38,55978944.0,2024781952.0,1800000000.0,0.031099413333333333
2009-12-07,37.47,37.98,37.01,37.35,33690084.0,1237189248.0,1800000000.0,0.018716713333333333
2009-12-08,37.25,37.25,36.03,36.38,39379456.0,1408355072.0,1800000000.0,0.021877475555555557
2009-12-09,35.92,36.17,35.56,35.62,31885822.0,1118166912.0,1800000000.0,0.017714345555555556
2009-12-10,35.92,36.06,35.49,35.81,18425502.0,645623296.0,1800000000.0,0.01023639
2009-12-11,35.93,36.17,35.72,35.76,13954073.0,490910080.0,1800000000.0,0.007752262777777778
2009-12-14,35.77,36.37,34.68,36.09,30202532.0,1050254208.0,1800000000.0,0.016779184444444446
2009-12-15,35.92,36.45,35.74,35.93,23257664.0,824155072.0,1800000000.0,0.012920924444444445
2009-12-16,35.98,36.42,35.52,35.69,19412508.0,685965696.0,1800000000.0,0.010784726666666666
2009-12-17,35.87,36.12,34.71,34.83,23246704.0,801285696.0,1800000000.0,0.012914835555555556
2009-12-18,34.68,34.68,33.76,33.99,22184968.0,741476992.0,1800000000.0,0.012324982222222221
2009-12-21,34.04,34.37,33.23,33.7,25209190.0,829335040.0,1800000000.0,0.014005105555555555
2009-12-22,33.99,33.99,32.23,32.46,26503672.0,855361600.0,1800000000.0,0.014724262222222222
2009-12-23,32.55,32.81,32.04,32.34,26221220.0,832023040.0,1800000000.0,0.014567344444444444
2009-12-24,32.65,33.92,32.5,33.9,32612240.0,1062809472.0,1800000000.0,0.01811791111111111
2009-12-25,33.93,33.93,33.27,33.46,19632214.0,644138304.0,1800000000.0,0.010906785555555555
2009-12-28,33.55,34.32,33.55,34.1,19838910.0,662403392.0,1800000000.0,0.011021616666666666
2009-12-29,34.08,34.55,33.91,34.47,17976392.0,602737024.0,1800000000.0,0.009986884444444444
2009-12-30,34.59,35.69,34.59,35.49,34157816.0,1182637696.0,1800000000.0,0.018976564444444444
2009-12-31,35.7,35.97,35.37,35.53,26018724.0,911082048.0,1800000000.0,0.014454846666666667
2010-01-04,35.75,35.87,34.9,34.97,18665512.0,647678400.0,1800000000.0,0.01036972888888889
2010-01-05,35.36,36.16,34.97,35.85,33265424.0,1164780928.0,1800000000.0,0.01848079111111111
2010-01-06,35.95,36.86,35.85,35.9,32240604.0,1151715092.0,1800000000.0,0.017911446666666667
2010-01-07,36.16,36.62,34.92,35.06,26924688.0,941171776.0,1800000000.0,0.01495816
2010-01-08,35.0,35.05,34.18,34.61,23657268.0,801005568.0,1800000000.0,0.013142926666666667
2010-01-11,36.17,36.5,34.93,35.01,30730736.0,1066486400.0,1800000000.0,0.01707263111111111
2010-01-12,35.05,35.39,34.29,35.36,26978446.0,920966391.0,1800000000.0,0.014988025555555555
2010-01-13,34.59,34.64,33.29,33.47,51220332.0,1703495808.0,1800000000.0,0.02845574
2010-01-14,33.88,33.95,33.11,33.66,27836786.0,913148416.0,1800000000.0,0.015464881111111111
2010-01-15,33.3,33.67,33.16,33.4,25229884.0,825023424.0,1800000000.0,0.014016602222222223
2010-01-18,33.17,33.61,33.14,33.49,17412382.0,569688768.0,1800000000.0,0.009673545555555555
2010-01-19,33.62,34.14,33.47,33.64,23675616.0,783500416.0,1800000000.0,0.01315312
2010-01-20,33.78,33.87,32.14,32.27,37452628.0,1202101632.0,1800000000.0,0.020807015555555555
2010-01-21,32.37,32.55,31.02,31.54,42682676.0,1320460288.0,1800000000.0,0.023712597777777778
2010-01-22,30.96,31.11,30.11,30.74,43302256.0,1300307328.0,1800000000.0,0.02405680888888889
2010-01-25,30.48,31.18,30.41,30.72,16599994.0,503500352.0,1800000000.0,0.009222218888888889
2010-01-26,30.8,30.97,29.87,30.0,18290840.0,542220928.0,1800000000.0,0.010161577777777778
2010-01-27,29.99,30.72,29.66,30.1,18857344.0,558120256.0,1800000000.0,0.010476302222222221
2010-01-28,30.16,30.5,29.82,30.2,14109538.0,418199200.0,1800000000.0,0.007838632222222221
2010-01-29,30.08,30.49,29.9,30.05,15983756.0,472770816.0,1800000000.0,0.008879864444444444
2010-02-01,29.71,29.98,28.86,29.1,20397084.0,583270016.0,1800000000.0,0.011331713333333333
2010-02-02,29.49,29.75,28.98,29.09,19130054.0,550983232.0,1800000000.0,0.010627807777777777
2010-02-03,29.41,30.64,28.68,30.42,32544196.0,949196416.0,1800000000.0,0.01808010888888889
2010-02-04,30.01,30.15,29.62,29.82,17613208.0,516446784.0,1800000000.0,0.009785115555555555
2010-02-05,29.08,29.08,28.67,28.88,23503148.0,663352000.0,1800000000.0,0.013057304444444445
2010-02-08,28.92,29.16,28.57,28.8,11427148.0,322943360.0,1800000000.0,0.006348415555555555
2010-02-09,28.76,29.13,28.67,29.11,10695757.0,303856032.0,1800000000.0,0.005942087222222222
2010-02-10,29.47,29.74,29.36,29.59,11859940.0,343281536.0,1800000000.0,0.006588855555555556
2010-02-11,29.64,29.84,29.5,29.78,13042615.0,379608160.0,1800000000.0,0.007245897222222222
2010-02-12,29.88,30.1,29.82,30.03,12698698.0,373187776.0,1800000000.0,0.007054832222222222
2010-02-22,30.09,30.36,29.61,29.64,13942594.0,409718720.0,1800000000.0,0.007745885555555556
2010-02-23,29.68,29.68,28.63,29.01,19951916.0,565370176.0,1800000000.0,0.011084397777777777
2010-02-24,28.71,29.31,28.58,29.29,25369886.0,717266944.0,1800000000.0,0.014094381111111111
2010-02-25,29.46,29.7,29.3,29.64,28152648.0,813466688.0,1800000000.0,0.01564036
2010-02-26,29.49,29.59,29.34,29.43,16965304.0,489448832.0,1800000000.0,0.009425168888888889
2010-03-01,29.51,29.92,29.39,29.78,21198156.0,616988480.0,1800000000.0,0.011776753333333334
2010-03-02,29.63,29.63,29.12,29.3,25093188.0,722386368.0,1800000000.0,0.01394066
2010-03-03,29.24,29.54,28.98,29.46,17409412.0,498817888.0,1800000000.0,0.009671895555555556
2010-03-04,29.44,29.68,28.98,29.01,19539812.0,561907968.0,1800000000.0,0.010855451111111112
2010-03-05,29.1,29.24,28.86,29.09,13182355.0,375548352.0,1800000000.0,0.0073235305555555555
2010-03-08,29.3,29.63,29.19,29.48,16091723.0,464932928.0,1800000000.0,0.008939846111111111
2010-03-09,29.49,30.15,29.1,29.78,24552228.0,715367808.0,1800000000.0,0.013640126666666667
2010-03-10,29.8,29.84,29.26,29.44,14946403.0,432818592.0,1800000000.0,0.008303557222222223
2010-03-11,29.59,29.73,29.19,29.43,13468981.0,388886048.0,1800000000.0,0.007482767222222222
2010-03-12,29.5,29.77,29.3,29.36,13959792.0,403853280.0,1800000000.0,0.00775544
2010-03-15,29.18,29.18,28.6,28.72,19494048.0,549667520.0,1800000000.0,0.010830026666666666
2010-03-16,28.65,28.8,28.11,28.37,23401986.0,651433920.0,1800000000.0,0.013001103333333333
2010-03-17,28.52,28.83,28.31,28.81,20930740.0,586048000.0,1800000000.0,0.011628188888888889
2010-03-18,28.84,29.12,28.73,28.9,17331672.0,491335776.0,1800000000.0,0.009628706666666667
2010-03-19,28.91,29.19,28.62,29.11,18483888.0,524482272.0,1800000000.0,0.010268826666666666
2010-03-22,29.18,29.39,29.06,29.17,20672180.0,591569472.0,1800000000.0,0.011484544444444444
2010-03-23,29.27,29.37,28.99,29.03,15860113.0,453532064.0,1800000000.0,0.008811173888888888
2010-03-24,29.11,29.39,28.84,28.87,14155055.0,403313216.0,1800000000.0,0.007863919444444445
2010-03-25,28.76,28.76,28.27,28.47,15213857.0,424288032.0,1800000000.0,0.008452142777777777
2010-03-26,28.47,28.9,28.27,28.74,19263550.0,540489920.0,1800000000.0,0.010701972222222222
2010-03-29,29.0,29.87,28.89,29.64,45688488.0,1323757824.0,1800000000.0,0.025382493333333332
2010-03-30,29.71,30.01,29.5,29.93,29870500.0,873786880.0,1800000000.0,0.016594722222222223
2010-03-31,29.93,29.93,29.4,29.49,18627286.0,540284480.0,1800000000.0,0.010348492222222222
2010-04-01,29.6,30.03,29.6,29.83,19466614.0,569238016.0,1800000000.0,0.010814785555555555
2010-04-02,30.05,30.27,29.95,30.14,24703940.0,729048704.0,1800000000.0,0.01372441111111111
2010-04-06,30.49,30.86,30.15,30.47,34507980.0,1034766592.0,1800000000.0,0.0191711
2010-04-07,30.46,30.46,30.03,30.13,17742156.0,524680416.0,1800000000.0,0.009856753333333333
2010-04-08,30.01,30.02,29.42,29.48,20533046.0,596619136.0,1800000000.0,0.011407247777777779
2010-04-09,29.58,29.85,29.49,29.79,15449212.0,449219264.0,1800000000.0,0.008582895555555555
2010-04-12,29.9,29.97,29.47,29.53,15061854.0,438173984.0,1800000000.0,0.008367696666666667
2010-04-13,29.62,30.31,29.47,30.3,30640162.0,900077120.0,1800000000.0,0.01702231222222222
2010-04-14,30.36,30.56,30.05,30.18,21485282.0,636690432.0,1800000000.0,0.011936267777777778
2010-04-15,30.34,30.56,30.16,30.36,22119408.0,658637760.0,1800000000.0,0.01228856
2010-04-16,30.41,30.53,29.7,29.84,16627624.0,488493728.0,1800000000.0,0.00923756888888889
2010-04-19,29.42,29.42,28.13,28.31,35228408.0,990710272.0,1800000000.0,0.019571337777777777
2010-04-20,28.29,28.53,27.8,28.22,18948668.0,522121312.0,1800000000.0,0.010527037777777777
2010-04-21,28.27,28.78,27.9,28.76,22866344.0,634427008.0,1800000000.0,0.012703524444444444
2010-04-22,28.47,28.52,27.89,28.15,19179268.0,529618880.0,1800000000.0,0.01065514888888889
2010-04-23,28.15,28.77,28.03,28.08,22546928.0,624946688.0,1800000000.0,0.012526071111111111
2010-04-26,28.27,28.4,27.87,27.95,14618667.0,403836128.0,1800000000.0,0.008121481666666666
2010-04-27,27.94,27.94,26.74,27.11,28742898.0,766938816.0,1800000000.0,0.015968276666666666
2010-04-28,27.0,27.25,26.58,26.87,17422698.0,459520672.0,1800000000.0,0.009679276666666667
2010-04-29,27.11,27.24,26.72,26.74,13661827.0,361533152.0,1800000000.0,0.007589903888888889
2010-04-30,26.84,27.08,26.31,27.06,24345274.0,634897920.0,1800000000.0,0.013525152222222222
2010-05-04,26.54,27.03,26.5,26.6,11191793.0,294017024.0,1800000000.0,0.006217662777777778
2010-05-05,26.41,26.47,25.73,26.34,22435724.0,574026240.0,1800000000.0,0.01246429111111111
2010-05-06,26.02,26.12,24.6,24.8,27751960.0,691647488.0,1800000000.0,0.015417755555555556
2010-05-07,24.39,24.49,23.78,24.12,24012832.0,569968064.0,1800000000.0,0.013340462222222222
2010-05-10,24.29,24.67,24.17,24.63,19505112.0,467432576.0,1800000000.0,0.010836173333333334
2010-05-11,25.17,25.28,24.24,24.26,22967260.0,560510208.0,1800000000.0,0.012759588888888888
2010-05-12,24.29,24.45,23.85,24.37,16197070.0,383865568.0,1800000000.0,0.008998372222222223
2010-05-13,24.43,25.17,24.36,25.01,23987874.0,585458688.0,1800000000.0,0.013326596666666666
2010-05-14,24.85,25.1,24.72,24.96,13176586.0,322184928.0,1800000000.0,0.0073203255555555555
2010-05-17,24.47,24.47,23.79,23.8,20005100.0,472060224.0,1800000000.0,0.011113944444444444
2010-05-18,23.9,24.75,23.77,24.46,15878590.0,376091104.0,1800000000.0,0.008821438888888889
2010-05-19,24.29,24.74,23.98,24.39,14599556.0,348505632.0,1800000000.0,0.008110864444444444
2010-05-20,24.24,24.73,24.13,24.31,14283811.0,342365760.0,1800000000.0,0.007935450555555555
2010-05-21,23.66,24.69,23.37,24.53,18798452.0,442695424.0,1800000000.0,0.010443584444444444
2010-05-24,24.69,25.56,24.59,25.42,27262756.0,675554624.0,1800000000.0,0.015145975555555555
2010-05-25,25.21,25.21,24.34,24.57,19259072.0,466861056.0,1800000000.0,0.010699484444444445
2010-05-26,24.54,24.8,24.34,24.5,10573201.0,254005744.0,1800000000.0,0.005874000555555555
2010-05-27,24.49,25.03,24.14,24.92,21211154.0,513840288.0,1800000000.0,0.011783974444444444
2010-05-28,25.31,25.39,24.71,24.82,15233444.0,374154560.0,1800000000.0,0.008463024444444444
2010-05-31,24.54,24.93,24.15,24.17,11986150.0,287671360.0,1800000000.0,0.006658972222222222
2010-06-01,23.96,24.31,23.63,23.82,14429703.0,338555328.0,1800000000.0,0.008016501666666667
2010-06-02,23.84,24.1,23.56,24.01,8683533.0,202583472.0,1800000000.0,0.004824185
2010-06-03,24.08,24.33,23.82,24.01,12605178.0,297258048.0,1800000000.0,0.007002876666666667
2010-06-04,23.79,24.14,23.79,24.09,7980245.0,187969936.0,1800000000.0,0.004433469444444445
2010-06-07,23.67,23.79,23.43,23.54,9628189.0,222692176.0,1800000000.0,0.0053489938888888885
2010-06-08,23.57,23.78,23.27,23.39,10650283.0,245260288.0,1800000000.0,0.005916823888888889
2010-06-09,23.48,23.98,23.28,23.92,14042120.0,326101280.0,1800000000.0,0.007801177777777777
2010-06-10,23.75,23.88,23.57,23.64,9415496.0,218510640.0,1800000000.0,0.005230831111111111
2010-06-11,23.78,24.03,23.76,23.83,12508715.0,292935040.0,1800000000.0,0.0069492861111111115
2010-06-17,24.09,24.15,23.79,23.81,9130224.0,214580304.0,1800000000.0,0.0050723466666666665
2010-06-18,23.82,23.93,23.48,23.56,9188257.0,213620720.0,1800000000.0,0.005104587222222222
2010-06-21,23.78,24.76,23.57,24.63,23217502.0,553710272.0,1800000000.0,0.012898612222222222
2010-06-22,24.47,24.65,24.37,24.45,12060952.0,289639520.0,1800000000.0,0.006700528888888889
2010-06-23,24.29,24.38,23.87,24.0,12802273.0,302420992.0,1800000000.0,0.007112373888888889
2010-06-24,24.01,24.43,23.87,24.04,8607441.0,203216720.0,1800000000.0,0.004781911666666667
2010-06-25,23.97,24.1,23.76,23.97,6670849.0,156476400.0,1800000000.0,0.003706027222222222
2010-06-28,23.91,23.91,23.53,23.62,9211312.0,213558976.0,1800000000.0,0.005117395555555556
2010-06-29,23.69,23.81,22.51,22.58,18703068.0,425546272.0,1800000000.0,0.010390593333333333
2010-06-30,22.58,22.69,22.13,22.42,11983379.0,262473392.0,1800000000.0,0.0066574327777777775
2010-07-01,22.28,22.54,22.1,22.17,7204037.0,157444000.0,1800000000.0,0.0040022427777777776
2010-07-02,22.33,22.37,21.43,22.13,14685408.0,314526112.0,1800000000.0,0.00815856
2010-07-05,22.02,22.02,21.34,21.7,10456013.0,216629808.0,1800000000.0,0.005808896111111111
2010-07-06,21.55,22.12,21.53,22.08,12399445.0,260177200.0,1800000000.0,0.006888580555555556
2010-07-07,22.02,22.33,22.02,22.29,10578259.0,224565888.0,1800000000.0,0.005876810555555555
2010-07-08,22.47,22.47,22.22,22.24,9016184.0,192610080.0,1800000000.0,0.005008991111111111
2010-07-09,22.27,23.68,22.07,23.2,21688420.0,477329344.0,1800000000.0,0.012049122222222222
2010-07-12,23.19,23.48,22.98,23.29,11265945.0,250388608.0,1800000000.0,0.006258858333333333
2010-07-13,22.92,22.93,22.5,22.77,10965588.0,237907600.0,1800000000.0,0.0060919933333333336
2010-07-14,22.91,23.26,22.89,22.96,9807187.0,216181856.0,1800000000.0,0.005448437222222222
2010-07-15,23.04,23.23,22.65,22.67,8407133.0,184474784.0,1800000000.0,0.004670629444444445
2010-07-16,22.59,22.75,22.36,22.7,7950170.0,171219040.0,1800000000.0,0.004416761111111111
2010-07-19,22.38,23.55,22.28,23.43,22167304.0,492557024.0,1800000000.0,0.01231516888888889
2010-07-20,23.43,24.04,23.39,23.88,24220426.0,550906688.0,1800000000.0,0.013455792222222223
2010-07-21,23.9,24.12,23.67,23.85,20580558.0,470199232.0,1800000000.0,0.011433643333333333
2010-07-22,23.66,24.13,23.66,24.07,16759387.0,384130528.0,1800000000.0,0.009310770555555556
2010-07-23,24.16,24.32,23.96,24.31,20773016.0,480313984.0,1800000000.0,0.011540564444444444
2010-07-26,24.29,24.63,23.98,24.22,22534140.0,524059424.0,1800000000.0,0.012518966666666667
2010-07-27,24.16,24.23,23.85,23.92,15839378.0,363612224.0,1800000000.0,0.008799654444444445
2010-07-28,23.95,25.19,23.85,24.95,27171712.0,637694336.0,1800000000.0,0.015095395555555556
2010-07-29,24.98,25.27,24.83,25.1,29391700.0,702907968.0,1800000000.0,0.016328722222222224
2010-07-30,25.01,25.06,24.66,24.84,16906660.0,401503296.0,1800000000.0,0.009392588888888888
2010-08-02,24.79,25.37,24.74,25.18,16935712.0,406349856.0,1800000000.0,0.00940872888888889
2010-08-03,25.27,25.73,24.68,24.74,30015064.0,726314112.0,1800000000.0,0.016675035555555554
2010-08-04,24.79,25.09,24.36,24.93,24363240.0,576585536.0,1800000000.0,0.013535133333333333
2010-08-05,24.85,24.95,24.46,24.5,15527615.0,365830432.0,1800000000.0,0.008626452777777778
2010-08-06,24.47,24.99,24.32,24.93,14850913.0,351063648.0,1800000000.0,0.008250507222222222
2010-08-09,24.94,25.13,24.76,25.08,13938007.0,332554144.0,1800000000.0,0.007743337222222222
2010-08-10,25.1,25.13,24.2,24.24,19110762.0,449137056.0,1800000000.0,0.01061709
2010-08-11,24.18,24.42,23.93,24.07,10503066.0,242442592.0,1800000000.0,0.005835036666666666
2010-08-12,23.93,24.04,23.44,23.48,14456418.0,328096896.0,1800000000.0,0.008031343333333333
2010-08-13,23.43,23.85,23.35,23.75,13369715.0,301893312.0,1800000000.0,0.007427619444444445
2010-08-16,23.75,25.22,23.62,25.03,30497052.0,716128064.0,1800000000.0,0.016942806666666668
2010-08-17,24.98,25.93,24.91,25.67,43631208.0,1069121984.0,1800000000.0,0.02423956
2010-08-18,25.68,25.77,25.27,25.52,20612014.0,503683904.0,1800000000.0,0.01145111888888889
2010-08-19,26.13,27.15,26.13,26.89,67812208.0,1736036992.0,1800000000.0,0.03767344888888889
2010-08-20,26.53,26.77,25.77,25.97,41449256.0,1040317760.0,1800000000.0,0.023027364444444445
2010-08-23,26.0,26.29,25.68,25.88,15311255.0,379820000.0,1800000000.0,0.008506252777777779
2010-08-24,25.73,26.25,25.16,25.63,24190664.0,593734208.0,1800000000.0,0.013439257777777778
2010-08-25,25.47,25.63,24.79,24.88,21395320.0,514550784.0,1800000000.0,0.01188628888888889
2010-08-26,25.3,25.44,24.89,25.01,17173140.0,413297216.0,1800000000.0,0.009540633333333333
2010-08-27,24.98,24.98,24.37,24.81,14403172.0,339366528.0,1800000000.0,0.008001762222222222
2010-08-30,25.0,25.68,25.0,25.51,20027400.0,486821184.0,1800000000.0,0.011126333333333334
2010-08-31,25.31,25.34,24.86,25.04,20086484.0,480974880.0,1800000000.0,0.011159157777777777
2010-09-01,25.05,25.42,24.66,24.83,23740206.0,568846912.0,1800000000.0,0.013189003333333333
2010-09-02,25.17,25.23,24.84,24.95,20333250.0,486121824.0,1800000000.0,0.01129625
2010-09-03,25.05,25.15,24.54,24.72,19452296.0,460030592.0,1800000000.0,0.010806831111111111
2010-09-06,24.87,25.69,24.86,25.6,32888440.0,796220352.0,1800000000.0,0.018271355555555556
2010-09-07,25.63,25.8,25.11,25.42,17797132.0,433420128.0,1800000000.0,0.009887295555555555
2010-09-08,25.37,25.37,24.98,25.34,16119066.0,387411744.0,1800000000.0,0.008955036666666666
2010-09-09,25.37,25.37,24.75,24.81,17819330.0,425305152.0,1800000000.0,0.009899627777777777
2010-09-10,24.89,25.09,24.5,24.78,15681612.0,370964480.0,1800000000.0,0.008712006666666666
2010-09-13,24.85,25.2,24.53,24.96,14840842.0,352541504.0,1800000000.0,0.008244912222222222
2010-09-14,25.09,25.14,24.73,24.78,14428920.0,342964416.0,1800000000.0,0.008016066666666667
2010-09-15,24.72,24.75,24.22,24.25,12948284.0,302385536.0,1800000000.0,0.007193491111111111
2010-09-16,24.28,24.47,23.71,23.89,13824488.0,317808160.0,1800000000.0,0.007680271111111111
2010-09-17,24.02,24.07,23.65,23.75,11287414.0,257025152.0,1800000000.0,0.006270785555555556
2010-09-20,23.75,24.0,23.38,23.55,10947484.0,248042160.0,1800000000.0,0.006081935555555556
2010-09-21,23.59,23.79,23.47,23.6,9845959.0,222101360.0,1800000000.0,0.005469977222222222
2010-09-27,23.64,24.1,23.64,24.0,10491601.0,239658560.0,1800000000.0,0.0058286672222222224
2010-09-28,23.89,23.93,23.6,23.68,9320231.0,211646240.0,1800000000.0,0.005177906111111111
2010-09-29,23.59,24.53,23.55,24.33,21668252.0,502962528.0,1800000000.0,0.012037917777777778
2010-09-30,24.16,24.74,24.16,24.7,16666573.0,391412352.0,1800000000.0,0.009259207222222222
2010-10-08,25.61,27.11,25.22,26.99,78124672.0,1978000640.0,1800000000.0,0.043402595555555555
2010-10-11,27.54,29.17,27.54,28.69,92920424.0,2543688192.0,16311037955.0,0.00569678179011999
2010-10-12,28.24,30.02,27.98,29.36,67823736.0,1887382400.0,16311037955.0,0.004158149603177721
2010-10-13,29.07,29.27,28.25,28.79,43577952.0,1200759296.0,16311037955.0,0.0026716847891731853
2010-10-14,29.08,29.54,28.54,28.82,58176896.0,1616846848.0,16311037955.0,0.003566719430149226
2010-10-15,28.56,30.02,28.36,29.77,77856688.0,2187373056.0,16311037955.0,0.004773251598996724
2010-10-18,29.81,30.19,29.03,29.38,74352520.0,2108708864.0,16311037955.0,0.004558417447444411
2010-10-19,29.39,30.54,29.18,30.48,53995888.0,1548401408.0,16311037955.0,0.0033103894521591772
2010-10-20,29.49,31.99,28.95,30.73,92922880.0,2702929152.0,16311037955.0,0.005696932363002401
2010-10-21,30.78,31.64,30.37,30.74,49141488.0,1450733184.0,16311037955.0,0.0030127750383252662
2010-10-22,30.6,31.77,29.97,30.23,70632920.0,2085220864.0,16311037955.0,0.004330375552731034
2010-10-25,30.37,31.69,30.0,31.42,66698472.0,1970265728.0,16311037955.0,0.00408916171883189
2010-10-26,31.69,32.3,30.96,31.35,54101108.0,1635636352.0,16311037955.0,0.0033168402985302233
2010-10-27,31.16,31.16,30.36,30.38,39368880.0,1155640448.0,16311037955.0,0.0024136342585072477
2010-10-28,30.12,30.44,29.72,29.8,34980928.0,1004178624.0,16311037955.0,0.002144616921161471
2010-10-29,29.81,30.19,29.62,29.92,22724586.0,649219648.0,16311037955.0,0.0013932029379549072
2010-11-01,30.0,31.19,29.93,30.93,45034260.0,1324227328.0,16311037955.0,0.002760968377625236
2010-11-02,31.08,31.08,29.92,29.99,44595012.0,1296754432.0,16311037955.0,0.0027340388835481685
2010-11-03,29.91,30.1,29.37,29.55,35416280.0,1006788352.0,16311037955.0,0.0021713075585814245
2010-11-04,29.88,30.63,29.88,30.08,28678078.0,828892672.0,16311037955.0,0.0017582006785294125
2010-11-05,31.01,31.2,30.6,30.69,36531076.0,1077461760.0,16311037955.0,0.0022396536689317024
2010-11-08,30.86,30.97,30.34,30.7,23031252.0,674450496.0,16311037955.0,0.0014120040713252082
2010-11-09,30.65,30.65,30.18,30.41,28770384.0,834751744.0,16311037955.0,0.0017638597911042626
2010-11-10,30.46,30.46,29.63,29.86,25988934.0,742976576.0,16311037955.0,0.0015933341625284693
2010-11-11,30.07,31.1,30.07,30.6,48873168.0,1435390336.0,16311037955.0,0.0029963248283055082
2010-11-12,30.39,30.91,28.4,28.56,56484952.0,1602624000.0,16311037955.0,0.00346298942813048
2010-11-15,28.77,28.85,27.67,27.94,31239364.0,837718144.0,16311037955.0,0.0019152284536511582
2010-11-16,27.92,28.06,26.05,26.29,39230448.0,1013219776.0,16311037955.0,0.002405147244965748
2010-11-17,25.94,26.67,25.75,26.14,29951194.0,750984128.0,16311037955.0,0.0018362530994429286
2010-11-18,26.43,26.62,25.93,26.4,22622510.0,570205056.0,16311037955.0,0.0013869448444919642
2010-11-19,26.56,26.65,25.43,26.37,27758028.0,689642880.0,16311037955.0,0.0017017940903933113
2010-11-22,26.01,26.4,25.92,26.08,23962644.0,599182464.0,16311037955.0,0.0014691060168034536
2010-11-23,26.1,26.1,25.0,25.49,25105256.0,609709504.0,16311037955.0,0.0015391574754017546
2010-11-24,25.27,26.14,25.27,25.94,21795024.0,537476480.0,16311037955.0,0.0013362131864403475
2010-11-25,26.36,26.4,25.66,26.19,24587820.0,612339456.0,16311037955.0,0.0015074344175909926
2010-11-26,26.05,26.86,25.95,26.32,30246008.0,762959488.0,16311037955.0,0.0018543276083008784
2010-11-29,26.3,26.3,25.75,25.83,18885428.0,467741344.0,16311037955.0,0.001157831160230416
2010-11-30,25.84,26.12,24.88,25.32,24498684.0,592916416.0,16311037955.0,0.0015019696519368438
2010-12-01,25.2,25.41,25.1,25.25,10949260.0,264279568.0,16311037955.0,0.0006712791687572282
2010-12-02,25.73,25.83,25.26,25.3,21849596.0,533375296.0,16311037955.0,0.001339558896268904
2010-12-03,25.31,25.31,24.89,25.16,17276928.0,413474144.0,16311037955.0,0.0010592169577230317
2010-12-06,25.3,25.47,25.08,25.38,16606402.0,401660352.0,16311037955.0,0.0010181082311141003
2010-12-07,25.28,25.93,24.79,25.66,20061260.0,485413504.0,16311037955.0,0.001229919276464586
2010-12-08,25.52,25.64,25.21,25.3,19705712.0,478324320.0,16311037955.0,0.0012081212767921612
2010-12-09,25.1,25.27,24.83,24.89,15995949.0,382390368.0,16311037955.0,0.000980682470614728
2010-12-10,24.83,25.36,24.75,25.14,17410928.0,416434400.0,16311037955.0,0.0010674322534246104
2010-12-13,25.25,26.0,25.11,25.99,32259492.0,789175232.0,16311037955.0,0.0019777706415128014
2010-12-14,26.04,26.22,25.8,26.0,19344184.0,480514720.0,16311037955.0,0.001185956654222009
2010-12-15,26.04,26.85,26.02,26.35,34158280.0,865194496.0,16311037955.0,0.0020941818720695876
2010-12-16,26.45,26.91,26.15,26.25,20589484.0,523173792.0,16311037955.0,0.001262303726887502
2010-12-17,26.24,26.24,25.95,26.04,11543709.0,287371712.0,16311037955.0,0.0007077237531938537
2010-12-20,26.07,26.34,25.0,25.44,20433216.0,499948416.0,16311037955.0,0.0012527232207032162
2010-12-21,26.05,27.39,25.99,26.96,52432328.0,1343454976.0,16311037955.0,0.003214530439120666
2010-12-22,27.2,27.27,26.17,26.38,30052762.0,766689088.0,16311037955.0,0.001842480048352018
2010-12-23,26.58,26.87,26.34,26.47,24021896.0,611299200.0,16311037955.0,0.0014727386488997964
2010-12-24,26.25,26.4,25.95,26.18,15882426.0,397568384.0,16311037955.0,0.0009737225824510688
2010-12-27,26.15,27.36,26.02,26.2,47791484.0,1221816576.0,16311037955.0,0.0029300087543079963
2010-12-28,25.84,26.07,25.24,25.27,25947376.0,634555456.0,16311037955.0,0.001590786317313796
2010-12-29,25.4,25.51,24.97,25.28,16114980.0,387436128.0,16311037955.0,0.0009879800442166283
2010-12-30,25.42,25.61,24.88,25.14,19249512.0,462698880.0,16311037955.0,0.0011801524865006666
2010-12-31,25.24,25.89,25.11,25.85,23632964.0,577519296.0,16311037955.0,0.0014488939370504946
2011-01-04,26.38,26.81,26.2,26.34,36767452.0,931841728.0,16311037955.0,0.002254145450549287
2011-01-05,25.94,26.44,25.86,26.41,21433324.0,536132800.0,16311037955.0,0.0013140380188637725
2011-01-06,26.43,26.76,26.02,26.06,16512175.0,414014144.0,16311037955.0,0.0010123313455314684
2011-01-07,26.08,26.37,25.66,25.85,21934348.0,544532736.0,16311037955.0,0.0013447548868756219
2011-01-10,25.83,26.15,25.4,25.45,16917338.0,416989760.0,16311037955.0,0.0010371711503996681
2011-01-11,25.42,25.82,25.39,25.79,16058948.0,392858240.0,16311037955.0,0.0009845448244498306
2011-01-12,25.94,26.07,25.71,26.0,20844606.0,516524160.0,16311037955.0,0.0012779447915888319
2011-01-13,26.15,26.25,25.83,26.08,19835660.0,494256288.0,16311037955.0,0.0012160881517610325
2011-01-14,25.84,26.05,25.32,25.44,19045584.0,466273344.0,16311037955.0,0.0011676500326064014
2011-01-17,25.27,25.6,24.77,24.77,22161676.0,531406112.0,16311037955.0,0.0013586919521088197
2011-01-18,24.75,24.89,24.59,24.82,11791247.0,278704576.0,16311037955.0,0.0007228998566817448
2011-01-19,24.92,25.24,24.71,25.19,17009840.0,406249408.0,16311037955.0,0.0010428422793771863
2011-01-20,25.14,25.14,24.15,24.22,19540356.0,459057792.0,16311037955.0,0.0011979836018964128
2011-01-21,24.06,24.66,23.93,24.27,18841632.0,437658656.0,16311037955.0,0.0011551461073158909
2011-01-24,24.37,24.41,23.86,23.97,13862507.0,319529568.0,16311037955.0,0.0008498850311209395
2011-01-25,24.06,24.17,23.86,23.97,13819706.0,316822144.0,16311037955.0,0.0008472609798424076
2011-01-26,24.03,24.24,23.92,24.17,9847313.0,226796288.0,16311037955.0,0.0006037208071716488
2011-01-27,24.0,24.63,23.87,24.52,18513358.0,431095072.0,16311037955.0,0.0011350202268596216
2011-01-28,24.47,24.56,24.25,24.39,12569843.0,292690624.0,16311037955.0,0.0007706341579658227
2011-01-31,24.46,24.86,24.4,24.83,14307469.0,336872352.0,16311037955.0,0.000877164840120685
2011-02-01,25.0,25.1,24.69,24.91,11173007.0,266281824.0,16311037955.0,0.0006849966894090279
2011-02-09,24.92,24.97,24.45,24.54,14865844.0,351753184.0,16311037955.0,0.0009113977933846332
2011-02-10,24.47,25.05,24.47,24.95,12301708.0,290475360.0,16311037955.0,0.0007541952899587867
2011-02-11,24.95,25.17,24.86,25.03,15099250.0,361533600.0,16311037955.0,0.0009257074897168922
2011-02-14,25.09,26.15,25.08,26.04,33656772.0,832452352.0,16311037955.0,0.0020634353309001295
2011-02-15,26.1,26.56,25.95,26.01,31104444.0,779737152.0,16311037955.0,0.0019069567544268522
2011-02-16,25.98,26.36,25.68,26.34,28671684.0,716343488.0,16311037955.0,0.001757808674046458
2011-02-17,26.4,26.48,26.02,26.34,24542436.0,615756864.0,16311037955.0,0.0015046520072915862
2011-02-18,26.3,26.31,25.84,25.87,17498864.0,435144416.0,16311037955.0,0.0010728234492665063
2011-02-21,25.79,26.31,25.73,26.22,16650982.0,415780704.0,16311037955.0,0.001020841349639297
2011-02-22,26.55,26.93,25.99,26.04,39610016.0,1000465216.0,16311037955.0,0.0024284178670467694
2011-02-23,25.99,26.52,25.78,26.43,27591764.0,692764800.0,16311037955.0,0.0016916007476729582
2011-02-24,26.51,27.35,26.51,26.98,39471100.0,1019044608.0,16311037955.0,0.002419901180347661
2011-02-28,27.16,27.26,26.69,27.0,23494992.0,605586560.0,16311037955.0,0.0014404351252703586
2011-03-01,26.93,27.01,26.46,26.77,28715468.0,734100416.0,16311037955.0,0.0017604929912628604
2011-03-02,26.66,27.3,26.66,27.08,31166786.0,804685248.0,16311037955.0,0.0019107788287897464
2011-03-03,27.28,27.29,26.56,26.62,26357870.0,677850176.0,16311037955.0,0.0016159529560729295
2011-03-04,26.61,27.09,26.33,26.98,24572974.0,629086272.0,16311037955.0,0.0015065242363970699
2011-03-07,27.46,29.68,27.46,29.68,95280328.0,2640932352.0,16311037955.0,0.005841463201965801
2011-03-08,30.75,30.93,29.74,30.34,115219888.0,3346175488.0,16311037955.0,0.0070639212733044
2011-03-09,30.01,30.41,29.7,29.91,52208116.0,1498835456.0,16311037955.0,0.0032007844101666185
2011-03-10,29.79,29.79,28.55,28.71,63678824.0,1763460224.0,16311037955.0,0.003904032605140241
2011-03-11,28.52,28.91,28.12,28.22,45172144.0,1233379584.0,16311037955.0,0.002769421794285807
2011-03-14,28.48,29.07,27.96,28.7,47153576.0,1286247936.0,16311037955.0,0.002890899777812454
2011-03-15,28.29,28.42,27.27,27.92,42520888.0,1127860608.0,16311037955.0,0.0026068781224903967
2011-03-16,28.06,29.37,28.0,29.16,70570224.0,1950304896.0,16311037955.0,0.004326531775273525
2011-03-17,28.95,30.53,28.61,29.37,82045056.0,2332568576.0,16311037955.0,0.005030032805168591
2011-03-18,30.14,30.28,29.37,29.69,43337548.0,1237111296.0,16311037955.0,0.002656946058219138
2011-03-21,29.86,30.54,29.28,29.57,40450056.0,1161797376.0,16311037955.0,0.0024799191879509054
2011-03-22,29.69,29.84,28.85,29.49,27519850.0,771875712.0,16311037955.0,0.001687191831440993
2011-03-23,29.59,30.25,29.38,30.07,29122372.0,834089536.0,16311037955.0,0.0017854395336670038
2011-03-24,30.15,30.28,29.74,29.78,22182460.0,636509696.0,16311037955.0,0.0013599661812570406
2011-03-25,29.85,30.85,29.6,30.53,56942104.0,1657875328.0,16311037955.0,0.0034910165838063613
2011-03-28,30.54,31.92,30.54,30.95,58359064.0,1746521344.0,16311037955.0,0.003577887818114638
2011-03-29,30.84,31.42,30.26,30.39,33736896.0,994958592.0,16311037955.0,0.002068347587264259
2011-03-30,30.42,30.88,29.86,30.31,30835798.0,892552960.0,16311037955.0,0.0018904865579414318
2011-03-31,30.28,30.91,30.02,30.43,20268024.0,590965824.0,16311037955.0,0.0012425956003484758
2011-04-01,30.63,31.17,29.83,30.98,37532496.0,1093944448.0,16311037955.0,0.002301048903420322
2011-04-06,30.83,31.58,30.7,31.18,50612828.0,1512827904.0,16311037955.0,0.003102980211292139
2011-04-07,31.25,31.46,30.92,30.99,21729520.0,646023424.0,16311037955.0,0.001332197255622167
2011-04-08,31.07,31.61,31.07,31.3,27725188.0,832692352.0,16311037955.0,0.0016997807298646556
2011-04-11,31.56,33.58,31.56,32.29,83570464.0,2620258304.0,16311037955.0,0.005123552788642873
2011-04-12,32.01,32.8,31.8,31.95,37313232.0,1152418048.0,16311037955.0,0.0022876062273254638
2011-04-13,31.69,32.56,31.17,32.44,37849032.0,1154397056.0,16311037955.0,0.0023204551484964035
2011-04-14,32.32,32.39,31.52,32.04,24074324.0,735211136.0,16311037955.0,0.0014759529139971278
2011-04-15,31.69,32.44,31.38,31.82,26244732.0,796923328.0,16311037955.0,0.001609016671557368
2011-04-18,31.54,32.5,31.36,32.15,25141242.0,769408000.0,16311037955.0,0.0015413637114548668
2011-04-19,31.8,31.8,30.65,30.67,31798396.0,947152512.0,16311037955.0,0.0019495016863873148
2011-04-20,31.08,31.22,30.74,30.78,23106112.0,683663616.0,16311037955.0,0.0014165936014462544
2011-04-21,31.17,31.58,30.98,31.53,17759820.0,532548896.0,16311037955.0,0.001088822185871739
2011-04-22,31.44,31.51,30.86,31.12,12789190.0,380481024.0,16311037955.0,0.0007840819226393616
2011-04-25,30.87,31.11,30.04,30.12,20062926.0,583459200.0,16311037955.0,0.0012300214158872638
2011-04-26,30.11,30.52,30.0,30.1,14987144.0,433029792.0,16311037955.0,0.0009188344752398683
2011-04-27,30.33,30.82,30.24,30.4,18566134.0,542038400.0,16311037955.0,0.0011382558272025063
2011-04-28,30.77,31.34,30.49,30.59,31237752.0,923898368.0,16311037955.0,0.0019151296248700318
2011-04-29,30.66,31.16,30.12,31.01,26424444.0,775185920.0,16311037955.0,0.001620034486640369
2011-05-03,30.94,31.38,30.7,31.18,19466942.0,579061760.0,16311037955.0,0.0011934827233991314
2011-05-04,30.83,30.83,29.13,29.41,40636216.0,1157411072.0,16311037955.0,0.0024913323181584126
2011-05-05,29.41,29.59,29.11,29.32,15633547.0,438399648.0,16311037955.0,0.000958464264697985
2011-05-06,28.56,29.32,28.17,28.86,28187870.0,771751488.0,16311037955.0,0.0017281469197586697
2011-05-09,28.87,29.38,28.81,29.07,16389585.0,455208736.0,16311037955.0,0.0010048155761280613
2011-05-10,29.24,29.63,29.2,29.37,12946781.0,364168352.0,16311037955.0,0.0007937435395416563
2011-05-11,29.62,29.64,29.08,29.28,10876213.0,305362688.0,16311037955.0,0.0006668007903608609
2011-05-12,28.87,29.16,28.57,28.73,11733789.0,322975616.0,16311037955.0,0.00071937721145472
2011-05-13,28.96,29.41,28.87,29.37,15914727.0,443796800.0,16311037955.0,0.0009757028978723874
2011-05-16,29.29,29.69,28.85,28.91,11652966.0,325833920.0,16311037955.0,0.0007144221006749537
2011-05-17,28.93,30.33,28.9,29.57,20743734.0,589093440.0,16311037955.0,0.0012717605131708494
2011-05-18,29.45,30.12,29.34,29.84,13517882.0,385426432.0,16311037955.0,0.000828756700664547
2011-05-19,29.97,30.2,29.54,29.66,11965708.0,341548000.0,16311037955.0,0.0007335957425279623
2011-05-20,29.68,29.95,29.47,29.82,9670941.0,274929568.0,16311037955.0,0.0005929077613994186
2011-05-23,29.72,29.94,28.85,28.89,12740045.0,357049280.0,16311037955.0,0.0007810689322867191
2011-05-24,28.68,29.16,28.68,28.84,12096415.0,334279904.0,16311037955.0,0.0007416091504030836
2011-05-25,28.82,29.17,28.35,28.6,12429404.0,342400064.0,16311037955.0,0.00076202409891333
2011-05-26,28.95,29.08,28.51,28.63,8355128.0,229621024.0,16311037955.0,0.0005122376652577657
2011-05-30,29.32,29.58,29.03,29.11,25084482.0,702742464.0,16311037955.0,0.0015378838593353024
2011-05-31,28.91,29.83,28.91,29.66,30469784.0,856166784.0,16311037955.0,0.0018680469068898073
2011-06-01,29.65,30.26,29.52,29.92,28692140.0,821573952.0,16311037955.0,0.0017590627941126633
2011-06-02,29.41,30.28,29.18,30.2,32685002.0,928879616.0,16311037955.0,0.0020038578838559268
2011-06-03,30.07,30.36,29.83,29.89,18461168.0,531149984.0,16311037955.0,0.0011318205531083874
2011-06-07,29.6,29.8,29.08,29.64,15768211.0,443190272.0,16311037955.0,0.0009667202690290105
2011-06-08,29.53,29.89,29.32,29.78,10729795.0,304513440.0,16311037955.0,0.0006578241697188179
2011-06-09,29.8,30.08,29.42,29.45,13886253.0,393975680.0,16311037955.0,0.0008513408550890715
2011-06-10,29.65,29.68,28.87,29.51,16071832.0,448359456.0,16311037955.0,0.0009853347190007197
2011-06-13,29.31,29.55,28.86,29.35,11030996.0,299373280.0,16311037955.0,0.0006762902539024837
2011-06-14,29.26,30.29,29.07,30.14,18868204.0,524477600.0,16311037955.0,0.0011567751881918786
2011-06-15,30.09,30.99,29.99,30.6,21398768.0,609957504.0,16311037955.0,0.0013119194535035953
2011-06-16,30.28,30.68,30.12,30.24,12060055.0,341472384.0,16311037955.0,0.0007393799850918194
2011-06-17,30.41,30.63,29.96,30.0,15922887.0,447962368.0,16311037955.0,0.0009762031725957074
2011-06-20,29.73,30.36,29.73,30.1,12390408.0,346897888.0,16311037955.0,0.0007596333252478169
2011-06-21,30.37,31.11,30.15,30.97,24310136.0,693904064.0,16311037955.0,0.0014904101178029538
2011-06-22,31.01,31.22,30.82,30.95,18198050.0,525171104.0,16311037955.0,0.0011156892682247456
2011-06-23,31.0,32.03,30.95,31.83,32887208.0,966432320.0,16311037955.0,0.002016254765069609
2011-06-24,31.59,32.29,31.57,31.84,33175856.0,987780288.0,16311037955.0,0.0020339512477089323
2011-06-27,31.86,32.05,31.54,31.86,19377140.0,573314688.0,16311037955.0,0.0011879771264991824
2011-06-28,31.96,31.96,31.16,31.71,14220562.0,417360064.0,16311037955.0,0.0008718367303927961
2011-06-29,31.75,32.13,31.4,31.53,16984544.0,502553472.0,16311037955.0,0.0010412914277348943
2011-06-30,31.57,32.85,31.57,32.39,33052704.0,998333120.0,16311037955.0,0.00202640102311012
2011-07-01,32.4,33.47,32.33,33.2,44784584.0,1380210432.0,16311037955.0,0.002745661197255181
2011-07-04,33.73,34.05,33.24,33.4,40744252.0,1272929792.0,16311037955.0,0.002497955808355545
2011-07-05,33.42,34.01,32.88,33.96,32942520.0,1022088960.0,16311037955.0,0.0020196458429490548
2011-07-06,34.33,34.9,33.32,33.4,63713868.0,2025480960.0,16311037955.0,0.0039061810888907345
2011-07-07,33.37,33.82,32.88,32.99,34369732.0,1065100928.0,16311037955.0,0.002107145608686679
2011-07-08,33.04,33.84,33.04,33.75,26061032.0,811265408.0,16311037955.0,0.0015977543594649798
2011-07-11,33.47,33.53,33.04,33.19,20687166.0,640437120.0,16311037955.0,0.0012682924322212454
2011-07-12,32.57,32.77,31.87,31.98,36011776.0,1080683520.0,16311037955.0,0.0022078163326792405
2011-07-13,32.08,32.86,32.08,32.54,24971964.0,755281408.0,16311037955.0,0.0015309855858894052
2011-07-14,32.77,33.51,32.54,32.67,26312266.0,809337856.0,16311037955.0,0.00161315705797461
2011-07-15,32.48,32.8,32.02,32.67,18583228.0,561386496.0,16311037955.0,0.0011393038291780493
2011-07-18,32.51,32.67,32.18,32.41,17508312.0,527167136.0,16311037955.0,0.0010734026889216443
2011-07-19,32.18,32.56,31.82,32.22,17257912.0,517821536.0,16311037955.0,0.00105805112143153
2011-07-20,32.46,32.6,31.57,31.84,15031521.0,447506432.0,16311037955.0,0.0009215551482051591
2011-07-21,31.98,32.12,31.53,31.57,11713664.0,345353248.0,16311037955.0,0.0007181433843950613
2011-07-22,31.78,32.51,31.78,32.22,21064604.0,632083584.0,16311037955.0,0.0012914324678855178
2011-07-25,32.03,32.61,31.81,31.9,23793980.0,710515200.0,16311037955.0,0.0014587655344585949
2011-07-26,31.93,32.02,31.16,31.86,12317537.0,363756992.0,16311037955.0,0.0007551657370905799
2011-07-27,31.53,32.43,31.36,32.25,14139101.0,422190976.0,16311037955.0,0.0008668425049961819
2011-07-28,31.84,32.88,31.79,32.67,25468788.0,771405760.0,16311037955.0,0.0015614449595583691
2011-07-29,32.53,32.73,31.71,31.9,16179798.0,484112832.0,16311037955.0,0.000991953917625471
2011-08-01,32.11,32.47,31.82,31.97,12787669.0,382381632.0,16311037955.0,0.000783988672902331
2011-08-02,31.73,31.97,31.27,31.88,14074400.0,413711168.0,16311037955.0,0.0008628758046440337
2011-08-03,31.43,32.22,31.39,31.7,12270741.0,363533792.0,16311037955.0,0.0007522967596454226
2011-08-04,31.7,32.08,31.64,31.81,8448782.0,250303248.0,16311037955.0,0.0005179794212550467
2011-08-05,30.64,31.17,30.52,30.93,30081700.0,862979008.0,16311037955.0,0.0018442541843744977
2011-08-08,30.46,30.93,29.23,29.45,29290662.0,816467712.0,16311037955.0,0.0017957570867537106
2011-08-09,28.26,29.5,27.91,29.44,37967256.0,1014629568.0,16311037955.0,0.0023277032463995635
2011-08-10,29.98,30.09,29.4,29.48,20643620.0,572744064.0,16311037955.0,0.0012656227063509399
2011-08-11,29.07,29.87,29.07,29.79,18211428.0,500882752.0,16311037955.0,0.0011165094490150121
2011-08-12,29.87,30.17,29.57,29.7,11753071.0,326762432.0,16311037955.0,0.0007205593557212712
2011-08-15,29.96,30.02,29.27,30.01,16361268.0,451893184.0,16311037955.0,0.0010030795124834225
2011-08-16,29.98,30.06,29.69,29.74,11120130.0,308818624.0,16311037955.0,0.0006817548969402788
2011-08-17,29.71,29.97,29.23,29.33,15829863.0,434411808.0,16311037955.0,0.0009705000407498592
2011-08-18,29.27,29.36,27.94,28.01,37116580.0,981461696.0,16311037955.0,0.0022755498517261588
2011-08-19,27.38,27.62,26.88,27.5,38225392.0,967500480.0,16311037955.0,0.002343529093946002
2011-08-22,27.32,27.67,26.86,27.12,17945280.0,455190752.0,16311037955.0,0.0011001924003554316
2011-08-23,27.33,27.62,26.94,27.52,13046773.0,330898144.0,16311037955.0,0.0007998738667639867
2011-08-24,27.77,27.94,27.43,27.51,16356868.0,422077568.0,16311037955.0,0.0010028097565051616
2011-08-25,27.63,29.12,27.54,28.97,27922860.0,739060096.0,16311037955.0,0.0017118996398043757
2011-08-26,28.77,29.01,28.64,28.84,14669287.0,393122080.0,16311037955.0,0.0008993472420621315
2011-08-29,28.77,28.84,28.37,28.54,17005712.0,452265984.0,16311037955.0,0.0010425891992230363
2011-08-30,28.91,29.4,28.58,28.67,16645814.0,448962176.0,16311037955.0,0.0010205245089811943
2011-08-31,28.7,28.99,28.3,28.96,13012262.0,347782528.0,16311037955.0,0.0007977580602717689
2011-09-01,28.98,29.33,28.78,28.93,10718230.0,289728576.0,16311037955.0,0.0006571151406532302
2011-09-02,28.91,29.05,28.27,28.45,9951932.0,264621504.0,16311037955.0,0.0006101348073283911
2011-09-05,28.07,28.1,27.28,27.54,17797792.0,456195424.0,16311037955.0,0.0010911501799641297
2011-09-06,27.13,27.62,26.97,27.56,12592934.0,319156576.0,16311037955.0,0.0007720498250781
2011-09-07,27.67,28.25,27.5,28.22,11672180.0,303693216.0,16311037955.0,0.0007156000759854771
2011-09-08,28.43,28.47,27.89,27.96,8556337.0,224036304.0,16311037955.0,0.0005245734222191012
2011-09-09,28.13,28.68,27.51,27.71,15195827.0,393386912.0,16311037955.0,0.000931628449515186
2011-09-13,27.38,27.57,27.19,27.38,7266922.0,184951920.0,16311037955.0,0.0004455217393306593
2011-09-14,27.62,27.69,26.96,27.55,11408661.0,289934944.0,16311037955.0,0.0006994442065229073
2011-09-15,27.52,27.69,27.29,27.29,9135035.0,233729664.0,16311037955.0,0.0005600523415617299
2011-09-16,27.51,27.94,27.41,27.65,14604944.0,376693888.0,16311037955.0,0.0008954024900373056
2011-09-19,27.4,27.46,27.03,27.07,12316592.0,311748864.0,16311037955.0,0.0007551078008634307
2011-09-20,26.98,27.46,26.98,27.23,10710115.0,270986624.0,16311037955.0,0.0006566176247978695
2011-09-21,27.19,28.83,27.15,28.57,24403672.0,642861632.0,16311037955.0,0.0014961446394353632
2011-09-22,28.15,28.29,27.56,27.61,16759550.0,435666784.0,16311037955.0,0.0010274974557865284
2011-09-23,27.08,27.92,26.95,27.79,17088802.0,433955936.0,16311037955.0,0.001047683295639784
2011-09-26,27.36,28.08,27.17,27.42,11896461.0,305265280.0,16311037955.0,0.0007293503352037292
2011-09-27,27.81,28.28,27.57,28.02,15972861.0,415357280.0,16311037955.0,0.0009792669874269812
2011-09-28,28.3,28.42,27.71,27.87,19718792.0,516428736.0,16311037955.0,0.0012089231877457183
2011-09-29,27.7,28.05,27.62,27.87,13942324.0,361839648.0,16311037955.0,0.0008547784658747672
2011-09-30,27.9,28.0,27.07,27.23,21639340.0,550275840.0,16311037955.0,0.001326668484231358
2011-10-10,27.34,27.56,27.08,27.15,9647341.0,245278976.0,16311037955.0,0.0005914608884251106
2011-10-11,27.92,28.05,25.36,26.02,35247836.0,872503040.0,16311037955.0,0.0021609805640354788
2011-10-12,25.81,27.08,25.34,26.81,28870320.0,706269696.0,16311037955.0,0.0017699866850686878
2011-10-13,26.75,27.03,26.47,26.96,16985886.0,423290272.0,16311037955.0,0.0010413737033082638
2011-10-14,26.97,27.27,26.83,27.13,10195171.0,256931136.0,16311037955.0,0.0006250473469638861
2011-10-17,27.29,27.97,27.29,27.66,16473564.0,424625472.0,16311037955.0,0.001009964175514053
2011-10-18,27.43,27.62,26.82,26.9,9460590.0,239001840.0,16311037955.0,0.0005800115250850694
2011-10-19,27.11,27.43,26.97,27.12,11979929.0,303360544.0,16311037955.0,0.0007344676061113365
2011-10-20,26.9,27.07,26.02,26.57,17112086.0,422246432.0,16311037955.0,0.0010491107952301985
2011-10-21,26.58,26.75,26.11,26.36,6739595.0,165635648.0,16311037955.0,0.0004131922823424023
2011-10-24,26.54,27.48,26.39,27.24,12737169.0,320073920.0,16311037955.0,0.0007808926099700195
2011-10-25,27.38,28.22,27.13,27.97,19352212.0,499447520.0,16311037955.0,0.0011864488362659813
2011-10-26,27.83,28.48,27.83,28.08,22104498.0,579982080.0,16311037955.0,0.0013551864731713207
2011-10-27,28.14,28.43,27.96,28.37,14287456.0,376118784.0,16311037955.0,0.0008759378795768365
2011-10-28,28.78,29.63,28.78,29.24,30056156.0,818720000.0,16311037955.0,0.0018426881283043401
2011-10-31,29.33,29.35,28.82,28.99,11262954.0,304328832.0,16311037955.0,0.0006905111759946241
2011-11-01,28.69,29.16,28.55,28.81,14768679.0,396844608.0,16311037955.0,0.0009054407843783354
2011-11-02,28.42,29.33,28.25,29.24,15032203.0,400832224.0,16311037955.0,0.0009215969603817895
2011-11-03,29.26,29.58,29.16,29.25,22700746.0,619805632.0,16311037955.0,0.0013917413510181485
2011-11-04,29.55,29.68,29.2,29.3,16541425.0,453209312.0,16311037955.0,0.001014124609705134
2011-11-07,29.01,29.5,28.86,29.2,10989644.0,298831872.0,16311037955.0,0.0006737550381722473
2011-11-08,29.36,29.72,29.2,29.49,14715938.0,404239936.0,16311037955.0,0.0009022073298216416
2011-11-09,29.65,29.92,29.31,29.65,12654928.0,348197568.0,16311037955.0,0.0007758505641954408
2011-11-10,29.31,29.43,28.91,28.96,11007710.0,298988160.0,16311037955.0,0.0006748626316957154
2011-11-11,29.23,29.34,28.9,29.07,7311350.0,198341712.0,16311037955.0,0.0004482455390129708
2011-11-14,29.41,30.28,29.35,30.26,27002228.0,752769344.0,16311037955.0,0.0016554573703093317
2011-11-15,30.24,31.02,30.13,30.56,23450394.0,668272256.0,16311037955.0,0.001437700903197978
2011-11-16,30.54,30.6,29.25,29.45,18061936.0,500690880.0,16311037955.0,0.0011073443670372477
2011-11-17,29.58,29.77,29.21,29.43,10082650.0,276700128.0,16311037955.0,0.0006181488895934581
2011-11-18,29.16,29.21,28.27,28.62,13834695.0,369720256.0,16311037955.0,0.0008481799281056237
2011-11-21,28.62,28.69,27.7,28.18,20406974.0,533323328.0,16311037955.0,0.001251114371525598
2011-11-22,27.89,28.2,27.61,28.0,11810349.0,306739808.0,16311037955.0,0.000724070965476458
2011-11-23,28.1,28.14,27.28,27.49,16437984.0,422360768.0,16311037955.0,0.0010077828305807533
2011-11-24,27.24,27.79,27.18,27.7,12760779.0,326647552.0,16311037955.0,0.0007823400960260962
2011-11-25,27.58,27.77,27.33,27.46,8497392.0,217604544.0,16311037955.0,0.0005209596117330597
2011-11-28,27.62,28.0,27.51,27.73,8633981.0,223131728.0,16311037955.0,0.0005293336343045742
2011-11-29,28.05,28.21,27.75,28.1,8868632.0,230924464.0,16311037955.0,0.0005437196593170456
2011-11-30,27.91,28.02,27.1,27.28,16727208.0,425753568.0,16311037955.0,0.0010255146267299578
2011-12-01,27.95,28.58,27.87,27.99,23071652.0,605652928.0,16311037955.0,0.0014144809216710575
2011-12-02,27.86,27.97,27.4,27.52,8921139.0,229319152.0,16311037955.0,0.00054693876776035
2011-12-05,27.61,27.83,27.29,27.46,9919607.0,254519104.0,16311037955.0,0.0006081530205108275
2011-12-06,27.43,27.67,27.14,27.51,11428163.0,291443840.0,16311037955.0,0.0007006398385883715
2011-12-07,27.51,27.76,27.37,27.68,8337270.0,213820336.0,16311037955.0,0.0005111428238350881
2011-12-08,27.61,27.92,27.39,27.69,7962468.0,204422144.0,16311037955.0,0.00048816439652506465
2011-12-09,27.53,27.62,27.3,27.41,8417618.0,215103104.0,16311037955.0,0.0005160688132308377
2011-12-12,27.4,27.4,27.03,27.13,7535566.0,190534144.0,16311037955.0,0.00046199181319972596
2011-12-13,27.09,27.24,26.84,26.89,12166768.0,306469440.0,16311037955.0,0.0007459223645709431
2011-12-14,26.91,27.05,26.7,26.76,6910838.0,172884080.0,16311037955.0,0.0004236908784754281
2011-12-15,26.49,26.69,25.68,25.84,12167168.0,294454496.0,16311037955.0,0.0007459468878416941
2011-12-16,25.96,26.38,25.78,26.27,9209744.0,222743616.0,16311037955.0,0.0005646326141480676
2011-12-19,26.0,26.32,25.36,26.17,9067173.0,216684496.0,16311037955.0,0.0005558918460624721
2011-12-20,26.06,26.53,25.83,26.07,9899506.0,241047664.0,16311037955.0,0.0006069206648474137
2011-12-21,26.43,26.53,26.0,26.05,9378965.0,229861024.0,16311037955.0,0.0005750072451474471
2011-12-22,25.8,26.55,25.8,26.42,10004061.0,244617328.0,16311037955.0,0.0006133307412808359
2011-12-23,26.37,26.92,26.37,26.76,9866744.0,245151456.0,16311037955.0,0.0006049120863565546
2011-12-26,26.6,26.81,26.31,26.38,4680499.0,115374496.0,16311037955.0,0.00028695286056674497
2011-12-27,26.53,26.79,26.31,26.33,5891921.0,145189472.0,16311037955.0,0.00036122293481598365
2011-12-28,26.35,26.69,25.96,26.5,8870791.0,217024208.0,16311037955.0,0.000543852023670924
2011-12-29,26.41,26.81,26.33,26.77,8163116.0,201893152.0,16311037955.0,0.000500465759599172
2011-12-30,26.78,27.29,26.7,27.22,8476976.0,212641056.0,16311037955.0,0.0005197079439939296
2012-01-04,27.38,27.53,26.27,26.43,12125625.0,304078368.0,16311037955.0,0.000743399962249674
2012-01-05,26.31,26.71,26.0,26.1,10113656.0,247970640.0,16311037955.0,0.0006200498109257205
2012-01-06,26.12,26.27,25.89,26.08,7806934.0,189508384.0,16311037955.0,0.0004786288905426068
2012-01-09,26.1,28.0,25.92,27.95,30466962.0,772634496.0,16311037955.0,0.0018678738952146593
2012-01-10,28.05,28.91,27.84,28.76,28340378.0,750352640.0,16311037955.0,0.0017374969071978963
2012-01-11,28.69,28.98,28.29,28.47,19943136.0,530920832.0,16311037955.0,0.0012226773093791136
2012-01-12,28.36,29.0,28.19,28.47,14431278.0,385026976.0,16311037955.0,0.0008847553441917057
2012-01-13,28.68,28.77,28.08,28.29,14746818.0,389753664.0,16311037955.0,0.0009041005263236174
2012-01-16,28.05,28.62,27.83,27.96,14249917.0,374818144.0,16311037955.0,0.0008736364319250338
2012-01-17,27.98,29.65,27.62,29.42,24851500.0,665417984.0,16311037955.0,0.0015236001576700395
2012-01-18,29.23,29.55,28.78,28.88,16064930.0,434226560.0,16311037955.0,0.0009849115699639116
2012-01-19,28.99,29.53,28.74,29.12,14667617.0,398202176.0,16311037955.0,0.0008992448574067462
2012-01-20,29.24,29.92,29.09,29.53,16165586.0,444645632.0,16311037955.0,0.0009910826058156885
2012-01-30,29.54,29.58,28.59,28.67,11671444.0,315042304.0,16311037955.0,0.0007155549531672953
2012-01-31,28.9,29.02,28.61,28.85,12813487.0,343277472.0,16311037955.0,0.000785571527412953
2012-02-01,28.8,29.27,28.49,28.55,10947546.0,294343104.0,16311037955.0,0.0006711740865420603
2012-02-02,28.77,29.3,28.62,29.27,14257528.0,384824832.0,16311037955.0,0.0008741030484592481
2012-02-03,29.12,29.5,28.99,29.39,9621688.0,261838128.0,16311037955.0,0.0005898881497636734
2012-02-06,29.55,29.91,29.08,29.39,15068496.0,414963296.0,16311037955.0,0.000923822018045203
2012-02-07,29.15,29.31,28.69,28.9,10764570.0,289833952.0,16311037955.0,0.0006599561615697313
2012-02-08,28.92,30.15,28.85,29.69,20449854.0,561660352.0,16311037955.0,0.0012537432661501031
2012-02-09,29.58,29.73,29.4,29.58,16000538.0,440138944.0,16311037955.0,0.0009809638138384186
2012-02-10,29.34,29.73,29.19,29.5,12912172.0,354101024.0,16311037955.0,0.0007916217248481046
2012-02-13,29.27,29.68,29.04,29.16,11635826.0,317010464.0,16311037955.0,0.0007133712785232741
2012-02-14,29.28,29.28,28.93,29.16,10560302.0,285534016.0,16311037955.0,0.0006474328628953277
2012-02-15,29.14,29.45,28.96,29.35,12617476.0,343714656.0,16311037955.0,0.0007735544503550265
2012-02-16,29.23,29.27,28.91,29.13,12635262.0,341684320.0,16311037955.0,0.0007746448775889688
2012-02-17,29.35,29.41,28.96,29.11,10152602.0,275523552.0,16311037955.0,0.0006224375191823898
2012-02-20,29.36,29.65,29.2,29.25,15566884.0,425733504.0,16311037955.0,0.0009543772777028033
2012-02-21,29.34,29.42,29.05,29.39,9140309.0,249155040.0,16311037955.0,0.0005603756808865816
2012-02-22,29.39,29.66,29.2,29.62,15318038.0,420339904.0,16311037955.0,0.0009391209831195565
2012-02-23,29.59,29.96,29.48,29.83,16885300.0,467851232.0,16311037955.0,0.0010352069590288684
2012-02-24,29.93,30.5,29.83,30.22,23662616.0,664395904.0,16311037955.0,0.001450711847111265
2012-02-27,30.38,30.79,30.09,30.1,21173368.0,598720832.0,16311037955.0,0.0012981005904354173
2012-02-28,30.09,30.32,29.84,29.99,16957318.0,473408224.0,16311037955.0,0.0010396222513112288
2012-02-29,29.94,29.94,29.55,29.65,12221892.0,337993408.0,16311037955.0,0.0007493019165131359
2012-03-01,29.57,29.7,29.49,29.55,10051510.0,276725952.0,16311037955.0,0.0006162397529654942
2012-03-02,29.71,30.15,29.69,29.88,15256660.0,424974144.0,16311037955.0,0.0009353580098391721
2012-03-05,29.92,30.27,29.64,29.71,14099250.0,393161312.0,16311037955.0,0.0008643993128394385
2012-03-06,29.66,29.79,28.85,28.9,15970292.0,434084480.0,16311037955.0,0.000979109486720583
2012-03-07,28.64,28.91,28.42,28.51,14016248.0,374394912.0,16311037955.0,0.000859310611542256
2012-03-08,28.69,28.88,28.57,28.73,10971905.0,293360096.0,16311037955.0,0.0006726674924226181
2012-03-09,28.88,29.22,28.8,29.09,18005572.0,486108352.0,16311037955.0,0.001103888792955727
2012-03-12,29.2,29.2,28.5,28.77,15045566.0,402544000.0,16311037955.0,0.000922416221549403
2012-03-13,28.73,29.23,28.54,29.17,17132120.0,461228480.0,16311037955.0,0.0010503390432457613
2012-03-14,29.24,29.34,28.05,28.32,30595308.0,820303360.0,16311037955.0,0.0018757425544841729
2012-03-15,28.38,28.68,27.91,28.13,15614373.0,411310240.0,16311037955.0,0.0009572887417145367
2012-03-16,28.14,28.37,27.75,28.26,14662852.0,384077312.0,16311037955.0,0.0008989527239439252
2012-03-19,28.08,28.32,27.92,28.24,13910563.0,364435136.0,16311037955.0,0.0008528312568689624
2012-03-20,28.37,28.56,27.92,27.96,18934130.0,496848064.0,16311037955.0,0.0011608169910607017
2012-03-21,28.11,28.43,27.96,28.25,13445829.0,352734208.0,16311037955.0,0.0008243392625959958
2012-03-22,28.3,28.34,27.97,28.05,8289061.0,216902784.0,16311037955.0,0.0005081872179360029
2012-03-23,28.05,28.15,27.73,27.84,8962437.0,232680256.0,16311037955.0,0.0005494706728490351
2012-03-26,27.94,28.19,27.83,28.14,12588471.0,328288128.0,16311037955.0,0.0007717762066846959
2012-03-27,28.28,28.33,28.14,28.21,7145796.0,187771136.0,16311037955.0,0.00043809572509820083
2012-03-28,28.05,28.25,27.27,27.39,12909151.0,332938848.0,16311037955.0,0.0007914365128457578
2012-03-29,27.4,27.55,27.08,27.14,10145317.0,258182432.0,16311037955.0,0.0006219908891138376
2012-03-30,27.19,27.66,27.18,27.52,13316435.0,339922656.0,16311037955.0,0.0008164063523571146
2012-04-05,27.35,27.94,27.09,27.84,15779510.0,403965312.0,16311037955.0,0.0009674129901195488
2012-04-06,27.73,28.01,27.49,27.95,12862124.0,332216224.0,16311037955.0,0.0007885533732117418
2012-04-09,27.62,27.71,27.4,27.42,10958807.0,280601088.0,16311037955.0,0.0006718644779218773
2012-04-10,27.42,27.67,27.21,27.63,7177390.0,183501376.0,16311037955.0,0.0004400326956384671
2012-04-11,27.42,27.77,27.29,27.56,7637925.0,195478240.0,16311037955.0,0.0004682672568767252
2012-04-12,27.57,28.28,27.53,28.2,19210948.0,501544576.0,16311037955.0,0.0011777881979675646
2012-04-13,28.21,28.56,28.11,28.42,14307695.0,376848768.0,16311037955.0,0.0008771786957686593
2012-04-16,28.26,28.53,28.1,28.34,9181733.0,242088928.0,16311037955.0,0.0005629153108055532
2012-04-17,28.29,28.36,27.73,27.84,11412653.0,297377760.0,16311037955.0,0.0006996889487650022
2012-04-18,27.93,28.58,27.82,28.51,15319079.0,404132000.0,16311037955.0,0.0009391848049316859
2012-04-19,28.51,28.83,28.4,28.63,13051084.0,348333920.0,16311037955.0,0.0008001381663145054
2012-04-20,28.68,28.84,28.49,28.73,10429889.0,278517184.0,16311037955.0,0.0006394374796242083
2012-04-23,28.7,28.73,28.33,28.37,11217706.0,297571264.0,16311037955.0,0.0006877371036072732
2012-04-24,28.39,29.09,27.94,28.4,20406518.0,539136832.0,16311037955.0,0.001251086414996942
2012-04-25,28.32,28.79,28.22,28.58,14433505.0,383761184.0,16311037955.0,0.0008848918775016118
2012-04-26,28.62,28.97,28.47,28.81,14263274.0,381575776.0,16311037955.0,0.000874455325243586
2012-04-27,28.74,28.99,28.63,28.9,11800962.0,316651680.0,16311037955.0,0.0007234954656201093
2012-05-02,29.17,29.98,28.99,29.68,35489560.0,974964096.0,16311037955.0,0.002175800221783004
2012-05-03,29.66,29.87,29.45,29.59,23220968.0,641512512.0,16311037955.0,0.0014236352134096913
2012-05-04,29.55,29.87,29.34,29.77,18975728.0,523540736.0,16311037955.0,0.0011633672886024499
2012-05-07,29.59,29.59,29.06,29.33,32543770.0,886192960.0,16311037955.0,0.00199519920741917
2012-05-08,29.29,29.51,29.12,29.33,18224868.0,496979104.0,16311037955.0,0.001117333430912245
2012-05-09,29.14,29.19,28.78,28.97,16263138.0,437996064.0,16311037955.0,0.000997063341086438
2012-05-10,28.94,29.05,28.77,28.92,8094944.0,217814368.0,16311037955.0,0.0004962862585650822
2012-05-11,28.83,29.0,28.44,28.47,13882353.0,370583712.0,16311037955.0,0.0008511017531992494
2012-05-14,28.62,28.68,28.19,28.23,13235428.0,349728288.0,16311037955.0,0.0008114399608728027
2012-05-15,27.99,28.12,27.81,27.89,18583722.0,482738656.0,16311037955.0,0.0011393341154174268
2012-05-16,27.82,27.86,27.56,27.58,12430494.0,320447840.0,16311037955.0,0.0007620909248261265
2012-05-17,27.61,28.01,27.61,27.94,9007386.0,233526336.0,16311037955.0,0.0005522264140914998
2012-05-18,27.77,27.83,27.46,27.55,10250811.0,263421904.0,16311037955.0,0.0006284585339253477
2012-05-21,27.58,28.16,27.57,27.94,13227933.0,343372640.0,16311037955.0,0.0008109804560871062
2012-05-22,28.13,28.43,27.92,28.22,18403896.0,483067840.0,16311037955.0,0.001128309311202262
2012-05-23,28.08,28.2,27.78,27.86,8620367.0,224629952.0,16311037955.0,0.0005284989847845645
2012-05-24,28.04,28.48,27.85,27.92,17466284.0,458088640.0,16311037955.0,0.0010708260288638388
2012-05-28,27.56,28.37,27.52,28.3,16618769.0,434482016.0,16311037955.0,0.0010188664293375436
2012-05-29,28.32,28.79,28.3,28.66,15589091.0,414478880.0,16311037955.0,0.0009557387483867209
2012-05-30,28.69,28.73,28.25,28.4,9694747.0,256586592.0,16311037955.0,0.0005943672638581632
2012-05-31,28.1,28.21,27.85,27.95,14327484.0,372907840.0,16311037955.0,0.0008783919232808872
2012-06-01,27.95,28.2,27.62,27.82,11568344.0,300206016.0,16311037955.0,0.0007092340801312298
2012-06-04,27.48,27.48,27.05,27.09,23553494.0,595895360.0,16311037955.0,0.0014440217762340434
2012-06-05,27.14,27.62,27.13,27.27,16811556.0,427924608.0,16311037955.0,0.0010306858488332174
2012-06-06,27.26,27.39,26.83,26.91,14065804.0,353685152.0,16311037955.0,0.0008623487995555952
2012-06-07,27.08,27.17,26.6,26.68,17381012.0,434200896.0,16311037955.0,0.0010655981580051446
2012-06-08,26.86,26.9,26.57,26.75,15487157.0,385128608.0,16311037955.0,0.0009494893606848946
2012-06-11,26.9,27.04,26.42,26.96,10840225.0,259669136.0,16311037955.0,0.0006645944316913951
2012-06-12,26.7,26.74,26.24,26.3,9773728.0,231358816.0,16311037955.0,0.0005992094449761213
2012-06-13,26.46,26.52,26.07,26.51,12042311.0,283781856.0,16311037955.0,0.0007382921328013059
2012-06-14,26.3,26.38,26.03,26.19,11043801.0,259163424.0,16311037955.0,0.0006770753051073996
2012-06-15,26.28,26.56,26.03,26.55,13237929.0,312398688.0,16311037955.0,0.0008115932926231732
2012-06-18,26.6,27.04,26.53,26.82,14251744.0,342455648.0,16311037955.0,0.0008737484419641889
2012-06-19,26.76,26.86,26.58,26.6,6310132.0,151102640.0,16311037955.0,0.0003868626887760804
2012-06-20,26.67,26.86,26.53,26.67,5900237.0,141331488.0,16311037955.0,0.00036173277361489656
2012-06-21,26.55,26.56,26.03,26.07,9632917.0,226075520.0,16311037955.0,0.0005905765792818303
2012-06-25,25.87,25.89,25.2,25.21,18302024.0,418947136.0,16311037955.0,0.0011220637246074018
2012-06-26,25.14,25.14,24.71,25.03,12074490.0,270419008.0,16311037955.0,0.0007402649686250454
2012-06-27,24.95,25.08,24.74,24.83,8582691.0,191502896.0,16311037955.0,0.0005261891379125296
2012-06-28,24.83,24.96,24.55,24.58,8456564.0,187279152.0,16311037955.0,0.000518456521487507
2012-06-29,24.51,25.12,24.39,25.06,11188512.0,249034128.0,16311037955.0,0.0006859472726915128
2012-07-02,25.51,25.51,24.47,24.65,18135496.0,403617504.0,16311037955.0,0.0011118541965283533
2012-07-03,24.75,24.82,24.3,24.65,14160274.0,312183616.0,16311037955.0,0.0008681405830252082
2012-07-04,24.77,25.08,24.77,24.96,17554968.0,392525248.0,16311037955.0,0.001076263083222039
2012-07-05,24.77,24.97,24.35,24.74,11490484.0,253220448.0,16311037955.0,0.0007044606254795513
2012-07-06,24.75,25.36,24.68,25.2,11844611.0,265353904.0,16311037955.0,0.0007261715062326332
2012-07-09,24.93,25.26,24.33,24.37,15979609.0,354184128.0,16311037955.0,0.0009796806950045504
2012-07-10,24.37,24.52,24.2,24.35,7958599.0,173737200.0,16311037955.0,0.0004879271951887258
2012-07-11,24.3,24.67,24.24,24.64,8032163.0,176345840.0,16311037955.0,0.0004924372699125388
2012-07-12,24.53,25.75,24.39,25.44,25740410.0,582628352.0,16311037955.0,0.001578097609178177
2012-07-13,25.42,25.55,25.06,25.23,9555784.0,216597600.0,16311037955.0,0.0005858476956747417
2012-07-16,25.21,25.36,25.06,25.08,8101599.0,182997760.0,16311037955.0,0.0004966942644822017
2012-07-17,25.11,25.48,25.11,25.32,9675757.0,219616720.0,16311037955.0,0.0005932030215792603
2012-07-18,25.31,25.48,24.97,25.41,7948469.0,180432144.0,16311037955.0,0.0004873061433569572
2012-07-19,25.36,25.49,25.24,25.25,6746460.0,153670480.0,16311037955.0,0.00041361316297666603
2012-07-20,25.26,25.31,24.8,24.81,6652332.0,149054384.0,16311037955.0,0.00040784234690354506
2012-07-23,24.66,24.68,24.4,24.48,4744299.0,104451368.0,16311037955.0,0.0002908643222515265
2012-07-24,24.46,24.64,24.39,24.49,6627804.0,145682912.0,16311037955.0,0.0004063385799410949
2012-07-25,24.51,24.53,24.17,24.17,6089828.0,132694616.0,16311037955.0,0.0003733562521772699
2012-07-26,24.17,24.3,24.07,24.15,6629480.0,143572272.0,16311037955.0,0.0004064413324455415
2012-07-27,24.2,24.43,24.1,24.2,11547120.0,250982176.0,16311037955.0,0.0007079328753851827
2012-07-30,24.19,24.74,24.19,24.51,10712632.0,236080224.0,16311037955.0,0.0006567719374790702
2012-07-31,24.55,24.85,24.47,24.72,8198207.0,181389728.0,16311037955.0,0.0005026171248339787
2012-08-01,24.86,25.05,24.64,24.88,6425101.0,143268928.0,16311037955.0,0.0003939112285635044
2012-08-02,24.86,24.92,24.51,24.58,7654119.0,169625184.0,16311037955.0,0.0004692600814930787
2012-08-03,24.55,25.2,24.55,25.03,8978947.0,200552160.0,16311037955.0,0.0005504828708492819
2012-08-06,24.97,25.45,24.97,25.27,11536701.0,261541680.0,16311037955.0,0.0007072941054902965
2012-08-07,25.23,25.39,25.05,25.27,6140673.0,138935632.0,16311037955.0,0.000376473466430604
2012-08-08,25.36,25.58,25.24,25.29,8637074.0,196591808.0,16311037955.0,0.0005295232604956561
2012-08-09,25.27,25.41,25.15,25.36,6017770.0,136569440.0,16311037955.0,0.0003689385075678343
2012-08-10,25.29,25.36,24.95,25.07,7495223.0,169041792.0,16311037955.0,0.00045951845741995886
2012-08-13,25.05,25.25,24.74,24.93,8113520.0,182145840.0,16311037955.0,0.0004974251192587578
2012-08-14,24.95,25.25,24.9,25.12,5064182.0,114030272.0,16311037955.0,0.000310475765795617
2012-08-15,25.06,25.13,24.61,24.73,5502415.0,122495264.0,16311037955.0,0.0003373430320731542
2012-08-16,24.77,24.8,24.62,24.67,2762447.0,61217776.0,16311037955.0,0.00016936058929059122
2012-08-17,24.66,24.78,24.59,24.69,5277635.0,116891400.0,16311037955.0,0.00032356218007464015
2012-08-20,24.56,24.69,24.39,24.64,4640729.0,102071824.0,16311037955.0,0.00028451463437232863
2012-08-21,24.62,24.85,24.53,24.69,5021406.0,111185000.0,16311037955.0,0.00030785324722150707
2012-08-22,24.67,24.78,24.48,24.66,5041644.0,111492624.0,16311037955.0,0.00030909400210515296
2012-08-23,24.72,24.95,24.67,24.86,6247935.0,139157952.0,16311037955.0,0.0003830495040988334
2012-08-24,24.81,24.92,24.42,24.45,5891473.0,130087296.0,16311037955.0,0.00036119546875274254
2012-08-27,24.58,24.64,23.78,23.81,9085796.0,196615776.0,16311037955.0,0.000557033588240461
2012-08-28,23.78,24.28,23.75,23.99,6273851.0,135138160.0,16311037955.0,0.0003846383668107895
2012-08-29,23.91,24.34,23.81,23.89,7579221.0,163573024.0,16311037955.0,0.0004646682216613112
2012-08-30,23.62,24.08,23.62,24.01,6254935.0,134440576.0,16311037955.0,0.0003834786613369756
2012-08-31,23.95,24.4,23.64,23.91,7931639.0,171726512.0,16311037955.0,0.00048627432674010966
2012-09-03,24.01,24.36,23.95,24.1,8323051.0,180056848.0,16311037955.0,0.0005102710828680675
2012-09-04,24.08,24.32,23.74,23.9,8247919.0,177038672.0,16311037955.0,0.0005056648769229107
2012-09-05,23.76,23.9,23.33,23.46,7472400.0,157634688.0,16311037955.0,0.0004581192208990847
2012-09-06,23.69,23.97,23.64,23.97,8342187.0,178142064.0,16311037955.0,0.0005114442761407945
2012-09-07,24.15,25.75,24.07,25.08,28526724.0,638876608.0,16311037955.0,0.0017489214407263023
2012-09-10,25.14,25.36,24.97,25.14,11208126.0,252698848.0,16311037955.0,0.0006871497712727871
2012-09-11,25.05,25.05,24.59,24.96,6680563.0,148484608.0,16311037955.0,0.0004095731380449724
2012-09-12,25.17,25.31,24.76,25.2,8755026.0,197364656.0,16311037955.0,0.0005367546825747056
2012-09-13,25.14,25.34,25.08,25.12,7179438.0,162571040.0,16311037955.0,0.0004401582547847121
2012-09-14,25.52,25.81,25.26,25.61,20898948.0,479537792.0,16311037955.0,0.0012812764005367065
2012-09-17,25.59,25.59,24.95,24.96,9724452.0,220420960.0,16311037955.0,0.000596188423252308
2012-09-18,24.94,24.95,24.47,24.49,6936774.0,153102944.0,16311037955.0,0.00042528096735092174
2012-09-19,24.35,24.51,24.15,24.42,8064427.0,175821840.0,16311037955.0,0.000494415316931313
2012-09-20,24.3,24.32,23.68,23.72,7853947.0,168618656.0,16311037955.0,0.00048151117186214654
2012-09-21,23.72,24.27,23.7,24.1,7303615.0,157425280.0,16311037955.0,0.0004477713202648237
2012-09-24,23.87,24.43,23.55,24.23,7222881.0,155284784.0,16311037955.0,0.00044282166591279933
2012-09-25,24.08,24.38,23.98,24.32,6606454.0,143614544.0,16311037955.0,0.00040502965036476123
2012-09-26,24.32,24.43,24.12,24.2,6605022.0,143781216.0,16311037955.0,0.00040494185705547273
2012-09-27,24.17,25.59,24.1,25.1,14922706.0,334017248.0,16311037955.0,0.000914883898938239
2012-09-28,24.73,25.73,24.73,25.65,23733824.0,542318656.0,16311037955.0,0.0014550774797703547
2012-10-08,25.59,25.73,25.0,25.25,7077080.0,160493600.0,16311037955.0,0.0004338828724158897
2012-10-09,25.42,26.04,25.39,25.63,13257488.0,306523264.0,16311037955.0,0.0008127924192547194
2012-10-10,25.61,25.75,25.51,25.58,5388575.0,123634312.0,16311037955.0,0.0003303637092174248
2012-10-11,25.49,25.53,25.19,25.3,7596480.0,172767168.0,16311037955.0,0.0004657263394860392
2012-10-12,25.42,25.69,25.13,25.5,7922164.0,180747296.0,16311037955.0,0.0004856934317641958
2012-10-15,25.41,25.55,25.2,25.39,4118178.0,93507496.0,16311037955.0,0.0002524779852368384
2012-10-16,25.42,25.55,25.07,25.21,7068681.0,160344944.0,16311037955.0,0.000433367945038296
2012-10-17,25.3,25.93,25.08,25.64,15793634.0,361375776.0,16311037955.0,0.0009682789068097659
2012-10-18,25.69,26.18,25.69,26.13,16889158.0,394482880.0,16311037955.0,0.0010354434859752614
2012-10-19,26.04,26.28,25.95,25.98,6355826.0,148790736.0,16311037955.0,0.0003896641046103188
2012-10-22,25.92,26.34,25.81,26.23,8535196.0,199838512.0,16311037955.0,0.000523277306051735
2012-10-23,26.18,26.24,25.75,25.83,5638310.0,131273584.0,16311037955.0,0.0003456745067699157
2012-10-24,25.63,26.02,25.59,25.94,5595140.0,129810456.0,16311037955.0,0.0003430278327741161
2012-10-25,25.89,26.01,25.66,25.79,4831127.0,112234424.0,16311037955.0,0.00029618758863344207
2012-10-26,25.84,25.94,25.35,25.42,7052093.0,161736096.0,16311037955.0,0.0004323509650002528
2012-10-29,25.36,25.63,25.05,25.2,5662037.0,128615056.0,16311037955.0,0.0003471291658826871
2012-10-30,25.25,25.66,25.2,25.41,5883023.0,134271408.0,16311037955.0,0.00036067741465812804
2012-10-31,25.37,25.72,25.31,25.64,6031716.0,138464368.0,16311037955.0,0.00036979351140256725
2012-11-01,25.65,26.2,25.64,25.93,6255859.0,145715888.0,16311037955.0,0.00038353531009241036
2012-11-02,25.98,26.18,25.87,26.01,6117425.0,142722208.0,16311037955.0,0.0003750481739345569
2012-11-05,26.0,26.4,25.98,26.05,8008797.0,188203424.0,16311037955.0,0.0004910047430516202
2012-11-06,26.05,26.16,25.54,25.93,5930988.0,137173840.0,16311037955.0,0.0003636180613620551
2012-11-07,25.93,26.08,25.63,25.84,3783949.0,87606080.0,16311037955.0,0.0002319870145872639
2012-11-08,25.63,25.72,25.17,25.25,5748246.0,131019784.0,16311037955.0,0.0003524144825031155
2012-11-09,25.29,25.35,25.15,25.27,3329457.0,75402888.0,16311037955.0,0.00020412293866187622
2012-11-12,25.35,25.58,25.26,25.43,3633780.0,82900736.0,16311037955.0,0.00022278042697375356
2012-11-13,25.5,25.5,24.98,24.98,4247360.0,95787184.0,16311037955.0,0.00026039789814222156
2012-11-14,25.0,25.25,24.98,25.2,3629784.0,81784904.0,16311037955.0,0.00022253543949895125
2012-11-15,25.04,25.14,24.61,24.65,4484091.0,100092072.0,16311037955.0,0.00027491144416259806
2012-11-16,24.61,24.75,24.04,24.22,5506716.0,120016736.0,16311037955.0,0.0003376067185419041
2012-11-19,24.2,24.37,24.17,24.24,3427027.0,74553824.0,16311037955.0,0.00021010477747980937
2012-11-20,24.33,24.4,23.81,23.83,5361191.0,115764392.0,16311037955.0,0.0003286848461018127
2012-11-21,23.86,24.27,23.78,24.17,5358938.0,115278328.0,16311037955.0,0.00032854671877930776
2012-11-22,24.07,24.19,23.83,23.98,5192426.0,111855888.0,16311037955.0,0.0003183381716310892
2012-11-23,24.15,24.35,23.97,24.23,8766738.0,190174496.0,16311037955.0,0.0005374727239422943
2012-11-26,24.14,24.28,23.99,24.09,5043362.0,109297072.0,16311037955.0,0.00030919932955302844
2012-11-27,23.97,24.29,23.84,24.1,7461750.0,161759600.0,16311037955.0,0.0004574662888153398
2012-11-28,24.07,24.24,23.99,24.24,8144329.0,176134544.0,16311037955.0,0.0004993139628801753
2012-11-29,24.24,24.36,24.05,24.18,6059087.0,131784944.0,16311037955.0,0.00037147157751188007
2012-11-30,24.16,24.42,24.06,24.23,7232926.0,156928272.0,16311037955.0,0.00044343750654953336
2012-12-03,24.27,24.29,23.86,23.88,6189210.0,133847536.0,16311037955.0,0.00037944918141170496
2012-12-04,23.9,24.27,23.89,24.05,8930379.0,192467280.0,16311037955.0,0.0005475052553146978
2012-12-05,24.09,25.07,23.81,24.62,19664190.0,431293760.0,16311037955.0,0.0012055756386718554
2012-12-06,24.62,24.74,24.43,24.65,11009382.0,242456112.0,16311037955.0,0.0006749651389674545
2012-12-07,24.82,25.52,24.64,25.31,20673288.0,466181600.0,16311037955.0,0.0012674415973425402
2012-12-10,25.45,25.59,25.23,25.37,13910779.0,316382400.0,16311037955.0,0.0008528444994351679
2012-12-11,25.31,25.58,25.05,25.3,11459425.0,259882816.0,16311037955.0,0.0007025564548139144
2012-12-12,25.3,25.44,25.12,25.3,9438988.0,214063248.0,16311037955.0,0.0005786871458481626
2012-12-13,25.27,25.29,24.93,25.14,8535911.0,192232704.0,16311037955.0,0.0005233211413982024
2012-12-14,25.25,26.0,25.14,25.95,27894220.0,642036480.0,16311037955.0,0.0017101437736186053
2012-12-17,25.9,26.98,25.85,26.05,34597776.0,819297856.0,16311037955.0,0.0021211265705745213
2012-12-18,26.03,26.53,25.88,26.09,19007800.0,445867520.0,16311037955.0,0.0011653335644512637
2012-12-19,26.09,26.6,26.03,26.39,15700450.0,371858080.0,16311037955.0,0.0009625659656556173
2012-12-20,26.27,26.5,25.99,26.26,15122067.0,355728544.0,16311037955.0,0.000927106358388705
2012-12-21,26.38,26.81,25.93,25.99,21817992.0,515401728.0,16311037955.0,0.0013376213126468689
2012-12-24,26.02,26.33,25.85,26.02,11891706.0,277957792.0,16311037955.0,0.000729058814822677
2012-12-25,25.98,26.95,25.73,26.75,26344016.0,628453248.0,16311037955.0,0.0016151035925904692
2012-12-26,26.69,27.09,26.6,26.88,19400540.0,466898176.0,16311037955.0,0.0011894117378381149
2012-12-27,27.0,27.48,26.92,27.27,25264360.0,617378560.0,16311037955.0,0.001548911851575665
2012-12-28,27.46,27.78,27.25,27.72,21044168.0,519602688.0,16311037955.0,0.0012901795739828502
2012-12-31,27.72,28.36,27.68,28.26,24294580.0,610831424.0,16311037955.0,0.001489456407803448
2013-01-04,28.54,28.65,27.63,28.06,23987748.0,604733568.0,16311037955.0,0.0014706450972757853
2013-01-07,28.03,28.4,27.76,28.05,14672385.0,368872768.0,16311037955.0,0.0008995371747940979
2013-01-08,27.89,27.98,27.34,27.86,12382125.0,307403680.0,16311037955.0,0.0007591255096187409
2013-01-09,27.75,28.31,27.7,28.26,13226271.0,331966720.0,16311037955.0,0.0008108785618971358
2013-01-10,28.21,28.24,27.49,27.74,15983650.0,399436064.0,16311037955.0,0.0009799284413473121
2013-01-11,27.76,27.85,26.99,27.14,17112540.0,419188800.0,16311037955.0,0.001049138629142501
2013-01-14,27.14,28.01,27.02,27.81,22094816.0,545048320.0,16311037955.0,0.0013545928874027931
2013-01-15,27.77,27.88,27.56,27.65,23674688.0,588268736.0,16311037955.0,0.0014514519594225296
2013-01-16,27.65,27.96,27.24,27.35,24511700.0,605209216.0,16311037955.0,0.001502767639167081
2013-01-17,27.36,27.43,26.87,27.08,14673397.0,356437024.0,16311037955.0,0.0008995992186690979
2013-01-18,27.37,27.74,27.11,27.55,14268963.0,351776640.0,16311037955.0,0.0008748041074618418
2013-01-21,27.59,27.92,27.2,27.68,20672814.0,512038144.0,16311037955.0,0.0012674125372667002
2013-01-22,27.64,27.64,27.13,27.19,18368562.0,450419840.0,16311037955.0,0.0011261430480804739
2013-01-23,27.09,27.19,26.76,26.89,15612255.0,377255776.0,16311037955.0,0.0009571588909959102
2013-01-24,26.88,27.29,26.38,26.52,22287622.0,536552192.0,16311037955.0,0.0013664134717538275
2013-01-25,26.7,26.76,26.47,26.61,11319554.0,270232928.0,16311037955.0,0.0006939812188058881
2013-01-28,26.76,27.06,26.7,26.97,16047934.0,387314816.0,16311037955.0,0.0009838695761897024
2013-01-29,26.98,27.15,26.63,26.89,23080366.0,556277888.0,16311037955.0,0.0014150151611243675
2013-01-30,26.96,27.11,26.82,27.07,24212868.0,586357504.0,16311037955.0,0.0014844467940544376
2013-01-31,27.05,27.54,26.99,27.37,25790318.0,631752448.0,16311037955.0,0.0015811573776697769
2013-02-01,27.45,27.54,27.2,27.43,22068176.0,541321216.0,16311037955.0,0.0013529596375707778
2013-02-04,27.54,28.16,27.43,27.79,36624156.0,912699136.0,16311037955.0,0.0022453602340354556
2013-02-05,27.75,28.18,27.65,27.97,31537000.0,790023552.0,16311037955.0,0.001933475974184256
2013-02-06,27.97,27.97,27.66,27.73,14534798.0,362355296.0,16311037955.0,0.0008911019666620597
2013-02-07,27.69,27.84,27.38,27.57,16710540.0,413147488.0,16311037955.0,0.0010244927420377645
2013-02-08,27.57,27.86,27.57,27.69,14177475.0,353129984.0,16311037955.0,0.0008691951449756773
2013-02-18,27.75,27.78,26.92,27.0,21102152.0,514926976.0,16311037955.0,0.0012937344673109126
2013-02-19,27.0,27.15,26.63,26.68,18639022.0,449418624.0,16311037955.0,0.00114272445759875
2013-02-20,26.67,26.96,26.67,26.77,14989654.0,360106336.0,16311037955.0,0.0009189883587638307
2013-02-21,26.53,26.53,25.41,25.56,36119412.0,833800832.0,16311037955.0,0.0022144152996056224
2013-02-22,25.61,25.64,25.2,25.36,20259028.0,461209056.0,16311037955.0,0.0012420440719892862
2013-02-25,25.48,25.51,25.17,25.27,11509958.0,261252432.0,16311037955.0,0.0007056545409160627
2013-02-26,25.03,25.23,24.83,24.84,19671184.0,441688000.0,16311037955.0,0.0012060044280609364
2013-02-27,24.95,25.19,24.85,25.1,11917385.0,267183248.0,16311037955.0,0.000730633147496713
2013-02-28,25.29,25.63,25.02,25.59,19526520.0,444888000.0,16311037955.0,0.0011971353419611365
2013-03-01,25.54,25.58,24.9,25.24,17988186.0,406682592.0,16311037955.0,0.0011028228889925357
2013-03-04,25.03,25.41,24.42,24.49,26944384.0,596690880.0,16311037955.0,0.0016519110601260322
2013-03-05,24.61,24.69,24.38,24.59,19814816.0,435437952.0,16311037955.0,0.0012148102441221988
2013-03-06,24.75,24.78,24.48,24.69,18117552.0,400103424.0,16311037955.0,0.0011107540826024642
2013-03-07,24.59,25.19,24.42,24.85,28096374.0,626060288.0,16311037955.0,0.00172253746680709
2013-03-08,24.81,25.17,24.61,24.88,17410768.0,388734144.0,16311037955.0,0.00106742244411631
2013-03-11,24.86,24.86,24.47,24.64,14640544.0,323077696.0,16311037955.0,0.0008975850611341429
2013-03-12,24.64,24.92,24.4,24.52,17108652.0,378310848.0,16311037955.0,0.0010489002629508013
2013-03-13,24.52,24.69,24.23,24.33,14698118.0,321777920.0,16311037955.0,0.0009011148181096854
2013-03-14,24.25,24.46,24.09,24.23,14541081.0,315895936.0,16311037955.0,0.0008914871659373808
2013-03-15,24.22,24.61,23.97,24.36,20153510.0,439017056.0,16311037955.0,0.001235574955781531
2013-03-18,24.26,24.44,24.08,24.1,10699370.0,232338768.0,16311037955.0,0.0006559588684373213
2013-03-19,24.22,24.42,24.12,24.33,9810281.0,213457472.0,16311037955.0,0.0006014504427655229
2013-03-20,24.33,24.71,24.25,24.68,17992820.0,396053760.0,16311037955.0,0.0011031069910841858
2013-03-21,24.69,24.76,24.49,24.59,13320971.0,294272352.0,16311037955.0,0.0008166844462474307
2013-03-22,24.53,24.67,24.49,24.59,10467698.0,230645952.0,16311037955.0,0.0006417554804837679
2013-03-25,24.95,24.98,24.63,24.72,20565422.0,456883872.0,16311037955.0,0.0012608285295354767
2013-03-26,24.67,24.74,24.36,24.52,12728384.0,280366656.0,16311037955.0,0.0007803540176361511
2013-03-27,24.58,24.71,24.34,24.46,9294812.0,204413408.0,16311037955.0,0.0005698479781386788
2013-03-28,24.3,24.35,24.09,24.29,15379326.0,333858080.0,16311037955.0,0.0009428784386640218
2013-03-29,24.4,24.43,24.26,24.28,7418715.0,161835424.0,16311037955.0,0.00045482789142341863
2013-04-01,24.09,24.27,24.06,24.12,8901175.0,192667904.0,16311037955.0,0.0005457148113171686
2013-04-02,24.17,24.29,24.06,24.19,6916514.0,149945776.0,16311037955.0,0.00042403886368738453
2013-04-03,24.29,24.64,24.19,24.36,8730223.0,190704608.0,16311037955.0,0.0005352340558636141
2013-04-08,24.07,24.26,23.8,24.06,13160145.0,283016512.0,16311037955.0,0.0008068244973929374
2013-04-09,24.16,24.2,23.94,24.12,10396655.0,224710256.0,16311037955.0,0.000637399963673863
2013-04-10,24.08,24.26,24.0,24.25,9582206.0,207174416.0,16311037955.0,0.0005874675803241977
2013-04-11,24.36,24.39,23.96,23.99,9137126.0,197593584.0,16311037955.0,0.0005601805369595806
2013-04-12,23.98,24.06,23.81,23.91,6834691.0,146700720.0,16311037955.0,0.00041902244473074064
2013-04-15,23.87,24.0,23.59,23.62,9552234.0,203210512.0,16311037955.0,0.0005856300516468266
2013-04-16,23.56,23.58,23.11,23.29,21671860.0,452609280.0,16311037955.0,0.0013286622261434128
2013-04-17,23.29,23.3,23.11,23.21,10156351.0,211309312.0,16311037955.0,0.0006226673635375033
2013-04-18,23.17,23.5,23.13,23.28,8786675.0,183576944.0,16311037955.0,0.0005386950250647002
2013-04-19,23.35,23.89,23.28,23.77,15660040.0,332178944.0,16311037955.0,0.0009600885022279994
2013-04-22,23.67,23.78,23.56,23.69,7998847.0,169763808.0,16311037955.0,0.0004903947266916896
2013-04-23,23.69,23.69,22.97,23.01,14732378.0,305777952.0,16311037955.0,0.000903215236249507
2013-04-24,23.09,23.41,22.98,23.19,9799712.0,203608464.0,16311037955.0,0.0006008024766441052
2013-04-25,23.18,23.28,22.9,23.07,12391479.0,256250992.0,16311037955.0,0.0007596989863052526
2013-04-26,23.2,23.28,22.83,22.84,9284215.0,191756432.0,16311037955.0,0.0005691982953883085
2013-05-02,22.8,22.9,22.42,22.6,10268245.0,207947072.0,16311037955.0,0.0006295273806810292
2013-05-03,22.73,23.15,22.6,22.86,12066006.0,248046416.0,16311037955.0,0.0007397448300524171
2013-05-06,22.97,23.19,22.96,23.03,9134287.0,189008064.0,16311037955.0,0.0005600064830454255
2013-05-07,22.92,23.18,22.87,23.07,7943090.0,164114624.0,16311037955.0,0.00048697636667353335
2013-05-08,23.19,23.37,23.09,23.17,9642706.0,201087792.0,16311037955.0,0.0005911767250252836
2013-05-09,23.19,23.27,22.86,22.9,7891942.0,162628016.0,16311037955.0,0.00048384057604260536
2013-05-10,22.9,23.31,22.88,23.3,9810513.0,203905760.0,16311037955.0,0.0006014646662625585
2013-05-13,23.36,23.48,23.19,23.32,8992385.0,188219904.0,16311037955.0,0.0005513067301301611
2013-05-14,23.22,23.35,22.61,22.87,8223170.0,168927680.0,16311037955.0,0.0005041475608533706
2013-05-15,22.86,22.89,22.71,22.8,4765318.0,97341120.0,16311037955.0,0.0002921529588213137
2013-05-16,22.75,23.09,22.68,23.0,8946378.0,183908800.0,16311037955.0,0.0005484861248365601
2013-05-17,23.02,23.64,22.97,23.58,20117720.0,421599520.0,16311037955.0,0.001233380736131087
2013-05-20,23.59,23.65,23.4,23.43,15251213.0,321511232.0,16311037955.0,0.0009350240641997206
2013-05-21,23.45,23.6,23.35,23.48,9263217.0,195188896.0,16311037955.0,0.0005679109462902357
2013-05-22,23.49,23.55,23.38,23.49,7596239.0,159856640.0,16311037955.0,0.0004657115642154117
2013-05-23,23.41,23.48,23.15,23.18,11593940.0,241945680.0,16311037955.0,0.000710803324226585
2013-05-24,23.33,23.4,23.17,23.27,7167041.0,149647856.0,16311037955.0,0.00043939821731596234
2013-05-27,23.29,23.35,23.0,23.06,8682158.0,180413744.0,16311037955.0,0.0005322872783419993
2013-05-28,22.98,23.25,22.77,23.23,15520104.0,319393344.0,16311037955.0,0.0009515092811884761
2013-05-29,23.19,23.31,23.16,23.17,8668496.0,180549712.0,16311037955.0,0.0005314496860294995
2013-05-30,23.08,23.19,23.02,23.04,9781622.0,202695744.0,16311037955.0,0.000599693411724392
2013-05-31,23.07,23.18,22.82,22.83,14293943.0,294357024.0,16311037955.0,0.0008763355857202405
2013-06-03,22.81,23.02,22.69,22.81,11959763.0,245087728.0,16311037955.0,0.0007332312654164258
2013-06-04,22.82,22.83,22.55,22.6,11134825.0,226279600.0,16311037955.0,0.000682655820599493
2013-06-05,22.62,22.74,22.59,22.7,5054304.0,102838224.0,16311037955.0,0.00030987016362442153
2013-06-06,22.69,22.82,22.63,22.7,5917491.0,120473192.0,16311037955.0,0.0003627905848987401
2013-06-07,22.63,22.73,22.48,22.51,8924987.0,180916288.0,16311037955.0,0.0005471746816249744
2013-06-13,22.39,22.39,21.08,21.5,20208440.0,391280768.0,16311037955.0,0.0012389426139374096
2013-06-14,21.45,21.52,21.29,21.33,11974803.0,229622432.0,16311037955.0,0.0007341533403966627
2013-06-17,21.32,21.39,21.09,21.09,9834562.0,187161952.0,16311037955.0,0.0006029390666082844
2013-06-18,21.1,21.13,20.61,20.8,12465487.0,232971360.0,16311037955.0,0.0007642362818595992
2013-06-19,20.77,20.78,20.17,20.54,15676017.0,286828992.0,16311037955.0,0.0009610680229699705
2013-06-20,20.32,20.5,20.16,20.18,9416207.0,170990976.0,16311037955.0,0.0005772904842707173
2013-06-21,20.0,20.39,19.88,20.06,11292545.0,204446560.0,16311037955.0,0.0006923253462566049
2013-06-24,20.08,20.15,19.49,19.51,16065337.0,285674304.0,16311037955.0,0.0009849365223919006
2013-06-25,19.42,19.63,18.26,19.53,20299632.0,348274848.0,16311037955.0,0.0012445334292032185
2013-06-26,19.51,19.53,18.7,18.94,16899232.0,287349824.0,16311037955.0,0.001036061104549125
2013-06-27,19.01,19.14,18.41,18.59,20538144.0,344550880.0,16311037955.0,0.0012591561650866136
2013-06-28,18.56,19.28,18.43,18.89,16505800.0,279101440.0,16311037955.0,0.0010119405059038746
2013-07-01,18.8,19.04,18.6,18.84,6794530.0,114634880.0,16311037955.0,0.00041656024703916523
2013-07-02,18.84,18.98,18.67,18.88,7386983.0,124591600.0,16311037955.0,0.00045288246035474325
2013-07-03,18.86,18.86,18.55,18.64,7131679.0,119350008.0,16311037955.0,0.0004372302375652218
2013-07-04,18.56,19.3,18.46,19.18,16788312.0,286204768.0,16311037955.0,0.0010292608015698777
2013-07-05,19.29,19.34,19.08,19.2,14609459.0,251841808.0,16311037955.0,0.0008956792964559073
2013-07-08,18.89,18.89,18.44,18.5,9958492.0,157117424.0,16311037955.0,0.0006105369889687072
2013-07-09,18.49,18.71,18.31,18.67,10172321.0,158998688.0,16311037955.0,0.0006236464551222363
2013-07-10,18.56,19.39,18.44,19.16,12753226.0,203943632.0,16311037955.0,0.0007818770353661408
2013-07-11,19.17,20.07,19.13,19.77,21098912.0,350527328.0,16311037955.0,0.0012935358288178294
2013-07-12,19.72,19.72,19.15,19.19,17983752.0,295573376.0,16311037955.0,0.001102551048536261
2013-07-15,19.26,19.47,19.03,19.17,12706313.0,206801824.0,16311037955.0,0.0007790008848642888
2013-07-16,19.14,19.21,18.96,19.12,8909960.0,143905856.0,16311037955.0,0.000546253403651037
2013-07-17,19.12,19.59,19.07,19.22,17880816.0,293632992.0,16311037955.0,0.0010962402300412034
2013-07-18,19.15,19.36,18.96,19.01,9546271.0,154308944.0,16311037955.0,0.0005852644709881064
2013-07-19,19.09,19.25,18.77,18.8,10682739.0,172339792.0,16311037955.0,0.0006549392521476724
2013-07-22,18.8,18.93,18.47,18.67,9985559.0,157758912.0,16311037955.0,0.0006121964173922493
2013-07-23,18.81,19.23,18.69,19.15,15260111.0,246689664.0,16311037955.0,0.0009355695843575762
2013-07-24,19.01,19.12,18.63,18.79,11214848.0,178475776.0,16311037955.0,0.0006875618848377574
2013-07-25,18.94,18.97,18.61,18.86,12123438.0,193012672.0,16311037955.0,0.000743265881266843
2013-07-26,18.77,18.92,18.68,18.77,8239012.0,131156152.0,16311037955.0,0.0005051188049914632
2013-07-29,18.71,18.73,18.53,18.6,9904176.0,155992400.0,16311037955.0,0.0006072069740334315
2013-07-30,18.83,18.96,18.64,18.71,9158378.0,145683104.0,16311037955.0,0.0005614834583345802
2013-07-31,18.83,19.03,18.62,18.89,7595707.0,120876480.0,16311037955.0,0.00046567894826531287
2013-08-01,18.95,19.32,18.88,19.04,16975146.0,274965856.0,16311037955.0,0.0010407152534886
2013-08-02,19.15,19.38,19.01,19.12,16132203.0,261861024.0,16311037955.0,0.0009890359549469885
2013-08-05,19.16,20.06,19.07,19.36,12710195.0,208282752.0,16311037955.0,0.0007792388832069271
2013-08-06,19.27,19.47,19.1,19.34,17840268.0,291490464.0,16311037955.0,0.0010937543060851765
2013-08-07,19.29,19.41,19.13,19.14,15865042.0,258797168.0,16311037955.0,0.0009726568011042311
2013-08-08,19.09,19.22,18.92,19.02,9258099.0,149377296.0,16311037955.0,0.0005675971710409768
2013-08-09,19.14,19.28,18.99,19.08,18863892.0,305526592.0,16311037955.0,0.001156510827333183
2013-08-12,19.25,20.25,19.15,20.24,50915984.0,854114560.0,16311037955.0,0.0031215661529616005
2013-08-13,20.26,20.28,19.98,20.23,23616574.0,403170880.0,16311037955.0,0.0014478890960314733
2013-08-14,20.25,20.47,20.01,20.06,19094412.0,326799872.0,16311037955.0,0.0011706435882669736
2013-08-15,20.04,20.26,19.78,19.8,17812360.0,302183968.0,16311037955.0,0.0010920433174848804
2013-08-16,19.69,21.78,19.49,19.67,29058432.0,493231488.0,16311037955.0,0.0017815194888374595
2013-08-19,19.82,19.9,19.46,19.74,15363947.0,255566464.0,16311037955.0,0.0009419355802118235
2013-08-20,19.72,19.81,19.41,19.46,17292684.0,286709376.0,16311037955.0,0.001060182929357913
2013-08-21,19.61,19.62,19.3,19.45,13165092.0,217056736.0,16311037955.0,0.0008071277889439501
2013-08-22,19.41,19.62,19.3,19.4,11410029.0,188467936.0,16311037955.0,0.0006995280761088756
2013-08-23,19.58,19.64,19.23,19.48,13628799.0,224656192.0,16311037955.0,0.0008355568197192635
2013-08-26,19.6,19.91,19.49,19.85,19723252.0,329503232.0,16311037955.0,0.0012091966222145915
2013-08-27,19.82,19.84,19.51,19.62,15120589.0,251763648.0,16311037955.0,0.0009270157449032801
2013-08-28,19.67,19.99,19.48,19.86,28367088.0,475225248.0,16311037955.0,0.0017391344486022932
2013-08-29,19.82,19.86,19.51,19.6,12209195.0,203153552.0,16311037955.0,0.0007485234865913229
2013-08-30,19.54,19.71,19.49,19.58,10370132.0,172025360.0,16311037955.0,0.0006357738868985423
2013-09-02,19.67,19.8,19.53,19.74,12498896.0,208552192.0,16311037955.0,0.000766284526740898
2013-09-03,19.88,20.17,19.81,20.04,18235848.0,309380288.0,16311037955.0,0.0011180065946943595
2013-09-04,19.98,20.23,19.94,20.11,11549612.0,196437392.0,16311037955.0,0.0007080856553619613
2013-09-05,20.11,20.2,19.99,20.02,8514674.0,144869008.0,16311037955.0,0.0005220191396458558
2013-09-06,20.01,20.17,19.95,20.1,9993876.0,169974112.0,16311037955.0,0.0006127063174993391
2013-09-09,20.14,20.67,20.11,20.59,23616288.0,409046176.0,16311037955.0,0.0014478715618928863
2013-09-10,20.6,21.11,20.47,21.03,27162580.0,480631296.0,16311037955.0,0.0016652882590879852
2013-09-11,21.05,21.45,21.05,21.12,31116792.0,561091648.0,16311037955.0,0.0019077137877949349
2013-09-12,21.13,21.36,20.8,21.03,23080332.0,411439616.0,16311037955.0,0.0014150130766463537
2013-09-13,21.0,21.23,20.54,20.58,19364724.0,340409568.0,16311037955.0,0.001187215924175072
2013-09-16,20.72,20.75,20.25,20.3,19436568.0,337474816.0,16311037955.0,0.0011916205488346557
2013-09-17,20.37,20.38,20.13,20.14,11784552.0,202278752.0,16311037955.0,0.0007224893984375503
2013-09-18,20.19,20.21,20.05,20.18,10280236.0,175471776.0,16311037955.0,0.0006302625270299667
2013-09-23,20.25,20.36,20.14,20.31,12060757.0,207161792.0,16311037955.0,0.0007394230234319874
2013-09-24,20.23,20.25,19.82,19.87,15517163.0,262603792.0,16311037955.0,0.0009513289738402794
2013-09-25,19.9,20.07,19.85,19.97,10779268.0,181934832.0,16311037955.0,0.0006608572691534761
2013-09-26,19.94,19.94,19.6,19.64,12880615.0,214525168.0,16311037955.0,0.0007896870227103828
2013-09-27,19.73,19.8,19.6,19.71,10280629.0,171639552.0,16311037955.0,0.0006302866211434795
2013-09-30,19.74,19.84,19.54,19.68,11965416.0,199359472.0,16311037955.0,0.000733577840540314
2013-10-08,19.6,19.82,19.34,19.78,11182993.0,185892224.0,16311037955.0,0.0006856089128633261
2013-10-09,19.72,19.72,19.52,19.66,9855912.0,163668256.0,16491037955.0,0.0005976526175547209
2013-10-10,19.67,19.67,19.29,19.35,12797564.0,210847472.0,16491037955.0,0.0007760314441650922
2013-10-11,19.47,19.67,19.43,19.58,11211739.0,186098272.0,16491037955.0,0.0006798686068514358
2013-10-14,19.61,19.91,19.61,19.77,16615816.0,278427616.0,16491037955.0,0.001007566415488248
2013-10-15,19.78,19.82,19.55,19.71,10923009.0,182189920.0,16491037955.0,0.000662360309266537
2013-10-16,19.61,19.64,19.39,19.43,10357816.0,170752704.0,16491037955.0,0.000628087572672135
2013-10-17,19.6,20.02,19.52,19.77,17498154.0,293531232.0,16491037955.0,0.0010610705067654427
2013-10-18,19.79,19.97,19.67,19.87,10991050.0,184727712.0,16491037955.0,0.0006664862472569574
2013-10-21,19.92,20.19,19.69,20.13,17632588.0,298333632.0,16491037955.0,0.0010692224496793355
2013-10-22,20.1,20.26,19.92,20.05,14833242.0,252062624.0,16491037955.0,0.0008994729161667253
2013-10-23,20.06,20.2,19.75,19.79,15327455.0,259228880.0,16491037955.0,0.0009294414967587163
2013-10-24,19.73,19.74,19.28,19.3,15863794.0,261078656.0,16491037955.0,0.0009619645557355701
2013-10-25,19.3,19.4,18.95,19.08,10883328.0,177402416.0,16491037955.0,0.0006599540932291791
2013-10-28,19.13,19.23,18.96,19.14,10955820.0,177413184.0,16491037955.0,0.0006643499353949549
2013-10-29,19.19,19.32,19.02,19.21,14015606.0,227474112.0,16491037955.0,0.0008498922892691868
2013-10-30,19.17,19.52,19.07,19.36,11581980.0,189560512.0,16491037955.0,0.0007023196497154627
2013-10-31,19.4,19.46,19.13,19.29,8888820.0,144990800.0,16491037955.0,0.0005390091287313394
2013-11-01,19.45,19.48,19.26,19.39,9496063.0,155804672.0,16491037955.0,0.0005758317351468372
2013-11-04,19.49,19.54,19.16,19.36,9045417.0,148125312.0,16491037955.0,0.0005485050137342916
2013-11-05,19.21,19.4,19.12,19.34,7844905.0,127678720.0,16491037955.0,0.0004757071702464589
2013-11-06,19.26,19.55,19.19,19.22,9474104.0,155043408.0,16491037955.0,0.0005745001634131525
2013-11-07,19.33,19.33,19.16,19.29,6445477.0,105072536.0,16491037955.0,0.0003908472600444027
2013-11-08,19.26,19.33,18.94,19.0,11272169.0,182422752.0,16491037955.0,0.0006835330214361877
2013-11-11,19.0,19.02,18.88,18.92,7582827.0,121579880.0,16491037955.0,0.00045981502320785846
2013-11-12,18.99,19.19,18.89,19.06,8711451.0,140295664.0,16491037955.0,0.0005282536504840638
2013-11-13,18.99,19.01,18.79,18.86,9951639.0,158979968.0,16491037955.0,0.0006034574068142698
2013-11-14,19.01,19.07,18.86,18.9,7263483.0,116443488.0,16491037955.0,0.0004404503233708069
2013-11-15,18.94,19.26,18.9,19.16,13948216.0,226093472.0,16491037955.0,0.0008458058272657708
2013-11-18,19.26,19.59,19.1,19.58,20535240.0,337883488.0,16491037955.0,0.0012452363554092615
2013-11-19,19.67,19.73,19.49,19.54,16939698.0,280989984.0,16491037955.0,0.0010272062950933884
2013-11-20,19.81,19.88,19.54,19.73,14275261.0,237950192.0,16491037955.0,0.000865637508018215
2013-11-21,19.72,19.91,19.64,19.74,20076798.0,336294688.0,16491037955.0,0.0012174368923766146
2013-11-22,19.85,19.93,19.71,19.8,15229303.0,255464208.0,16491037955.0,0.0009234896579316011
2013-11-25,19.8,19.9,19.54,19.55,10013219.0,167595520.0,16491037955.0,0.0006071915562454965
2013-11-26,19.6,19.65,19.45,19.54,6686347.0,110618728.0,16491037955.0,0.0004054533752360162
2013-11-27,19.55,19.87,19.52,19.84,12062832.0,201665632.0,16491037955.0,0.0007314780326694118
2013-11-28,19.95,20.31,19.94,20.14,23181800.0,396147648.0,16491037955.0,0.001405721099136237
2013-11-29,20.14,20.17,19.94,19.97,10628353.0,180554672.0,16491037955.0,0.0006444926649858044
2013-12-02,19.85,20.21,19.66,20.18,25855854.0,437454432.0,16491037955.0,0.0015678730514449295
2013-12-03,20.14,20.3,20.01,20.21,13418494.0,229166192.0,16491037955.0,0.0008136840165316326
2013-12-04,20.19,20.49,20.07,20.36,18569690.0,319590272.0,16491037955.0,0.0011260473749846512
2013-12-05,20.39,20.51,20.2,20.32,11505808.0,198151552.0,16491037955.0,0.0006977006560409679
2013-12-06,20.26,20.26,19.93,20.13,16322064.0,277500352.0,16491037955.0,0.0009897535888607444
2013-12-09,20.15,20.2,19.95,20.04,7720954.0,131114296.0,16491037955.0,0.00046819090593743044
2013-12-10,20.04,20.12,19.82,19.86,9204503.0,155542688.0,16491037955.0,0.0005581518292006139
2013-12-11,19.85,19.86,19.43,19.47,14610099.0,242288464.0,16491037955.0,0.0008859417484737697
2013-12-12,19.39,19.54,19.3,19.41,9091910.0,149383904.0,16491037955.0,0.0005513243026187675
2013-12-13,19.26,19.33,19.14,19.21,11441489.0,186332592.0,16491037955.0,0.0006938004163971375
2013-12-16,19.21,19.3,18.89,18.94,14075957.0,227203632.0,16491037955.0,0.000853551913373181
2013-12-17,19.02,19.04,18.89,18.97,8695313.0,139738432.0,16491037955.0,0.0005272750583515348
2013-12-18,18.97,19.07,18.94,19.04,7317415.0,117744080.0,16491037955.0,0.00044372070575347843
2013-12-19,19.07,19.2,18.96,19.01,11060493.0,178354944.0,16491037955.0,0.0006706972011210801
2013-12-20,19.03,19.06,18.38,18.45,18916158.0,300049664.0,16491037955.0,0.001147056846974554
2013-12-23,18.54,18.77,18.49,18.6,6824390.0,107588240.0,16491037955.0,0.00041382416428984564
2013-12-24,18.77,19.0,18.57,18.67,9263880.0,146986592.0,16491037955.0,0.0005617523909215937
2013-12-25,18.68,18.82,18.64,18.69,5311215.0,84112072.0,16491037955.0,0.00032206675010348066
2013-12-26,18.67,18.74,18.19,18.38,13549028.0,211299504.0,16491037955.0,0.0008215994673574808
2013-12-27,18.48,18.71,18.14,18.54,8600891.0,134928688.0,16491037955.0,0.0005215494029829853
2013-12-30,18.66,18.82,18.45,18.64,9128289.0,143746016.0,16491037955.0,0.0005535302886882477
2013-12-31,18.54,18.86,18.48,18.68,10555833.0,166761664.0,16491037955.0,0.0006400951249281143
2014-01-02,18.64,18.69,18.42,18.45,8493684.0,133166864.0,16491037955.0,0.0005150484780386282
2014-01-03,18.36,18.41,18.1,18.15,12086571.0,186110560.0,16491037955.0,0.0007329175418176399
2014-01-06,18.1,18.11,17.51,17.52,14097161.0,210556608.0,16491037955.0,0.0008548377026641802
2014-01-07,17.42,17.69,17.38,17.5,7271915.0,107880808.0,16491037955.0,0.0004409616313929586
2014-01-08,17.53,17.77,17.03,17.19,13095264.0,192128912.0,16491037955.0,0.0007940836735524935
2014-01-09,17.19,17.33,17.0,17.05,8444153.0,122583584.0,16491037955.0,0.0005120449678814653
2014-01-10,17.05,17.33,17.0,17.11,10494758.0,152179808.0,16491037955.0,0.0006363915981903396
2014-01-13,17.11,17.27,17.05,17.19,6280489.0,91322528.0,16491037955.0,0.0003808425532181731
2014-01-14,17.2,17.39,17.16,17.27,6186300.0,90411536.0,16491037955.0,0.0003751310267359093
2014-01-15,17.26,17.29,17.06,17.16,5459811.0,79295584.0,16491037955.0,0.0003310774624919599
2014-01-16,17.16,17.3,17.01,17.12,6740525.0,97860080.0,16491037955.0,0.0004087386748119336
2014-01-17,17.06,17.11,16.79,16.8,9587515.0,137086336.0,16491037955.0,0.0005813772926944913
2014-01-20,16.78,16.78,16.49,16.64,8188568.0,114931248.0,16491037955.0,0.0004965465498499606
2014-01-21,16.64,16.75,16.62,16.71,4766322.0,67404144.0,16491037955.0,0.0002890249851468491
2014-01-22,16.74,17.0,16.65,16.99,8436680.0,120717840.0,16491037955.0,0.0005115918126573737
2014-01-23,17.0,17.03,16.83,16.83,6329619.0,90513880.0,16491037955.0,0.0003838217471375652
2014-01-24,16.83,17.11,16.78,16.97,8612848.0,123690072.0,16491037955.0,0.0005222744634693311
2014-01-27,16.9,16.92,16.53,16.64,12875083.0,181576720.0,16491037955.0,0.0007807321185684579
2014-01-28,16.67,16.79,16.52,16.57,10475245.0,147443984.0,16491037955.0,0.0006352083494431567
2014-01-29,16.64,16.75,16.54,16.61,6158792.0,86737224.0,16491037955.0,0.000373462969208235
2014-01-30,16.61,16.61,16.31,16.34,9406288.0,130692600.0,16491037955.0,0.0005703878691970424
2014-02-07,16.42,16.51,16.36,16.48,7941493.0,110449008.0,16491037955.0,0.00048156416968236855
2014-02-10,16.51,16.7,16.48,16.68,14201366.0,200085232.0,16491037955.0,0.00086115658933974
2014-02-11,16.65,16.85,16.54,16.84,26546094.0,375993440.0,16491037955.0,0.0016097285126890001
2014-02-12,16.78,16.81,16.67,16.74,13295111.0,188332496.0,16491037955.0,0.0008062021951728629
2014-02-13,16.72,16.74,16.57,16.58,14007553.0,197646336.0,16491037955.0,0.0008494039634268733
2014-02-14,16.58,16.7,16.55,16.62,11534232.0,162321760.0,16491037955.0,0.0006994242588898341
2014-02-17,16.68,16.93,16.67,16.87,21374700.0,303736832.0,16491037955.0,0.0012961403677758984
2014-02-18,16.85,16.86,16.57,16.6,12818039.0,181029920.0,16491037955.0,0.0007772730276273262
2014-02-19,16.61,16.92,16.54,16.84,20849096.0,296249856.0,16491037955.0,0.0012642682684311365
2014-02-20,16.83,17.11,16.83,16.91,23159872.0,332961920.0,16491037955.0,0.001404391407211457
2014-02-21,16.9,17.01,16.77,16.99,16034228.0,229667552.0,16491037955.0,0.000972299502539105
2014-02-24,16.94,16.94,16.53,16.59,13753369.0,193976672.0,16491037955.0,0.0008339905006300739
2014-02-25,16.6,16.65,16.14,16.23,14558596.0,202654320.0,16491037955.0,0.0008828186582146521
2014-02-26,16.16,16.29,16.07,16.23,10476295.0,143415456.0,16491037955.0,0.0006352720203899379
2014-02-27,16.23,16.28,16.03,16.23,12480095.0,170666224.0,16491037955.0,0.0007567804424472929
2014-02-28,16.23,16.33,16.12,16.29,11127964.0,152739888.0,16491037955.0,0.0006747885748832478
2014-03-03,16.18,16.22,15.94,16.08,15449601.0,210140448.0,16491037955.0,0.0009368483076782779
2014-03-04,16.0,16.05,15.77,15.9,14481807.0,194947456.0,16491037955.0,0.0008781622502790486
2014-03-05,15.92,16.2,15.9,16.01,13130758.0,178292400.0,16491037955.0,0.0007962359941096867
2014-03-06,15.89,16.12,15.72,16.06,10003236.0,134962224.0,16491037955.0,0.0006065861971390993
2014-03-07,16.03,16.14,15.85,15.88,9815473.0,132788480.0,16491037955.0,0.0005952004371576865
2014-03-10,15.76,15.8,15.22,15.24,27129620.0,355962080.0,16491037955.0,0.0016451129440142023
2014-03-11,15.24,15.37,14.95,15.17,19187892.0,245285616.0,16491037955.0,0.0011635345241675541
2014-03-12,15.09,15.38,14.97,15.21,12322875.0,158554832.0,16491037955.0,0.0007472467793492505
2014-03-13,15.27,15.62,15.16,15.56,16380579.0,214494368.0,16491037955.0,0.0009933018797663668
2014-03-14,15.42,15.55,15.34,15.42,9727012.0,127156112.0,16491037955.0,0.0005898362508498635
2014-03-17,15.56,15.61,15.36,15.49,8989676.0,118059968.0,16491037955.0,0.0005451249354061656
2014-03-18,15.5,15.64,15.4,15.51,8205840.0,107932104.0,16491037955.0,0.0004975939066050133
2014-03-19,15.46,15.74,15.41,15.73,10571194.0,139278256.0,16491037955.0,0.0006410266005600252
2014-03-20,15.74,15.79,15.47,15.48,10109453.0,134123928.0,16491037955.0,0.0006130270894764914
2014-03-21,15.47,16.12,15.46,15.96,22465272.0,301724736.0,16491037955.0,0.0013622715599407522
2014-03-24,16.02,16.39,16.0,16.2,19429696.0,266602800.0,16491037955.0,0.0011781972761823044
2014-03-25,16.18,16.29,16.0,16.08,9380060.0,128038408.0,16491037955.0,0.0005687974295854442
2014-03-26,16.2,16.27,16.07,16.21,9582305.0,131194656.0,16491037955.0,0.0005810613635204626
2014-03-27,16.18,16.25,15.89,16.02,10726127.0,146096400.0,16491037955.0,0.0006504215822720784
2014-03-28,16.07,16.32,16.05,16.28,15032463.0,206629536.0,16491037955.0,0.0009115534777750137
2014-03-31,16.31,16.42,16.22,16.33,17083344.0,236305120.0,16491037955.0,0.001035916844447042
2014-04-01,16.36,16.49,16.36,16.38,10147288.0,141199712.0,16491037955.0,0.0006153213659255083
2014-04-02,16.45,16.74,16.4,16.73,18140812.0,255164992.0,16491037955.0,0.0011000406432573758
2014-04-03,16.83,16.87,16.47,16.51,11518227.0,162455744.0,16491037955.0,0.0006984537317438974
2014-04-04,16.48,16.61,16.34,16.54,9284682.0,129595440.0,16491037955.0,0.0005630138033358253
2014-04-08,16.54,17.1,16.54,16.98,24073820.0,345209664.0,16491037955.0,0.0014598122971817512
2014-04-09,17.04,17.33,17.0,17.2,20568358.0,299004832.0,16491037955.0,0.0012472445977097383
2014-04-10,17.21,18.51,16.87,17.81,68620840.0,1030276032.0,16491037955.0,0.004161098906402948
2014-04-11,17.82,18.02,17.53,17.77,45268204.0,682378752.0,16491037955.0,0.002745018483586408
2014-04-14,17.65,17.75,17.33,17.56,29928844.0,443583424.0,16491037955.0,0.0018148550795691865
2014-04-15,17.47,17.53,17.06,17.13,18366056.0,268062832.0,16491037955.0,0.0011136992134828908
2014-04-16,17.04,17.31,17.04,17.24,10696362.0,156023312.0,16491037955.0,0.000648616662528323
2014-04-17,17.32,17.32,16.97,16.98,9499528.0,137662112.0,16491037955.0,0.0005760418492712152
2014-04-18,16.88,17.12,16.78,16.94,13008661.0,186461552.0,16491037955.0,0.0007888321545009748
2014-04-21,16.81,17.03,16.68,16.71,9568594.0,136447920.0,16491037955.0,0.0005802299422334936
2014-04-22,16.67,16.77,16.51,16.68,8362920.0,117746736.0,16491037955.0,0.0005071190802434849
2014-04-23,16.68,16.68,16.51,16.58,8102349.0,113775080.0,16491037955.0,0.0004913183161732648
2014-04-24,16.61,16.74,16.53,16.66,7195484.0,101534304.0,16491037955.0,0.0004363269322182577
2014-04-25,16.86,16.86,16.58,16.6,6785352.0,96000968.0,16491037955.0,0.00041145693912751657
2014-04-28,16.51,16.75,16.49,16.59,9680779.0,136012592.0,16491037955.0,0.0005870327281045906
2014-04-29,16.55,16.83,16.55,16.72,10842142.0,153492704.0,16491037955.0,0.0006574566155014346
2014-04-30,16.72,16.86,16.68,16.78,7813871.0,111089080.0,16491037955.0,0.00047382529961559355
2014-05-05,16.77,16.81,16.31,16.53,15993727.0,223557680.0,16491037955.0,0.0009698435625242608
2014-05-06,16.47,16.53,16.26,16.28,10639254.0,147714816.0,16491037955.0,0.0006451536906913874
2014-05-07,16.23,16.49,16.19,16.36,9424312.0,130769880.0,16491037955.0,0.0005714808264777897
2014-05-08,16.35,16.85,16.31,16.52,12677645.0,178746080.0,16491037955.0,0.0007687596762917038
2014-05-09,16.64,16.7,16.54,16.67,7637677.0,107516104.0,16491037955.0,0.00046314107218971593
2014-05-12,16.75,17.7,16.64,17.45,51581988.0,758951808.0,16491037955.0,0.0031278800122075154
2014-05-13,17.32,17.46,16.93,17.05,21658752.0,314309600.0,16491037955.0,0.0013133649961331376
2014-05-14,17.06,17.29,16.91,17.13,17547688.0,254107968.0,16491037955.0,0.0010640741988395964
2014-05-15,17.01,17.21,16.94,17.19,13931380.0,201879040.0,16491037955.0,0.0008447849091133815
2014-05-16,17.18,17.18,16.96,17.0,9249150.0,133551168.0,16491037955.0,0.0005608591784967486
2014-05-19,16.98,16.98,16.61,16.74,7340968.0,104047672.0,16491037955.0,0.0004451489360482768
2014-05-20,16.81,16.91,16.71,16.73,4673420.0,66510876.0,16491037955.0,0.00028339150105364
2014-05-21,16.58,16.98,16.55,16.87,9809768.0,139680944.0,16491037955.0,0.0005948544916801751
2014-05-22,16.83,17.08,16.77,16.9,10732875.0,154244224.0,16491037955.0,0.0006508307742233925
2014-05-23,16.96,17.01,16.84,16.97,4356888.0,62402392.0,16491037955.0,0.00026419731807596827
2014-05-26,17.11,17.21,16.97,16.99,7540237.0,109005784.0,16491037955.0,0.000457232408328418
2014-05-27,16.98,17.01,16.9,16.97,5387573.0,77474144.0,16491037955.0,0.00032669702263140536
2014-05-28,16.96,17.03,16.78,16.99,8029263.0,115186904.0,16491037955.0,0.00048688645444330977
2014-05-29,16.99,17.0,16.91,16.94,6342646.0,91098408.0,16491037955.0,0.0003846116913506309
2014-05-30,16.91,16.94,16.85,16.91,7841855.0,112250208.0,16491037955.0,0.0004755222213058086
2014-06-03,16.9,17.08,16.88,16.92,5948013.0,85498024.0,16491037955.0,0.0003606815420733776
2014-06-04,16.97,16.97,16.7,16.81,6961674.0,98982720.0,16491037955.0,0.0004221489283450018
2014-06-05,16.81,17.01,16.73,16.98,4020096.0,57409428.0,16491037955.0,0.00024377458902040348
2014-06-06,16.98,17.03,16.86,16.92,12764223.0,183248448.0,16491037955.0,0.000774009679368299
2014-06-09,16.86,17.01,16.83,16.93,7213743.0,103388792.0,16491037955.0,0.0004374341396632848
2014-06-10,16.93,17.01,16.87,16.98,11322883.0,162545504.0,16491037955.0,0.000686608267526724
2014-06-11,16.99,17.08,16.92,17.03,9663936.0,139424368.0,16491037955.0,0.0005860113854792229
2014-06-12,16.97,17.08,16.86,16.96,5755135.0,82703528.0,16491037955.0,0.0003489856136226448
2014-06-13,16.93,17.13,16.92,17.0,10005695.0,144445360.0,16491037955.0,0.0006067353084325613
2014-06-16,17.07,17.23,17.01,17.2,11161996.0,162087072.0,16491037955.0,0.0006768522412269228
2014-06-17,17.2,17.25,17.1,17.11,7472257.0,108470504.0,16491037955.0,0.0004531101693168106
2014-06-18,17.06,17.19,17.04,17.12,7776976.0,112898032.0,16491037955.0,0.0004715880238236951
2014-06-19,17.12,17.47,17.03,17.14,15759135.0,230127536.0,16491037955.0,0.0009556181389554021
2014-06-20,17.12,17.29,17.11,17.14,6038243.0,87858464.0,16491037955.0,0.00036615299876677774
2014-06-23,17.14,17.4,17.14,17.2,8202749.0,119983192.0,16491037955.0,0.0004974064714654888
2014-06-24,17.21,17.3,17.11,17.24,4878610.0,71116736.0,16491037955.0,0.00029583401683463045
2014-06-25,17.21,17.33,17.1,17.23,7512131.0,109653016.0,16491037955.0,0.00045552808868057695
2014-06-26,17.23,17.36,17.23,17.33,6878709.0,100842608.0,16491037955.0,0.00041711801396433084
2014-06-27,17.3,17.34,17.05,17.06,9674362.0,140573616.0,16491037955.0,0.000586643607661262
2014-06-30,17.12,17.29,17.12,17.17,7813221.0,113925352.0,16491037955.0,0.00047378588426758613
2014-07-01,17.26,17.26,17.07,17.13,6415059.0,93234608.0,16491037955.0,0.000389002743035649
2014-07-02,17.16,17.46,17.16,17.33,12177112.0,178484592.0,16491037955.0,0.0007384078572390866
2014-07-03,17.32,17.39,17.2,17.33,9409972.0,137786240.0,16491037955.0,0.000570611263261749
2014-07-04,17.4,17.45,17.3,17.42,9904724.0,145865184.0,16491037955.0,0.0006006125282730878
2014-07-07,17.43,17.5,17.36,17.44,7635593.0,112722128.0,16491037955.0,0.0004630147005201044
2014-07-08,17.42,17.5,17.32,17.47,6932639.0,102283000.0,16491037955.0,0.00042038827506900853
2014-07-09,17.47,17.51,17.21,17.29,9927236.0,146408816.0,16491037955.0,0.0006019776333720772
2014-07-10,17.29,17.45,17.29,17.37,8734060.0,128587848.0,16491037955.0,0.000529624637565756
2014-07-11,17.38,17.51,17.37,17.45,15641641.0,230974144.0,16491037955.0,0.0009484934206495797
2014-07-14,17.54,17.54,17.21,17.41,18016926.0,248291312.0,16491037955.0,0.0010925283204831482
2014-07-15,17.38,17.48,17.3,17.36,9752911.0,134702944.0,16491037955.0,0.0005914067402314701
2014-07-16,17.35,17.48,17.31,17.43,13054095.0,180577728.0,16491037955.0,0.000791587226687697
2014-07-17,17.46,17.46,17.3,17.31,7873233.0,108745080.0,16491037955.0,0.00047742495175161947
2014-07-18,17.3,17.39,17.2,17.24,8979904.0,123405920.0,16491037955.0,0.0005445323711281216
2014-07-21,17.25,17.27,16.92,17.14,10188149.0,138359072.0,16491037955.0,0.000617799135979249
2014-07-22,17.1,17.41,17.01,17.33,11838732.0,162555040.0,16491037955.0,0.0007178888334563899
2014-07-23,17.33,17.65,17.31,17.46,15902218.0,221062688.0,16491037955.0,0.0009642945485537815
2014-07-24,17.49,18.13,17.49,17.99,35061560.0,498166176.0,16491037955.0,0.0021260978293588554
2014-07-25,17.99,18.66,17.89,18.57,34071584.0,496572704.0,16491037955.0,0.002066066677729625
2014-07-28,18.65,19.72,18.63,19.25,44376736.0,681440576.0,16491037955.0,0.0026909607582672017
2014-07-29,19.26,19.44,18.91,18.96,26281106.0,400016800.0,16491037955.0,0.0015936599061693202
2014-07-30,18.99,19.56,18.97,19.04,32953256.0,504005472.0,16491037955.0,0.0019982523895658573
2014-07-31,19.04,19.43,18.97,19.34,17640456.0,268294784.0,16491037955.0,0.0010696995573072161
2014-08-01,19.29,20.24,19.17,19.74,54080000.0,851254080.0,16491037955.0,0.0032793569542178646
2014-08-04,19.79,20.33,19.64,20.26,32343152.0,517773760.0,16491037955.0,0.00196125629498013
2014-08-05,20.22,20.34,19.85,19.94,26369638.0,420612352.0,16491037955.0,0.0015990283978459256
2014-08-06,19.87,20.13,19.45,19.83,19297780.0,303233952.0,16491037955.0,0.0011701980222626927
2014-08-07,19.83,19.95,19.26,19.38,25399968.0,395318816.0,16491037955.0,0.0015402285816884472
2014-08-08,19.36,19.55,19.28,19.46,9010516.0,139194896.0,16491037955.0,0.0005463886521022806
2014-08-11,19.5,19.89,19.39,19.85,15854306.0,248388176.0,16491037955.0,0.0009613892129326556
2014-08-12,19.79,19.87,19.5,19.65,13613603.0,212741520.0,16491037955.0,0.0008255152305845263
2014-08-13,19.68,19.85,19.46,19.68,24156776.0,377195104.0,16491037955.0,0.0014648426658114499
2014-08-14,19.61,19.74,19.39,19.5,15023421.0,233476976.0,16491037955.0,0.0009110051799647319
2014-08-15,19.5,19.6,19.3,19.49,18859924.0,291545792.0,16491037955.0,0.0011436468736209394
2014-08-18,19.49,19.69,19.34,19.46,15515223.0,240537440.0,16491037955.0,0.0009408275599351139
2014-08-19,19.44,19.67,19.38,19.51,15044029.0,233450832.0,16491037955.0,0.0009122548284135582
2014-08-20,19.43,19.45,19.25,19.29,14317970.0,220168176.0,16491037955.0,0.0008682273389382906
2014-08-21,19.29,19.31,18.78,19.02,22319220.0,336574368.0,16491037955.0,0.0013534151131604742
2014-08-22,19.01,19.16,18.92,19.06,11633843.0,176000592.0,16491037955.0,0.0007054645700134768
2014-08-25,19.0,19.01,18.65,18.71,14680376.0,219409312.0,16491037955.0,0.0008902032752613358
2014-08-26,18.7,18.81,18.62,18.66,12205223.0,181483776.0,16491037955.0,0.0007401124800819125
2014-08-27,18.63,18.78,18.63,18.71,7892853.0,117447936.0,16491037955.0,0.0004786146888714744
2014-08-28,18.76,18.9,18.65,18.68,9540259.0,142430480.0,16491037955.0,0.0005785117362553545
2014-08-29,18.77,18.95,18.63,18.92,7728561.0,115683312.0,16491037955.0,0.0004686521867871112
2014-09-01,18.99,19.1,18.89,18.94,11205879.0,169106608.0,16491037955.0,0.0006795132623293996
2014-09-02,19.05,19.16,18.83,19.14,15154481.0,228651664.0,16491037955.0,0.0009189525269029678
2014-09-03,19.14,19.44,19.1,19.43,16624763.0,255532512.0,16491037955.0,0.001008108952593821
2014-09-04,19.48,19.56,19.36,19.53,17473556.0,270599424.0,16491037955.0,0.0010595789087188478
2014-09-05,19.63,19.75,19.55,19.74,20398438.0,318681728.0,16491037955.0,0.0012369408193506277
2014-09-09,19.75,19.89,19.67,19.75,14463279.0,227290416.0,16491037955.0,0.0008770387309438462
2014-09-10,19.69,19.72,19.31,19.39,15206707.0,234796704.0,16491037955.0,0.0009221194591568691
2014-09-11,19.44,19.59,19.22,19.3,16604856.0,255636240.0,16491037955.0,0.001006901812081846
2014-09-12,19.25,19.36,19.2,19.36,10087089.0,154660128.0,16491037955.0,0.0006116709589490481
2014-09-15,19.36,19.55,19.26,19.45,19243580.0,296858464.0,16491037955.0,0.0011669113886288427
2014-09-16,19.46,19.56,19.12,19.14,19768402.0,304187232.0,16491037955.0,0.001198736068278002
2014-09-17,19.25,19.36,19.12,19.17,12064015.0,184424272.0,16491037955.0,0.0007315497686027853
2014-09-18,19.15,19.33,19.02,19.19,13586498.0,206882016.0,16491037955.0,0.0008238716105726167
2014-09-19,19.2,19.31,19.06,19.28,10171104.0,155052944.0,16491037955.0,0.0006167655442765003
2014-09-22,19.17,19.24,18.87,18.91,13061202.0,197159856.0,16491037955.0,0.0007920181880389105
2014-09-23,19.0,19.07,18.89,19.01,8579803.0,129479240.0,16491037955.0,0.0005202706478156304
2014-09-24,18.92,19.48,18.9,19.43,22042434.0,337317568.0,16491037955.0,0.001336631087754961
2014-09-25,19.56,19.6,19.3,19.4,18135368.0,280687040.0,16491037955.0,0.0010997105245580644
2014-09-26,19.38,19.5,19.25,19.41,12178815.0,187881472.0,16491037955.0,0.0007385111254508661
2014-09-29,19.48,19.53,19.31,19.46,18810600.0,290279456.0,16491037955.0,0.001140655915736142
2014-09-30,19.64,19.92,19.53,19.58,39345212.0,616470976.0,16491037955.0,0.0023858541898553287
2014-10-08,19.61,19.63,19.25,19.38,23888708.0,368147488.0,16491037955.0,0.0014485872911812118
2014-10-09,19.39,19.55,19.36,19.44,23079178.0,356544416.0,16491037955.0,0.0013994982039928245
2014-10-10,19.51,19.73,19.24,19.33,37927472.0,586530176.0,16491037955.0,0.002299883858341408
2014-10-13,19.33,19.45,19.05,19.39,25104404.0,384402048.0,16491037955.0,0.001522305877198498
2014-10-14,19.38,19.38,19.09,19.15,16376211.0,250319184.0,16491037955.0,0.0009930370086277567
2014-10-15,19.11,19.16,18.95,19.1,15918618.0,241024272.0,16491037955.0,0.0009652890281035073
2014-10-16,19.02,19.21,18.92,18.97,18547508.0,280861888.0,16491037955.0,0.00112470228075465
2014-10-17,19.0,19.06,18.58,18.63,27790824.0,413326592.0,16491037955.0,0.0016852076913432827
2014-10-20,18.66,18.73,18.55,18.71,12996032.0,192732368.0,16491037955.0,0.000788066344608689
2014-10-21,18.71,18.83,18.63,18.66,11604946.0,172773760.0,16491037955.0,0.0007037122849190605
2014-10-22,18.66,18.81,18.63,18.67,11619608.0,172876288.0,16491037955.0,0.0007046013738921141
2014-10-23,18.77,18.77,18.33,18.34,16237959.0,239364608.0,16491037955.0,0.000984653546023568
2014-10-24,18.38,18.46,18.28,18.32,10780245.0,157282656.0,16491037955.0,0.0006537032435081798
2014-10-27,18.26,18.26,17.89,17.99,11961080.0,170921584.0,16491037955.0,0.0007253078934533324
2014-10-28,18.05,18.34,17.97,18.32,13900357.0,200367200.0,16491037955.0,0.0008429037055114824
2014-10-29,18.41,18.75,18.32,18.58,19455426.0,286557920.0,16491037955.0,0.0011797575175734292
2014-10-30,18.6,18.8,18.47,18.52,26078864.0,385671328.0,16491037955.0,0.0015813961541512927
2014-10-31,18.52,19.07,18.51,19.06,38330332.0,574811968.0,16491037955.0,0.0023243128846464414
2014-11-03,19.14,19.19,18.89,18.95,25668454.0,387560960.0,16491037955.0,0.001556509303419404
2014-11-04,18.89,19.5,18.8,19.26,41267956.0,629433024.0,16491037955.0,0.0025024474573771605
2014-11-05,19.19,19.51,19.01,19.17,31719420.0,485442304.0,16491037955.0,0.0019234338121441792
2014-11-06,19.25,19.33,19.01,19.19,23997932.0,365715104.0,16491037955.0,0.0014552105249823859
2014-11-07,19.06,19.26,18.75,18.87,37390448.0,564360896.0,16491037955.0,0.0022673192616516537
2014-11-10,19.09,19.31,18.95,19.3,38952064.0,592769472.0,16491037955.0,0.002362014089488523
2014-11-11,19.35,19.84,19.19,19.39,65214268.0,1010641856.0,16491037955.0,0.003954527797337787
2014-11-12,19.38,19.59,19.31,19.54,36443896.0,563543808.0,16491037955.0,0.002209921297825307
2014-11-13,19.59,19.64,19.29,19.39,40463304.0,625515200.0,16491037955.0,0.0024536541672158197
2014-11-14,19.44,19.55,19.29,19.49,43079580.0,665226432.0,16491037955.0,0.0026123025195596305
2014-11-17,20.03,20.07,19.33,19.36,50001400.0,780725632.0,16491037955.0,0.003032034741320805
2014-11-18,19.34,19.35,18.95,19.01,33122540.0,502510944.0,16491037955.0,0.0020085176015229174
2014-11-19,18.91,18.97,18.72,18.75,24029526.0,358911616.0,16491037955.0,0.0014571263534515345
2014-11-20,18.72,18.85,18.65,18.73,20087652.0,299145696.0,16491037955.0,0.0012180950680493415
2014-11-21,18.67,18.94,18.66,18.91,24200808.0,361809632.0,16491037955.0,0.0014675127221244698
2014-11-24,19.04,19.53,19.04,19.43,55266944.0,849228864.0,16491037955.0,0.0033513320477952897
2014-11-25,19.41,19.68,19.35,19.61,44531620.0,692438528.0,16491037955.0,0.002700352768668405
2014-11-26,19.68,19.72,19.38,19.68,44575824.0,692796224.0,16491037955.0,0.002703033254888898
2014-11-27,19.78,20.32,19.7,20.07,79524912.0,1264870400.0,16491037955.0,0.004822310894984536
2014-11-28,20.12,20.13,19.59,20.12,78753456.0,1241094912.0,16491037955.0,0.004775530576965433
2014-12-01,20.22,21.58,20.22,20.57,116392200.0,1934173312.0,16491037955.0,0.007057906258999935
2014-12-02,20.65,21.35,20.33,21.14,102216424.0,1687727488.0,16491037955.0,0.00619830142159175
2014-12-03,21.19,22.29,21.19,21.6,125671624.0,2174701568.0,16491037955.0,0.007620601222489879
2014-12-04,21.83,23.54,21.82,23.38,146023616.0,2619860736.0,16491037955.0,0.008854725602988887
2014-12-05,23.54,23.6,21.9,22.58,155543600.0,2815458560.0,16491037955.0,0.009432007883581395
2014-12-08,22.4,23.78,22.02,23.59,133505536.0,2449683712.0,16491037955.0,0.008095641788243037
2014-12-09,23.24,24.52,21.83,22.04,166673200.0,3109723136.0,16491037955.0,0.010106895663863627
2014-12-10,22.11,22.6,21.79,22.51,79722224.0,1409379456.0,16491037955.0,0.004834275696747676
2014-12-11,22.17,22.86,21.93,22.17,80078256.0,1416911744.0,16491037955.0,0.004855865120104261
2014-12-12,22.28,22.47,22.03,22.16,55321140.0,976865344.0,16491037955.0,0.003354618438873152
2014-12-15,22.12,22.12,21.54,21.8,62390312.0,1077288064.0,16491037955.0,0.003783285938110619
2014-12-16,21.7,22.53,21.58,22.46,89088360.0,1567280384.0,16491037955.0,0.005402228788939804
2014-12-17,22.46,22.62,21.92,22.24,81297328.0,1435575680.0,16491037955.0,0.004929788423375198
2014-12-18,22.4,22.76,22.26,22.65,87567152.0,1567631104.0,16491037955.0,0.005309984261691065
2014-12-19,22.51,24.41,22.24,23.88,144534320.0,2713630976.0,16491037955.0,0.00876441618741032
2014-12-22,24.3,26.12,24.3,25.52,183209440.0,3681353728.0,16491037955.0,0.011109636670531815
2014-12-23,25.16,25.18,23.83,24.06,93525800.0,1822989312.0,16491037955.0,0.00567131069949684
2014-12-24,24.16,24.31,22.66,23.01,84156744.0,1565628544.0,16491037955.0,0.005103180541433664
2014-12-25,23.09,23.74,23.06,23.72,65992456.0,1225692928.0,16491037955.0,0.0040017163370842535
2014-12-26,23.65,24.51,23.49,24.41,72044184.0,1378030464.0,16491037955.0,0.004368687052724693
2014-12-29,24.74,25.79,23.92,24.4,105700960.0,2100026112.0,16491037955.0,0.006409600189413911
2014-12-30,24.79,25.29,24.3,24.91,87708792.0,1728969216.0,16491037955.0,0.005318573169216867
2014-12-31,24.96,25.64,24.72,25.53,93831504.0,1884496512.0,16491037955.0,0.005689848283415706
2015-01-05,25.57,28.08,25.57,28.08,134852816.0,2929278464.0,16491037955.0,0.008177339496032953
2015-01-06,29.14,30.5,28.42,28.76,259963536.0,6067142144.0,16491037955.0,0.015763928062586283
2015-01-07,27.96,29.05,27.71,28.76,125097112.0,2832676608.0,16491037955.0,0.007585763391083045
2015-01-08,28.56,29.57,27.81,28.15,122192240.0,2781806336.0,16491037955.0,0.007409614866779924
2015-01-09,27.68,28.55,26.98,27.13,129945864.0,2848045824.0,16491037955.0,0.007879786848747204
2015-01-12,26.87,26.95,26.07,26.21,82626488.0,1738825216.0,16491037955.0,0.0050103873525406606
2015-01-13,26.08,26.53,25.83,26.04,54346700.0,1130436480.0,16491037955.0,0.003295529374700296
2015-01-14,26.08,26.45,25.64,25.84,50003832.0,1036401472.0,16491037955.0,0.0030321822153613494
2015-01-15,26.06,27.05,25.79,27.04,71342000.0,1495671424.0,16491037955.0,0.0043261073193012365
2015-01-16,27.16,28.06,27.08,27.28,79498928.0,1738313344.0,16491037955.0,0.0048207352512881895
2015-01-19,25.79,25.91,24.55,24.55,109754576.0,2192371456.0,16491037955.0,0.0066554073976115595
2015-01-20,24.22,24.85,24.11,24.62,90997320.0,1774390912.0,16491037955.0,0.005517986208527891
2015-01-21,24.6,25.75,24.3,25.67,100480704.0,2004609792.0,16491037955.0,0.006093049101832596
2015-01-22,25.79,26.36,25.36,25.72,87669840.0,1802637824.0,16491037955.0,0.005316211159008275
2015-01-23,26.03,26.17,25.24,25.36,74310856.0,1512173056.0,16491037955.0,0.004506135769184214
2015-01-26,25.26,25.52,24.94,25.5,51904304.0,1041466496.0,16491037955.0,0.0031474249311434564
2015-01-27,25.43,25.63,24.53,24.9,63554288.0,1264669056.0,16491037955.0,0.003853868275206453
2015-01-28,24.69,24.94,24.37,24.5,43443720.0,848930304.0,16491037955.0,0.00263438360390336
2015-01-29,24.11,24.66,24.01,24.36,43613488.0,844967488.0,16491037955.0,0.0026446781651349367
2015-01-30,24.52,24.66,23.93,23.97,41707760.0,805471424.0,16491037955.0,0.002529116730784942
2015-02-02,23.53,23.84,23.29,23.31,41114312.0,769188416.0,16491037955.0,0.002493130639332156
2015-02-03,23.78,24.09,23.35,24.07,41333840.0,778204352.0,16491037955.0,0.0025064425970511934
2015-02-04,24.25,24.57,23.84,23.87,46132712.0,890424960.0,16491037955.0,0.0027974413815482603
2015-02-05,24.4,24.48,23.34,23.35,46637404.0,887220864.0,16491037955.0,0.0028280453981891283
2015-02-06,23.02,23.04,22.27,22.55,59751352.0,1079314816.0,16491037955.0,0.003623262050760346
2015-02-09,22.52,22.82,22.29,22.43,43129324.0,771962944.0,16491037955.0,0.0026153189458231405
2015-02-10,22.46,23.02,22.46,22.91,36192824.0,656551936.0,16491037955.0,0.002194696543586968
2015-02-11,22.87,23.21,22.81,23.0,26051436.0,476677696.0,16491037955.0,0.0015797329477433733
2015-02-12,22.94,23.07,22.56,23.01,23752162.0,431199744.0,16491037955.0,0.0014403072787057933
2015-02-13,23.14,23.45,23.01,23.19,45193320.0,834304768.0,16491037955.0,0.0027404775929399648
2015-02-16,23.25,23.25,22.96,23.15,35551608.0,652056704.0,16491037955.0,0.0021558138485286145
2015-02-17,23.18,23.24,23.02,23.14,39864696.0,732734592.0,16491037955.0,0.0024173551785388516
2015-02-25,23.11,23.13,22.38,22.57,57781784.0,1042709312.0,16491037955.0,0.003503829422846053
2015-02-26,22.51,23.44,22.32,23.35,69838352.0,1272073472.0,16491037955.0,0.004234927612838666
2015-02-27,23.25,23.65,23.15,23.4,53692696.0,997371392.0,16491037955.0,0.003255871228149144
2015-03-02,23.52,23.91,23.24,23.78,59450624.0,1117493632.0,16491037955.0,0.003605026206490227
2015-03-03,23.6,23.6,22.77,22.86,71234472.0,1310791680.0,16491037955.0,0.004319586929238864
2015-03-04,22.96,23.18,22.77,23.04,39717020.0,725226560.0,16491037955.0,0.002408400254027552
2015-03-05,22.79,22.9,22.37,22.53,51508124.0,924842816.0,16491037955.0,0.0031234009733379455
2015-03-06,22.51,22.96,22.37,22.74,48486304.0,875139200.0,16491037955.0,0.002940160839621329
2015-03-09,22.52,23.0,22.02,22.96,61519128.0,1098695296.0,16491037955.0,0.003730458214205232
2015-03-10,22.81,23.02,22.66,22.7,51209868.0,929837248.0,16491037955.0,0.0031053150286682487
2015-03-11,22.65,22.87,22.26,22.45,62477752.0,1121487872.0,16491037955.0,0.003788588212002572
2015-03-12,22.55,23.13,22.37,23.1,79113728.0,1433911552.0,16491037955.0,0.00479737710966902
2015-03-13,23.13,24.04,23.1,23.53,102639040.0,1922940928.0,16491037955.0,0.006223928431920221
2015-03-16,23.53,23.82,23.31,23.77,77577896.0,1457683584.0,16491037955.0,0.0047042457977291095
2015-03-17,23.83,24.09,23.69,23.96,108652752.0,2061990016.0,16491037955.0,0.006588593895453199
2015-03-18,24.03,24.74,24.03,24.72,116035072.0,2259268864.0,16491037955.0,0.007036250375302711
2015-03-19,24.76,25.26,24.55,24.85,109727072.0,2172730880.0,16491037955.0,0.006653739582639873
2015-03-20,24.76,25.0,24.48,24.74,81431888.0,1600450560.0,16491037955.0,0.004937948006802704
2015-03-23,24.99,25.31,24.8,25.15,92022944.0,1834604416.0,16491037955.0,0.005580179019119843
2015-03-24,25.21,25.38,24.26,24.74,109423520.0,2161779456.0,16491037955.0,0.00663533249384241
2015-03-25,24.7,24.7,24.09,24.19,102047216.0,1972573696.0,16491037955.0,0.006188040818198457
2015-03-26,24.19,24.87,24.02,24.69,96693208.0,1884911616.0,16491037955.0,0.005863379143499158
2015-03-27,24.76,25.14,24.66,24.82,87449440.0,1730410368.0,16491037955.0,0.005302846324083911
2015-03-30,24.87,25.79,24.77,25.72,133186264.0,2683366400.0,16491037955.0,0.008076281454413765
2015-03-31,26.14,26.27,25.2,25.28,128375352.0,2624631808.0,16491037955.0,0.007784552576393607
2015-04-01,25.25,25.73,25.1,25.57,89250720.0,1804740096.0,16491037955.0,0.005412074136482091
2015-04-02,25.63,26.04,25.38,25.96,132168240.0,2701878016.0,16491037955.0,0.008014549500198516
2015-04-03,25.73,26.04,25.57,25.82,99057712.0,2028489472.0,16491037955.0,0.006006760294306775
2015-04-07,25.97,26.65,25.84,26.59,147976304.0,3096917248.0,16491037955.0,0.008973134644634926
2015-04-08,26.6,26.62,25.79,26.33,111539632.0,2324745728.0,16491037955.0,0.006763651402923474
2015-04-09,26.22,26.36,25.42,25.89,104293416.0,2146112896.0,16491037955.0,0.006324248133112735
2015-04-10,25.83,26.42,25.75,26.41,106644928.0,2221184256.0,16491037955.0,0.006466841462072179
2015-04-13,26.59,27.11,26.4,26.81,119630280.0,2545101056.0,16491037955.0,0.007254260182193608
2015-04-14,26.82,26.87,26.27,26.52,99251568.0,2099799040.0,16491037955.0,0.00601851552769651
2015-04-15,26.59,26.7,25.73,25.93,100885752.0,2106343808.0,16491037955.0,0.006117610806262922
2015-04-16,25.82,27.05,25.79,27.04,125504728.0,2653395200.0,16491037955.0,0.007610480816457499
2015-04-17,27.63,28.62,27.18,27.98,220718176.0,4892618240.0,16491037955.0,0.013384128797852857
2015-04-20,27.62,30.05,27.26,28.16,261371184.0,5940227584.0,16491037955.0,0.01584928642534314
2015-04-21,27.87,28.91,27.73,28.69,158922192.0,3569563648.0,16491037955.0,0.009636882313512327
2015-04-22,28.77,29.78,28.54,29.43,175891536.0,4090424576.0,16491037955.0,0.010665886312308836
2015-04-23,29.52,30.45,28.94,29.72,199922624.0,4697732608.0,16491037955.0,0.012123107383873582
2015-04-24,29.32,29.72,28.35,28.7,139115936.0,3213602816.0,16491037955.0,0.008435850816644367
2015-04-27,28.7,31.17,28.7,30.75,267658832.0,6383888896.0,16491037955.0,0.016230563093140367
2015-04-28,30.2,32.18,29.55,30.06,284692160.0,6959042560.0,16491037955.0,0.017263447017516732
2015-04-29,29.44,29.92,28.94,29.64,125538080.0,2946854144.0,16491037955.0,0.007612503248283258
2015-04-30,29.76,30.13,28.55,28.57,126342272.0,2942022912.0,16491037955.0,0.007661268644506009
2015-05-04,28.66,29.39,28.2,28.94,105805264.0,2423105280.0,16491037955.0,0.006415925079350167
2015-05-05,28.7,29.21,27.09,27.24,119503816.0,2660360960.0,16491037955.0,0.007246591532085283
2015-05-06,27.42,27.49,25.94,26.2,119201080.0,2553037568.0,16491037955.0,0.007228233924709319
2015-05-07,26.22,26.22,25.57,25.64,83330792.0,1711636096.0,16491037955.0,0.005053095640637618
2015-05-08,25.94,26.18,25.55,26.12,77160848.0,1589456256.0,16491037955.0,0.0046789564253355695
2015-05-11,26.36,26.82,26.09,26.81,106152512.0,2230364672.0,16491037955.0,0.00643698184975768
2015-05-12,26.8,26.81,26.43,26.7,86932936.0,1838771584.0,16491037955.0,0.005271526039611253
2015-05-13,26.67,26.69,26.17,26.23,85114032.0,1786665088.0,16491037955.0,0.005161229525531099
2015-05-14,26.16,26.6,26.09,26.59,79657624.0,1667211776.0,16491037955.0,0.004830358417545707
2015-05-15,26.52,26.52,25.6,25.63,83037144.0,1711420672.0,16491037955.0,0.005035289120465795
2015-05-18,25.16,25.29,24.85,24.92,92334800.0,1838689152.0,16491037955.0,0.0055990896541478485
2015-05-19,24.94,25.73,24.94,25.7,88300504.0,1781816576.0,16491037955.0,0.005354453991370975
2015-05-20,25.58,26.22,25.5,25.72,96633272.0,1986263040.0,16491037955.0,0.005859744684578891
2015-05-21,25.72,25.98,25.33,25.96,101501688.0,2065068800.0,16491037955.0,0.006154960547478772
2015-05-22,26.08,26.93,26.08,26.87,136630320.0,2879073024.0,16491037955.0,0.008285125555640017
2015-05-25,26.87,27.68,26.69,27.67,132183608.0,2864577792.0,16491037955.0,0.008015481400303405
2015-05-26,27.68,27.96,27.13,27.93,148811120.0,3262267136.0,16491037955.0,0.009023757049499799
2015-05-27,27.88,28.6,27.45,28.45,187987872.0,4197090048.0,16491037955.0,0.011399395993931541
2015-05-28,28.17,28.41,25.86,26.08,177454480.0,3870674176.0,16491037955.0,0.010760661668733634
2015-05-29,26.2,26.48,25.35,25.87,110593688.0,2284972032.0,16491037955.0,0.006706290307607263
2015-06-01,26.17,28.46,25.89,28.46,180222720.0,3927277568.0,16491037955.0,0.0109285249656076
2015-06-02,28.69,29.1,27.96,28.61,198250144.0,4497236480.0,16491037955.0,0.012021689874280567
2015-06-03,28.62,28.66,27.49,27.91,126664560.0,2820321280.0,16491037955.0,0.007680811865550036
2015-06-04,27.97,29.1,26.06,29.04,196580560.0,4356635648.0,16491037955.0,0.011920447975222672
2015-06-05,29.32,29.99,28.59,29.05,228058752.0,5306823680.0,16491037955.0,0.013829253963414336
2015-06-08,28.94,30.38,28.74,30.07,224153424.0,5261268992.0,16491037955.0,0.01359243879079411
2015-06-09,30.16,33.08,29.72,33.08,419434848.0,10656668672.0,16491037955.0,0.025434108462095283
2015-06-10,31.33,33.33,30.95,31.81,349670720.0,8918329344.0,16491037955.0,0.02120368171816508
2015-06-11,31.3,31.66,30.5,30.93,183434960.0,4506233856.0,16491037955.0,0.011123311977120484
2015-06-12,30.94,32.71,30.93,31.88,188664832.0,4765253632.0,16491037955.0,0.011440446169296322
2015-06-15,31.88,31.9,30.24,30.29,157710256.0,3760613120.0,16491037955.0,0.009563391730123515
2015-06-16,29.81,31.23,29.5,29.74,145406528.0,3400286464.0,16491037955.0,0.008817306005648569
2015-06-17,29.81,31.3,29.34,30.75,152180096.0,3566546944.0,16491037955.0,0.00922804837483621
2015-06-18,30.46,30.55,28.78,28.88,125994560.0,2905774080.0,16491037955.0,0.00764018373760392
2015-06-19,28.88,29.32,26.85,26.98,113299560.0,2488780544.0,16491037955.0,0.0068703716715204175
2015-06-23,26.98,28.24,25.79,28.11,112737480.0,2370963712.0,16491037955.0,0.006836287704123473
2015-06-24,28.12,30.2,27.88,29.64,172461184.0,3849802240.0,16491037955.0,0.010457873207896573
2015-06-25,29.37,29.7,27.48,27.9,137705216.0,3064351488.0,16491037955.0,0.008350306170888926
2015-06-26,27.11,27.86,25.12,25.65,151688704.0,3112461568.0,16491037955.0,0.009198250856854571
2015-06-29,26.5,26.91,23.34,25.66,157254368.0,3112477952.0,16491037955.0,0.009535747139089038
2015-06-30,25.64,27.14,24.38,27.02,132953520.0,2677108224.0,16491037955.0,0.00806216809171124
2015-07-01,26.44,27.15,25.42,25.62,104448184.0,2143417728.0,16491037955.0,0.006333633109390294
2015-07-02,25.67,25.92,23.43,24.16,119624232.0,2293522432.0,16491037955.0,0.007253893437540148
2015-07-03,23.87,24.44,21.9,22.16,127827112.0,2271680000.0,16491037955.0,0.007751307852714235
2015-07-06,24.29,24.29,23.1,23.74,241803536.0,4403066880.0,16491037955.0,0.014662723878255728
2015-07-07,23.24,26.09,22.3,26.01,252585760.0,4838251520.0,16491037955.0,0.01531654712633884
2015-07-08,24.24,26.0,23.41,24.42,262707744.0,5037051904.0,16491037955.0,0.015930334083085917
2015-07-09,23.33,26.85,22.68,26.85,155296208.0,3065882624.0,16491037955.0,0.009417006280851774
2015-07-10,26.31,29.38,26.05,28.42,197966192.0,4336573440.0,16491037955.0,0.01200447130982302
2015-07-13,27.86,29.08,27.22,27.97,165571120.0,3585971456.0,16491037955.0,0.010040066638122052
2015-07-14,27.42,27.42,25.74,26.02,122426664.0,2512603136.0,16491037955.0,0.007423830102997298
2015-07-15,25.73,26.52,24.75,25.89,78952008.0,1566887808.0,16491037955.0,0.004787570571084772
2015-07-16,25.89,26.67,25.89,26.08,64999648.0,1312685952.0,16491037955.0,0.003941513455815704
2015-07-17,26.24,27.0,26.08,26.62,73047600.0,1491743744.0,16491037955.0,0.004429533192472723
2015-07-20,26.44,26.52,25.73,25.86,71773552.0,1444836096.0,16491037955.0,0.004352276199706315
2015-07-21,25.31,26.34,25.25,25.66,58107112.0,1159116672.0,16491037955.0,0.0035235569864407604
2015-07-22,25.64,25.8,24.68,25.43,73302184.0,1430422016.0,16491037955.0,0.004444970910868297
2015-07-23,25.27,25.91,25.03,25.7,69365160.0,1366916480.0,16491037955.0,0.004206233724601236
2015-07-24,25.65,26.96,25.48,25.64,101751784.0,2056514560.0,16491037955.0,0.006170126118056103
2015-07-27,24.86,25.21,23.07,23.07,97848152.0,1826029184.0,16491037955.0,0.005933413789174679
2015-07-28,22.55,22.68,21.23,22.15,81808232.0,1394923904.0,16491037955.0,0.004960769129465023
2015-07-29,22.49,22.94,22.17,22.86,52807836.0,917028736.0,16491037955.0,0.0032022142053216808
2015-07-30,22.72,22.87,21.9,22.03,55778332.0,970098432.0,16491037955.0,0.003382342103159631
2015-07-31,21.9,22.24,21.62,22.05,35435880.0,598771200.0,16491037955.0,0.0021487962186913785
2015-08-03,22.01,22.65,21.62,22.59,57552088.0,982282496.0,16491037955.0,0.0034899008878061855
2015-08-04,22.58,23.24,22.56,23.15,41548124.0,734256256.0,16491037955.0,0.0025194365638703062
2015-08-05,23.07,23.72,22.71,22.77,46792388.0,839204992.0,16491037955.0,0.002837443472490025
2015-08-06,22.42,23.04,22.29,22.67,27899376.0,485981408.0,16491037955.0,0.0016917901757385167
2015-08-07,22.77,23.13,22.6,22.97,31629020.0,559344512.0,16491037955.0,0.0019179520468213002
2015-08-10,23.61,25.12,23.5,24.92,102435736.0,1923905536.0,16491037955.0,0.006211600281287449
2015-08-11,25.27,26.0,24.72,25.62,137189888.0,2692047616.0,16491037955.0,0.008319057197876662
2015-08-12,25.27,28.12,25.01,26.96,210529088.0,4359960064.0,16491037955.0,0.012766272721855487
2015-08-13,26.54,26.91,25.79,26.66,94390864.0,1923441920.0,16491037955.0,0.005723767312740989
2015-08-14,26.83,27.22,25.92,26.34,72052592.0,1481076096.0,16491037955.0,0.004369196905410919
2015-08-17,26.11,26.11,24.95,25.69,72280648.0,1422566912.0,16491037955.0,0.004383025992495813
2015-08-18,25.66,25.92,23.12,23.12,98122520.0,1840157696.0,16491037955.0,0.005950051189485605
2015-08-19,22.76,23.43,21.71,23.19,80144632.0,1398365440.0,16491037955.0,0.004859890094164786
2015-08-20,22.85,23.13,22.01,22.24,63938012.0,1112108800.0,16491037955.0,0.0038771369136661477
2015-08-21,21.97,22.62,21.77,22.06,51474852.0,879635072.0,16491037955.0,0.0031213833926319406
2015-08-24,21.25,21.49,19.86,19.86,69424528.0,1084621568.0,16491037955.0,0.004209833740571244
2015-08-25,17.9,18.91,17.87,17.87,69019048.0,969412992.0,16491037955.0,0.004185245840094241
2015-08-26,17.87,18.7,16.8,18.01,86316936.0,1195466112.0,16491037955.0,0.0052341724174996
2015-08-27,18.51,18.79,17.76,18.77,60570936.0,856734592.0,16491037955.0,0.0036729608024239128
2015-08-28,19.17,19.87,19.04,19.84,69879344.0,1047945664.0,16491037955.0,0.0042374133266010056
2015-08-31,19.74,20.18,18.64,20.11,56737376.0,847599680.0,16491037955.0,0.0034404975693356835
2015-09-01,19.44,20.72,18.92,20.71,87611464.0,1357086848.0,16491037955.0,0.005312671296923226
2015-09-02,19.7,21.5,19.51,21.49,121965720.0,1964239872.0,16491037955.0,0.007395878921194321
2015-09-07,20.94,21.49,19.7,19.82,52863568.0,840885120.0,16491037955.0,0.0032055937378988346
2015-09-08,19.7,19.93,18.66,19.83,39698036.0,594240640.0,16491037955.0,0.0024072490833097473
2015-09-09,19.89,20.41,19.82,20.18,34222796.0,531985888.0,16491037955.0,0.002075236021734085
2015-09-10,19.86,20.65,19.73,20.26,28520216.0,443271616.0,16491037955.0,0.0017294372905953329
2015-09-11,20.08,20.28,19.71,19.92,17706932.0,273143808.0,16491037955.0,0.0010737305952674343
2015-09-14,20.11,20.57,19.28,20.5,68527168.0,1062367936.0,16491037955.0,0.004155418730282099
2015-09-15,19.83,20.28,18.99,19.76,38255472.0,580965504.0,16491037955.0,0.0023197734493359246
2015-09-16,19.6,21.37,19.18,20.62,36344940.0,562864320.0,16491037955.0,0.0022039207052446568
2015-09-17,20.28,20.71,19.76,19.8,30145714.0,472619872.0,16491037955.0,0.001828005858834372
2015-09-18,19.86,20.05,19.66,19.73,14872348.0,227364000.0,16491037955.0,0.000901844264780846
2015-09-21,19.58,20.01,19.51,19.88,14292100.0,218078256.0,16491037955.0,0.000866658608087595
2015-09-22,20.01,20.41,19.83,20.13,21975852.0,341402976.0,16491037955.0,0.0013325936220610682
2015-09-23,19.86,19.96,19.21,19.34,20865974.0,315412320.0,16491037955.0,0.001265291733421397
2015-09-24,19.47,19.61,19.31,19.45,11665762.0,175122064.0,16491037955.0,0.0007074001061566291
2015-09-25,19.44,19.52,19.05,19.32,15574768.0,231358784.0,16491037955.0,0.0009444383090075788
2015-09-28,19.26,19.35,19.12,19.23,9310628.0,137976352.0,16491037955.0,0.0005645871427502879
2015-09-29,18.97,19.12,18.65,18.66,15755993.0,228916352.0,16491037955.0,0.0009554276112270338
2015-09-30,18.86,19.04,18.74,18.75,8903958.0,129602760.0,16491037955.0,0.000539927081866934
2015-10-08,19.83,19.97,19.47,19.52,21505332.0,326568448.0,16491037955.0,0.0013040617612234463
2015-10-09,19.66,19.75,19.39,19.66,20742598.0,314106432.0,16491037955.0,0.0012578103365356059
2015-10-12,19.78,20.48,19.63,20.36,36323816.0,564063360.0,16491037955.0,0.0022026397670734123
2015-10-13,20.15,20.22,20.02,20.13,19652644.0,305262240.0,16491037955.0,0.0011917166192708577
2015-10-14,20.04,20.36,19.98,20.01,22834228.0,355450496.0,16491037955.0,0.0013846446816937182
2015-10-15,19.98,20.28,19.92,20.27,24261612.0,377401088.0,16491037955.0,0.0014711998156940753
2015-10-16,20.32,20.46,20.14,20.44,31806900.0,499304160.0,16491037955.0,0.0019287385115960094
2015-10-19,20.37,20.44,20.11,20.22,26370682.0,413324160.0,16491037955.0,0.0015990917049587253
2015-10-20,20.22,20.26,19.88,20.23,29340848.0,454023072.0,16491037955.0,0.0017791995919276872
2015-10-21,20.21,20.48,19.43,20.02,51831628.0,803829696.0,16491037955.0,0.0031430179314022445
2015-10-22,19.76,19.95,19.49,19.91,27012540.0,411490080.0,16491037955.0,0.001638013330253111
2015-10-23,19.95,20.06,19.74,19.96,26296176.0,403853184.0,16491037955.0,0.0015945737358531232
2015-10-26,20.3,20.55,20.19,20.31,41398268.0,650825664.0,16491037955.0,0.0025103494463456894
2015-10-27,20.23,20.23,19.54,19.97,27729772.0,424514912.0,16491037955.0,0.0016815055593024375
2015-10-28,19.89,19.97,19.63,19.69,20643972.0,315442048.0,16491037955.0,0.0012518297548239437
2015-10-29,19.7,19.87,19.69,19.73,14544593.0,221837808.0,16491037955.0,0.0008819695303405782
2015-10-30,19.74,19.88,19.44,19.56,17105136.0,258897952.0,16491037955.0,0.0010372382894682387
2015-11-02,19.36,19.49,19.12,19.14,17658768.0,262951936.0,16491037955.0,0.0010708099786190808
2015-11-03,19.17,19.34,19.08,19.16,11504380.0,170451440.0,16491037955.0,0.0006976140635533454
2015-11-04,19.25,19.88,19.23,19.87,27817072.0,421227968.0,16491037955.0,0.0016867993437348196
2015-11-05,19.87,21.06,19.79,20.55,70585688.0,1117286144.0,16491037955.0,0.00428024531825171
2015-11-06,20.48,20.78,20.28,20.7,45048912.0,713432000.0,16491037955.0,0.0027317208366706472
2015-11-09,20.54,21.29,20.54,20.97,49137292.0,795398080.0,16491037955.0,0.0029796360989577265
2015-11-10,20.68,21.18,20.68,21.09,43269992.0,700074048.0,16491037955.0,0.002623848912243923
2015-11-11,21.07,21.37,20.76,21.0,31436400.0,509790560.0,16491037955.0,0.0019062717632317766
2015-11-12,21.05,21.07,20.55,20.67,26506054.0,425288736.0,16491037955.0,0.0016073005272517426
2015-11-13,20.49,20.59,20.1,20.18,25110428.0,393609376.0,16491037955.0,0.0015226711665160314
2015-11-16,19.96,20.33,19.84,20.32,16758178.0,260049104.0,16491037955.0,0.0010161991043698376
2015-11-17,20.36,20.8,20.17,20.32,35657848.0,564567168.0,16491037955.0,0.002162256135562936
2015-11-18,20.3,20.59,20.15,20.22,19935818.0,312546656.0,16491037955.0,0.0012088880065887885
2015-11-19,20.24,20.37,20.1,20.35,18358260.0,286774784.0,16491037955.0,0.0011132264718627894
2015-11-20,20.35,20.4,20.18,20.28,24011634.0,375797056.0,16491037955.0,0.0014560414005183823
2015-11-23,20.3,20.33,19.97,20.05,21782720.0,339239744.0,16491037955.0,0.001320882291305114
2015-11-24,20.01,20.04,19.73,19.89,19832000.0,303531584.0,16491037955.0,0.0012025925872050423
2015-11-25,19.86,20.05,19.84,20.0,15766767.0,242789456.0,16491037955.0,0.0009560809357800062
2015-11-26,20.04,20.39,20.04,20.19,27150032.0,423231968.0,16491037955.0,0.0016463507072196294
2015-11-27,20.18,20.26,19.04,19.1,28887972.0,438607968.0,16491037955.0,0.0017517376455519777
2015-11-30,19.19,19.35,18.7,19.05,21525584.0,316451936.0,16491037955.0,0.0013052898221893637
2015-12-01,19.18,19.22,18.88,19.12,21870660.0,321391648.0,16491037955.0,0.001326214884695534
2015-12-02,19.1,19.73,19.04,19.71,32134472.0,481732800.0,16491037955.0,0.0019486021490998382
2015-12-03,19.63,19.93,19.54,19.8,23428155.0,356344380.0,16491037955.0,0.001420659819226036
2015-12-04,19.7,19.95,19.52,19.56,22879040.0,348481344.0,16491037955.0,0.001387362036424347
2015-12-07,19.49,19.63,19.31,19.41,19753034.0,296391968.0,16491037955.0,0.0011978041681731124
2015-12-08,19.25,19.31,18.93,18.97,17921732.0,263834032.0,16491037955.0,0.0010867558518089652
2015-12-09,18.95,19.16,18.93,19.06,12582029.0,184936344.0,16491037955.0,0.0007629616179608144
2015-12-10,19.05,19.4,18.99,18.99,18671086.0,275880768.0,16491037955.0,0.001132195926717822
2015-12-11,18.97,19.09,18.73,18.97,15114071.0,220072896.0,16491037955.0,0.0009165021050368446
2015-12-14,18.82,19.45,18.75,19.39,20295180.0,301328832.0,16491037955.0,0.001230679357805165
2015-12-15,19.32,19.49,19.08,19.14,16698294.0,248153760.0,16491037955.0,0.001012567798677412
2015-12-16,19.28,19.45,19.19,19.31,14371058.0,214267168.0,16491037955.0,0.0008714465420075494
2015-12-17,19.38,19.61,19.32,19.57,22697834.0,341969760.0,16491037955.0,0.0013763738863458337
2015-12-18,19.53,19.61,19.36,19.44,14946554.0,224506224.0,16491037955.0,0.0009063440421873675
2015-12-21,19.43,19.95,19.34,19.88,32481282.0,494718400.0,16491037955.0,0.001969632359626693
2015-12-22,19.91,20.0,19.76,19.89,20179141.0,309341388.0,16491037955.0,0.0012236428692398822
2015-12-23,19.84,20.14,19.76,19.78,25926516.0,398740032.0,16491037955.0,0.0015721579242463154
2015-12-24,19.74,19.82,19.39,19.52,18319012.0,276385248.0,16491037955.0,0.001110846512511104
2015-12-25,19.53,19.63,19.44,19.58,10906503.0,164363491.0,16491037955.0,0.0006613594019831362
2015-12-28,19.63,19.87,19.19,19.22,24279377.0,366364423.0,16491037955.0,0.0014722770674746167
2015-12-29,19.22,19.49,19.19,19.47,14424487.0,215552944.0,16491037955.0,0.0008746864229747629
2015-12-30,19.49,19.54,19.36,19.52,9489636.0,142434449.0,16491037955.0,0.0005754420083135392
2015-12-31,19.44,19.6,19.38,19.4,9612105.0,144490523.0,16491037955.0,0.0005828684056291107
2016-01-04,19.39,19.4,18.27,18.34,16860259.0,247059299.0,16491037955.0,0.0010223891938159087
2016-01-05,18.14,18.87,17.89,18.57,26157243.0,369769806.0,16491037955.0,0.0015861489780920222
2016-01-06,18.61,20.43,18.46,20.41,95547917.0,1460475890.0,16491037955.0,0.005793929846061045
2016-01-07,19.83,19.92,18.38,18.46,21434240.0,317872595.0,16491037955.0,0.0012997508136533787
2016-01-08,19.0,20.3,18.49,20.24,113580261.0,1736497041.0,16491037955.0,0.00688739309859893
2016-01-11,19.63,19.89,18.44,18.65,71188125.0,1055115850.0,16491037955.0,0.004316776493647941
2016-01-12,18.66,18.83,18.0,18.36,27695921.0,391789249.0,16491037955.0,0.0016794528686172076
2016-01-13,18.48,19.04,18.18,18.22,26423381.0,379974905.0,16491037955.0,0.0016022873194581765
2016-01-14,17.89,18.7,17.5,18.44,31679743.0,441390178.0,16491037955.0,0.001921027838662809
2016-01-15,18.2,18.3,17.52,17.74,26735691.0,369025106.0,16491037955.0,0.001621225484590791
2016-01-18,17.39,17.79,17.24,17.39,20979821.0,283053279.0,16491037955.0,0.0012721953013053993
2016-01-19,17.51,17.94,17.43,17.81,20532114.0,280815343.0,16491037955.0,0.0012450467979048443
2016-01-20,17.66,17.77,17.37,17.47,20376412.0,275893697.0,16491037955.0,0.0012356051848041484
2016-01-21,17.29,17.89,17.21,17.22,22715509.0,307923493.0,16491037955.0,0.001377445680616651
2016-01-22,17.6,17.96,17.52,17.81,26921615.0,368985707.0,16491037955.0,0.0016324997294568412
2016-01-25,18.14,18.59,17.89,18.07,27710301.0,390608295.0,16491037955.0,0.0016803248573931259
2016-01-26,17.85,17.98,16.89,16.91,22423303.0,301431152.0,16491037955.0,0.001359726601878408
2016-01-27,17.15,17.28,16.62,17.16,26657298.0,349946159.0,16491037955.0,0.0016164718117041045
2016-01-28,17.11,17.64,16.98,17.11,23180225.0,310519264.0,16491037955.0,0.001405625592716065
2016-01-29,17.22,17.55,17.19,17.37,21672631.0,290748343.0,16491037955.0,0.0013142066047715916
2016-02-01,17.31,17.43,16.72,16.91,14847353.0,194907840.0,16491037955.0,0.0009003285930524681
2016-02-02,16.94,17.2,16.85,17.09,11819618.0,155710178.0,16491037955.0,0.0007167297796689838
2016-02-03,17.0,17.02,16.63,16.84,13117498.0,169637148.0,16491037955.0,0.0007954319210103353
2016-02-04,17.0,17.16,16.9,17.02,12164356.0,159810902.0,16491037955.0,0.0007376343461941902
2016-02-05,17.04,17.13,16.96,16.98,11113228.0,146177929.0,16491037955.0,0.0006738949986244211
2016-02-15,16.56,17.07,16.49,16.93,9449653.0,122609247.0,16491037955.0,0.000573017479299107
2016-02-16,17.08,17.43,16.99,17.31,14413848.0,192101438.0,16491037955.0,0.0008740412846863768
2016-02-17,17.3,17.64,17.22,17.44,14966428.0,200921188.0,16491037955.0,0.0009075491816124438
2016-02-18,17.55,17.87,17.44,17.46,18672173.0,254271470.0,16491037955.0,0.0011322618413074897
2016-02-19,17.43,17.46,17.25,17.35,9557933.0,127897782.0,16491037955.0,0.0005795834698871749
2016-02-22,17.54,18.25,17.46,17.83,29888680.0,412555158.0,16491037955.0,0.0018124195748963092
2016-02-23,17.86,17.99,17.6,17.96,20760162.0,285377617.0,16491037955.0,0.0012588753998777635
2016-02-24,17.87,18.14,17.66,17.95,17200924.0,237630274.0,16491037955.0,0.0010430467777066007
2016-02-25,17.89,17.94,16.8,16.85,23481676.0,313711922.0,16491037955.0,0.0014239052789809675
2016-02-26,17.08,17.39,16.81,17.22,19688242.0,259655359.0,16491037955.0,0.0011938752462837322
2016-02-29,17.38,18.13,16.89,17.66,38022285.0,512990908.0,16491037955.0,0.0023056332235577588
2016-03-01,17.56,18.08,17.28,17.9,27925134.0,382654096.0,16491037955.0,0.0016933521150215556
2016-03-02,17.86,18.65,17.76,18.56,48406326.0,684753386.0,16491037955.0,0.002935311053924501
2016-03-03,18.4,18.74,18.12,18.35,39583848.0,563210341.0,16491037955.0,0.0024003248375277903
2016-03-04,18.38,18.83,18.17,18.74,58656660.0,839128682.0,16491037955.0,0.003556881025928122
2016-03-07,19.03,19.04,18.51,18.81,34660722.0,501190237.0,16491037955.0,0.0021017914151056235
2016-03-08,19.05,19.14,18.2,18.74,33231842.0,475294347.0,16491037955.0,0.0020151455651658524
2016-03-09,18.2,18.47,17.83,18.43,26355869.0,369195083.0,16491037955.0,0.0015981934594971345
2016-03-10,18.34,18.34,17.68,17.69,20296697.0,282258000.0,16491037955.0,0.0012307713471635146
2016-03-11,17.65,17.99,17.63,17.98,11238262.0,154692254.0,16491037955.0,0.0006814769349671295
2016-03-14,18.12,18.4,17.95,18.22,16229018.0,228485310.0,16491037955.0,0.0009841113727519766
2016-03-15,18.14,18.25,17.98,18.14,11268067.0,157375083.0,16491037955.0,0.0006832842802707624
2016-03-16,18.13,18.49,18.04,18.47,32599683.0,462714084.0,16491037955.0,0.001976812077502735
2016-03-17,18.6,18.69,18.4,18.52,15131316.0,216642109.0,16491037955.0,0.0009175478245389801
2016-03-18,18.7,18.71,18.39,18.59,25365691.0,364011108.0,16491037955.0,0.0015381500587905233
2016-03-21,18.64,18.81,18.56,18.69,29754967.0,428702640.0,16491037955.0,0.001804311352699206
2016-03-22,18.6,18.66,18.44,18.49,14696130.0,210341531.0,16491037955.0,0.0008911585820190419
2016-03-23,18.44,18.62,18.35,18.48,11321484.0,161714089.0,16491037955.0,0.0006865234335700127
2016-03-24,18.35,18.38,18.04,18.05,13529984.0,189811933.0,16491037955.0,0.0008204446582998602
2016-03-25,18.07,18.21,18.07,18.14,6332784.0,88618819.0,16491037955.0,0.0003840136695628629
2016-03-28,18.16,18.29,18.01,18.03,8672900.0,121543057.0,16491037955.0,0.0005259159565132418
2016-03-29,18.07,18.09,17.86,17.92,10709561.0,148651972.0,16491037955.0,0.0006494170366488615
2016-03-30,18.04,18.38,17.96,18.35,13805900.0,194246996.0,16491037955.0,0.0008371759277780402
2016-03-31,18.4,18.43,18.18,18.22,11766189.0,165903017.0,16491037955.0,0.0007134898987017703
2016-04-01,18.26,18.42,18.04,18.4,15672614.0,220944624.0,16491037955.0,0.0009503715923016321
2016-04-05,18.29,18.55,18.25,18.47,16218998.0,230409555.0,16491037955.0,0.000983503770002693
2016-04-06,18.35,18.56,18.3,18.38,14341690.0,204040449.0,16491037955.0,0.000869665695945577
2016-04-07,18.44,18.51,18.16,18.27,15329666.0,216734609.0,16491037955.0,0.0009295755695809385
2016-04-08,18.16,18.51,18.14,18.31,18192954.0,257497364.0,16491037955.0,0.0011032024818355348
2016-04-11,18.4,19.13,18.4,18.7,36960262.0,537869481.0,16491037955.0,0.0022412332141163883
2016-04-12,18.73,19.44,18.68,19.4,44665524.0,659877819.0,16491037955.0,0.0027084725729139224
2016-04-13,19.67,20.63,19.67,20.02,79807488.0,1244771633.0,16491037955.0,0.004839446020182299
2016-04-14,20.04,20.28,19.76,19.92,22645667.0,349642378.0,16491037955.0,0.0013732105317927515
2016-04-15,19.97,20.23,19.61,19.76,18969292.0,290839471.0,16491037955.0,0.001150278839437672
2016-04-18,19.51,19.79,19.09,19.74,24949200.0,372472385.0,16491037955.0,0.0015128944623182755
2016-04-19,19.74,19.89,19.38,19.53,15601441.0,236281760.0,16491037955.0,0.0009460557329728128
2016-04-20,19.7,19.8,18.65,19.25,27650323.0,407018096.0,16491037955.0,0.0016766878516349883
2016-04-21,19.22,19.56,18.96,19.23,17675881.0,263806490.0,16491037955.0,0.001071847693773621
2016-04-22,18.81,19.14,18.81,19.06,16017592.0,234624993.0,16491037955.0,0.0009712907121861027
2016-04-25,18.87,19.22,18.83,19.14,10141457.0,149317933.0,16491037955.0,0.0006149677799343831
2016-04-26,19.22,19.26,18.86,19.04,11001107.0,161297325.0,16491037955.0,0.0006670960936491278
2016-04-27,19.06,19.08,18.56,18.68,18026649.0,261327512.0,16491037955.0,0.0010931179134503423
2016-04-28,18.78,18.88,18.55,18.82,13526469.0,195556038.0,16491037955.0,0.0008202315122256354
2016-04-29,18.77,19.23,18.73,19.16,24168725.0,355993679.0,16491037955.0,0.00146556724118582
2016-05-03,19.21,19.3,18.81,19.04,24035057.0,353486541.0,16491037955.0,0.0014574617477435793
2016-05-04,18.95,18.99,18.66,18.82,19058188.0,276395599.0,16491037955.0,0.0011556694037091616
2016-05-05,18.81,18.88,18.66,18.78,13224876.0,191230155.0,16491037955.0,0.0008019432152231681
2016-05-06,18.74,18.75,18.21,18.29,19719964.0,280420075.0,16491037955.0,0.0011957988365444885
2016-05-09,18.27,18.53,17.55,17.61,26499267.0,366551607.0,16491037955.0,0.001606888970379548
2016-05-10,17.51,17.66,17.5,17.59,9915048.0,134653444.0,16491037955.0,0.0006012385652774395
2016-05-11,17.74,17.86,17.63,17.76,12721165.0,174228049.0,16491037955.0,0.0007713986854382932
2016-05-12,17.65,18.03,17.54,17.9,13689902.0,188040036.0,16491037955.0,0.0008301419254116318
2016-05-13,17.83,17.99,17.76,17.9,7846450.0,108137923.0,16491037955.0,0.0004758008574967227
2016-05-16,17.83,17.95,17.72,17.94,4415595.0,60817352.0,16491037955.0,0.0002677572516690021
2016-05-17,17.96,18.11,17.57,17.77,18437053.0,252839029.0,16491037955.0,0.0011180044003482497
2016-05-18,17.64,17.68,17.33,17.61,12795447.0,172810627.0,16491037955.0,0.0007759030714085819
2016-05-19,17.57,17.68,17.48,17.51,6080907.0,82554747.0,16491037955.0,0.00036874010093199133
2016-05-20,17.47,17.64,17.37,17.59,5266953.0,71242286.0,16491037955.0,0.0003193827468211657
2016-05-23,17.6,17.73,17.59,17.65,5573713.0,75955976.0,16491037955.0,0.0003379843655207936
2016-05-24,17.76,17.76,17.33,17.66,11763618.0,158263842.0,16491037955.0,0.0007133339958406517
2016-05-25,17.61,17.74,17.56,17.65,10131099.0,138144009.0,16491037955.0,0.0006143396812041356
2016-05-26,17.76,17.78,17.52,17.72,7900486.0,107639888.0,16491037955.0,0.00047907754633507544
2016-05-27,17.69,17.74,17.54,17.64,7145764.0,97347829.0,16491037955.0,0.00043331196129067426
2016-05-30,17.63,17.7,17.54,17.63,6182917.0,84048304.0,16491037955.0,0.00037492588500927986
2016-05-31,17.63,18.11,17.63,18.08,18782811.0,260187881.0,16491037955.0,0.0011389708186503292
2016-06-01,18.05,18.14,17.95,17.99,11751679.0,163525900.0,16491037955.0,0.0007126100268562508
2016-06-02,18.01,18.14,17.9,17.96,9268403.0,128684798.0,16491037955.0,0.0005620266611047286
2016-06-03,17.98,18.04,17.89,18.01,8636848.0,119751828.0,16491037955.0,0.0005237297993957591
2016-06-06,18.0,18.03,17.85,17.89,9160937.0,126472400.0,16491037955.0,0.0005555100306601653
2016-06-07,17.96,17.96,17.87,17.94,8503808.0,117545417.0,16491037955.0,0.000515662387243593
2016-06-08,17.91,18.0,17.85,17.96,6774233.0,93761465.0,16491037955.0,0.0004107826941206018
2016-06-13,17.82,17.82,17.37,17.39,11497100.0,156074981.0,16491037955.0,0.0006971726116556621
2016-06-14,17.39,17.48,17.3,17.39,5804330.0,77822136.0,16491037955.0,0.0003519687490768376
2016-06-15,17.3,17.6,17.24,17.52,8395451.0,113131593.0,16491037955.0,0.0005090917274527612
2016-06-16,17.44,17.54,17.33,17.35,8841780.0,118725905.0,16491037955.0,0.0005361566703155405
2016-06-17,17.43,17.77,17.37,17.57,12127212.0,164632213.0,16491037955.0,0.000735381971292055
2016-06-20,17.56,17.61,17.41,17.51,5798145.0,78279255.0,16491037955.0,0.0003515936968807977
2016-06-21,17.56,17.69,17.37,17.44,9235196.0,125133278.0,16491037955.0,0.0005600130219335245
2016-06-22,17.44,17.85,17.41,17.85,15853686.0,217301421.0,16491037955.0,0.0009613516167545562
2016-06-23,17.86,18.13,17.78,18.05,20804886.0,289040083.0,16491037955.0,0.001261587418376662
2016-06-24,17.94,18.05,17.37,17.76,12599270.0,172036408.0,16491037955.0,0.0007640070949069621
2016-06-27,17.69,18.35,17.64,18.29,22942346.0,322475259.0,16491037955.0,0.0013912008487642826
2016-06-28,18.16,18.33,18.04,18.27,11089923.0,155423186.0,16491037955.0,0.0006724818068008625
2016-06-29,18.3,18.49,18.16,18.3,14353151.0,202847255.0,16491037955.0,0.0008703606794894434
2016-06-30,18.33,18.4,18.2,18.24,6999939.0,98732259.0,16491037955.0,0.00042446927956270054
2016-07-01,18.21,18.6,18.21,18.4,14125136.0,201216213.0,16491037955.0,0.0008565340786034229
2016-07-04,18.56,19.08,18.36,18.95,21426561.0,304655655.0,16491037955.0,0.0012992851667959187
2016-07-05,18.83,19.17,18.81,18.88,16739639.0,239985931.0,16491037955.0,0.001015074918005669
2016-07-06,18.8,19.07,18.66,18.95,11423166.0,162106356.0,16491037955.0,0.0006926893280563066
2016-07-07,18.99,19.17,18.89,19.0,14412584.0,207021752.0,16491037955.0,0.0008739646369942516
2016-07-08,18.97,18.97,18.68,18.83,9376159.0,133095498.0,16491037955.0,0.0005685608768584027
2016-07-11,18.83,19.38,18.77,19.08,18765856.0,271434548.0,16491037955.0,0.0011379426844573047
2016-07-12,19.08,20.49,19.08,20.01,45577633.0,685476075.0,16491037955.0,0.002763781947768854
2016-07-13,19.89,20.05,19.62,19.82,18400649.0,274389975.0,16491037955.0,0.001115796898303846
2016-07-14,19.8,19.82,19.36,19.58,16259592.0,240395654.0,16491037955.0,0.000985965349444252
2016-07-15,19.88,20.78,19.88,20.25,47439056.0,728945391.0,16491037955.0,0.0028766567713596654
2016-07-18,20.1,20.17,19.58,19.89,17786248.0,267498798.0,16491037955.0,0.001078540237948291
2016-07-19,19.76,19.94,19.64,19.86,10865471.0,162147217.0,16491037955.0,0.0006588712626609196
2016-07-20,19.82,20.38,19.76,19.84,15619785.0,236213211.0,16491037955.0,0.0009471680947325793
2016-07-21,19.92,19.92,19.6,19.69,17088573.0,254332001.0,16491037955.0,0.0010362339257620125
2016-07-22,20.19,20.19,19.57,19.74,17956995.0,268558828.0,16491037955.0,0.0010888941647578666
2016-07-25,19.7,19.7,19.37,19.48,14821176.0,217807427.0,16491037955.0,0.0008987412460297136
2016-07-26,19.46,19.73,19.44,19.7,10888463.0,160972077.0,16491037955.0,0.0006602654744784377
2016-07-27,19.74,20.03,19.09,19.45,31680900.0,463783901.0,16491037955.0,0.0019210979979822622
2016-07-28,19.36,19.54,19.25,19.49,10644907.0,155923782.0,16491037955.0,0.0006454964829410582
2016-07-29,19.46,19.7,19.37,19.44,10022215.0,147675753.0,16491037955.0,0.0006077370646619193
2016-08-01,19.49,19.85,19.38,19.82,26835530.0,398437386.0,16491037955.0,0.0016272796214057345
2016-08-02,19.77,19.98,19.58,19.97,15730905.0,234543759.0,16491037955.0,0.0009539063000719411
2016-08-03,19.9,20.09,19.8,19.84,9835091.0,147604719.0,16491037955.0,0.0005963900529995475
2016-08-04,19.82,19.95,19.68,19.81,6315268.0,94130376.0,16491037955.0,0.00038295151689255813
2016-08-05,19.86,19.93,19.7,19.73,6213486.0,92716927.0,16491037955.0,0.0003767795585065707
2016-08-08,19.8,20.51,19.78,20.3,30906104.0,471573509.0,16491037955.0,0.001874115145713398
2016-08-09,20.22,20.31,20.01,20.25,17126382.0,260599929.0,16491037955.0,0.001038526625597109
2016-08-10,20.29,20.56,20.13,20.15,22812840.0,350051449.0,16491037955.0,0.001383347734827283
2016-08-11,20.06,20.15,19.82,19.89,23332146.0,350620246.0,16491037955.0,0.0014148379297693515
2016-08-12,19.92,20.14,19.78,20.1,12705131.0,191094551.0,16491037955.0,0.0007704263997614455
2016-08-15,20.15,20.64,20.09,20.46,28952934.0,446507300.0,16491037955.0,0.0017556768760708368
2016-08-16,20.62,21.06,20.26,20.29,46916392.0,728187260.0,16491037955.0,0.002844962950665891
2016-08-17,20.39,20.47,20.15,20.37,17406642.0,266610286.0,16491037955.0,0.0010555213108779725
2016-08-18,20.29,20.56,19.99,20.09,29612744.0,453212649.0,16491037955.0,0.0017956870926381905
2016-08-19,20.07,20.14,19.81,19.98,23158217.0,348198340.0,16491037955.0,0.0014042910496715306
2016-08-22,19.95,20.05,19.85,19.86,10172601.0,152966654.0,16491037955.0,0.0006168563208549113
2016-08-23,19.78,19.98,19.76,19.86,12370590.0,185278259.0,16491037955.0,0.0007501401690879802
2016-08-24,19.89,19.9,19.7,19.74,11559122.0,172250461.0,16491037955.0,0.0007009335635235339
2016-08-25,19.64,19.92,19.62,19.82,15085823.0,225326706.0,16491037955.0,0.0009147891746514388
2016-08-26,19.84,19.84,19.72,19.77,9734203.0,145182433.0,16491037955.0,0.0005902723058768195
2016-08-29,19.72,19.81,19.62,19.8,9981094.0,148553058.0,16491037955.0,0.0006052435284689756
2016-08-30,19.81,19.92,19.76,19.84,7326280.0,109605229.0,16491037955.0,0.0004442582704613028
2016-08-31,19.82,19.9,19.76,19.89,6806828.0,101946241.0,16491037955.0,0.00041275922222568193
2016-09-01,19.89,19.95,19.77,19.78,8332191.0,124939149.0,16491037955.0,0.0005052557045066846
2016-09-02,19.76,19.98,19.72,19.94,10888387.0,162843319.0,16491037955.0,0.0006602608659146707
2016-09-05,20.02,20.29,19.95,20.1,14648177.0,222150057.0,16491037955.0,0.0008882507601990417
2016-09-06,20.14,20.22,19.98,20.05,14753193.0,223503801.0,16491037955.0,0.0008946188251011154
2016-09-07,20.06,20.1,19.86,19.88,13918972.0,209800590.0,16491037955.0,0.0008440325004394182
2016-09-08,19.88,20.06,19.8,20.05,9662165.0,145245993.0,16491037955.0,0.0005859039938156519
2016-09-09,20.01,20.34,20.01,20.07,15533528.0,236533271.0,16491037955.0,0.000941937556774
2016-09-12,19.78,20.09,19.65,20.05,19682593.0,294080877.0,16491037955.0,0.001193532696590049
2016-09-13,19.99,20.03,19.78,19.97,7079252.0,106331049.0,16491037955.0,0.00042927874032656666
2016-09-14,19.84,19.93,19.69,19.76,7276088.0,108746170.0,16491037955.0,0.0004412146779271663
2016-09-19,19.77,19.88,19.73,19.82,5456802.0,81556177.0,16491037955.0,0.000330894999750184
2016-09-20,19.82,19.93,19.74,19.88,6118499.0,91559840.0,16491037955.0,0.00037101964210475315
2016-09-21,19.89,19.95,19.81,19.88,4551875.0,68212448.0,16491037955.0,0.00027602113417123596
2016-09-22,19.98,20.26,19.93,20.19,19484563.0,296229080.0,16491037955.0,0.0011815243560271097
2016-09-23,20.19,20.33,20.11,20.21,9248663.0,141034204.0,16491037955.0,0.0005608296473052414
2016-09-26,20.15,20.3,19.88,19.88,14758892.0,224350332.0,16491037955.0,0.0008949644067446451
2016-09-27,19.88,19.93,19.77,19.89,6667747.0,99786740.0,16491037955.0,0.0004043254898930344
2016-09-28,19.93,19.99,19.77,19.8,4887828.0,73230163.0,16491037955.0,0.0002963929871083727
2016-09-29,19.95,20.27,19.95,20.13,14887653.0,226466709.0,16491037955.0,0.0009027723446289285
2016-09-30,20.1,20.21,20.03,20.15,8336939.0,126641108.0,16491037955.0,0.0005055436184641296
2016-10-10,20.55,20.62,20.29,20.43,17333745.0,267422952.0,16491037955.0,0.0010511009099184382
2016-10-11,20.53,20.79,20.47,20.6,16777745.0,260859548.0,16491037955.0,0.0010173856276228552
2016-10-12,20.53,20.63,20.41,20.58,10629176.0,164463910.0,16491037955.0,0.0006445425708802815
2016-10-13,20.62,20.79,20.51,20.58,13261018.0,206626198.0,16491037955.0,0.0008041348298503749
2016-10-14,20.54,20.62,20.33,20.59,8582556.0,132201977.0,16491037955.0,0.0005204375869741912
2016-10-17,20.59,20.78,20.51,20.55,17358651.0,270670134.0,16491037955.0,0.001052611184776089
2016-10-18,20.54,21.06,20.49,20.96,22490652.0,352375467.0,16491037955.0,0.0013638105776829497
2016-10-19,21.11,21.45,20.96,21.11,29212856.0,467266287.0,16491037955.0,0.0017714382854320465
2016-10-20,21.21,21.32,21.06,21.13,12451704.0,198853901.0,16491037955.0,0.0007550588406853255
2016-10-21,21.2,21.64,21.2,21.37,24779697.0,400763969.0,16491037955.0,0.0015026159704208868
2016-10-24,21.56,23.24,21.49,22.94,75346934.0,1280142993.0,16491037955.0,0.004568962499850119
2016-10-25,22.81,23.43,22.43,23.03,55471458.0,958389695.0,16491037955.0,0.0033637335716143525
2016-10-26,22.81,22.81,22.37,22.51,31525742.0,535788211.0,16491037955.0,0.0019116893724958988
2016-10-27,22.45,22.78,21.96,22.24,28664273.0,481668914.0,16491037955.0,0.0017381727625767264
2016-10-28,22.12,22.45,22.05,22.34,19658760.0,330016030.0,16491037955.0,0.0011920874873761092
2016-10-31,22.43,22.57,22.2,22.39,13647759.0,230852788.0,16491037955.0,0.0008275864161638211
2016-11-01,22.39,22.91,22.3,22.67,25709423.0,440377248.0,16491037955.0,0.0015589936224848135
2016-11-02,22.7,22.92,22.34,22.35,21424619.0,364906778.0,16491037955.0,0.0012991674058638718
2016-11-03,22.31,22.7,22.01,22.58,18898163.0,318867118.0,16491037955.0,0.001145965648224718
2016-11-04,22.65,23.4,22.58,23.0,39434556.0,687727243.0,16491037955.0,0.002391271920397445
2016-11-07,23.2,24.61,23.2,24.12,51873830.0,939559368.0,16491037955.0,0.0031455770183508743
2016-11-08,24.2,24.24,23.27,23.4,42431808.0,756118792.0,16491037955.0,0.0025730222752373745
2016-11-09,23.53,23.91,22.71,23.47,48233152.0,847222829.0,16491037955.0,0.0029248099562693658
2016-11-10,23.72,23.87,23.15,23.46,31519640.0,557725004.0,16491037955.0,0.0019113193533366044
2016-11-11,23.4,24.13,23.14,23.53,44213858.0,786233134.0,16491037955.0,0.0026810839997245036
2016-11-14,23.31,24.09,23.2,23.47,54249606.0,971207223.0,16491037955.0,0.003289641691931938
2016-11-15,23.47,23.69,22.69,22.87,35950636.0,626333597.0,16491037955.0,0.002180010506197395
2016-11-16,22.9,22.91,22.59,22.82,29414917.0,504367703.0,16491037955.0,0.0017836910617916287
2016-11-17,22.74,22.99,22.42,22.92,17863027.0,306961673.0,16491037955.0,0.0010831960394939253
2016-11-18,22.94,22.94,22.43,22.47,19741052.0,336408150.0,16491037955.0,0.0011970775917118433
2016-11-21,22.42,22.85,22.41,22.54,18863005.0,321646689.0,16491037955.0,0.0011438337023704946
2016-11-22,22.69,23.5,22.69,23.44,48515449.0,849096719.0,16491037955.0,0.0029419281631869847
2016-11-23,23.6,23.6,22.96,23.02,26924786.0,472211246.0,16491037955.0,0.0016326920157161205
2016-11-24,23.4,23.53,23.0,23.11,22174657.0,389209165.0,16491037955.0,0.0013446489578466318
2016-11-25,23.11,23.22,22.62,23.12,17764652.0,306826636.0,16491037955.0,0.0010772306781704937
2016-11-28,23.2,23.69,23.07,23.56,35859329.0,634728969.0,16491037955.0,0.0021744737413042963
2016-11-29,23.36,23.65,22.95,23.19,31610163.0,555089436.0,16491037955.0,0.0019168085772561063
2016-11-30,22.96,23.07,22.38,22.45,29951141.0,512885983.0,16491037955.0,0.001816207147283835
2016-12-01,22.53,22.85,22.42,22.7,23979631.0,409304737.0,16491037955.0,0.0014541007706994876
2016-12-02,22.65,23.04,22.58,22.73,25966482.0,447168601.0,16491037955.0,0.0015745814223977995
2016-12-05,22.45,22.92,22.31,22.63,21953617.0,375458814.0,16491037955.0,0.0013312453139642294
2016-12-06,22.74,23.16,22.69,22.7,16353912.0,282439269.0,16491037955.0,0.0009916848196351144
2016-12-07,22.79,23.04,22.54,22.98,12548788.0,216181961.0,16491037955.0,0.0007609459170637146
2016-12-08,22.98,23.24,22.9,22.92,14197740.0,246547967.0,16491037955.0,0.0008609367123368555
2016-12-09,22.81,23.11,22.66,22.98,12028765.0,207762559.0,16491037955.0,0.0007294122439608442
2016-12-12,23.23,23.6,22.66,22.86,36113341.0,630068191.0,16491037955.0,0.0021898767741936227
2016-12-13,22.67,22.71,22.21,22.65,18352899.0,310751109.0,16491037955.0,0.0011129013862002236
2016-12-14,22.47,22.54,22.01,22.08,17888459.0,301424678.0,16491037955.0,0.0010847382104639636
2016-12-15,22.01,22.16,21.33,21.65,29418740.0,482208477.0,16491037955.0,0.0017839228846769093
2016-12-16,21.63,21.63,21.16,21.33,21491610.0,346106759.0,16491037955.0,0.0013032296729075111
2016-12-19,21.33,21.67,21.25,21.4,14092821.0,228333391.0,16491037955.0,0.0008545745294174844
2016-12-20,21.39,21.41,21.1,21.35,13887374.0,222482626.0,16491037955.0,0.0008421164294142819
2016-12-21,21.35,21.64,21.32,21.48,16683971.0,269962235.0,16491037955.0,0.0010116992663243192
2016-12-22,21.43,21.51,21.28,21.35,12694964.0,204666898.0,16491037955.0,0.0007698098830796124
2016-12-23,21.4,21.4,20.72,21.02,23684344.0,374231643.0,16491037955.0,0.0014361948632116892
2016-12-26,20.95,20.95,20.5,20.83,13003157.0,202710431.0,16491037955.0,0.0007884983974618473
2016-12-27,20.76,20.88,20.74,20.76,7632098.0,119732331.0,16491037955.0,0.0004628027672258183
2016-12-28,20.92,20.96,20.72,20.82,9003805.0,141645523.0,16491037955.0,0.0005459817037938531
2016-12-29,21.12,21.49,21.04,21.27,24486475.0,393561847.0,16491037955.0,0.001484835282461758
2016-12-30,21.21,21.51,21.16,21.45,11293204.0,181568608.0,16491037955.0,0.000684808562736705
2017-01-03,21.47,21.63,21.29,21.47,11448503.0,185447499.0,16491037955.0,0.0006942257383216362
2017-01-04,21.44,21.68,21.36,21.61,13147856.0,213655593.0,16491037955.0,0.0007972727996792728
2017-01-05,21.69,21.86,21.6,21.63,11716844.0,191846531.0,16491037955.0,0.0007104976673980374
2017-01-06,21.68,21.82,21.48,21.73,11672156.0,191351085.0,16491037955.0,0.0007077878319030283
2017-01-09,21.68,22.05,21.68,21.88,12113563.0,200104666.0,16491037955.0,0.000734554309622896
2017-01-10,21.74,22.18,21.72,22.06,11447193.0,189978625.0,16491037955.0,0.000694146301235652
2017-01-11,22.08,22.35,21.89,21.92,21471862.0,359652562.0,16491037955.0,0.0013020321739960485
2017-01-12,21.9,22.18,21.81,21.84,10813118.0,179476283.0,16491037955.0,0.0006556966292544077
2017-01-13,21.93,22.08,21.77,22.01,12418202.0,205661202.0,16491037955.0,0.0007530273130100257
2017-01-16,22.16,22.46,21.88,22.39,30676860.0,513534809.0,16491037955.0,0.001860214019500145
2017-01-17,22.28,22.43,22.18,22.35,8503900.0,143058067.0,16491037955.0,0.000515667966031311
2017-01-18,22.42,22.77,22.22,22.61,14084420.0,240258979.0,16491037955.0,0.0008540651012042377
2017-01-19,22.58,22.79,22.41,22.51,7606468.0,129707645.0,16491037955.0,0.000461248589734387
2017-01-20,22.45,22.7,22.43,22.7,7710533.0,131614515.0,16491037955.0,0.000467558986950376
2017-01-23,22.7,22.87,22.69,22.71,10421934.0,179006925.0,16491037955.0,0.0006319756238775814
2017-01-24,22.74,22.99,22.57,22.94,14030148.0,241791898.0,16491037955.0,0.0008507741015626084
2017-01-25,23.03,23.03,22.71,22.79,8581056.0,147650273.0,16491037955.0,0.0005203466284787894
2017-01-26,22.67,22.87,22.45,22.83,19914084.0,339668759.0,16491037955.0,0.001207570078629414
2017-02-03,22.69,22.82,22.42,22.43,11768362.0,199928318.0,16491037955.0,0.000713621667242109
2017-02-06,22.5,22.51,22.01,22.17,17748262.0,297223717.0,16491037955.0,0.001076236805010737
2017-02-07,22.09,22.29,22.04,22.17,10923763.0,182685014.0,16491037955.0,0.0006624060310702256
2017-02-08,22.08,22.38,22.08,22.34,8389842.0,140645594.0,16491037955.0,0.0005087516033189556
2017-02-09,22.3,22.55,22.3,22.39,9223760.0,156011161.0,16491037955.0,0.0005593195543645815
2017-02-10,22.46,22.74,22.37,22.62,14837318.0,252691275.0,16491037955.0,0.0008997200807182303
2017-02-13,23.02,23.28,22.74,22.81,23709079.0,411685420.0,16491037955.0,0.0014376947688008641
2017-02-14,22.77,23.0,22.74,22.95,10888306.0,188019040.0,16491037955.0,0.000660255954155919
2017-02-15,22.91,23.18,22.78,22.95,18024083.0,311885497.0,16491037955.0,0.0010929623137842083
2017-02-16,22.94,23.14,22.87,23.07,15907676.0,276168740.0,16491037955.0,0.00096462551619905
2017-02-17,23.11,23.18,22.66,22.7,16974718.0,292126316.0,16491037955.0,0.0010293298727660348
2017-02-20,22.71,22.94,22.61,22.9,16147365.0,277374009.0,16491037955.0,0.0009791600167352837
2017-02-21,22.94,23.04,22.77,22.92,16749909.0,289338628.0,16491037955.0,0.0010156976805041863
2017-02-22,22.86,22.92,22.66,22.77,13691720.0,235090219.0,16491037955.0,0.0008302521671080588
2017-02-23,22.81,22.94,22.47,22.61,13154318.0,225265789.0,16491037955.0,0.0007976646488774636
2017-02-24,22.47,22.57,22.25,22.47,14260379.0,240733467.0,16491037955.0,0.0008647350784658358
2017-02-27,22.49,22.69,22.34,22.38,10990840.0,186584296.0,16491037955.0,0.0006664735130676012
2017-02-28,22.45,22.51,22.3,22.46,9009208.0,152251977.0,16491037955.0,0.0005463093362942903
2017-03-01,22.43,22.55,22.34,22.38,13907524.0,235244847.0,16491037955.0,0.000843338305202512
2017-03-02,22.5,22.54,22.26,22.26,12949979.0,218730624.0,16491037955.0,0.0007852737368828644
2017-03-03,22.26,22.26,22.01,22.1,10989777.0,182984071.0,16491037955.0,0.0006664090538138598
2017-03-06,22.14,22.47,22.14,22.35,13512495.0,227411327.0,16491037955.0,0.0008193841428824727
2017-03-07,22.37,22.41,22.22,22.35,8257357.0,138984949.0,16491037955.0,0.0005007178458100881
2017-03-08,22.34,22.39,22.21,22.29,6820123.0,114534878.0,16491037955.0,0.0004135654176899261
2017-03-09,22.2,22.21,21.6,22.01,25445591.0,419026430.0,16491037955.0,0.00154299511464559
2017-03-10,21.89,22.0,21.61,21.74,12907519.0,211686126.0,16491037955.0,0.0007826990050730254
2017-03-13,21.72,21.93,21.49,21.89,15687451.0,257312301.0,16491037955.0,0.0009512712930991493
2017-03-14,21.89,21.96,21.74,21.85,13383044.0,220574966.0,16491037955.0,0.0008115343640903045
2017-03-15,21.97,22.26,21.86,22.25,21197849.0,353366090.0,16491037955.0,0.0012854163005290348
2017-03-16,22.29,22.42,22.18,22.29,13651193.0,229728917.0,16491037955.0,0.0008277946504792942
2017-03-17,22.42,22.47,22.09,22.13,16813252.0,282892887.0,16491037955.0,0.0010195387364870085
2017-03-20,24.34,24.34,24.34,24.34,10543646.0,193581341.0,16491037955.0,0.0006393561174724736
2017-03-21,25.86,26.77,25.43,26.37,166940524.0,3294330362.0,16491037955.0,0.010123105923080146
2017-03-22,25.76,25.92,25.5,25.84,76439944.0,1482232756.0,16491037955.0,0.0046352415298894995
2017-03-23,25.89,25.92,25.36,25.64,51754395.0,998027460.0,16491037955.0,0.003138334599752002
2017-03-24,25.59,25.76,25.26,25.58,45523500.0,875297274.0,16491037955.0,0.0027604993769477985
2017-03-27,25.66,25.78,25.26,25.3,37661911.0,723332876.0,16491037955.0,0.0022837805056764846
2017-03-28,25.22,25.43,25.09,25.27,28519932.0,542667307.0,16491037955.0,0.0017294200691202034
2017-03-29,25.31,25.63,25.25,25.39,31444929.0,604398089.0,16491037955.0,0.0019067889532366309
2017-03-30,25.59,25.95,25.32,25.44,35147701.0,678517543.0,16491037955.0,0.0021313213331937905
2017-03-31,25.46,25.91,25.29,25.67,34741272.0,671720707.0,16491037955.0,0.0021066758863086976
2017-04-05,25.68,25.79,25.39,25.66,26938042.0,519357368.0,16491037955.0,0.0016334958462594844
2017-04-06,25.67,25.67,25.32,25.42,24247697.0,465209336.0,16491037955.0,0.0014703560240517317
2017-04-07,25.46,25.66,25.44,25.58,23043402.0,443984220.0,16491037955.0,0.0013973287832384957
2017-04-10,25.71,26.35,25.66,26.0,53091013.0,1042972582.0,16491037955.0,0.0032193857745566024
2017-04-11,26.09,26.16,25.43,25.79,30522593.0,591318411.0,16491037955.0,0.0018508594233600502
2017-04-12,25.67,25.7,25.43,25.52,18357041.0,353408544.0,16491037955.0,0.0011131525529255262
2017-04-13,25.48,25.64,25.48,25.58,12545235.0,241791267.0,16491037955.0,0.0007607304667076063
2017-04-14,25.64,25.66,25.39,25.51,15292040.0,293965346.0,16491037955.0,0.0009272939666822809
2017-04-17,25.55,25.62,25.35,25.59,15942410.0,306316989.0,16491037955.0,0.0009667317511185729
2017-04-18,25.54,25.62,25.42,25.48,11864574.0,228388988.0,16491037955.0,0.0007194558664151713
2017-04-19,25.4,25.44,24.82,25.18,25274983.0,478671748.0,16491037955.0,0.0015326496166565885
2017-04-20,25.14,25.19,24.87,25.17,19156423.0,361354648.0,16491037955.0,0.0011616262755730223
2017-04-21,25.18,25.43,25.03,25.4,17478746.0,332354570.0,16491037955.0,0.0010598936251129379
2017-04-24,25.32,25.62,25.03,25.59,20387051.0,389230892.0,16491037955.0,0.0012362503230925344
2017-04-25,25.43,25.6,25.35,25.47,16117385.0,309301595.0,16491037955.0,0.0009773420596071874
2017-04-26,25.43,25.58,25.35,25.39,11823131.0,227119197.0,16491037955.0,0.0007169428044652147
2017-04-27,25.46,25.62,25.23,25.6,16793800.0,322774240.0,16491037955.0,0.0010183591867186385
2017-04-28,25.56,25.95,25.5,25.82,21523311.0,418752262.0,16491037955.0,0.0013051519897493316
2017-05-02,26.17,26.62,26.03,26.25,35099160.0,698040799.0,16491037955.0,0.0021283778556435927
2017-05-03,26.2,26.65,26.04,26.61,26379249.0,526672456.0,16491037955.0,0.0015996111992454631
2017-05-04,26.6,26.6,26.07,26.37,23319309.0,462166751.0,16491037955.0,0.0014140595069657032
2017-05-05,26.12,26.33,25.6,26.23,32540206.0,637190764.0,16491037955.0,0.0019732054518820613
2017-05-08,25.99,26.37,25.71,26.36,26585732.0,524262691.0,16491037955.0,0.00161213212124949
2017-05-09,26.19,26.33,25.97,26.17,11574937.0,228415708.0,16491037955.0,0.000701892569260053
2017-05-10,26.11,26.37,25.91,26.16,13569985.0,267521711.0,16491037955.0,0.0008228702788162372
2017-05-11,26.13,26.33,25.72,26.23,26240880.0,516729506.0,16491037955.0,0.001591220641878633
2017-05-12,26.15,26.25,25.95,26.13,10420181.0,205184422.0,16491037955.0,0.0006318693237159553
2017-05-15,26.13,26.94,26.13,26.88,28247248.0,566589599.0,16491037955.0,0.0017128847848801158
2017-05-16,26.89,26.92,26.4,26.8,20870520.0,420396140.0,16491037955.0,0.0012655673983014613
2017-05-17,26.8,26.86,26.53,26.58,15116630.0,303965905.0,16491037955.0,0.0009166572802299999
2017-05-18,26.4,26.65,26.29,26.33,13343033.0,266005751.0,16491037955.0,0.0008091081371839581
2017-05-19,26.43,26.58,26.27,26.49,9441168.0,188034602.0,16491037955.0,0.0005725029574101178
2017-05-22,26.56,26.74,26.25,26.72,14294890.0,285783684.0,16491037955.0,0.0008668277908890423
2017-05-23,26.65,28.57,26.58,27.8,46098793.0,960169881.0,16491037955.0,0.0027953845674112392
2017-05-24,27.79,28.16,27.43,27.96,24813770.0,519846162.0,16491037955.0,0.001504682122963436
2017-05-25,27.86,28.69,27.78,28.43,31163924.0,665573671.0,16491037955.0,0.0018897490919030512
2017-05-26,28.22,28.61,28.04,28.57,25411038.0,543953292.0,16491037955.0,0.001540899855384512
2017-05-31,28.67,28.71,27.68,28.4,40348365.0,856838301.0,16491037955.0,0.002446684381547165
2017-06-01,28.16,28.85,27.88,28.8,34163715.0,734000275.0,16491037955.0,0.0020716534091561978
2017-06-02,28.69,29.58,28.63,29.55,28244820.0,623160536.0,16491037955.0,0.0017127375533955587
2017-09-01,32.51,32.51,32.51,32.51,7109389.0,151074516.0,16491037955.0,0.00043110621777718176
2017-09-04,35.77,35.77,33.81,34.48,186976848.0,4287295517.0,16491037955.0,0.011338088512694834
2017-09-05,33.88,33.98,32.48,32.77,90530354.0,1952583840.0,16491037955.0,0.0054896698586853745
2017-09-06,32.58,33.24,32.45,32.8,52463720.0,1127735464.0,16491037955.0,0.0031813473562525675
2017-09-07,32.97,32.97,31.62,31.71,54118226.0,1135709631.0,16491037955.0,0.0032816749405146827
2017-09-08,31.76,32.48,31.76,32.11,35855943.0,754772036.0,16491037955.0,0.002174268417660676
2017-09-11,32.11,32.31,31.7,31.88,33364042.0,696624048.0,16491037955.0,0.0020231620405605937
2017-09-12,32.15,33.24,32.15,33.0,53487157.0,1147141563.0,16491037955.0,0.0032434075493582236
2017-09-13,33.13,33.44,32.6,33.27,37733693.0,817837665.0,16491037955.0,0.002288133294154437
2017-09-14,33.2,33.42,32.25,32.4,33562772.0,717264963.0,16491037955.0,0.0020352128284213873
2017-09-15,32.17,32.37,31.13,31.34,37334620.0,771148343.0,16491037955.0,0.0022639339077307947
2017-09-18,31.13,31.54,31.02,31.21,24552569.0,501486162.0,16491037955.0,0.0014888431563251472
2017-09-19,31.37,31.44,30.85,31.18,28368124.0,576868015.0,16491037955.0,0.0017202145842735706
2017-09-20,31.15,31.71,31.08,31.39,22798909.0,468062526.0,16491037955.0,0.0013825029729609885
2017-09-21,31.41,31.79,31.07,31.3,19019710.0,390700010.0,16491037955.0,0.0011533361363851157
2017-09-22,31.19,31.57,30.9,31.54,17547460.0,358681407.0,16491037955.0,0.0010640603731482952
2017-09-25,31.39,31.86,31.1,31.79,21042581.0,433923532.0,16491037955.0,0.0012760010047530087
2017-09-26,31.73,32.55,31.67,32.48,25954148.0,548405981.0,16491037955.0,0.0015738335010096094
2017-09-27,32.34,33.03,32.34,32.55,21255018.0,454896173.0,16491037955.0,0.0012888829713447833
2017-09-28,32.64,32.64,32.31,32.49,12650592.0,268330763.0,16491037955.0,0.0007671192095076347
2017-09-29,32.4,32.71,31.79,32.03,18196152.0,383150461.0,16491037955.0,0.0011033964053477313
2017-10-09,32.46,32.71,31.6,31.65,25498370.0,536559140.0,16491037955.0,0.001546195580264796
2017-10-10,31.73,31.73,31.02,31.33,32101594.0,656039206.0,16491037955.0,0.0019466084601586257
2017-10-11,31.31,31.51,31.19,31.47,13222525.0,271210935.0,16491037955.0,0.0008018006529413752
2017-10-12,31.51,31.51,30.76,30.99,23258251.0,471772648.0,16491037955.0,0.0014103570110908766
2017-10-13,31.05,31.37,31.05,31.25,12615105.0,257561130.0,16491037955.0,0.00076496731342342
2017-10-16,31.37,31.44,31.15,31.28,12864358.0,262996527.0,16491037955.0,0.0007800817653263354
2017-10-17,31.31,31.48,30.95,30.98,16166582.0,330188636.0,16491037955.0,0.0009803253163393742
2017-10-18,30.96,31.47,30.96,31.42,16967289.0,346255146.0,16491037955.0,0.0010288793856578083
2017-10-19,31.37,31.68,31.13,31.65,19961862.0,409694755.0,16491037955.0,0.0012104672886249506
2017-10-20,31.65,31.7,31.28,31.37,10622570.0,218000878.0,16491037955.0,0.0006441419896665322
2017-10-23,31.36,31.36,31.05,31.15,9663849.0,196695305.0,16491037955.0,0.0005860061098864896
2017-10-24,31.16,31.54,31.07,31.48,15974381.0,327763367.0,16491037955.0,0.0009686704404895659
2017-10-25,31.39,31.91,31.33,31.68,13849665.0,286594489.0,16491037955.0,0.0008398297934788787
2017-10-26,31.73,32.54,31.44,31.57,35147025.0,733612807.0,16491037955.0,0.002131280341231863
2017-10-27,31.65,32.08,31.39,31.68,23603487.0,488815895.0,16491037955.0,0.0014312917758365561
2017-10-30,31.56,31.74,30.95,31.51,23550023.0,482041687.0,16491037955.0,0.00142804977250445
2017-10-31,31.39,31.91,31.28,31.77,15261024.0,315928422.0,16491037955.0,0.0009254131875533604
2017-11-01,31.71,32.11,31.21,31.24,26496244.0,546875550.0,16491037955.0,0.0016067056586918152
2017-11-02,31.27,31.42,31.02,31.31,14688786.0,299791681.0,16491037955.0,0.0008907132492255549
2017-11-03,31.34,31.5,30.79,31.45,22553483.0,458897732.0,16491037955.0,0.0013676205864993414
2017-11-06,31.25,31.39,31.02,31.19,12799110.0,260664233.0,16491037955.0,0.000776125192054353
2017-11-07,31.28,31.44,30.95,31.27,23186918.0,472925017.0,16491037955.0,0.0014060314495225477
2017-11-08,31.27,31.54,31.13,31.41,24028952.0,492455339.0,16491037955.0,0.001457091546667294
2017-11-09,31.57,33.81,31.56,33.73,76348617.0,1646380436.0,16491037955.0,0.004629703552216462
2017-11-10,33.29,33.59,32.81,33.04,48061544.0,1041460952.0,16491037955.0,0.0029144038192834296
2017-11-13,32.83,34.63,32.83,34.17,61326414.0,1362423192.0,16491037955.0,0.003718772230549996
2017-11-14,34.17,36.99,34.17,35.99,81082526.0,1898120691.0,16491037955.0,0.004916763045555673
2017-11-15,35.43,36.71,35.03,36.58,55504221.0,1308331531.0,16491037955.0,0.003365720287070918
2017-11-16,36.21,36.21,35.18,36.06,41640566.0,970804817.0,16491037955.0,0.0025250421540249255
2017-11-17,35.8,35.96,34.37,35.75,67247076.0,1545172996.0,16491037955.0,0.004077795235418218
2017-11-20,35.31,36.29,34.59,36.24,42219789.0,978409082.0,16491037955.0,0.0025601656557463185
2017-11-21,36.24,37.77,35.34,35.47,75544050.0,1805202620.0,16491037955.0,0.004580915416369861
2017-11-22,35.95,37.39,35.32,37.33,87172794.0,2068335716.0,16491037955.0,0.0052860707881379684
2017-11-23,37.54,38.03,35.98,36.12,86420225.0,2107679591.0,16491037955.0,0.005240435758853967
2017-11-24,35.49,35.72,34.34,35.26,57654995.0,1319352140.0,16491037955.0,0.0034961410650637243
2017-11-27,34.98,35.49,34.42,35.31,38183509.0,876949324.0,16491037955.0,0.002315409685199527
2017-11-28,35.15,35.77,34.24,35.69,33294204.0,763376013.0,16491037955.0,0.002018927134292682
2017-11-29,35.78,37.34,35.78,36.58,60675062.0,1452889702.0,16491037955.0,0.0036792748986187148
2017-11-30,36.56,37.66,36.13,36.41,41842553.0,1005493684.0,16491037955.0,0.0025372904430987346
2017-12-01,35.98,36.04,34.68,35.18,46992013.0,1079619861.0,16491037955.0,0.002849548532253075
2017-12-04,35.34,35.54,34.36,34.89,33258680.0,756961861.0,16491037955.0,0.0020167729945655805
2017-12-05,34.86,35.93,34.42,35.67,54331574.0,1256147102.0,16491037955.0,0.003294612149232665
2017-12-06,35.52,35.52,34.45,34.77,32023091.0,730391734.0,16491037955.0,0.0019418481169822764
2017-12-07,34.82,34.83,33.42,33.68,34109637.0,756668473.0,16491037955.0,0.002068374173479974
2017-12-08,33.23,34.07,32.89,33.46,26924930.0,590177151.0,16491037955.0,0.001632700747731679
2017-12-11,33.67,34.46,33.65,34.27,22348697.0,498161826.0,16491037955.0,0.0013552025688731125
2017-12-12,34.27,34.27,33.35,33.36,16276370.0,358792123.0,16491037955.0,0.0009869827505348192
2017-12-13,33.27,34.05,33.21,33.93,13647717.0,300668120.0,16491037955.0,0.0008275838693259499
2017-12-14,33.9,34.31,33.61,33.78,13710731.0,304069601.0,16491037955.0,0.0008314049750787806
2017-12-15,33.87,33.9,33.04,33.35,16048818.0,349572669.0,16491037955.0,0.0009731842255043794
2017-12-18,33.49,34.42,33.18,34.39,24372352.0,541761549.0,16491037955.0,0.001477914978214602
2017-12-19,34.17,34.63,34.1,34.36,17738955.0,398302045.0,16491037955.0,0.0010756724378662677
2017-12-20,34.36,35.17,34.2,34.51,20275491.0,460790062.0,16491037955.0,0.0012294854365945216
2017-12-21,34.27,34.83,33.65,34.72,17169245.0,385641397.0,16491037955.0,0.0010411257949227127
2017-12-22,34.65,35.54,34.63,35.38,23210394.0,535654071.0,16491037955.0,0.001407455010614582
2017-12-25,35.47,35.6,34.88,35.35,17518919.0,403614664.0,16491037955.0,0.0010623296755367876
2017-12-26,35.28,35.28,34.57,35.03,17375467.0,396403630.0,16491037955.0,0.0010536308901485396
2017-12-27,35.03,36.36,34.86,35.34,33077367.0,770819177.0,16491037955.0,0.0020057783561143955
2017-12-28,35.18,36.22,34.88,35.75,29043451.0,678192239.0,16491037955.0,0.001761165736156357
2017-12-29,35.57,35.95,35.29,35.44,13903977.0,322624992.0,16491037955.0,0.0008431232186803853
2018-01-02,35.64,36.5,35.46,36.42,37891003.0,890989195.0,16491037955.0,0.0022976724147622035
2018-01-03,36.19,36.81,35.54,35.66,49028112.0,1158234484.0,16491037955.0,0.0029730155332724174
2018-01-04,35.67,36.1,35.26,35.32,45551951.0,1062121895.0,16491037955.0,0.002762224617049582
2018-01-05,35.6,36.81,35.41,36.19,51840206.0,1225099690.0,16491037955.0,0.0031435380927179487
2018-01-08,36.25,39.3,36.25,38.37,92897079.0,2315171120.0,16491037955.0,0.005633185688705184
2018-01-09,38.35,38.37,37.42,37.92,45887500.0,1136128891.0,16491037955.0,0.0027825719718319575
2018-01-10,37.75,38.93,37.65,38.11,54219887.0,1357542027.0,16491037955.0,0.003287839561582041
2018-01-11,38.17,38.43,36.84,37.14,46557668.0,1139426744.0,16491037955.0,0.0028232102871295585
2018-01-12,37.08,37.65,36.94,37.26,30523189.0,743017739.0,16491037955.0,0.001850895564202223
2018-01-15,37.25,37.25,35.81,35.98,39194515.0,934212404.0,16491037955.0,0.00237671607493429
2018-01-16,35.83,36.42,35.09,35.54,51302706.0,1200597633.0,16491037955.0,0.003110944631865654
2018-01-17,35.58,36.51,35.35,35.99,47330188.0,1112912666.0,16491037955.0,0.0028700551250414002
2018-01-18,35.69,36.36,35.69,35.98,54528270.0,1284148785.0,16491037955.0,0.0033065395973736937
2018-01-19,36.12,37.29,36.06,36.96,73516446.0,1771914692.0,16491037955.0,0.004457963543629477
2018-01-22,37.1,37.86,36.9,37.39,53729497.0,1313535455.0,16491037955.0,0.0032581028038753306
2018-01-23,37.43,38.3,37.43,38.2,56212932.0,1393438751.0,16491037955.0,0.0034086958112273654
2018-01-24,38.55,38.73,37.43,37.92,44750566.0,1107287856.0,16491037955.0,0.0027136294344912264
2018-01-25,38.27,38.95,38.12,38.47,51865414.0,1308337460.0,16491037955.0,0.0031450666805526734
2018-01-26,38.4,39.01,38.06,38.7,38092470.0,957916050.0,16491037955.0,0.002309889171557607
2018-01-29,39.19,41.21,39.19,39.97,80884329.0,2123792601.0,16491037955.0,0.004904744578280246
2018-01-30,40.02,40.75,39.25,39.62,51127802.0,1336149170.0,16491037955.0,0.0031003386287458217
2018-01-31,39.47,40.46,39.1,40.37,40035735.0,1044581206.0,16491037955.0,0.0024277268119355317
2018-02-01,40.48,41.99,40.31,41.04,57592271.0,1546765052.0,16491037955.0,0.0034923375446200043
2018-02-02,40.84,44.48,39.85,43.83,85699715.0,2385727489.0,16491037955.0,0.005196744755172689
2018-02-05,43.29,45.02,42.68,43.89,94155228.0,2701717608.0,16491037955.0,0.00570947858205933
2018-02-06,42.22,43.37,41.79,42.68,82918226.0,2304261532.0,16491037955.0,0.005028078052228338
2018-02-07,43.75,44.62,40.61,41.15,87833753.0,2451634171.0,16491037955.0,0.0053261506789128
2018-02-08,39.76,40.28,37.72,38.93,82357324.0,2097634065.0,16491037955.0,0.004994065517569782
2018-02-09,36.88,38.06,35.05,37.16,82417015.0,1958685718.0,16491037955.0,0.0049976851199358
2018-02-12,36.7,37.31,35.73,36.58,47806334.0,1141518949.0,16491037955.0,0.0028989281408757753
2018-02-13,37.4,38.0,36.85,37.4,41066085.0,1003629475.0,16491037955.0,0.0024902062024269958
2018-02-14,37.4,37.91,36.71,37.77,30562605.0,746664956.0,16491037955.0,0.0018532857109053935
2018-02-22,38.49,39.07,37.88,38.81,39280433.0,988759938.0,16491037955.0,0.0023819260562729086
2018-02-23,39.02,39.47,38.43,39.19,36498984.0,929542151.0,16491037955.0,0.002213261778888435
2018-02-26,39.39,40.4,38.92,39.51,41028983.0,1058777730.0,16491037955.0,0.0024879563743627317
2018-02-27,39.54,39.56,37.28,37.49,54174563.0,1344848709.0,16491037955.0,0.003285091159684982
2018-02-28,37.0,37.54,36.03,36.96,37027517.0,889075902.0,16491037955.0,0.0022453114898552183
2018-03-01,36.39,36.93,36.04,36.47,36591468.0,872462190.0,16491037955.0,0.0022188699158809254
2018-03-02,36.07,36.18,35.28,35.73,32280357.0,753315258.0,16491037955.0,0.001957448469167628
2018-03-05,35.9,36.38,35.61,35.92,25646950.0,602347025.0,16491037955.0,0.0015552053224293244
2018-03-06,36.18,36.79,35.32,36.61,42178920.0,996753083.0,16491037955.0,0.002557687400580602
2018-03-07,36.56,36.7,35.77,35.99,23848075.0,565894352.0,16491037955.0,0.0014461233468187722
2018-03-08,36.01,36.07,35.49,35.64,28450223.0,663701457.0,16491037955.0,0.0017251929852828962
2018-03-09,35.72,36.01,35.28,35.51,31472735.0,730590387.0,16491037955.0,0.0019084750811853917
2018-03-12,35.61,36.04,35.34,35.57,38982350.0,908816823.0,16491037955.0,0.0023638506021496815
2018-03-13,35.6,36.01,35.52,35.75,27686778.0,647671474.0,16491037955.0,0.0016788984462682355
2018-03-14,35.75,36.16,35.23,35.93,31066854.0,724709440.0,16491037955.0,0.001883862864470619
2018-03-15,35.72,36.13,35.46,36.07,27543225.0,645684061.0,16491037955.0,0.001670193536341297
2018-03-16,36.09,36.12,35.49,35.52,24083363.0,563082052.0,16491037955.0,0.0014603909751294973
2018-03-19,35.28,35.29,33.59,33.62,55282899.0,1232446110.0,16491037955.0,0.0033522995429913797
2018-03-20,33.2,34.19,32.9,34.01,29399305.0,647642455.0,16491037955.0,0.0017827443657714873
2018-03-21,33.99,34.24,33.53,34.01,28655464.0,634576734.0,16491037955.0,0.0017376385936527304
2018-03-22,34.04,34.17,33.47,33.99,23555785.0,520929856.0,16491037955.0,0.0014283991744047865
2018-03-23,32.66,34.01,32.23,33.93,55076340.0,1186343653.0,16491037955.0,0.0033397740124235862
2018-03-26,32.4,33.13,31.85,32.22,43304733.0,918496185.0,16491037955.0,0.0026259555716364245
2018-03-27,32.55,32.69,31.94,32.49,35434778.0,746355512.0,16491037955.0,0.0021487293945167563
2018-03-28,31.89,32.34,31.6,31.73,25279245.0,527671877.0,16491037955.0,0.0015329080600615232
2018-03-29,31.51,32.63,30.61,32.32,47655852.0,984517657.0,16491037955.0,0.0028898030633390777
2018-03-30,32.12,32.32,31.74,31.89,21167114.0,442460335.0,16491037955.0,0.0012835525609582528
2018-04-02,31.97,32.58,31.85,31.88,20638128.0,434004372.0,16491037955.0,0.0012514753805258584
2018-04-03,31.37,31.41,30.99,31.04,19843753.0,404379627.0,16491037955.0,0.0012033052773360135
2018-04-04,31.19,31.44,30.79,30.84,15770557.0,320782565.0,16491037955.0,0.000956310757578388
2018-04-09,30.78,31.21,30.61,31.04,16773238.0,339640269.0,16491037955.0,0.0010171123276636713
2018-04-10,31.15,32.12,31.02,32.11,29593009.0,615777501.0,16491037955.0,0.001794490382033688
2018-04-11,32.49,32.57,31.89,32.08,25711264.0,541949309.0,16491037955.0,0.0015591052588781699
2018-04-12,32.12,32.2,31.47,31.59,18630711.0,386449480.0,16491037955.0,0.0011297476272165913
2018-04-13,31.79,31.97,31.47,31.5,14624415.0,302588812.0,16491037955.0,0.0008868098563538841
2018-04-16,31.51,31.54,30.32,30.46,32368224.0,649303014.0,16491037955.0,0.001962776635911272
2018-04-17,30.35,30.75,29.91,29.92,23086873.0,456452955.0,16491037955.0,0.0013999648210742354
2018-04-18,30.17,30.47,29.85,30.32,22699337.0,448754845.0,16491037955.0,0.0013764650267582262
2018-04-19,30.44,31.6,30.44,31.54,30686732.0,625725005.0,16491037955.0,0.0018608126476778823
2018-04-20,31.22,31.56,30.69,31.44,21638129.0,440933354.0,16491037955.0,0.0013121144380993574
2018-04-23,31.13,31.63,30.92,31.5,15466729.0,316658655.0,16491037955.0,0.0009378869324177721
2018-04-24,31.56,32.97,31.56,32.32,35400228.0,750962083.0,16491037955.0,0.0021466343171726693
2018-04-25,32.03,32.17,31.54,31.68,19251968.0,399612697.0,16491037955.0,0.0011674200285351293
2018-04-26,31.8,31.96,31.05,31.65,16301915.0,334860675.0,16491037955.0,0.000988531773711511
2018-04-27,31.62,32.26,31.04,32.03,24436237.0,506807594.0,16491037955.0,0.0014817889005337627
2018-05-02,31.51,31.56,30.84,30.99,19884433.0,404537788.0,16491037955.0,0.001205772071731309
2018-05-03,30.84,31.63,30.84,31.28,16767486.0,343284216.0,16491037955.0,0.001016763532153304
2018-05-04,31.37,31.5,30.98,31.07,16660453.0,340076838.0,16491037955.0,0.0010102731583944136
2018-05-07,31.22,31.97,30.99,31.94,27592999.0,571770702.0,16491037955.0,0.0016732117817747148
2018-05-08,32.0,32.42,31.85,32.34,21954634.0,462489302.0,16491037955.0,0.0013313069838241118
2018-05-09,32.4,33.03,32.19,32.45,26217493.0,559470855.0,16491037955.0,0.0015898024776573258
2018-05-10,32.72,33.13,32.6,32.89,26209325.0,563828065.0,16491037955.0,0.0015893071783303649
2018-05-11,33.04,33.27,32.42,32.77,20808439.0,446863226.0,16491037955.0,0.0012618028687327704
2018-05-14,33.03,33.27,32.72,32.89,23344328.0,502320817.0,16491037955.0,0.0014155766340300075
2018-05-15,32.89,32.97,32.17,32.51,21117115.0,447882559.0,16491037955.0,0.0012805206717505248
2018-05-16,32.42,32.77,32.15,32.37,19611393.0,415455815.0,16491037955.0,0.0011892152000083126
2018-05-17,32.37,32.72,32.37,32.55,12922084.0,275098285.0,16491037955.0,0.0007835822120633764
2018-05-18,32.58,34.25,32.49,34.14,47238474.0,1037854849.0,16491037955.0,0.0028644936800765494
2018-05-21,33.81,34.28,33.61,33.76,29570687.0,654764972.0,16491037955.0,0.0017931367983441162
2018-05-22,33.78,33.91,33.27,33.46,19438829.0,425084291.0,16491037955.0,0.0011787510921413072
2018-05-23,33.04,33.04,30.82,31.11,59570830.0,1230988292.0,16491037955.0,0.0036123153777557356
2018-05-24,31.01,31.5,30.82,31.22,19617922.0,400889429.0,16491037955.0,0.001189611112019298
2018-05-25,31.24,31.45,31.07,31.39,16143414.0,330363679.0,16491037955.0,0.0009789204320583957
2018-05-28,31.45,31.67,31.27,31.41,11047248.0,227178505.0,16491037955.0,0.0006698940376066826
2018-05-29,31.59,32.05,31.53,31.63,16392794.0,339707496.0,16491037955.0,0.0009940425851139216
2018-05-30,31.07,31.33,30.61,30.67,15912688.0,321250374.0,16491037955.0,0.0009649294388516857
2018-05-31,30.92,31.27,30.76,31.21,12891795.0,261795479.0,16491037955.0,0.0007817455174852273
2018-06-01,31.42,32.25,31.42,31.62,24586292.0,513083716.0,16491037955.0,0.0014908880852187694
2018-06-04,31.86,32.26,31.71,32.03,17365256.0,363180413.0,16491037955.0,0.0010530117053508413
2018-06-05,32.03,32.09,31.41,31.82,18626330.0,386273176.0,16491037955.0,0.0011294819677710214
2018-06-06,31.76,32.22,31.62,32.14,19826301.0,415103887.0,16491037955.0,0.0012022470055615127
2018-06-07,32.26,32.68,32.19,32.57,21514493.0,457272153.0,16491037955.0,0.0013046172750743633
2018-06-08,32.4,32.66,31.71,31.97,23525162.0,494024500.0,16491037955.0,0.0014265422264016614
2018-06-11,31.74,31.96,31.27,31.62,14912735.0,307935483.0,16491037955.0,0.0009042932919500397
2018-06-12,31.62,32.4,31.54,32.32,24542711.0,514056015.0,16491037955.0,0.0014882453770933668
2018-06-13,32.32,32.32,31.73,32.02,25286213.0,526924022.0,16491037955.0,0.001533330592592163
2018-06-14,31.82,32.23,31.74,32.11,23004969.0,481498329.0,16491037955.0,0.0013949982446693119
2018-06-15,32.06,32.71,31.91,32.42,29111897.0,616670408.0,16491037955.0,0.001765316232940536
2018-06-19,32.12,33.21,31.28,32.75,84786394.0,1786039433.0,16491037955.0,0.005141361885853473
2018-06-20,32.43,32.57,31.99,32.15,18933298.0,398613550.0,16491037955.0,0.0011480961993820115
2018-06-21,32.31,33.27,32.26,32.42,29393976.0,630343085.0,16491037955.0,0.0017824212205568234
2018-06-22,31.93,32.29,30.98,32.17,15993437.0,332990715.0,16491037955.0,0.0009698259772151497
2018-06-25,32.28,32.35,31.21,31.28,24123395.0,499263937.0,16491037955.0,0.0014628184754547791
2018-06-26,30.9,31.25,30.29,30.63,21621601.0,432846141.0,16491037955.0,0.0013111121967580238
2018-06-27,30.73,31.05,30.11,30.5,21437932.0,426522904.0,16491037955.0,0.0012999746928300609
2018-06-28,30.26,30.55,30.01,30.11,13459350.0,266079801.0,16491037955.0,0.0008161614833903886
2018-06-29,30.14,30.58,29.92,30.5,10668504.0,211597111.0,16491037955.0,0.0006469273813517216
2018-07-02,30.59,30.9,28.61,29.14,28360916.0,550165648.0,16491037955.0,0.0017197774983836668
2018-07-03,29.06,29.11,27.86,28.73,21897486.0,407953064.0,16491037955.0,0.001327841586427299
2018-07-04,28.61,29.02,28.48,28.8,15537548.0,292988387.0,16491037955.0,0.0009421813255416766
2018-07-05,28.8,29.26,28.15,29.25,20658343.0,388785114.0,16491037955.0,0.0012527011978488893
2018-07-06,28.93,29.6,28.84,29.52,18826377.0,360575272.0,16491037955.0,0.0011416126171907776
2018-07-09,29.52,29.84,28.93,29.8,19119188.0,351740442.0,16491037955.0,0.001159368382522166
2018-07-10,29.72,29.78,28.99,29.3,19840535.0,362687291.0,16491037955.0,0.0012031101410438783
2018-07-11,28.61,28.66,27.98,28.16,18531476.0,326589517.0,16491037955.0,0.0011237301163557962
2018-07-12,28.19,28.82,28.14,28.59,26388063.0,468455756.0,16491037955.0,0.001600145671364444
2018-07-13,28.58,28.58,27.95,28.18,23732737.0,416808211.0,16491037955.0,0.0014391293661903406
2018-07-16,28.16,28.46,28.11,28.38,18970891.0,334726107.0,16491037955.0,0.0011503758011937703
2018-07-17,28.27,28.3,27.55,27.84,18169457.0,314200837.0,16491037955.0,0.0011017776473245646
2018-07-18,27.93,28.06,27.57,27.63,14370431.0,248468077.0,16491037955.0,0.0008714085213564715
2018-07-19,27.76,27.9,27.52,27.6,11778687.0,203125650.0,16491037955.0,0.0007142477648854577
2018-07-20,27.47,27.95,26.81,27.82,20892369.0,356567616.0,16491037955.0,0.0012668922997454831
2018-07-23,27.57,28.83,27.53,28.79,28501634.0,503206514.0,16491037955.0,0.001728310496754296
2018-07-24,28.8,30.13,28.77,29.93,40580398.0,750719431.0,16491037955.0,0.002460754629922868
2018-07-25,29.86,30.1,29.4,29.64,14647139.0,270916065.0,16491037955.0,0.0008881878169202237
2018-07-26,29.7,30.1,29.25,29.38,12614806.0,232674626.0,16491037955.0,0.0007649491823633366
2018-07-27,29.54,29.65,29.22,29.52,10254421.0,188075762.0,16491037955.0,0.0006218178035840923
2018-07-30,29.52,29.93,29.14,29.57,13319177.0,245258080.0,16491037955.0,0.0008076615332730887
2018-07-31,29.56,29.7,29.15,29.52,8948227.0,164201458.0,16491037955.0,0.0005426115096222274
2018-08-01,29.62,29.84,28.75,28.75,13262424.0,241863866.0,16491037955.0,0.0008042200882800648
2018-08-02,28.71,28.74,27.93,28.21,13917474.0,245204819.0,16491037955.0,0.0008439416632220104
2018-08-03,28.08,29.12,28.08,28.26,16871038.0,300437995.0,16491037955.0,0.0010230428215638656
2018-08-06,28.34,28.5,27.66,27.93,13004256.0,226845415.0,16491037955.0,0.0007885650397194783
2018-08-07,28.24,29.12,27.97,29.11,19487577.0,347778633.0,16491037955.0,0.0011817071219638704
2018-08-08,28.91,29.48,28.88,29.22,16852687.0,306183276.0,16491037955.0,0.0010219300353311205
2018-08-09,29.03,29.57,28.79,29.36,19518949.0,356976088.0,16491037955.0,0.0011836094885756996
2018-08-10,29.36,29.4,28.91,29.09,10065497.0,182879205.0,16491037955.0,0.0006103616417272384
2018-08-13,28.91,28.91,28.24,28.74,15410298.0,273756341.0,16491037955.0,0.0009344650131817612
2018-08-14,28.66,28.98,28.37,28.74,11294246.0,201994434.0,16491037955.0,0.0006848717485715107
2018-08-15,28.87,28.87,27.82,27.82,16377849.0,287779157.0,16491037955.0,0.0009931363353047355
2018-08-16,27.29,28.09,27.13,27.73,13175363.0,227459905.0,16491037955.0,0.0007989407965679502
2018-08-17,28.01,28.03,27.55,27.63,8100671.0,140046268.0,16491037955.0,0.0004912165639364087
2018-08-20,27.85,28.26,27.47,28.18,12053989.0,209945382.0,16491037955.0,0.00073094180201952
2018-08-21,28.26,28.53,27.98,28.35,12101963.0,213217459.0,16491037955.0,0.0007338508972584558
2018-08-22,28.26,28.66,28.13,28.4,8872217.0,157320088.0,16491037955.0,0.000538002339465236
2018-08-23,28.35,28.66,27.84,28.19,10059632.0,176647603.0,16491037955.0,0.0006100059940102175
2018-08-24,28.13,28.18,27.74,28.0,7194673.0,125273421.0,16491037955.0,0.0004362777539917438
2018-08-27,28.16,29.01,28.05,28.93,18570975.0,330428747.0,16491037955.0,0.001126125296095712
2018-08-28,29.03,29.7,28.88,29.2,22621490.0,413527079.0,16491037955.0,0.0013717444627638661
2018-08-29,29.35,29.76,29.28,29.49,15228583.0,280340595.0,16491037955.0,0.0009234459978538082
2018-08-30,29.44,29.97,29.44,29.64,17496650.0,323778745.0,16491037955.0,0.0010609793057140531
2018-08-31,29.64,29.75,28.91,29.68,18405517.0,336561899.0,16491037955.0,0.0011160920889409232
2018-09-03,29.41,29.75,28.96,29.35,13275903.0,242929557.0,16491037955.0,0.000805037441319745
2018-09-04,29.43,29.86,29.03,29.7,13546672.0,248822958.0,16491037955.0,0.0008214566018807032
2018-09-05,29.43,29.6,28.82,28.83,12419240.0,225379853.0,16491037955.0,0.0007530902562888438
2018-09-06,28.75,29.44,28.72,28.93,10721178.0,194167612.0,16491037955.0,0.0006501214798762496
2018-09-07,29.8,30.52,29.38,30.33,37848178.0,710730103.0,16491037955.0,0.0022950755497184836
2018-09-10,30.02,30.28,29.67,29.83,15306874.0,285575983.0,16491037955.0,0.0009281934855628073
2018-09-11,29.93,29.93,29.03,29.22,16438478.0,300144787.0,16491037955.0,0.0009968128170498775
2018-09-12,29.17,29.44,28.93,29.15,8841721.0,160439890.0,16491037955.0,0.0005361530926147214
2018-09-13,29.6,29.75,29.11,29.46,9721703.0,177692543.0,16491037955.0,0.0005895143184151382
2018-09-14,29.46,29.76,29.19,29.72,11898217.0,219103997.0,16491037955.0,0.0007214959441890388
2018-09-17,29.54,29.6,29.01,29.11,9070140.0,164941848.0,16491037955.0,0.0005500041916555033
2018-09-18,28.91,29.83,28.91,29.83,12337249.0,226628552.0,16491037955.0,0.000748118404291187
2018-09-19,29.67,30.82,29.64,30.37,22844714.0,432352331.0,16491037955.0,0.0013852805422155735
2018-09-20,30.49,30.66,29.89,29.99,20073145.0,377934483.0,16491037955.0,0.0012172153781208129
2018-09-21,30.07,32.0,30.05,31.9,44694719.0,866768745.0,16491037955.0,0.002710242928429425
2018-09-25,31.32,31.71,31.11,31.47,23311535.0,456302810.0,16491037955.0,0.0014135880994035346
2018-09-26,31.48,32.72,31.48,31.95,30623577.0,613231432.0,16491037955.0,0.0018569829918264839
2018-09-27,31.95,32.83,31.8,32.56,24620059.0,497280437.0,16491037955.0,0.0014929356822282567
2018-09-28,32.64,33.01,32.29,32.73,21493018.0,438034346.0,16491037955.0,0.0013033150526151947
2018-10-08,31.9,32.62,31.84,32.01,21488175.0,431411930.0,16491037955.0,0.001303021377953041
2018-10-09,32.03,33.47,32.0,32.88,25753953.0,527736424.0,16491037955.0,0.0015616938770183068
2018-10-10,32.88,33.99,32.75,33.79,29955430.0,625134143.0,16491037955.0,0.0018164672279416872
2018-10-11,32.51,33.41,31.88,32.19,36250316.0,736718865.0,16491037955.0,0.0021981828007987263
2018-10-12,32.48,33.1,31.92,33.07,34167672.0,690368323.0,16491037955.0,0.0020718933576670674
2018-10-15,32.75,32.94,31.9,32.09,23320955.0,469741695.0,16491037955.0,0.0014141593187546576
2018-10-16,32.03,32.67,31.92,32.09,15434951.0,311163101.0,16491037955.0,0.0009359599463731875
2018-10-17,32.54,32.88,31.32,32.53,20654378.0,415935212.0,16491037955.0,0.0012524607642260442
2018-10-18,32.11,32.25,30.42,30.58,28687466.0,555488760.0,16491037955.0,0.0017395791628326285
2018-10-19,30.44,31.74,30.01,31.45,25751027.0,496869636.0,16491037955.0,0.0015615164473132765
2018-10-22,31.55,33.25,31.5,32.41,36118537.0,730627238.0,16491037955.0,0.0021901918544216946
2018-10-23,32.46,33.15,31.87,32.11,40966913.0,833758729.0,16491037955.0,0.0024841925118230072
2018-10-24,31.95,32.98,31.79,32.54,20427029.0,413039821.0,16491037955.0,0.001238674548911982
2018-10-25,31.71,32.08,30.97,31.96,24448920.0,479679247.0,16491037955.0,0.001482557984931883
2018-10-26,32.19,33.31,31.64,32.7,22850167.0,459431686.0,16491037955.0,0.001385611206665857
2018-10-29,32.49,32.49,31.32,31.64,23525714.0,466492319.0,16491037955.0,0.001426575699127969
2018-10-30,31.64,31.93,30.7,31.27,19439901.0,380207203.0,16491037955.0,0.0011788160971460211
2018-10-31,31.31,32.38,31.29,32.17,19990147.0,397311351.0,16491037955.0,0.001212182462653243
2018-11-01,32.51,32.67,31.79,32.01,21371633.0,429038945.0,16491037955.0,0.0012959543879723003
2018-11-02,32.53,32.67,31.59,32.46,29819018.0,597226105.0,16491037955.0,0.001808195341091858
2018-11-05,32.32,32.4,31.96,32.29,15570577.0,311763763.0,16491037955.0,0.0009441841709714263
2018-11-06,32.24,32.81,32.16,32.73,18998209.0,385617358.0,16491037955.0,0.001152032337312027
2018-11-07,32.96,33.04,32.17,32.77,18483752.0,375447675.0,16491037955.0,0.0011208361808660939
2018-11-08,32.91,33.63,32.64,33.36,21977287.0,455268606.0,16491037955.0,0.001332680639021669
2018-11-09,33.2,33.49,32.83,32.88,11617961.0,239239827.0,16491037955.0,0.000704501501464163
2018-11-12,32.75,32.88,31.68,32.11,31340457.0,626656007.0,16491037955.0,0.0019004538759488897
2018-11-13,31.64,32.03,31.32,31.82,21748224.0,428226375.0,16491037955.0,0.0013187904884668614
2018-11-14,31.61,31.69,31.11,31.32,19953575.0,390110715.0,16491037955.0,0.0012099647732573544
2018-11-15,31.29,31.76,31.19,31.76,11569842.0,227179491.0,16491037955.0,0.0007015836135706717
2018-11-16,31.74,31.87,31.5,31.64,12406210.0,244931275.0,16491037955.0,0.0007523001301587872
2018-11-19,31.76,32.16,31.51,32.14,13744919.0,272968065.0,16491037955.0,0.0008334781011059773
2018-11-20,31.93,31.98,31.29,31.42,13568455.0,267063211.0,16491037955.0,0.0008227775011509274
2018-11-21,31.15,31.42,30.73,31.32,18310893.0,354594558.0,16491037955.0,0.0011103541844949929
2018-11-22,31.31,31.37,30.76,30.9,8992867.0,173719270.0,16491037955.0,0.0005453184344453836
2018-11-23,30.73,30.95,30.37,30.39,10846897.0,206607991.0,16491037955.0,0.0006577449539318582
2018-11-26,30.6,30.82,30.21,30.25,7932795.0,150706614.0,16491037955.0,0.00048103673168703226
2018-11-27,30.47,30.5,29.49,29.6,11984002.0,223135654.0,16491037955.0,0.000726697860541065
2018-11-28,29.65,30.17,29.62,30.12,7955783.0,148373616.0,16491037955.0,0.0004824307009485626
2018-11-29,30.26,30.33,29.73,29.75,6911621.0,129188975.0,16491037955.0,0.00041911376463143915
2018-11-30,29.73,30.42,29.6,30.12,11994271.0,225753673.0,16491037955.0,0.0007273205624005855
2018-12-03,31.07,31.13,30.6,30.65,13757194.0,264544837.0,16491037955.0,0.0008342224447933483
2018-12-04,30.74,30.98,30.37,30.84,10722897.0,204734345.0,16491037955.0,0.0006502257183119799
2018-12-05,30.5,30.94,30.28,30.82,11686706.0,223729566.0,16491037955.0,0.0007086701293084253
2018-12-06,30.36,30.57,29.96,29.97,11390769.0,214217278.0,16491037955.0,0.0006907248064726197
2018-12-07,30.17,30.74,30.01,30.63,11127415.0,210462497.0,16491037955.0,0.0006747552840739308
2018-12-10,30.34,30.81,30.31,30.63,8557113.0,163400767.0,16491037955.0,0.0005188947489751867
2018-12-11,30.55,30.73,30.47,30.63,4650258.0,88702406.0,16491037955.0,0.0002819869806066431
2018-12-12,31.13,31.13,30.74,30.89,7431289.0,142940043.0,16491037955.0,0.0004506259108903979
2018-12-13,31.07,31.29,30.89,31.08,10503649.0,203610795.0,16491037955.0,0.0006369307395120842
2018-12-14,31.15,31.37,31.0,31.05,11996872.0,233164113.0,16491037955.0,0.0007274782844316121
2018-12-17,30.98,31.35,30.95,31.26,9448846.0,183756852.0,16491037955.0,0.0005729685436285808
2018-12-18,31.0,31.31,30.57,30.63,7389077.0,141859111.0,16491037955.0,0.00044806621755179874
2018-12-19,30.71,31.08,30.5,30.66,9033381.0,173432526.0,16491037955.0,0.000547775162767188
2018-12-20,30.6,31.19,30.49,31.03,12125847.0,234059124.0,16491037955.0,0.0007352991990612394
2018-12-21,30.89,30.89,30.26,30.36,9685134.0,183988048.0,16491037955.0,0.0005872968109362404
2018-12-24,30.18,30.68,29.96,30.34,5790679.0,109316006.0,16491037955.0,0.0003511409661296847
2018-12-25,30.05,30.31,29.09,29.59,10129342.0,186499325.0,16491037955.0,0.0006142331384865217
2018-12-26,29.52,29.7,28.74,28.8,12984828.0,234229880.0,16491037955.0,0.0007873869452870348
2018-12-27,29.14,29.3,28.75,28.82,15137131.0,273562364.0,16491037955.0,0.0009179004403061542
2018-12-28,28.91,29.14,28.61,28.83,8828988.0,158631905.0,16491037955.0,0.0005353809762667543
2019-01-02,28.79,28.99,28.27,28.53,14300997.0,254165027.0,16491037955.0,0.0008671981132433213
2019-01-03,28.53,28.88,28.29,28.4,9988861.0,176883359.0,16491037955.0,0.0006057145115581659
2019-01-04,28.26,29.04,27.9,29.01,12400448.0,220718892.0,16491037955.0,0.0007519507282584507
2019-01-07,29.22,29.28,28.74,28.98,14820714.0,267441804.0,16491037955.0,0.0008987132308131299
2019-01-08,29.09,29.64,29.01,29.57,12558249.0,230024952.0,16491037955.0,0.000761519622613712
2019-01-09,29.78,30.15,29.57,29.65,10523021.0,196125902.0,16491037955.0,0.0006381054381606995
2019-01-10,29.49,29.96,29.4,29.64,6284499.0,116346405.0,16491037955.0,0.00038108571559588043
2019-01-11,29.67,30.02,29.49,29.72,9606383.0,177438760.0,16491037955.0,0.0005825214292886515
2019-01-14,29.72,30.23,29.7,29.89,12281709.0,229706166.0,16491037955.0,0.0007447505144014448
2019-01-15,29.94,30.15,29.62,29.97,15414996.0,286762595.0,16491037955.0,0.0009347498951893595
2019-01-16,30.01,30.1,29.73,29.86,10916463.0,203478359.0,16491037955.0,0.0006619633663926038
2019-01-17,30.12,30.15,29.57,29.62,13495538.0,251202951.0,16491037955.0,0.0008183558874114543
2019-01-18,29.94,30.58,29.86,30.52,20933326.0,395940934.0,16491037955.0,0.0012693758911429295
2019-01-21,30.5,31.55,30.39,31.39,19386130.0,376326818.0,16491037955.0,0.001175555477641856
2019-01-22,31.39,31.47,30.79,30.92,9608754.0,185524261.0,16491037955.0,0.0005826652043503832
2019-01-23,30.79,31.31,30.79,31.21,8964299.0,173760017.0,16491037955.0,0.0005435860995809587
2019-01-24,31.31,31.35,30.7,31.13,8058098.0,155568490.0,16491037955.0,0.0004886349799199161
2019-01-25,31.15,31.39,31.03,31.26,7336833.0,142712298.0,16491037955.0,0.0004448981937959526
2019-01-28,31.31,32.08,31.31,31.82,15715164.0,311767854.0,16491037955.0,0.0009529517816211951
2019-01-29,31.66,32.14,31.43,31.98,11046678.0,219099817.0,16491037955.0,0.00066985947337843
2019-01-30,31.92,31.96,31.51,31.51,7106507.0,140287183.0,16491037955.0,0.0004309314561880165
2019-01-31,31.77,31.96,31.32,31.84,13068242.0,257793933.0,16491037955.0,0.0007924450865773294
2019-02-01,32.03,32.29,31.92,32.12,13694892.0,273797954.0,16491037955.0,0.0008304445140063351
2019-02-11,32.01,32.19,31.8,32.09,11053550.0,220449555.0,16491037955.0,0.0006702761845653638
2019-02-12,32.01,32.4,31.79,32.25,11914141.0,238208849.0,16491037955.0,0.0007224615595762238
2019-02-13,32.19,32.48,31.85,32.29,15273412.0,305756195.0,16491037955.0,0.000926164383447385
2019-02-14,32.11,32.45,31.96,32.14,13384328.0,268321903.0,16491037955.0,0.0008116122245623683
2019-02-15,32.03,32.25,31.55,31.55,11489776.0,227348122.0,16491037955.0,0.0006967284916421138
2019-02-18,31.87,32.16,31.63,32.09,14215668.0,282920374.0,16491037955.0,0.0008620238482738972
2019-02-19,31.92,32.24,31.55,31.69,17933011.0,355787198.0,16491037955.0,0.0010874397990553895
2019-02-20,31.79,32.17,31.74,32.14,14776430.0,294632670.0,16491037955.0,0.0008960278934728824
2019-02-21,32.19,32.56,31.79,31.88,17710084.0,355525851.0,16491037955.0,0.0010739217293857716
2019-02-22,31.92,31.95,30.94,31.48,32614364.0,633647152.0,16491037955.0,0.0019777023186167302
2019-02-25,31.37,33.09,31.34,33.07,49192402.0,985353672.0,16491037955.0,0.0029829779140787866
2019-02-26,32.91,34.47,32.73,33.41,45590816.0,953564444.0,16491037955.0,0.0027645813516654415
2019-02-27,33.55,34.08,32.83,33.09,31085054.0,646160955.0,16491037955.0,0.001884966494214827
2019-02-28,33.2,33.43,32.62,32.81,18961542.0,390036742.0,16491037955.0,0.0011498088872114295
2019-03-01,33.09,33.46,32.75,33.44,23469300.0,483048250.0,16491037955.0,0.0014231548107549062
2019-03-04,33.7,34.81,33.57,33.83,46049154.0,980873247.0,16491037955.0,0.002792374508242407
2019-03-05,33.87,34.12,33.34,33.87,21392512.0,449168118.0,16491037955.0,0.0012972204695892958
2019-03-06,33.92,34.24,33.52,34.07,26663083.0,563264716.0,16491037955.0,0.0016168226083013706
2019-03-07,34.1,34.34,33.14,33.57,31357381.0,657886413.0,16491037955.0,0.001901480130333009
2019-03-08,33.04,33.04,32.12,32.14,27888393.0,566040972.0,16491037955.0,0.0016911241776351852
2019-03-11,32.14,32.43,31.82,32.29,21876059.0,437366760.0,16491037955.0,0.0013265422746399833
2019-03-12,32.48,32.67,31.96,32.3,24169302.0,486881343.0,16491037955.0,0.0014656022298870513
2019-03-13,32.17,32.38,31.87,32.06,15913425.0,317697339.0,16491037955.0,0.0009649741297924264
2019-03-14,32.19,32.4,31.72,31.87,19547641.0,390360485.0,16491037955.0,0.0011853493426757444
2019-03-15,31.92,32.29,31.85,32.08,18414579.0,367712280.0,16491037955.0,0.0011166415995311437
2019-03-18,32.14,33.23,32.14,33.23,37029909.0,756889898.0,16491037955.0,0.0022454565383358857
2019-03-19,33.34,33.38,32.75,32.93,19404291.0,398527432.0,16491037955.0,0.0011766567424651834
2019-03-20,32.91,33.2,32.64,32.91,17927040.0,367245110.0,16491037955.0,0.0010870777236046934
2019-03-21,33.04,33.38,32.88,33.2,20189135.0,416871461.0,16491037955.0,0.0012242488953752456
2019-03-22,33.15,33.95,32.93,33.92,27160577.0,565174312.0,16491037955.0,0.0016469901454423037
2019-03-25,32.69,32.83,31.98,32.06,44103765.0,886215508.0,16491037955.0,0.0026744080706349936
2019-03-26,32.11,32.22,30.98,31.18,35153393.0,689342395.0,16491037955.0,0.0021316664903643415
2019-03-27,31.29,31.37,31.0,31.24,19146382.0,371513603.0,16491037955.0,0.001161017399404803
2019-03-28,31.07,31.07,30.74,30.87,22307077.0,428530696.0,16491037955.0,0.0013526787738206984
2019-03-29,30.87,31.53,30.79,31.48,36974672.0,719405938.0,16491037955.0,0.0022421070220622146
2019-04-01,31.61,32.48,31.61,32.35,38703344.0,774216002.0,16491037955.0,0.0023469319581709736
2019-04-02,32.41,32.61,31.95,32.06,29971184.0,598550986.0,16491037955.0,0.0018174225346993932
2019-04-03,31.8,32.38,31.58,32.37,28769143.0,575878250.0,16491037955.0,0.0017445319741852478
2019-04-04,32.38,33.15,32.38,32.88,49284042.0,1006442211.0,16491037955.0,0.0029885348717578644
2019-04-08,33.1,33.62,32.48,32.96,39010301.0,803675665.0,16491037955.0,0.0023655455227529977
2019-04-09,33.07,33.22,32.4,32.46,25506534.0,518201010.0,16491037955.0,0.0015466906370357693
2019-04-10,32.45,32.78,32.09,32.49,23335484.0,470594421.0,16491037955.0,0.001415040342741119
2019-04-11,32.37,32.83,31.82,31.92,23378455.0,469817986.0,16491037955.0,0.0014176460610783913
2019-04-12,31.93,32.09,31.77,31.98,11916223.0,237068313.0,16491037955.0,0.0007225878099678414
2019-04-15,32.3,32.61,32.11,32.12,27652307.0,557688683.0,16491037955.0,0.0016768081594049063
2019-04-16,31.98,32.75,31.82,32.75,26554118.0,535567108.0,16491037955.0,0.0016102150800004025
2019-04-17,32.85,32.88,32.43,32.56,27855430.0,566775745.0,16491037955.0,0.0016891253343792332
2019-04-18,32.59,32.86,32.38,32.43,15371597.0,311805779.0,16491037955.0,0.000932118223361399
2019-04-19,32.43,33.06,32.2,32.9,25888688.0,526332937.0,16491037955.0,0.001569864072270277
2019-04-22,32.8,32.88,32.04,32.12,25423608.0,513198114.0,16491037955.0,0.0015416620875759789
2019-04-23,32.12,32.33,31.8,31.93,14912079.0,297509334.0,16491037955.0,0.0009042535127680506
2019-04-24,31.96,32.25,31.71,31.95,13453834.0,267736267.0,16491037955.0,0.0008158269986832978
2019-04-25,31.79,31.9,31.31,31.37,14815490.0,291786356.0,16491037955.0,0.000898396452693144
2019-04-26,31.32,31.53,31.03,31.1,13382960.0,260566204.0,16491037955.0,0.000811529270414562
2019-04-29,31.27,31.64,31.11,31.34,15722561.0,307500036.0,16491037955.0,0.0009534003282815197
2019-04-30,31.15,31.79,31.15,31.61,13730396.0,269833719.0,16491037955.0,0.0008325974409534976
2019-05-06,30.82,31.15,30.02,30.33,22532750.0,428564295.0,16491037955.0,0.0013663633581758984
2019-05-07,30.63,30.7,30.01,30.34,13858463.0,261789678.0,16491037955.0,0.0008403632953739084
2019-05-08,29.93,30.05,29.6,29.76,14596679.0,271012846.0,16491037955.0,0.0008851279731349087
2019-05-09,29.62,29.96,29.33,29.48,10834029.0,199766500.0,16491037955.0,0.000656964651319305
2019-05-10,29.75,30.09,29.2,29.88,12659059.0,234820283.0,16491037955.0,0.0007676326398946791
2019-05-13,29.56,29.96,29.54,29.76,9522110.0,176530089.0,16491037955.0,0.0005774111990999902
2019-05-14,29.54,29.83,29.51,29.56,10951899.0,202097088.0,16491037955.0,0.0006641121698879748
2019-05-15,29.67,30.01,29.56,29.86,11533993.0,214180222.0,16491037955.0,0.0006994097661695667
2019-05-16,29.78,30.25,29.73,30.13,11482824.0,214891156.0,16491037955.0,0.0006963069293354252
2019-05-17,30.13,30.13,29.6,29.65,10228860.0,189858602.0,16491037955.0,0.0006202678101834494
2019-05-20,29.6,29.94,29.11,29.35,13451397.0,246080551.0,16491037955.0,0.0008156792214477685
2019-05-21,29.41,29.72,29.3,29.59,9020788.0,166074400.0,16491037955.0,0.0005470115358787918
2019-05-22,29.64,29.72,29.41,29.51,8907563.0,164018915.0,16491037955.0,0.0005401456854508828
2019-05-23,29.38,29.67,29.06,29.23,11606469.0,211646987.0,16491037955.0,0.0007038046381113917
2019-05-24,29.3,29.57,29.22,29.46,8261790.0,151613742.0,16491037955.0,0.0005009866584834987
2019-05-27,29.41,29.67,29.2,29.6,9137807.0,167711446.0,16491037955.0,0.0005541074506610703
2019-05-28,29.56,29.89,29.52,29.83,14064710.0,260407150.0,16491037955.0,0.0008528699065746587
2019-05-29,29.7,29.86,29.54,29.67,7541708.0,139595006.0,16491037955.0,0.0004573216082929087
2019-05-30,29.7,30.01,29.52,29.96,11268676.0,208920652.0,16491037955.0,0.0006833212094198955
2019-05-31,29.84,29.96,29.51,29.52,7556031.0,139944853.0,16491037955.0,0.00045819014064600155
2019-06-03,29.67,29.88,29.41,29.8,11463969.0,212391279.0,16491037955.0,0.0006951635810482252
2019-06-04,29.83,30.09,29.78,30.02,11130715.0,207614781.0,16491037955.0,0.0006749553927638146
2019-06-05,30.15,30.62,30.15,30.36,12753488.0,241459248.0,16491037955.0,0.0007733587197362072
2019-06-06,30.44,30.55,30.18,30.28,8792821.0,166459366.0,16491037955.0,0.0005331878456646242
2019-06-10,30.52,30.92,30.52,30.74,11888545.0,227682417.0,16491037955.0,0.0007209094438106882
2019-06-11,30.73,31.23,30.66,31.07,14565775.0,280921869.0,16491037955.0,0.0008832539855736449
2019-06-12,31.07,31.26,30.89,31.23,12930959.0,250755357.0,16491037955.0,0.0007841203831611701
2019-06-13,31.18,31.66,30.92,31.32,13541263.0,264115587.0,16491037955.0,0.0008211286055462844
2019-06-14,31.37,31.87,30.95,31.63,27735094.0,544820029.0,16491037955.0,0.0016818282800441229
2019-06-17,31.53,32.43,31.32,32.24,27937745.0,560660207.0,16491037955.0,0.0016941168334118966
2019-06-18,32.41,32.56,32.12,32.32,17583111.0,354854824.0,16491037955.0,0.0010662222140280073
2019-06-19,32.81,32.91,32.04,32.12,22020843.0,446063295.0,16491037955.0,0.0013353218311721482
2019-06-20,32.09,32.65,32.03,32.3,19324120.0,389464888.0,16491037955.0,0.0011717952534419475
2019-06-21,32.48,32.59,32.16,32.16,17239097.0,347095211.0,16491037955.0,0.0010453615501365815
2019-06-24,32.27,32.83,32.24,32.67,18023418.0,366287061.0,16491037955.0,0.001092921988851247
2019-06-25,32.59,32.98,32.45,32.61,17467899.0,356380045.0,16491037955.0,0.0010592358739131894
2019-06-26,32.67,32.93,32.41,32.62,11983309.0,244103946.0,16491037955.0,0.0007266558377161894
2019-06-27,32.62,33.07,32.57,32.69,10927663.0,223554246.0,16491037955.0,0.0006626425231582701
2019-06-28,32.65,32.72,32.24,32.72,10048006.0,203444950.0,16491037955.0,0.000609301005031857
2019-07-01,32.99,33.14,32.64,32.75,19540832.0,400402797.0,16491037955.0,0.0011849364517456172
2019-07-02,32.85,33.17,32.53,33.1,13769809.0,282413884.0,16491037955.0,0.0008349874057396771
2019-07-03,32.93,33.49,32.78,33.18,17376690.0,358880296.0,16491037955.0,0.0010537050516417903
2019-07-04,33.23,33.34,32.78,32.96,12914685.0,266098385.0,16491037955.0,0.000783133544125058
2019-07-05,33.07,33.18,32.77,33.09,16182861.0,332685660.0,16491037955.0,0.000981312458570471
2019-07-08,33.04,33.05,31.86,31.98,18790024.0,360131307.0,16491037955.0,0.0011394082077352177
2019-07-09,32.05,32.37,31.8,31.85,9813421.0,187299719.0,16491037955.0,0.0005950760059359769
2019-07-10,31.96,32.03,31.81,31.98,7260901.0,138429336.0,16491037955.0,0.000440293753480722
2019-07-11,32.2,32.32,31.86,31.91,7966105.0,152306024.0,16491037955.0,0.0004830566166749205
2019-07-12,32.0,32.18,31.76,31.91,7192239.0,137268170.0,16491037955.0,0.00043613015867320523
2019-07-15,31.9,31.91,31.16,31.7,17590171.0,330218257.0,16491037955.0,0.0010666503253463648
2019-07-16,31.6,32.17,31.53,31.98,10080093.0,192066633.0,16491037955.0,0.0006112467285264944
2019-07-17,32.06,32.18,31.73,31.83,7528560.0,143388992.0,16491037955.0,0.0004565243267612139
2019-07-18,31.86,32.01,31.61,31.8,5533802.0,105186240.0,16491037955.0,0.00033556420251414066
2019-07-19,31.96,32.37,31.75,32.25,9879704.0,189636245.0,16491037955.0,0.0005990953405697865
2019-07-22,32.27,32.45,31.86,32.05,10977040.0,210337399.0,16491037955.0,0.0006656366949099051
2019-07-23,31.95,32.13,31.76,31.8,9163296.0,174302220.0,16491037955.0,0.0005556530780539338
2019-07-24,31.93,32.38,31.9,32.03,9141059.0,175362839.0,16491037955.0,0.0005543046486791012
2019-07-25,32.01,32.35,31.96,32.18,7096189.0,136067012.0,16491037955.0,0.00043030578301764635
2019-07-26,32.01,32.27,31.98,32.08,6428628.0,123043594.0,16491037955.0,0.0003898255535850533
2019-07-29,32.08,32.13,31.8,31.9,8470460.0,161054230.0,16491037955.0,0.0005136401979738213
2019-07-30,31.96,32.37,31.91,32.33,9793447.0,188022802.0,16491037955.0,0.0005938648026112071
2019-07-31,32.12,32.37,32.03,32.22,7843406.0,150625709.0,16491037955.0,0.00047561627239005403
2019-08-01,32.1,32.17,31.86,31.96,7255504.0,138370550.0,16491037955.0,0.0004399664848142665
2019-08-02,31.7,31.7,31.16,31.24,12352959.0,230451235.0,16491037955.0,0.000749071042933028
2019-08-05,31.18,31.19,30.27,30.42,18686930.0,340390264.0,16491037955.0,0.0011331566909852523
2019-08-06,30.19,30.3,29.85,30.1,13874414.0,248499113.0,16491037955.0,0.0008413305480140106
2019-08-07,30.0,30.44,30.0,30.19,8314095.0,150059872.0,16491037955.0,0.0005041583812181578
2019-08-08,30.29,30.54,30.2,30.39,6560987.0,118881806.0,16491037955.0,0.000397851670580307
2019-08-09,30.47,30.51,30.02,30.29,6552822.0,118354301.0,16491037955.0,0.0003973565531703368
2019-08-12,30.3,30.91,30.2,30.87,12760822.0,233625615.0,16491037955.0,0.0007738034461397248
2019-08-13,30.64,30.82,30.59,30.69,5185394.0,94899831.0,16491037955.0,0.00031443709087018473
2019-08-14,30.86,30.99,30.69,30.86,6396654.0,117724748.0,16491037955.0,0.00038788668229706953
2019-08-15,30.52,31.11,30.39,31.03,7463041.0,137498034.0,16491037955.0,0.00045255132032106225
2019-08-16,31.09,31.23,30.82,31.09,7630761.0,141530793.0,16491037955.0,0.00046272169288691687
2019-08-19,31.33,31.7,31.21,31.68,8759091.0,164547676.0,16491037955.0,0.0005311424922980235
2019-08-20,31.58,31.93,31.56,31.66,7026358.0,133112010.0,16491037955.0,0.00042607130122271315
2019-08-21,31.66,31.9,31.58,31.78,6750695.0,127698949.0,16491037955.0,0.00040935537341075753
2019-08-22,31.78,31.86,30.96,31.18,9901944.0,184514929.0,16491037955.0,0.0006004439518616098
2019-08-23,31.16,31.53,31.14,31.49,8268886.0,154565350.0,16491037955.0,0.000501416952805746
2019-08-26,31.03,31.46,31.03,31.34,7829282.0,146108241.0,16491037955.0,0.00047475980719735117
2019-08-27,31.53,32.15,31.36,31.53,20091516.0,380964164.0,16491037955.0,0.0012183293771334965
2019-08-28,31.71,31.93,31.46,31.58,10051619.0,189810912.0,16491037955.0,0.0006095200937277814
2019-08-29,31.55,31.63,31.03,31.11,10365474.0,192467137.0,16491037955.0,0.0006285519461106595
2019-08-30,31.43,31.66,31.13,31.34,9983600.0,186977391.0,16491037955.0,0.0006053954897952935
2019-09-02,31.36,32.67,31.19,32.48,24636426.0,473077064.0,16491037955.0,0.0014939281606910838
2019-09-03,32.45,32.65,32.28,32.5,12129114.0,234673985.0,16491037955.0,0.0007354973066642245
2019-09-04,32.7,33.12,32.5,32.85,13403849.0,262369951.0,16491037955.0,0.0008127959584215268
2019-09-05,32.87,33.24,32.48,32.57,15443054.0,302450538.0,16491037955.0,0.0009364513041653478
2019-09-06,32.64,33.0,32.53,32.94,12227367.0,239610336.0,16491037955.0,0.00074145527003003
2019-09-09,33.29,33.31,32.69,32.87,12622829.0,247433728.0,16491037955.0,0.0007654356890357421
2019-09-10,32.95,32.95,32.58,32.8,8732695.0,170723611.0,16491037955.0,0.0005295418653349403
2019-09-11,32.94,32.97,32.67,32.75,9199843.0,179991219.0,16491037955.0,0.0005578692514748991
2019-09-12,32.94,33.12,32.7,32.89,11410346.0,223599547.0,16491037955.0,0.0006919119361156064
2019-09-16,33.09,33.27,32.84,33.07,10259071.0,201948477.0,16491037955.0,0.0006220997749198377
2019-09-17,33.14,33.46,32.95,33.07,15030760.0,297901201.0,16491037955.0,0.0009114502095632342
2019-09-18,33.12,33.12,32.53,32.79,12792120.0,249648016.0,16491037955.0,0.0007757013254657808
2019-09-19,32.8,32.84,32.5,32.67,8237223.0,160323101.0,16491037955.0,0.0004994969402458088
2019-09-20,32.7,32.9,32.52,32.87,14217959.0,277531216.0,16491037955.0,0.0008621627722158741
2019-09-23,32.89,32.95,32.1,32.23,10304587.0,198187739.0,16491037955.0,0.0006248598195043085
2019-09-24,32.37,32.65,32.17,32.53,13026643.0,252126860.0,16491037955.0,0.000789922564943851
2019-09-25,32.52,32.52,32.05,32.2,8581968.0,165164626.0,16491037955.0,0.0005204019312439937
2019-09-26,32.2,32.47,32.18,32.37,9054027.0,174594975.0,16491037955.0,0.0005490271154978977
2019-09-27,32.48,32.6,31.33,31.34,19853549.0,374805899.0,16491037955.0,0.001203899296949984
2019-09-30,31.24,31.81,31.11,31.49,10899663.0,205291616.0,16491037955.0,0.0006609446312441041
2019-10-08,31.28,31.76,31.21,31.28,13449587.0,252124500.0,16491037955.0,0.000815569464863317
2019-10-09,31.13,31.96,31.09,31.7,17555708.0,331036842.0,16491037955.0,0.001064560523595011
2019-10-10,31.83,31.96,31.51,31.55,7119069.0,134108735.0,16491037955.0,0.0004316932032675077
2019-10-11,31.8,31.95,31.43,31.73,9861300.0,186244122.0,16491037955.0,0.0005979793404702039
2019-10-14,32.0,32.0,31.56,31.76,15759221.0,298050189.0,16491037955.0,0.0009556233539091385
2019-10-15,31.76,31.76,31.24,31.33,11986569.0,224352053.0,16491037955.0,0.0007268535208461959
2019-10-16,31.41,31.65,31.13,31.19,9358919.0,174799831.0,16491037955.0,0.0005675154605512519
2019-10-17,31.16,31.24,30.72,30.82,12616590.0,232493886.0,16491037955.0,0.0007650573623338677
2019-10-18,30.89,30.97,30.44,30.49,12362582.0,226077095.0,16491037955.0,0.0007496545720005287
2019-10-21,30.56,30.71,30.25,30.64,11090349.0,201590366.0,16491037955.0,0.0006725076390135565
2019-10-22,30.79,30.81,30.17,30.39,13335949.0,241574412.0,16491037955.0,0.0008086785705296741
2019-10-23,30.39,30.39,30.12,30.25,11947333.0,215281337.0,16491037955.0,0.0007244742891624737
2019-10-24,30.27,30.81,30.05,30.69,23239152.0,422485693.0,16491037955.0,0.0014091988668884245
2019-10-25,30.67,30.67,30.17,30.4,16705611.0,302247612.0,16491037955.0,0.0010130114942179817
2019-10-28,30.42,30.72,30.27,30.62,18049378.0,327916774.0,16491037955.0,0.0010944961772116667
2019-10-29,30.72,31.14,30.56,30.87,21747718.0,400971272.0,16491037955.0,0.0013187598051344126
2019-10-30,30.94,31.14,30.71,30.91,11937857.0,220354579.0,16491037955.0,0.0007238996740275225
2019-10-31,30.89,31.06,30.59,30.92,14371273.0,263812680.0,16491037955.0,0.0008714595793918904
2019-11-01,30.84,30.94,30.51,30.82,15354378.0,281006112.0,16491037955.0,0.0009310740804731839
2019-11-04,30.87,30.91,30.52,30.62,17486802.0,319304863.0,16491037955.0,0.0010603821328722422
2019-11-05,30.62,30.91,30.49,30.69,25855278.0,473521182.0,16491037955.0,0.0015678381233826951
2019-11-06,30.76,30.76,30.32,30.49,18570380.0,337463154.0,16491037955.0,0.0011260892158925359
2019-11-07,30.47,30.47,30.14,30.29,22247293.0,401447645.0,16491037955.0,0.0013490535320279662
2019-11-08,30.35,30.42,30.19,30.25,21417789.0,386679061.0,16491037955.0,0.0012987532415148092
2019-11-11,30.17,30.19,29.55,29.57,31150467.0,551915556.0,16491037955.0,0.0018889330729213035
2019-11-12,29.62,29.72,29.42,29.63,21555150.0,380118253.0,16491037955.0,0.0013070826747727292
2019-11-13,29.65,29.65,29.05,29.2,24266331.0,423909167.0,16491037955.0,0.001471485971120609
2019-11-14,29.31,29.31,28.76,28.93,23685057.0,408157180.0,16491037955.0,0.0014362380988165034
2019-11-15,28.93,28.95,28.33,28.34,38739492.0,658080260.0,16491037955.0,0.0023491239366321623
2019-11-18,28.34,28.83,28.34,28.78,33271426.0,567500287.0,16491037955.0,0.002017545899220508
2019-11-19,28.81,29.03,28.56,28.95,28555364.0,490857898.0,16491037955.0,0.0017315686300595867
2019-11-20,28.95,29.06,28.68,28.9,25482092.0,439017049.0,16491037955.0,0.0015452084986726962
2019-11-21,28.88,28.93,28.63,28.83,17729081.0,304034786.0,16491037955.0,0.0010750736884105364
2019-11-22,28.74,29.1,28.43,29.01,45040518.0,772512689.0,16491037955.0,0.002731211832930379
2019-11-25,28.98,30.34,28.95,29.85,101540860.0,1809008794.0,16491037955.0,0.00615733589826669
2019-11-26,29.94,29.95,29.36,29.62,44586691.0,785728679.0,16491037955.0,0.002703692218868585
2019-11-27,29.52,29.53,29.11,29.18,30304753.0,527898943.0,16491037955.0,0.0018376498242678382
2019-11-28,29.18,29.26,28.74,28.91,28558495.0,492707476.0,16491037955.0,0.0017317584907589887
2019-11-29,28.95,29.13,28.71,28.86,30256355.0,521198881.0,16491037955.0,0.0018347150180942021
2019-12-02,28.98,29.1,28.81,29.0,31620998.0,545352855.0,16491037955.0,0.0019174656007878918
2019-12-03,28.84,29.21,28.79,29.15,31576483.0,547025146.0,16491037955.0,0.0019147662558393523
2019-12-04,29.0,29.13,28.69,28.81,23705142.0,407192232.0,16491037955.0,0.001437456033069933
2019-12-05,28.88,28.9,28.51,28.78,41130832.0,702947471.0,16491037955.0,0.002494132395561514
2019-12-06,28.71,28.84,28.68,28.79,26799059.0,459458704.0,16491037955.0,0.0016250680565485364
2019-12-09,28.79,29.35,28.74,29.33,49927201.0,865922236.0,16491037955.0,0.0030275353883872616
2019-12-10,29.16,29.28,28.9,28.93,28748436.0,496890705.0,16491037955.0,0.001743276322475725
2019-12-11,29.0,29.01,28.84,28.98,32222662.0,555559638.0,16491037955.0,0.001953949902239492
2019-12-12,28.91,28.96,28.69,28.78,27025138.0,463527518.0,16491037955.0,0.0016387772603364916
2019-12-13,28.95,29.01,28.79,28.98,40385447.0,695537223.0,16491037955.0,0.00244893299683149
2019-12-16,29.03,29.18,28.91,29.16,40464915.0,700225598.0,16491037955.0,0.002453751856639881
2019-12-17,29.15,30.12,29.08,29.63,71798400.0,1266676517.0,16491037955.0,0.004353782957502143
2019-12-18,29.55,29.78,29.42,29.47,35959127.0,634463406.0,16491037955.0,0.0021805253919203655
2019-12-19,29.55,29.78,29.42,29.72,27239472.0,480648123.0,16491037955.0,0.0016517742591054512
2019-12-20,29.72,29.94,29.63,29.8,35167650.0,625180807.0,16491037955.0,0.0021325310205436367
2019-12-23,29.73,29.78,29.26,29.3,34585209.0,608703135.0,16491037955.0,0.0020972123825301085
2019-12-24,29.33,29.6,29.26,29.55,19086854.0,334910118.0,16491037955.0,0.001157407681195286
2019-12-25,29.38,29.57,29.3,29.43,19094004.0,334940051.0,16491037955.0,0.0011578412500233676
2019-12-26,29.36,29.7,29.33,29.67,23822047.0,419778861.0,16491037955.0,0.001444545035006561
2019-12-27,29.67,30.24,29.6,29.88,48583606.0,866742736.0,16491037955.0,0.0029460611353010497
2019-12-30,29.94,30.71,29.83,30.62,68049379.0,1234217109.0,16491037955.0,0.00412644608457576
2019-12-31,30.52,30.66,30.3,30.61,36313229.0,660552719.0,16491037955.0,0.0022019977820128666
2020-01-02,30.91,31.41,30.77,31.18,65295784.0,1212361334.0,16491037955.0,0.0039594708458119
2020-01-03,31.09,31.34,30.99,31.13,37696287.0,700669803.0,16491037955.0,0.002285865031835105
2020-01-06,31.14,31.85,31.14,31.49,52721055.0,991890497.0,16491037955.0,0.0031969518925287076
2020-01-07,31.36,31.98,31.36,31.56,41211016.0,779821412.0,16491037955.0,0.00249899467289171
2020-01-08,31.58,31.63,30.77,30.77,50714951.0,940871707.0,16491037955.0,0.0030753037582224156
2020-01-09,31.03,31.09,30.62,30.86,30069595.0,552413305.0,16491037955.0,0.0018233900790267147
2020-01-10,30.86,30.94,30.34,30.45,34367088.0,625213953.0,16491037955.0,0.002083985743879758
2020-01-13,30.45,30.54,30.19,30.51,36026676.0,651784424.0,16491037955.0,0.002184621495524294
2020-01-14,30.51,30.74,30.4,30.44,28169749.0,513547207.0,16491037955.0,0.0017081853232566889
2020-01-15,30.32,30.44,29.87,29.9,37584564.0,672149608.0,16491037955.0,0.0022790902611805916
2020-01-16,29.9,30.0,29.65,29.85,32941101.0,585244763.0,16491037955.0,0.0019975153225581187
2020-01-17,29.85,30.1,29.83,30.02,22027627.0,393522692.0,16491037955.0,0.001335733206127352
2020-01-20,29.88,29.94,29.47,29.68,36979608.0,654000049.0,16491037955.0,0.0022424063361510833
2020-01-21,29.48,29.52,29.21,29.38,27763162.0,486100783.0,16491037955.0,0.0016835302954100804
2020-01-22,29.21,29.87,29.01,29.68,34153096.0,598814242.0,16491037955.0,0.0020710094836477503
2020-01-23,29.43,29.43,28.73,28.98,41988547.0,726763556.0,16491037955.0,0.00254614337281719
2020-02-03,26.09,26.95,26.09,26.8,77690417.0,1228063955.0,16491037955.0,0.004711068958303177
2020-02-04,26.65,27.3,26.46,27.25,57349319.0,917855852.0,16491037955.0,0.003477605179036773
2020-02-05,27.13,27.5,26.88,27.24,37026680.0,601389705.0,16491037955.0,0.002245260735014784
2020-02-06,27.3,27.4,27.08,27.29,34899366.0,566803572.0,16491037955.0,0.002116262547890061
2020-02-07,27.17,27.22,26.97,27.13,27354310.0,441758785.0,16491037955.0,0.0016587379202354156
2020-02-10,26.95,27.44,26.92,27.42,38257807.0,620270515.0,16491037955.0,0.0023199150413937665
2020-02-11,27.52,28.16,27.35,27.92,37698928.0,627473624.0,16491037955.0,0.002286025179426009
2020-02-12,27.86,27.97,27.72,27.92,18486888.0,307144699.0,16491037955.0,0.0011210263447604806
2020-02-13,27.84,28.22,27.75,27.81,17727383.0,295460753.0,16491037955.0,0.0010749707233937416
2020-02-14,27.72,28.06,27.7,28.04,17766744.0,295904620.0,16491037955.0,0.0010773575349520806
2020-02-17,28.06,28.34,27.87,28.33,30304131.0,508498831.0,16491037955.0,0.001837612106811745
2020-02-18,28.43,28.43,27.97,28.06,30601921.0,512516692.0,16491037955.0,0.0018556697937088702
2020-02-19,27.94,28.02,27.82,27.84,24187506.0,402455190.0,16491037955.0,0.001466706102187247
2020-02-20,27.94,28.17,27.77,28.11,26959157.0,449940889.0,16491037955.0,0.0016347762386797562
2020-02-21,28.11,28.17,27.96,28.07,29967695.0,501310846.0,16491037955.0,0.0018172109652390888
2020-02-24,28.12,28.14,27.69,27.72,33739252.0,559664001.0,16491037955.0,0.002045914398600388
2020-02-25,27.34,27.49,27.1,27.24,33163073.0,539702936.0,16491037955.0,0.002010975481985664
2020-02-26,27.02,27.87,26.95,27.59,37666984.0,619394130.0,16491037955.0,0.0022840881273079334
2020-02-27,27.52,27.86,27.42,27.52,28009443.0,460602744.0,16491037955.0,0.0016984645282141066
2020-02-28,27.13,27.3,26.78,26.83,38690345.0,622981227.0,16491037955.0,0.0023461437118498223
2020-03-02,27.05,27.91,27.05,27.86,45517819.0,748986045.0,16491037955.0,0.002760154886806214
2020-03-03,28.17,28.19,27.81,28.12,44749730.0,747712509.0,16491037955.0,0.002713578740289789
2020-03-04,27.96,28.24,27.79,28.04,26293876.0,438830142.0,16491037955.0,0.0015944342661601738
2020-03-05,28.11,28.71,27.99,28.59,51946465.0,880177583.0,16491037955.0,0.003149981531893212
2020-03-06,28.34,28.46,28.09,28.12,27765778.0,467448984.0,16491037955.0,0.0016836889270260612
2020-03-09,27.5,27.54,27.17,27.3,37708888.0,614699293.0,16491037955.0,0.0022866291438354766
2020-03-10,27.15,27.92,27.15,27.75,27085718.0,445116208.0,16491037955.0,0.0016424507707707837
2020-03-11,27.7,27.92,27.54,27.54,18357018.0,303224983.0,16491037955.0,0.0011131511582285968
2020-03-12,27.4,27.44,27.12,27.27,17786408.0,289215796.0,16491037955.0,0.0010785499401878007
2020-03-13,26.61,27.24,26.36,26.88,28696974.0,456651998.0,16491037955.0,0.0017401557184154816
2020-03-16,27.05,27.44,26.65,26.72,33365118.0,538017146.0,16491037955.0,0.0020232272881212953
2020-03-17,26.8,27.29,26.16,26.33,33532657.0,529392726.0,16491037955.0,0.0020333866850287046
2020-03-18,26.48,26.56,26.03,26.03,31533791.0,495344146.0,16491037955.0,0.0019121774557822246
2020-03-19,25.99,25.99,24.08,24.79,54685346.0,810917193.0,16491037955.0,0.0033160645284561773
2020-03-20,24.99,25.26,24.67,24.97,29688464.0,441684509.0,16491037955.0,0.001800278677486071
2020-03-23,24.28,25.17,24.18,24.79,24546212.0,361705907.0,16491037955.0,0.0014884576742216346
2020-03-24,25.21,26.31,25.11,26.13,42546804.0,650667724.0,16491037955.0,0.0025799955173288545
2020-03-25,26.48,26.6,26.16,26.3,23100969.0,362994821.0,16491037955.0,0.0014008195883750242
2020-03-26,26.18,26.9,26.11,26.73,27091553.0,429933815.0,16491037955.0,0.0016428045993178966
2020-03-27,26.97,27.35,26.72,27.29,25554077.0,413260220.0,16491037955.0,0.0015495735968670263
2020-03-30,26.98,28.26,26.78,27.81,63218087.0,1048076301.0,16491037955.0,0.0038334813837980763
2020-03-31,27.94,27.96,27.2,27.24,24315750.0,398616847.0,16491037955.0,0.0014744826897101152
2020-04-01,27.18,27.47,26.77,26.83,21911409.0,353596120.0,16491037955.0,0.001328685863181618
2020-04-02,26.66,27.3,26.61,27.25,16966028.0,273497180.0,16491037955.0,0.001028802919882674
2020-04-03,26.97,27.34,26.97,27.03,12347987.0,199683229.0,16491037955.0,0.0007487695458402697
2020-04-07,27.44,27.44,27.05,27.07,24022681.0,388921359.0,16491037955.0,0.0014567112795175177
2020-04-08,27.0,27.12,26.87,27.07,13099060.0,210625828.0,16491037955.0,0.0007943138591848569
2020-04-09,27.13,27.13,26.83,26.83,12323749.0,197921024.0,16491037955.0,0.0007472997778325712
2020-04-10,26.97,26.97,26.61,26.65,13698784.0,218081633.0,16491037955.0,0.0008306805209824041
2020-04-13,26.56,26.77,26.51,26.58,10374409.0,164559223.0,16491037955.0,0.0006290937555482693
2020-04-14,26.53,27.17,26.53,27.12,20372803.0,327660475.0,16491037955.0,0.0012353863386642117
2020-04-15,27.24,27.24,26.63,26.72,16659913.0,266735394.0,16491037955.0,0.0010102404133360689
2020-04-16,26.65,26.97,26.6,26.83,10667520.0,170354789.0,16491037955.0,0.0006468677125787381
2020-04-17,26.92,27.03,26.8,26.88,16063007.0,257678702.0,16491037955.0,0.000974044632231883
2020-04-20,26.85,26.88,26.58,26.7,16388533.0,260890831.0,16491037955.0,0.0009937842023479838
2020-04-21,26.5,26.58,25.52,25.78,43775350.0,675948966.0,16491037955.0,0.0026544933144567492
2020-04-22,25.63,25.91,25.49,25.79,14802904.0,227259947.0,16491037955.0,0.0008976332502777264
2020-04-23,25.79,25.89,25.59,25.66,12966186.0,198754493.0,16491037955.0,0.0007862565131061818
2020-04-24,25.64,25.79,25.37,25.42,16814231.0,256182199.0,16491037955.0,0.0010195981020650073
2020-04-27,25.57,25.83,25.51,25.69,13799747.0,211695497.0,16491037955.0,0.0008368028160299023
2020-04-28,25.81,25.89,25.27,25.78,18769483.0,287007812.0,16491037955.0,0.001138162622099186
2020-04-29,25.76,26.41,25.69,26.25,20639299.0,322188527.0,16491037955.0,0.0012515463887912688
2020-04-30,26.38,26.78,26.3,26.72,22938363.0,364632557.0,16491037955.0,0.0013909593236394926
2020-05-06,26.28,26.46,26.13,26.45,23925718.0,374530843.0,16491037955.0,0.0014508315404577576
2020-05-07,26.38,26.5,26.04,26.45,23814721.0,372821157.0,16491037955.0,0.0014441007937150189
2020-05-08,26.46,26.7,26.25,26.6,21485221.0,339296057.0,16491037955.0,0.0013028422503560966
2020-05-11,26.58,26.73,26.43,26.65,19052804.0,302145885.0,16491037955.0,0.0011553429233496662
2020-05-12,26.66,26.92,26.6,26.78,22012152.0,351427387.0,16491037955.0,0.0013347948176497906
2020-05-13,26.73,26.83,26.53,26.66,15405966.0,244769701.0,16491037955.0,0.000934202325047041
2020-05-14,26.72,26.75,26.58,26.61,12098259.0,192238567.0,16491037955.0,0.0007336262904138104
2020-05-15,26.6,27.1,26.58,26.88,21738123.0,348220702.0,16491037955.0,0.001318177973958826
2020-05-18,27.03,27.17,26.73,26.9,17638090.0,284175704.0,16491037955.0,0.001069556085440469
2020-05-19,27.18,27.75,27.18,27.65,32434528.0,532688664.0,16491037955.0,0.001966797243964017
2020-05-20,27.65,27.75,27.3,27.45,16451895.0,269816156.0,16491037955.0,0.0009976264104717477
2020-05-21,27.54,27.57,27.17,27.18,14205797.0,231731363.0,16491037955.0,0.0008614252807351568
2020-05-22,27.27,27.27,26.68,26.68,18901137.0,302890887.0,16491037955.0,0.001146145988601601
2020-05-25,27.0,27.12,26.72,27.0,10508427.0,168887149.0,16491037955.0,0.0006372204726394373
2020-05-26,27.15,27.3,26.92,27.0,13826810.0,222927595.0,16491037955.0,0.0008384438892039406
2020-05-27,27.0,27.59,26.85,27.59,20482184.0,334065802.0,16491037955.0,0.0012420190927879046
2020-05-28,27.52,27.82,27.42,27.57,16730482.0,275878676.0,16491037955.0,0.0010145196467107398
2020-05-29,27.57,27.6,27.32,27.47,17641355.0,288645041.0,16491037955.0,0.0010697540717654603
2020-06-01,27.42,27.84,27.4,27.77,22446831.0,369978639.0,16491037955.0,0.001361153316198283
2020-06-02,27.67,27.79,27.64,27.74,15594975.0,257615566.0,16491037955.0,0.0009456636412186343
2020-06-03,27.91,28.14,27.84,27.96,23207565.0,387834650.0,16491037955.0,0.0014072834628922543
2020-06-04,28.09,28.12,27.3,27.49,25025458.0,412201471.0,16491037955.0,0.001517518670946507
2020-06-05,27.52,27.59,27.25,27.47,14362445.0,234549035.0,16491037955.0,0.0008709242583269526
2020-06-08,27.65,27.99,27.57,27.92,27695403.0,458638740.0,16491037955.0,0.0016794214576167955
2020-06-09,28.01,28.44,27.94,28.44,22922431.0,385481679.0,16491037955.0,0.0013899932231403321
2020-06-10,28.48,28.51,28.01,28.06,22626761.0,380252361.0,16491037955.0,0.0013720640909167079
2020-06-11,28.04,28.14,27.37,27.5,39275181.0,647152233.0,16491037955.0,0.0023816075802610085
2020-06-12,27.17,27.45,27.0,27.3,45319971.0,733955436.0,16491037955.0,0.0027481575825407164
2020-06-15,27.16,27.17,26.47,26.56,35560103.0,523880003.0,16491037955.0,0.002156328976807573
2020-06-16,26.79,26.81,26.56,26.63,21953589.0,321642906.0,16491037955.0,0.0013312436160723153
2020-06-17,26.58,26.87,26.47,26.83,18642313.0,274130872.0,16491037955.0,0.0011304511608590255
2020-06-18,26.85,27.45,26.67,27.19,32350997.0,483466676.0,16491037955.0,0.001961732007911081
2020-06-19,27.27,27.52,27.07,27.19,23836202.0,357479856.0,16491037955.0,0.0014454033800081689
2020-06-22,27.17,27.28,26.81,26.87,21835813.0,324635559.0,16491037955.0,0.0013241017975693574
2020-06-23,26.9,26.9,26.58,26.63,16390672.0,240294551.0,16491037955.0,0.0009939139091624267
2020-06-24,26.72,26.92,26.54,26.68,16662190.0,245172960.0,16491037955.0,0.0010103784883320887
2020-06-29,26.65,26.65,26.16,26.16,24497955.0,353931099.0,16491037955.0,0.0014855314181465662
2020-06-30,26.27,26.36,26.01,26.1,27599958.0,396334407.0,16491037955.0,0.0016736337685543821
2020-07-01,26.16,26.81,26.12,26.79,30919881.0,451583169.0,16491037955.0,0.0018749505691741644
2020-07-02,26.79,27.52,26.72,27.47,43545377.0,651023401.0,16491037955.0,0.0026405479824147308
2020-07-03,27.5,29.12,27.5,28.87,79762419.0,1252632999.0,16491037955.0,0.004836713081229458
2020-07-06,28.87,30.72,28.87,30.72,101830365.0,1685679212.0,16491037955.0,0.006174891191074213
2020-07-07,31.36,32.17,30.54,30.79,106417387.0,1831377065.0,16491037955.0,0.006453043604070706
2020-07-08,30.45,30.88,29.87,30.63,73468356.0,1229825004.0,16491037955.0,0.004455047414266897
2020-07-09,30.65,31.54,30.46,30.97,65887941.0,1120619378.0,16491037955.0,0.003995378652319644
2020-07-10,30.92,30.92,29.87,29.92,49748009.0,826384759.0,16491037955.0,0.0030166693652485745
2020-07-13,29.81,30.52,29.48,30.19,51698533.0,855096067.0,16491037955.0,0.003134947184105247
2020-07-14,30.17,30.77,29.48,29.96,56335431.0,930256929.0,16491037955.0,0.003416124027712845
2020-07-15,30.19,30.34,29.25,29.37,42453378.0,692592679.0,16491037955.0,0.002574330258401252
2020-07-16,29.37,29.72,28.52,28.56,46946283.0,753196653.0,16491037955.0,0.00284677551092326
2020-07-17,28.68,28.97,28.08,28.32,40673947.0,637229253.0,16491037955.0,0.002466427347447094
2020-07-20,28.41,29.72,28.41,29.56,43135356.0,693419126.0,16491037955.0,0.0026156847202526497
2020-07-21,29.74,29.83,29.21,29.41,24990378.0,404606251.0,16491037955.0,0.0015153914549340445
2020-07-22,29.47,29.79,28.96,29.05,45259758.0,732122822.0,16491037955.0,0.002744506326618299
2020-07-23,28.87,29.01,28.17,28.65,44112797.0,692493883.0,16491037955.0,0.002674955762055306
2020-07-24,28.61,29.05,28.03,28.14,46971979.0,735562136.0,16491037955.0,0.002848333690588489
2020-07-27,28.36,28.41,27.87,28.25,25746383.0,398393549.0,16491037955.0,0.0015612348398115125
2020-07-28,28.32,28.87,28.21,28.34,31950389.0,500748943.0,16491037955.0,0.0019374395406271442
2020-07-29,28.34,28.54,27.9,28.47,35708657.0,555848354.0,16491037955.0,0.002165337142358181
2020-07-30,28.52,28.68,28.08,28.08,35535626.0,553367085.0,16491037955.0,0.002154844716079607
2020-07-31,28.16,28.43,27.83,27.87,59282265.0,914902507.0,16491037955.0,0.003594817085605331
2020-08-03,27.99,28.41,27.99,28.34,46016410.0,715302793.0,16491037955.0,0.002790388944926784
2020-08-04,28.45,28.76,28.25,28.43,52183877.0,817292866.0,16491037955.0,0.003164377957433426
2020-08-05,28.45,28.5,28.05,28.21,33535291.0,520390647.0,16491037955.0,0.00203354640814663
2020-08-06,28.25,28.3,27.81,28.1,40908995.0,630445433.0,16491037955.0,0.002480680422398555
2020-08-07,28.07,28.27,27.87,27.92,27523827.0,424198766.0,16491037955.0,0.0016690172610787615
2020-08-10,27.92,28.16,27.63,28.1,33046907.0,507677138.0,16491037955.0,0.0020039312922677703
2020-08-11,28.14,28.41,27.9,27.94,33260192.0,515676876.0,16491037955.0,0.0020168646807289456
2020-08-12,27.81,28.28,27.79,28.27,31111867.0,479599685.0,16491037955.0,0.0018865924076396318
2020-08-13,28.32,28.61,28.14,28.23,34953563.0,545481594.0,16491037955.0,0.00211954899960692
2020-08-14,28.19,28.45,28.05,28.41,26956415.0,419103737.0,16491037955.0,0.001634609966550162
2020-08-17,28.5,29.32,28.3,29.1,52627999.0,838424425.0,16491037955.0,0.003191309070029971
2020-08-18,29.08,29.41,28.83,29.19,33262496.0,533604507.0,16491037955.0,0.0020170043929778826
2020-08-19,29.17,29.43,28.94,29.08,38669187.0,620737178.0,16491037955.0,0.002344860711952682
2020-08-20,28.99,29.12,28.59,28.83,29056411.0,460670051.0,16491037955.0,0.0017619516175566281
2020-08-21,28.87,28.94,28.63,28.76,23826455.0,377087301.0,16491037955.0,0.0014448123317050482
2020-08-24,28.88,29.34,28.77,28.96,31967918.0,512049905.0,16491037955.0,0.001938502481604409
2020-08-25,28.96,29.12,28.63,28.72,19167136.0,303953421.0,16491037955.0,0.0011622759011471816
2020-08-26,28.68,28.85,28.27,28.28,24777738.0,388765883.0,16491037955.0,0.001502497178625892
2020-08-27,28.43,28.48,28.1,28.25,25825507.0,401668987.0,16491037955.0,0.0015660328398049582
2020-08-28,28.27,28.88,28.21,28.81,35783737.0,562593873.0,16491037955.0,0.002169889918248023
2020-08-31,28.99,29.72,28.96,29.37,62548032.0,1014381280.0,16491037955.0,0.0037928499207071286
2020-09-01,29.28,29.41,28.99,29.36,28662829.0,460314900.0,16491037955.0,0.001738085199865153
2020-09-02,29.3,29.37,28.79,29.01,25528161.0,408024743.0,16491037955.0,0.0015480020766224718
2020-09-03,29.05,29.36,28.9,29.27,31688426.0,508752373.0,16491037955.0,0.0019215543670731913
2020-09-04,28.99,29.9,28.88,29.39,57653846.0,935349856.0,16491037955.0,0.0034960713908562466
2020-09-07,29.52,29.94,29.17,29.21,46097706.0,746200903.0,16491037955.0,0.0027953186528215713
2020-09-08,29.34,30.03,29.25,29.97,63676902.0,1040767170.0,16491037955.0,0.00386130346517658
2020-09-09,29.77,30.12,29.47,29.56,43698046.0,714534728.0,16491037955.0,0.0026498056774377243
2020-09-10,29.77,30.01,29.47,29.59,38204801.0,624343569.0,16491037955.0,0.0023167008107222564
2020-09-11,29.63,29.68,28.87,29.07,39720158.0,635710239.0,16491037955.0,0.0024085905391999325
2020-09-14,29.08,29.21,28.87,29.19,23097598.0,368917279.0,16491037955.0,0.001400615174316358
2020-09-15,29.16,29.34,29.07,29.19,17023107.0,273391503.0,16491037955.0,0.0010322641331886983
2020-09-16,29.21,29.54,29.01,29.54,33732601.0,545343230.0,16491037955.0,0.0020455110886317767
2020-09-17,29.52,29.77,29.28,29.36,23113170.0,375605897.0,16491037955.0,0.001401559444776622
2020-09-18,29.52,30.32,29.36,30.28,59827898.0,987271625.0,16491037955.0,0.0036279037234196944
2020-09-21,30.39,30.48,29.92,30.3,32583293.0,541914836.0,16491037955.0,0.001975818204342978
2020-09-22,30.03,30.21,29.83,29.9,25096793.0,414469477.0,16491037955.0,0.0015218443537928295
2020-09-23,29.99,30.07,29.57,29.61,19316229.0,315889741.0,16491037955.0,0.0011713167511171374
2020-09-24,29.47,29.56,29.17,29.28,21830536.0,352189851.0,16491037955.0,0.001323781805582534
2020-09-25,29.43,29.87,29.43,29.68,22850039.0,372866662.0,16491037955.0,0.0013856034448742496
2020-09-28,29.94,30.32,29.92,30.14,30193929.0,500545624.0,16491037955.0,0.001830929568071569
2020-09-29,30.26,30.34,29.96,30.01,21982589.0,364426335.0,16491037955.0,0.001333002146983416
2020-09-30,30.08,30.23,29.77,29.94,25369177.0,419744954.0,16491037955.0,0.0015383614463338369
2020-10-09,30.26,30.56,29.99,30.14,33476576.0,556795331.0,16491037955.0,0.002029985989441621
2020-10-12,30.17,30.63,30.12,30.43,37970965.0,634931866.0,16491037955.0,0.00230252123023508
2020-10-13,30.36,30.74,30.16,30.52,27803685.0,464976958.0,16491037955.0,0.0016859875694828573
2020-10-14,30.41,30.43,30.01,30.28,22315512.0,370865796.0,16491037955.0,0.001353190263759841
2020-10-15,30.28,30.85,30.03,30.45,37732631.0,632770327.0,16491037955.0,0.0022880688955396926
2020-10-16,30.54,31.08,30.39,30.94,49114368.0,833236930.0,16491037955.0,0.002978246010592
2020-10-19,30.96,31.3,30.57,30.61,38745967.0,658308092.0,16491037955.0,0.002349516574137313
2020-10-20,30.57,30.76,30.28,30.56,25677366.0,430612561.0,16491037955.0,0.0015570497181600842
2020-10-21,30.54,30.59,30.3,30.45,24229690.0,405474981.0,16491037955.0,0.001469264097633932
2020-10-22,30.37,30.72,30.26,30.61,26711834.0,447827167.0,16491037955.0,0.0016197788200409244
2020-10-23,30.54,30.65,30.26,30.32,24504795.0,409772176.0,16491037955.0,0.0014859461888855983
2020-10-26,30.39,30.52,30.08,30.17,22573852.0,375480419.0,16491037955.0,0.0013688557422279002
2020-10-27,30.14,30.68,30.05,30.41,27050299.0,452883956.0,16491037955.0,0.0016403029981383608
2020-10-28,30.52,30.56,30.08,30.17,21998791.0,366131927.0,16491037955.0,0.0013339846200117486
2020-10-29,29.96,30.14,29.45,30.01,28261506.0,463029495.0,16491037955.0,0.001713749375698408
2020-10-30,30.03,30.7,29.79,30.26,45204642.0,755694271.0,16491037955.0,0.0027411641476632574
2020-11-02,30.26,30.7,29.96,30.36,39005457.0,650157968.0,16491037955.0,0.002365251787451847
2020-11-03,30.34,30.65,30.3,30.59,31921488.0,535849509.0,16491037955.0,0.0019356870129767403
2020-11-04,30.54,31.26,30.39,31.12,47236762.0,803536096.0,16491037955.0,0.002864389866113797
2020-11-05,31.23,31.54,30.9,31.32,40779383.0,701630086.0,16491037955.0,0.00247282088072788
2020-11-06,31.43,32.5,31.41,32.41,73519866.0,1301363564.0,16491037955.0,0.004458170928998993
2020-11-09,32.52,32.86,32.23,32.57,61252967.0,1095217912.0,16491037955.0,0.003714318478142148
2020-11-10,32.63,33.03,32.12,32.45,46968691.0,837101537.0,16491037955.0,0.0028481343095665686
2020-11-11,32.43,33.19,32.21,32.72,48846171.0,881174397.0,16491037955.0,0.002961982813531157
2020-11-12,32.45,32.5,31.99,32.21,31104240.0,551420010.0,16491037955.0,0.0018861299140100123
2020-11-13,32.17,32.25,31.52,31.77,30902998.0,540799630.0,16491037955.0,0.0018739268009889192
2020-11-16,32.05,32.66,31.97,32.36,41736761.0,742566495.0,16491037955.0,0.00253087532233504
2020-11-17,32.5,32.83,32.16,32.45,31611551.0,565579974.0,16491037955.0,0.0019168927441838514
2020-11-18,32.37,32.61,31.9,32.34,25906494.0,460621797.0,16491037955.0,0.0015709438102496926
2020-11-19,32.26,32.54,31.79,32.03,28375191.0,499320863.0,16491037955.0,0.0017206431200649068
2020-11-20,32.03,32.28,31.66,32.23,23949523.0,421872786.0,16491037955.0,0.0014522750517797834
2020-11-23,32.36,33.76,32.36,33.41,80549265.0,1469240962.0,16491037955.0,0.004884426633411384
2020-11-24,33.5,33.54,32.94,33.45,39490626.0,722947297.0,16491037955.0,0.0023946719489555623
2020-11-25,33.81,34.57,33.43,33.48,66299644.0,1237169385.0,16491037955.0,0.00402034390927457
2020-11-26,33.54,34.54,33.48,34.46,62018375.0,1169508287.0,16491037955.0,0.0037607320515077912
2020-11-27,34.43,35.12,33.97,35.08,60128004.0,1144292831.0,16491037955.0,0.00364610185023372
2020-11-30,35.15,36.66,34.75,35.66,94335541.0,1867697379.0,16491037955.0,0.0057204125815135815
2020-12-01,35.81,36.54,35.35,35.88,58797090.0,1163530537.0,16491037955.0,0.003565396560267634
2020-12-02,35.81,36.43,35.52,36.34,41213404.0,817357351.0,16491037955.0,0.00249913947881639
2020-12-03,36.14,36.15,34.54,34.66,61364893.0,1183398499.0,16491037955.0,0.003721105558513039
2020-12-04,34.57,34.63,33.94,34.34,42287832.0,796893366.0,16491037955.0,0.0025642917150147325
2020-12-07,34.5,34.54,33.3,33.59,50308691.0,934938814.0,16491037955.0,0.003050668559327805
2020-12-08,33.72,33.92,33.3,33.45,28294296.0,521745200.0,16491037955.0,0.0017157377284078902
2020-12-09,33.77,34.46,33.65,33.81,47104276.0,882463587.0,16491037955.0,0.002856356047965933
2020-12-10,33.97,34.26,33.63,33.7,30665190.0,572738257.0,16491037955.0,0.0018595063624059192
2020-12-11,34.45,34.68,33.54,33.86,38402336.0,717913261.0,16491037955.0,0.002328679134981713
2020-12-14,32.72,32.81,31.72,31.72,83711322.0,1476887178.0,16491037955.0,0.005076170598141104
2020-12-15,31.81,32.1,31.36,32.1,47927085.0,838411859.0,16491037955.0,0.0029062503603946134
2020-12-16,32.1,32.65,31.92,32.25,31266463.0,554228310.0,16491037955.0,0.001895966954009718
2020-12-17,32.19,33.08,31.92,32.96,41890575.0,750424988.0,16491037955.0,0.0025402024490095232
2020-12-18,33.54,34.75,33.43,34.66,66101143.0,1244394906.0,16491037955.0,0.004008307007744074
2020-12-21,34.79,34.79,33.77,34.17,50552291.0,951779999.0,16491037955.0,0.0030654402189810494
2020-12-22,33.7,33.99,31.99,32.36,64659697.0,1168589976.0,16491037955.0,0.003920899168168824
2020-12-23,32.32,32.81,32.1,32.63,35256467.0,629651175.0,16491037955.0,0.0021379167943343684
2020-12-24,32.63,33.14,32.19,32.76,26746866.0,479626576.0,16491037955.0,0.001621903125381534
2020-12-25,32.81,33.88,32.39,33.57,35843633.0,655845179.0,16491037955.0,0.002173521951608412
2020-12-28,33.85,34.12,33.16,33.72,33758989.0,623755100.0,16491037955.0,0.0020471112304828844
2020-12-29,33.63,33.81,32.68,32.81,37770971.0,685010720.0,16491037955.0,0.002290393794682161
2020-12-30,32.65,33.17,32.56,32.77,28286602.0,511283421.0,16491037955.0,0.0017152711719654761
2020-12-31,32.79,32.92,32.34,32.74,50589055.0,906345114.0,16491037955.0,0.0030676695510643494
2021-01-04,32.57,32.85,32.41,32.7,35783696.0,642147049.0,16491037955.0,0.002169887432049149
2021-01-05,32.76,32.76,31.56,32.08,49793708.0,874827211.0,16491037955.0,0.0030194405067694844
2021-01-06,32.03,32.63,31.97,32.63,42808236.0,761451149.0,16491037955.0,0.0025958484915754353
2021-01-07,32.86,33.56,32.74,33.19,57742906.0,1052416187.0,16491037955.0,0.003501471899923233
2021-01-08,33.39,33.86,32.99,33.86,57364121.0,1057530896.0,16491037955.0,0.003478502757469398
2021-01-11,33.85,33.86,32.54,32.83,62956382.0,1143421636.0,16491037955.0,0.0038176118551053327
2021-01-12,32.65,33.12,32.36,33.12,37533005.0,675929277.0,16491037955.0,0.0022759637751376457
2021-01-13,33.21,34.54,33.03,34.19,72549472.0,1349643378.0,16491037955.0,0.004399327210207734
2021-01-14,33.99,34.75,33.61,33.85,50160501.0,939145086.0,16491037955.0,0.003041682466372081
2021-01-15,33.9,34.72,33.88,34.05,51260137.0,964641869.0,16491037955.0,0.003108363290405149
2021-01-18,34.06,34.79,33.77,34.39,49697855.0,940741260.0,16491037955.0,0.0030136280769963216
2021-01-19,34.43,35.41,33.86,34.06,67163721.0,1276441132.0,16491037955.0,0.004072740671828743
2021-01-20,33.83,34.37,33.54,34.19,42612096.0,794399628.0,16491037955.0,0.002583954758716702
2021-01-21,34.08,34.68,34.06,34.35,48788444.0,922631685.0,16491037955.0,0.002958482306155119
2021-01-22,34.37,34.37,33.32,33.92,44272028.0,820904541.0,16491037955.0,0.0026846113701761835
2021-01-25,33.63,33.63,32.96,33.17,35544115.0,649223707.0,16491037955.0,0.002155359480524584
2021-01-26,33.17,33.57,32.72,32.79,29870907.0,542755721.0,16491037955.0,0.0018113418380037924
2021-01-27,32.74,33.3,32.61,32.9,24496155.0,443931033.0,16491037955.0,0.0014854222679520843
2021-01-28,32.68,32.68,32.17,32.28,26944859.0,479768358.0,16491037955.0,0.0016339092223015869
2021-01-29,32.3,32.68,31.46,31.63,29106763.0,512285859.0,16491037955.0,0.0017650049123302742
2021-02-01,30.96,31.12,30.59,30.86,35979858.0,611073501.0,16491037955.0,0.0021817824989658146
2021-02-02,31.06,31.06,30.63,30.65,26160135.0,442854314.0,16491037955.0,0.0015863243460711566
2021-02-03,30.79,31.05,30.45,30.48,25595977.0,431602062.0,16491037955.0,0.001552114370838582
2021-02-04,30.41,30.48,29.7,30.32,35878931.0,594150363.0,16491037955.0,0.002175662386922206
2021-02-05,30.37,30.41,29.72,29.72,28978995.0,477271395.0,16491037955.0,0.0017572571889699468
2021-02-08,29.79,30.07,29.48,29.85,30502153.0,499856366.0,16491037955.0,0.0018496199622627088
2021-02-09,29.87,30.28,29.63,30.21,25941016.0,427899709.0,16491037955.0,0.0015730371897018655
2021-02-10,30.23,30.54,29.99,30.41,29990217.0,500135562.0,16491037955.0,0.0018185766767280476
2021-02-18,31.08,31.77,31.08,31.66,51077200.0,884921246.0,16491037955.0,0.003097270174222942
2021-02-19,31.63,33.21,31.26,32.92,60639120.0,1080808976.0,16491037955.0,0.003677095411790895
2021-02-22,33.05,35.39,33.05,34.34,90274902.0,1704116615.0,16491037955.0,0.005474179505640463
2021-02-23,34.12,34.12,33.28,33.37,54433518.0,1010211248.0,16491037955.0,0.003300793931136156
2021-02-24,33.56,33.99,32.81,32.96,34922611.0,640019946.0,16491037955.0,0.0021176721013738036
2021-02-25,33.5,33.97,33.25,33.66,35554104.0,657526103.0,16491037955.0,0.002155965203464963
2021-02-26,32.92,33.45,31.99,32.26,50044032.0,897791856.0,16491037955.0,0.0030346199030381166
2021-03-01,32.41,32.72,32.01,32.39,36976546.0,658611373.0,16491037955.0,0.0022422206595424697
2021-03-02,32.36,33.94,32.17,32.68,69453421.0,1259065301.0,16491037955.0,0.004211585783109672
2021-03-03,32.61,33.54,32.43,33.37,45498729.0,830235459.0,16491037955.0,0.002758997288354734
2021-03-04,33.23,33.36,32.59,32.9,40237261.0,728862272.0,16491037955.0,0.002439947146431754
2021-03-05,32.56,33.28,32.54,33.05,42356866.0,766490864.0,16491037955.0,0.002568477867529109
2021-03-08,33.12,33.57,32.66,32.74,29839756.0,542010079.0,16491037955.0,0.0018094528726102857
2021-03-09,32.66,33.92,32.17,32.94,53739531.0,976813271.0,16491037955.0,0.0032587112555705717
2021-03-10,32.99,33.36,32.54,32.66,35084025.0,634561489.0,16491037955.0,0.002127460084424989
2021-03-11,32.63,33.32,32.59,33.23,30671702.0,556344244.0,16491037955.0,0.0018599012435539567
2021-03-12,33.25,34.54,32.85,33.76,55529476.0,1028095548.0,16491037955.0,0.0033672517249384985
2021-03-15,33.54,35.01,33.41,34.9,75052849.0,1427886478.0,16491037955.0,0.004551129480436637
2021-03-16,34.94,35.06,34.17,34.61,37025586.0,704548862.0,16491037955.0,0.0022451943959521377
2021-03-17,34.46,34.57,33.5,34.48,38686969.0,724392491.0,16491037955.0,0.002345938994596171
2021-03-18,34.32,34.9,34.08,34.39,25677968.0,487765261.0,16491037955.0,0.0015570862228362387
2021-03-19,33.99,34.81,33.81,33.99,35584472.0,668647149.0,16491037955.0,0.00215780668852387
2021-03-22,33.92,34.3,33.77,34.01,34232433.0,639912345.0,16491037955.0,0.0020758203997475427
2021-03-23,34.03,34.15,32.79,32.96,39683577.0,724300814.0,16491037955.0,0.0024063723040530713
2021-03-24,32.81,32.85,32.19,32.32,24048494.0,429022635.0,16491037955.0,0.0014582765539453881
2021-03-25,32.3,33.01,32.19,32.9,21143828.0,380152591.0,16491037955.0,0.0012821405212756361
2021-03-26,32.81,33.3,32.61,32.96,20974301.0,380100435.0,16491037955.0,0.0012718605740423207
2021-03-29,35.32,36.25,34.83,36.25,131885339.0,2610904738.0,16491037955.0,0.007997394667326747
2021-03-30,36.35,37.54,36.05,37.06,115828585.0,2344346558.0,16491037955.0,0.007023729210742696
2021-03-31,36.57,36.81,36.01,36.54,51300522.0,1026137287.0,16491037955.0,0.003110812196296349
2021-04-01,36.55,36.65,35.85,36.14,35175082.0,698139729.0,16491037955.0,0.002132981689568854
2021-04-02,36.25,36.34,35.81,35.95,23790025.0,470728578.0,16491037955.0,0.0014426032530467244
2021-04-06,35.99,36.1,35.14,35.45,27857978.0,542686910.0,16491037955.0,0.0016892798425434223
2021-04-07,35.45,35.61,35.12,35.48,29290242.0,570501150.0,16491037955.0,0.0017761308948488197
2021-04-08,35.63,35.92,35.19,35.48,28961327.0,566432110.0,16491037955.0,0.001756185819172108
2021-04-09,35.37,35.86,35.19,35.46,29821749.0,583016922.0,16491037955.0,0.001808360946192486
2021-04-12,35.59,35.77,35.14,35.63,32265765.0,629856319.0,16491037955.0,0.00195656362492436
2021-04-13,35.55,35.68,34.65,35.12,31502594.0,607856999.0,16491037955.0,0.001910285700994859
2021-04-14,35.26,35.57,34.95,35.5,22006921.0,427388777.0,16491037955.0,0.0013344776150568261
2021-04-15,35.54,36.23,35.45,35.94,32720678.0,644375712.0,16491037955.0,0.0019841490929368246
2021-04-16,35.92,36.59,35.74,36.03,32647464.0,649164725.0,16491037955.0,0.0019797094694152624
2021-04-19,36.05,36.45,35.9,36.08,31178664.0,619415297.0,16491037955.0,0.0018906429107178658
2021-04-20,35.9,36.43,35.54,36.15,24596370.0,487070985.0,16491037955.0,0.0014914992050298753
2021-04-21,35.99,36.01,35.57,35.79,17409035.0,342650967.0,16491037955.0,0.0010556664199976367
2021-04-22,36.03,36.39,35.99,36.23,22773439.0,453576978.0,16491037955.0,0.0013809584977090667
2021-04-23,36.08,36.08,35.41,35.54,28762639.0,563330647.0,16491037955.0,0.0017441375781491856
2021-04-26,35.23,35.68,34.9,34.97,45564501.0,883531261.0,16491037955.0,0.0027629856364611103
2021-04-27,34.94,35.05,34.08,34.72,35943390.0,684818660.0,16491037955.0,0.0021795711160256075
2021-04-28,34.75,35.45,34.72,35.45,25362003.0,491265145.0,16491037955.0,0.0015379264221698288
2021-04-29,35.41,35.9,34.86,35.68,29271601.0,568948191.0,16491037955.0,0.0017750005233069636
2021-04-30,35.63,35.63,34.79,34.92,30489810.0,588251041.0,16491037955.0,0.0018488714951235463
2021-05-06,35.17,36.14,35.17,35.97,46977128.0,927098282.0,16491037955.0,0.002848645920783705
2021-05-07,36.1,36.99,35.92,36.39,58591041.0,1177431247.0,16491037955.0,0.003552901955588277
2021-05-10,36.9,38.14,36.63,38.12,76395288.0,1572084556.0,16491037955.0,0.0046325336348423925
2021-05-11,37.39,37.77,36.1,37.32,63113541.0,1281352873.0,16491037955.0,0.003827141819224562
2021-05-12,37.39,38.35,37.39,37.97,47112553.0,984240079.0,16491037955.0,0.00285685795694356
2021-05-13,37.26,37.54,36.46,36.7,37350682.0,757278564.0,16491037955.0,0.0022649078912995563
2021-05-14,36.68,37.05,36.1,36.28,38572771.0,773054007.0,16491037955.0,0.002339014142424245
2021-05-17,36.39,36.99,36.01,36.72,31807778.0,640690777.0,16491037955.0,0.001928791752635318
2021-05-18,36.75,37.34,36.65,37.21,25276300.0,516577483.0,16491037955.0,0.0015327294782155512
2021-05-19,37.23,37.23,36.46,36.9,18116921.0,365942813.0,16491037955.0,0.0010985919169816136
2021-05-20,36.03,36.15,35.1,35.65,47132486.0,923894892.0,16491037955.0,0.002858066674069455
2021-05-21,35.39,36.06,35.39,35.72,18528170.0,364743605.0,16491037955.0,0.0011235296438319308
2021-05-24,35.68,35.97,35.48,35.59,18518008.0,363777362.0,16491037955.0,0.0011229134303450822
2021-05-25,35.63,35.99,34.94,35.92,35941875.0,702224065.0,16491037955.0,0.002179479247945252
2021-05-26,35.88,36.17,35.63,36.05,17961304.0,355514406.0,16491037955.0,0.0010891554581956573
2021-05-27,36.08,36.37,35.94,36.32,29668196.0,590520240.0,16491037955.0,0.0017990496462962024
2021-05-28,36.35,36.61,35.86,36.23,24068949.0,479238894.0,16491037955.0,0.0014595169246276833
2021-05-31,36.25,36.41,36.05,36.32,15979529.0,318603300.0,16491037955.0,0.0009689826100457847
2021-06-01,36.37,36.48,35.59,36.48,25043886.0,497693612.0,16491037955.0,0.0015186361263820158
2021-06-02,36.46,36.7,35.99,36.65,31393292.0,628256152.0,16491037955.0,0.001903657737351924
2021-06-03,36.75,37.63,36.75,37.17,50595699.0,1036831628.0,16491037955.0,0.0030680724365599824
2021-06-04,36.72,37.26,36.32,36.86,28469312.0,574892267.0,16491037955.0,0.001726350523095379
2021-06-07,36.92,37.17,36.54,36.9,21710137.0,439705014.0,16491037955.0,0.001316480930990617
2021-06-08,36.83,37.01,36.5,36.74,19508895.0,394633940.0,16491037955.0,0.0011829998241005201
2021-06-09,36.86,37.68,36.7,37.34,33980693.0,698123848.0,16491037955.0,0.002060555138659251
2021-06-10,37.34,37.55,37.01,37.14,27240794.0,557940916.0,16491037955.0,0.0016518544238593987
2021-06-11,37.28,37.54,37.15,37.41,23989399.0,493311950.0,16491037955.0,0.0014546930924215437
2021-06-15,37.61,37.7,36.57,36.9,27472118.0,559295553.0,16491037955.0,0.0016658816791862753
2021-06-16,37.1,37.64,36.79,37.21,26239502.0,538463197.0,16491037955.0,0.0015911370813408573
2021-06-17,37.21,37.43,36.52,36.94,22963839.0,466838357.0,16491037955.0,0.0013925041627253958
2021-06-18,36.75,36.9,35.59,36.06,40067126.0,796371261.0,16491037955.0,0.0024296303306883026
2021-06-21,35.77,35.77,35.23,35.37,28826933.0,562086739.0,16491037955.0,0.0017480363018180926
2021-06-22,35.41,35.72,35.12,35.3,28671158.0,558502742.0,16491037955.0,0.0017385902620706206
2021-06-23,35.52,36.14,35.34,36.12,32519398.0,640079611.0,16491037955.0,0.0019719436756338482
2021-06-24,36.08,36.81,35.81,36.3,33389574.0,668381160.0,16491037955.0,0.0020247102754303256
2021-06-25,36.5,37.06,36.46,36.94,30506026.0,617805099.0,16491037955.0,0.0018498548170978362
2021-06-28,36.3,36.32,35.66,35.72,33506572.0,660762031.0,16491037955.0,0.0020318049167936682
2021-06-29,35.61,35.72,35.26,35.35,26308241.0,512262519.0,16491037955.0,0.001595305345351138
2021-06-30,35.5,35.81,35.37,35.48,13107400.0,256586157.0,16491037955.0,0.0007948195884192906
2021-07-01,35.52,35.7,35.26,35.3,18021335.0,351479943.0,16491037955.0,0.0010927956778206324
2021-07-02,35.26,35.48,34.97,35.05,21268745.0,410833199.0,16491037955.0,0.0012897153628557033
2021-07-05,35.34,36.28,35.32,36.28,32287748.0,636281207.0,16491037955.0,0.0019578966519939707
2021-07-06,36.35,36.48,35.97,36.21,19290258.0,384208664.0,16491037955.0,0.0011697418957277513
2021-07-07,36.03,36.26,35.9,36.17,17051681.0,338443008.0,16491037955.0,0.001033996831887105
2021-07-08,36.19,36.21,35.28,35.86,27574070.0,542447761.0,16491037955.0,0.0016720639462017416
2021-07-09,35.81,36.35,35.72,36.32,39528212.0,784522724.0,16491037955.0,0.0023969511262943426
2021-07-12,36.24,36.28,33.98,35.22,52101358.0,921907177.0,16491037955.0,0.0031593740880453878
2021-07-13,35.18,35.56,35.1,35.54,22762420.0,403258664.0,16491037955.0,0.0013802903166018454
2021-07-14,35.7,36.32,35.38,35.8,25273917.0,453439312.0,16491037955.0,0.0015325849754858562
2021-07-15,35.74,35.94,35.26,35.8,18177116.0,324372599.0,16491037955.0,0.001102242081402086
2021-07-16,35.94,36.6,35.84,36.14,25362861.0,459718494.0,16491037955.0,0.0015379784504291987
2021-07-19,36.36,36.68,35.8,36.38,27630505.0,501730402.0,16491037955.0,0.0016754861079937404
2021-07-20,36.06,36.08,35.52,35.78,18575985.0,332565033.0,16491037955.0,0.0011264290974703538
2021-07-21,35.88,35.94,35.04,35.24,22196494.0,392073701.0,16491037955.0,0.0013459731316226905
2021-07-22,35.18,35.68,35.18,35.46,14622124.0,259645619.0,16491037955.0,0.0008866709324119071
2021-07-23,35.6,36.26,35.38,35.52,22382249.0,400388156.0,16491037955.0,0.001357237128498259
2021-07-26,35.56,35.56,34.3,34.52,29535763.0,512785167.0,16491037955.0,0.0017910190420151757
2021-07-27,34.6,35.18,33.98,34.04,29515905.0,511423405.0,16491037955.0,0.0017898148728140502
2021-07-28,34.08,34.42,33.38,33.74,24498882.0,413935512.0,16491037955.0,0.0014855876304967245
2021-07-29,34.14,34.18,33.48,33.74,24978738.0,420708271.0,16491037955.0,0.001514685617009727
2021-07-30,33.88,34.34,33.58,33.98,26460500.0,449683429.0,16491037955.0,0.0016045381783853885
2021-08-02,33.7,34.58,33.38,34.46,35496774.0,603137859.0,16491037955.0,0.002152488769770708
2021-08-03,34.36,34.7,33.98,34.5,31087214.0,532864254.0,16491037955.0,0.0018850974744482056
2021-08-04,34.38,34.8,34.2,34.68,23355002.0,403886986.0,16491037955.0,0.0014162238946832865
2021-08-05,34.54,35.04,34.5,34.84,30020829.0,522473825.0,16491037955.0,0.0018204329577022067
2021-08-06,34.78,35.04,34.6,35.02,29651065.0,517256779.0,16491037955.0,0.0017980108396397174
2021-08-09,35.02,35.26,34.56,35.14,27385789.0,479746329.0,16491037955.0,0.0016606467752199167
2021-08-10,35.06,35.56,35.04,35.36,39012643.0,688188141.0,16491037955.0,0.002365687539283818
2021-08-11,35.48,35.94,35.34,35.8,35294579.0,629746296.0,16491037955.0,0.0021402278677855363
2021-08-12,35.78,36.06,35.58,35.76,40458114.0,725140829.0,16491037955.0,0.0024533394508217295
2021-08-13,35.72,36.08,35.62,35.9,24634041.0,441962615.0,16491037955.0,0.0014937835366833948
2021-08-16,36.06,36.52,35.8,35.84,26723076.0,481711401.0,16491037955.0,0.0016204605236444622
2021-08-17,35.6,36.42,35.38,35.54,35840929.0,643692218.0,16491037955.0,0.0021733579837607013
2021-08-18,35.54,35.68,34.76,35.1,38507256.0,675385465.0,16491037955.0,0.002335041378540081
2021-08-19,35.04,35.04,34.48,34.76,25267790.0,438779392.0,16491037955.0,0.0015322134403516386
2021-08-20,34.64,34.96,33.96,34.5,30814658.0,531621884.0,16491037955.0,0.0018685699519997254
2021-08-23,34.9,35.5,34.82,35.34,31790323.0,559844396.0,16491037955.0,0.0019277332989438263
2021-08-24,35.6,35.86,35.4,35.58,29720572.0,529941528.0,16491037955.0,0.001802225674399644
2021-08-25,35.58,36.14,35.44,36.02,32153075.0,576857556.0,16491037955.0,0.0019497302163598107
2021-08-26,36.14,36.98,36.04,36.46,54113986.0,987781270.0,16491037955.0,0.0032814178311676803
2021-08-27,35.92,36.6,35.8,36.3,40028450.0,725790607.0,16491037955.0,0.0024272850568428637
2021-08-30,36.58,38.14,36.18,37.84,81075323.0,1509865612.0,16491037955.0,0.0049163262628607535
2021-08-31,37.56,40.2,37.4,39.98,123233405.0,2411237892.0,16491037955.0,0.007472750068023235
2021-09-01,40.28,40.94,38.5,39.04,99444962.0,1960041412.0,16491037955.0,0.006030242745869661
2021-09-02,39.04,40.88,39.02,40.2,82319007.0,1648484219.0,16491037955.0,0.004991742013124243
2021-09-03,39.76,40.26,39.32,39.92,58237252.0,1159561573.0,16491037955.0,0.0035314485455018164
2021-09-06,40.5,42.07,40.5,41.51,73785009.0,1529647474.0,16491037955.0,0.004474248934563198
2021-09-07,41.97,42.97,41.22,42.53,74591938.0,1574463946.0,16491037955.0,0.004523180299720558
2021-09-08,42.03,44.03,41.95,43.59,86935445.0,1879591674.0,16491037955.0,0.0052716781828545615
2021-09-09,43.97,47.95,42.81,47.95,178792256.0,4183350407.0,16491037955.0,0.010841783063496684
2021-09-10,46.99,47.11,44.39,44.77,136033535.0,3094784284.0,16491037955.0,0.008248937111854461
2021-09-13,45.17,48.33,45.13,47.87,106855565.0,2514248576.0,16491037955.0,0.006479614278469472
2021-09-14,46.53,47.59,45.39,46.29,77901367.0,1808140376.0,16491037955.0,0.00472386075470651
2021-09-15,46.53,46.75,45.07,45.71,56724363.0,1300654338.0,16491037955.0,0.003439708474068575
2021-09-16,46.75,48.87,45.61,46.29,84838974.0,1997873905.0,16491037955.0,0.005144550284312289
2021-09-17,45.13,46.37,42.01,43.21,102426331.0,2243422424.0,16491037955.0,0.00621102997152128
2021-09-22,42.87,47.53,42.77,47.53,102174819.0,2337896002.0,16491037955.0,0.00619577853612429
2021-09-23,48.37,48.57,44.99,46.83,106974731.0,2490806319.0,16491037955.0,0.006486840385178169
2021-09-24,45.81,45.83,43.61,43.77,77520884.0,1724516422.0,16491037955.0,0.0047007886472358795
2021-09-27,44.69,44.97,43.27,43.83,56386595.0,1242930978.0,16491037955.0,0.003419226561352002
2021-09-28,44.47,46.05,43.37,45.59,79780407.0,1799767898.0,16491037955.0,0.004837803855506317
2021-09-29,45.97,46.67,43.69,44.31,63154613.0,1419544793.0,16491037955.0,0.0038296323841066557
2021-09-30,44.41,46.07,43.99,45.29,65156865.0,1468886602.0,16491037955.0,0.003951046936996756
2021-10-08,46.19,46.23,42.77,42.77,99774338.0,2185918787.0,16491037955.0,0.00605021577612396
2021-10-11,43.55,45.17,43.45,44.81,71770093.0,1596779552.0,16491037955.0,0.0043520664494159185
2021-10-12,45.31,46.99,43.21,44.45,66975164.0,1497801286.0,16491037955.0,0.004061306764483764
2021-10-13,44.53,44.53,41.73,43.01,58948735.0,1263453176.0,16491037955.0,0.0035745921609577668
2021-10-14,42.27,42.93,41.63,42.35,37505755.0,794838988.0,16491037955.0,0.0022743113624711805
2021-10-15,42.53,44.09,42.03,43.89,61117766.0,1325449193.0,16491037955.0,0.003706120025117606
2021-10-18,43.83,47.65,43.63,47.15,105067949.0,2438366302.0,16491037955.0,0.006371215037325405
2021-10-19,47.03,48.11,46.35,46.89,65825875.0,1560134647.0,16491037955.0,0.003991615032335907
2021-10-20,42.97,44.33,42.97,43.91,86179592.0,1879335888.0,16491037955.0,0.005225844015104627
2021-10-21,43.95,46.87,43.91,46.09,71721749.0,1645654579.0,16491037955.0,0.004349134917748117
2021-10-22,45.51,46.13,43.13,43.23,99557241.0,2199121672.0,16491037955.0,0.00603705123180647
2021-10-25,43.33,45.61,42.99,44.67,65731766.0,1467316516.0,16491037955.0,0.003985908356973399
2021-10-26,45.17,45.29,43.41,43.69,48346882.0,1063512724.0,16491037955.0,0.0029317064293907266
2021-10-27,42.97,43.43,41.55,41.93,64326665.0,1363540403.0,16491037955.0,0.0039007044417417327
2021-10-28,40.76,40.98,38.5,40.28,112368216.0,2219418360.0,16491037955.0,0.006813895905559451
2021-10-29,39.9,40.42,39.0,39.76,47283703.0,938483135.0,16491037955.0,0.0028672363212689
2021-11-01,39.48,40.46,39.3,40.16,38826417.0,776856486.0,16491037955.0,0.0023543949814406936
2021-11-02,40.18,40.88,38.5,39.18,53498098.0,1051707473.0,16491037955.0,0.003244071000623684
2021-11-03,39.42,40.42,39.02,40.18,50835613.0,1014600131.0,16491037955.0,0.0030826205808705265
2021-11-04,39.64,40.36,39.42,40.26,35929957.0,718501497.0,16491037955.0,0.002178756552379786
2021-11-05,40.04,40.04,38.98,38.98,32836818.0,645610276.0,16491037955.0,0.0019911917060407977
2021-11-08,39.48,39.88,38.94,39.56,28792477.0,569066161.0,16491037955.0,0.0017459469245397173
2021-11-09,39.38,39.68,38.8,38.88,28602940.0,559371699.0,16491037955.0,0.0017344535909777426
2021-11-10,38.82,38.82,37.12,38.14,53741439.0,1013282435.0,16491037955.0,0.0032588269547767224
2021-11-11,38.02,38.54,37.8,38.44,28700137.0,548720885.0,16491037955.0,0.0017403475195627855
2021-11-12,38.26,38.58,38.02,38.22,23639764.0,452885878.0,16491037955.0,0.0014334915767283492
2021-11-15,38.18,38.56,37.78,38.24,22445834.0,428679245.0,16491037955.0,0.0013610928591183391
2021-11-16,38.24,38.46,37.7,37.88,16417994.0,312872026.0,16491037955.0,0.0009955706878366712
2021-11-17,37.92,38.4,37.64,38.04,22801272.0,434127924.0,16491037955.0,0.0013826462629107448
2021-11-18,38.32,38.54,37.92,38.18,24369809.0,466417693.0,16491037955.0,0.0014777607732453977
2021-11-19,38.16,38.84,37.88,38.66,23533166.0,453247591.0,16491037955.0,0.0014270275809331252
2021-11-22,38.94,39.18,38.34,38.72,23022746.0,445842113.0,16491037955.0,0.0013960762241178165
2021-11-23,38.7,39.64,37.94,39.14,33013123.0,645023277.0,16491037955.0,0.002001882664395335
2021-11-24,39.26,40.38,39.18,40.3,35671366.0,714224129.0,16491037955.0,0.0021630758535234962
2021-11-25,40.52,40.86,39.92,40.6,28994841.0,587481454.0,16491037955.0,0.0017582180745153708
2021-11-26,40.1,40.12,39.3,39.42,19773223.0,391410150.0,16491037955.0,0.001199028408882223
2021-11-29,38.82,39.18,38.56,39.12,20842080.0,404967232.0,16491037955.0,0.001263842825228644
2021-11-30,39.18,39.58,38.78,39.06,20400779.0,399356818.0,16491037955.0,0.0012370827752424514
2021-12-01,38.98,40.28,38.84,40.18,26670374.0,531024234.0,16491037955.0,0.00161726472722802
2021-12-02,40.02,41.41,40.0,41.33,49085191.0,1004561144.0,16491037955.0,0.002976476746578442
2021-12-03,40.88,45.29,40.5,45.17,97376698.0,2136248883.0,16491037955.0,0.0059048252915139205
2021-12-06,44.63,46.49,44.05,44.35,61627567.0,1390740734.0,16491037955.0,0.0037370338463938125
2021-12-07,44.77,44.85,43.39,44.13,35076181.0,773593726.0,16491037955.0,0.002126984432133035
2021-12-08,44.15,44.45,42.65,43.47,51554222.0,1115546878.0,16491037955.0,0.003126196309818632
2021-12-09,43.43,44.33,43.21,43.57,36198510.0,793866820.0,16491037955.0,0.0021950413369235377
2021-12-10,43.57,44.25,43.17,43.37,30483836.0,665477503.0,16491037955.0,0.0018485092377558596
2021-12-13,43.77,44.77,43.39,43.57,38994746.0,855032405.0,16491037955.0,0.0023646022831556816
2021-12-14,43.21,43.45,42.17,42.45,40316322.0,857195922.0,16491037955.0,0.002444741326168393
2021-12-15,42.51,43.01,42.13,42.71,22852813.0,487708017.0,16491037955.0,0.0013857716574517459
2021-12-16,43.27,46.69,43.07,45.67,81957235.0,1852157642.0,16491037955.0,0.004969804521925254
2021-12-17,45.49,45.49,43.77,44.03,51095037.0,1134731041.0,16491037955.0,0.0030983517920112626
2021-12-20,43.81,44.47,43.17,43.49,31281400.0,683384404.0,16491037955.0,0.0018968727187069288
2021-12-21,43.57,45.07,43.19,44.37,26233762.0,581605896.0,16491037955.0,0.0015907890134984532
2021-12-22,44.27,44.51,43.67,44.19,28139682.0,620795592.0,16491037955.0,0.001706362090535859
2021-12-23,43.97,45.53,43.91,45.31,28340712.0,637354045.0,16491037955.0,0.0017185523480896022
2021-12-24,45.17,45.41,44.61,44.89,24052277.0,542258847.0,16491037955.0,0.0014585059512707912
2021-12-27,45.11,46.51,44.81,45.57,28412166.0,651963413.0,16491037955.0,0.00172288524697656
2021-12-28,46.13,46.17,43.91,44.53,34084210.0,757059773.0,16491037955.0,0.00206683230570492
2021-12-29,44.63,45.27,44.33,44.53,19824506.0,444051299.0,16491037955.0,0.0012021381585620152
2021-12-30,44.19,44.81,43.79,43.85,22086075.0,486560404.0,16491037955.0,0.0013392774342201798
2021-12-31,43.97,45.81,43.97,45.01,39656330.0,895653046.0,16491037955.0,0.002404720073303597
2022-01-04,45.97,46.87,44.57,45.43,50985807.0,1161711704.0,16491037955.0,0.003091728194376107
2022-01-05,45.09,45.67,44.69,44.77,34774505.0,783514479.0,16491037955.0,0.002108691102093822
2022-01-06,44.77,44.99,44.33,44.41,23767199.0,530733862.0,16491037955.0,0.0014412191073026974
2022-01-07,44.47,45.37,44.35,44.99,30229815.0,679554036.0,16491037955.0,0.0018331056591155605
2022-01-10,44.97,45.65,44.79,45.53,31602365.0,715831501.0,16491037955.0,0.001916335714358011
2022-01-11,45.17,45.57,44.59,45.37,22117080.0,499923090.0,16491037955.0,0.001341157546320134
2022-01-12,45.47,45.73,44.57,45.63,26981827.0,610934453.0,16491037955.0,0.0016361509247402614
2022-01-13,45.77,46.99,45.59,46.35,39433087.0,917740183.0,16491037955.0,0.002391182841710948
2022-01-14,46.17,46.17,44.83,45.01,27501596.0,621310129.0,16491037955.0,0.0016676691955379106
2022-01-17,45.19,45.41,44.69,44.75,16686901.0,375583138.0,16491037955.0,0.0010118769385853372
2022-01-18,44.75,46.83,44.57,46.65,37962180.0,872344559.0,16491037955.0,0.0023019885166470104
2022-01-19,46.67,47.75,46.51,46.99,34429847.0,810791622.0,16491037955.0,0.0020877913866883704
2022-01-20,46.71,47.95,46.61,47.73,31388289.0,748429410.0,16491037955.0,0.0019033543604502607
2022-01-21,47.97,48.53,46.83,47.99,34515808.0,824951529.0,16491037955.0,0.0020930039755038573
2022-01-24,47.99,49.11,47.17,48.21,29384647.0,707766637.0,16491037955.0,0.0017818555193544214
2022-01-25,47.85,48.17,46.73,46.77,28943810.0,684720548.0,16491037955.0,0.0017551236058628062
2022-01-26,46.77,47.15,45.65,46.31,31248056.0,724579705.0,16491037955.0,0.0018948507719931448
2022-01-27,46.35,47.89,46.01,46.93,36012641.0,850012419.0,16491037955.0,0.0021837704272023185
2022-01-28,46.49,47.35,44.97,45.05,38316958.0,876366235.0,16491037955.0,0.002323501898701439
2022-02-07,46.15,47.71,45.43,46.99,40361893.0,942552425.0,16491037955.0,0.002447504705897695
2022-02-08,47.97,50.19,47.09,49.89,79674621.0,1950529864.0,16491037955.0,0.004831389098576603
2022-02-09,49.93,49.99,48.37,48.85,49371483.0,1215549197.0,16491037955.0,0.002993837206288814
2022-02-10,48.11,51.43,47.33,51.17,63233985.0,1572204002.0,16491037955.0,0.0038344454225713413
2022-02-11,50.69,53.55,50.09,52.19,72475420.0,1890513855.0,16491037955.0,0.00439483677120674
2022-02-14,52.09,52.67,51.09,51.51,32563232.0,843883327.0,16491037955.0,0.001974601725425475
2022-02-15,51.03,51.05,49.57,50.17,32878087.0,823307536.0,16491037955.0,0.001993694216805288
2022-02-16,50.17,51.35,49.93,50.35,23362048.0,590504857.0,16491037955.0,0.001416651157055687
2022-02-17,49.97,51.29,49.81,50.59,26035444.0,659762952.0,16491037955.0,0.0015787632089043968
2022-02-18,50.53,52.17,50.33,51.55,40977989.0,1053350158.0,16491037955.0,0.002484864149353054
2022-02-21,51.93,53.07,51.13,52.79,40331357.0,1052582414.0,16491037955.0,0.002445653033487303
2022-02-22,52.33,53.73,52.09,53.17,38294060.0,1010654079.0,16491037955.0,0.002322113386949633
2022-02-23,52.93,52.95,50.57,50.99,45522430.0,1168213678.0,16491037955.0,0.002760434493221079
2022-02-24,51.07,51.79,49.97,50.97,41286990.0,1052016543.0,16491037955.0,0.002503601660044812
2022-02-25,50.49,51.29,47.77,49.11,64606599.0,1597612382.0,16491037955.0,0.003917679358709595
2022-02-28,48.97,50.73,48.91,50.45,47376739.0,1189630548.0,16491037955.0,0.002872877930987698
2022-03-01,50.69,52.53,50.09,52.07,40844419.0,1048989336.0,16491037955.0,0.0024767645985325124
2022-03-02,52.57,52.85,51.57,52.57,32076958.0,840310293.0,16491037955.0,0.0019451145578301473
2022-03-03,52.69,54.29,52.63,53.91,45965982.0,1237108001.0,16491037955.0,0.002787331041589371
2022-03-04,53.57,55.53,52.77,54.41,43860064.0,1191403247.0,16491037955.0,0.0026596302864430586
2022-03-07,55.57,55.75,53.67,54.07,42014994.0,1146330394.0,16491037955.0,0.002547747092369117
2022-03-08,53.37,54.45,51.37,51.69,65464410.0,1719367936.0,16491037955.0,0.0039696961573089775
2022-03-09,52.25,55.19,51.39,53.81,61837061.0,1656967421.0,16491037955.0,0.003749737352417609
2022-03-10,52.77,54.97,51.47,53.11,59659041.0,1589979821.0,16491037955.0,0.003617664404314325
2022-03-11,53.31,54.73,51.39,53.77,49539498.0,1327325068.0,16491037955.0,0.0030040254673587645
2022-03-14,52.57,55.09,52.17,52.37,47578426.0,1273140253.0,16491037955.0,0.002885108028362427
2022-03-15,51.97,52.01,48.17,48.23,84469645.0,2079574039.0,16491037955.0,0.005122154544213466
2022-03-16,49.07,50.21,46.63,49.57,52763785.0,1279233136.0,16491037955.0,0.003199542996867719
2022-03-17,49.97,50.13,46.97,48.71,72663713.0,1760950440.0,16491037955.0,0.004406254669856528
2022-03-18,48.27,50.81,48.21,50.03,56182171.0,1404722889.0,16491037955.0,0.003406830495042663
2022-03-21,50.33,53.25,50.33,52.17,47672902.0,1240331574.0,16491037955.0,0.002890836958236811
2022-03-22,51.91,54.01,51.81,53.73,46614370.0,1243834936.0,16491037955.0,0.0028266486395337386
2022-03-23,53.95,53.95,51.99,53.07,31242349.0,826638775.0,16491037955.0,0.0018945047052376395
2022-03-24,53.75,55.03,53.47,54.37,34779498.0,944498148.0,16491037955.0,0.002108993872605516
2022-03-25,53.81,55.57,53.45,54.33,36868694.0,1002503815.0,16491037955.0,0.0022356806224450897
2022-03-28,55.99,58.88,55.99,58.4,76013301.0,2193528708.0,16491037955.0,0.004609370326320372
2022-03-29,57.96,60.44,57.51,60.12,66209302.0,1961835230.0,16491037955.0,0.004014865661013512
2022-03-30,59.36,60.0,57.21,58.02,59382891.0,1729837449.0,16491037955.0,0.0036009189453108624
2022-03-31,58.26,59.54,57.37,59.5,45486734.0,1334963105.0,16491037955.0,0.002758269923586505
2022-04-01,58.56,59.88,58.0,59.02,35828815.0,1054770029.0,16491037955.0,0.0021726234029518367
2022-04-06,58.3,58.6,56.75,58.36,36369355.0,1052349102.0,16491037955.0,0.0022054012063548126
2022-04-07,58.16,60.22,57.75,59.52,37630689.0,1118962877.0,16491037955.0,0.0022818872349141955
2022-04-08,60.0,61.32,59.56,61.1,44137015.0,1338815285.0,16491037955.0,0.002676424317283066
2022-04-11,60.26,63.56,60.12,62.56,58510371.0,1825376314.0,16491037955.0,0.0035480102077055705
2022-04-12,63.16,64.2,61.16,61.86,46406297.0,1450593257.0,16491037955.0,0.0028140313015245864
2022-04-13,61.88,63.96,61.88,63.94,40371084.0,1277764937.0,16491037955.0,0.00244806203891852
2022-04-14,63.62,64.86,62.98,64.52,37298204.0,1196920747.0,16491037955.0,0.002261725678018428
2022-04-15,64.76,65.92,61.5,62.02,52501749.0,1663234212.0,16491037955.0,0.00318365339666699
2022-04-18,60.16,62.92,59.5,59.9,65277466.0,1981044692.0,16491037955.0,0.003958360060666054
2022-04-19,60.24,62.06,59.18,61.56,42782679.0,1308560773.0,16491037955.0,0.00259429874073078
2022-04-20,60.96,61.12,58.68,59.08,43878681.0,1311460180.0,16491037955.0,0.0026607592026489883
2022-04-21,59.56,60.16,58.1,58.4,35274576.0,1041494495.0,16491037955.0,0.0021390149059298553
2022-04-22,57.53,60.34,57.33,59.34,33404601.0,990100756.0,16491037955.0,0.00202562149763726
2022-04-25,58.02,59.18,56.15,57.37,49790890.0,1436600658.0,16491037955.0,0.003019269626076123
2022-04-26,57.57,57.94,55.41,56.91,36749040.0,1043327396.0,16491037955.0,0.002228424923905889
2022-04-27,56.61,58.36,56.03,57.9,41254995.0,1182707913.0,16491037955.0,0.0025016615153378927
2022-04-28,59.98,62.84,59.88,62.38,67198413.0,2064170122.0,16491037955.0,0.004074844359910395
2022-04-29,62.38,62.4,60.16,61.52,48623835.0,1486846257.0,16491037955.0,0.0029485005815087276
2022-05-05,62.16,62.56,60.8,61.22,36480989.0,1120504306.0,16491037955.0,0.0022121705801385985
2022-05-06,60.46,62.48,60.0,60.44,38208447.0,1171597024.0,16491037955.0,0.0023169219005050794
2022-05-09,59.76,59.78,57.76,59.18,32409438.0,954369048.0,16491037955.0,0.0019652758115309304
2022-05-10,57.84,57.84,55.99,57.33,44858916.0,1277285636.0,16491037955.0,0.0027201996698090797
2022-05-11,57.15,58.44,56.97,58.44,36439078.0,1053111910.0,16491037955.0,0.0022096291391380768
2022-05-12,58.52,58.92,56.83,57.25,27168628.0,784306124.0,16491037955.0,0.0016474783500066233
2022-05-13,57.49,61.56,57.41,61.56,56798100.0,1709283982.0,16491037955.0,0.003444179811785534
2022-05-16,61.56,62.24,60.6,61.96,38260536.0,1181700707.0,16491037955.0,0.0023200805252164007
2022-05-17,62.24,63.68,61.68,62.82,32182145.0,1007971962.0,16491037955.0,0.0019514929920006966
2022-05-18,62.4,63.06,61.78,62.28,32337381.0,1009724360.0,16491037955.0,0.001960906347328821
2022-05-19,61.56,62.32,60.16,61.9,32172142.0,989426398.0,16491037955.0,0.0019508864201143608
2022-05-20,62.36,65.12,62.04,64.66,41902772.0,1340844330.0,16491037955.0,0.0025409420628551335
2022-05-23,65.06,66.12,64.1,64.92,36165864.0,1178521706.0,16491037955.0,0.002193061716229614
2022-05-24,64.84,66.24,64.44,64.98,32679661.0,1070922689.0,16491037955.0,0.001981661863199562
2022-05-25,65.2,66.64,64.84,66.22,28694037.0,945319911.0,16491037955.0,0.001739977621681485
2022-05-26,66.56,67.12,65.72,66.62,28118224.0,933445851.0,16491037955.0,0.0017050608989396387
2022-05-27,66.68,68.94,66.06,68.94,43550258.0,1476582187.0,16491037955.0,0.002640843961358768
2022-05-30,69.14,69.34,66.82,67.88,34095981.0,1154029333.0,16491037955.0,0.002067546087337836
2022-05-31,67.68,68.06,66.34,67.88,40020265.0,1341272815.0,16491037955.0,0.002426788726652955
2022-06-01,66.98,67.7,66.16,67.54,37256638.0,1248521423.0,16491037955.0,0.0022592051574718483
2022-06-02,66.96,67.56,65.84,66.34,32951407.0,1094322313.0,16491037955.0,0.0019981402680605254
2022-06-06,66.92,68.18,66.06,68.02,32655113.0,1098876827.0,16491037955.0,0.001980173297102814
2022-06-07,67.48,68.74,66.26,67.36,33080706.0,1113629592.0,16491037955.0,0.0020059808297251598
2022-06-08,67.94,70.38,67.52,70.34,37737915.0,1303815902.0,16491037955.0,0.0022883893119994944
2022-06-09,69.8,71.02,68.96,69.62,32478707.0,1133260058.0,16491037955.0,0.0019694762142095862
2022-06-10,68.76,70.12,68.44,69.58,35500112.0,1229439627.0,16491037955.0,0.002152691182742475
2022-06-13,68.66,69.44,66.38,67.42,45545652.0,1538402379.0,16491037955.0,0.0027618426520078917
2022-06-14,66.76,69.02,66.66,68.98,31552707.0,1077867306.0,16491037955.0,0.0019133245030482377
2022-06-15,68.78,69.28,67.36,67.36,35607938.0,1213322043.0,16491037955.0,0.0021592296432259347
2022-06-16,67.38,67.76,64.44,64.76,53052104.0,1732165098.0,16491037955.0,0.0032170263718248777
2022-06-17,64.42,65.86,64.22,65.08,36093189.0,1174105898.0,16491037955.0,0.002188654777127399
2022-06-20,63.96,63.98,61.6,62.04,64220755.0,2001763701.0,16491037955.0,0.0038942821655763996
2022-06-21,61.96,63.06,61.88,62.32,38411711.0,1199250098.0,16491037955.0,0.002329247625577974
2022-06-22,62.72,63.06,61.16,61.42,41455534.0,1285741857.0,16491037955.0,0.0025138219991441405
2022-06-23,61.46,62.94,60.58,62.68,32379013.0,1004547071.0,16491037955.0,0.001963430870049198
2022-06-24,62.68,63.36,61.54,62.36,37964914.0,1182393259.0,16491037955.0,0.0023021543036646293
2022-06-27,62.52,65.26,62.44,64.8,43813695.0,1414532633.0,16491037955.0,0.0026568185167942025
2022-06-28,65.32,66.2,64.66,65.64,32117654.0,1049070270.0,16491037955.0,0.0019475823224493938
2022-06-29,65.54,67.1,65.36,65.9,31598376.0,1046989760.0,16491037955.0,0.0019160938253992394
2022-06-30,65.4,66.94,65.06,66.56,30479581.0,1012811156.0,16491037955.0,0.0018482512188239034
2022-07-01,65.98,66.56,64.16,66.2,29325242.0,958944778.0,16491037955.0,0.0017782532597415274
2022-07-04,66.48,67.34,65.48,66.76,36074196.0,1199667235.0,16491037955.0,0.0021875030606586217
2022-07-05,67.32,68.76,66.96,68.76,44298510.0,1505811588.0,16491037955.0,0.002686217212093003
2022-07-06,67.58,67.6,64.12,64.66,43583573.0,1424990482.0,16491037955.0,0.002642864149541641
2022-07-07,64.66,66.72,63.8,66.36,34521144.0,1132948485.0,16491037955.0,0.0020933275451915
2022-07-08,67.4,67.9,66.44,66.86,40363469.0,1353716198.0,16491037955.0,0.0024476002729568636
2022-07-11,64.89,65.0,62.47,62.73,52125000.0,1528664888.0,16491037955.0,0.0031608077152109133
2022-07-12,62.75,64.39,62.51,64.31,28164117.0,829794485.0,16491037955.0,0.0017078438044259537
2022-07-13,63.16,63.87,62.36,63.53,19786489.0,579093948.0,16491037955.0,0.0011998328458155561
2022-07-14,63.74,64.83,63.53,63.96,16073583.0,475647899.0,16491037955.0,0.0009746859502634624
2022-07-15,64.55,67.16,64.11,64.35,40286865.0,1223759438.0,16491037955.0,0.002442955083235693
2022-07-18,64.67,66.19,64.67,66.04,25986970.0,788326906.0,16491037955.0,0.0015758237941669937
2022-07-19,66.19,66.21,64.33,65.09,21226928.0,637570710.0,16491037955.0,0.0012871796219208933
2022-07-20,65.39,65.52,64.24,64.35,18485710.0,552748195.0,16491037955.0,0.0011209549120220917
2022-07-21,63.92,64.0,60.69,60.76,48850897.0,1394664219.0,16491037955.0,0.0029622693934306696
2022-07-22,60.57,61.91,60.46,61.3,21961092.0,621838449.0,16491037955.0,0.0013316985904663148
2022-07-25,61.21,62.14,61.02,61.86,16216324.0,462414811.0,16491037955.0,0.0009833416213248902
2022-07-26,62.06,63.46,61.65,62.84,19133633.0,555406577.0,16491037955.0,0.001160244312832885
2022-07-27,62.84,63.25,62.12,62.36,17467233.0,504469332.0,16491037955.0,0.001059195488341231
2022-07-28,62.9,63.03,61.71,62.17,21247902.0,611873654.0,16491037955.0,0.0012884514642425974
2022-07-29,62.32,62.86,60.74,60.78,28560474.0,811162010.0,16491037955.0,0.0017318784953339222
2022-08-01,60.8,61.82,60.05,61.52,24456765.0,689876441.0,16491037955.0,0.001483033697862834
2022-08-02,60.57,61.3,59.92,60.5,25050350.0,701155455.0,16491037955.0,0.0015190280968582005
2022-08-03,60.89,61.0,59.53,59.74,23628359.0,656159301.0,16491037955.0,0.0014327999889683111
2022-08-04,59.66,60.0,58.83,59.72,22517120.0,618292839.0,16491037955.0,0.0013654155706538122
2022-08-05,59.72,60.46,57.69,59.03,31416105.0,850562261.0,16491037955.0,0.0019050410947889908
2022-08-08,58.47,60.48,58.29,60.33,21959243.0,606752010.0,16491037955.0,0.001331586468960983
2022-08-09,60.35,62.4,60.35,61.62,25643126.0,731444567.0,16491037955.0,0.0015549734389050467
2022-08-10,61.62,62.3,60.41,61.32,20526573.0,581094791.0,16491037955.0,0.00124471079722283
2022-08-11,62.01,62.04,60.74,61.54,16706661.0,475593249.0,16491037955.0,0.001013075165164763
2022-08-12,61.75,62.73,61.65,62.6,21349382.0,615751680.0,16491037955.0,0.0012946051096515106
2022-08-15,62.64,64.31,62.08,63.2,25860470.0,759098492.0,16491037955.0,0.0015681529610547791
2022-08-16,62.92,63.57,62.34,63.14,15599097.0,455139738.0,16491037955.0,0.0009459135951639983
2022-08-17,63.16,63.42,62.47,62.86,15342714.0,446531553.0,16491037955.0,0.0009303667872129399
2022-08-18,62.97,63.55,61.86,62.68,17822903.0,516171988.0,16491037955.0,0.0010807629603809253
2022-08-19,62.4,64.65,62.4,64.24,26248089.0,774625878.0,16491037955.0,0.001591657788407534
2022-08-22,64.37,65.76,64.37,65.22,33346067.0,1004446702.0,16491037955.0,0.002022072054590696
2022-08-23,65.22,66.9,64.42,66.1,33069488.0,1005645963.0,16491037955.0,0.0020053005814575486
2022-08-24,66.19,67.47,65.52,66.71,37314606.0,1148435500.0,16491037955.0,0.0022627202788461473
2022-08-25,66.43,70.04,66.3,70.04,61355637.0,1958084166.0,16491037955.0,0.0037205442839574132
2022-08-26,69.22,69.22,67.25,67.62,51158356.0,1605980824.0,16491037955.0,0.0031021913926581584
2022-08-29,66.77,69.13,65.97,68.96,39670612.0,1241970327.0,16491037955.0,0.0024055861194578155
2022-08-30,68.78,68.85,65.69,66.02,38056495.0,1169380371.0,16491037955.0,0.002307707683642888
2022-08-31,65.76,66.56,64.89,65.63,29669415.0,901289488.0,16491037955.0,0.0017991235652334656
2022-09-01,65.37,68.33,64.91,67.29,33909814.0,1057407583.0,16491037955.0,0.002056257107195531
2022-09-02,67.23,67.59,65.99,66.32,23842884.0,734539586.0,16491037955.0,0.0014458085697856852
2022-09-05,67.49,70.84,66.84,70.43,49412806.0,1589086986.0,16491037955.0,0.0029963429915591385
2022-09-06,70.43,71.83,69.78,71.12,37147791.0,1219041678.0,16491037955.0,0.0022526047845725186
2022-09-07,70.52,71.32,70.3,70.54,21517067.0,702964295.0,16491037955.0,0.0013047733598524726
2022-09-08,69.71,70.73,68.91,69.87,23075246.0,745630424.0,16491037955.0,0.001399259771456878
2022-09-09,70.71,71.27,69.67,70.8,27954869.0,913802861.0,16491037955.0,0.0016951552155954031
2022-09-13,70.34,70.62,68.74,70.19,25807136.0,830971585.0,16491037955.0,0.0015649188407922743
2022-09-14,69.43,70.88,69.37,69.97,15958694.0,517511444.0,16491037955.0,0.0009677191965446544
2022-09-15,70.69,72.14,68.98,70.06,29603654.0,963076572.0,16491037955.0,0.0017951358841560559
2022-09-16,69.48,69.91,66.95,66.97,40103775.0,1261172804.0,16491037955.0,0.002431852689286955
2022-09-19,67.21,68.94,67.21,68.14,22325952.0,704618158.0,16491037955.0,0.0013538233348878372
2022-09-20,68.59,68.87,67.44,67.81,12936465.0,406756996.0,16491037955.0,0.0007844542614782916
2022-09-21,67.79,68.35,67.05,67.44,17067729.0,534633468.0,16491037955.0,0.0010349699665099098
2022-09-22,66.88,69.43,66.79,69.2,21555151.0,681126727.0,16491037955.0,0.0013070827354117263
2022-09-23,69.17,69.76,67.27,67.44,16300337.0,513935621.0,16491037955.0,0.0009884360853743483
2022-09-26,66.3,68.24,65.54,65.67,25859338.0,798426136.0,16491037955.0,0.0015680843177102494
2022-09-27,66.84,66.99,64.03,65.76,22421626.0,676131776.0,16491037955.0,0.0013596249102805489
2022-09-28,65.71,67.05,65.63,66.28,20564231.0,630473879.0,16491037955.0,0.0012469943405693895
2022-09-29,67.25,69.22,66.51,67.94,26750483.0,843504419.0,16491037955.0,0.001622122456633446
2022-09-30,68.35,69.04,67.27,68.44,21942608.0,692275305.0,16491037955.0,0.0013305777392469775
2022-10-10,69.2,70.13,68.96,69.17,26433682.0,850693679.0,16491037955.0,0.0016029119617655989
2022-10-11,69.22,69.87,67.85,68.37,15504642.0,490718721.0,16491037955.0,0.0009401859387085499
2022-10-12,68.14,69.22,67.49,69.07,16565241.0,523551980.0,16491037955.0,0.0010044995982182857
2022-10-13,68.96,69.41,66.66,67.21,19211955.0,598524773.0,16491037955.0,0.001164993680350789
2022-10-14,67.79,69.41,67.49,68.22,21600172.0,683002678.0,16491037955.0,0.0013098127636927144
2022-10-17,67.79,68.68,65.93,67.44,20769429.0,643478401.0,16491037955.0,0.0012594373414623555
2022-10-18,67.53,68.89,66.79,67.03,20398865.0,637749524.0,16491037955.0,0.0012369667122023188
2022-10-19,66.69,68.07,66.47,67.14,19586309.0,610128250.0,16491037955.0,0.0011876941314092075
2022-10-20,67.29,67.4,65.65,65.86,22747372.0,698891090.0,16491037955.0,0.0013793778209759751
2022-10-21,65.89,67.7,65.84,66.66,18185520.0,561807597.0,16491037955.0,0.0011027516915323235
2022-10-24,66.41,67.38,64.35,64.57,28843461.0,871060037.0,16491037955.0,0.001749038543159426
2022-10-25,65.37,65.39,64.05,64.52,20767384.0,620769775.0,16491037955.0,0.0012593133347136244
2022-10-26,64.26,64.98,62.3,62.75,34167643.0,999802451.0,16491037955.0,0.0020718915991361562
2022-10-27,62.84,64.16,62.84,63.44,25014444.0,735684891.0,16491037955.0,0.0015168507930342703
2022-10-28,63.38,65.0,63.05,63.51,30370106.0,897711109.0,16491037955.0,0.0018416127646344988
2022-10-31,63.83,66.23,60.46,60.63,61252911.0,1777878568.0,16491037955.0,0.0037143150823583195
2022-11-01,61.02,61.93,59.63,61.47,43554495.0,1223282951.0,16491037955.0,0.0026411008887887795
2022-11-02,61.24,63.49,60.59,63.05,26856711.0,773400649.0,16491037955.0,0.0016285640159998042
2022-11-03,63.05,63.72,62.17,62.36,17983436.0,521749366.0,16491037955.0,0.0010904975204758117
2022-11-04,62.3,65.22,62.23,64.33,23132214.0,686842309.0,16491037955.0,0.0014027142538342427
2022-11-07,64.46,66.38,64.07,65.26,30393043.0,918413242.0,16491037955.0,0.0018430036413071855
2022-11-08,65.5,66.19,64.39,64.7,18333859.0,551676842.0,16491037955.0,0.0011117468196985907
2022-11-09,64.57,65.06,63.38,63.61,15847247.0,468234070.0,16491037955.0,0.000960961162253295
2022-11-10,62.97,64.0,60.95,63.7,28802635.0,830689666.0,16491037955.0,0.001746562895470578
2022-11-11,64.57,64.87,63.51,64.57,30361707.0,903632610.0,16491037955.0,0.0018411034576992459
2022-11-14,64.78,65.39,61.45,61.86,52227067.0,1513353155.0,16491037955.0,0.003166996955711027
2022-11-15,61.65,62.25,60.78,61.84,27012936.0,770089819.0,16491037955.0,0.0016380373432958969
2022-11-16,62.19,63.03,61.65,62.38,30808667.0,888083190.0,16491037955.0,0.0018682066637690908
2022-11-17,62.01,62.08,60.85,61.08,29236804.0,828059172.0,16491037955.0,0.0017728904681306337
2022-11-18,61.28,61.71,60.72,61.17,20328941.0,575124426.0,16491037955.0,0.0012327265909806706
2022-11-21,60.57,61.3,60.2,60.54,27231597.0,761511298.0,16491037955.0,0.001651296727004592
2022-11-22,60.59,62.36,60.48,61.8,33248336.0,945306128.0,16491037955.0,0.00201614574478129
2022-11-23,61.84,64.42,61.82,63.46,43335080.0,1271206746.0,16491037955.0,0.002627795783276396
2022-11-24,63.05,64.24,63.01,63.61,20063403.0,590719189.0,16491037955.0,0.001216624633012677
2022-11-25,63.44,65.97,63.27,65.45,46171593.0,1391563852.0,16491037955.0,0.0027997990863880707
2022-11-28,64.63,66.06,64.35,65.69,33093267.0,996500873.0,16491037955.0,0.0020067425161656538
2022-11-29,65.76,66.15,64.67,65.43,28079087.0,849711276.0,16491037955.0,0.001702687670516613
2022-11-30,65.54,67.03,64.87,66.08,34574098.0,1062391518.0,16491037955.0,0.0020965386226351693
2022-12-01,66.77,66.99,64.5,64.59,35307699.0,1066118026.0,16491037955.0,0.002141023451425317
2022-12-02,64.44,65.0,63.29,63.57,23312240.0,688395954.0,16491037955.0,0.0014136308498963733
2022-12-05,64.46,64.78,63.61,64.52,28441195.0,844965608.0,16491037955.0,0.0017246455364185716
2022-12-06,64.05,65.0,63.42,64.78,23075716.0,685767583.0,16491037955.0,0.001399288271785437
2022-12-07,64.89,64.89,62.86,63.25,32302066.0,949230066.0,16491037955.0,0.0019587648811520792
2022-12-08,63.25,63.51,62.43,62.94,20138115.0,586763344.0,16491037955.0,0.0012211550937516473
2022-12-09,62.84,63.16,62.58,62.97,24162887.0,702091436.0,16491037955.0,0.0014652132307217166
2022-12-12,62.75,63.53,61.32,61.5,29719853.0,851559114.0,16491037955.0,0.0018021820749608481
2022-12-13,61.82,62.47,61.17,61.97,21378340.0,611373307.0,16491037955.0,0.00129636109372474
2022-12-14,62.14,62.51,61.58,62.34,16116031.0,463414689.0,16491037955.0,0.000977259954405338
2022-12-15,62.1,62.49,61.0,61.39,20856420.0,591517873.0,16491037955.0,0.0012647123884446847
2022-12-16,61.45,62.19,61.26,61.82,20662778.0,589853104.0,16491037955.0,0.001252970131800294
2022-12-19,61.71,61.86,60.52,60.87,23377140.0,659630992.0,16491037955.0,0.0014175663207974226
2022-12-20,60.87,61.13,60.02,60.37,21838141.0,610585403.0,16491037955.0,0.0013242429651542209
2022-12-21,60.37,60.52,59.87,59.98,17163713.0,477325145.0,16491037955.0,0.0010407903399916709
2022-12-22,60.41,60.76,59.31,59.53,20910266.0,579636596.0,16491037955.0,0.00126797755587362
2022-12-23,59.63,59.92,58.86,59.85,12478723.0,343283939.0,16491037955.0,0.0007566972457434988
2022-12-26,59.83,60.09,59.51,59.85,12394748.0,342719460.0,16491037955.0,0.000751605085975924
2022-12-27,60.11,61.17,59.98,60.72,19523023.0,547763317.0,16491037955.0,0.0011838565318492108
2022-12-28,60.46,61.11,60.37,60.91,18095716.0,508849745.0,16491037955.0,0.0010973060670516174
2022-12-29,60.72,60.76,59.29,59.63,21917900.0,606427632.0,16491037955.0,0.0013290794709107199
2022-12-30,59.7,60.41,59.61,59.74,14694663.0,406600057.0,16491037955.0,0.0008910696246105389
2023-01-03,59.74,60.67,59.48,60.59,24445913.0,679846235.0,16491037955.0,0.0014823756434681008
2023-01-04,60.46,60.67,59.27,59.98,26179337.0,725701494.0,16491037955.0,0.001587488736090293
2023-01-05,59.98,60.09,59.33,59.7,24695435.0,680735838.0,16491037955.0,0.0014975064072611918
2023-01-06,59.68,59.92,59.38,59.74,21111894.0,582250791.0,16491037955.0,0.0012802040755475297
2023-01-09,60.09,60.24,59.48,59.92,21466013.0,595056271.0,16491037955.0,0.0013016774965029787
2023-01-10,59.72,59.94,58.96,59.35,20259195.0,556224440.0,16491037955.0,0.001228497263500477
2023-01-11,59.79,62.49,59.33,62.34,58238662.0,1655413194.0,16491037955.0,0.003531534046487494
2023-01-12,62.08,62.62,61.34,62.3,30072843.0,861980187.0,16491037955.0,0.0018235870344887578
2023-01-13,62.3,63.61,62.27,62.68,26378992.0,764278213.0,16491037955.0,0.001599595615023251
2023-01-16,62.62,62.66,61.6,61.91,38342244.0,1099459839.0,16491037955.0,0.002325035216377925
2023-01-17,61.86,62.19,61.15,61.99,20951104.0,598476113.0,16491037955.0,0.0012704539312304313
2023-01-18,61.86,62.88,61.62,61.67,19040559.0,547437049.0,16491037955.0,0.0011546003988322031
2023-01-19,61.93,62.4,61.17,61.78,19333752.0,550813103.0,16491037955.0,0.0011723793282604207
2023-01-20,61.75,62.4,61.62,62.1,20270931.0,581583730.0,16491037955.0,0.0012292089227685001
2023-01-30,62.19,62.25,60.65,60.69,39011204.0,1101222611.0,16491037955.0,0.0023656002797672296
2023-01-31,61.17,61.75,61.0,61.41,26068112.0,740447824.0,16491037955.0,0.001580744163656253
2023-02-01,61.45,61.45,60.78,61.17,28240552.0,796747886.0,16491037955.0,0.0017124787461566425
2023-02-02,61.17,61.73,60.65,61.62,29619839.0,839113397.0,16491037955.0,0.0017961173263214409
2023-02-03,61.21,61.54,60.89,61.11,24814669.0,701790936.0,16491037955.0,0.0015047366374216801
2023-02-06,60.85,61.17,60.63,60.82,21979318.0,618322532.0,16491037955.0,0.001332803796824443
2023-02-07,60.82,61.26,60.72,60.89,17617857.0,496236471.0,16491037955.0,0.0010683291766154933
2023-02-08,60.95,61.04,60.35,60.37,18896837.0,530012122.0,16491037955.0,0.0011458852409147826
2023-02-09,60.24,60.95,60.2,60.63,16329251.0,457538551.0,16491037955.0,0.0009901894013317127
2023-02-10,60.57,60.63,59.76,59.92,20295148.0,563867951.0,16491037955.0,0.001230677417357263
2023-02-13,59.87,59.92,58.96,59.33,32783927.0,897990536.0,16491037955.0,0.0019879844488539353
2023-02-14,59.48,59.68,58.96,59.53,18337971.0,503701605.0,16491037955.0,0.0011119961672539853
2023-02-15,59.46,59.7,58.77,58.86,27663312.0,755238405.0,16491037955.0,0.0016774754915661705
2023-02-16,59.05,59.27,57.88,58.19,30153837.0,818063658.0,16491037955.0,0.001828498429406471
2023-02-17,58.08,58.88,58.01,58.47,26548324.0,718589879.0,16491037955.0,0.001609863737652164
2023-02-20,58.6,59.85,58.6,59.66,35975711.0,987603052.0,16491037955.0,0.0021815310290455273
2023-02-21,59.59,60.48,59.29,60.33,33204286.0,923662560.0,16491037955.0,0.0020134745969663252
2023-02-22,60.15,60.74,59.87,60.26,28042907.0,782960153.0,16491037955.0,0.0017004937516075227
2023-02-23,61.21,61.56,60.33,60.61,34836587.0,980907559.0,16491037955.0,0.00211245569230151
2023-02-24,60.41,60.57,60.0,60.24,22107696.0,615619342.0,16491037955.0,0.0013405885099729007
2023-02-27,60.24,61.0,60.24,60.48,25809133.0,723212531.0,16491037955.0,0.0015650399368691526
2023-02-28,60.52,60.65,60.13,60.57,18353068.0,512571737.0,16491037955.0,0.0011129116341907054
2023-03-01,60.57,60.95,60.35,60.69,22789283.0,640010104.0,16491037955.0,0.001381919261976497
2023-03-02,60.69,61.58,60.48,60.95,27093063.0,764121834.0,16491037955.0,0.0016428961642032678
2023-03-03,61.21,61.69,60.76,61.56,33567430.0,952450382.0,16491037955.0,0.0020354952848691083
2023-03-06,61.47,61.71,60.57,60.87,32672959.0,920570916.0,16491037955.0,0.0019812554606421073
2023-03-07,60.74,64.39,60.74,62.45,78387766.0,2284645507.0,16491037955.0,0.004753355502176455
2023-03-08,62.08,62.17,61.17,61.6,28454472.0,810190200.0,16491037955.0,0.001725450640380871
2023-03-09,61.69,62.81,61.39,61.75,25048490.0,716849464.0,16491037955.0,0.0015189153083239022
2023-03-10,61.56,61.56,60.72,60.82,25588309.0,721618917.0,16491037955.0,0.0015516493910100882
2023-03-13,60.74,62.9,60.74,62.77,37614860.0,1079845032.0,16491037955.0,0.0022809273802317192
2023-03-14,62.73,63.59,61.88,62.14,29209809.0,844089997.0,16491037955.0,0.001771253518408387
2023-03-15,62.51,62.86,61.93,62.38,24491055.0,706613400.0,16491037955.0,0.0014851130090677183
2023-03-16,61.43,61.86,60.57,60.65,38784225.0,1096094807.0,16491037955.0,0.0023518365008820333
2023-03-17,61.08,62.51,60.91,61.8,32714387.0,934465099.0,16491037955.0,0.00198376761300711
2023-03-20,61.99,63.42,61.41,62.36,43821463.0,1266005305.0,16491037955.0,0.00265728956052239
2023-03-21,62.58,62.68,61.37,61.71,27682247.0,790375005.0,16491037955.0,0.0016786236909731253
2023-03-22,61.86,62.73,61.69,62.45,23402482.0,673626094.0,16491037955.0,0.0014191030342577365
2023-03-23,62.51,63.7,62.34,63.55,41978031.0,1225943161.0,16491037955.0,0.002545505693125427
2023-03-24,63.79,63.81,61.99,62.68,39365989.0,1139537999.0,16491037955.0,0.002387114086294637
2023-03-27,60.35,60.74,59.05,59.87,87835227.0,2431589189.0,16491037955.0,0.005326240060794281
2023-03-28,59.87,60.02,59.05,59.22,46981270.0,1289541729.0,16491037955.0,0.0028488970875090074
2023-03-29,59.44,59.55,58.79,58.99,24936004.0,680795798.0,16491037955.0,0.001512094270114728
2023-03-30,59.01,60.89,58.83,60.85,44305490.0,1230610348.0,16491037955.0,0.002686640472291606
2023-03-31,60.69,61.15,60.46,60.93,19698581.0,554505211.0,16491037955.0,0.001194502192873038
2023-04-03,61.21,61.75,60.31,60.33,29088418.0,819131839.0,16491037955.0,0.0017638924899315107
2023-04-04,60.35,61.19,60.15,61.02,22397803.0,629852626.0,16491037955.0,0.001358180307456578
2023-04-06,61.02,61.02,60.31,60.39,15825436.0,442952382.0,16491037955.0,0.0009596385650911566
2023-04-07,60.35,60.57,59.79,60.0,20404288.0,566445280.0,16491037955.0,0.0012372955574826946
2023-04-10,59.7,59.85,59.35,59.72,19628455.0,540839123.0,16491037955.0,0.0011902498225740091
2023-04-11,59.81,60.0,59.12,59.66,18154784.0,500091251.0,16491037955.0,0.0011008878913225447
2023-04-12,59.81,60.8,59.55,60.24,22675186.0,632170318.0,16491037955.0,0.0013750005343432612
2023-04-13,60.24,61.19,60.09,60.93,26012096.0,731536514.0,16491037955.0,0.0015773474096039699
2023-04-14,60.95,61.73,60.61,61.43,34501891.0,980999098.0,16491037955.0,0.00209216006258352
2023-04-17,61.41,63.07,61.17,62.81,38810310.0,1117778270.0,16491037955.0,0.0023534182691170697
2023-04-18,62.99,63.7,62.64,63.53,31631048.0,926382514.0,16491037955.0,0.0019180750227070834
2023-04-19,63.53,64.05,63.31,63.36,27505808.0,809395521.0,16491037955.0,0.0016679246069929987
2023-04-20,63.07,63.7,62.62,63.27,26302218.0,766926980.0,16491037955.0,0.0015949401166726015
2023-04-21,63.05,63.79,62.79,62.79,24305325.0,710778121.0,16491037955.0,0.001473850528167073
2023-04-24,62.88,63.55,62.21,62.53,22569684.0,653847823.0,16491037955.0,0.0013686029988886773
2023-04-25,62.53,62.94,61.71,62.27,26424430.0,760084715.0,16491037955.0,0.0016023509297659608
2023-04-26,62.4,62.77,61.75,62.06,18068447.0,518930276.0,16491037955.0,0.0010956525022442105
2023-04-27,62.23,62.47,60.8,62.12,30568481.0,868740261.0,16491037955.0,0.0018536420256513805
2023-04-28,61.97,63.07,61.82,62.9,21444005.0,620299256.0,16491037955.0,0.001300342953458444
2023-05-04,62.4,64.26,61.47,63.96,36158924.0,1059445310.0,16491037955.0,0.0021926408815908884
2023-05-05,63.94,65.5,63.61,64.65,31801071.0,947989308.0,16491037955.0,0.0019283850468828783
2023-05-08,64.63,69.48,64.63,68.63,83992266.0,2628118429.0,16491037955.0,0.005093206760495871
2023-05-09,69.2,70.43,68.24,68.53,53570366.0,1713380038.0,16491037955.0,0.0032484532596541464
2023-05-10,68.35,68.78,66.88,67.83,43999672.0,1374344929.0,16491037955.0,0.0026680959755270906
2023-05-11,67.49,67.83,66.47,67.12,25526433.0,791198912.0,16491037955.0,0.0015478972924357689
2023-05-12,67.16,68.03,66.3,66.71,28966046.0,895161625.0,16491037955.0,0.001756471974598642
2023-05-15,66.32,66.99,65.86,66.73,31183760.0,958531066.0,16491037955.0,0.001890951927046244
2023-05-16,66.77,69.46,66.66,67.4,46032027.0,1443869648.0,16491037955.0,0.0027913359441419103
2023-05-17,67.05,67.31,66.15,66.56,27212398.0,837404006.0,16491037955.0,0.0016501325189024465
2023-05-18,66.75,67.49,66.54,66.88,24208030.0,749208127.0,16491037955.0,0.0014679506569603307
2023-05-19,66.75,67.47,66.1,66.9,17656180.0,546351828.0,16491037955.0,0.0010706530448950143
2023-05-22,66.54,67.44,66.51,66.69,23379019.0,723271533.0,16491037955.0,0.0014176802614726625
2023-05-23,66.86,67.53,66.38,66.54,25141900.0,777605491.0,16491037955.0,0.0015245795970275542
2023-05-24,66.41,66.56,64.89,65.3,43386479.0,1313266844.0,16491037955.0,0.0026309125670798323
2023-05-25,65.15,65.48,64.46,65.0,30667899.0,920351791.0,16491037955.0,0.0018596706334486149
2023-05-26,64.65,64.67,63.31,63.38,30056909.0,886922908.0,16491037955.0,0.0018226208127116036
2023-05-29,63.38,64.13,62.17,63.7,31603177.0,921734528.0,16491037955.0,0.001916384953223522
2023-05-30,63.68,63.98,62.73,63.1,18078696.0,529016906.0,16491037955.0,0.0010962739913237924
2023-05-31,62.68,62.68,60.52,61.06,46189600.0,1307457195.0,16491037955.0,0.0028008910128058703
2023-06-01,60.78,61.11,60.35,60.5,28754340.0,807058606.0,16491037955.0,0.0017436343351136263
2023-06-02,60.57,61.21,60.48,61.13,21183032.0,596642753.0,16491037955.0,0.0012845178125114563
2023-06-05,60.8,61.97,60.8,61.78,22054585.0,627467145.0,16491037955.0,0.0013373679122067122
2023-06-06,61.86,64.48,61.32,63.4,40131370.0,1177114969.0,16491037955.0,0.002433526022407363
2023-06-07,63.53,64.16,62.51,63.42,19506589.0,572055577.0,16491037955.0,0.0011828599905735892
2023-06-08,63.57,64.16,63.29,64.03,14315981.0,421970028.0,16491037955.0,0.0008681067279733878
2023-06-09,63.96,64.24,63.42,63.7,14818910.0,436709238.0,16491037955.0,0.0008986038380626601
2023-06-12,63.46,64.89,63.36,64.52,24916076.0,741438471.0,16491037955.0,0.0015108858561838172
2023-06-13,64.35,64.83,63.74,64.07,13682860.0,405571068.0,16491037955.0,0.0008297149055952191
2023-06-14,64.22,65.17,64.22,64.96,23772395.0,713295904.0,16491037955.0,0.001441534187530769
2023-06-15,64.93,65.22,64.0,64.89,20355981.0,609583794.0,16491037955.0,0.0012343662694577796
2023-06-16,65.0,65.71,64.67,64.8,20138508.0,605392548.0,16491037955.0,0.0012211789248774427
2023-06-19,64.8,65.58,64.37,64.5,14650148.0,440239562.0,16491037955.0,0.0008883702796619996
2023-06-20,64.87,64.96,64.16,64.46,15778081.0,470118241.0,16491037955.0,0.0009567670053913232
2023-06-21,64.13,65.11,64.13,64.48,19707351.0,590627939.0,16491037955.0,0.0011950339968761535
2023-06-26,64.2,64.46,63.7,64.22,21037144.0,623423307.0,16491037955.0,0.0012756713105266757
2023-06-27,64.2,65.35,63.85,64.85,23715065.0,710522457.0,16491037955.0,0.001438057753836514
2023-06-28,64.89,65.95,64.89,65.69,26803913.0,811525928.0,16491037955.0,0.0016253623982396565
2023-06-29,65.73,66.15,64.67,65.22,24687860.0,748406993.0,16491037955.0,0.0014970470668594128
2023-06-30,65.19,66.95,65.19,66.51,27039223.0,828519938.0,16491037955.0,0.0016396313606083142
2023-07-03,66.19,67.64,66.19,67.4,34712366.0,1077136569.0,16491037955.0,0.002104923055463309
2023-07-04,67.27,67.88,67.1,67.29,32387108.0,1009506058.0,16491037955.0,0.001963921742729383
2023-07-05,67.34,68.28,67.1,67.98,28096913.0,806090273.0,16491037955.0,0.0017037686212759676
2023-07-06,67.57,68.16,67.32,67.46,14829392.0,425548880.0,16491037955.0,0.0008992394560285275
2023-07-07,67.22,68.21,67.22,67.62,13937582.0,400326570.0,16491037955.0,0.0008451609921723693
2023-07-10,68.07,68.21,67.1,67.46,12527091.0,358918901.0,16491037955.0,0.0007596302327472267
2023-07-11,67.93,67.93,67.06,67.17,11153288.0,318494443.0,16491037955.0,0.0006763241968416172
2023-07-12,67.43,67.46,66.68,66.96,12936160.0,368037301.0,16491037955.0,0.0007844357665842265
2023-07-13,67.15,67.95,66.96,67.57,12767569.0,366427834.0,16491037955.0,0.0007742125774520418
2023-07-14,67.57,68.33,67.57,68.0,11338183.0,327489689.0,16491037955.0,0.0006875360441798219
2023-07-17,66.4,66.4,64.32,65.41,41915949.0,1159864060.0,16491037955.0,0.002541741102917739
2023-07-18,65.62,65.95,65.1,65.57,22103553.0,616255050.0,16491037955.0,0.001340337282608601
2023-07-19,65.05,66.37,65.05,65.88,12292167.0,343890309.0,16491037955.0,0.0007453846770313858
2023-07-20,66.14,66.75,65.38,65.41,11856681.0,331721000.0,16491037955.0,0.0007189772428123673
2023-07-21,65.5,65.83,65.03,65.2,9627480.0,266883790.0,16491037955.0,0.0005838007302069786
2023-07-24,64.32,65.36,64.32,64.98,9404350.0,259563088.0,16491037955.0,0.0005702703508209833
2023-07-25,65.74,66.66,65.45,66.51,19160519.0,539323288.0,16491037955.0,0.001161874652904466
2023-07-26,66.51,67.39,66.51,67.03,11611644.0,330595776.0,16491037955.0,0.0007041184449205277
2023-07-27,67.15,67.46,66.63,66.87,10184756.0,289476123.0,16491037955.0,0.0006175933878626501
2023-07-28,66.92,67.39,66.35,66.94,15063557.0,428117882.0,16491037955.0,0.0009134389867456951
2023-07-31,67.39,68.21,66.59,66.87,17566686.0,500818951.0,16491037955.0,0.001065226218503358
2023-08-01,66.8,67.34,66.68,67.01,9923564.0,282108580.0,16491037955.0,0.0006017549669753337
2023-08-02,67.1,67.1,65.69,65.76,12447362.0,349578443.0,16491037955.0,0.0007547955461606359
2023-08-03,66.09,66.09,65.48,65.71,11599487.0,323588646.0,16491037955.0,0.000703381256634795
2023-08-04,65.97,66.42,65.38,65.5,15493985.0,432716265.0,16491037955.0,0.0009395397089182189
2023-08-07,65.31,65.71,65.15,65.64,11061318.0,307345520.0,16491037955.0,0.000670747228293551
2023-08-08,65.38,66.14,65.2,65.78,9665646.0,269455331.0,16491037955.0,0.0005861150781639808
2023-08-09,65.64,65.95,65.29,65.57,9369500.0,260439638.0,16491037955.0,0.0005681570817778159
2023-08-10,65.5,66.84,65.45,66.26,23348994.0,655888728.0,16491037955.0,0.001415859575589704
2023-08-11,66.14,66.56,64.82,64.82,19820320.0,549017782.0,16491037955.0,0.0012018843237208473
2023-08-14,64.37,64.91,63.97,64.46,14538820.0,396775295.0,16491037955.0,0.0008816194614112753
2023-08-15,64.56,64.96,64.21,64.84,11685755.0,320514824.0,16491037955.0,0.0007086124616223406
2023-08-16,64.68,64.98,64.44,64.56,7724200.0,212093933.0,16491037955.0,0.0004683877401214798
2023-08-17,64.37,64.72,63.97,64.58,8358150.0,228333196.0,16491037955.0,0.0005068298322281073
2023-08-18,64.58,64.94,64.32,64.44,9108638.0,249935244.0,16491037955.0,0.0005523386717594878
2023-08-21,64.72,64.72,63.62,63.64,12570752.0,340339668.0,16491037955.0,0.000762277791992384
2023-08-22,63.66,65.1,63.62,64.84,14491577.0,396568961.0,16491037955.0,0.0008787546932790987
2023-08-23,64.87,66.8,64.87,66.07,30431226.0,854600329.0,16491037955.0,0.0018453190201271354
2023-08-24,66.26,66.77,65.36,65.52,17904917.0,501396429.0,16491037955.0,0.0010857362070755116
2023-08-25,65.57,66.09,65.41,65.71,12750323.0,355523196.0,16491037955.0,0.0007731667973109095
2023-08-28,68.05,68.35,66.77,67.15,38412805.0,1100027323.0,16491037955.0,0.0023293139646406204
2023-08-29,67.39,67.6,66.73,67.01,24199927.0,689740779.0,16491037955.0,0.0014674592991681704
2023-08-30,67.39,67.53,66.54,66.63,15596611.0,442797339.0,16491037955.0,0.0009457628466176191
2023-08-31,67.15,67.15,66.23,66.37,13585107.0,383820641.0,16491037955.0,0.0008237872617278808
2023-09-01,66.7,68.02,66.44,67.74,28142804.0,806173958.0,16491037955.0,0.0017065514054842887
2023-09-04,68.28,70.21,68.12,69.7,43862476.0,1294161458.0,16491037955.0,0.0026597765477036645
2023-09-05,69.27,70.38,68.82,70.12,27530275.0,817427794.0,16491037955.0,0.001669408261330995
2023-09-06,70.03,70.52,69.58,69.93,20223794.0,600269826.0,16491037955.0,0.0012263505823699985
2023-09-07,69.93,70.68,69.44,70.19,30782587.0,918260556.0,16491037955.0,0.001866625198729039
2023-09-08,69.7,70.07,69.06,69.37,14668306.0,431670347.0,16491037955.0,0.0008894713625683363
2023-09-11,69.51,71.39,69.39,70.19,24793600.0,742202361.0,16491037955.0,0.0015034590343952672
2023-09-12,69.98,70.8,69.72,70.24,15067929.0,448370706.0,16491037955.0,0.0009137041004402928
2023-09-13,70.64,71.6,70.26,71.3,23334535.0,704806123.0,16491037955.0,0.0014149827963330281
2023-09-14,71.32,73.94,71.3,73.39,44310290.0,1374254289.0,16491037955.0,0.0026869315394768916
2023-09-15,74.12,74.48,72.95,73.44,34688761.0,1084649679.0,16491037955.0,0.00210349167194067
2023-09-18,73.51,73.75,72.43,73.58,23070577.0,716849937.0,16491037955.0,0.0013989766479801907
2023-09-19,73.63,74.6,73.28,73.94,27777977.0,872238152.0,16491037955.0,0.0016844286621496651
2023-09-20,73.94,74.6,73.25,74.15,20414986.0,642218165.0,16491037955.0,0.0012379442734718998
2023-09-21,73.96,74.31,73.18,73.42,17947320.0,560298351.0,16491037955.0,0.0010883074824625252
2023-09-22,73.77,73.98,72.57,73.63,24111489.0,751841398.0,16491037955.0,0.001462096507557277
2023-09-25,74.12,74.81,73.54,73.87,16895597.0,531322418.0,16491037955.0,0.00102453205468958
2023-09-26,73.87,74.29,73.25,73.42,13074400.0,408130470.0,16491037955.0,0.000792818501520452
2023-09-27,73.7,73.7,72.33,72.71,18173616.0,561252260.0,16491037955.0,0.0011020298449128153
2023-09-28,73.39,73.82,72.38,73.51,21460401.0,669199691.0,16491037955.0,0.001301337190452182
2023-10-09,73.04,74.55,72.85,74.34,20813685.0,653276170.0,16491037955.0,0.0012621209809106889
2023-10-10,74.34,74.34,72.99,73.18,14553459.0,453852331.0,16491037955.0,0.0008825071556873995
2023-10-11,73.63,73.68,71.86,72.71,21111901.0,649138853.0,16491037955.0,0.0012802045000205084
2023-10-12,73.25,73.39,72.05,72.33,10079717.0,310359333.0,16491037955.0,0.000611223928263647
2023-10-13,71.86,72.66,71.65,72.5,9838193.0,301601436.0,16491037955.0,0.0005965781551680383
2023-10-16,72.97,74.17,72.57,74.05,22762030.0,711356591.0,16491037955.0,0.001380266667393041
2023-10-17,73.98,74.55,73.42,74.43,14159555.0,445183134.0,16491037955.0,0.0008586212122389115
2023-10-18,74.24,75.52,73.98,74.45,17889982.0,566673986.0,16491037955.0,0.0010848305636562948
2023-10-19,73.98,74.17,72.83,72.92,14843709.0,461572536.0,16491037955.0,0.0009001076245476387
2023-10-20,73.14,73.42,72.29,72.52,12062799.0,371668740.0,16491037955.0,0.000731476031582513
2023-10-23,72.57,73.04,72.0,72.88,15682217.0,482817173.0,16491037955.0,0.000950953908589194
2023-10-24,72.76,72.95,71.3,72.08,20749811.0,634629093.0,16491037955.0,0.0012582477256204946
2023-10-25,72.76,72.92,71.49,71.53,18599936.0,569314536.0,16491037955.0,0.001127881462085932
2023-10-26,71.79,72.69,71.23,71.98,15235108.0,464767494.0,16491037955.0,0.0009238416673088059
2023-10-27,71.86,72.5,71.46,71.51,13244711.0,405160061.0,16491037955.0,0.000803145989727364
2023-10-30,71.51,71.98,70.0,70.0,24387039.0,729982731.0,16491037955.0,0.0014788055831625791
2023-10-31,69.95,71.86,69.86,71.44,18757968.0,567805834.0,16491037955.0,0.0011374643640494854
2023-11-01,71.18,71.67,70.33,71.37,15332646.0,461401283.0,16491037955.0,0.0009297562737918033
2023-11-02,71.96,72.45,71.39,71.84,12623350.0,385103041.0,16491037955.0,0.000765467281953145
2023-11-03,72.17,72.88,71.34,71.56,13198963.0,402768066.0,16491037955.0,0.0008003718768956044
2023-11-06,71.44,71.79,69.04,69.46,35503709.0,1049911265.0,16491037955.0,0.0021529093012144485
2023-11-07,69.11,70.33,69.11,69.86,15461860.0,458104459.0,16491037955.0,0.000937591681141698
2023-11-08,69.46,70.33,69.39,70.12,16041846.0,476486075.0,16491037955.0,0.0009727614504177521
2023-11-09,70.38,72.57,70.28,72.38,25151414.0,767003696.0,16491037955.0,0.001525156516444389
2023-11-10,72.31,73.56,71.63,73.28,23888049.0,738245240.0,16491037955.0,0.0014485473300822318
2023-11-13,73.37,73.75,72.0,72.88,13875046.0,427541767.0,16491037955.0,0.0008413688718600733
2023-11-14,72.76,73.28,71.98,72.22,11357198.0,348475314.0,16491037955.0,0.0006886890947065315
2023-11-15,72.55,72.88,71.98,72.43,11300867.0,347195209.0,16491037955.0,0.000685273239370214
2023-11-16,72.36,72.73,71.75,72.5,12905634.0,396449012.0,16491037955.0,0.0007825847005638039
2023-11-17,72.33,72.83,71.84,72.57,16333750.0,501373437.0,16491037955.0,0.000990462216178921
2023-11-20,72.64,72.66,71.65,72.38,12786861.0,392275403.0,16491037955.0,0.0007753824249809023
2023-11-21,72.52,73.51,72.29,72.36,16415293.0,507131730.0,16491037955.0,0.000995406901905951
2023-11-22,72.15,72.69,71.82,72.22,11327386.0,347606531.0,16491037955.0,0.0006868813249299201
2023-11-23,72.15,73.11,71.98,72.92,12617696.0,388416922.0,16491037955.0,0.0007651244290644773
2023-11-24,72.73,73.8,72.71,73.16,18318834.0,570483456.0,16491037955.0,0.0011108357187696498
2023-11-27,73.63,74.01,72.9,73.63,17029848.0,531364524.0,16491037955.0,0.001032672900667034
2023-11-28,73.58,73.61,72.43,73.02,14130244.0,437970410.0,16491037955.0,0.0008568438225997643
2023-11-29,73.47,73.68,73.06,73.44,14524691.0,452755812.0,16491037955.0,0.0008807626930235878
2023-11-30,73.16,74.22,73.14,74.2,26636366.0,834688060.0,16491037955.0,0.0016152025162202714
2023-12-01,74.2,74.76,73.72,74.24,27771925.0,873953883.0,16491037955.0,0.0016840616749402176
2023-12-04,74.2,74.97,73.98,74.83,22312985.0,706298406.0,16491037955.0,0.0013530370290145877
2023-12-05,74.64,75.11,73.51,73.7,20470962.0,646469550.0,16491037955.0,0.0012413386019643055
2023-12-06,73.65,73.72,72.55,73.14,17270861.0,534605391.0,16491037955.0,0.0010472876872352089
2023-12-07,73.06,73.06,72.0,72.03,21192939.0,651455763.0,16491037955.0,0.0012851185630540865
2023-12-08,71.98,72.9,71.18,72.05,24118338.0,738170243.0,16491037955.0,0.0014625118240472815
2023-12-11,71.67,73.58,70.85,73.23,35061680.0,1080259144.0,16491037955.0,0.0021261051060384875
2023-12-12,73.02,73.63,72.29,73.63,21496782.0,665856616.0,16491037955.0,0.0013035432977996564
2023-12-13,73.56,73.56,72.38,72.52,16324302.0,503955898.0,16491037955.0,0.0009898892989358837
2023-12-14,72.76,72.92,71.77,72.31,19882184.0,611116974.0,16491037955.0,0.0012056356946272035
2023-12-15,72.33,73.14,71.63,71.65,24209373.0,741405717.0,16491037955.0,0.0014680320951332138
2023-12-18,71.67,72.83,71.11,72.45,24949439.0,764175067.0,16491037955.0,0.001512908955038543
2023-12-19,72.57,73.04,71.98,72.57,17796249.0,547368201.0,16491037955.0,0.0010791466885566332
2023-12-20,72.81,73.87,72.57,73.11,27297628.0,850000678.0,16491037955.0,0.0016553007806111742
2023-12-21,73.09,73.47,71.82,72.5,26707631.0,820883854.0,16491037955.0,0.0016195239543368087
2023-12-22,72.62,74.43,72.52,73.94,32897835.0,1030794699.0,16491037955.0,0.0019948917157167506
2023-12-25,73.89,74.97,73.42,74.83,27806336.0,876124666.0,16491037955.0,0.0016861483234637308
2023-12-26,75.04,76.62,73.65,73.77,38167503.0,1217885549.0,16491037955.0,0.0023144390974145935
2023-12-27,74.22,75.04,73.56,74.57,23625589.0,745730130.0,16491037955.0,0.0014326320189468025
2023-12-28,74.57,75.4,72.73,73.56,37538182.0,1172698912.0,16491037955.0,0.0022762777032247754
2023-12-29,73.23,74.22,73.06,73.87,25745245.0,805664370.0,16491037955.0,0.0015611658326330012
2024-01-02,73.96,76.93,73.91,76.29,42184092.0,1359959600.0,16491037955.0,0.0025580010254727475
2024-01-03,76.27,78.18,76.1,77.71,31978825.0,1050710215.0,16491037955.0,0.0019391638711439736
2024-01-04,77.78,79.17,77.78,78.77,39050803.0,1301177412.0,16491037955.0,0.002368001523406839
2024-01-05,78.53,79.64,77.94,78.81,31655586.0,1060931502.0,16491037955.0,0.0019195629824138622
2024-01-08,78.46,79.66,77.87,79.28,45969032.0,1541399297.0,16491037955.0,0.0027875159905300212
2024-01-09,78.93,80.46,78.27,80.23,29580995.0,999884014.0,16491037955.0,0.001793761865124517
2024-01-10,80.23,81.29,79.03,79.76,24398494.0,827465178.0,16491037955.0,0.0014795002028724637
2024-01-11,79.76,79.76,78.15,78.34,29463357.0,983251642.0,16491037955.0,0.001786628414803136
2024-01-12,78.11,79.38,77.89,79.21,21163491.0,707212658.0,16491037955.0,0.0012833328658723591
2024-01-15,78.93,80.53,78.77,80.2,23839567.0,808029743.0,16491037955.0,0.0014456074302328535
2024-01-16,79.85,81.22,79.69,80.77,21816280.0,746362168.0,16491037955.0,0.0013229173360422358
2024-01-17,80.53,81.66,80.2,80.44,31967604.0,1098217725.0,16491037955.0,0.0019384834409593716
2024-01-18,80.44,81.05,78.22,80.27,46466888.0,1567030067.0,16491037955.0,0.0028177054789878444
2024-01-19,80.13,80.13,77.31,78.34,60297481.0,2003791322.0,16491037955.0,0.0036563787655171883
2024-01-22,78.27,78.91,76.93,77.66,38100918.0,1262454097.0,16491037955.0,0.0023104014498037096
2024-01-23,77.33,79.64,76.93,79.21,29930816.0,993815363.0,16491037955.0,0.0018149746596711413
2024-01-24,79.61,81.76,79.14,81.55,32600623.0,1115547091.0,16491037955.0,0.001976869078159853
2024-01-25,81.95,83.38,81.17,82.75,33269597.0,1161608331.0,16491037955.0,0.0020174349904951146
2024-01-26,82.47,84.73,82.23,84.35,30660100.0,1086920593.0,16491037955.0,0.0018591977099115227
2024-01-29,84.4,84.89,83.64,84.0,25157315.0,899957524.0,16491037955.0,0.0015255143471652995
2024-01-30,84.12,84.82,83.05,84.26,27717552.0,990488153.0,16491037955.0,0.001680764550759898
2024-01-31,83.38,87.63,83.29,87.46,46737348.0,1711930598.0,16491037955.0,0.00283410590209875
2024-02-01,86.82,87.06,84.89,85.53,34954276.0,1273620131.0,16491037955.0,0.0021195922352117346
2024-02-02,85.53,87.88,84.59,87.23,42696282.0,1564773419.0,16491037955.0,0.00258905971331263
2024-02-05,86.73,89.84,86.47,89.84,41335662.0,1557724731.0,16491037955.0,0.002506553081303608
2024-02-06,89.42,90.95,88.14,88.92,43284055.0,1639413859.0,16491037955.0,0.002624701678457813
2024-02-07,88.92,91.09,86.71,90.92,51536462.0,1937181244.0,16491037955.0,0.003125119361233075
2024-02-08,90.22,90.41,88.43,89.7,36272091.0,1375426717.0,16491037955.0,0.002199503214956975
2024-02-19,89.09,94.13,88.38,93.8,40326529.0,1576991694.0,16491037955.0,0.0024453602684101033
2024-02-20,93.68,94.86,92.55,93.68,30985576.0,1232997856.0,16491037955.0,0.0018789342480777767
2024-02-21,93.68,94.32,92.67,93.26,34692133.0,1373552962.0,16491037955.0,0.0021036961466383334
2024-02-22,92.76,96.6,92.53,96.2,41316132.0,1665190976.0,16491037955.0,0.0025053688016934772
2024-02-23,96.37,96.37,93.07,93.89,37105415.0,1486927212.0,16491037955.0,0.0022500351464384218
2024-02-26,92.69,93.54,90.52,90.95,50102990.0,1949242972.0,16491037955.0,0.003038195057019381
2024-02-27,90.48,91.87,90.05,90.9,30242950.0,1163736851.0,16491037955.0,0.0018339021523402952
2024-02-28,90.64,92.41,89.18,91.89,48928559.0,1883380070.0,16491037955.0,0.0029669787392105967
2024-02-29,90.95,91.61,90.05,90.95,37572751.0,1446115660.0,16491037955.0,0.0022783739327098046
2024-03-01,90.36,91.75,89.72,90.43,32051478.0,1231988718.0,16491037955.0,0.0019435694761882562
2024-03-04,90.01,92.13,89.6,91.87,42137234.0,1630718657.0,16491037955.0,0.0025551596033543907
2024-03-05,91.8,93.73,91.42,93.19,38384327.0,1509659255.0,16491037955.0,0.0023275870872859197
2024-03-06,93.19,95.14,92.27,92.88,36900751.0,1466842883.0,16491037955.0,0.0022376245267698193
2024-03-07,92.55,94.6,92.36,94.46,31494276.0,1254567411.0,16491037955.0,0.0019097813058183578
2024-03-08,94.08,94.46,92.27,93.66,30809455.0,1220691587.0,16491037955.0,0.0018682544472986753
2024-03-11,93.07,93.45,90.24,91.18,40288021.0,1562064282.0,16491037955.0,0.0024430251819161494
2024-03-12,90.71,90.95,86.99,87.6,65997701.0,2475861303.0,16491037955.0,0.004002034388623175
2024-03-13,87.56,87.58,85.74,87.34,35628203.0,1313211446.0,16491037955.0,0.0021604584924988126
2024-03-14,87.15,88.43,86.0,88.17,33722920.0,1250571634.0,16491037955.0,0.002044924042502454
2024-03-15,87.77,88.12,85.34,87.91,44778666.0,1654217245.0,16491037955.0,0.002715333390305086
2024-03-18,86.82,87.04,85.72,86.61,38624101.0,1415122016.0,16491037955.0,0.002342126742136893
2024-03-19,86.26,89.77,86.07,87.96,37338641.0,1397185994.0,16491037955.0,0.0022641777371374683
2024-03-20,87.77,89.68,86.85,88.33,28673923.0,1076852462.0,16491037955.0,0.0017387579288971444
2024-03-21,88.12,89.6,86.94,88.76,30620434.0,1151292309.0,16491037955.0,0.0018567924034591187
2024-03-22,88.76,89.75,87.96,89.39,33265084.0,1256819229.0,16491037955.0,0.0020171613267019493
2024-03-25,87.65,92.24,87.23,90.74,51160466.0,1974872584.0,16491037955.0,0.0031023193409416903
2024-03-26,91.87,91.89,88.43,89.6,38554813.0,1462339696.0,16491037955.0,0.002337925187317295
2024-03-27,89.93,92.36,89.68,91.51,32594013.0,1267079522.0,16491037955.0,0.001976468254390116
2024-03-28,91.65,92.22,90.38,91.04,34991740.0,1355151828.0,16491037955.0,0.0021218640145928887
2024-03-29,90.85,92.93,90.5,92.1,23946673.0,935555815.0,16491037955.0,0.0014521022306385203
2024-04-01,92.13,92.15,89.53,90.43,38410759.0,1474998365.0,16491037955.0,0.0023291898972528924
2024-04-02,90.41,92.2,90.03,92.01,32697622.0,1270473623.0,16491037955.0,0.001982751000223503
2024-04-03,92.01,93.66,91.61,93.28,27795306.0,1094833892.0,16491037955.0,0.001685479475327543
2024-04-08,92.74,94.25,91.61,93.26,23025510.0,911287248.0,16491037955.0,0.0013962438303053435
2024-04-09,93.61,94.39,92.34,93.52,19673782.0,778862991.0,16491037955.0,0.0011929984063880593
2024-04-10,93.49,95.61,93.42,94.55,30002489.0,1207440234.0,16491037955.0,0.001819320838498428
2024-04-11,94.25,95.38,93.3,94.25,19469582.0,778950662.0,16491037955.0,0.001180615923214034
2024-04-12,94.01,94.44,93.04,93.61,21525318.0,856917938.0,16491037955.0,0.0013052736922161791
2024-04-15,93.54,97.17,93.47,96.72,33012766.0,1344997868.0,16491037955.0,0.0020018610162734294
2024-04-16,96.72,99.41,96.3,98.25,39246863.0,1633266946.0,16491037955.0,0.0023798904051458175
2024-04-17,98.02,98.94,96.34,98.72,25015767.0,1040330012.0,16491037955.0,0.0015169310184272146
2024-04-18,98.04,99.9,96.77,97.45,26529769.0,1101573769.0,16491037955.0,0.0016087385810640443
2024-04-19,96.79,99.43,96.72,98.7,26154651.0,1092067250.0,16491037955.0,0.0015859918018119679
2024-04-22,98.68,100.3,94.81,94.95,32248938.0,1326480560.0,16491037955.0,0.001955543252522943
2024-04-23,94.03,95.4,91.91,94.01,27856359.0,1105479144.0,16491037955.0,0.0016891816680073852
2024-04-24,94.95,95.31,92.79,93.78,22562994.0,897523875.0,16491037955.0,0.0013681973239991854
2024-04-25,93.59,94.95,92.95,94.15,20235973.0,805516019.0,16491037955.0,0.001227089104713664
2024-04-26,93.66,94.53,93.07,93.19,28337837.0,1124901992.0,16491037955.0,0.0017183780109734153
2024-04-29,93.02,93.02,90.97,91.89,41781253.0,1627219755.0,16491037955.0,0.0025335732725866498
2024-04-30,91.89,94.27,91.68,93.85,29738706.0,1181284333.0,16491037955.0,0.0018033253019700542
2024-05-06,93.52,93.61,91.42,93.19,33779856.0,1327794955.0,16491037955.0,0.0020483765844319167
2024-05-07,93.04,94.22,92.83,94.08,22047370.0,874634657.0,16491037955.0,0.0013369304018438298
2024-05-08,94.27,97.66,94.27,96.96,38193795.0,1563614148.0,16491037955.0,0.002316033417921995
2024-05-09,96.58,97.31,95.68,96.25,26529150.0,1085533596.0,16491037955.0,0.0016087010455249418
2024-05-10,96.23,97.07,95.8,96.53,22703051.0,930336198.0,16491037955.0,0.001376690239992841
2024-05-13,96.04,96.51,94.13,96.08,21847559.0,885569852.0,16491037955.0,0.0013248140632273501
2024-05-14,95.68,95.97,93.42,94.88,26466990.0,1059420515.0,16491037955.0,0.0016049317254754932
2024-05-15,94.25,95.02,93.89,94.65,14442600.0,580030805.0,16491037955.0,0.0008757847771262376
2024-05-16,94.65,94.76,93.19,93.3,21260529.0,845715367.0,16491037955.0,0.0012892171528568893
2024-05-17,93.14,94.06,92.83,93.99,20810624.0,826849055.0,16491037955.0,0.0012619353649410724
2024-05-20,94.01,96.89,93.92,96.44,27194546.0,1102205422.0,16491037955.0,0.0016490499915291718
2024-05-21,96.32,98.96,95.75,98.89,29403082.0,1223226685.0,16491037955.0,0.001782973399262909
2024-05-22,98.72,100.18,98.16,98.35,24271138.0,1021576682.0,16491037955.0,0.0014717774627788732
2024-05-23,98.28,99.27,97.59,98.96,16752780.0,701346230.0,16491037955.0,0.0010158717750643853
2024-05-24,99.15,99.43,97.31,97.33,16586026.0,692441765.0,16491037955.0,0.0010057599797695692
2024-05-27,97.99,101.36,97.83,98.96,25686009.0,1085400983.0,16491037955.0,0.001557573821010589
2024-05-28,98.98,102.28,98.82,101.08,23792715.0,1019209518.0,16491037955.0,0.0014427663719484782
2024-05-29,101.08,102.85,100.37,102.38,21603456.0,936354991.0,16491037955.0,0.0013100119021586473
2024-05-30,101.57,103.34,100.61,101.53,23332714.0,1008183737.0,16491037955.0,0.0014148723727196103
2024-05-31,101.93,102.26,99.74,99.74,20058323.0,861131055.0,16491037955.0,0.0012163165869082495
2024-06-03,100.61,102.68,100.42,102.12,26577489.0,1149105254.0,16491037955.0,0.0016116322739977587
2024-06-04,101.83,101.93,99.74,99.76,33072957.0,1410263846.0,16491037955.0,0.002005510938137914
2024-06-05,99.69,102.26,99.43,100.73,26564584.0,1140452161.0,16491037955.0,0.001610849727742319
2024-06-06,100.77,105.46,100.77,104.05,32650986.0,1436926364.0,16491037955.0,0.0019799230399624654
2024-06-07,104.17,104.59,103.32,104.02,22146552.0,976772116.0,16491037955.0,0.0013429446988377875
2024-06-11,104.05,104.9,101.57,102.35,24360172.0,1061274422.0,16491037955.0,0.0014771763952319398
2024-06-12,101.86,105.67,101.34,105.2,26472574.0,1165577282.0,16491037955.0,0.0016052703336343756
2024-06-13,104.85,105.98,104.07,105.04,18226751.0,811191866.0,16491037955.0,0.00110525189801493
2024-06-14,104.73,106.31,103.67,104.5,28165983.0,1254276607.0,16491037955.0,0.0017079569567942335
2024-06-17,104.19,104.78,102.02,102.59,27547526.0,1203300142.0,16491037955.0,0.0016704543446671122
2024-06-18,102.54,103.04,100.84,102.66,16946544.0,733578404.0,16491037955.0,0.0010276214296664021
2024-06-19,102.26,103.95,101.72,102.35,23464678.0,1020956160.0,16491037955.0,0.001422874537311075
2024-06-20,102.28,105.63,101.76,105.16,35704871.0,1581944072.0,16491037955.0,0.002165107563115787
2024-06-21,104.64,105.27,103.11,103.93,19866304.0,877530033.0,16491037955.0,0.0012046727473558835
2024-06-24,104.35,105.08,103.46,104.26,20110686.0,889964384.0,16491037955.0,0.001219491826704731
2024-06-25,104.47,104.52,102.89,103.51,18014773.0,791410462.0,16491037955.0,0.0010923977647227482
2024-06-26,103.25,104.02,101.43,103.08,18863833.0,820565527.0,16491037955.0,0.0011438839114599564
2024-06-27,102.66,103.65,101.72,102.49,25068964.0,1092496965.0,16491037955.0,0.0015201568311471393
2024-06-28,101.86,105.16,101.79,104.54,22105842.0,974522928.0,16491037955.0,0.001340476085272584
2024-07-01,104.64,108.29,104.61,106.69,20995421.0,949937575.0,16491037955.0,0.0012731412696575775
2024-07-02,106.73,108.1,105.46,107.91,22674028.0,1029197857.0,16491037955.0,0.001374930314384811
2024-07-03,107.44,108.43,105.84,106.62,20169551.0,914594069.0,16491037955.0,0.0012230613412592803
2024-07-04,106.59,107.87,106.59,106.97,16058960.0,730078877.0,16491037955.0,0.0009737992262112891
2024-07-05,106.97,107.63,103.88,106.26,27405677.0,1227117791.0,16491037955.0,0.0016618527635909501
2024-07-08,106.16,108.22,104.92,107.6,25661548.0,1105464938.0,16491037955.0,0.0015560905305065742
2024-07-09,107.4,108.02,105.94,107.65,23794751.0,1029772331.0,16491037955.0,0.0014428898329462369
2024-07-10,106.88,107.16,102.15,103.46,47960407.0,2005410933.0,16491037955.0,0.002908270973050465
2024-07-11,102.52,104.45,101.38,103.39,34006914.0,1411332495.0,16491037955.0,0.0020621451537978707
2024-07-12,103.01,104.25,101.48,102.22,24098086.0,997563762.0,16491037955.0,0.001461283763081364
2024-07-15,101.7,105.27,101.2,105.15,24825023.0,1044852717.0,16491037955.0,0.0015053644935959399
2024-07-16,104.8,105.67,103.91,105.2,20050250.0,846564006.0,16491037955.0,0.0012158270482859974
2024-07-17,105.12,105.59,102.79,103.48,21983510.0,918227284.0,16491037955.0,0.0013330579954995926
2024-07-18,103.93,104.5,102.91,104.3,17205894.0,721006956.0,16491037955.0,0.0010433481535213653
2024-07-19,104.25,104.6,102.89,104.11,22318200.0,933287514.0,16491037955.0,0.001353353261383601
2024-07-22,103.51,103.96,98.97,103.51,39510434.0,1617790893.0,16491037955.0,0.002395873086206841
2024-07-23,102.94,103.81,101.45,101.85,18091660.0,746132806.0,16491037955.0,0.0010970601152800513
2024-07-24,101.6,104.06,101.2,103.58,18227400.0,754743912.0,16491037955.0,0.0011052912527239405
2024-07-25,103.48,103.48,100.91,102.32,21256537.0,873625845.0,16491037955.0,0.001288975081981127
2024-07-26,102.32,102.69,100.36,101.2,18175082.0,742036178.0,16491037955.0,0.0011021187416823213
2024-07-29,100.66,101.97,100.33,101.3,13837592.0,563827676.0,16491037955.0,0.0008390976988688885
2024-07-30,100.91,101.1,98.03,98.72,22295682.0,890684437.0,16491037955.0,0.0013519877924506299
2024-07-31,98.75,99.84,97.76,98.6,25212841.0,1005030834.0,16491037955.0,0.0015288813881090845
2024-08-01,99.19,100.01,97.38,97.76,21150777.0,836924876.0,16491037955.0,0.001282561901665334
2024-08-02,97.23,97.46,95.52,97.01,16902448.0,658011025.0,16491037955.0,0.0010249474924575782
2024-08-05,96.37,96.39,94.83,95.42,22031849.0,848642293.0,16491037955.0,0.0013359892239724095
2024-08-06,95.52,95.99,93.98,94.63,19075806.0,728251590.0,16491037955.0,0.0011567377415571535
2024-08-07,94.63,97.71,94.28,96.44,21032000.0,820639226.0,16491037955.0,0.0012753593835264445
2024-08-08,96.74,97.93,96.39,96.47,14563020.0,569208407.0,16491037955.0,0.0008830869251370904
2024-08-09,96.24,97.48,95.5,96.86,11124510.0,432957504.0,16491037955.0,0.0006745791277878361
2024-08-12,96.29,98.35,95.82,97.48,13093996.0,515315215.0,16491037955.0,0.0007940067833043805
2024-08-13,97.48,98.52,96.29,96.94,12193738.0,477524777.0,16491037955.0,0.0007394160412021197
2024-08-14,96.74,97.73,95.57,97.06,8949140.0,350139529.0,16491037955.0,0.0005426668730264286
2024-08-15,96.74,100.16,96.61,99.69,23436598.0,936591933.0,16491037955.0,0.0014211717942771542
2024-08-16,99.69,100.81,99.39,100.53,13713993.0,554561586.0,16491037955.0,0.000831602779486781
2024-08-19,100.53,102.22,99.86,100.09,13625257.0,554332986.0,16491037955.0,0.000826221917454801
2024-08-20,100.11,100.33,97.83,98.45,14046750.0,558450464.0,16491037955.0,0.000851780830189715
2024-08-21,98.82,99.42,96.99,98.65,12976628.0,512884589.0,16491037955.0,0.0007868897055121719
2024-08-22,98.65,99.39,98.0,99.04,10675390.0,425313918.0,16491037955.0,0.0006473449414846126
2024-08-23,98.75,101.67,98.62,99.91,13291150.0,536768586.0,16491037955.0,0.0008059620041060054
2024-08-26,100.09,100.58,98.75,100.09,11988715.0,481326862.0,16491037955.0,0.0007269836521336173
2024-08-27,100.06,103.66,99.59,103.44,21791457.0,899510043.0,16491037955.0,0.0013214120942213307
2024-08-28,103.01,104.63,101.82,102.72,15814204.0,656182517.0,16491037955.0,0.0009589574678775882
2024-08-29,102.64,102.94,100.36,101.08,12686400.0,518517207.0,16491037955.0,0.0007692905707098653
2024-08-30,100.48,101.77,98.65,100.58,21526502.0,873048968.0,16491037955.0,0.0013053454887885496
2024-09-02,100.48,102.91,99.42,101.9,21124388.0,868256647.0,16491037955.0,0.0012809616991752294
2024-09-03,101.9,103.56,98.72,99.67,19006283.0,768474527.0,16491037955.0,0.001152521936573276
2024-09-04,99.22,99.71,98.1,98.38,13262800.0,527785454.0,16491037955.0,0.0008042428885429123
2024-09-05,98.3,99.37,95.77,96.04,25277785.0,983408032.0,16491037955.0,0.0015328195271259988
2024-09-06,95.99,96.81,94.33,94.36,16940537.0,650242653.0,16491037955.0,0.0010272571712118166
2024-09-09,94.26,94.36,90.83,92.32,26253998.0,974585238.0,16491037955.0,0.0015920161042404198
2024-09-10,92.27,94.83,92.2,92.99,18615520.0,701532451.0,16491037955.0,0.0011288264602141594
2024-09-11,92.27,92.47,89.17,91.13,24270652.0,884397733.0,16491037955.0,0.0014717479922263632
2024-09-12,91.6,93.84,90.76,93.29,24260306.0,903595754.0,16491037955.0,0.0014711206211640787
2024-09-13,93.02,94.73,93.02,93.89,14576499.0,552672160.0,16491037955.0,0.0008839042781767705
2024-09-18,93.32,96.24,93.32,94.85,13342930.0,512107626.0,16491037955.0,0.0008091018913672738
2024-09-19,95.35,95.35,91.9,94.26,23297289.0,876352275.0,16491037955.0,0.0014127242362532056
2024-09-20,94.13,95.94,93.84,95.5,21632796.0,828847491.0,16491037955.0,0.0013117910503287057
2024-09-23,95.08,97.95,94.78,96.99,16307843.0,636217425.0,16491037955.0,0.0009888912416853388
2024-09-24,98.47,102.17,97.36,102.15,34169835.0,1378344625.0,16491037955.0,0.002072024519817437
2024-09-25,104.18,106.41,102.67,103.63,29689657.0,1244481292.0,16491037955.0,0.0018003510198094138
2024-09-26,104.18,106.09,103.01,105.99,28172620.0,1191462496.0,16491037955.0,0.0017083594178168879
2024-09-27,107.92,107.92,102.94,103.71,24452686.0,1027113357.0,16491037955.0,0.0014827863513943384
2024-09-30,104.97,111.55,102.2,108.15,95933756.0,4072673206.0,16491037955.0,0.005817326735999257
2024-10-08,116.83,117.82,101.13,105.27,118468401.0,5132317102.0,16491037955.0,0.007183805005074345
2024-10-09,103.98,105.49,100.01,100.09,58165757.0,2402306538.0,16491037955.0,0.0035271131604159844
2024-10-10,100.46,108.55,100.46,106.54,75539975.0,3219836367.0,16491037955.0,0.004580668312457353
2024-10-11,107.03,109.26,104.18,105.67,51444614.0,2207725230.0,16491037955.0,0.0031195497906426352
2024-10-14,105.17,108.02,103.98,105.84,34966984.0,1493669609.0,16491037955.0,0.0021203628355847782
2024-10-15,105.77,106.61,103.71,103.71,26721364.0,1130038118.0,16491037955.0,0.0016203567096817102
2024-10-16,103.39,104.5,102.37,103.01,21012405.0,874122095.0,16491037955.0,0.0012741711623815131
2024-10-17,103.14,105.35,101.62,101.67,21766350.0,904721688.0,16491037955.0,0.001319889630925296
2024-10-18,101.82,105.17,101.35,104.13,36328052.0,1516227020.0,16491037955.0,0.002202896633864427
2024-10-21,103.98,105.3,101.95,102.49,34904069.0,1451494331.0,16491037955.0,0.0021165477330926438
2024-10-22,102.52,103.36,101.8,102.79,25286520.0,1046469322.0,16491037955.0,0.0015333492087642219
2024-10-23,102.64,103.29,101.4,101.82,29019434.0,1193892613.0,16491037955.0,0.0017597093693669812
2024-10-24,101.82,102.84,101.1,102.42,22810370.0,941357409.0,16491037955.0,0.0013831979565048548
2024-10-25,102.42,102.62,101.23,101.53,19106601.0,783650868.0,16491037955.0,0.0011586051194677515
2024-10-28,102.54,104.18,101.35,101.95,35549328.0,1468390464.0,16491037955.0,0.002155675591615604
2024-10-29,101.77,102.62,100.68,101.65,27675361.0,1134616960.0,16491037955.0,0.0016782061308402343
2024-10-30,101.4,102.24,99.49,100.31,24195808.0,980182026.0,16491037955.0,0.0014672095271397972
2024-10-31,99.99,100.53,97.98,99.32,26452128.0,1057272282.0,16491037955.0,0.0016040305087030528
2024-11-01,99.29,102.79,99.29,101.87,35744209.0,1461539082.0,16491037955.0,0.002167492979977196
2024-11-04,102.0,102.1,99.96,101.08,24267301.0,983277998.0,16491037955.0,0.0014715447909476357
2024-11-05,100.83,101.82,100.29,101.77,23237996.0,947137858.0,16491037955.0,0.001409128768207968
2024-11-06,101.82,102.89,99.81,100.04,33610454.0,1367244038.0,16491037955.0,0.002038104217073218
2024-11-07,100.04,101.28,99.52,101.23,29915784.0,1212736938.0,16491037955.0,0.001814063134269222
2024-11-08,101.23,102.64,98.9,99.69,40189144.0,1626336617.0,16491037955.0,0.002437029379816257
2024-11-11,98.45,98.72,96.81,97.68,33816602.0,1329739611.0,16491037955.0,0.002050604825013272
2024-11-12,97.28,98.38,96.44,96.51,35772296.0,1399425976.0,16491037955.0,0.0021691961474840957
2024-11-13,96.17,98.97,95.92,97.66,35778306.0,1411951434.0,16491037955.0,0.002169560587855672
2024-11-14,97.01,99.47,96.56,98.25,33176988.0,1320144091.0,16491037955.0,0.002011819273628007
2024-11-15,98.18,100.21,97.23,99.57,41347455.0,1652894760.0,16491037955.0,0.0025072681969944568
2024-11-18,99.19,102.94,99.04,102.77,57225124.0,2354747666.0,16491037955.0,0.003470074118812493
2024-11-19,102.77,103.29,100.86,101.97,34989650.0,1439136955.0,16491037955.0,0.0021217372790892954
2024-11-20,101.33,102.29,101.2,101.8,22181812.0,909162370.0,16491037955.0,0.0013450828298696982
2024-11-21,101.6,103.09,101.45,102.17,20264111.0,836026891.0,16491037955.0,0.0012287953648094068
2024-11-22,102.17,102.49,98.72,98.72,27344613.0,1102845127.0,16491037955.0,0.0016581499038821417
2024-11-25,99.67,100.14,97.98,99.49,23738154.0,947580670.0,16491037955.0,0.0014394578476367348
2024-11-26,98.3,99.52,97.11,98.72,18937511.0,754243135.0,16491037955.0,0.0011483516714760967
2024-11-27,98.75,100.88,98.35,100.71,25259747.0,1019940911.0,16491037955.0,0.0015317257208992943
2024-11-28,100.68,101.05,99.67,99.89,15727994.0,635920735.0,16491037955.0,0.0009537297799518648
2024-11-29,100.41,100.66,98.97,99.12,18674429.0,750723710.0,16491037955.0,0.0011323986428845739
2024-12-02,98.72,99.02,96.99,98.25,37189672.0,1464764181.0,16491037955.0,0.0022551444064031322
2024-12-03,97.98,99.81,97.76,99.79,26866838.0,1071787399.0,16491037955.0,0.00162917810712176
2024-12-04,99.17,104.92,98.97,104.43,58311699.0,2421933718.0,16491037955.0,0.0035359629369065993
2024-12-05,104.15,104.8,103.36,103.98,23911350.0,1003548599.0,16491037955.0,0.0014499602793498028
2024-12-06,104.11,105.87,103.93,105.02,26569423.0,1124814716.0,16491037955.0,0.0016111431598484851
2024-12-09,103.93,106.61,102.96,105.42,24503449.0,1039387367.0,16491037955.0,0.0014858645687957244
2024-12-10,107.68,108.3,104.45,105.52,34904684.0,1489367528.0,16491037955.0,0.0021165850260757586
2024-12-11,105.52,107.65,105.25,107.6,29090148.0,1252026891.0,16491037955.0,0.0017639973953962075
2024-12-12,107.33,107.65,105.47,106.93,25901216.0,1114364682.0,16491037955.0,0.0015706237576238724
2024-12-13,106.56,106.98,105.02,105.67,43169576.0,1838751268.0,16491037955.0,0.002617759786727748
2024-12-16,105.05,108.12,105.05,107.78,36796839.0,1592470312.0,16491037955.0,0.002231323407320361
2024-12-17,107.48,109.64,105.97,106.16,29378460.0,1271383300.0,16491037955.0,0.0017814803458803877
2024-12-18,107.11,108.77,106.49,106.81,28246607.0,1223356556.0,16491037955.0,0.0017128459152830808
2024-12-19,105.97,107.53,105.42,105.69,17271439.0,739556626.0,16491037955.0,0.0010473227365754372
2024-12-20,105.67,105.97,101.82,102.54,40108006.0,1664064919.0,16491037955.0,0.002432109252882985
2024-12-23,102.2,104.6,101.65,103.63,33490704.0,1397011568.0,16491037955.0,0.0020308426971903117
2024-12-24,103.44,104.13,102.1,103.53,19596957.0,815761895.0,16491037955.0,0.0011883398154485662
2024-12-25,103.73,107.3,103.53,106.41,28346879.0,1210170702.0,16491037955.0,0.0017189263087836971
2024-12-26,105.87,106.88,104.43,104.5,22177671.0,938499373.0,16491037955.0,0.0013448317237833925
2024-12-27,104.63,105.49,103.39,104.65,18649827.0,785971308.0,16491037955.0,0.0011309068022819914
2024-12-30,105.17,107.38,105.17,106.11,21762071.0,932948660.0,16491037955.0,0.0013196301566574134
2024-12-31,106.41,109.07,105.92,107.85,35871662.0,1563375731.0,16491037955.0,0.0021752216020534893
2025-01-02,107.5,109.12,104.92,105.64,30361375.0,1306206673.0,16491037955.0,0.0018410833255522636
2025-01-03,106.46,106.68,104.11,104.35,24085702.0,1020680626.0,16491037955.0,0.0014605328097433271
2025-01-06,104.68,105.0,102.74,103.71,21589723.0,902132666.0,16491037955.0,0.0013091791468137458
2025-01-07,103.76,103.98,101.15,101.95,21845858.0,898530525.0,16491037955.0,0.0013247109162935645
2025-01-08,101.57,103.06,100.46,101.4,28457714.0,1163425590.0,16491037955.0,0.0017256472320089328
2025-01-09,100.46,100.86,97.98,98.15,40424668.0,1608901506.0,16491037955.0,0.0024513113189302584
2025-01-10,97.98,99.04,96.49,97.18,28488322.0,1119437483.0,16491037955.0,0.001727503270427104
2025-01-13,97.31,98.0,96.14,96.47,24330736.0,950014027.0,16491037955.0,0.0014753914257181757
2025-01-14,97.23,97.53,95.97,97.53,30813871.0,1202030435.0,16491037955.0,0.001868522229109138
2025-01-15,97.18,99.04,96.64,97.26,29639657.0,1165666418.0,16491037955.0,0.0017973190699626888
2025-01-16,97.61,99.02,96.86,98.47,31088895.0,1229326895.0,16491037955.0,0.0018851994086020525
2025-01-17,98.42,99.37,97.9,98.25,25120232.0,998189721.0,16491037955.0,0.0015232656712419774
2025-01-20,98.47,98.47,95.99,96.09,35852623.0,1401060793.0,16491037955.0,0.0021740670961908535
2025-01-21,96.19,96.44,94.51,94.78,25468980.0,976524409.0,16491037955.0,0.001544413400144891
2025-01-22,95.47,95.5,94.03,94.48,23779006.0,905388715.0,16491037955.0,0.001441935071939503
2025-01-23,95.13,96.69,94.68,95.27,25459581.0,983066790.0,16491037955.0,0.0015438434542127035
2025-01-24,95.8,97.73,94.75,96.94,36208147.0,1413648472.0,16491037955.0,0.002195625714936995
2025-01-27,96.99,99.47,96.96,99.22,29457006.0,1172778344.0,16491037955.0,0.001786243296533605
2025-02-05,99.22,99.22,95.27,96.29,34045080.0,1320107665.0,16491037955.0,0.002064459501754873
2025-02-06,96.29,96.61,95.27,96.61,21866873.0,845553760.0,16491037955.0,0.0013259852448141431
2025-02-07,96.24,96.66,95.52,96.47,26659225.0,1033984427.0,16491037955.0,0.0016165886630511972
2025-02-10,95.99,96.37,95.4,95.72,23816230.0,920195362.0,16491037955.0,0.001444192297961393
2025-02-11,95.6,96.66,95.2,95.62,24355584.0,940113918.0,16491037955.0,0.0014768981835140043
2025-02-12,95.65,95.65,94.33,94.8,30660311.0,1172004628.0,16491037955.0,0.0018592105047398758
2025-02-13,94.85,95.37,94.31,94.53,29750047.0,1135577363.0,16491037955.0,0.0018040130088342885
2025-02-14,94.68,94.78,94.06,94.58,28187397.0,1072369567.0,16491037955.0,0.001709255480274589
2025-02-17,94.51,94.51,92.07,92.47,60759882.0,2269830442.0,16491037955.0,0.003684418298338699
2025-02-18,91.78,92.5,90.54,90.81,56134671.0,2069582589.0,16491037955.0,0.0034039501426882746
2025-02-19,90.83,90.86,89.35,89.54,45129839.0,1630796519.0,16491037955.0,0.0027366281687755656
2025-02-20,89.3,90.04,88.63,89.82,34844239.0,1258578036.0,16491037955.0,0.002112919701906053
2025-02-21,89.72,89.89,87.51,87.76,62451008.0,2226711817.0,16491037955.0,0.0037869664826685554
2025-02-24,87.01,89.54,86.27,88.7,64893459.0,2295273685.0,16491037955.0,0.003935074261370227
2025-02-25,88.13,90.76,87.91,88.38,63888678.0,2302146500.0,16491037955.0,0.003874145349391381
2025-02-26,88.38,89.5,87.63,88.16,33014321.0,1173949524.0,16491037955.0,0.0020019553099136626
2025-02-27,87.81,89.0,86.44,88.65,46893208.0,1654587215.0,16491037955.0,0.0028435570961609616
2025-02-28,88.5,89.0,87.91,87.93,35589052.0,1269862723.0,16491037955.0,0.00215808441512983
2025-03-03,88.25,89.1,87.81,88.16,27862063.0,991969536.0,16491037955.0,0.0016895275528458996
2025-03-04,87.81,88.16,87.14,87.68,21458015.0,757174925.0,16491037955.0,0.0013011925058054965
2025-03-05,87.46,88.63,86.84,88.63,32633112.0,1157753346.0,16491037955.0,0.0019788391785312584
2025-03-06,88.53,88.53,87.39,88.03,29250385.0,1037358454.0,16491037955.0,0.0017737140063480014
2025-03-07,88.03,89.74,87.81,89.02,42731841.0,1536048909.0,16491037955.0,0.002591215975404624
2025-03-10,88.8,90.59,88.75,89.54,32106046.0,1160254399.0,16491037955.0,0.001946878424972978
2025-03-11,89.5,90.41,88.8,90.36,31166826.0,1129340405.0,16491037955.0,0.001889925066272155
2025-03-12,90.16,90.16,88.8,89.12,25021551.0,900264076.0,16491037955.0,0.0015172817543854837
2025-03-13,89.15,93.19,89.12,92.32,84155323.0,3114970393.0,16491037955.0,0.0051030943734190195
2025-03-14,92.03,93.02,91.85,92.2,43887907.0,1634471986.0,16491037955.0,0.002661318658034706
2025-03-17,92.17,92.92,91.78,91.85,28785645.0,1068129158.0,16491037955.0,0.0017455326389126608
2025-03-18,91.73,91.73,90.76,90.98,24126961.0,886235514.0,16491037955.0,0.0014630347141178477
2025-03-19,90.98,91.55,90.59,90.98,20882110.0,767221822.0,16491037955.0,0.0012662702042759322
2025-03-20,91.23,92.15,91.03,91.16,22858993.0,842745919.0,16491037955.0,0.001386146406452801
2025-03-21,90.83,92.15,90.83,90.83,29294231.0,1079586881.0,16491037955.0,0.0017763727838075916
2025-03-24,91.53,92.97,90.96,92.07,41665708.0,1544405604.0,16491037955.0,0.0025265667396858526
2025-03-25,92.07,94.51,91.7,93.64,58279682.0,2200409006.0,16491037955.0,0.0035340214581417472
2025-03-26,93.66,94.58,92.89,94.33,36848469.0,1394470415.0,16491037955.0,0.0022344541987320892
2025-03-27,94.11,94.93,93.74,94.21,23202680.0,881573785.0,16491037955.0,0.0014069872413922293
2025-03-28,93.98,94.23,93.27,93.84,18915606.0,714429528.0,16491037955.0,0.0011470233742482464
2025-03-31,93.56,95.18,93.36,95.13,35510316.0,1357153702.0,16491037955.0,0.002153309943067195
2025-04-01,94.98,96.14,94.88,95.87,23504026.0,905765298.0,16491037955.0,0.0014252605605624537
2025-04-02,96.09,96.09,95.03,95.87,19421142.0,748315610.0,16491037955.0,0.0011776785702025266
2025-04-03,94.8,96.81,94.78,96.64,24685855.0,957488778.0,16491037955.0,0.0014969254856705592
2025-04-07,94.31,95.45,91.28,92.62,71366078.0,2684873022.0,16491037955.0,0.004327567385069426
2025-04-08,93.64,97.18,92.72,97.18,64116748.0,2457862920.0,16491037955.0,0.003887975285422233
2025-04-09,96.42,98.4,95.25,97.88,63588646.0,2469482498.0,16491037955.0,0.0038559517098631286
2025-04-10,97.31,97.31,94.36,96.71,47185190.0,1823708647.0,16491037955.0,0.002861262591763891
2025-04-11,96.44,96.47,93.79,94.31,38592757.0,1470833236.0,16491037955.0,0.002340226073416978
2025-04-14,94.21,96.02,93.41,95.75,32344371.0,1238152682.0,16491037955.0,0.001961330213917393
2025-04-15,95.1,96.39,95.08,95.75,24579300.0,947572629.0,16491037955.0,0.0014904640973522033
2025-04-16,95.72,97.88,95.0,97.88,41901417.0,1630151246.0,16491037955.0,0.002540859897014287
2025-04-17,97.51,97.51,96.44,97.43,19005768.0,742397105.0,16491037955.0,0.0011524907074898548
2025-04-18,96.84,98.0,96.32,97.23,22023137.0,863447709.0,16491037955.0,0.001335460937031116
2025-04-21,97.09,97.8,96.14,96.54,20496036.0,797965740.0,16491037955.0,0.0012428590641734413
2025-04-22,96.22,97.01,95.85,95.85,17289168.0,670997226.0,16491037955.0,0.0010483978053520888
2025-04-23,95.77,96.14,95.25,95.6,18606625.0,717240301.0,16491037955.0,0.001128287076336427
2025-04-24,95.5,96.79,95.37,96.59,23694561.0,921343274.0,16491037955.0,0.001436814411843369
2025-04-25,96.27,96.37,95.25,95.94,24743468.0,954072787.0,16491037955.0,0.0015004190802009466
2025-04-28,94.16,95.08,92.0,94.26,46487659.0,1756521483.0,16491037955.0,0.002818965011593171
2025-04-29,93.89,94.95,93.61,94.93,21136799.0,804322898.0,16491037955.0,0.0012817142897661835
2025-04-30,94.75,95.7,93.64,95.0,22259772.0,850773300.0,16491037955.0,0.0013498102460707119
2025-05-06,95.5,95.5,94.03,95.13,21263342.0,812258210.0,16491037955.0,0.0012893877303552662
2025-05-07,97.61,97.61,94.75,96.19,22750087.0,875910398.0,16491037955.0,0.0013795424558526522
2025-05-08,95.45,96.47,95.27,95.62,16193843.0,626316152.0,16491037955.0,0.0009819783960348055
2025-05-09,95.47,96.99,95.45,96.34,22571597.0,875977056.0,16491037955.0,0.0013687190012898129
2025-05-12,96.37,96.47,95.3,95.65,27826756.0,1073554699.0,16491037955.0,0.0016873865717811332
2025-05-13,95.8,97.38,95.2,96.86,28884456.0,1126782795.0,16491037955.0,0.0017515244388387559
2025-05-14,96.99,97.85,96.64,97.43,20527086.0,805186419.0,16491037955.0,0.0012447419050282576
2025-05-15,97.61,99.39,97.58,99.37,34084006.0,1359819546.0,16491037955.0,0.0020668199353495453
2025-05-16,99.09,99.69,97.51,97.88,25146731.0,994118999.0,16491037955.0,0.0015248725440217448
2025-05-19,97.88,98.92,97.16,97.18,17507387.0,689936232.0,16491037955.0,0.001061630386624139
2025-05-20,97.28,97.85,96.81,97.11,14698330.0,575887365.0,16491037955.0,0.0008912919878122978
2025-05-21,97.31,100.21,97.28,99.47,33194093.0,1328730366.0,16491037955.0,0.002012856503670572
2025-05-22,99.12,100.58,98.97,100.21,19492682.0,786068729.0,16491037955.0,0.001182016684043221
2025-05-23,99.91,100.53,98.05,98.47,22959490.0,916144206.0,16491037955.0,0.0013922404437277278
2025-05-26,98.47,99.32,97.83,98.3,18496005.0,733127770.0,16491037955.0,0.0011215791904955325
2025-05-27,98.5,99.34,98.03,98.03,16651560.0,661419061.0,16491037955.0,0.001009733895794675
2025-05-28,98.05,99.54,97.48,98.75,14828206.0,590798344.0,16491037955.0,0.0008991675381781631
2025-05-29,98.77,99.14,98.3,98.7,15821304.0,630106328.0,16491037955.0,0.0009593880047558232
2025-05-30,98.67,99.79,98.13,98.13,16610343.0,660174182.0,16491037955.0,0.0010072345382580257
2025-06-03,97.33,97.98,96.51,97.16,27980401.0,1095507472.0,16491037955.0,0.0016967034504651347
2025-06-04,97.33,97.53,96.51,97.46,21502090.0,841968316.0,16491037955.0,0.0013038651695953846
2025-06-05,97.56,99.14,97.33,97.48,18565420.0,732774822.0,16491037955.0,0.0011257884464677408
2025-06-06,97.51,98.4,97.04,98.08,21129491.0,833829964.0,16491037955.0,0.0012812711399765862
2025-06-09,97.98,98.5,97.36,97.98,18201492.0,719786040.0,16491037955.0,0.0011037202175913615
2025-06-10,98.23,98.57,97.73,98.35,22756495.0,901657095.0,16491037955.0,0.0013799310305450086
2025-06-11,98.2,99.04,98.1,98.47,20801594.0,827764298.0,16491037955.0,0.0012613877947987538
2025-06-12,98.6,99.04,96.69,96.79,32784031.0,1286820127.0,16491037955.0,0.0019879907553096163
2025-06-13,97.28,97.66,96.66,97.38,27729170.0,1086130600.0,16491037955.0,0.001681469054626283
2025-06-16,97.36,97.36,96.02,96.84,23671019.0,922102922.0,16491037955.0,0.0014353868485775369
2025-06-17,96.84,98.15,96.14,97.98,25043632.0,984055150.0,16491037955.0,0.0015186207240767944
2025-06-18,98.05,98.6,97.11,97.28,18377231.0,723996634.0,16491037955.0,0.0011143768542736339
2025-06-19,96.96,97.88,96.07,97.71,29121190.0,1139920920.0,16491037955.0,0.0017658797511390482
2025-06-20,97.68,98.4,97.36,97.83,20968021.0,827752037.0,16491037955.0,0.0012714797611415721
2025-06-23,97.95,99.17,97.23,98.85,21287073.0,844252964.0,16491037955.0,0.0012908267543915188
2025-06-24,98.72,99.24,98.42,98.85,24485398.0,976116520.0,16491037955.0,0.0014847699742620596
2025-06-25,98.87,99.71,98.3,99.59,21616931.0,863286347.0,16491037955.0,0.0013108290126423398
2025-06-26,99.59,99.96,98.82,99.32,24562919.0,984808365.0,16491037955.0,0.0014894707699434193
2025-06-27,99.17,99.67,98.7,99.04,24365811.0,974042899.0,16491037955.0,0.0014775183385356534
2025-06-30,99.04,100.98,98.95,100.56,29214530.0,1181464586.0,16491037955.0,0.0017715397951129147
2025-07-01,100.58,101.82,99.96,101.55,20036948.0,817942204.0,16491037955.0,0.0012150204283487747
2025-07-02,101.55,103.06,101.23,103.04,22333524.0,921491575.0,16491037955.0,0.0013542824933726254
2025-07-03,103.41,103.44,100.04,100.21,28602253.0,1164946847.0,16491037955.0,0.0017344119319868487
2025-07-04,100.21,102.15,100.21,101.82,30294093.0,1239186160.0,16491037955.0,0.0018370034125605164
2025-07-07,101.82,101.82,98.62,98.96,46156722.0,1747099980.0,16491037955.0,0.002798897323864658
2025-07-08,99.09,99.36,98.44,99.01,20188668.0,760340830.0,16491037955.0,0.0012242205769636772
2025-07-09,99.01,99.57,98.44,98.44,20920104.0,789780606.0,16491037955.0,0.0012685741223254616
2025-07-10,98.8,99.04,98.2,98.33,23544664.0,883459955.0,16491037955.0,0.0014277248081198779
2025-07-11,98.33,99.15,96.6,96.6,43379798.0,1623150189.0,16491037955.0,0.002630507437941313
2025-07-14,97.28,99.7,97.28,98.23,51491446.0,1935504599.0,16491037955.0,0.003122389636147072
2025-07-15,98.36,99.59,97.78,98.36,26227333.0,985634734.0,16491037955.0,0.0015903991653871614
2025-07-16,98.38,98.57,97.65,97.86,15148200.0,565107199.0,16491037955.0,0.0009185716533632221
2025-07-17,97.83,98.02,97.05,97.47,17218477.0,638485726.0,16491037955.0,0.001044111174019792
2025-07-18,97.75,98.65,97.73,98.17,20778801.0,777848796.0,16491037955.0,0.0012600056501416257
2025-07-21,98.46,99.33,98.1,99.15,25712961.0,968061429.0,16491037955.0,0.0015592081632559676
2025-07-22,99.15,104.97,98.65,103.63,74518614.0,2906302112.0,16491037955.0,0.004518734005909333
2025-07-23,104.16,105.47,101.61,101.9,50939959.0,1995344450.0,16491037955.0,0.003088948017644654
2025-07-24,101.93,102.85,100.64,101.9,39150400.0,1517493069.0,16491037955.0,0.0023740409855845246
2025-07-25,101.9,102.14,100.69,100.88,23430400.0,904600324.0,16491037955.0,0.0014207959537741541
2025-07-28,100.35,100.38,99.07,99.22,29503406.0,1118787530.0,16491037955.0,0.001789056945991366
2025-07-29,98.96,99.67,98.91,99.28,17872893.0,676319147.0,16491037955.0,0.001083794303837681
2025-07-30,99.78,102.11,99.43,101.06,32979667.0,1268638025.0,16491037955.0,0.0019998539261138946
2025-07-31,100.48,100.54,98.7,100.17,35149739.0,1332065432.0,16491037955.0,0.002131444915469543
2025-08-01,100.2,100.85,98.54,98.59,24439794.0,923649291.0,16491037955.0,0.0014820045934458587
2025-08-18,108.46,108.46,102.4,102.98,126535324.0,5028382365.0,16491037955.0,0.007672975124142209
2025-08-19,102.77,102.98,100.43,100.46,69450935.0,2674812524.0,16491037955.0,0.004211435034563293
2025-08-20,100.22,101.43,99.8,101.4,42103498.0,1612549400.0,16491037955.0,0.0025531138861538084
2025-08-21,101.32,101.32,100.38,100.9,31827749.0,1222728964.0,16491037955.0,0.0019300027740430969
2025-08-22,100.9,101.06,100.14,101.06,34603245.0,1326898953.0,16491037955.0,0.0020983060674788193
2025-08-25,101.25,102.87,101.25,102.64,41922544.0,1630045374.0,16491037955.0,0.0025421410171025225
2025-08-26,102.72,102.87,101.88,101.93,27536173.0,1071753634.0,16491037955.0,0.0016697659101349148
2025-08-27,101.77,101.77,100.3,100.35,31391733.0,1207236969.0,16491037955.0,0.001903563201155703
2025-08-28,100.04,100.17,98.78,99.49,30321880.0,1149969932.0,16491037955.0,0.0018386883883683353
2025-08-29,99.49,100.54,98.33,98.36,51055468.0,1930260088.0,16491037955.0,0.0030959523675415613
2025-09-01,98.7,100.75,98.36,99.49,46962473.0,1785289938.0,16491037955.0,0.0028477572562836295
2025-09-02,99.49,100.67,98.86,100.17,42572666.0,1617629553.0,16491037955.0,0.0025815637630675747
2025-09-03,100.2,100.41,98.73,99.17,28124216.0,1062806332.0,16491037955.0,0.0017054242478092702
2025-09-04,98.91,100.75,97.75,100.2,47747580.0,1803494868.0,16491037955.0,0.002895365357249886
2025-09-05,99.75,100.38,99.2,100.17,25457068.0,968508527.0,16491037955.0,0.0015436910684134071
2025-09-08,100.17,100.54,99.43,99.88,31208503.0,1189085247.0,16491037955.0,0.0018924523177473943
2025-09-09,100.14,100.46,99.57,100.12,22152992.0,844183914.0,16491037955.0,0.0013433352139780458
2025-09-10,100.01,101.19,99.59,100.2,29549166.0,1130331406.0,16491037955.0,0.0017918317864910886
2025-09-11,100.27,100.59,99.83,100.48,28099182.0,1071827036.0,16491037955.0,0.0017039062111600118
2025-09-12,100.59,100.85,98.83,99.12,44731893.0,1699838451.0,16491037955.0,0.0027124971225014685
2025-09-15,99.09,100.38,98.91,100.25,33699567.0,1282257747.0,16491037955.0,0.0020435079400070427
2025-09-16,100.54,101.8,100.54,100.83,42723298.0,1647981051.0,16491037955.0,0.0025906979364538124
2025-09-17,100.62,102.72,100.54,102.32,45927949.0,1784030068.0,16491037955.0,0.002785024758618961
2025-09-18,102.24,102.3,100.06,100.48,34589290.0,1329974267.0,16491037955.0,0.002097459850276598
2025-09-19,100.46,101.98,100.04,101.32,35024415.0,1351081931.0,16491037955.0,0.0021238453938177233
2025-09-22,101.67,102.32,100.54,101.09,27109297.0,1046656896.0,16491037955.0,0.0016438805776795024
2025-09-23,100.69,102.27,100.2,102.01,33017401.0,1278886215.0,16491037955.0,0.002002142078024221
2025-09-24,101.67,102.79,101.46,102.24,28500609.0,1107910688.0,16491037955.0,0.0017282483417824382
2025-09-25,102.19,102.19,100.93,101.64,19818486.0,765400736.0,16491037955.0,0.0012017731118004694
2025-09-26,101.85,102.14,101.11,101.74,21539186.0,834648041.0,16491037955.0,0.001306114633825667
2025-09-29,101.27,101.72,99.75,100.67,32027805.0,1226530388.0,16491037955.0,0.0019421339692138257
2025-09-30,100.62,101.32,99.83,101.06,23886334.0,915672364.0,16491037955.0,0.0014484433342024892
2025-10-09,100.48,103.58,100.46,103.53,43382921.0,1688660954.0,16491037955.0,0.0026306968135287397
2025-10-10,103.5,105.1,102.37,104.4,39260957.0,1560433513.0,16491037955.0,0.002380745051168612
2025-10-13,103.58,105.52,102.69,104.87,44111732.0,1750804534.0,16491037955.0,0.002674891181523571
2025-10-14,104.74,107.31,104.16,106.71,47524637.0,1923644186.0,16491037955.0,0.002881846317356317
2025-10-15,106.68,107.94,105.89,107.26,37953731.0,1544796029.0,16491037955.0,0.002301476177761911
2025-10-16,106.97,110.54,106.57,110.28,48524335.0,2024896057.0,16491037955.0,0.002942467001313745
2025-10-17,110.17,111.98,109.33,109.99,45477045.0,1916397491.0,16491037955.0,0.0027576823923452063
2025-10-20,109.7,111.43,109.15,110.85,37973394.0,1597037338.0,16491037955.0,0.002302668522358634
2025-10-21,110.85,110.85,107.76,109.72,45736306.0,1898394137.0,16491037955.0,0.002773403719329442
2025-10-22,109.72,110.75,109.28,110.62,27413031.0,1149319234.0,16491037955.0,0.0016622987027744064
2025-10-23,110.2,111.82,110.2,110.83,25763279.0,1089610665.0,16491037955.0,0.001562259396303718
2025-10-24,111.01,112.09,110.28,111.56,27432283.0,1163307461.0,16491037955.0,0.0016634661247433894
2025-10-27,110.25,112.66,107.97,112.06,34529883.0,1461782123.0,16491037955.0,0.00209385746938571
2025-10-28,112.06,113.06,111.3,111.8,21464184.0,917128079.0,16491037955.0,0.0013015665877775854
2025-10-29,111.51,111.56,110.12,110.62,21904041.0,922805591.0,16491037955.0,0.0013282390750522046
2025-10-30,111.06,115.0,110.77,112.98,38578085.0,1661979795.0,16491037955.0,0.002339336378053955
2025-10-31,113.53,114.08,110.93,111.59,22777308.0,968315697.0,16491037955.0,0.0013811931099882062
2025-11-03,112.35,115.37,111.98,113.98,27729157.0,1203000005.0,16491037955.0,0.0016814682663193227
2025-11-04,114.19,115.37,113.74,114.24,22824364.0,995835142.0,16491037955.0,0.0013840465386279561
2025-11-05,113.92,115.68,113.87,114.4,24574559.0,1074978949.0,16491037955.0,0.0014901766078677368
2025-11-06,114.4,116.52,113.87,115.47,28412845.0,1248884303.0,16491037955.0,0.0017229264208554786
2025-11-07,115.39,115.81,114.08,114.79,23188978.0,1014468128.0,16491037955.0,0.0014061563658562327
2025-11-10,115.19,116.78,114.15,115.86,22156337.0,955100795.0,16491037955.0,0.0013435380514227916
2025-11-11,115.81,116.03,113.74,114.92,20993749.0,897101265.0,16491037955.0,0.001273039881254703
2025-11-12,114.82,116.13,114.39,114.39,19841174.0,850914145.0,16491037955.0,0.0012031488893629195
2025-11-13,114.63,115.06,112.83,114.44,21778201.0,923181799.0,16491037955.0,0.0013206082636779669
2025-11-14,114.82,115.62,112.91,113.02,16836712.0,714090566.0,16491037955.0,0.001020961327355092
2025-11-17,112.94,114.76,111.49,113.85,23133692.0,977566052.0,16491037955.0,0.0014028038782717119
2025-11-18,113.42,114.33,112.37,112.53,17641789.0,741974355.0,16491037955.0,0.00106978038909013
2025-11-19,112.37,114.82,111.86,114.17,17667643.0,747910896.0,16491037955.0,0.0010713481497168745
2025-11-20,113.61,114.95,112.53,112.78,14072990.0,596299022.0,16491037955.0,0.0008533719974692764
2025-11-21,114.12,114.25,111.68,112.96,27943464.0,1172720173.0,16491037955.0,0.001694463627835365
2025-11-24,113.53,113.69,110.41,110.63,29288946.0,1214264561.0,16491037955.0,0.0017760523067087927
2025-11-25,111.43,111.57,109.96,110.63,21454000.0,883206236.0,16491037955.0,0.0013009490402328045
2025-11-26,110.66,111.41,110.06,110.09,16604862.0,683326469.0,16491037955.0,0.0010069021759158275
2025-11-27,110.12,111.3,109.53,111.3,14056150.0,579667183.0,16491037955.0,0.0008523508367608994
2025-11-28,110.84,111.14,110.36,110.47,14193374.0,584888907.0,16491037955.0,0.0008606719624762395
2025-12-01,110.47,111.08,109.82,111.0,17565207.0,722749161.0,16491037955.0,0.0010651365334268918
2025-12-02,111.17,112.11,110.2,111.7,19433672.0,806183848.0,16491037955.0,0.001178438376834116
2025-12-03,111.38,112.56,110.9,111.81,16748056.0,697925221.0,16491037955.0,0.0010155853164428668
2025-12-04,111.7,113.37,111.46,112.11,16704309.0,698801376.0,16491037955.0,0.001012932542243973
2025-12-05,111.7,112.11,110.92,111.51,13909697.0,577648201.0,16491037955.0,0.0008434700737428507
2025-12-08,111.41,111.41,108.96,109.82,23739750.0,970491432.0,16491037955.0,0.0014395546274758421
2025-12-09,110.09,110.44,108.48,108.7,16238526.0,660775764.0,16491037955.0,0.00098468792833483
2025-12-10,108.67,108.67,107.46,107.89,16846060.0,677856777.0,16491037955.0,0.0010215281806984357
2025-12-11,108.67,109.21,107.51,108.24,17334377.0,698017620.0,16491037955.0,0.0010511392337645008
2025-12-12,107.86,108.18,106.95,107.41,26275821.0,1050510159.0,16491037955.0,0.0015933394290705216
2025-12-15,107.41,108.1,107.11,107.16,17097856.0,685317800.0,16491037955.0,0.0010367968375705554
2025-12-16,107.14,107.97,106.12,107.86,23011273.0,918514585.0,16491037955.0,0.001395380512905987
2025-12-17,107.84,108.08,107.25,107.41,20312905.0,814797178.0,16491037955.0,0.001231754184025829
2025-12-18,107.94,109.9,107.41,109.63,20351584.0,823223056.0,16491037955.0,0.0012340996397882586
2025-12-19,109.23,109.72,108.56,108.99,16198407.0,658830999.0,16491037955.0,0.0009822551524168146
2025-12-22,110.57,110.76,107.49,109.77,40200622.0,1633824893.0,16491037955.0,0.002437725394223071
2025-12-23,109.74,111.33,109.66,110.49,22868985.0,941327811.0,16491037955.0,0.0013867523113101706
2025-12-24,110.36,110.44,107.73,108.08,25981761.0,1048567867.0,16491037955.0,0.0015755079256319618
2025-12-25,108.08,108.35,107.43,107.76,13208802.0,530881888.0,16491037955.0,0.000800968503986443
2025-12-26,107.54,108.08,107.43,107.59,16596912.0,665622386.0,16491037955.0,0.0010064200958901984
2025-12-29,107.59,109.15,107.43,107.94,24073766.0,970416650.0,16491037955.0,0.0014598090226759168
2025-12-30,107.97,108.72,107.41,108.61,23746836.0,954601159.0,16491037955.0,0.00143998431540812
2025-12-31,108.35,108.88,107.84,108.75,19453115.0,786126821.0,16491037955.0,0.0011796173808515135
2026-01-05,108.78,109.42,108.0,108.1,28383600.0,1146805091.0,16491037955.0,0.001721153033390129
2026-01-06,108.21,110.15,107.59,109.5,36700809.0,1489725093.0,16491037955.0,0.002225500244444741
2026-01-07,110.09,110.95,108.05,110.79,41432171.0,1692823040.0,16491037955.0,0.00251240529025876
2026-01-08,110.79,111.86,110.52,111.3,34492552.0,1427477420.0,16491037955.0,0.0020915937549911483
2026-01-09,111.17,114.25,110.68,113.98,36814026.0,1551084763.0,16491037955.0,0.0022323656097606743
2026-01-12,113.98,114.25,111.92,112.4,26094999.0,1092988458.0,16491037955.0,0.001582374564366831
2026-01-13,112.62,113.66,111.97,112.51,22288873.0,934755539.0,16491037955.0,0.001351574901520503
2026-01-14,112.78,112.78,111.11,112.08,27342320.0,1138991018.0,16491037955.0,0.0016580108586621708
2026-01-15,111.7,113.05,111.38,111.6,23255920.0,971142926.0,16491037955.0,0.001410215661589022
2026-01-16,111.65,112.78,109.18,110.09,30387097.0,1253506703.0,16491037955.0,0.0018426430818314129
2026-01-19,109.18,110.9,108.78,109.29,22774227.0,929317176.0,16491037955.0,0.001381006281238651
2026-01-20,109.37,110.06,108.78,109.69,19819930.0,807982884.0,16491037955.0,0.001201860674512043
2026-01-21,110.04,110.04,107.41,107.62,32067722.0,1291860035.0,16491037955.0,0.0019445544960544601
2026-01-22,107.67,109.69,107.41,109.15,31714973.0,1284549553.0,16491037955.0,0.0019231641505248116
2026-01-23,109.53,109.55,107.03,107.41,33743193.0,1355934686.0,16491037955.0,0.002046153376887307
2026-01-26,107.41,113.31,106.87,111.84,68574610.0,2827767154.0,16491037955.0,0.0041582955655746654
2026-01-27,111.86,113.23,108.78,109.15,37479207.0,1546852544.0,16491037955.0,0.0022727015183805635
2026-01-28,109.55,112.35,108.37,110.57,65193036.0,2685518770.0,16491037955.0,0.003953240310154874
2026-01-29,110.9,111.81,108.8,111.11,44464359.0,1824120724.0,16491037955.0,0.0026962741290955934
2026-01-30,111.08,114.01,110.57,112.59,44267066.0,1855716327.0,16491037955.0,0.0026843104794733947
2026-02-02,111.84,111.84,107.46,107.97,43835204.0,1778786373.0,16491037955.0,0.0026581228009792666
2026-02-03,108.08,108.7,106.12,106.33,38860258.0,1547002879.0,16491037955.0,0.0023564470657359542
2026-02-04,106.47,114.39,106.47,113.9,88248310.0,3670432663.0,16491037955.0,0.005351288999564976
2026-02-05,112.51,113.72,110.57,112.4,36101377.0,1504631974.0,16491037955.0,0.0021891512892342987
2026-02-06,111.25,113.29,110.23,111.89,25180416.0,1049011762.0,16491037955.0,0.0015269151686334835
2026-02-09,112.43,113.96,111.65,113.34,24141492.0,1015416640.0,16491037955.0,0.0014639158593823028
2026-02-10,113.34,114.39,112.83,114.07,21325203.0,903818687.0,16491037955.0,0.0012931389193446313
2026-02-11,114.58,115.41,113.13,115.09,19087988.0,814420690.0,16491037955.0,0.0011574764458178097
2026-02-12,115.06,115.65,113.85,114.28,22467106.0,958721212.0,16491037955.0,0.00136238277186113
2026-02-13,114.28,114.33,110.39,111.3,31472002.0,1308791174.0,16491037955.0,0.0019084306328006387
2026-02-24,112.05,114.63,112.05,114.17,25499964.0,1078831282.0,16491037955.0,0.0015462922388259097
2026-02-25,114.2,114.92,112.91,113.26,22881117.0,969751969.0,16491037955.0,0.00138748798362098
2026-02-26,113.26,114.84,112.08,112.32,17143447.0,719853245.0,16491037955.0,0.0010395614300797963
2026-02-27,112.51,113.98,111.92,113.47,20799222.0,875782924.0,16491037955.0,0.0012612439590980252
2026-03-02,115.7,120.51,114.01,120.11,80140749.0,3526126427.0,16491037955.0,0.004859654632939689
2026-03-03,120.03,125.16,118.01,123.01,85249667.0,3875729982.0,16491037955.0,0.00516945429588031
2026-03-04,120.83,124.35,117.23,123.81,70864863.0,3200538655.0,16491037955.0,0.0042971742102209
2026-03-05,122.58,124.32,119.76,123.19,51223726.0,2329526050.0,16491037955.0,0.003106155363887767
2026-03-06,122.44,124.05,120.83,123.06,31082645.0,1414597326.0,16491037955.0,0.0018848204148712118
2026-03-09,127.54,133.16,127.54,128.75,88347277.0,4277040392.0,16491037955.0,0.005357290259174593
2026-03-10,123.49,126.71,123.25,124.0,47132080.0,2188340169.0,16491037955.0,0.0028580420546367
2026-03-11,122.98,129.05,122.2,128.43,43429537.0,2035915601.0,16491037955.0,0.002633523561009838
2026-03-12,129.56,133.72,128.08,132.27,56922537.0,2793239803.0,16491037955.0,0.0034517255466470728
2026-03-13,132.67,133.4,130.04,131.36,39552105.0,1936566598.0,16491037955.0,0.0023983999738480984
2026-03-16,131.87,132.46,128.62,130.2,31934402.0,1550701219.0,16491037955.0,0.0019364701049831524
2026-03-17,128.91,130.63,126.77,128.19,37514190.0,1796396429.0,16491037955.0,0.002274822852410323
2026-03-18,128.19,129.69,125.45,127.49,32113851.0,1521533086.0,16491037955.0,0.0019473517123440517
2026-03-19,128.89,133.99,127.95,132.83,55845221.0,2738215723.0,16491037955.0,0.003386398185025583
2026-03-20,130.53,133.67,129.72,133.05,43742251.0,2158837828.0,16491037955.0,0.002652486224297214
2026-03-23,134.88,135.28,131.04,132.92,73594838.0,3636387635.0,16491037955.0,0.004462717155877166
2026-03-24,130.58,132.35,128.62,130.18,46562759.0,2258622794.0,16491037955.0,0.002823519000262952
2026-03-25,127.49,127.54,125.13,126.87,57911108.0,2720978910.0,16491037955.0,0.0035116715004856105
2026-03-26,126.55,128.83,126.34,128.06,35922579.0,1707565397.0,16491037955.0,0.0021783091578604034
2026-03-27,127.71,128.97,126.69,127.54,22546507.0,1070946748.0,16491037955.0,0.0013671975688567264
2026-03-30,128.59,130.04,127.87,128.4,28126523.0,1349754444.0,16491037955.0,0.001705564141975198
2026-03-31,128.16,129.4,125.13,125.53,39112101.0,1841926250.0,16491037955.0,0.00237171857264093
2026-04-01,124.4,127.49,123.17,125.18,33588680.0,1573648802.0,16491037955.0,0.0020367838635539665
2026-04-02,125.34,128.62,125.34,128.06,32237381.0,1531233784.0,16491037955.0,0.0019548424476353706
2026-04-03,128.08,128.57,126.28,127.76,21324148.0,1011746763.0,16491037955.0,0.0012930749452028656
2026-04-07,127.76,130.47,126.79,130.02,26435959.0,1270791768.0,16491037955.0,0.0016030500367616187
2026-04-08,127.41,127.52,123.87,125.56,50272881.0,2344271022.0,16491037955.0,0.0030484970768475802
2026-04-09,125.67,127.01,125.07,125.64,22241764.0,1041816417.0,16491037955.0,0.0013487182590139154
2026-04-10,124.86,125.21,123.79,124.54,25677391.0,1189465739.0,16491037955.0,0.0015570512341350074
2026-04-13,125.4,125.4,123.73,124.38,23287020.0,1078984871.0,16491037955.0,0.0014121015343936851
2026-04-14,123.81,124.11,121.96,122.6,30157733.0,1377030649.0,16491037955.0,0.0018287346789385278
2026-04-15,121.4,123.54,120.83,123.06,28206227.0,1285404418.0,16491037955.0,0.0017103973125868657
2026-04-16,123.03,123.71,121.77,122.26,27514442.0,1255710141.0,16491037955.0,0.0016684481640925311
2026-04-17,122.31,122.68,121.72,122.31,21478305.0,977826943.0,16491037955.0,0.0013024228710532975
2026-04-20,122.44,122.82,121.26,121.45,22446511.0,1017550185.0,16491037955.0,0.001361133911719264
2026-04-21,121.45,123.95,121.42,123.46,28987052.0,1328319917.0,16491037955.0,0.001757745757368248
2026-04-22,123.46,125.67,122.98,123.17,35667641.0,1648892634.0,16491037955.0,0.0021628499732599155
2026-04-23,123.19,126.87,122.04,126.15,41995162.0,1949774231.0,16491037955.0,0.002546544499781912
2026-04-24,126.18,127.68,125.29,126.71,34547544.0,1628417118.0,16491037955.0,0.0020949284147105704
2026-04-27,124.86,126.66,124.38,125.61,26600507.0,1243023158.0,16491037955.0,0.001613028062429197
2026-04-28,125.56,129.69,125.05,129.29,40883952.0,1951324557.0,16491037955.0,0.002479161839998324
2026-04-29,129.32,130.77,128.27,128.83,33864569.0,1629280280.0,16491037955.0,0.002053513495779229
2026-04-30,129.16,129.37,127.6,128.89,30525140.0,1461037435.0,16491037955.0,0.0018510138708852423
2026-05-06,127.81,128.86,125.32,128.16,30823063.0,1459057428.0,16491037955.0,0.00186907962276896
2026-05-07,127.54,127.54,122.17,122.42,49708037.0,2290349366.0,16491037955.0,0.0030142455032631087
2026-05-08,122.26,123.22,121.18,121.32,28519685.0,1295063112.0,16491037955.0,0.0017294050912879607
2026-05-11,121.32,121.85,120.16,121.29,30877003.0,1391774361.0,16491037955.0,0.001872350490263607
2026-05-12,121.29,121.85,120.67,121.37,24251826.0,1094629072.0,16491037955.0,0.0014706064024700741
2026-05-13,121.5,121.85,119.89,120.3,24597489.0,1105754476.0,16491037955.0,0.001491567060067445
2026-05-14,120.32,121.91,119.57,121.29,34391684.0,1546630900.0,16491037955.0,0.002085477220648359
2026-05-15,121.26,123.25,120.21,122.71,40667262.0,1852794589.0,16491037955.0,0.002466021975752587
2026-05-18,123.38,124.0,121.53,123.11,36830715.0,1685733903.0,16491037955.0,0.0022333776139805144
2026-05-19,123.11,125.13,122.36,123.71,35907934.0,1659080856.0,16491037955.0,0.0021774210997502976
2026-05-20,123.92,126.12,123.52,123.52,30495747.0,1415152633.0,16491037955.0,0.0018492315088483465
2026-05-21,122.95,122.95,120.83,121.53,25264429.0,1146025381.0,16491037955.0,0.0015320096326829416
2026-05-22,121.53,122.15,120.03,120.78,27467336.0,1241232482.0,16491037955.0,0.0016655917035029346
2026-05-25,122.12,126.15,120.08,120.24,54312396.0,2479043573.0,16491037955.0,0.003293449214549455
2026-05-26,120.16,121.1,119.09,120.3,36456250.0,1633322966.0,16491037955.0,0.002210670431993436
2026-05-27,120.43,124.13,118.79,123.79,39744558.0,1793789067.0,16491037955.0,0.002410070130725134
2026-05-28,122.98,125.85,122.44,123.92,32510879.0,1504252820.0,16491037955.0,0.001971427092018963
2026-05-29,123.54,128.59,123.25,125.99,58449540.0,2756695552.0,16491037955.0,0.003544321476883048
2026-06-01,126.2,131.6,126.2,131.57,57675114.0,2792070611.0,16491037955.0,0.0034973610610430496
2026-06-02,130.77,134.69,128.08,129.53,56686338.0,2761140882.0,16491037955.0,0.0034374026762101404
2026-06-03,128.3,132.06,127.97,131.17,41275198.0,2000074202.0,16491037955.0,0.0025028866049929604
2026-06-04,130.39,133.72,130.26,131.63,37968679.0,1869936940.0,16491037955.0,0.002302382609488088
2026-06-05,130.9,133.72,130.28,130.28,35822715.0,1756851081.0,16491037955.0,0.0021722535050705365
2026-06-08,130.42,137.43,129.77,136.3,55263622.0,2768353530.0,16491037955.0,0.0033511306050474734
2026-06-09,132.92,135.06,130.39,131.52,38314575.0,1877224421.0,16491037955.0,0.0023233573959717444
2026-06-10,130.9,131.04,127.3,127.57,34091874.0,1634715383.0,16491037955.0,0.002067297042977426
2026-06-11,128.62,129.77,126.31,126.98,28118338.0,1334071961.0,16491037955.0,0.0017050678117852892
2026-06-12,126.18,126.2,122.98,123.89,94683678.0,4365216882.0,16491037955.0,0.005741523259989368
2026-06-15,122.44,122.44,115.76,116.51,89819276.0,3939195456.0,16491037955.0,0.005446550802023183
2026-06-16,115.84,116.0,113.1,114.17,65687103.0,2793995516.0,16491037955.0,0.003983200037453312
2026-06-17,114.52,114.68,111.68,112.4,50354468.0,2110744320.0,16491037955.0,0.0030534444306904757
2026-06-18,112.45,114.25,110.79,110.79,54411558.0,2268592516.0,16491037955.0,0.003299462298763474
2026-06-22,110.63,112.19,109.55,111.46,71558853.0,2949085393.0,16491037955.0,0.004339257067703474
2026-06-23,111.43,112.45,109.15,109.18,54123267.0,2229180878.0,16491037955.0,0.0032819806216982297
2026-06-24,109.29,109.72,107.14,107.54,38744297.0,1557886203.0,16491037955.0,0.0023494153070124325
2026-06-25,106.87,108.4,105.26,105.8,47901811.0,1898938854.0,16491037955.0,0.002904717770386091
2026-06-26,105.88,106.73,104.35,106.25,43510069.0,1711902857.0,16491037955.0,0.0026384069407109677
2026-06-29,106.31,108.21,104.32,107.35,41868426.0,1663295959.0,16491037955.0,0.002538859355866421
2026-06-30,107.33,107.59,104.0,104.83,40693593.0,1589851329.0,16491037955.0,0.002467618661180869
2026-07-01,104.64,107.41,104.0,106.01,39839895.0,1566613516.0,16491037955.0,0.002415851270775879
2026-07-02,106.87,110.25,106.71,109.47,62708460.0,2542417846.0,16491037955.0,0.003802578113707337
2026-07-03,109.47,111.43,108.59,109.29,35957741.0,1467678943.0,16491037955.0,0.0021804413462706146
2026-07-06,108.72,112.86,107.94,112.53,50218274.0,2081839003.0,16491037955.0,0.003045185763141978
2026-07-07,112.24,113.58,110.36,112.13,36861300.0,1531953203.0,16491037955.0,0.002235232257701756
2026-07-08,112.13,114.66,111.6,113.56,36989553.0,1562082206.0,16491037955.0,0.0022430093909755968
2026-07-09,112.78,114.36,111.62,113.13,32588110.0,1373640031.0,16491037955.0,0.0019761103023912116
2026-07-10,112.48,113.21,111.3,112.88,30245890.0,1265554003.0,16491037955.0,0.0018340804309912827
2026-07-13,113.41,117.76,112.09,117.4,47572926.0,2001428305.0,16491037955.0,0.0028847745138792873
