date,开盘,最高,最低,收盘,成交量,成交额,流通股本,换手率
2007-03-01,50.0,50.97,45.8,46.79,197763351.0,9500302911.0,575000000.0,0.34393626260869564
2007-03-02,47.0,47.44,45.88,46.41,42504832.0,1981445189.0,575000000.0,0.07392144695652174
2007-03-05,45.98,46.17,43.53,44.38,41919674.0,1880502808.0,575000000.0,0.07290378086956521
2007-03-06,44.0,46.0,43.75,45.25,29772788.0,1337719318.0,575000000.0,0.05177876173913044
2007-03-07,45.29,46.9,44.91,46.48,28746378.0,1317764044.0,575000000.0,0.04999370086956522
2007-03-08,46.1,46.33,45.68,45.92,13098383.0,601904452.0,575000000.0,0.02277979652173913
2007-03-09,45.9,46.1,44.7,45.53,16088779.0,729237345.0,575000000.0,0.027980485217391306
2007-03-12,45.3,45.3,44.5,44.71,14535306.0,651218161.0,575000000.0,0.02527879304347826
2007-03-13,44.81,45.26,44.62,44.89,10231968.0,459295478.0,575000000.0,0.01779472695652174
2007-03-14,44.3,45.1,43.79,44.94,17330656.0,767078398.0,575000000.0,0.030140271304347824
2007-03-15,45.52,46.49,44.8,44.96,15252190.0,693085265.0,575000000.0,0.026525547826086956
2007-03-16,44.99,45.95,44.4,45.21,22754724.0,1025880313.0,575000000.0,0.03957343304347826
2007-03-20,46.8,46.92,45.5,45.78,22202687.0,1022520826.0,575000000.0,0.03861336869565218
2007-03-21,45.8,46.0,44.9,45.1,13672832.0,618375507.0,575000000.0,0.023778838260869566
2007-03-22,45.45,45.92,45.23,45.36,16750984.0,762792451.0,575000000.0,0.029132146086956523
2007-03-23,45.34,45.53,44.71,45.16,13981014.0,631651813.0,575000000.0,0.024314806956521738
2007-03-26,45.2,46.2,45.18,45.94,22326679.0,1024315888.0,575000000.0,0.038829006956521736
2007-03-27,45.79,46.36,45.63,45.91,13933819.0,640740822.0,575000000.0,0.024232728695652173
2007-03-28,45.9,46.9,45.58,46.58,25826369.0,1197347468.0,575000000.0,0.04491542434782609
2007-03-29,46.81,48.79,46.48,47.4,46198618.0,2209005944.0,575000000.0,0.08034542260869565
2007-03-30,46.96,47.87,46.72,47.05,14461720.0,683029951.0,575000000.0,0.02515081739130435
2007-04-02,47.05,48.7,47.05,48.39,23144503.0,1118052954.0,575000000.0,0.04025130956521739
2007-04-03,48.42,48.76,47.9,48.21,13271204.0,640969005.0,575000000.0,0.023080354782608694
2007-04-04,48.22,48.5,47.55,47.79,12245469.0,586499998.0,575000000.0,0.021296467826086955
2007-04-05,47.8,48.0,47.2,47.92,12286538.0,584881789.0,575000000.0,0.021367892173913043
2007-04-06,47.68,48.95,47.5,48.01,19520852.0,944575927.0,575000000.0,0.033949307826086954
2007-04-09,48.09,51.89,47.7,51.61,46277021.0,2312736816.0,575000000.0,0.08048177565217392
2007-04-10,51.0,53.68,51.0,52.82,40782390.0,2154172426.0,575000000.0,0.07092589565217391
2007-04-11,52.88,55.18,52.6,53.54,24344650.0,1313817488.0,575000000.0,0.042338521739130434
2007-04-12,53.98,58.0,52.95,53.44,15927043.0,855188897.0,575000000.0,0.027699205217391304
2007-04-13,54.1,56.44,54.0,55.03,26668945.0,1469293102.0,575000000.0,0.04638077391304348
2007-04-16,55.66,56.55,55.66,56.42,14697227.0,824203125.0,575000000.0,0.025560394782608697
2007-04-17,56.45,57.02,53.6,55.15,19724388.0,1091710060.0,575000000.0,0.03430328347826087
2007-04-18,54.98,55.09,53.4,53.91,13032235.0,706209984.0,575000000.0,0.02266475652173913
2007-04-19,53.5,54.3,50.21,51.98,20558670.0,1080238617.0,575000000.0,0.03575420869565218
2007-04-20,52.66,56.4,52.37,55.34,18569028.0,1010523120.0,575000000.0,0.03229396173913043
2007-04-23,55.37,57.57,54.88,56.98,14693459.0,835307845.0,575000000.0,0.025553841739130435
2007-04-24,57.99,58.01,55.75,55.82,16047287.0,907541031.0,575000000.0,0.027908325217391304
2007-04-25,55.12,57.7,54.91,56.71,14593847.0,823204105.0,575000000.0,0.02538060347826087
2007-04-26,56.58,58.68,56.58,58.51,18496132.0,1073286548.0,575000000.0,0.03216718608695652
2007-04-27,58.55,64.36,58.3,63.6,38983864.0,2404772081.0,575000000.0,0.06779802434782609
2007-04-30,63.2,67.83,62.38,65.85,20419044.0,1323232053.0,575000000.0,0.03551138086956522
2007-05-08,67.8,67.98,65.0,65.72,13232558.0,870776142.0,575000000.0,0.023013144347826087
2007-05-09,64.5,66.8,63.0,65.72,11181270.0,727121809.0,575000000.0,0.01944568695652174
2007-05-10,65.76,66.0,64.3,64.48,8584459.0,557976168.0,575000000.0,0.014929493913043478
2007-05-11,63.5,63.9,61.15,62.81,16059298.0,1003287173.0,575000000.0,0.02792921391304348
2007-05-14,61.8,66.69,60.0,64.01,17174388.0,1104697676.0,575000000.0,0.029868500869565218
2007-05-15,64.4,64.49,61.45,61.53,11153398.0,698693032.0,575000000.0,0.019397213913043478
2007-05-16,61.5,62.98,60.7,62.33,9884150.0,610776702.0,575000000.0,0.01718982608695652
2007-05-17,62.33,63.78,62.0,62.85,8432798.0,528182974.0,575000000.0,0.014665735652173913
2007-05-18,62.49,62.84,61.01,62.2,11177295.0,695617734.0,575000000.0,0.019438773913043477
2007-05-21,60.91,64.59,60.8,63.46,16888872.0,1073946037.0,575000000.0,0.029371951304347825
2007-05-22,63.5,65.64,63.46,64.0,12437670.0,802527503.0,575000000.0,0.02163073043478261
2007-05-23,64.13,65.0,63.6,64.21,7632081.0,492199733.0,575000000.0,0.013273184347826088
2007-05-24,64.0,65.0,61.4,62.42,11420175.0,719624114.0,575000000.0,0.019861173913043477
2007-05-25,61.98,63.16,61.61,61.92,8575450.0,534340450.0,575000000.0,0.014913826086956522
2007-05-28,62.08,64.6,62.01,64.48,15834501.0,1008706502.0,575000000.0,0.027538262608695654
2007-05-29,64.5,65.5,64.2,64.98,9701795.0,629290052.0,575000000.0,0.016872686956521738
2007-05-30,61.3,64.38,58.51,58.97,20331650.0,1247435798.0,575000000.0,0.03535939130434783
2007-05-31,60.0,62.5,58.55,60.94,14241313.0,861871371.0,575000000.0,0.024767500869565216
2007-06-01,60.09,62.5,59.58,60.55,38448659.0,2343594693.0,805000000.0,0.04776230931677019
2007-06-04,60.55,61.02,55.8,57.01,21969818.0,1281793905.0,805000000.0,0.027291699378881987
2007-06-05,56.6,58.6,53.88,56.99,20158374.0,1130197677.0,805000000.0,0.025041458385093168
2007-06-06,57.25,59.08,56.51,57.7,14422252.0,834640152.0,805000000.0,0.01791584099378882
2007-06-08,59.51,60.15,57.73,59.18,16792394.0,988128111.0,805000000.0,0.020860116770186336
2007-06-11,59.02,62.97,59.02,62.53,18339017.0,1135021972.0,805000000.0,0.022781387577639752
2007-06-12,62.8,65.28,62.68,64.4,19390832.0,1246109089.0,805000000.0,0.024087990062111802
2007-06-13,64.5,65.58,62.97,63.67,15136874.0,971187229.0,805000000.0,0.018803570186335404
2007-06-14,64.3,66.1,63.6,64.43,11515221.0,747474620.0,805000000.0,0.014304622360248447
2007-06-15,64.4,65.87,64.06,65.38,9382519.0,611347511.0,805000000.0,0.011655303105590062
2007-06-18,66.75,71.92,66.52,71.92,20530173.0,1426978778.0,805000000.0,0.02550332049689441
2007-06-19,72.0,73.8,70.5,71.17,14418695.0,1040830370.0,805000000.0,0.01791142236024845
2007-06-20,71.0,73.9,70.58,70.66,13455449.0,972066733.0,805000000.0,0.01671484347826087
2007-06-21,70.5,77.49,70.5,73.91,19822855.0,1473952551.0,805000000.0,0.024624664596273292
2007-06-22,74.0,76.77,73.22,75.01,14062857.0,1042675284.0,805000000.0,0.01746938757763975
2007-06-25,75.73,77.78,72.99,74.48,18673579.0,1408262705.0,805000000.0,0.02319699254658385
2007-06-26,73.02,74.4,71.81,73.41,16657610.0,1211248877.0,805000000.0,0.020692683229813665
2007-06-27,73.44,77.43,73.44,76.41,10895447.0,824020168.0,805000000.0,0.013534716770186335
2007-06-28,76.56,76.72,73.24,73.32,8816445.0,657443825.0,805000000.0,0.010952105590062112
2007-06-29,71.71,73.22,71.41,71.72,9393647.0,675697696.0,805000000.0,0.011669126708074535
2007-07-02,71.21,71.81,68.6,69.89,7023672.0,491042222.0,805000000.0,0.008725058385093168
2007-07-03,70.02,72.77,70.02,72.09,4592913.0,328909773.0,805000000.0,0.0057054819875776396
2007-07-04,71.81,72.72,70.21,70.51,4502426.0,323343838.0,805000000.0,0.005593075776397515
2007-07-05,70.21,73.22,69.53,70.34,6611870.0,469580503.0,805000000.0,0.008213503105590061
2007-07-06,70.23,73.07,70.06,73.04,6605293.0,472405667.0,805000000.0,0.008205332919254658
2007-07-09,73.7,76.21,73.1,75.57,5681463.0,425030824.0,805000000.0,0.00705771801242236
2007-07-10,76.21,78.43,75.63,77.55,8685304.0,670485894.0,805000000.0,0.01078919751552795
2007-07-11,77.4,77.4,75.63,77.16,3366564.0,257358473.0,805000000.0,0.004182067080745341
2007-07-12,77.29,81.58,76.31,80.14,6741416.0,537985466.0,805000000.0,0.008374429813664597
2007-07-13,80.64,81.92,78.73,79.76,4406691.0,354681949.0,805000000.0,0.005474150310559006
2007-07-16,80.05,84.92,80.05,82.44,9833913.0,813658370.0,805000000.0,0.01221604099378882
2007-07-17,82.45,82.45,78.76,82.21,13232222.0,1055721504.0,805000000.0,0.016437542857142856
2007-07-18,81.24,84.66,80.76,81.94,10760852.0,887783301.0,805000000.0,0.01336751801242236
2007-07-19,81.63,81.63,78.94,79.24,11113509.0,882862136.0,805000000.0,0.013805601242236025
2007-07-20,80.04,85.81,79.84,84.42,12683396.0,1047423370.0,805000000.0,0.01575577142857143
2007-07-23,84.55,84.96,81.9,83.71,25700164.0,2124859243.0,805000000.0,0.03192566956521739
2007-07-24,83.95,84.25,81.59,82.77,23598005.0,1946669247.0,805000000.0,0.02931429192546584
2007-07-25,82.77,82.77,80.14,82.47,21289544.0,1724532296.0,805000000.0,0.02644663850931677
2007-07-26,82.63,82.85,80.44,81.26,15066389.0,1216898629.0,805000000.0,0.018716011180124222
2007-07-27,80.69,81.64,79.24,80.34,13013475.0,1042196374.0,805000000.0,0.01616580745341615
2007-07-30,80.36,82.1,80.35,81.57,14346282.0,1162535816.0,805000000.0,0.017821468322981367
2007-07-31,81.57,84.01,79.84,83.75,17173223.0,1398703578.0,805000000.0,0.021333196273291926
2007-08-01,84.95,84.95,80.22,80.37,16501198.0,1359297243.0,805000000.0,0.020498382608695652
2007-08-02,81.64,83.45,80.34,82.06,11276059.0,920404475.0,805000000.0,0.014007526708074534
2007-08-03,82.35,90.26,82.35,89.06,25693679.0,2188983768.0,805000000.0,0.03191761366459627
2007-08-06,89.27,92.37,87.26,90.53,19116877.0,1710026813.0,805000000.0,0.023747673291925467
2007-08-07,90.47,91.17,88.46,88.94,12432988.0,1112115105.0,805000000.0,0.015444705590062112
2007-08-08,88.21,90.15,87.26,88.66,9806332.0,864527673.0,805000000.0,0.012181778881987577
2007-08-09,89.27,97.31,88.94,95.23,17541589.0,1634846303.0,805000000.0,0.021790793788819877
2007-08-10,93.78,98.28,92.32,95.67,12291099.0,1170079470.0,805000000.0,0.01526844596273292
2007-08-13,95.48,97.65,93.08,94.76,11083348.0,1045588683.0,805000000.0,0.013768134161490683
2007-08-14,94.79,98.6,94.78,98.27,10095164.0,978253648.0,805000000.0,0.012540576397515529
2007-08-15,98.27,99.79,95.38,98.28,9017251.0,879744788.0,805000000.0,0.01120155403726708
2007-08-16,97.28,98.26,91.78,93.44,15942553.0,1494643709.0,805000000.0,0.019804413664596274
2007-08-17,96.29,96.29,89.01,89.44,16957132.0,1537406696.0,805000000.0,0.021064760248447206
2007-08-20,92.58,94.47,91.47,92.81,12333960.0,1141660864.0,805000000.0,0.01532168944099379
2007-08-21,92.8,94.58,92.25,93.13,11580464.0,1079579950.0,805000000.0,0.01438566956521739
2007-08-22,92.27,94.63,91.59,93.14,10862205.0,1009474199.0,805000000.0,0.013493422360248447
2007-08-23,93.52,94.63,91.97,93.64,12152500.0,1127032305.0,805000000.0,0.015096273291925465
2007-08-24,94.28,99.64,94.28,97.99,11840770.0,1154308214.0,805000000.0,0.014709031055900622
2007-08-27,98.99,101.96,98.99,99.57,15039263.0,1510194580.0,805000000.0,0.018682314285714284
2007-08-28,99.53,106.4,97.99,103.75,16716055.0,1701634406.0,805000000.0,0.020765285714285715
2007-08-29,101.1,103.31,99.3,99.42,10948255.0,1102526042.0,805000000.0,0.013600316770186336
2007-08-30,100.35,102.2,99.5,101.2,9689835.0,974763888.0,805000000.0,0.012037062111801243
2007-08-31,101.18,103.61,100.11,102.4,7996989.0,808894234.0,805000000.0,0.009934147826086957
2007-09-03,103.06,106.19,103.04,103.58,8399794.0,878639965.0,805000000.0,0.010434526708074534
2007-09-04,103.49,104.52,100.04,100.13,8844877.0,895212116.0,805000000.0,0.010987424844720498
2007-09-05,99.59,101.9,97.28,98.6,6123432.0,602385764.0,805000000.0,0.007606747826086956
2007-09-06,98.99,101.01,98.0,100.48,10255473.0,1017274095.0,805000000.0,0.01273971801242236
2007-09-07,99.89,101.5,97.14,97.27,11661337.0,1150073159.0,805000000.0,0.014486132919254659
2007-09-10,96.47,99.09,95.48,98.47,7945794.0,770512332.0,805000000.0,0.00987055155279503
2007-09-11,97.58,101.4,95.97,96.75,11733459.0,1159497453.0,805000000.0,0.01457572546583851
2007-09-12,97.48,100.9,97.48,100.74,10694981.0,1063524785.0,805000000.0,0.013285690683229814
2007-09-13,102.38,105.12,101.6,103.84,10923051.0,1129118039.0,805000000.0,0.01356900745341615
2007-09-14,104.31,106.12,103.11,105.69,9319836.0,971562930.0,805000000.0,0.01157743602484472
2007-09-17,105.82,110.44,105.82,107.99,13437887.0,1454022105.0,805000000.0,0.016693027329192547
2007-09-18,108.03,108.62,104.7,105.34,6594905.0,701250339.0,805000000.0,0.008192428571428571
2007-09-19,107.33,114.65,107.21,113.53,18499538.0,2070804533.0,805000000.0,0.02298079254658385
2007-09-20,112.66,122.59,112.56,118.83,11862311.0,1388132734.0,805000000.0,0.0147357900621118
2007-09-21,118.36,121.59,117.44,120.11,6645925.0,794954585.0,805000000.0,0.008255807453416149
2007-09-24,119.14,124.49,117.58,122.53,7505868.0,910152279.0,805000000.0,0.009324059627329193
2007-09-25,124.61,134.46,124.59,130.09,9703188.0,1254845760.0,805000000.0,0.012053649689440993
2007-09-26,130.66,135.05,125.62,126.58,7713156.0,994526304.0,805000000.0,0.009581560248447205
2007-09-27,126.72,132.45,120.78,132.15,5729017.0,732218333.0,805000000.0,0.007116791304347826
2007-09-28,137.18,137.68,133.66,135.62,7118644.0,961151100.0,805000000.0,0.00884303602484472
2007-10-08,137.68,146.5,136.07,142.09,9114569.0,1280236198.0,805000000.0,0.01132244596273292
2007-10-09,141.7,146.22,139.69,144.67,6584712.0,940525822.0,805000000.0,0.008179766459627329
2007-10-10,145.32,146.1,140.79,141.7,8083600.0,1151674343.0,805000000.0,0.010041739130434782
2007-10-11,141.7,146.52,138.68,144.84,9647040.0,1372878286.0,805000000.0,0.011983900621118012
2007-10-12,144.91,144.91,137.18,141.42,10059227.0,1410036852.0,805000000.0,0.012495934161490684
2007-10-15,140.79,142.4,137.18,138.68,10718677.0,1479850570.0,805000000.0,0.013315126708074535
2007-10-16,138.68,142.09,137.18,137.68,7541106.0,1042070086.0,805000000.0,0.009367833540372671
2007-10-17,137.68,139.99,136.65,137.15,6061667.0,831671181.0,805000000.0,0.007530021118012422
2007-10-18,139.69,142.3,135.67,136.91,7909690.0,1088839413.0,805000000.0,0.009825701863354037
2007-10-19,139.49,139.59,133.66,135.57,6650384.0,897357273.0,805000000.0,0.008261346583850932
2007-10-22,133.16,140.08,132.15,139.62,8804716.0,1205542861.0,805000000.0,0.010937535403726708
2007-10-23,139.61,142.43,138.68,142.4,7684950.0,1073743175.0,805000000.0,0.009546521739130434
2007-10-24,143.75,150.02,142.7,145.71,9152394.0,1342395537.0,805000000.0,0.01136943354037267
2007-10-25,145.72,149.74,138.68,140.69,9461897.0,1356843294.0,805000000.0,0.011753909316770186
2007-10-26,137.68,143.21,137.68,141.09,4638244.0,650037980.0,805000000.0,0.005761793788819876
2007-10-29,140.19,145.72,137.73,141.28,9125245.0,1294334784.0,805000000.0,0.011335708074534162
2007-10-30,141.3,143.6,138.58,141.85,6162483.0,860578396.0,805000000.0,0.007655258385093167
2007-10-31,143.91,145.32,140.19,140.55,7045329.0,994263217.0,805000000.0,0.00875196149068323
2007-11-01,141.6,142.5,137.34,137.67,7658759.0,1059602457.0,805000000.0,0.009513986335403726
2007-11-02,136.17,137.18,131.95,132.34,9507594.0,1266023954.0,805000000.0,0.011810675776397515
2007-11-05,131.25,133.29,126.12,127.6,8790188.0,1130094006.0,805000000.0,0.010919488198757763
2007-11-06,127.61,129.52,125.63,127.42,4892568.0,621556124.0,805000000.0,0.006077724223602484
2007-11-07,128.63,129.14,120.88,124.57,6189287.0,767622482.0,805000000.0,0.007688555279503105
2007-11-08,124.61,124.61,118.24,118.77,8923884.0,1066854581.0,805000000.0,0.011085570186335403
2007-11-09,118.38,121.62,117.98,119.4,8357768.0,999140459.0,805000000.0,0.01038232049689441
2007-11-12,116.57,120.59,114.56,117.79,7026121.0,817929597.0,805000000.0,0.008728100621118012
2007-11-13,119.89,122.5,112.91,115.75,8996742.0,1066576801.0,805000000.0,0.01117607701863354
2007-11-14,119.19,124.75,116.58,124.63,10440627.0,1256596668.0,805000000.0,0.01296972298136646
2007-11-15,122.6,128.31,122.48,124.34,8578758.0,1075193095.0,805000000.0,0.010656842236024845
2007-11-16,122.6,125.6,120.19,122.62,5409434.0,658277264.0,805000000.0,0.006719793788819876
2007-11-19,122.6,123.41,117.96,118.77,4910802.0,585168260.0,805000000.0,0.006100375155279503
2007-11-20,117.58,119.56,114.44,118.91,7469821.0,867130515.0,805000000.0,0.009279280745341616
2007-11-21,118.89,119.96,116.37,116.48,2971648.0,348596946.0,805000000.0,0.003691488198757764
2007-11-22,113.56,115.07,105.52,107.42,8458691.0,930187946.0,805000000.0,0.010507690683229813
2007-11-23,105.52,109.52,105.47,109.13,5536887.0,595811951.0,805000000.0,0.00687812049689441
2007-11-26,111.75,112.56,105.7,106.46,4059294.0,442202453.0,805000000.0,0.0050426012422360245
2007-11-27,106.18,107.03,101.3,101.48,6672569.0,686577604.0,805000000.0,0.008288905590062111
2007-11-28,101.65,104.82,101.41,102.86,4984823.0,510963844.0,805000000.0,0.0061923267080745345
2007-11-29,104.97,110.95,103.91,110.52,9939356.0,1065085930.0,805000000.0,0.012347026086956522
2007-11-30,110.54,111.54,107.63,109.27,6598487.0,720998063.0,805000000.0,0.008196878260869565
2007-12-03,109.44,114.16,108.03,114.08,6482014.0,722276492.0,805000000.0,0.008052191304347827
2007-12-04,113.66,120.8,113.56,117.41,7871056.0,920686394.0,805000000.0,0.009777709316770185
2007-12-05,117.08,120.73,116.78,119.65,4316880.0,512724374.0,805000000.0,0.005362583850931677
2007-12-06,119.71,120.59,118.58,119.54,4518943.0,538069667.0,805000000.0,0.005613593788819876
2007-12-07,118.58,122.79,118.58,120.54,2543527.0,307217401.0,805000000.0,0.0031596608695652175
2007-12-10,118.79,122.0,117.68,121.61,6668944.0,798611836.0,805000000.0,0.008284402484472049
2007-12-11,121.65,122.0,115.07,117.94,10434055.0,1218162054.0,805000000.0,0.01296155900621118
2007-12-12,116.57,116.57,111.38,111.66,17486736.0,1965043741.0,805000000.0,0.021722653416149068
2007-12-13,110.31,113.06,107.38,107.56,8412311.0,926659366.0,805000000.0,0.010450075776397515
2007-12-14,106.53,109.62,105.36,109.02,9404382.0,1003706515.0,805000000.0,0.011682462111801243
2007-12-17,108.93,108.94,101.6,101.67,14467928.0,1487590524.0,805000000.0,0.017972581366459628
2007-12-18,100.29,104.43,99.99,102.46,8636922.0,880964262.0,805000000.0,0.010729095652173913
2007-12-19,104.46,106.06,102.51,104.85,4802175.0,499421504.0,805000000.0,0.005965434782608695
2007-12-20,105.67,107.0,103.49,105.9,5401228.0,566622512.0,805000000.0,0.0067096
2007-12-21,105.92,110.44,105.92,108.74,6897517.0,746881613.0,805000000.0,0.008568344099378882
2007-12-24,110.34,112.86,108.25,111.28,10705492.0,1172274814.0,805000000.0,0.013298747826086957
2007-12-25,111.43,111.56,106.83,108.25,11344202.0,1226804458.0,805000000.0,0.014092176397515527
2007-12-26,108.22,109.04,103.54,106.11,12951666.0,1358776432.0,805000000.0,0.01608902608695652
2007-12-27,106.11,109.04,102.47,108.78,18397676.0,1927574220.0,805000000.0,0.022854255900621116
2007-12-28,108.47,108.52,105.32,106.63,14560268.0,1543183501.0,805000000.0,0.01808728944099379
2008-01-02,106.32,106.32,103.23,103.5,20076001.0,2069966569.0,805000000.0,0.024939131677018632
2008-01-03,103.08,103.21,99.87,102.33,37996867.0,3805596238.0,805000000.0,0.04720107701863354
2008-01-04,102.13,105.01,100.5,104.74,18083753.0,1864281235.0,805000000.0,0.02246428944099379
2008-01-07,104.01,104.01,100.54,102.9,22428410.0,2285519494.0,805000000.0,0.02786137888198758
2008-01-08,103.31,107.87,103.31,106.62,32460603.0,3423619777.0,805000000.0,0.04032373043478261
2008-01-09,106.02,107.63,105.32,106.74,15400734.0,1629227741.0,805000000.0,0.019131346583850933
2008-01-10,107.03,108.03,104.19,107.61,23953743.0,2529584935.0,805000000.0,0.029756202484472048
2008-01-11,108.05,111.11,108.05,110.23,27025819.0,2962030971.0,805000000.0,0.03357244596273292
2008-01-14,111.09,113.46,109.54,109.98,15451057.0,1710964392.0,805000000.0,0.019193859627329193
2008-01-15,110.04,110.42,104.52,105.56,33247654.0,3515459874.0,805000000.0,0.04130143354037267
2008-01-16,103.51,103.99,100.65,101.21,27164684.0,2755884772.0,805000000.0,0.03374494906832298
2008-01-17,100.5,102.0,97.28,100.07,22315608.0,2212991078.0,805000000.0,0.027721252173913042
2008-01-18,100.04,100.48,97.17,98.7,21406119.0,2090141841.0,805000000.0,0.026591452173913042
2008-01-21,98.7,98.7,88.83,88.83,33201200.0,3008297368.0,805000000.0,0.04124372670807453
2008-01-22,84.42,84.42,79.94,79.94,32894793.0,2656532797.0,805000000.0,0.04086309689440994
2008-01-23,78.4,82.41,76.92,80.87,34561788.0,2737490663.0,805000000.0,0.042933898136645963
2008-01-24,82.42,82.61,77.18,80.33,23823061.0,1887231756.0,805000000.0,0.029593864596273292
2008-01-25,79.97,82.31,78.29,80.99,25672586.0,2052799779.0,805000000.0,0.03189141118012422
2008-01-28,79.39,79.89,72.89,72.89,23976574.0,1791142556.0,805000000.0,0.02978456397515528
2008-01-29,75.37,76.3,71.3,72.84,15083101.0,1103903293.0,805000000.0,0.018736771428571428
2008-01-30,74.36,75.25,69.32,71.45,21895500.0,1569981328.0,805000000.0,0.027199378881987576
2008-01-31,71.12,73.41,70.55,72.17,10476475.0,754271321.0,805000000.0,0.013014254658385092
2008-02-01,72.75,75.12,71.67,74.36,21384645.0,1572896048.0,805000000.0,0.02656477639751553
2008-02-04,76.33,80.22,76.28,79.55,25525005.0,1998071465.0,805000000.0,0.031708080745341614
2008-02-05,79.27,79.28,76.98,77.82,12134283.0,940250870.0,805000000.0,0.01507364347826087
2008-02-13,74.37,74.87,71.85,72.28,14303597.0,1044104452.0,805000000.0,0.01776844347826087
2008-02-14,73.16,75.17,72.8,74.77,10629110.0,783632681.0,805000000.0,0.013203863354037266
2008-02-15,73.86,76.38,73.16,76.34,10458465.0,775763158.0,805000000.0,0.01299188198757764
2008-02-18,77.23,78.49,76.66,77.88,11178898.0,862670591.0,805000000.0,0.013886829813664596
2008-02-19,77.77,77.77,74.87,77.26,15256396.0,1152814175.0,805000000.0,0.018952044720496896
2008-02-20,77.13,77.13,74.35,74.81,10671296.0,799007405.0,805000000.0,0.013256268322981367
2008-02-21,74.32,74.32,71.31,72.88,12889540.0,928855876.0,805000000.0,0.016011850931677018
2008-02-22,71.5,71.9,69.34,69.76,12399091.0,866615302.0,805000000.0,0.01540259751552795
2008-02-25,69.89,70.64,65.33,65.7,12315135.0,820838914.0,805000000.0,0.015298304347826088
2008-02-26,69.74,70.48,66.33,68.38,16860449.0,1145794554.0,805000000.0,0.02094465714285714
2008-02-27,69.19,72.86,68.34,72.18,19946598.0,1414727680.0,805000000.0,0.02477838260869565
2008-02-28,71.35,71.98,70.04,70.35,11257434.0,792417163.0,805000000.0,0.013984390062111801
2008-02-29,70.36,72.86,69.7,71.55,12355865.0,880921948.0,805000000.0,0.015348900621118012
2008-03-03,70.95,72.1,68.31,70.46,31756042.0,2218821125.0,3926586596.0,0.008087442164741705
2008-03-04,70.34,70.46,67.32,67.43,27400433.0,1869321376.0,3926586596.0,0.006978181260006522
2008-03-06,70.33,74.18,67.73,72.74,59280220.0,4249580834.0,3926586596.0,0.01509713807417072
2008-03-07,70.75,70.75,66.53,68.0,57422411.0,3924186162.0,3926586596.0,0.014624002195315395
2008-03-10,66.99,67.13,64.58,64.82,27046890.0,1757976469.0,3926586596.0,0.006888143006333433
2008-03-11,64.4,65.16,62.8,64.17,20938576.0,1324324011.0,3926586596.0,0.00533251349182775
2008-03-12,66.51,66.8,63.01,64.13,27402934.0,1766061350.0,3926586596.0,0.006978818199989597
2008-03-13,63.81,63.86,62.16,63.7,24455862.0,1539602548.0,3926586596.0,0.006228275221260395
2008-03-14,63.58,63.8,61.65,63.36,20107888.0,1254243312.0,3926586596.0,0.005120958753458751
2008-03-17,62.31,62.41,59.79,60.12,22893867.0,1393650589.0,3926586596.0,0.005830475513597969
2008-03-18,60.08,61.05,55.65,56.69,30022582.0,1725324282.0,3926586596.0,0.007645974758479515
2008-03-19,58.55,58.55,56.08,57.22,54063607.0,3077069553.0,3926586596.0,0.013768601730336064
2008-03-20,52.26,57.68,51.5,56.23,42113178.0,2306605027.0,3926586596.0,0.010725136698347758
2008-03-21,56.68,58.18,55.25,56.34,33457687.0,1892961784.0,3926586596.0,0.008520807113762173
2008-03-24,56.71,56.93,50.7,50.81,51076158.0,2654029903.0,3926586596.0,0.013007775774519045
2008-03-25,49.24,52.96,48.54,51.33,50854617.0,2550741649.0,3926586596.0,0.012951355014506855
2008-03-26,51.56,53.77,50.75,52.45,39838720.0,2083401415.0,3926586596.0,0.01014589110057666
2008-03-27,50.63,52.06,49.03,49.23,27241762.0,1373622743.0,3926586596.0,0.00693777186214385
2008-03-28,49.66,53.73,48.93,53.4,67407997.0,3489953506.0,3926586596.0,0.01716707255830504
2008-03-31,51.74,54.54,51.35,53.17,44656263.0,2372318470.0,3926586596.0,0.011372794641913967
2008-04-01,52.76,54.47,51.36,53.61,42632694.0,2265401817.0,3926586596.0,0.010857443980333906
2008-04-02,55.02,58.97,54.37,57.13,81321368.0,4601466554.0,3926586596.0,0.020710448123783084
2008-04-03,55.88,59.49,55.47,59.33,39608942.0,2280102857.0,3926586596.0,0.010087372589808534
2008-04-07,60.19,63.11,59.33,62.51,52424165.0,3189365264.0,3926586596.0,0.013351078275824685
2008-04-08,61.99,62.61,60.06,61.75,37150684.0,2260436193.0,3926586596.0,0.009461317888123306
2008-04-09,60.3,61.0,57.17,57.4,30189699.0,1777516430.0,3926586596.0,0.007688535133989949
2008-04-10,57.0,58.77,55.35,58.67,25304016.0,1439484039.0,3926586596.0,0.006444278097871854
2008-04-11,59.29,60.1,57.87,59.04,16365264.0,961132455.0,3926586596.0,0.00416780926636668
2008-04-14,57.17,57.56,54.47,55.16,39106764.0,2167218582.0,3926586596.0,0.009959480847777029
2008-04-15,55.09,56.88,52.06,56.24,27067714.0,1453044799.0,3926586596.0,0.006893446340282877
2008-04-16,55.57,56.57,54.47,54.61,12051939.0,663965129.0,3926586596.0,0.0030693170022729837
2008-04-17,54.77,57.66,54.77,56.59,37127083.0,2088069874.0,3926586596.0,0.009455307324132679
2008-04-18,55.27,57.28,54.5,55.52,36244519.0,2023333470.0,3926586596.0,0.009230541110928806
2008-04-21,60.99,60.99,55.88,57.28,57971036.0,3351476523.0,3926586596.0,0.014763722786364852
2008-04-22,56.33,58.79,54.19,58.42,24022929.0,1342605302.0,3926586596.0,0.0061180183889162345
2008-04-23,58.09,61.3,57.29,61.01,43869246.0,2623525865.0,3926586596.0,0.01117236177719586
2008-04-24,66.83,67.11,65.28,67.11,95456558.0,6329122490.0,3926586596.0,0.02431031524867967
2008-04-25,67.33,70.14,66.83,67.35,75435387.0,5156935057.0,3926586596.0,0.019211441071195465
2008-04-28,64.82,66.33,64.24,65.02,30720090.0,1992712242.0,3926586596.0,0.007823611997070037
2008-04-29,64.52,65.85,64.27,65.37,21892386.0,1423186152.0,3926586596.0,0.005575424217640252
2008-04-30,67.33,70.14,66.68,69.34,62862074.0,4319806880.0,3926586596.0,0.01600934360241472
2008-05-05,70.35,70.85,68.04,68.95,35741392.0,2462026625.0,3926586596.0,0.009102407683154023
2008-05-06,68.34,68.64,67.33,67.86,21495450.0,1449960041.0,3926586596.0,0.005474334889722625
2008-05-07,67.86,68.34,62.27,62.39,56976412.0,3672399706.0,3926586596.0,0.014510417790872528
2008-05-08,61.69,63.58,60.81,62.99,28400729.0,1757427894.0,3926586596.0,0.007232930767127796
2008-05-09,66.13,66.99,63.15,64.4,40065585.0,2590587675.0,3926586596.0,0.010203667745622794
2008-05-12,62.41,64.62,61.18,63.13,22229543.0,1387968756.0,3926586596.0,0.005661289381124348
2008-05-14,60.65,63.27,60.65,63.21,41134363.0,2535600652.0,3926586596.0,0.010475857846075121
2008-05-15,63.6,64.32,61.8,62.01,19767184.0,1242758878.0,3926586596.0,0.005034190260858314
2008-05-16,62.31,63.51,60.98,61.84,14019237.0,867215432.0,3926586596.0,0.0035703368962450356
2008-05-19,61.89,62.15,59.59,60.52,13924711.0,837279560.0,3926586596.0,0.003546263570039447
2008-05-20,60.52,61.6,57.18,57.32,20339858.0,1198567596.0,3926586596.0,0.005180035509905765
2008-05-21,57.26,58.31,55.63,58.26,21818441.0,1232098677.0,3926586596.0,0.005556592339572078
2008-05-22,57.57,57.57,56.03,56.26,12970885.0,731262345.0,3926586596.0,0.003303348769440968
2008-05-23,56.58,57.78,56.04,56.57,9529778.0,534812104.0,3926586596.0,0.0024269878600685774
2008-05-26,55.77,55.77,53.54,53.62,17587552.0,938855036.0,3926586596.0,0.004479094391529879
2008-05-27,53.75,54.86,52.85,54.8,13367217.0,715552087.0,3926586596.0,0.003404284274187952
2008-05-28,55.06,57.45,54.3,56.58,18757404.0,1041060057.0,3926586596.0,0.004777025424349001
2008-05-29,56.48,56.68,54.6,54.67,10908143.0,600800202.0,3926586596.0,0.0027780217584178805
2008-05-30,55.27,57.18,55.26,57.09,20721292.0,1153410409.0,3926586596.0,0.005277176879559643
2008-06-02,56.68,58.32,55.79,57.69,15833621.0,897476928.0,3926586596.0,0.0040324135512838696
2008-06-03,57.24,57.94,56.18,56.49,11557303.0,648479361.0,3926586596.0,0.002943346012481524
2008-06-04,56.24,56.76,54.61,55.07,12608831.0,687008079.0,3926586596.0,0.0032111429843020836
2008-06-05,54.77,55.85,54.65,55.28,7552729.0,411761878.0,3926586596.0,0.0019234846387174902
2008-06-06,55.62,56.46,54.78,55.32,7563297.0,415888690.0,3926586596.0,0.001926176034855491
2008-06-10,52.22,53.21,50.19,50.83,24254166.0,1240143231.0,3926586596.0,0.006176908469230663
2008-06-11,50.55,51.87,50.2,51.1,13401410.0,673213103.0,3926586596.0,0.0034129923464955463
2008-06-12,50.7,50.85,48.99,50.08,16409032.0,808472568.0,3926586596.0,0.00417895584340756
2008-06-13,50.09,50.9,49.48,49.74,9547625.0,470473293.0,3926586596.0,0.002431533029152122
2008-06-16,49.97,50.92,49.04,50.64,17752979.0,881642709.0,3926586596.0,0.0045212243677714625
2008-06-17,50.68,50.99,49.28,49.82,12220290.0,604973613.0,3926586596.0,0.003112191645651917
2008-06-18,49.56,52.22,48.17,51.79,31278546.0,1552193439.0,3926586596.0,0.007965836289428417
2008-06-19,51.29,51.31,48.27,48.56,20315712.0,994999041.0,3926586596.0,0.005173886148517785
2008-06-20,48.62,52.83,47.7,51.07,35813930.0,1806074983.0,3926586596.0,0.00912088123473032
2008-06-23,49.99,50.81,49.18,49.36,13720836.0,673843553.0,3926586596.0,0.0034943418830944333
2008-06-24,49.48,51.19,49.28,50.37,19740577.0,980565786.0,3926586596.0,0.005027414146452203
2008-06-25,50.37,52.22,50.0,51.69,19643779.0,997498080.0,3926586596.0,0.005002762200637839
2008-06-26,51.69,52.93,51.51,52.4,19398338.0,1001492341.0,3926586596.0,0.00494025472907207
2008-06-27,49.84,50.9,49.64,49.73,20257390.0,1002115990.0,3926586596.0,0.005159033044282312
2008-06-30,49.74,50.75,49.44,49.95,15993481.0,788115059.0,3926586596.0,0.004073125756679479
2008-07-01,50.19,50.23,48.06,48.49,20541100.0,990289817.0,3926586596.0,0.00523128663988339
2008-07-02,48.06,48.88,43.64,43.64,45871642.0,2067868013.0,3926586596.0,0.011682320223557346
2008-07-03,41.55,42.88,39.3,41.12,109537165.0,4407402581.0,3926586596.0,0.027896281495888853
2008-07-04,40.36,41.07,39.9,40.73,29627948.0,1181362377.0,3926586596.0,0.007545471690394372
2008-07-07,40.56,43.0,40.55,42.56,34310244.0,1423440824.0,3926586596.0,0.00873793132053976
2008-07-08,42.56,43.41,40.36,40.88,49322822.0,2027358954.0,3926586596.0,0.012561246465376565
2008-07-09,41.75,44.42,41.57,44.39,64223650.0,2745157311.0,3926586596.0,0.016356101776903227
2008-07-10,43.3,44.94,43.11,43.64,51229240.0,2215342203.0,3926586596.0,0.013046761798705024
2008-07-11,43.46,44.01,42.44,43.76,27509760.0,1170719239.0,3926586596.0,0.007006024017915229
2008-07-14,43.15,44.46,43.1,43.81,18720336.0,808939005.0,3926586596.0,0.004767585163936112
2008-07-15,43.83,43.96,41.07,41.18,30140514.0,1254149274.0,3926586596.0,0.007676008987221633
2008-07-16,40.56,40.56,39.42,39.95,19944794.0,785319057.0,3926586596.0,0.005079422931947481
2008-07-18,40.61,41.79,39.55,41.65,28151744.0,1134090524.0,3926586596.0,0.007169520730468056
2008-07-21,41.07,43.81,40.87,43.52,36458607.0,1540210938.0,3926586596.0,0.00928506378469795
2008-07-22,43.3,44.0,43.05,43.6,24027789.0,1032330898.0,3926586596.0,0.006119256105156836
2008-07-23,43.91,45.33,43.89,44.48,38109447.0,1673277658.0,3926586596.0,0.009705490014869903
2008-07-24,45.22,48.17,45.22,47.64,50727204.0,2337915173.0,3926586596.0,0.012918906220399068
2008-07-25,46.55,47.09,45.63,46.58,29601041.0,1352724855.0,3926586596.0,0.007538619173751185
2008-07-28,46.7,47.76,45.12,45.54,30827629.0,1406796996.0,3926586596.0,0.007850999397645782
2008-07-29,44.52,44.9,44.03,44.65,16779503.0,735490692.0,3926586596.0,0.004273305220644623
2008-07-30,45.73,45.85,44.19,44.6,11911484.0,527780630.0,3926586596.0,0.0030335467482454576
2008-07-31,44.92,44.97,43.5,43.57,13237886.0,573917370.0,3926586596.0,0.003371347015111137
2008-08-01,43.29,45.9,43.01,45.43,18508321.0,815762581.0,3926586596.0,0.004713590429625152
2008-08-04,44.61,45.88,44.41,44.53,11230819.0,499604827.0,3926586596.0,0.0028601989859184046
2008-08-05,44.62,45.77,44.41,44.81,21278025.0,948115370.0,3926586596.0,0.005418962368403093
2008-08-06,45.34,46.83,45.12,46.4,22418713.0,1020126671.0,3926586596.0,0.005709466085082108
2008-08-07,46.34,46.69,45.53,46.23,16705508.0,757661683.0,3926586596.0,0.00425446060887027
2008-08-08,45.89,46.23,43.6,43.75,17545663.0,775830743.0,3926586596.0,0.0044684263471672075
2008-08-11,43.68,44.4,41.78,42.26,18057704.0,769307423.0,3926586596.0,0.004598829940079589
2008-08-12,42.1,43.1,41.99,42.6,11765554.0,494362573.0,3926586596.0,0.0029963821533913267
2008-08-13,42.08,42.49,41.07,41.53,13248533.0,544288668.0,3926586596.0,0.0033740585305049005
2008-08-14,41.4,42.47,41.08,41.66,8612222.0,355685301.0,3926586596.0,0.0021933100899323705
2008-08-15,41.68,43.05,41.36,42.42,8059510.0,337432339.0,3926586596.0,0.002052548645739838
2008-08-18,42.51,42.58,40.56,40.57,15281627.0,626283508.0,3926586596.0,0.003891834963112068
2008-08-19,40.44,41.82,40.05,41.63,11717830.0,476825099.0,3926586596.0,0.002984228085517562
2008-08-20,41.26,45.78,41.07,45.59,29375509.0,1297115678.0,3926586596.0,0.007481182009311784
2008-08-21,44.62,45.33,43.69,43.72,17884980.0,785409282.0,3926586596.0,0.004554841606758238
2008-08-22,42.89,44.08,42.65,43.46,9176359.0,391525340.0,3926586596.0,0.0023369811859868125
2008-08-25,43.6,45.22,42.71,44.08,11931424.0,522589791.0,3926586596.0,0.0030386249502696566
2008-08-26,43.6,44.78,43.21,44.56,11885068.0,518001092.0,3926586596.0,0.00302681927659695
2008-08-27,44.72,46.1,44.52,45.36,25111536.0,1127113734.0,3926586596.0,0.006395258422565043
2008-08-28,45.78,47.38,45.78,46.25,20365758.0,938047176.0,3926586596.0,0.005186631569706505
2008-08-29,46.42,47.33,46.42,46.57,19200210.0,888435367.0,3926586596.0,0.004889796654315274
2008-09-01,46.14,46.15,44.5,45.21,14084069.0,630412727.0,3926586596.0,0.0035868479290250195
2008-09-02,45.12,45.76,44.6,44.99,10407586.0,462708313.0,3926586596.0,0.0026505428431406993
2008-09-03,45.36,45.68,43.6,44.4,12080834.0,532568715.0,3926586596.0,0.003076675811073848
2008-09-04,43.87,44.4,42.59,43.61,12191581.0,523915839.0,3926586596.0,0.003104880206238039
2008-09-05,42.39,42.84,41.98,42.37,12263716.0,512722145.0,3926586596.0,0.0031232511241425323
2008-09-08,42.77,43.7,42.1,43.44,19025450.0,809669911.0,3926586596.0,0.004845289804478312
2008-09-09,43.6,43.7,42.85,43.32,11291156.0,482068708.0,3926586596.0,0.002875565258512893
2008-09-10,42.79,44.11,42.28,42.79,12475141.0,529134897.0,3926586596.0,0.0031770956007205805
2008-09-11,42.49,43.1,39.88,39.95,16773539.0,678371649.0,3926586596.0,0.004271786344171588
2008-09-12,40.28,41.5,40.1,40.84,14685690.0,590320953.0,3926586596.0,0.00374006522992776
2008-09-16,39.29,39.29,36.76,37.39,31763520.0,1169853953.0,3926586596.0,0.00808934661783784
2008-09-17,37.01,37.65,33.64,34.03,32624974.0,1137282003.0,3926586596.0,0.008308736660292923
2008-09-18,31.62,33.36,30.62,31.09,46652625.0,1431370483.0,3926586596.0,0.011881216384613768
2008-09-19,34.2,34.2,33.74,34.2,21060549.0,709932215.0,3926586596.0,0.005363576858703258
2008-09-22,37.62,37.62,36.25,37.62,71377355.0,2637610629.0,3926586596.0,0.018177965328133056
2008-09-23,36.5,37.4,36.08,36.11,50962478.0,1845260031.0,3926586596.0,0.012978824420150392
2008-09-24,35.48,36.0,34.59,35.94,32249343.0,1123851042.0,3926586596.0,0.008213073164578184
2008-09-25,36.09,39.53,35.94,36.77,79979843.0,2965202298.0,3926586596.0,0.020368796420146492
2008-09-26,36.2,36.46,33.09,33.74,143417207.0,4795480748.0,3926586596.0,0.03652465149911595
2008-10-06,34.58,34.95,33.46,34.07,82883580.0,2797905084.0,3926586596.0,0.021108303095730325
2008-10-07,31.66,33.66,31.58,32.58,38675802.0,1231665350.0,3926586596.0,0.009849725978130447
2008-10-08,31.32,31.95,29.4,29.58,51671139.0,1555022150.0,3926586596.0,0.01315930203924121
2008-10-09,29.94,30.45,27.95,29.64,48597195.0,1389566513.0,3926586596.0,0.012376448045105078
2008-10-10,27.95,29.01,27.79,28.32,40517547.0,1129276164.0,3926586596.0,0.010318770771864572
2008-10-13,28.55,30.66,27.55,30.54,62948508.0,1792021403.0,3926586596.0,0.016031356105612297
2008-10-14,32.55,32.57,30.01,30.1,69181978.0,2140130598.0,3926586596.0,0.017618859614728845
2008-10-15,28.58,29.62,28.42,29.25,32940158.0,935691840.0,3926586596.0,0.00838900586925958
2008-10-16,27.65,27.81,26.53,26.83,34870112.0,932908535.0,3926586596.0,0.008880515212760636
2008-10-17,27.34,27.44,26.52,26.75,20284207.0,537024611.0,3926586596.0,0.005165862640254375
2008-10-20,26.4,27.54,25.25,27.3,47091415.0,1207342624.0,3926586596.0,0.01199296484329974
2008-10-21,27.3,27.44,26.45,26.53,48855342.0,1289685107.0,3926586596.0,0.012442191406085063
2008-10-22,25.81,26.3,25.4,25.52,34953493.0,883032687.0,3926586596.0,0.008901750195858918
2008-10-23,24.48,24.99,24.08,24.59,50125808.0,1197297536.0,3926586596.0,0.012765746221174133
2008-10-24,24.61,24.78,23.01,23.07,63698596.0,1479545600.0,3926586596.0,0.01622238410962069
2008-10-27,22.28,22.29,20.91,21.29,71709608.0,1515008512.0,3926586596.0,0.018262581569715112
2008-10-28,21.2,21.85,20.3,21.2,115036384.0,2398967040.0,3926586596.0,0.029296790275092154
2008-10-29,21.63,22.83,21.36,21.7,110737320.0,2374509312.0,3926586596.0,0.02820192991867484
2008-10-30,21.31,23.87,20.64,23.87,114125608.0,2572545536.0,3926586596.0,0.029064839195513822
2008-10-31,23.21,24.01,22.95,23.18,67854120.0,1553557504.0,3926586596.0,0.01728068854233923
2008-11-03,23.14,25.04,23.06,24.18,58760696.0,1403943808.0,3926586596.0,0.014964828754791583
2008-11-04,23.87,24.59,23.31,24.25,44162392.0,1033909440.0,3926586596.0,0.011247018477827046
2008-11-05,24.48,26.68,24.48,25.81,67194088.0,1703519104.0,3926586596.0,0.017112595471204018
2008-11-06,24.71,25.39,24.44,24.49,43139632.0,1048345152.0,3926586596.0,0.010986547971193654
2008-11-07,23.78,25.99,23.72,25.66,43425672.0,1066507648.0,3926586596.0,0.011059394957502676
2008-11-10,26.73,27.65,26.0,27.0,69559792.0,1832550144.0,3926586596.0,0.01771507906405536
2008-11-11,26.32,26.92,26.02,26.35,47131708.0,1219981440.0,3926586596.0,0.012003226427761178
2008-11-12,25.98,26.9,25.4,26.05,43880420.0,1119910784.0,3926586596.0,0.01117520750585275
2008-11-13,25.38,27.24,24.57,26.49,81108480.0,2054685952.0,3926586596.0,0.020656231058962235
2008-11-14,27.19,27.54,26.55,27.13,74954168.0,1993122560.0,3926586596.0,0.01908888704412009
2008-11-17,26.93,27.89,26.64,27.74,60354244.0,1624659584.0,3926586596.0,0.01537066419507535
2008-11-18,27.34,28.03,24.96,24.96,66918060.0,1734045440.0,3926586596.0,0.017042298282220286
2008-11-19,24.71,26.48,23.48,26.12,84755504.0,2075524992.0,3926586596.0,0.02158503369983999
2008-11-20,24.89,25.66,24.36,24.62,76042080.0,1849636736.0,3926586596.0,0.019365950079253007
2008-11-21,23.6,25.61,23.34,24.95,69469536.0,1684875520.0,3926586596.0,0.01769209319635746
2008-11-24,24.74,24.85,23.69,23.72,36835460.0,878121408.0,3926586596.0,0.009381038492191705
2008-11-25,24.42,24.48,23.67,23.94,26609800.0,628410880.0,3926586596.0,0.006776827493657547
2008-11-26,23.65,24.48,23.65,24.15,19114182.0,452905312.0,3926586596.0,0.004867887548811874
2008-11-27,25.63,26.07,24.3,24.38,62507016.0,1542260864.0,3926586596.0,0.015918919517444407
2008-11-28,24.08,24.33,22.83,22.94,47236576.0,1085367296.0,3926586596.0,0.012029933593752836
2008-12-01,22.92,23.2,22.05,23.02,34370552.0,762838656.0,3926586596.0,0.008753290207584663
2008-12-02,22.14,23.6,22.11,23.0,31570460.0,710917120.0,3926586596.0,0.008040179231539352
2008-12-03,23.32,24.5,23.28,24.43,46958568.0,1104813568.0,3926586596.0,0.011959132150004416
2008-12-04,25.1,26.88,25.1,26.27,119526720.0,3090722304.0,3926586596.0,0.030440362660474993
2008-12-05,26.17,27.1,26.05,26.79,62119732.0,1621431424.0,3926586596.0,0.015820288304167582
2008-12-08,27.46,28.19,27.1,28.04,86906384.0,2365864704.0,3926586596.0,0.022132807178767235
2008-12-09,27.95,28.26,27.0,27.22,55839940.0,1520647296.0,3926586596.0,0.01422098778029853
2008-12-10,26.93,28.73,26.69,28.39,55639024.0,1516758400.0,3926586596.0,0.01416981967408519
2008-12-11,28.06,29.22,27.85,28.21,53785048.0,1509344256.0,3926586596.0,0.013697659961145551
2008-12-12,27.88,28.21,26.01,26.46,46684168.0,1231381248.0,3926586596.0,0.011889249570493874
2008-12-15,27.14,28.41,26.98,27.52,48163960.0,1304257792.0,3926586596.0,0.012266114301175595
2008-12-16,27.04,27.87,26.52,27.85,27213890.0,727066368.0,3926586596.0,0.006930673584971408
2008-12-17,28.3,29.13,28.05,28.13,48422640.0,1358975616.0,3926586596.0,0.01233199340346345
2008-12-18,28.14,30.23,27.57,30.16,59869932.0,1712076800.0,3926586596.0,0.015247322460935738
2008-12-19,29.58,31.93,29.48,30.95,64490484.0,1937730432.0,3926586596.0,0.01642405749199476
2008-12-22,30.69,31.07,28.97,29.31,44351020.0,1292491392.0,3926586596.0,0.011295057148409825
2008-12-23,29.28,29.28,27.54,27.55,40980144.0,1130494208.0,3926586596.0,0.010436582257410629
2008-12-24,27.34,28.09,27.24,27.66,29309456.0,795832576.0,3926586596.0,0.007464360019426909
2008-12-25,27.54,27.82,26.64,27.25,24661308.0,656966016.0,3926586596.0,0.006280597001253554
2008-12-26,26.94,28.06,26.73,27.35,19841368.0,536040640.0,3926586596.0,0.005053083006042024
2008-12-29,27.03,27.46,26.42,27.0,21353864.0,562137344.0,3926586596.0,0.0054382765992613295
2008-12-30,27.0,27.47,26.56,26.75,15304613.0,405107712.0,3926586596.0,0.0038976889025166936
2008-12-31,26.86,27.83,26.75,27.13,18766300.0,502230336.0,3926586596.0,0.004779291005352375
2009-01-05,28.46,29.55,28.16,29.43,35105352.0,990720320.0,3926586596.0,0.008940424753591757
2009-01-06,29.28,30.98,29.21,30.46,45197572.0,1349921024.0,3926586596.0,0.011510652037075308
2009-01-07,30.37,30.82,29.94,30.47,30627948.0,915325440.0,3926586596.0,0.007800145813975065
2009-01-08,29.38,29.64,28.62,28.91,32927324.0,939824768.0,3926586596.0,0.008385737381557547
2009-01-09,28.82,29.74,28.82,28.98,23581568.0,676914688.0,3926586596.0,0.006005615163058535
2009-01-12,28.77,29.28,28.36,28.47,32345902.0,913120128.0,3926586596.0,0.008237664243277012
2009-01-13,27.95,28.91,27.85,28.16,18956862.0,529097792.0,3926586596.0,0.004827822215690159
2009-01-14,28.54,30.49,28.38,30.45,41931424.0,1216318720.0,3926586596.0,0.010678848657690473
2009-01-15,29.79,30.35,29.29,30.06,52201156.0,1518876928.0,3926586596.0,0.013294283654199079
2009-01-16,30.3,31.58,29.58,30.1,49182152.0,1496084608.0,3926586596.0,0.012525421456412469
2009-01-19,30.59,31.73,30.58,30.95,45398592.0,1388320256.0,3926586596.0,0.0115618466293975
2009-01-20,30.6,31.2,29.89,30.85,28571956.0,858052096.0,3926586596.0,0.007276537853286147
2009-01-21,30.09,31.0,29.58,29.87,54623652.0,1621465472.0,3926586596.0,0.013911230699876815
2009-01-22,30.26,30.69,29.51,29.92,26058260.0,767812096.0,3926586596.0,0.006636364527537852
2009-01-23,29.69,30.12,29.34,29.44,23723948.0,688798784.0,3926586596.0,0.006041875664773955
2009-02-02,30.09,30.39,29.61,29.9,15422087.0,453144928.0,3926586596.0,0.0039276064905102125
2009-02-03,29.83,30.96,29.69,30.72,32747984.0,978321088.0,3926586596.0,0.008340064124234586
2009-02-04,30.91,31.83,30.91,31.66,31862472.0,984313792.0,3926586596.0,0.008114547131714398
2009-02-05,31.85,33.92,31.78,33.11,64604564.0,2104816896.0,3926586596.0,0.016453110716012846
2009-02-06,33.36,35.09,33.35,34.65,45222860.0,1528707072.0,3926586596.0,0.011517092236312417
2009-02-09,35.19,35.87,34.68,34.93,48083920.0,1663613184.0,3926586596.0,0.012245730184324196
2009-02-10,34.55,35.5,34.29,34.97,24481590.0,839229312.0,3926586596.0,0.006234827477111879
2009-02-11,34.17,35.71,34.0,34.58,52447712.0,1779943040.0,3926586596.0,0.013357075087412639
2009-02-12,34.89,35.26,33.56,34.47,30829386.0,1034716544.0,3926586596.0,0.007851446860080913
2009-02-13,34.48,36.23,34.07,35.8,46243928.0,1599429504.0,3926586596.0,0.011777131834328708
2009-02-16,36.01,37.44,36.01,36.65,42328820.0,1528139264.0,3926586596.0,0.010780055135704946
2009-02-17,36.59,36.73,34.68,34.84,37974708.0,1332457344.0,3926586596.0,0.009671175478132763
2009-02-18,33.8,34.28,32.61,32.92,39927508.0,1309500544.0,3926586596.0,0.010168503106661142
2009-02-19,33.27,33.76,32.66,33.31,34306904.0,1119473408.0,3926586596.0,0.008737080708967001
2009-02-20,33.33,33.88,32.85,33.71,23491978.0,771266880.0,3926586596.0,0.0059827989083269415
2009-02-23,33.44,34.98,32.51,34.84,38804132.0,1284544384.0,3926586596.0,0.009882408308409557
2009-02-24,34.08,34.33,32.44,32.92,49229016.0,1606423808.0,3926586596.0,0.012537356504539954
2009-02-25,33.44,34.23,32.25,33.95,60242160.0,1970692480.0,3926586596.0,0.015342119300607932
2009-02-26,33.64,34.8,32.54,32.86,47302632.0,1571997952.0,3926586596.0,0.012046756347660083
2009-02-27,32.54,33.94,31.95,32.59,43195928.0,1398962688.0,3926586596.0,0.011000885105654754
2009-03-02,32.57,32.57,31.06,31.91,30612438.0,951011648.0,3926586596.0,0.007796195818318329
2009-03-03,30.74,31.32,30.42,30.76,39225860.0,1181899648.0,3926586596.0,0.009989811517198995
2009-03-04,31.06,33.84,31.06,33.84,51646024.0,1659377664.0,3926586596.0,0.013152905898627481
2009-03-05,34.89,35.81,34.17,35.17,80373496.0,2767455488.0,3926586596.0,0.020469049652916405
2009-03-06,34.17,35.35,34.11,34.66,42689136.0,1459966592.0,3926586596.0,0.010871818297217046
2009-03-09,35.09,35.91,33.51,33.59,51219112.0,1749593600.0,3926586596.0,0.0130441824591814
2009-03-10,33.15,35.5,32.5,35.22,35574084.0,1169776000.0,3926586596.0,0.009059798664885984
2009-03-11,36.22,36.58,34.68,34.91,55397592.0,1945685632.0,3926586596.0,0.014108333191080857
2009-03-12,34.81,36.73,33.98,36.68,52705256.0,1825583872.0,3926586596.0,0.013422664879896106
2009-03-13,36.43,37.75,36.23,37.02,68277408.0,2485311232.0,3926586596.0,0.017388489042761454
2009-03-16,36.88,37.58,35.91,37.44,37791540.0,1366308736.0,3926586596.0,0.009624527328264736
2009-03-17,37.49,38.0,37.14,37.71,58365512.0,2151754496.0,3926586596.0,0.01486418561593847
2009-03-18,37.85,38.05,37.19,37.3,42840736.0,1577578752.0,3926586596.0,0.01091042689435188
2009-03-19,37.34,38.44,36.93,38.27,43633448.0,1612758272.0,3926586596.0,0.01111231012820378
2009-03-20,38.15,38.26,36.73,37.07,34787520.0,1273903488.0,3926586596.0,0.00885948116754586
2009-03-23,37.08,39.48,37.07,38.8,53995120.0,2039109120.0,3926586596.0,0.013751159863634394
2009-03-24,40.3,40.51,39.07,39.41,45564888.0,1774217472.0,3926586596.0,0.011604197917452473
2009-03-25,38.92,40.36,38.87,39.17,35764136.0,1395847168.0,3926586596.0,0.009108199991420741
2009-03-26,39.22,40.5,38.92,40.05,32867116.0,1278078336.0,3926586596.0,0.008370403961925
2009-03-27,40.51,40.91,39.39,39.65,36316920.0,1429724288.0,3926586596.0,0.009248979772150173
2009-03-30,39.48,39.56,38.1,38.27,39213720.0,1480134144.0,3926586596.0,0.009986719773338726
2009-03-31,37.66,40.81,37.6,39.9,78823464.0,3042126848.0,3926586596.0,0.020074296611794374
2009-04-01,39.73,40.6,39.27,39.56,53700056.0,2105371904.0,3926586596.0,0.013676014698034181
2009-04-02,39.82,41.81,39.82,40.83,69387888.0,2776738048.0,3926586596.0,0.017671299563515343
2009-04-03,41.58,41.67,40.71,41.0,42430620.0,1714514816.0,3926586596.0,0.01080598096148546
2009-04-07,41.32,42.04,40.5,41.43,24234776.0,982372672.0,3926586596.0,0.006171970337974434
2009-04-08,40.84,41.43,39.5,39.6,31479396.0,1241395840.0,3926586596.0,0.0080169875871496
2009-04-09,40.3,42.21,40.19,41.96,56717160.0,2293837312.0,3926586596.0,0.014444393014985986
2009-04-10,42.42,43.72,42.11,43.23,45816304.0,1938420352.0,3926586596.0,0.011668227066906638
2009-04-13,43.87,44.53,43.46,43.9,34783432.0,1503761408.0,3926586596.0,0.008858440059728662
2009-04-14,43.36,43.87,43.21,43.52,37023800.0,1579759488.0,3926586596.0,0.009429003816626893
2009-04-15,43.32,43.59,42.28,43.34,33253660.0,1398521088.0,3926586596.0,0.008468846716350375
2009-04-16,43.46,43.86,42.7,43.03,20448052.0,867779264.0,3926586596.0,0.005207589722032454
2009-04-17,42.64,43.35,42.34,42.42,22882308.0,956996032.0,3926586596.0,0.0058275317354035
2009-04-20,42.09,43.22,41.85,42.86,27299896.0,1137284224.0,3926586596.0,0.00695257708764409
2009-04-21,42.24,42.44,41.42,41.82,33033596.0,1356314624.0,3926586596.0,0.008412802110018713
2009-04-22,42.13,42.74,40.3,40.63,41859584.0,1703126912.0,3926586596.0,0.010660552868652435
2009-04-23,40.47,41.16,40.4,40.95,22056056.0,882443584.0,3926586596.0,0.005617106731446704
2009-04-24,41.41,41.58,40.19,40.34,18153944.0,727515968.0,3926586596.0,0.004623339777732996
2009-04-27,40.41,40.75,38.84,39.75,29273882.0,1131212544.0,3926586596.0,0.007455300242154649
2009-04-28,38.79,39.43,38.13,38.41,47716704.0,1808184064.0,3926586596.0,0.012152209771359388
2009-04-29,38.42,40.4,38.42,40.04,33757600.0,1309638656.0,3926586596.0,0.00859718719418763
2009-04-30,40.29,40.91,39.73,40.5,32459130.0,1282697344.0,3926586596.0,0.008266500484941807
2009-05-04,40.58,41.86,40.4,41.76,28216984.0,1144489216.0,3926586596.0,0.007186135670290461
2009-05-05,41.94,42.87,41.52,41.73,25594216.0,1057086912.0,3926586596.0,0.006518184528534972
2009-05-06,41.62,41.69,40.58,41.53,30080832.0,1213573632.0,3926586596.0,0.00766080952617809
2009-05-07,41.85,42.86,41.32,41.92,33150940.0,1371616256.0,3926586596.0,0.008442686590376168
2009-05-08,41.67,42.5,41.23,41.97,28922740.0,1183297664.0,3926586596.0,0.007365873461052277
2009-05-11,42.44,43.49,41.6,41.66,49263256.0,2071931520.0,3926586596.0,0.012546076546531358
2009-05-12,41.52,42.13,41.11,42.1,20897188.0,851255488.0,3926586596.0,0.005321973039200993
2009-05-13,42.13,42.76,41.34,42.35,36323064.0,1497741184.0,3926586596.0,0.009250544489965451
2009-05-14,41.67,41.99,41.09,41.18,29552428.0,1201513344.0,3926586596.0,0.007526238700581557
2009-05-15,41.22,41.65,40.5,40.82,24278672.0,975901440.0,3926586596.0,0.0061831495133031315
2009-05-18,40.55,41.11,40.41,41.06,17709228.0,708306112.0,3926586596.0,0.004510082120190684
2009-05-19,41.71,42.39,41.32,41.93,29774080.0,1223928832.0,3926586596.0,0.007582687729421465
2009-05-20,42.02,42.34,41.32,41.4,17212700.0,702783616.0,3926586596.0,0.004383629286957409
2009-05-21,41.01,41.06,39.97,40.2,30637396.0,1213215744.0,3926586596.0,0.007802551975094656
2009-05-22,40.07,40.45,39.65,40.23,26101802.0,1021619904.0,3926586596.0,0.006647453548226802
2009-05-25,39.38,40.23,39.12,40.02,22642528.0,879908864.0,3926586596.0,0.005766465974051321
2009-05-26,40.13,40.2,39.17,39.26,19609608.0,762017792.0,3926586596.0,0.004994059731160963
2009-05-27,39.59,40.72,39.59,40.41,25149634.0,988360512.0,3926586596.0,0.00640496099732522
2009-06-01,41.52,44.45,41.44,44.45,102776344.0,4375962624.0,3926586596.0,0.026174475333027903
2009-06-02,44.77,45.45,44.38,44.46,59409560.0,2612707072.0,3926586596.0,0.015130077625314646
2009-06-04,45.74,47.08,45.41,46.01,79279696.0,3602120960.0,3926586596.0,0.02019048709654384
2009-06-05,46.42,46.52,45.57,46.01,25711872.0,1159482752.0,3926586596.0,0.0065481484672189815
2009-06-15,48.15,48.46,45.87,47.06,88318960.0,4066243840.0,3926586596.0,0.02249255373355836
2009-06-16,46.06,46.4,44.58,44.73,57525720.0,2553742592.0,3926586596.0,0.014650312324348392
2009-06-17,44.68,45.31,43.85,44.9,34776464.0,1523013248.0,3926586596.0,0.008856665490435551
2009-06-18,44.94,46.21,44.68,45.44,35730176.0,1597462016.0,3926586596.0,0.009099551258183942
2009-06-19,45.48,47.08,44.58,46.09,39140044.0,1755244928.0,3926586596.0,0.009967956402609795
2009-06-22,46.93,48.7,46.48,47.66,47864672.0,2237784064.0,3926586596.0,0.012189893392077376
2009-06-23,46.52,47.95,46.29,46.77,41170232.0,1901336960.0,3926586596.0,0.010484992752213837
2009-06-24,47.04,47.44,45.91,46.68,30710604.0,1396377216.0,3926586596.0,0.007821196158333751
2009-06-25,46.54,48.62,46.54,47.99,39493240.0,1856874368.0,3926586596.0,0.010057906284362001
2009-06-26,48.0,48.49,47.44,47.87,22030604.0,1036374976.0,3926586596.0,0.005610624765653328
2009-06-29,47.84,49.83,47.84,49.14,32504754.0,1561986816.0,3926586596.0,0.008278119737156052
2009-06-30,49.18,52.05,49.18,50.46,42038692.0,2099516928.0,3926586596.0,0.010706167041578726
2009-07-01,50.4,54.17,50.29,53.32,30783634.0,1594649984.0,3926586596.0,0.007839795009578848
2009-07-02,53.58,56.21,53.58,56.09,51290308.0,2793985280.0,3926586596.0,0.01306231423808385
2009-07-03,55.55,56.98,55.24,56.64,36395860.0,1997458176.0,3926586596.0,0.009269083747465632
2009-07-06,56.52,58.74,56.42,57.13,36597236.0,2062401152.0,3926586596.0,0.009320369003775818
2009-07-07,56.62,57.13,55.3,55.69,26843764.0,1471384192.0,3926586596.0,0.006836412070306981
2009-07-08,54.68,55.75,53.05,54.88,33035478.0,1758185984.0,3926586596.0,0.008413281406719294
2009-07-09,54.81,57.43,54.15,57.4,43024036.0,2357985536.0,3926586596.0,0.010957108661204222
2009-07-10,57.4,57.74,56.01,56.93,26434586.0,1476147328.0,3926586596.0,0.006732205021768479
2009-07-13,56.14,57.64,55.7,55.78,17518528.0,969879616.0,3926586596.0,0.004461515764823846
2009-07-14,56.32,61.21,56.32,60.77,44171720.0,2589687040.0,3926586596.0,0.011249394078051806
2009-07-15,61.21,63.25,61.2,61.56,33470792.0,2040542848.0,3926586596.0,0.008524144618151699
2009-07-16,62.29,62.99,61.08,61.3,20566256.0,1245191936.0,3926586596.0,0.005237693222136186
2009-07-17,61.29,63.23,60.8,61.11,21622772.0,1311214208.0,3926586596.0,0.005506760508485167
2009-07-20,61.97,62.89,60.45,62.02,19318356.0,1176724608.0,3926586596.0,0.004919885383319838
2009-07-21,63.5,65.82,62.74,63.17,31694368.0,1997894400.0,3926586596.0,0.008071735392843988
2009-07-22,63.14,64.27,61.8,63.31,32713984.0,2020885504.0,3926586596.0,0.008331405204032841
2009-07-23,63.66,63.76,62.02,63.32,25164860.0,1549469056.0,3926586596.0,0.00640883866553086
2009-07-24,63.76,64.58,62.3,63.24,21749124.0,1353387776.0,3926586596.0,0.005538939093347834
2009-07-27,63.72,65.39,62.43,65.24,32370324.0,2029285120.0,3926586596.0,0.0082438838947231
2009-07-28,65.09,65.24,62.94,63.72,24362888.0,1529747328.0,3926586596.0,0.006204597149294604
2009-07-29,63.66,64.73,57.44,60.32,35468296.0,2154431425.0,3926586596.0,0.009032857198700629
2009-07-30,61.21,63.2,59.17,60.84,38220052.0,2280162816.0,3926586596.0,0.009733658246308546
2009-07-31,61.72,62.69,61.06,62.27,26790132.0,1625896960.0,3926586596.0,0.006822753387711101
2009-08-03,62.59,64.17,61.49,64.05,31047604.0,1924112256.0,3926586596.0,0.007907021337980444
2009-08-04,64.38,64.46,61.31,62.03,29088062.0,1780347264.0,3926586596.0,0.007407976696510885
2009-08-05,61.82,61.82,59.47,59.59,40328392.0,2383605248.0,3926586596.0,0.010270597888018665
2009-08-06,59.63,59.63,56.27,57.88,46548296.0,2631962624.0,3926586596.0,0.011854646487974718
2009-08-10,57.33,57.72,55.59,56.74,36816488.0,2043331968.0,3926586596.0,0.009376206814719132
2009-08-11,56.75,57.1,55.95,56.59,23759866.0,1318052224.0,3926586596.0,0.006051023049944726
2009-08-12,56.7,56.92,54.02,54.3,39930168.0,2155612672.0,3926586596.0,0.010169180539829866
2009-08-13,54.28,55.12,53.73,54.9,42140272.0,2251058944.0,3926586596.0,0.010732036839052052
2009-08-14,54.58,55.39,52.95,53.68,31000660.0,1642359296.0,3926586596.0,0.007895065915923073
2009-08-17,52.78,54.77,51.3,51.58,54493064.0,2848387328.0,3926586596.0,0.013877973315426659
2009-08-18,51.31,52.11,48.97,51.1,53289752.0,2634992896.0,3926586596.0,0.013571520886432526
2009-08-19,51.01,51.67,48.98,49.81,35771784.0,1754237056.0,3926586596.0,0.009110147739117887
2009-08-20,49.99,53.56,49.28,52.86,50815196.0,2577851136.0,3926586596.0,0.012941315505881179
2009-08-21,52.84,53.48,51.62,52.53,38670060.0,1988400256.0,3926586596.0,0.009848263639312847
2009-08-24,53.18,53.46,51.52,52.7,31644912.0,1633436288.0,3926586596.0,0.008059140229388181
2009-08-25,52.53,52.53,48.82,49.8,47645160.0,2340740864.0,3926586596.0,0.012133989365861932
2009-08-26,49.68,51.21,48.97,50.63,32536428.0,1607130240.0,3926586596.0,0.008286186285346348
2009-08-27,50.16,50.88,48.97,49.58,28653318.0,1403197696.0,3926586596.0,0.00729725864932892
2009-08-28,49.73,50.14,46.95,47.3,53526600.0,2513626368.0,3926586596.0,0.013631839943254367
2009-08-31,46.72,46.78,43.75,44.16,49367040.0,2173038592.0,3926586596.0,0.012572507645773057
2009-09-01,44.25,47.14,44.03,45.98,47930492.0,2142728960.0,3926586596.0,0.012206656042891458
2009-09-02,45.25,47.54,45.04,47.2,35558568.0,1626511360.0,3926586596.0,0.009055847141184506
2009-09-03,47.19,50.56,46.58,50.13,54987784.0,2632926464.0,3926586596.0,0.0140039656978445
2009-09-04,49.96,51.18,49.65,50.36,28698022.0,1411933696.0,3926586596.0,0.007308643601349471
2009-09-07,51.18,52.91,50.88,51.38,44872736.0,2269004032.0,3926586596.0,0.01142792471346785
2009-09-08,51.08,52.17,49.96,52.14,24423744.0,1224784896.0,3926586596.0,0.00622009559775923
2009-09-09,52.41,53.26,51.49,52.16,23411572.0,1198654720.0,3926586596.0,0.005962321580746312
2009-09-10,51.86,52.72,51.54,51.85,17660460.0,901176512.0,3926586596.0,0.004497662172531901
2009-09-11,51.9,54.34,51.9,53.9,30002326.0,1563142400.0,3926586596.0,0.0076408160794322645
2009-09-14,53.9,54.56,53.54,54.21,20927176.0,1104607616.0,3926586596.0,0.00532961020681893
2009-09-15,54.26,54.46,53.05,53.69,23044078.0,1208375936.0,3926586596.0,0.005868730368375148
2009-09-16,53.25,53.62,51.9,52.39,26729328.0,1375737472.0,3926586596.0,0.0068072681823009
2009-09-17,52.82,54.83,52.82,54.49,28002654.0,1481371264.0,3926586596.0,0.007131551365383411
2009-09-18,54.26,54.56,51.79,52.16,28995744.0,1508465280.0,3926586596.0,0.007384465690770162
2009-09-21,51.7,53.39,51.0,52.94,27210664.0,1383231232.0,3926586596.0,0.006929852006248737
2009-09-22,52.67,54.34,51.57,51.87,26644132.0,1383554304.0,3926586596.0,0.00678557096566832
2009-09-23,52.39,52.77,50.75,50.98,25500492.0,1288535936.0,3926586596.0,0.0064943154509764945
2009-09-24,50.52,52.77,49.53,52.03,35140892.0,1763249280.0,3926586596.0,0.008949475871943816
2009-09-25,51.19,53.54,51.18,52.75,28140972.0,1444307200.0,3926586596.0,0.0071667773808088454
2009-09-28,52.84,53.23,50.14,50.55,23288374.0,1171521536.0,3926586596.0,0.005930946238069418
2009-09-29,50.47,51.69,50.19,51.36,18957506.0,946504064.0,3926586596.0,0.0048279862258257455
2009-09-30,51.66,52.52,51.18,51.9,18183844.0,924772160.0,3926586596.0,0.004630954534028058
2009-10-09,53.56,54.67,53.09,54.57,30588160.0,1614873088.0,3926586596.0,0.007790012839946036
2009-10-12,54.61,55.87,54.46,54.47,29374242.0,1584031488.0,3926586596.0,0.007480859337197208
2009-10-13,54.46,55.79,54.18,55.69,23311908.0,1256447104.0,3926586596.0,0.005936939738893765
2009-10-14,55.89,57.79,55.51,56.58,35334096.0,1964594048.0,3926586596.0,0.0089986799313161
2009-10-15,57.74,58.44,57.07,57.54,22809488.0,1287087872.0,3926586596.0,0.005808986365724353
2009-10-16,57.68,58.5,56.35,57.37,19103800.0,1067281024.0,3926586596.0,0.004865243522060859
2009-10-19,57.21,59.27,57.02,59.2,25903286.0,1484263168.0,3926586596.0,0.006596896659910057
2009-10-20,59.27,60.4,59.27,60.27,23731464.0,1391879040.0,3926586596.0,0.0060437897954867875
2009-10-21,60.27,60.91,59.29,59.37,22151944.0,1296449664.0,3926586596.0,0.0056415269238086095
2009-10-22,59.12,59.94,58.48,58.66,18695090.0,1075080832.0,3926586596.0,0.004761155661012194
2009-10-23,58.87,60.56,58.87,59.89,20340868.0,1190500736.0,3926586596.0,0.005180292730770581
2009-10-26,60.4,61.42,60.14,60.77,24065216.0,1431466496.0,3926586596.0,0.006128787793580091
2009-10-27,60.09,61.54,59.3,60.37,24758838.0,1469398016.0,3926586596.0,0.006305435368526379
2009-10-28,60.19,60.59,58.15,59.03,26313200.0,1516726144.0,3926586596.0,0.006701291148603513
2009-10-29,57.63,58.43,56.35,56.88,29688520.0,1660749440.0,3926586596.0,0.007560897811407901
2009-10-30,58.45,58.86,57.2,57.29,21173288.0,1203061760.0,3926586596.0,0.005392288564721622
2009-11-02,56.0,61.78,55.87,61.12,35842044.0,2080859648.0,3926586596.0,0.009128041143040666
2009-11-03,61.12,62.88,60.72,62.18,32798546.0,1991568000.0,3926586596.0,0.008352940957271073
2009-11-04,61.93,62.65,60.96,61.93,18493954.0,1117571072.0,3926586596.0,0.004709931526491668
2009-11-05,61.92,62.21,60.6,61.39,18603096.0,1115581312.0,3926586596.0,0.004737727169687511
2009-11-06,62.23,62.56,61.39,61.43,15620298.0,946676352.0,3926586596.0,0.003978085703219265
2009-11-09,61.57,62.75,60.81,62.72,21236700.0,1279726208.0,3926586596.0,0.005408437960246121
2009-11-10,62.96,64.46,62.34,62.47,22848840.0,1417871872.0,3926586596.0,0.005819008301835501
2009-11-11,62.63,63.39,62.24,62.75,19895428.0,1218024320.0,3926586596.0,0.005066850689162797
2009-11-12,63.25,63.78,61.72,62.3,17248980.0,1058510720.0,3926586596.0,0.004392868864160917
2009-11-13,62.14,62.28,61.1,61.96,24835114.0,1493366016.0,3926586596.0,0.00632486089197662
2009-11-16,62.43,63.66,62.32,63.49,24752032.0,1524912256.0,3926586596.0,0.006303702056441289
2009-11-17,64.07,64.46,63.06,63.42,16113576.0,1000058624.0,3926586596.0,0.004103710845550903
2009-11-18,63.76,63.76,62.65,62.81,18536002.0,1142563840.0,3926586596.0,0.0047206400640399885
2009-11-19,62.86,63.25,61.52,61.94,30182262.0,1830659328.0,3926586596.0,0.00768664112253288
2009-11-20,61.91,61.91,60.3,61.01,58033692.0,3452108544.0,3926586596.0,0.014779679648251925
2009-11-23,61.06,61.06,59.83,60.53,85973008.0,5053860352.0,3926586596.0,0.02189510046399598
2009-11-24,60.97,61.83,59.76,60.26,71896080.0,4285025792.0,3926586596.0,0.01831007116288745
2009-11-25,60.31,61.95,59.9,61.86,43193728.0,2564403200.0,3926586596.0,0.011000324822582876
2009-11-26,61.82,62.45,58.94,59.25,59221560.0,3492293120.0,3926586596.0,0.015082198890081475
2009-11-27,58.84,58.84,56.6,56.68,56336248.0,3152308224.0,3926586596.0,0.014347384585224617
2009-11-30,57.31,58.3,56.6,58.17,37935680.0,2132779776.0,3926586596.0,0.009661236056437657
2009-12-01,57.82,58.91,57.12,58.44,38771916.0,2191515904.0,3926586596.0,0.00987420372684428
2009-12-02,58.86,59.57,58.81,59.1,31055982.0,1796369024.0,3926586596.0,0.007909154997787804
2009-12-03,58.96,58.96,57.7,58.21,28706264.0,1629666304.0,3926586596.0,0.007310742625476023
2009-12-04,57.93,62.03,57.34,61.34,84068944.0,4930833920.0,3926586596.0,0.02141018463355443
2009-12-07,60.91,61.53,60.3,61.16,38670972.0,2309371392.0,3926586596.0,0.009848495902113551
2009-12-08,61.33,61.55,59.25,59.61,33335200.0,1959188480.0,3926586596.0,0.008489612844387146
2009-12-09,58.96,58.96,58.2,58.3,28422556.0,1624260096.0,3926586596.0,0.007238489539223191
2009-12-10,58.91,59.05,57.77,58.43,23076168.0,1315365632.0,3926586596.0,0.005876902861000853
2009-12-11,58.45,59.56,58.25,58.38,19674032.0,1128878848.0,3926586596.0,0.005010466856898525
2009-12-14,58.15,59.27,56.81,58.67,30647516.0,1732840192.0,3926586596.0,0.007805129277225292
2009-12-15,58.34,58.44,57.33,57.57,23803780.0,1345975680.0,3926586596.0,0.006062206809407649
2009-12-16,57.53,58.25,57.32,57.41,17585232.0,990150336.0,3926586596.0,0.004478503547563172
2009-12-17,57.44,57.79,55.69,55.84,30601516.0,1687138432.0,3926586596.0,0.00779341426754058
2009-12-21,53.85,54.51,53.03,53.72,54278816.0,2842259200.0,3926586596.0,0.013823409893797742
2009-12-22,53.93,54.15,51.9,52.12,35982896.0,1859317120.0,3926586596.0,0.009163912502695255
2009-12-23,52.24,52.72,51.46,52.15,34788812.0,1770358656.0,3926586596.0,0.008859810206513526
2009-12-24,52.0,53.63,51.7,53.52,46033228.0,2372930560.0,3926586596.0,0.011723471996490256
2009-12-25,53.23,53.83,53.01,53.13,25840216.0,1345792896.0,3926586596.0,0.006580834362935823
2009-12-28,53.05,54.31,53.05,53.62,42639476.0,2242862336.0,3926586596.0,0.01085917118024003
2009-12-29,53.84,54.0,53.02,53.58,29144276.0,1522089088.0,3926586596.0,0.00742229294769385
2009-12-30,53.72,56.34,53.69,55.86,71805984.0,3864178944.0,3926586596.0,0.018287126043049325
2009-12-31,55.99,56.91,55.69,56.4,40473808.0,2232218112.0,3926586596.0,0.010307631580373275
2010-01-04,56.8,56.91,55.11,55.17,29364012.0,1603219328.0,3926586596.0,0.007478254020912977
2010-01-05,55.31,56.51,54.06,55.86,36015760.0,1951983360.0,3926586596.0,0.00917228211309261
2010-01-06,55.69,56.2,54.56,54.68,33204602.0,1791272562.0,3926586596.0,0.008456352913195754
2010-01-07,54.67,55.08,53.1,53.66,36541820.0,1927019008.0,3926586596.0,0.00930625598254347
2010-01-08,53.66,53.66,52.52,53.34,32302182.0,1672256000.0,3926586596.0,0.008226529890594065
2010-01-11,55.79,56.2,53.18,53.61,50140044.0,2670503680.0,3926586596.0,0.012769371761997427
2010-01-12,53.23,54.26,52.32,54.11,37824995.0,1967296214.0,3926586596.0,0.009633047451069127
2010-01-13,52.92,53.23,51.46,51.51,58478456.0,2982410752.0,3926586596.0,0.014892949530152168
2010-01-14,52.0,52.72,51.08,52.19,36926384.0,1864709248.0,3926586596.0,0.009404194482204156
2010-01-15,52.21,52.57,51.29,52.29,25819286.0,1312113024.0,3926586596.0,0.0065755040335292786
2010-01-18,51.97,51.97,51.12,51.52,41756128.0,2096539392.0,3926586596.0,0.010634205302523271
2010-01-19,51.46,52.52,51.45,51.78,34086344.0,1728482304.0,3926586596.0,0.008680909784270042
2010-01-20,51.9,52.03,50.04,50.12,39586584.0,1967789952.0,3926586596.0,0.010081678585753519
2010-01-21,50.26,51.59,50.07,51.11,30793656.0,1525533312.0,3926586596.0,0.007842347353645375
2010-01-22,50.16,51.85,49.65,51.15,43798320.0,2168366848.0,3926586596.0,0.011154298760306776
2010-01-25,50.57,51.88,50.39,50.93,22515220.0,1126487936.0,3926586596.0,0.00573404392072651
2010-01-26,50.96,51.17,49.65,49.79,22919240.0,1125299584.0,3926586596.0,0.0058369373601355815
2010-01-27,49.97,50.15,48.63,48.74,24137878.0,1161090304.0,3926586596.0,0.006147292924747711
2010-01-28,48.8,48.86,47.54,47.9,31026484.0,1458396160.0,3926586596.0,0.00790164262049042
2010-01-29,47.81,48.62,47.09,47.57,30866176.0,1444063488.0,3926586596.0,0.007860816321087446
2010-02-01,48.07,49.12,47.67,48.98,53318936.0,2517581824.0,3926586596.0,0.013578953296055107
2010-02-02,49.14,50.6,48.47,48.57,37989480.0,1835315968.0,3926586596.0,0.009674937524286298
2010-02-03,48.88,51.03,48.52,51.01,54863360.0,2685926656.0,3926586596.0,0.013972278124692096
2010-02-04,50.37,50.99,50.02,50.47,26613180.0,1312359296.0,3926586596.0,0.00677768829219525
2010-02-05,49.4,49.8,49.14,49.21,23861428.0,1150527232.0,3926586596.0,0.006076888263283829
2010-02-08,49.17,49.84,48.74,49.23,17571004.0,847341952.0,3926586596.0,0.004474880044132866
2010-02-09,49.38,50.26,49.14,49.88,18502700.0,900331200.0,3926586596.0,0.004712158906376504
2010-02-10,50.37,51.29,50.37,51.21,31677456.0,1579479680.0,3926586596.0,0.008067428344065992
2010-02-11,51.16,51.65,50.9,51.08,17018756.0,852491392.0,3926586596.0,0.004334236768733675
2010-02-12,51.39,51.58,51.05,51.27,15650370.0,784373952.0,3926586596.0,0.003985744263463584
2010-02-22,51.17,51.17,50.21,50.24,19112190.0,947411968.0,3926586596.0,0.004867380237957701
2010-02-23,49.02,49.02,45.22,45.78,163390816.0,7326993920.0,3926586596.0,0.04161141286593441
2010-02-24,45.25,45.84,45.04,45.67,67223888.0,2987057920.0,3926586596.0,0.017120184760086723
2010-02-25,45.91,46.65,45.79,46.29,61458660.0,2775680000.0,3926586596.0,0.015651930371943845
2010-02-26,46.12,46.64,45.89,46.09,48719160.0,2200839936.0,3926586596.0,0.012407509374587596
2010-03-01,47.07,47.99,46.38,47.81,56701376.0,2616181504.0,4786409636.0,0.01184632747969004
2010-03-02,47.81,48.09,47.41,47.68,33599280.0,1564937600.0,4786409636.0,0.007019725129100923
2010-03-03,47.73,47.91,47.03,47.52,26000388.0,1200550528.0,4786409636.0,0.005432127623269727
2010-03-04,47.56,47.78,46.08,46.13,31642260.0,1452330368.0,4786409636.0,0.006610854984498029
2010-03-05,46.37,46.78,46.17,46.57,24915348.0,1131918720.0,4786409636.0,0.005205435784811294
2010-03-08,46.68,47.44,46.5,47.25,22699556.0,1045515712.0,4786409636.0,0.004742501734341736
2010-03-09,47.28,48.83,46.78,48.16,41912840.0,1966561024.0,4786409636.0,0.008756634552287618
2010-03-10,48.17,48.88,47.96,48.36,30793102.0,1456470528.0,4786409636.0,0.006433444761684413
2010-03-11,48.37,48.84,47.63,48.11,21858044.0,1027961536.0,4786409636.0,0.00456668895106662
2010-03-12,48.09,48.49,47.71,47.76,20661480.0,969590464.0,4786409636.0,0.004316696975661863
2010-03-15,47.7,47.73,46.33,46.69,26418068.0,1206486144.0,4786409636.0,0.005519391362014214
2010-03-16,46.68,47.07,46.09,46.74,18528420.0,842655232.0,4786409636.0,0.003871047697347566
2010-03-17,46.95,49.64,46.9,49.46,54247172.0,2572077312.0,4786409636.0,0.011333583233660363
2010-03-18,49.14,49.83,49.03,49.14,34250372.0,1654213760.0,4786409636.0,0.007155754439066987
2010-03-19,49.19,49.65,48.73,49.61,24653096.0,1185927296.0,4786409636.0,0.005150644820405004
2010-03-22,49.57,49.96,49.25,49.54,22970086.0,1114155520.0,4786409636.0,0.004799022178802918
2010-03-23,49.69,49.8,48.63,48.8,18649228.0,894180160.0,4786409636.0,0.0038962874927656946
2010-03-24,49.05,49.65,48.8,49.0,17473094.0,839938816.0,4786409636.0,0.003650563852408223
2010-03-25,48.99,48.99,48.11,48.32,15714878.0,743771904.0,4786409636.0,0.003283228807205251
2010-03-26,48.25,49.95,48.22,49.38,28524668.0,1377169920.0,4786409636.0,0.005959512488328945
2010-03-29,49.85,51.88,49.76,51.43,53440136.0,2674552832.0,4786409636.0,0.011164973344124364
2010-03-30,51.44,52.21,51.3,52.04,34000812.0,1723131008.0,4786409636.0,0.007103615149081653
2010-03-31,51.85,52.11,51.36,51.59,20379792.0,1028863808.0,4786409636.0,0.004257845347526791
2010-04-01,51.59,52.82,51.59,52.48,23915424.0,1221550208.0,4786409636.0,0.004996526795392738
2010-04-02,52.62,53.09,52.21,52.73,17638506.0,907552896.0,4786409636.0,0.003685122532625622
2010-04-06,53.23,53.36,51.81,52.14,20292432.0,1041034304.0,4786409636.0,0.004239593671083776
2010-04-07,51.87,52.59,51.5,52.03,16340651.0,829878848.0,4786409636.0,0.0034139683484458038
2010-04-08,51.97,51.97,50.66,50.86,24534044.0,1229851520.0,4786409636.0,0.005125771897054572
2010-04-09,51.13,52.02,50.89,51.9,21574260.0,1084809856.0,4786409636.0,0.00450739941640883
2010-04-12,51.9,52.17,50.27,51.1,30865448.0,1544584704.0,4786409636.0,0.0064485596401636525
2010-04-13,51.22,53.44,51.22,53.12,60360280.0,3113389056.0,4786409636.0,0.012610763513848149
2010-04-14,53.24,53.58,52.72,53.46,29644064.0,1543008640.0,4786409636.0,0.006193382149542371
2010-04-15,53.23,54.13,52.78,53.77,30484880.0,1594987648.0,4786409636.0,0.006369049521109563
2010-04-16,53.44,53.59,52.21,52.3,24250128.0,1248649216.0,4786409636.0,0.005066454784314244
2010-04-19,51.7,52.82,50.32,50.38,50076704.0,2519922688.0,4786409636.0,0.01046226875847782
2010-04-20,50.98,52.15,50.26,51.82,42372604.0,2125985152.0,4786409636.0,0.00885269068516475
2010-04-21,51.9,53.6,51.7,53.25,45496056.0,2356458240.0,4786409636.0,0.009505257481058606
2010-04-22,52.92,54.1,52.52,53.0,43291608.0,2257690624.0,4786409636.0,0.009044693474288334
2010-04-23,53.28,54.2,52.31,53.0,35542520.0,1852355328.0,4786409636.0,0.007425716289026793
2010-04-26,52.99,53.32,51.88,51.89,22669544.0,1161687040.0,4786409636.0,0.004736231481212069
2010-04-27,51.58,51.58,49.66,50.82,38528832.0,1896412160.0,4786409636.0,0.008049631128563104
2010-04-28,50.06,50.91,49.85,50.15,19485414.0,958104384.0,4786409636.0,0.004070987542195396
2010-04-29,50.67,51.05,49.55,49.61,18382350.0,903803648.0,4786409636.0,0.0038405300419213848
2010-04-30,49.66,50.72,48.83,50.57,30217440.0,1476548992.0,4786409636.0,0.006313174654489602
2010-05-04,49.75,51.29,49.58,50.47,21769636.0,1076517120.0,4786409636.0,0.004548218321362246
2010-05-05,50.22,50.86,48.52,49.93,33452772.0,1619772416.0,4786409636.0,0.006989115964582685
2010-05-06,49.74,49.74,47.1,47.34,38359764.0,1808252928.0,4786409636.0,0.008014308619029364
2010-05-07,45.97,49.03,45.97,47.43,37770324.0,1758768512.0,4786409636.0,0.007891159945007265
2010-05-10,48.22,49.76,47.65,49.35,36370084.0,1730791168.0,4786409636.0,0.007598614988247111
2010-05-11,50.52,50.55,47.6,47.93,35435104.0,1701502592.0,4786409636.0,0.007403274415437016
2010-05-12,47.59,50.21,47.35,49.76,63487920.0,3062797056.0,4786409636.0,0.013264205287087969
2010-05-13,50.15,50.84,49.34,50.55,52630152.0,2586801408.0,4786409636.0,0.01099574754407836
2010-05-14,49.55,50.09,49.24,49.44,35407456.0,1715512832.0,4786409636.0,0.007397498060694611
2010-05-17,48.71,48.71,46.47,46.6,38439708.0,1778236800.0,4786409636.0,0.008031010908653453
2010-05-18,46.97,48.47,46.28,47.8,32797578.0,1517785984.0,4786409636.0,0.006852229644809281
2010-05-19,47.17,48.19,46.51,47.41,23687940.0,1098912256.0,4786409636.0,0.004948999730786937
2010-05-20,47.09,47.81,45.86,45.99,30797904.0,1401077248.0,4786409636.0,0.006434448018899149
2010-05-21,45.02,46.61,44.6,46.25,26119978.0,1165840896.0,4786409636.0,0.005457112948198987
2010-05-24,47.15,48.47,46.84,48.0,29952580.0,1399469952.0,4786409636.0,0.006257838814028328
2010-05-25,47.55,47.66,46.27,46.32,26359308.0,1203608192.0,4786409636.0,0.005507114936787663
2010-05-26,46.89,47.35,45.86,46.5,18037140.0,819489536.0,4786409636.0,0.0037684070883397328
2010-05-27,46.43,47.4,45.66,47.19,24530380.0,1120033920.0,4786409636.0,0.0051250063963392874
2010-05-28,47.76,47.89,46.68,47.05,19439144.0,899503424.0,4786409636.0,0.004061320588566524
2010-05-31,46.81,47.31,46.28,46.43,19667820.0,899346112.0,4786409636.0,0.004109096691614633
2010-06-01,46.27,47.5,45.86,47.01,30405946.0,1391943424.0,4786409636.0,0.00635255824560186
2010-06-02,46.89,46.89,45.86,46.58,20683348.0,935642624.0,4786409636.0,0.004321265744668913
2010-06-03,46.89,47.4,46.33,46.71,19361636.0,887133504.0,4786409636.0,0.004045127239920173
2010-06-04,46.39,46.77,46.17,46.63,10949741.0,497194656.0,4786409636.0,0.0022876731898673623
2010-06-07,46.07,46.39,45.1,45.6,19875312.0,889302080.0,4786409636.0,0.004152446930265206
2010-06-08,45.61,45.92,44.75,45.33,16634251.0,736749888.0,4786409636.0,0.0034753086896050197
2010-06-09,45.55,47.14,44.63,46.75,39746224.0,1784266368.0,4786409636.0,0.008303974591112494
2010-06-10,46.05,46.37,45.76,45.84,16798660.0,755136128.0,4786409636.0,0.003509657818180107
2010-06-11,46.36,47.07,46.07,46.38,18172830.0,828227648.0,4786409636.0,0.0037967561036390996
2010-06-17,46.75,46.98,45.92,46.11,16945756.0,769475456.0,4786409636.0,0.003540389830520557
2010-06-18,46.12,46.81,45.86,45.99,22998612.0,1040929344.0,4786409636.0,0.00480498196957917
2010-06-21,46.42,48.63,46.38,48.13,62914196.0,2941353216.0,4786409636.0,0.013144340076286776
2010-06-22,48.14,48.42,47.96,48.23,20767984.0,977327936.0,4786409636.0,0.00433894830977229
2010-06-23,47.98,48.49,47.24,47.87,21182052.0,988957504.0,4786409636.0,0.004425457411894614
2010-06-24,47.76,48.88,47.76,48.31,19365172.0,914646912.0,4786409636.0,0.0040458659982523905
2010-06-25,48.01,49.06,47.65,48.64,18098600.0,858193856.0,4786409636.0,0.003781247610709097
2010-06-28,48.62,49.1,47.82,47.92,20353606.0,964185152.0,4786409636.0,0.004252374440940976
2010-09-02,49.45,50.87,48.84,50.08,92382928.0,4498032128.0,4786409636.0,0.01930109101092408
2010-09-03,50.28,50.59,49.51,50.35,39502768.0,1922321536.0,4786409636.0,0.008253110578519653
2010-09-06,51.01,52.85,50.9,52.61,44738380.0,2264538624.0,4786409636.0,0.009346960122992699
2010-09-07,52.65,52.67,51.49,52.33,28578934.0,1440108032.0,4786409636.0,0.005970850005200015
2010-09-08,52.08,52.08,51.06,51.42,26724044.0,1333713792.0,4786409636.0,0.005583317357336191
2010-09-09,51.66,51.69,49.84,50.11,22986434.0,1126863232.0,4786409636.0,0.004802437682540216
2010-09-10,50.27,51.0,50.1,50.7,17326076.0,847604352.0,4786409636.0,0.0036198481362074543
2010-09-13,50.75,52.19,50.74,51.28,22164932.0,1106541952.0,4786409636.0,0.0046308054858679466
2010-09-14,51.49,52.45,51.49,51.79,22882186.0,1152375424.0,4786409636.0,0.004780657682931341
2010-09-15,51.77,52.6,50.94,50.95,23935860.0,1202541952.0,4786409636.0,0.0050007963839892285
2010-09-16,50.95,51.46,50.03,50.56,18035712.0,882336320.0,4786409636.0,0.003768108743628645
2010-09-17,50.84,50.94,50.06,50.39,13349975.0,649613632.0,4786409636.0,0.0027891417607868113
2010-09-20,50.64,52.5,50.07,51.65,28273238.0,1405175296.0,4786409636.0,0.005906982508840996
2010-09-21,52.16,52.47,51.59,51.92,16710261.0,843371008.0,4786409636.0,0.003491189068799543
2010-09-27,51.9,53.3,51.77,53.23,28560428.0,1452196480.0,4786409636.0,0.005966983641598201
2010-09-28,53.05,53.48,52.39,52.71,17637264.0,901276800.0,4786409636.0,0.0036848630479399277
2010-09-29,52.65,53.47,52.5,52.79,15696086.0,804872960.0,4786409636.0,0.0032793026910912727
2010-09-30,52.5,55.29,52.32,54.66,38139584.0,2002691328.0,4786409636.0,0.007968307541657307
2010-10-08,54.25,57.36,54.25,57.0,45647428.0,2494060032.0,4786409636.0,0.009536882856133378
2010-10-11,57.56,61.46,57.56,60.14,70004376.0,4059817728.0,4786409636.0,0.014625654994816243
2010-10-12,59.81,60.76,59.48,60.46,34951680.0,2036211968.0,4786409636.0,0.007302275120189901
2010-10-13,60.4,61.54,60.14,61.28,38705720.0,2285875968.0,4786409636.0,0.008086587430562326
2010-10-14,64.07,65.21,62.73,62.83,70254224.0,4354684928.0,4786409636.0,0.014677854455163477
2010-10-15,62.52,65.1,62.33,64.79,60368908.0,3762361600.0,4786409636.0,0.012612566117606737
2010-10-18,64.79,66.34,62.0,62.51,59721752.0,3716974336.0,4786409636.0,0.012477359135919975
2010-10-19,62.37,64.98,62.32,64.72,34166512.0,2111048704.0,4786409636.0,0.007138233999660952
2010-10-20,64.72,69.44,64.69,69.22,93511184.0,6105907712.0,4786409636.0,0.019536811746465405
2010-10-21,69.23,69.23,67.24,67.86,40407296.0,2660063232.0,4786409636.0,0.00844208897125829
2010-10-22,67.48,68.72,66.56,67.16,30974922.0,2025961472.0,4786409636.0,0.006471431481131174
2010-10-25,67.14,69.44,65.62,69.06,38999352.0,2554247424.0,4786409636.0,0.00814793445731731
2010-10-26,68.82,68.82,65.62,66.16,54949172.0,3539792640.0,4786409636.0,0.011480248490791732
2010-10-27,65.1,65.91,63.03,63.33,60016576.0,3723673088.0,4786409636.0,0.012538955201117266
2010-10-28,62.31,63.43,62.0,62.84,44111196.0,2674745856.0,4786409636.0,0.00921592578876381
2010-10-29,62.84,63.04,61.52,61.92,36193032.0,2169903104.0,4786409636.0,0.0075616244225695855
2010-11-02,64.13,64.18,62.27,62.51,53035232.0,3237673472.0,4786409636.0,0.01108037882948972
2010-11-03,62.31,63.66,60.82,62.46,41702392.0,2509020416.0,4786409636.0,0.008712666731728099
2010-11-04,62.6,64.36,62.47,63.5,32529152.0,2004135808.0,4786409636.0,0.006796148778269759
2010-11-05,64.59,65.21,63.99,64.58,31745404.0,1986586496.0,4786409636.0,0.006632404331052956
2010-11-08,64.59,64.64,63.11,63.7,31575608.0,1948900224.0,4786409636.0,0.006596929724215522
2010-11-09,63.72,63.72,62.0,62.17,33681504.0,2034534272.0,4786409636.0,0.007036903767423387
2010-11-10,61.95,63.09,61.06,63.04,34058344.0,2054686976.0,4786409636.0,0.007115635014570658
2010-11-11,63.43,65.89,62.67,64.58,54612124.0,3417606656.0,4786409636.0,0.011409830781980317
2010-11-12,64.39,66.34,62.14,62.77,60449284.0,3759229696.0,4786409636.0,0.012629358662773676
2010-11-15,62.11,62.71,59.94,61.41,42599968.0,2525269248.0,4786409636.0,0.008900192678786426
2010-11-16,61.18,61.18,57.66,58.54,41286104.0,2374219008.0,4786409636.0,0.008625693816399462
2010-11-17,57.43,60.2,57.17,58.81,49882368.0,2832767744.0,4786409636.0,0.010421667135386822
2010-11-18,59.79,59.99,58.2,59.58,30826572.0,1767075712.0,4786409636.0,0.006440437477006617
2010-11-19,60.09,60.17,57.37,59.64,36633472.0,2087955456.0,4786409636.0,0.007653643291303118
2010-11-22,59.43,61.49,59.32,60.32,35370132.0,2069311744.0,4786409636.0,0.007389700148932259
2010-11-23,59.53,59.73,57.68,58.14,30773162.0,1744352256.0,4786409636.0,0.006429278799822306
2010-11-24,58.33,60.65,58.33,60.24,33988668.0,1971102336.0,4786409636.0,0.007101077965488201
2010-11-25,60.16,60.97,59.28,60.44,24521136.0,1431165440.0,4786409636.0,0.00512307509486219
2010-11-26,60.05,60.13,58.73,59.08,21308208.0,1224229504.0,4786409636.0,0.004451814537505248
2010-11-29,58.91,60.14,58.9,59.68,17862844.0,1030556736.0,4786409636.0,0.0037319923195976118
2010-11-30,59.42,60.03,57.56,58.58,25961900.0,1472657664.0,4786409636.0,0.005424086522961362
2010-12-01,58.28,58.58,57.66,57.87,14175262.0,796698752.0,4786409636.0,0.0029615647380833577
2010-12-02,59.42,59.99,58.79,58.81,22266844.0,1282129664.0,4786409636.0,0.0046520974369858555
2010-12-03,59.37,60.76,59.21,60.58,33693496.0,1966304512.0,4786409636.0,0.0070394091944369465
2010-12-06,60.44,62.46,60.29,61.77,34157740.0,2033742080.0,4786409636.0,0.007136401310721413
2010-12-07,61.43,62.89,60.85,62.4,24612352.0,1472475392.0,4786409636.0,0.005142132385595089
2010-12-08,62.2,62.66,61.1,61.19,18289760.0,1094520704.0,4786409636.0,0.0038211856884202543
2010-12-09,60.87,62.37,60.57,61.15,18081036.0,1073767936.0,4786409636.0,0.0037775780543326653
2010-12-10,60.87,63.12,60.76,62.93,33182722.0,1998477952.0,4786409636.0,0.006932695804058004
2010-12-13,63.04,63.55,62.28,63.53,39067988.0,2378679808.0,4786409636.0,0.00816227422453735
2010-12-14,63.04,64.23,62.84,62.99,23033308.0,1414462336.0,4786409636.0,0.004812230826789185
2010-12-15,62.98,63.24,61.37,61.46,24819854.0,1490436736.0,4786409636.0,0.005185484713494338
2010-12-16,61.29,61.77,59.58,59.7,34337184.0,2008535552.0,4786409636.0,0.0071738916246824975
2010-12-17,59.92,59.95,58.97,59.44,25878580.0,1486898944.0,4786409636.0,0.00540667890298389
2010-12-20,59.76,59.9,57.35,58.09,30422032.0,1717720576.0,4786409636.0,0.00635591901102382
2010-12-21,58.38,60.62,58.14,60.54,32782388.0,1884808448.0,4786409636.0,0.0068490560760687885
2010-12-22,60.45,60.65,58.81,59.2,20495658.0,1186543232.0,4786409636.0,0.004282052636248704
2010-12-23,59.21,60.09,58.61,58.83,16497704.0,943569664.0,4786409636.0,0.003446780625694027
2010-12-24,58.55,59.63,58.09,58.89,18612858.0,1063026048.0,4786409636.0,0.003888688895327136
2010-12-27,60.56,60.95,57.35,57.63,31075708.0,1784328832.0,4786409636.0,0.0064924881828480425
2010-12-28,57.56,58.46,56.84,56.95,21988616.0,1226590336.0,4786409636.0,0.004593968688893054
2010-12-29,57.16,57.43,56.63,57.38,12728114.0,702856128.0,4786409636.0,0.0026592195336287345
2010-12-30,57.4,57.77,56.69,57.05,18121954.0,1002551616.0,4786409636.0,0.0037861268420695616
2010-12-31,57.34,58.37,57.13,58.04,16476099.0,921857600.0,4786409636.0,0.0034422668039271846
2011-01-04,58.75,59.52,58.39,58.81,24562682.0,1400499328.0,4786409636.0,0.005131755087416008
2011-01-05,58.48,58.7,56.63,56.69,42755424.0,2368305664.0,4786409636.0,0.008932671303020919
2011-01-06,56.77,56.77,53.17,54.35,94707864.0,4971851776.0,4786409636.0,0.019786827957154814
2011-01-07,54.74,56.06,53.53,54.78,65901388.0,3494756608.0,4786409636.0,0.013768438769706673
2011-01-10,54.67,55.7,53.63,53.77,28291936.0,1494174336.0,4786409636.0,0.00591088898601741
2011-01-11,53.57,54.31,53.43,53.86,25804732.0,1343674112.0,4786409636.0,0.0053912502193533525
2011-01-12,54.02,54.98,53.74,54.76,22555926.0,1189009664.0,4786409636.0,0.004712493855592764
2011-01-13,55.0,55.22,54.31,54.75,19512048.0,1034239296.0,4786409636.0,0.004076552047121944
2011-01-14,54.47,54.69,53.53,53.72,15443985.0,806532096.0,4786409636.0,0.003226632523017092
2011-01-17,53.48,53.71,51.46,51.51,30856564.0,1561578624.0,4786409636.0,0.0064467035516389305
2011-01-18,51.53,52.24,51.2,51.67,18054012.0,901697984.0,4786409636.0,0.0037719320687077105
2011-01-19,51.67,52.48,51.47,52.37,17834176.0,896464512.0,4786409636.0,0.0037260028614901444
2011-01-20,52.49,52.54,50.37,50.41,22174188.0,1106855808.0,4786409636.0,0.004632739294443456
2011-01-21,50.49,52.24,50.12,51.06,23804844.0,1176531328.0,4786409636.0,0.004973423883521531
2011-01-24,51.36,51.36,49.6,49.96,25275912.0,1226944384.0,4786409636.0,0.005280766570811743
2011-01-25,49.95,50.64,49.5,50.12,20078098.0,973316672.0,4786409636.0,0.004194813968488342
2011-01-26,50.21,51.01,50.17,50.56,14870662.0,727077952.0,4786409636.0,0.0031068510910878503
2011-01-27,50.12,51.86,49.67,51.6,25809644.0,1278763008.0,4786409636.0,0.005392276458303536
2011-01-28,51.6,51.82,50.53,51.05,18170456.0,897234496.0,4786409636.0,0.0037962601160031594
2011-01-31,50.98,51.57,50.58,51.36,17198006.0,851152064.0,4786409636.0,0.0035930911284000264
2011-02-01,51.44,51.77,51.14,51.62,14034772.0,697707968.0,4786409636.0,0.0029322128834189903
2011-02-09,51.46,52.45,51.1,51.57,21756436.0,1092232064.0,4786409636.0,0.004545460513108494
2011-02-10,51.46,52.35,51.01,52.26,24927476.0,1244606848.0,4786409636.0,0.005207969625606863
2011-02-11,51.88,52.08,51.41,51.64,42511528.0,2125527424.0,4786409636.0,0.008881715363486286
2011-02-14,51.67,54.25,51.63,54.04,54854960.0,2822049280.0,4786409636.0,0.011460565261155178
2011-02-15,53.93,54.25,53.32,53.36,33694088.0,1753103488.0,4786409636.0,0.0070395328779586305
2011-02-16,53.22,53.59,52.7,53.21,27251076.0,1398832896.0,4786409636.0,0.005693427448214338
2011-02-17,53.23,53.63,52.7,52.97,25782512.0,1324705152.0,4786409636.0,0.00538660790879287
2011-02-18,52.81,53.3,52.47,52.89,24904558.0,1275689984.0,4786409636.0,0.005203181485488719
2011-02-21,52.68,53.38,52.37,53.28,21762436.0,1112791552.0,4786409636.0,0.004546714062314745
2011-02-22,53.32,53.42,50.85,50.88,50703756.0,2537769216.0,4786409636.0,0.010593275514624172
2011-02-23,50.67,51.01,50.25,50.56,28417672.0,1389602816.0,4786409636.0,0.005937158363183606
2011-02-24,50.53,50.64,49.82,50.5,27132172.0,1318825984.0,4786409636.0,0.005668585445744326
2011-02-25,50.51,51.55,50.22,50.86,25306960.0,1245919744.0,4786409636.0,0.005287253270104356
2011-02-28,50.93,51.51,50.41,51.42,25649576.0,1267223040.0,4786409636.0,0.005358834272579172
2011-03-01,51.45,52.42,51.36,51.93,28229964.0,1417131136.0,4786409636.0,0.005897941494115779
2011-03-02,51.51,52.2,51.28,51.78,22529204.0,1124773504.0,4786409636.0,0.0047069109652778576
2011-03-03,52.05,53.84,52.02,52.41,65848944.0,3369414912.0,4786409636.0,0.013757481913944568
2011-03-04,52.66,54.0,52.45,53.87,48122904.0,2481548288.0,4786409636.0,0.01005407135194895
2011-03-07,54.37,55.5,54.24,55.29,54438880.0,2894907648.0,4786409636.0,0.011373635802199024
2011-03-08,55.18,55.6,54.37,54.95,30245234.0,1610827648.0,4786409636.0,0.006318981512262692
2011-03-09,55.29,55.81,54.74,55.2,26817186.0,1436572800.0,4786409636.0,0.005602777037364296
2011-03-10,54.98,54.98,53.28,53.36,43274276.0,2251457024.0,4786409636.0,0.00904107238848121
2011-03-11,53.01,53.33,52.25,52.56,30476000.0,1558931328.0,4786409636.0,0.006367194268284312
2011-03-15,52.7,52.86,50.13,51.1,55821624.0,2776165888.0,4786409636.0,0.01166252540947375
2011-03-16,51.61,52.28,51.46,51.82,23926928.0,1198791040.0,4786409636.0,0.004998930267070856
2011-03-17,51.31,51.31,50.22,50.4,39541984.0,1938948096.0,4786409636.0,0.008261303776131709
2011-03-18,50.79,51.2,50.63,50.67,21779052.0,1072152576.0,4786409636.0,0.00455018555791659
2011-03-21,50.84,51.44,50.72,50.84,17833596.0,880737792.0,4786409636.0,0.0037258816850668734
2011-03-22,51.15,51.87,50.73,51.76,22923006.0,1141356160.0,4786409636.0,0.004789185996031202
2011-03-23,51.57,52.35,51.35,52.11,20263380.0,1017430976.0,4786409636.0,0.004233523985827109
2011-03-24,52.11,52.16,51.57,51.68,15778796.0,790142592.0,4786409636.0,0.003296582866899443
2011-03-25,51.81,52.8,51.59,52.2,28220786.0,1427721216.0,4786409636.0,0.00589602398167995
2011-03-28,52.39,52.97,51.67,51.74,31140244.0,1577431936.0,4786409636.0,0.006505971358110478
2011-03-29,51.76,52.48,50.99,51.53,35300580.0,1764101888.0,4786409636.0,0.007375169006533397
2011-03-30,51.67,52.18,51.37,51.66,19736524.0,989493824.0,4786409636.0,0.004123450665725678
2011-03-31,51.78,52.04,51.07,51.11,18746740.0,933591040.0,4786409636.0,0.003916660174465686
2011-04-01,51.26,52.97,51.18,52.94,30588542.0,1541263232.0,4786409636.0,0.006390707090745963
2011-04-06,53.57,55.22,53.44,55.01,77988656.0,4103732480.0,4786409636.0,0.016293769637563883
2011-04-07,55.24,55.25,54.4,54.77,31742216.0,1681947264.0,4786409636.0,0.0066317382785747005
2011-04-08,54.67,55.19,54.31,54.67,22070124.0,1167683840.0,4786409636.0,0.004610997737010239
2011-04-11,54.77,55.09,53.56,53.61,33648836.0,1775014912.0,4786409636.0,0.007030078609845085
2011-04-12,53.43,53.96,53.12,53.72,25647288.0,1327063040.0,4786409636.0,0.005358356252481855
2011-04-13,53.39,55.39,53.31,55.3,34501396.0,1812102656.0,4786409636.0,0.007208199595058646
2011-04-14,55.15,55.91,54.78,54.95,42294920.0,2267672064.0,4786409636.0,0.008836460565741682
2011-04-15,54.88,56.14,54.65,55.99,37810608.0,2034348800.0,4786409636.0,0.007899576274378034
2011-04-18,55.76,57.33,55.58,56.72,51504580.0,2829349888.0,4786409636.0,0.010760587562881967
2011-04-19,56.2,56.3,54.54,54.56,34442760.0,1841998080.0,4786409636.0,0.00719594907651569
2011-04-20,54.93,55.16,54.02,54.38,21967270.0,1158416512.0,4786409636.0,0.004589508978666949
2011-04-21,55.05,55.37,54.64,54.73,17426110.0,926247488.0,4786409636.0,0.0036407477264238067
2011-04-22,54.77,54.77,53.78,53.91,16789978.0,880622848.0,4786409636.0,0.0035078439324786616
2011-04-25,53.91,53.91,52.96,53.41,20758672.0,1072991296.0,4786409636.0,0.004337002801404188
2011-04-26,53.2,53.85,53.1,53.29,19023964.0,982995520.0,4786409636.0,0.003974579161991307
2011-04-27,53.61,53.71,53.01,53.33,16760280.0,865222912.0,4786409636.0,0.0035016392817574546
2011-04-28,53.74,54.79,53.74,53.86,37385148.0,1961251712.0,4786409636.0,0.007810687100162774
2011-04-29,53.69,54.14,52.6,53.97,22170626.0,1144894336.0,4786409636.0,0.004631995104064679
2011-05-03,53.74,54.44,53.13,54.33,19659180.0,1027976832.0,4786409636.0,0.004107291580757632
2011-05-04,53.74,53.93,52.29,52.49,30342864.0,1557728256.0,4786409636.0,0.006339378847097073
2011-05-05,52.37,52.5,51.61,51.99,22705576.0,1140945408.0,4786409636.0,0.004743759462045341
2011-05-06,51.44,52.2,51.33,51.75,17448296.0,873256896.0,4786409636.0,0.0036453829335387875
2011-05-09,51.96,52.06,51.25,51.38,16247316.0,810857024.0,4786409636.0,0.0033944683459182306
2011-05-10,51.4,52.01,51.4,51.89,10952009.0,547966912.0,4786409636.0,0.002288147031467325
2011-05-11,51.93,52.24,51.51,51.92,10582191.0,531970464.0,4786409636.0,0.002210882854741102
2011-05-12,51.44,51.82,50.84,50.85,15940475.0,792575488.0,4786409636.0,0.003330361630585686
2011-05-13,51.16,51.85,50.83,51.73,16461606.0,816278784.0,4786409636.0,0.0034392388558194854
2011-05-16,51.67,51.84,50.87,50.92,17112700.0,849319168.0,4786409636.0,0.003575268583635285
2011-05-17,50.92,51.88,50.84,51.47,15967371.0,793326208.0,4786409636.0,0.0033359808738275738
2011-05-18,51.4,52.29,51.18,51.78,19068140.0,956027136.0,4786409636.0,0.003983808626947198
2011-05-19,51.92,52.18,51.37,51.56,11486756.0,574185664.0,4786409636.0,0.0023998689776998433
2011-05-20,51.47,51.87,51.46,51.65,9870388.0,493234080.0,4786409636.0,0.002062169507131587
2011-05-23,51.46,51.57,49.65,49.74,27534228.0,1341534336.0,4786409636.0,0.005752584942355736
2011-05-24,49.75,50.11,49.6,49.85,12146116.0,585692480.0,4786409636.0,0.0025376256784721213
2011-05-25,49.74,49.74,49.34,49.39,13988790.0,669703040.0,4786409636.0,0.002922606100152018
2011-05-26,49.72,49.89,49.28,49.31,14572537.0,697884032.0,4786409636.0,0.003044565364902253
2011-05-27,49.31,50.03,49.29,49.57,15778318.0,757549312.0,4786409636.0,0.0032964830008126783
2011-05-30,49.48,49.92,49.33,49.58,13305860.0,639592960.0,4786409636.0,0.0027799250402478506
2011-05-31,49.62,50.42,49.48,50.34,14413313.0,696638016.0,4786409636.0,0.0030112995117662343
2011-06-01,50.12,50.41,49.96,50.11,13498553.0,655567552.0,4786409636.0,0.002820183399781205
2011-06-02,49.6,49.8,48.39,48.84,21722656.0,1029299584.0,4786409636.0,0.004538403031077301
2011-06-03,48.86,49.39,48.67,49.27,13413214.0,636580928.0,4786409636.0,0.002802353960495829
2011-06-07,48.96,49.65,48.75,49.54,11055683.0,526357184.0,4786409636.0,0.002309807108202136
2011-06-08,49.5,49.5,48.79,49.21,11677931.0,553962240.0,4786409636.0,0.0024398101892840166
2011-06-09,49.14,49.34,48.5,48.6,13935337.0,658333952.0,4786409636.0,0.0029114384391983952
2011-06-10,48.8,49.06,48.47,49.01,11565451.0,545290752.0,4786409636.0,0.002416310320164164
2011-06-13,48.57,48.58,47.83,48.34,11461277.0,533662848.0,4786409636.0,0.0023945457809954984
2011-06-14,48.29,48.95,48.05,48.65,13082288.0,616264128.0,4786409636.0,0.0027332152897245254
2011-06-15,48.7,48.92,47.89,47.94,12700058.0,593268224.0,4786409636.0,0.002653357937540305
2011-06-17,47.42,47.63,46.58,46.63,22278520.0,1012345024.0,4786409636.0,0.00465453684374122
2011-06-20,46.68,46.8,45.43,45.84,20470190.0,909820736.0,4786409636.0,0.004276731737717904
2011-06-21,45.88,46.2,45.67,46.12,15097627.0,671342528.0,4786409636.0,0.0031542697236873105
2011-06-22,46.3,46.84,46.22,46.41,15240250.0,685388928.0,4786409636.0,0.0031840672150945
2011-06-23,46.38,47.74,46.02,47.4,17306480.0,784718144.0,4786409636.0,0.0036157540444998384
2011-06-24,47.32,49.5,47.28,49.28,37010276.0,1745360768.0,4786409636.0,0.007732367017155153
2011-06-27,49.09,49.9,48.9,49.08,13468282.0,643107264.0,4786409636.0,0.002813859035110801
2011-06-28,49.44,49.5,48.41,48.88,13322946.0,629352448.0,4786409636.0,0.002783494730537518
2011-06-29,49.07,49.24,48.24,48.29,14464443.0,683272896.0,4786409636.0,0.0030219818402521703
2011-06-30,48.52,50.47,48.45,49.88,29800348.0,1434330240.0,4786409636.0,0.006226033763567327
2011-07-01,50.0,50.17,49.43,49.75,15378543.0,740400832.0,4786409636.0,0.003212960061824512
2011-07-04,50.06,51.0,50.06,50.81,21986308.0,1079421184.0,4786409636.0,0.0045934864902983825
2011-07-05,50.74,50.98,50.02,50.33,16309223.0,795194688.0,4786409636.0,0.003407402257703461
2011-07-06,50.1,51.36,49.37,50.64,21670614.0,1047725568.0,4786409636.0,0.004527530163112015
2011-07-07,51.26,51.32,49.87,50.22,23048060.0,1126324864.0,4786409636.0,0.004815312886437621
2011-07-08,50.43,50.74,49.91,50.11,14141535.0,687300608.0,4786409636.0,0.0029545183290701532
2011-07-11,49.76,49.76,49.12,49.54,14456302.0,691891456.0,4786409636.0,0.0030202809829041554
2011-07-12,49.07,49.07,48.08,48.14,21661284.0,1016356032.0,4786409636.0,0.004525580894096295
2011-07-13,48.34,49.17,48.19,49.0,18334644.0,866342464.0,4786409636.0,0.003830563072182483
2011-07-14,49.0,49.3,48.68,48.96,14623135.0,692705600.0,4786409636.0,0.0030551365453585677
2011-07-15,48.89,49.71,48.55,49.38,13608647.0,648143744.0,4786409636.0,0.002843184774166705
2011-07-18,49.49,49.75,48.84,49.03,13954314.0,663725248.0,4786409636.0,0.0029154032064129
2011-07-19,48.76,48.85,48.36,48.48,11710352.0,550558464.0,4786409636.0,0.0024465837424199935
2011-07-20,48.93,49.06,48.43,48.68,14392419.0,678642240.0,4786409636.0,0.003006934235580333
2011-07-21,48.94,48.95,47.85,47.92,12564446.0,581318144.0,4786409636.0,0.002625025218380619
2011-07-22,48.21,48.82,47.97,48.35,12940788.0,600454912.0,4786409636.0,0.0027036524209437724
2011-07-25,48.06,48.06,46.9,47.1,19289212.0,878714432.0,4786409636.0,0.004029996065301252
2011-07-26,47.1,47.62,47.02,47.53,9504721.0,432660864.0,4786409636.0,0.0019857725775312223
2011-07-27,47.19,47.28,46.54,46.9,23101828.0,1038091200.0,4786409636.0,0.004826546358724571
2011-07-28,46.45,46.45,45.72,45.93,23426056.0,1033934144.0,4786409636.0,0.004894285650731963
2011-07-29,46.12,47.01,45.71,46.38,25417492.0,1129201920.0,4786409636.0,0.0053103461535819125
2011-08-01,46.38,46.9,46.23,46.81,12919968.0,578054144.0,4786409636.0,0.002699302605198081
2011-08-02,46.24,46.28,45.75,46.24,10448316.0,461108192.0,4786409636.0,0.0021829130380766264
2011-08-03,45.85,46.41,45.73,45.91,13551811.0,597705216.0,4786409636.0,0.0028313103203856244
2011-08-04,46.1,46.44,45.86,45.89,12270806.0,542172736.0,4786409636.0,0.0025636765202266946
2011-08-05,44.82,44.9,43.82,44.13,37255852.0,1588703744.0,4786409636.0,0.007783673950467536
2011-08-08,43.57,43.96,42.43,42.69,31936044.0,1320759040.0,4786409636.0,0.0066722337678329045
2011-08-09,41.54,42.62,41.28,42.41,35845092.0,1443504128.0,4786409636.0,0.0074889311040990895
2011-08-10,43.21,43.36,42.44,42.72,27234676.0,1122210944.0,4786409636.0,0.005690001080383919
2011-08-11,42.1,43.45,41.84,43.43,28510756.0,1171015552.0,4786409636.0,0.005956605925569384
2011-08-12,43.75,43.77,42.73,43.01,28036164.0,1159061760.0,4786409636.0,0.005857451854753871
2011-08-15,43.18,44.48,42.73,44.4,27843298.0,1166843904.0,4786409636.0,0.005817157351218403
2011-08-16,44.17,44.45,43.57,43.64,18800632.0,794229696.0,4786409636.0,0.003927919553436233
2011-08-18,44.17,44.3,42.79,42.99,19358040.0,809163904.0,4786409636.0,0.004044375946095893
2011-08-19,42.14,42.63,41.8,42.01,16468311.0,665548672.0,4786409636.0,0.003440639697057471
2011-08-22,42.16,42.58,41.69,42.13,12944407.0,521686784.0,4786409636.0,0.0027044085200400095
2011-08-23,42.16,42.73,41.99,42.72,11525490.0,469445568.0,4786409636.0,0.0024079614735256646
2011-08-24,42.98,43.08,42.2,42.33,13428977.0,548191104.0,4786409636.0,0.0028056472431855183
2011-08-25,42.44,44.3,42.43,44.25,36226148.0,1519226624.0,4786409636.0,0.00756854317848862
2011-08-26,43.96,44.14,43.46,43.78,18579286.0,780558528.0,4786409636.0,0.003881674869668426
2011-08-29,43.15,43.15,42.4,42.81,18711960.0,767337856.0,4786409636.0,0.003909393767566784
2011-08-30,43.11,43.7,42.51,42.54,16528408.0,684287744.0,4786409636.0,0.003453195454832149
2011-08-31,42.45,42.52,42.09,42.45,18542296.0,751685504.0,4786409636.0,0.003873946738811889
2011-09-01,42.73,43.49,42.56,42.87,20310794.0,837405824.0,4786409636.0,0.00424342994950464
2011-09-02,42.86,43.39,42.3,43.01,12062886.0,492888352.0,4786409636.0,0.002520236861732743
2011-09-05,42.59,42.59,42.03,42.11,10805056.0,435817152.0,4786409636.0,0.0022574448953829574
2011-09-06,42.16,42.16,41.54,41.78,14887047.0,595236736.0,4786409636.0,0.003110274325045254
2011-09-07,42.17,42.57,41.8,42.39,14466770.0,583739328.0,4786409636.0,0.0030224680084193277
2011-09-08,42.52,42.53,41.84,41.86,10858414.0,437819520.0,4786409636.0,0.0022685927084741477
2011-09-09,42.3,42.76,41.83,42.01,13309903.0,536379968.0,4786409636.0,0.0027807697234879963
2011-09-13,41.16,41.62,41.07,41.3,13302368.0,524998304.0,4786409636.0,0.0027791954746098123
2011-09-14,41.61,41.74,40.47,41.29,17758424.0,696986816.0,4786409636.0,0.0037101763849114898
2011-09-15,41.4,41.69,41.07,41.11,11550396.0,457742496.0,4786409636.0,0.0024131649562808125
2011-09-16,41.42,41.87,41.33,41.39,14229188.0,566076544.0,4786409636.0,0.0029728312204994065
2011-09-19,41.05,41.11,40.53,40.59,11233292.0,437905888.0,4786409636.0,0.0023469140450309758
2011-09-20,40.59,40.9,40.38,40.78,8086413.0,314189504.0,4786409636.0,0.0016894527662613121
2011-09-21,40.87,42.33,40.69,41.98,21643440.0,864244736.0,4786409636.0,0.004521852838756904
2011-09-22,41.59,41.95,40.49,40.68,17943484.0,707874432.0,4786409636.0,0.0037488400209296255
2011-09-23,40.17,40.29,38.91,39.76,29380194.0,1113522304.0,4786409636.0,0.006138253144700129
2011-09-26,39.22,39.65,35.82,35.95,68082544.0,2413100032.0,4786409636.0,0.014224136498458278
2011-09-27,36.61,36.91,36.33,36.61,35214436.0,1232211968.0,4786409636.0,0.0073571713827295165
2011-09-28,37.01,37.21,36.14,36.28,18738150.0,658505920.0,4786409636.0,0.003914865509852069
2011-09-29,36.06,36.06,35.51,35.62,27714852.0,946404928.0,4786409636.0,0.005790321787660716
2011-09-30,35.84,35.86,34.93,35.12,30817888.0,1039951872.0,4786409636.0,0.006438623173455437
2011-10-10,35.37,35.75,35.33,35.46,19259462.0,653349184.0,4786409636.0,0.0040237805504869245
2011-10-11,36.72,36.92,35.75,35.92,32397340.0,1129032320.0,4786409636.0,0.006768609973607366
2011-10-12,35.88,37.97,35.76,37.92,36633616.0,1301168640.0,4786409636.0,0.0076536733764840685
2011-10-13,37.69,38.54,37.61,37.98,31315992.0,1142706176.0,4786409636.0,0.0065426894857605125
2011-10-14,37.95,38.2,37.56,38.11,17248964.0,624849920.0,4786409636.0,0.0036037375218087165
2011-10-17,38.35,39.31,38.23,38.88,23859130.0,887419392.0,4786409636.0,0.0049847655788899554
2011-10-18,38.4,38.58,36.98,37.16,19986864.0,722649728.0,4786409636.0,0.004175752917107824
2011-10-19,37.37,38.07,36.99,37.23,20157124.0,721053184.0,4786409636.0,0.004211324465083874
2011-10-20,36.78,36.87,35.94,36.29,18447364.0,642057088.0,4786409636.0,0.0038541130832705855
2011-10-21,36.61,37.08,36.41,36.61,16665427.0,585179456.0,4786409636.0,0.0034818221312807
2011-10-24,37.24,38.68,36.86,38.54,30905460.0,1120171264.0,4786409636.0,0.006456919141970405
2011-10-25,38.39,39.23,37.88,38.79,28721736.0,1061969984.0,4786409636.0,0.006000684894158524
2011-10-26,38.73,39.73,38.68,39.26,30587824.0,1149459584.0,4786409636.0,0.006390557082690948
2011-10-27,38.81,39.81,38.77,39.74,38117544.0,1432252416.0,4786409636.0,0.00796370283757301
2011-10-28,40.48,41.58,40.25,40.5,57929192.0,2267193088.0,4786409636.0,0.012102848775060421
2011-10-31,40.59,40.98,40.21,40.46,23974736.0,930186880.0,4786409636.0,0.005008918547146264
2011-11-01,39.99,42.03,39.84,41.03,38949416.0,1535663232.0,4786409636.0,0.008137501585123417
2011-11-02,40.38,42.01,40.17,41.93,33643348.0,1320501120.0,4786409636.0,0.007028932030171101
2011-11-03,42.01,43.2,42.01,42.24,42091136.0,1717410304.0,4786409636.0,0.008793885020500573
2011-11-04,42.8,43.1,42.23,42.25,30020500.0,1224249216.0,4786409636.0,0.006272028991043089
2011-11-07,41.99,42.26,41.53,41.61,18567020.0,742311552.0,4786409636.0,0.0038791121972411137
2011-11-08,41.83,42.26,41.53,41.75,13042176.0,522176896.0,4786409636.0,0.002724834895431002
2011-11-09,42.05,42.67,41.62,42.41,21626884.0,870216576.0,4786409636.0,0.004518393878647122
2011-11-10,41.74,41.76,40.6,40.63,28520594.0,1120274048.0,4786409636.0,0.0059586613284179
2011-11-11,40.77,41.07,40.27,40.6,12352516.0,480824704.0,4786409636.0,0.002580747771167156
2011-11-14,41.17,41.92,41.17,41.79,18275592.0,727625472.0,4786409636.0,0.0038182256408945607
2011-11-15,41.71,41.76,41.12,41.36,11620978.0,459848448.0,4786409636.0,0.002427911291293414
2011-11-16,41.19,41.41,39.21,39.47,31976324.0,1217798784.0,4786409636.0,0.006680649261504203
2011-11-17,39.54,39.68,38.7,38.96,23285834.0,869041728.0,4786409636.0,0.0048649897879321415
2011-11-18,38.57,38.89,37.76,38.06,24610900.0,899809280.0,4786409636.0,0.005141829026687176
2011-11-21,38.12,38.35,37.61,38.31,16498998.0,599002688.0,4786409636.0,0.003447050974472842
2011-11-22,37.97,38.5,37.8,38.01,19462990.0,708753152.0,4786409636.0,0.004066302610961901
2011-11-23,38.07,38.16,37.03,37.24,17378120.0,621658048.0,4786409636.0,0.0036307214220224755
2011-11-24,36.93,38.23,36.83,37.8,18387222.0,659478720.0,4786409636.0,0.0038415479238768607
2011-11-25,37.63,37.85,37.22,37.39,9397116.0,336686208.0,4786409636.0,0.001963291217141449
2011-11-28,37.65,38.13,37.52,37.7,12611971.0,455603264.0,4786409636.0,0.0026349543727184656
2011-11-29,38.2,38.41,37.77,38.36,18001880.0,656216064.0,4786409636.0,0.003761040397504331
2011-11-30,38.14,38.23,36.77,36.88,17593556.0,628748416.0,4786409636.0,0.0036757313598221246
2011-12-01,38.81,40.01,38.46,38.89,53149948.0,1982210816.0,4786409636.0,0.011104345854613768
2011-12-02,38.6,38.89,38.29,38.78,20276150.0,748966464.0,4786409636.0,0.004236191956387746
2011-12-05,39.21,39.62,38.57,38.8,21129572.0,789824000.0,4786409636.0,0.004414493034837271
2011-12-06,38.81,39.11,38.19,38.52,14565221.0,538068544.0,4786409636.0,0.0030430368705700976
2011-12-07,38.7,39.7,38.58,39.67,22204582.0,834760384.0,4786409636.0,0.004639089356872589
2011-12-08,39.34,40.15,38.93,39.74,20514222.0,777229184.0,4786409636.0,0.004285931117492845
2011-12-09,39.33,39.95,39.23,39.72,13306033.0,503597120.0,4786409636.0,0.0027799611842499643
2011-12-12,39.74,39.86,39.08,39.24,12328400.0,465722016.0,4786409636.0,0.002575709339057498
2011-12-13,38.69,38.91,37.31,37.68,27795222.0,1008888000.0,4786409636.0,0.005807113079278449
2011-12-14,37.66,37.87,37.34,37.67,13423375.0,483441440.0,4786409636.0,0.002804476846076615
2011-12-15,37.35,37.74,36.61,36.84,19460260.0,691626944.0,4786409636.0,0.004065732246073057
2011-12-16,36.82,38.06,36.8,37.61,16144199.0,575893376.0,4786409636.0,0.003372924640334733
2011-12-19,37.24,37.89,36.5,37.79,18221100.0,647362176.0,4786409636.0,0.0038068409070033888
2011-12-20,37.5,38.39,37.43,37.99,13182719.0,479690848.0,4786409636.0,0.0027541978231133578
2011-12-21,37.66,38.44,35.93,36.02,33339738.0,1185825536.0,4786409636.0,0.006965500351086122
2011-12-22,35.97,36.3,35.25,35.56,26017540.0,885704448.0,4786409636.0,0.005435711102600663
2011-12-23,35.56,36.04,35.0,35.56,21790276.0,739791232.0,4786409636.0,0.004552530530631749
2011-12-26,35.28,35.84,35.01,35.12,16220119.0,547735168.0,4786409636.0,0.0033887862162911625
2011-12-27,35.1,36.14,35.01,35.34,12919271.0,438174400.0,4786409636.0,0.0026991569845652885
2011-12-28,35.15,35.78,34.99,35.69,13599062.0,461081984.0,4786409636.0,0.002841182229309719
2011-12-29,35.59,35.88,35.25,35.51,10586431.0,360330528.0,4786409636.0,0.0022117686961801862
2011-12-30,35.67,36.26,35.61,36.03,14645458.0,503771936.0,4786409636.0,0.0030598003751804246
2012-01-04,36.5,36.61,35.37,35.46,14572200.0,502236992.0,4786409636.0,0.0030444949572218352
2012-01-05,35.1,36.19,35.06,35.49,18167124.0,617600640.0,4786409636.0,0.0037955639783439545
2012-01-06,35.42,35.78,35.16,35.41,17081700.0,578494656.0,4786409636.0,0.0035687919127363214
2012-01-09,35.46,36.35,34.89,36.33,33151928.0,1130256512.0,4786409636.0,0.0069262621716817884
2012-01-10,36.4,38.07,36.35,37.96,38512060.0,1375248768.0,4786409636.0,0.008046127040681897
2012-01-11,37.87,38.13,37.29,37.48,26509268.0,952882432.0,4786409636.0,0.00553844530994923
2012-01-12,37.44,38.7,37.29,38.05,22828236.0,833020352.0,4786409636.0,0.004769386186318466
2012-01-13,38.06,38.41,37.24,37.69,18864500.0,682191936.0,4786409636.0,0.003941263166887039
2012-01-16,37.55,38.08,37.22,37.23,13912955.0,500463872.0,4786409636.0,0.002906762282809344
2012-01-17,37.43,39.67,37.08,39.56,31229328.0,1147221760.0,4786409636.0,0.006524583221025422
2012-01-18,39.44,40.27,39.0,39.18,22522858.0,852434624.0,4786409636.0,0.00470558512806738
2012-01-19,39.24,40.43,39.24,40.28,35622560.0,1365518976.0,4786409636.0,0.007442438635438181
2012-01-20,40.56,41.29,40.34,40.9,39808632.0,1554842752.0,4786409636.0,0.008317013174256446
2012-01-30,40.91,41.11,40.22,40.38,22008496.0,853106688.0,4786409636.0,0.004598122115263099
2012-01-31,40.38,40.9,39.54,40.11,24194358.0,933657088.0,4786409636.0,0.005054803044442141
2012-02-01,39.99,40.42,38.83,39.13,27020936.0,1023052608.0,4786409636.0,0.005645345479159904
2012-02-02,39.38,41.53,39.37,41.47,44039328.0,1700932096.0,4786409636.0,0.009200910776371335
2012-02-03,41.42,42.51,41.16,42.0,44132248.0,1768196224.0,4786409636.0,0.00922032407507881
2012-02-06,42.08,42.21,41.05,41.45,22420984.0,892917056.0,4786409636.0,0.004684301116094444
2012-02-07,41.13,41.36,40.27,40.7,26302344.0,1024186624.0,4786409636.0,0.005495213740623515
2012-02-09,41.94,42.42,41.53,41.72,40975380.0,1640170624.0,4786409636.0,0.008560775845805606
2012-02-10,41.63,42.6,41.55,41.94,26111436.0,1053202368.0,4786409636.0,0.005455328311979021
2012-02-13,41.36,42.73,41.27,42.14,20511706.0,824582144.0,4786409636.0,0.0042854054625256904
2012-02-14,42.1,42.1,41.0,41.4,23522952.0,933046528.0,4786409636.0,0.004914529634713447
2012-02-15,41.27,42.47,41.27,42.09,24226180.0,974863872.0,4786409636.0,0.005061451451582361
2012-02-16,42.03,42.05,41.23,41.51,17299494.0,688168128.0,4786409636.0,0.003614294495374027
2012-02-17,42.04,42.18,41.27,41.58,17386492.0,693177984.0,4786409636.0,0.0036324705410149313
2012-02-20,42.16,42.77,41.87,41.94,31441492.0,1272813440.0,4786409636.0,0.006568909556657929
2012-02-21,41.99,42.62,41.53,42.56,22839360.0,917769408.0,4786409636.0,0.004771710266546856
2012-02-22,42.44,43.23,42.05,42.98,24066056.0,981869376.0,4786409636.0,0.005027997566065405
2012-02-23,42.88,43.4,42.69,42.9,18668276.0,767905024.0,4786409636.0,0.0039002670936458058
2012-02-24,42.9,43.62,42.62,43.6,25736636.0,1062374656.0,4786409636.0,0.005377023271561874
2012-02-27,43.76,44.14,43.34,43.42,28320796.0,1189327488.0,4786409636.0,0.005916918557699477
2012-02-28,43.5,43.92,43.22,43.63,20016240.0,833680256.0,4786409636.0,0.00418189029402163
2012-02-29,43.48,43.52,42.5,42.7,25646236.0,1049765248.0,4786409636.0,0.005358136463521026
2012-03-01,42.57,42.99,42.34,42.42,17749916.0,723342464.0,4786409636.0,0.0037083988521370258
2012-03-02,42.54,43.19,42.54,43.15,21238550.0,870860544.0,4786409636.0,0.004437261249070409
2012-03-05,43.2,43.36,41.91,41.95,35513936.0,1441936128.0,4786409636.0,0.007419744380608212
2012-03-06,41.92,41.95,41.04,41.26,40162664.0,1586289280.0,4786409636.0,0.008390979263021023
2012-03-07,40.9,41.52,40.83,40.94,21650016.0,851585792.0,4786409636.0,0.004523226728686955
2012-03-08,41.14,42.22,41.14,41.75,26888796.0,1073978240.0,4786409636.0,0.0056177381471409025
2012-03-09,42.08,42.14,41.49,41.92,13775886.0,550616256.0,4786409636.0,0.0028781251601174072
2012-03-12,41.91,41.91,40.9,41.61,24101660.0,952032320.0,4786409636.0,0.0050354361270552985
2012-03-13,41.56,42.53,41.56,42.52,22512938.0,908771008.0,4786409636.0,0.004703512593379712
2012-03-14,42.89,43.04,41.42,41.58,32263850.0,1300735104.0,4786409636.0,0.006740720593016958
2012-03-15,41.48,42.04,41.33,41.36,19604482.0,781101248.0,4786409636.0,0.004095863808343712
2012-03-16,41.47,41.73,40.59,41.36,22582074.0,885832256.0,4786409636.0,0.004717956823033606
2012-03-19,41.17,41.17,40.48,40.81,25274406.0,984345792.0,4786409636.0,0.005280451929960973
2012-03-20,40.69,41.16,40.48,40.55,19862596.0,775517824.0,4786409636.0,0.004149790241647424
2012-03-21,40.9,41.06,40.22,40.72,17609076.0,685491648.0,4786409636.0,0.0036789738737689603
2012-03-22,40.81,41.02,40.28,40.74,13686538.0,531861824.0,4786409636.0,0.002859458141037388
2012-03-23,40.57,40.57,39.95,40.19,15964835.0,612291200.0,4786409636.0,0.003335451040363065
2012-03-26,40.09,40.28,39.71,40.02,10879273.0,415824928.0,4786409636.0,0.0022729506722896794
2012-03-27,40.38,40.47,39.76,40.09,19096732.0,731417728.0,4786409636.0,0.00398978220676472
2012-03-28,39.93,39.99,38.98,39.1,22797022.0,858593664.0,4786409636.0,0.004762864805497814
2012-03-29,38.82,39.02,37.76,37.91,24979152.0,914966080.0,4786409636.0,0.005218766027070568
2012-03-30,38.16,38.33,37.79,38.27,19483204.0,709942464.0,4786409636.0,0.00407052581823776
2012-04-05,38.27,39.75,37.8,39.5,28878272.0,1076687232.0,4786409636.0,0.006033389157250142
2012-04-06,39.49,40.11,39.31,39.83,19232996.0,729717184.0,4786409636.0,0.004018251144938151
2012-04-09,39.52,39.86,39.18,39.38,8465889.0,319807616.0,4786409636.0,0.0017687347393598636
2012-04-10,39.25,39.88,38.65,39.82,12756779.0,477657120.0,4786409636.0,0.0026652083649615983
2012-04-11,39.3,40.01,39.23,39.65,14888632.0,564269440.0,4786409636.0,0.003110605470960572
2012-04-12,39.69,40.98,39.46,40.87,25236208.0,973939712.0,4786409636.0,0.005272471417864244
2012-04-13,41.03,41.89,41.01,41.58,34289452.0,1364083072.0,4786409636.0,0.007163919222897035
2012-04-16,41.33,41.63,41.01,41.3,10234169.0,404083840.0,4786409636.0,0.002138172404431454
2012-04-17,41.27,41.47,40.64,40.67,11996398.0,469252640.0,4786409636.0,0.00250634586512854
2012-04-18,40.92,41.92,40.78,41.83,21891068.0,869351232.0,4786409636.0,0.004573588485897825
2012-04-19,41.76,43.41,41.64,42.9,56905544.0,2331285760.0,4786409636.0,0.011888983252080348
2012-04-20,42.78,43.41,42.7,43.28,35207544.0,1453313664.0,4786409636.0,0.007355731472541269
2012-04-23,43.25,43.76,42.34,42.5,27937810.0,1151790208.0,4786409636.0,0.0058369032583152685
2012-04-24,42.27,43.73,42.05,42.67,42020020.0,1721291008.0,4786409636.0,0.008779027119608615
2012-04-25,42.57,43.19,42.3,42.68,22478932.0,920170688.0,4786409636.0,0.004696407894328416
2012-04-26,42.88,43.52,42.86,43.09,22400438.0,924361664.0,4786409636.0,0.004680008545762505
2012-04-27,43.1,43.41,42.37,42.59,23419532.0,960478848.0,4786409636.0,0.004892922624895033
2012-05-02,43.66,44.42,43.35,44.11,36365344.0,1527200512.0,4786409636.0,0.007597624684374173
2012-05-03,44.13,45.21,44.04,45.06,31863352.0,1364940672.0,4786409636.0,0.006657046601349438
2012-05-04,44.98,45.35,44.57,45.06,26819798.0,1153548672.0,4786409636.0,0.0056033227491187505
2012-05-07,44.56,44.82,43.62,43.92,33230748.0,1400553472.0,4786409636.0,0.006942729629754573
2012-05-08,44.12,44.24,43.3,43.51,29373266.0,1225945856.0,4786409636.0,0.006136805713216644
2012-05-09,43.15,43.58,43.01,43.36,25938000.0,1075514880.0,4786409636.0,0.005419093218623129
2012-05-10,43.31,43.59,43.2,43.28,18233400.0,756210752.0,4786409636.0,0.0038094106828762036
2012-05-11,43.25,43.77,42.78,43.08,17724016.0,732366208.0,4786409636.0,0.003702987698063376
2012-05-14,43.42,43.8,42.07,42.67,23924826.0,978054336.0,4786409636.0,0.004998491106998933
2012-05-15,42.89,44.14,42.89,44.13,47031368.0,1967590016.0,4786409636.0,0.009826022337549882
2012-05-16,43.93,44.01,43.02,43.11,22180652.0,923956736.0,4786409636.0,0.004634089784788324
2012-05-17,43.27,44.46,43.16,44.35,29544634.0,1239888640.0,4786409636.0,0.006172608749946115
2012-05-18,43.9,43.9,42.89,43.32,26236638.0,1088505728.0,4786409636.0,0.005481486123265861
2012-05-21,43.11,44.0,43.11,43.54,15580665.0,648974912.0,4786409636.0,0.0032551883739354898
2012-05-22,43.7,44.56,43.62,44.53,30048374.0,1267586304.0,4786409636.0,0.006277852562805596
2012-05-23,44.35,44.46,43.73,44.15,23472616.0,991154880.0,4786409636.0,0.0049040131925724715
2012-05-24,43.95,44.64,43.79,43.98,12527403.0,528260832.0,4786409636.0,0.0026172860145060933
2012-05-25,43.96,44.24,42.26,42.52,22603948.0,932505792.0,4786409636.0,0.004722526845589862
2012-05-28,42.44,43.1,42.03,42.96,21509396.0,875621568.0,4786409636.0,0.0044938477137897856
2012-05-29,42.98,44.56,42.68,44.16,26023880.0,1089682944.0,4786409636.0,0.005437035686261935
2012-05-30,44.16,44.53,43.96,44.2,18402378.0,778974784.0,4786409636.0,0.0038447143891718505
2012-05-31,44.03,44.07,43.6,43.82,17014740.0,713140352.0,4786409636.0,0.0035548023035945602
2012-06-01,43.83,44.45,43.81,44.11,14294861.0,604801024.0,4786409636.0,0.002986551943336427
2012-06-04,43.62,43.86,42.57,42.69,36666780.0,1509715072.0,4786409636.0,0.007660602160796753
2012-06-05,42.84,43.15,42.41,42.54,21314676.0,869045888.0,4786409636.0,0.004453165863549586
2012-06-06,42.77,43.27,42.71,42.89,15565706.0,640395776.0,4786409636.0,0.0032520630668394384
2012-06-07,43.41,44.1,42.78,42.97,15063533.0,625981312.0,4786409636.0,0.003147146639247657
2012-06-08,43.73,43.78,42.84,42.99,26656238.0,1102711296.0,4786409636.0,0.005569150997756348
2012-06-11,43.33,44.3,43.15,44.28,19408352.0,814977344.0,4786409636.0,0.004054887374040044
2012-06-12,44.01,44.61,43.99,44.46,19819572.0,839561024.0,4786409636.0,0.004140801458139134
2012-06-13,44.48,47.55,44.48,47.37,54293616.0,2409654528.0,4786409636.0,0.011343286540216217
2012-06-14,47.4,47.83,47.01,47.21,34891008.0,1583032832.0,4786409636.0,0.007289599230616291
2012-06-15,47.33,48.78,47.33,48.18,39323992.0,1812596736.0,4786409636.0,0.008215759826370198
2012-06-18,48.62,48.85,47.72,48.24,20114888.0,928630656.0,4786409636.0,0.004202500314371338
2012-06-19,48.12,48.75,47.96,48.08,20279128.0,938135168.0,4786409636.0,0.0042368141346437824
2012-06-20,48.12,48.68,48.07,48.16,13891949.0,641604864.0,4786409636.0,0.002902373607038259
2012-06-21,47.87,47.87,46.3,46.83,27521340.0,1234013440.0,4786409636.0,0.005749892318660709
2012-06-25,46.5,46.64,45.47,45.55,18909716.0,831236800.0,4786409636.0,0.003950709913705347
2012-06-26,45.49,46.5,45.27,46.0,21178916.0,932215360.0,4786409636.0,0.004424802223509479
2012-06-28,46.03,47.18,46.03,46.71,25344470.0,1134927232.0,4786409636.0,0.0052950900418921015
2012-06-29,46.57,48.57,46.55,47.85,33290736.0,1521515776.0,4786409636.0,0.00695526261471867
2012-07-02,48.22,48.29,47.41,48.22,18592980.0,851036864.0,4786409636.0,0.0038845358868068265
2012-07-03,48.22,48.96,47.55,47.72,24308708.0,1122983296.0,4786409636.0,0.005078693603064608
2012-07-04,47.82,48.05,46.97,47.23,11049155.0,499825408.0,4786409636.0,0.0023084432466657354
2012-07-05,46.92,47.91,46.69,47.44,14864410.0,668744320.0,4786409636.0,0.0031055448928149366
2012-07-06,47.86,48.64,47.23,48.37,33038164.0,1517030272.0,4786409636.0,0.006902494043031799
2012-07-09,48.11,49.01,47.5,47.7,20836704.0,962394304.0,4786409636.0,0.004353305626681218
2012-07-10,47.7,48.49,47.17,47.62,16102497.0,735694464.0,4786409636.0,0.003364212055501553
2012-07-11,47.28,47.91,47.05,47.82,14338755.0,650864256.0,4786409636.0,0.002995722491479624
2012-07-12,47.7,47.7,46.38,47.08,35104116.0,1577292032.0,4786409636.0,0.007334122791323915
2012-07-13,46.59,47.7,46.59,47.07,14877338.0,672160640.0,4786409636.0,0.003108245873504672
2012-07-16,47.33,47.33,45.71,45.83,20856296.0,915123968.0,4786409636.0,0.004357398882689363
2012-07-17,45.76,46.7,45.53,46.59,20801360.0,912292992.0,4786409636.0,0.0043459213861569285
2012-07-18,46.73,47.18,45.55,46.6,16654212.0,734187776.0,4786409636.0,0.0034794790388893494
2012-07-19,46.44,48.91,46.29,48.32,35300976.0,1615761280.0,4786409636.0,0.00737525174078101
2012-07-20,48.18,48.42,47.77,48.36,18708428.0,855906496.0,4786409636.0,0.003908655844934038
2012-07-23,47.71,47.71,46.81,47.11,17286796.0,776087232.0,4786409636.0,0.0036116415674038644
2012-07-24,46.75,47.76,46.75,47.26,15740904.0,707539008.0,4786409636.0,0.0032886662858122324
2012-07-25,46.82,47.74,46.81,47.02,11238948.0,505485152.0,4786409636.0,0.002348095724082735
2012-07-26,47.13,48.05,46.81,47.02,16492337.0,742538432.0,4786409636.0,0.0034456593259290353
2012-07-27,47.39,47.53,45.76,46.8,24719248.0,1092836736.0,4786409636.0,0.005164465618253657
2012-07-30,46.72,47.21,45.77,45.87,15935878.0,700249536.0,4786409636.0,0.00332940120296883
2012-07-31,45.87,47.46,45.76,46.54,20982900.0,934470080.0,4786409636.0,0.00438384960664073
2012-08-01,46.72,47.74,46.61,47.56,15461745.0,697046656.0,4786409636.0,0.003230343028667595
2012-08-02,47.44,47.74,46.7,47.17,14692688.0,659389568.0,4786409636.0,0.0030696678966822973
2012-08-03,47.17,47.27,45.65,46.34,22989002.0,1007850496.0,4786409636.0,0.004802974201600491
2012-08-06,46.29,46.99,46.21,46.92,14631067.0,648600000.0,4786409636.0,0.0030567937374092317
2012-08-07,46.81,46.89,45.97,46.2,18069268.0,794908672.0,4786409636.0,0.0037751194264894713
2012-08-08,46.24,46.74,46.03,46.67,12718645.0,561573760.0,4786409636.0,0.0026572412240564026
2012-08-09,46.34,47.01,46.13,46.98,14239012.0,630526592.0,4786409636.0,0.002974883698399775
2012-08-10,46.81,47.62,46.81,47.17,13709996.0,616938560.0,4786409636.0,0.002864359100584094
2012-08-13,47.11,47.13,43.81,44.1,41444704.0,1780966656.0,4786409636.0,0.00865882930041803
2012-08-14,44.1,44.29,43.04,43.76,24576228.0,1016208128.0,4786409636.0,0.005134585183673987
2012-08-15,43.76,44.13,43.55,43.69,11192188.0,466583520.0,4786409636.0,0.0023383263972686853
2012-08-16,43.65,43.97,43.39,43.68,8490582.0,353044800.0,4786409636.0,0.0017738937211181898
2012-08-17,43.6,43.86,43.13,43.78,14250208.0,588279232.0,4786409636.0,0.0029772228212186394
2012-08-20,43.23,43.55,42.5,43.28,12715913.0,518433952.0,4786409636.0,0.002656670441317823
2012-08-21,43.34,43.98,42.94,43.19,14839704.0,612357760.0,4786409636.0,0.0031003831950333306
2012-08-22,43.21,43.55,42.54,43.01,14641364.0,595758464.0,4786409636.0,0.003058945036772026
2012-08-23,43.02,43.36,42.72,43.16,14452394.0,592813440.0,4786409636.0,0.0030194645045211505
2012-08-24,43.29,43.49,42.84,42.99,11878532.0,486505152.0,4786409636.0,0.0024817207266712095
2012-08-27,42.96,43.11,40.86,40.89,24556684.0,971097984.0,4786409636.0,0.005130501956059492
2012-08-28,40.89,41.54,40.66,40.9,12779813.0,498281536.0,4786409636.0,0.002670020740364396
2012-08-29,40.71,40.84,40.26,40.42,10750322.0,414494400.0,4786409636.0,0.0022460096016738004
2012-08-30,39.87,41.6,39.87,41.16,22526212.0,879957056.0,4786409636.0,0.004706285862073674
2012-08-31,41.03,41.87,40.76,40.87,12995661.0,509109696.0,4786409636.0,0.002715116755209541
2012-09-03,40.53,42.22,40.52,41.92,19167648.0,761965760.0,4786409636.0,0.004004598322683136
2012-09-04,42.08,42.16,41.3,41.48,10036469.0,398083040.0,4786409636.0,0.002096867958085483
2012-09-05,41.37,41.95,41.16,41.29,12155513.0,478991328.0,4786409636.0,0.0025395889454539783
2012-09-06,41.53,42.18,41.43,41.89,9615674.0,381699360.0,4786409636.0,0.002008953418378084
2012-09-07,42.5,44.79,42.5,44.23,40205116.0,1671411840.0,4786409636.0,0.008399848541504983
2012-09-10,44.29,44.56,43.76,44.15,16195315.0,680194688.0,4786409636.0,0.0033836040438725208
2012-09-11,43.95,43.95,43.05,43.36,13995333.0,577353408.0,4786409636.0,0.002923973095561435
2012-09-12,43.86,44.29,43.08,43.36,13384306.0,554101312.0,4786409636.0,0.002796314360420112
2012-09-13,43.36,43.5,42.92,42.95,13544421.0,556022080.0,4786409636.0,0.0028297663656132585
2012-09-14,43.48,44.03,42.92,43.16,19983968.0,826302912.0,4786409636.0,0.004175147870690941
2012-09-17,42.92,43.48,42.08,42.11,15817025.0,641410240.0,4786409636.0,0.0033045698556670713
2012-09-18,41.81,42.47,41.35,42.11,11393317.0,454682176.0,4786409636.0,0.002380347246986029
2012-09-19,42.09,42.58,41.97,42.48,10492991.0,421523904.0,4786409636.0,0.002192246756541504
2012-09-20,42.44,42.44,41.83,41.88,18721784.0,748104256.0,4786409636.0,0.0039114462454671525
2012-09-21,41.73,42.1,41.34,41.63,10509783.0,416442272.0,4786409636.0,0.002195755022920065
2012-09-24,41.36,42.51,41.06,42.35,10467018.0,418219584.0,4786409636.0,0.002186820350952511
2012-09-25,42.29,43.36,42.29,42.74,13825132.0,563952704.0,4786409636.0,0.00288841387415258
2012-09-26,42.6,43.07,42.48,42.6,10248266.0,414546080.0,4786409636.0,0.0021411176182915405
2012-09-27,42.74,44.59,42.74,43.96,25407016.0,1052444800.0,4786409636.0,0.005308157456667798
2012-09-28,43.55,44.41,43.39,44.28,22546048.0,943154560.0,4786409636.0,0.00471043009574954
2012-10-08,44.41,45.16,43.66,43.76,12027629.0,504857120.0,4786409636.0,0.002512870797671944
2012-10-09,44.03,45.03,44.03,44.71,17567486.0,744670976.0,4786409636.0,0.003670284688520964
2012-10-10,44.55,44.77,44.34,44.55,8483187.0,358373312.0,4786409636.0,0.0017723487217214853
2012-10-11,44.34,44.34,43.75,43.96,9508178.0,396414528.0,4786409636.0,0.0019864948307988907
2012-10-12,44.32,44.86,43.68,43.83,11623820.0,485963072.0,4786409636.0,0.0024285050557674415
2012-10-15,44.12,44.66,43.77,44.05,7305898.0,305704480.0,4786409636.0,0.0015263837731418106
2012-10-16,44.05,44.6,43.86,44.09,9364400.0,392888928.0,4786409636.0,0.0019564560311694976
2012-10-17,44.34,44.34,43.29,43.86,13076530.0,542950848.0,4786409636.0,0.00273201230033626
2012-10-18,43.82,44.31,43.3,44.12,17518536.0,725676928.0,4786409636.0,0.0036600578162466328
2012-10-19,43.97,44.34,43.97,44.34,9161206.0,383862912.0,4786409636.0,0.0019140037516003363
2012-10-22,44.13,44.63,44.06,44.58,10904098.0,459292832.0,4786409636.0,0.002278137232130543
2012-10-23,44.73,44.85,43.93,44.09,9835520.0,412484960.0,4786409636.0,0.0020548847148443273
2012-10-24,43.96,44.36,43.79,44.01,8912570.0,372150240.0,4786409636.0,0.001862057508192765
2012-10-25,43.97,44.24,43.05,43.12,12843360.0,529876704.0,4786409636.0,0.0026832972889326684
2012-10-26,43.14,43.34,41.65,41.96,14748204.0,589547520.0,4786409636.0,0.0030812665696380026
2012-10-29,41.79,41.89,39.7,40.18,34008844.0,1310110720.0,4786409636.0,0.007105293233619088
2012-10-30,40.33,41.13,40.33,40.63,21917168.0,847663552.0,4786409636.0,0.004579041424945017
2012-10-31,40.92,41.11,40.54,40.97,10140528.0,392339840.0,4786409636.0,0.0021186084708943623
2012-11-01,40.97,42.02,40.75,41.52,39884200.0,1561850880.0,4786409636.0,0.008332801208659441
2012-11-02,41.21,41.56,40.79,41.23,28174428.0,1097483264.0,4786409636.0,0.0058863386426627196
2012-11-05,41.18,41.33,40.43,40.92,26609362.0,1027489600.0,4786409636.0,0.0055593574356576445
2012-11-06,40.91,41.43,40.46,41.32,21302246.0,826047104.0,4786409636.0,0.004450568927443969
2012-11-07,41.32,41.32,40.87,41.09,13419600.0,522278944.0,4786409636.0,0.002803688154701016
2012-11-08,40.75,41.21,40.68,40.76,16749294.0,648981184.0,4786409636.0,0.003499344033160809
2012-11-09,40.7,40.92,40.57,40.76,8162360.0,314720128.0,4786409636.0,0.0017053199831891697
2012-11-12,40.79,40.9,39.99,40.33,17485156.0,667309184.0,4786409636.0,0.0036530839041625227
2012-11-13,40.34,40.34,39.59,39.68,12771795.0,481633888.0,4786409636.0,0.0026683455807751093
2012-11-14,39.75,40.17,39.6,39.94,11549374.0,437176640.0,4786409636.0,0.0024129514350660144
2012-11-15,39.8,40.42,39.65,39.88,19779808.0,749813696.0,4786409636.0,0.004132493769699572
2012-11-16,39.8,39.92,38.78,39.16,16040754.0,595121920.0,4786409636.0,0.003351312407394627
2012-11-19,38.99,39.11,36.53,38.53,39350412.0,1410529920.0,4786409636.0,0.008221279621375055
2012-11-20,38.3,38.32,37.06,37.3,28155042.0,1000884480.0,4786409636.0,0.0058822884251773224
2012-11-21,37.27,38.54,37.27,38.47,17475636.0,627328832.0,4786409636.0,0.003651094939421938
2012-11-22,38.29,38.59,38.02,38.54,11062312.0,400940096.0,4786409636.0,0.002311192071150176
2012-11-23,38.61,39.95,38.48,39.19,17513428.0,652017024.0,4786409636.0,0.0036589906280223776
2012-11-26,39.11,39.31,38.85,39.06,9098975.0,337023680.0,4786409636.0,0.0019010021481579685
2012-11-27,38.99,39.22,38.17,38.25,13345263.0,488331072.0,4786409636.0,0.0027881573068101687
2012-11-28,38.15,38.19,37.59,37.82,11952384.0,428744064.0,4786409636.0,0.0024971502460012177
2012-11-29,37.7,38.11,37.53,37.67,11271531.0,404014368.0,4786409636.0,0.002354903123047281
2012-11-30,37.56,38.95,37.56,38.52,13137846.0,477398976.0,4786409636.0,0.002744822737524674
2012-12-03,38.43,39.8,38.35,38.67,21681916.0,804512896.0,4786409636.0,0.004529891431966857
2012-12-04,38.76,39.77,38.76,39.48,23192468.0,865541760.0,4786409636.0,0.00484548330873367
2012-12-05,39.43,41.35,39.43,41.09,37833368.0,1460588288.0,4786409636.0,0.007904331404367079
2012-12-06,41.04,41.52,40.75,41.07,20883708.0,813257088.0,4786409636.0,0.0043631259311629885
2012-12-07,40.94,41.67,40.57,41.5,28115180.0,1101491584.0,4786409636.0,0.005873960262100726
2012-12-10,41.7,42.63,41.7,42.22,31565980.0,1259665024.0,4786409636.0,0.006594918195589225
2012-12-11,42.12,42.42,41.86,42.02,21425860.0,854600192.0,4786409636.0,0.004476394966040888
2012-12-12,42.03,42.34,41.64,42.11,17711024.0,704544640.0,4786409636.0,0.003700273346182107
2012-12-13,42.0,42.0,40.91,41.03,23370652.0,918412352.0,4786409636.0,0.004882710377361442
2012-12-14,41.17,44.55,41.17,44.3,54804940.0,2252954368.0,4786409636.0,0.011450114839272399
2012-12-17,44.3,45.4,44.22,44.88,37027296.0,1570591616.0,4786409636.0,0.007735922918403551
2012-12-18,44.77,45.63,44.25,44.53,29215574.0,1240044416.0,4786409636.0,0.006103859932977956
2012-12-19,44.4,44.87,43.82,44.1,22721518.0,954376000.0,4786409636.0,0.004747090142286351
2012-12-20,43.97,44.87,43.82,44.62,17918216.0,753309760.0,4786409636.0,0.003743560907372367
2012-12-21,44.79,45.77,44.45,44.76,21640282.0,922664512.0,4786409636.0,0.00452119305402468
2012-12-24,43.62,44.64,43.4,44.47,30131332.0,1260087808.0,4786409636.0,0.006295184551980958
2012-12-25,44.11,46.05,44.04,45.4,45171416.0,1938747136.0,4786409636.0,0.009437432112005718
2012-12-26,45.41,46.34,45.3,45.89,25546284.0,1110470656.0,4786409636.0,0.005337254005143825
2012-12-27,46.18,46.46,45.45,45.64,18872596.0,817959168.0,4786409636.0,0.003942954622616007
2012-12-28,45.92,46.51,45.3,46.25,23385668.0,1018806464.0,4786409636.0,0.004885847593174952
2012-12-31,46.46,48.41,46.46,47.82,32981464.0,1491927936.0,4786409636.0,0.006890648003032727
2013-01-04,49.32,52.59,48.99,49.74,58713484.0,2794285568.0,4786409636.0,0.012266706877405258
2013-01-07,49.74,50.24,49.18,49.86,28328430.0,1335455744.0,4786409636.0,0.005918513490139564
2013-01-08,49.77,49.95,47.63,48.0,47143884.0,2159078656.0,4786409636.0,0.009849529727964972
2013-01-09,47.56,47.88,46.92,47.59,40820848.0,1833110528.0,4786409636.0,0.008528490268148874
2013-01-10,47.68,48.44,47.31,47.5,27237272.0,1233105280.0,4786409636.0,0.00569054344934049
2013-01-11,47.6,47.87,46.69,46.91,22861664.0,1024592064.0,4786409636.0,0.0047763701267962266
2013-01-14,46.93,49.63,46.76,49.49,38876232.0,1779354496.0,4786409636.0,0.008122211627605038
2013-01-15,49.51,50.63,49.33,49.6,42006864.0,1986075008.0,4786409636.0,0.008776278504049042
2013-01-16,49.46,49.46,47.51,48.51,28925856.0,1325087488.0,4786409636.0,0.006043330638155184
2013-01-17,48.33,48.48,47.3,47.6,24705458.0,1117013760.0,4786409636.0,0.005161584544327956
2013-01-18,47.89,49.5,47.45,49.04,25987554.0,1194583936.0,4786409636.0,0.005429446281517556
2013-01-21,48.88,49.04,47.83,48.32,23426222.0,1072127104.0,4786409636.0,0.004894320332260003
2013-01-22,48.33,50.02,48.07,48.8,40469332.0,1888244352.0,4786409636.0,0.008455049834351453
2013-01-23,48.78,49.55,48.47,49.03,23513514.0,1089687808.0,4786409636.0,0.004912557801812013
2013-01-24,49.21,50.66,48.85,49.14,45815324.0,2159807744.0,4786409636.0,0.009571960505722165
2013-01-25,49.16,49.52,47.52,48.13,26519070.0,1216359808.0,4786409636.0,0.005540493191502509
2013-01-28,47.93,49.78,47.83,49.26,47375908.0,2197146368.0,4786409636.0,0.009898005311470169
2013-01-29,49.73,50.32,48.37,49.33,40676264.0,1905912320.0,4786409636.0,0.008498283075076109
2013-01-30,49.96,51.3,49.58,50.24,55516988.0,2660551936.0,4786409636.0,0.011598879373474502
2013-01-31,50.45,51.21,49.88,50.91,54176028.0,2601389568.0,4786409636.0,0.011318719482872108
2013-02-01,50.69,53.93,50.26,53.6,110589936.0,5485862912.0,4786409636.0,0.02310498774869172
2013-02-04,55.21,56.24,53.85,54.36,94964472.0,4943605248.0,4786409636.0,0.01984043974960776
2013-02-05,53.53,54.37,52.62,53.48,42794568.0,2167432448.0,4786409636.0,0.0089408494580425
2013-02-06,53.75,56.22,53.74,55.73,48598848.0,2555428352.0,4786409636.0,0.010153507889185604
2013-02-07,55.33,56.04,54.14,55.41,47137468.0,2460549120.0,4786409636.0,0.009848189266013755
2013-02-08,55.3,55.71,53.78,54.79,30815640.0,1599329792.0,4786409636.0,0.006438153510352828
2013-02-18,54.95,55.17,52.11,52.3,42748752.0,2149763072.0,4786409636.0,0.008931277356303568
2013-02-19,52.32,52.52,50.67,51.5,45534904.0,2209321984.0,4786409636.0,0.009513373794319347
2013-02-20,51.42,51.7,50.71,51.5,26191652.0,1268412160.0,4786409636.0,0.005472087429167126
2013-02-21,50.71,50.78,48.44,49.35,53822724.0,2518578176.0,4786409636.0,0.011244905491411224
2013-02-22,49.09,49.31,48.36,48.52,20476540.0,946281280.0,4786409636.0,0.004278058410627853
2013-02-25,48.86,49.65,47.83,48.37,22512604.0,1033440768.0,4786409636.0,0.004703442812473897
2013-02-26,47.86,48.92,47.35,47.48,42680096.0,1942069504.0,4786409636.0,0.008916933410586173
2013-02-27,47.78,48.57,47.51,47.72,31344636.0,1424719104.0,4786409636.0,0.006548673929671155
2013-02-28,48.3,49.72,47.72,49.7,52286076.0,2426699008.0,4786409636.0,0.01092386151129669
2013-03-01,49.7,49.78,47.62,48.51,47742744.0,2197137920.0,4786409636.0,0.009974646474240885
2013-03-04,47.51,47.72,44.45,45.06,80587240.0,3487465216.0,4786409636.0,0.016836678455993313
2013-03-05,45.35,46.56,44.73,46.4,48319080.0,2088374528.0,4786409636.0,0.010095057396796532
2013-03-06,46.77,47.15,46.36,47.0,46295748.0,2052847104.0,4786409636.0,0.009672333026366154
2013-03-07,46.46,46.66,45.35,46.04,32442240.0,1416654080.0,4786409636.0,0.006777990700167477
2013-03-08,46.28,46.94,45.81,46.37,29024344.0,1272216192.0,4786409636.0,0.006063907230526059
2013-03-11,46.16,46.61,45.48,45.61,35494948.0,1547103104.0,4786409636.0,0.0074157773152201635
2013-03-12,45.52,46.32,45.19,45.66,45213152.0,1955581056.0,4786409636.0,0.0094461518002844
2013-03-13,45.61,45.77,44.81,45.01,29128216.0,1248979584.0,4786409636.0,0.006085608674384676
2013-03-14,45.16,45.42,44.69,45.17,22549024.0,961661504.0,4786409636.0,0.004711051856155841
2013-03-15,44.35,46.24,43.88,44.26,42304752.0,1799505024.0,4786409636.0,0.008838514715040992
2013-03-18,43.82,44.26,42.84,42.9,36168768.0,1485986432.0,4786409636.0,0.007556555069579507
2013-03-19,42.94,43.95,42.94,43.91,22498868.0,926758784.0,4786409636.0,0.004700573020491053
2013-03-20,43.87,45.67,43.86,45.49,37051928.0,1585396096.0,4786409636.0,0.007741069155744947
2013-03-21,45.49,46.11,45.32,45.57,23363984.0,1010336128.0,4786409636.0,0.004881317266343561
2013-03-22,45.61,46.12,45.33,45.52,21663552.0,936558528.0,4786409636.0,0.004526054735696257
2013-03-25,45.96,46.23,44.88,45.23,19585072.0,844404352.0,4786409636.0,0.00409180857666149
2013-03-26,45.03,45.34,44.33,44.34,37432000.0,1585416832.0,4786409636.0,0.007820475648064653
2013-03-27,44.55,45.14,44.41,44.48,26231432.0,1113100032.0,4786409636.0,0.00548039846040457
2013-03-28,43.39,43.45,42.23,43.34,37070088.0,1515292032.0,4786409636.0,0.007744863231342534
2013-03-29,43.37,44.44,42.81,44.1,18215468.0,746665728.0,4786409636.0,0.0038056642421484543
2013-04-01,43.57,43.86,43.16,43.28,25089494.0,1030421056.0,4786409636.0,0.005241819214823259
2013-04-02,43.05,43.76,42.51,42.79,26957786.0,1100214784.0,4786409636.0,0.005632151873764112
2013-04-03,42.87,43.67,42.76,43.03,20246772.0,827290112.0,4786409636.0,0.004230054161624206
2013-04-08,42.23,42.5,41.47,42.23,46340968.0,1843481472.0,4786409636.0,0.009681780608883932
2013-04-09,42.39,43.65,42.38,43.44,45543116.0,1858032384.0,4786409636.0,0.00951508948533297
2013-04-10,43.39,44.0,43.11,43.48,37672668.0,1558442112.0,4786409636.0,0.007870757178126324
2013-04-11,43.66,44.32,43.34,43.53,16864634.0,701093952.0,4786409636.0,0.0035234414274023075
2013-04-12,43.5,43.86,43.29,43.45,11529113.0,475648864.0,4786409636.0,0.0024087184083213726
2013-04-15,43.34,43.75,42.64,42.77,16532950.0,674594048.0,4786409636.0,0.003454144391581281
2013-04-16,42.24,43.86,42.16,43.85,25035016.0,1024555200.0,4786409636.0,0.005230437405880235
2013-04-17,43.87,44.31,43.6,44.14,39149548.0,1635908736.0,4786409636.0,0.008179314136747655
2013-04-18,43.82,44.68,43.66,44.62,30663628.0,1286138368.0,4786409636.0,0.006406394423362723
2013-04-19,44.66,45.51,44.66,45.29,56854872.0,2432912640.0,4786409636.0,0.011878396611183823
2013-04-22,44.77,44.91,44.19,44.29,31786380.0,1342350976.0,4786409636.0,0.006640965236432179
2013-04-23,44.46,44.5,42.08,42.15,36657676.0,1482881792.0,4786409636.0,0.007658700108801135
2013-04-24,42.29,43.45,42.13,42.63,33627616.0,1359322880.0,4786409636.0,0.007025645224152311
2013-04-25,42.64,43.08,41.95,42.38,22794996.0,914544384.0,4786409636.0,0.004762441523715836
2013-04-26,42.5,42.67,41.98,42.03,18863712.0,753781248.0,4786409636.0,0.003941098534091285
2013-05-02,42.23,42.81,42.14,42.26,20910266.0,840357568.0,4786409636.0,0.004368674557799591
2013-05-03,42.55,43.76,42.44,43.38,32882502.0,1348970496.0,4786409636.0,0.006869972380274558
2013-05-06,43.76,44.33,43.39,43.85,27369226.0,1137589120.0,4786409636.0,0.005718111921334098
2013-05-07,43.71,44.06,43.45,43.63,19021848.0,787990144.0,4786409636.0,0.003974137076971237
2013-05-08,43.95,44.55,43.79,44.01,24775242.0,1034719680.0,4786409636.0,0.005176164157296126
2013-05-09,44.12,44.16,43.19,43.4,20997852.0,865838336.0,4786409636.0,0.0043869734512627075
2013-05-10,43.14,43.73,43.07,43.39,19522736.0,802355904.0,4786409636.0,0.004078785036108013
2013-05-13,43.13,43.37,42.23,42.43,25170480.0,1017121024.0,4786409636.0,0.005258739204159499
2013-05-14,42.23,42.23,40.91,41.22,47111924.0,1846386048.0,4786409636.0,0.009842852489193008
2013-05-15,41.31,41.46,40.49,40.85,32587356.0,1259083264.0,4786409636.0,0.0068083090412698645
2013-05-16,40.82,42.23,40.56,42.08,30963956.0,1221551488.0,4786409636.0,0.006469140411031882
2013-05-17,42.11,42.93,41.94,42.71,33990636.0,1365271936.0,4786409636.0,0.007101489129627851
2013-05-20,42.96,43.97,42.83,43.46,32404166.0,1323470336.0,4786409636.0,0.006770036094754343
2013-05-21,43.51,43.75,42.77,43.13,24493908.0,995129088.0,4786409636.0,0.005117386488564223
2013-05-22,43.13,43.6,42.87,43.18,16396047.0,666845376.0,4786409636.0,0.003425541950417384
2013-05-23,43.08,43.08,41.98,41.99,31888052.0,1270369664.0,4786409636.0,0.006662207045581838
2013-05-24,42.32,42.55,41.59,42.11,22211836.0,877411392.0,4786409636.0,0.004640604897862946
2013-05-27,42.03,42.48,41.82,41.98,17261048.0,683649216.0,4786409636.0,0.003606262169910106
2013-05-28,42.02,43.4,41.86,43.31,34407104.0,1379016576.0,4786409636.0,0.007188499651432675
2013-05-29,43.46,43.68,42.73,42.8,33040796.0,1342168064.0,4786409636.0,0.006903043933283608
2013-05-30,42.64,43.03,42.31,42.53,24605238.0,986420416.0,4786409636.0,0.005140646094086211
2013-05-31,42.65,42.9,42.09,42.13,18514340.0,739504128.0,4786409636.0,0.0038681060352102298
2013-06-03,42.16,42.65,42.01,42.15,21033662.0,834589120.0,4786409636.0,0.0043944550507753494
2013-06-04,42.16,42.18,41.44,41.63,21193864.0,830326976.0,4786409636.0,0.004427925232431987
2013-06-05,41.65,41.77,41.36,41.58,13036943.0,508968480.0,4786409636.0,0.0027237415915982834
2013-06-06,41.45,41.54,40.98,41.09,17561768.0,680622784.0,4786409636.0,0.003669090056127407
2013-06-07,41.09,41.29,40.15,40.21,23726804.0,906185472.0,4786409636.0,0.00495711938684556
2013-06-13,39.67,39.67,38.61,38.81,69556312.0,2562483712.0,4786409636.0,0.014532043282891302
2013-06-14,39.21,39.35,38.92,39.21,36941848.0,1361277312.0,4786409636.0,0.007718070706307595
2013-06-17,39.57,40.26,39.23,39.97,31914826.0,1192731520.0,4786409636.0,0.006667800799989865
2013-06-18,39.95,40.69,39.9,40.61,39695452.0,1506128768.0,4786409636.0,0.008293367057729198
2013-06-19,40.45,40.45,39.95,40.12,39116504.0,1476570752.0,4786409636.0,0.008172410423419096
2013-06-20,39.99,39.99,38.59,38.7,29369460.0,1081139840.0,4786409636.0,0.006136010545170146
2013-06-21,38.19,39.88,37.92,39.47,34347752.0,1258891904.0,4786409636.0,0.007176099542684441
2013-06-24,38.93,38.98,36.67,36.7,47483704.0,1671782400.0,4786409636.0,0.009920526576509676
2013-06-25,36.57,37.06,34.57,36.83,51536952.0,1738755072.0,4786409636.0,0.010767350878699426
2013-06-26,36.84,36.91,35.43,36.72,37116892.0,1254200320.0,4786409636.0,0.007754641750850762
2013-06-27,36.48,37.0,35.79,36.58,33313688.0,1139695232.0,4786409636.0,0.006960057858282316
2013-06-28,36.17,37.75,35.97,36.97,26405624.0,914313600.0,4786409636.0,0.005516791500960449
2013-07-01,36.59,36.83,35.64,36.7,22136552.0,754669952.0,4786409636.0,0.004624876198122379
2013-07-02,36.57,36.7,35.85,36.61,26967308.0,918626624.0,4786409636.0,0.005634141256354432
2013-07-03,36.33,36.33,35.63,36.18,24214776.0,818103488.0,4786409636.0,0.0050590688723910135
2013-07-04,35.8,36.52,35.53,36.41,30184604.0,1026072256.0,4786409636.0,0.0063063143975335256
2013-07-05,36.46,36.8,36.19,36.71,29034272.0,996044608.0,4786409636.0,0.0060659814366126686
2013-07-08,36.17,36.26,35.63,36.13,25654448.0,866577152.0,4786409636.0,0.005359852154534648
2013-07-09,35.96,36.11,35.74,35.89,11750489.0,396751488.0,4786409636.0,0.00245496935983521
2013-07-10,35.77,36.55,35.19,36.53,38907868.0,1312675200.0,4786409636.0,0.008128821174719865
2013-07-11,36.59,39.69,36.46,38.55,71012112.0,2540619008.0,4786409636.0,0.014836196105301338
2013-07-12,38.46,38.46,37.23,37.24,40838188.0,1453146880.0,4786409636.0,0.008532113025354941
2013-07-15,37.55,38.56,37.1,37.48,33752656.0,1198658304.0,4786409636.0,0.007051769189610582
2013-07-16,37.34,37.54,36.83,37.24,22238580.0,776350784.0,4786409636.0,0.004646192384524942
2013-07-17,37.28,37.5,36.53,36.57,24350860.0,847230784.0,4786409636.0,0.005087500204088257
2013-07-18,36.23,36.47,35.63,35.67,25507756.0,859679040.0,4786409636.0,0.0053292045478407525
2013-07-19,35.68,36.14,34.75,35.52,40416336.0,1342264832.0,4786409636.0,0.008443977652062373
2013-07-22,35.03,35.63,34.81,35.52,30121052.0,993681152.0,4786409636.0,0.006293036804340914
2013-07-23,35.53,36.43,35.27,35.96,37166600.0,1256995584.0,4786409636.0,0.007765026988174817
2013-07-24,35.63,35.8,34.76,35.07,37807872.0,1248824704.0,4786409636.0,0.007899004655939982
2013-07-25,35.21,35.44,34.73,34.77,32049760.0,1054219136.0,4786409636.0,0.006695991868089245
2013-07-26,34.57,34.79,34.08,34.68,37655592.0,1217043200.0,4786409636.0,0.007867189577085333
2013-07-29,34.27,34.51,33.71,34.12,38287448.0,1226199168.0,4786409636.0,0.007999200008296155
2013-07-30,33.99,34.75,33.93,34.18,35770772.0,1154109312.0,4786409636.0,0.007473403807930994
2013-07-31,34.36,34.73,34.02,34.12,27732880.0,894872128.0,4786409636.0,0.005794088285175765
2013-08-01,34.22,34.88,34.16,34.74,31279122.0,1016547264.0,4786409636.0,0.0065349864258880995
2013-08-02,34.97,35.14,34.36,34.38,25865356.0,843921024.0,4786409636.0,0.005403916080533313
2013-08-05,34.51,35.1,34.28,35.09,29746186.0,970679040.0,4786409636.0,0.006214717974882499
2013-08-06,35.07,35.38,34.57,35.1,32981244.0,1084263424.0,4786409636.0,0.00689060203956183
2013-08-07,34.97,35.45,34.78,34.88,30375664.0,1003169024.0,4786409636.0,0.006346231582757911
2013-08-08,34.84,35.5,34.67,35.01,20401252.0,672838464.0,4786409636.0,0.004262328875187816
2013-08-09,35.26,35.37,34.76,35.12,17799932.0,586681728.0,4786409636.0,0.0037188484383203343
2013-08-12,35.36,36.74,35.21,36.71,50822108.0,1724531968.0,4786409636.0,0.01061800219056721
2013-08-13,36.96,37.36,36.64,37.05,38360760.0,1337022592.0,4786409636.0,0.008014516708197602
2013-08-14,36.96,37.84,36.92,37.1,36919160.0,1299436672.0,4786409636.0,0.007713330618909025
2013-08-15,36.93,37.59,36.8,36.86,23147992.0,809020288.0,4786409636.0,0.004836191166317467
2013-08-16,36.7,38.76,36.06,36.58,65188888.0,2293604864.0,4786409636.0,0.013619579801464365
2013-08-19,36.22,36.89,35.8,36.74,35295984.0,1205377792.0,4786409636.0,0.0073742087878414095
2013-08-20,36.5,37.36,36.17,36.38,29167496.0,1007540544.0,4786409636.0,0.006093815243188266
2013-08-21,36.43,36.87,36.03,36.43,17938692.0,614730048.0,4786409636.0,0.003747838852963566
2013-08-22,36.31,36.95,36.27,36.28,19826932.0,681739136.0,4786409636.0,0.004142339145165468
2013-08-23,36.65,36.7,35.53,35.93,25212292.0,855945600.0,4786409636.0,0.0052674747707281274
2013-08-26,36.12,36.81,35.75,36.65,25913880.0,886728256.0,4786409636.0,0.005414053950814
2013-08-27,36.64,36.65,36.24,36.5,19473252.0,667766080.0,4786409636.0,0.004068446597954325
2013-08-28,36.14,36.24,35.66,35.84,28238756.0,953353792.0,4786409636.0,0.005899778361552672
2013-08-29,36.08,36.26,35.69,35.92,17236378.0,581781760.0,4786409636.0,0.003601107993423737
2013-08-30,36.27,37.79,36.22,37.08,58628340.0,2048316800.0,4786409636.0,0.012248918178469086
2013-09-02,37.23,37.93,37.23,37.4,47681488.0,1683714048.0,4786409636.0,0.009961848572544533
2013-09-03,37.63,38.52,37.59,38.38,49621836.0,1781200384.0,4786409636.0,0.01036723552175299
2013-09-04,38.38,38.4,37.88,38.01,27804130.0,996799872.0,4786409636.0,0.005808974181999996
2013-09-05,38.08,38.36,37.87,38.03,22316884.0,799020736.0,4786409636.0,0.004662552037365988
2013-09-06,37.87,38.31,37.73,38.05,26352712.0,941919296.0,4786409636.0,0.005505736868360258
2013-09-09,38.09,40.41,38.09,40.01,93337528.0,3471564544.0,4786409636.0,0.019500530689638616
2013-09-10,40.42,40.88,40.08,40.81,48363464.0,1829668096.0,4786409636.0,0.010104330318124907
2013-09-11,41.33,42.56,40.72,40.74,68142576.0,2651649792.0,4786409636.0,0.014236678676116554
2013-09-12,40.64,42.24,40.12,41.32,73927592.0,2843784448.0,4786409636.0,0.015445312378608123
2013-09-13,41.02,41.47,40.13,40.21,49504276.0,1880734848.0,4786409636.0,0.010342674314305179
2013-09-16,40.69,40.91,39.89,40.57,38072124.0,1437206784.0,4786409636.0,0.00795421347008169
2013-09-17,40.53,41.82,40.21,40.4,56553180.0,2171413504.0,4786409636.0,0.011815365649995111
2013-09-18,40.32,40.82,40.2,40.3,27910578.0,1054772032.0,4786409636.0,0.005831213816317831
2013-09-23,40.57,41.18,40.51,40.84,29077996.0,1109720832.0,4786409636.0,0.006075116467528355
2013-09-24,40.64,40.74,39.03,39.47,44321492.0,1648410496.0,4786409636.0,0.009259861852743438
2013-09-25,39.36,39.77,39.02,39.26,22242312.0,817021696.0,4786409636.0,0.00464697209213123
2013-09-26,39.03,39.03,37.95,38.07,35854496.0,1284634240.0,4786409636.0,0.00749089583355502
2013-09-27,38.08,38.48,38.05,38.29,20885096.0,746720064.0,4786409636.0,0.004363415918879367
2013-09-30,38.43,38.66,38.02,38.18,19554520.0,700921344.0,4786409636.0,0.00408542550410326
2013-10-08,37.87,38.6,37.72,38.4,28517700.0,1019089344.0,4786409636.0,0.005958056699850752
2013-10-09,38.23,38.83,37.96,38.69,28220390.0,1015845248.0,4786409636.0,0.005895941247432338
2013-10-10,38.82,38.84,37.81,38.03,27721252.0,991499584.0,4786409636.0,0.005791658906814051
2013-10-11,38.34,38.94,38.17,38.93,38754488.0,1401284480.0,4786409636.0,0.008096776278510735
2013-10-14,38.98,40.03,38.59,39.47,48790392.0,1795003136.0,4786409636.0,0.010193526194045963
2013-10-15,39.57,39.67,39.15,39.41,25621188.0,943602496.0,4786409636.0,0.005352903313434663
2013-10-16,39.37,39.37,38.07,38.35,29400192.0,1058521152.0,4786409636.0,0.006142431224204564
2013-10-17,38.65,38.73,38.03,38.05,16201322.0,580860800.0,4786409636.0,0.003384859055552846
2013-10-18,38.1,38.59,38.0,38.19,20325378.0,727460032.0,4786409636.0,0.0042464769097753
2013-10-21,38.18,38.73,37.75,38.63,28549476.0,1021574720.0,4786409636.0,0.005964695496447058
2013-10-22,38.5,38.56,37.94,38.11,25813736.0,920862336.0,4786409636.0,0.0053931313788622
2013-10-23,38.22,38.81,37.95,38.08,30836228.0,1106668288.0,4786409636.0,0.00644245485552921
2013-10-24,38.03,38.03,37.37,37.42,26711460.0,938648512.0,4786409636.0,0.005580688246800947
2013-10-25,37.59,37.9,37.2,37.71,30346280.0,1065980928.0,4786409636.0,0.006340092534445165
2013-10-28,38.38,38.49,37.8,38.07,22399264.0,797965632.0,4786409636.0,0.0046797632679678155
2013-10-29,38.23,39.72,38.08,39.31,61957080.0,2263004416.0,4786409636.0,0.012944374742605085
2013-10-30,39.34,40.07,39.14,39.98,42079008.0,1563245056.0,4786409636.0,0.008791351179705004
2013-10-31,39.87,39.92,39.3,39.37,31939816.0,1182592384.0,4786409636.0,0.006673021832433901
2013-11-01,39.37,40.63,39.37,40.17,38348980.0,1439537408.0,4786409636.0,0.008012055573255995
2013-11-04,40.32,40.57,39.58,39.71,22381316.0,835595264.0,4786409636.0,0.004676013484442183
2013-11-05,39.56,39.56,38.56,39.29,27848660.0,1015809280.0,4786409636.0,0.005818277606359056
2013-11-06,39.05,39.56,38.98,39.15,17959522.0,658581696.0,4786409636.0,0.003752190757957934
2013-11-07,39.34,39.54,38.82,39.09,20998196.0,768318400.0,4786409636.0,0.004387045321417199
2013-11-08,38.74,39.24,38.56,38.58,25455374.0,924112640.0,4786409636.0,0.005318260645420445
2013-11-11,38.5,38.98,38.44,38.77,27608128.0,998063808.0,4786409636.0,0.005768024490079395
2013-11-12,39.04,40.08,39.04,39.96,46965640.0,1744029440.0,4786409636.0,0.009812290123845137
2013-11-13,39.46,39.67,38.71,38.79,38116068.0,1393636864.0,4786409636.0,0.007963394464468273
2013-11-14,38.94,39.56,38.89,39.29,32088832.0,1178420992.0,4786409636.0,0.006704154980520351
2013-11-15,39.33,41.11,39.33,40.83,82168832.0,3117019136.0,4786409636.0,0.01716711235536214
2013-11-18,41.59,44.27,41.12,43.99,149287232.0,5945324032.0,4786409636.0,0.03118981519616847
2013-11-19,43.95,44.79,43.42,43.61,96120600.0,3967969280.0,4786409636.0,0.020081983639061853
2013-11-20,44.05,44.24,43.2,43.84,77864488.0,3182879488.0,4786409636.0,0.016267827854590255
2013-11-21,43.62,43.67,42.24,42.79,79850120.0,3199031296.0,4786409636.0,0.016682675757508023
2013-11-22,42.89,43.21,42.29,42.86,73294760.0,2930366976.0,4786409636.0,0.015313098036726416
2013-11-25,42.78,44.74,42.43,43.21,63382596.0,2579499008.0,4786409636.0,0.013242200484321438
2013-11-26,43.42,43.74,42.95,43.36,32191470.0,1307139456.0,4786409636.0,0.006725598611092216
2013-11-27,43.36,44.89,43.12,44.32,55493976.0,2291154176.0,4786409636.0,0.011594071594418795
2013-11-28,44.48,45.32,44.33,44.37,50612480.0,2128670336.0,4786409636.0,0.010574205688399212
2013-11-29,44.49,44.7,44.06,44.44,32164552.0,1335674752.0,4786409636.0,0.006719974771503239
2013-12-02,44.3,46.3,44.3,45.87,80272296.0,3420510720.0,4786409636.0,0.016770878822457726
2013-12-03,45.56,46.36,44.82,45.97,54610732.0,2328807936.0,4786409636.0,0.011409539958564465
2013-12-04,45.8,47.76,45.69,47.32,62873504.0,2765999104.0,4786409636.0,0.013135838505569982
2013-12-05,47.28,47.59,46.92,47.07,42504856.0,1878393856.0,4786409636.0,0.008880321416768934
2013-12-06,47.18,47.59,45.38,45.89,65192124.0,2816558848.0,4786409636.0,0.01362025588233627
2013-12-09,46.63,46.96,45.45,45.89,66335056.0,2859269888.0,4786409636.0,0.013859042799236082
2013-12-10,45.96,46.52,45.83,46.19,36897008.0,1591880320.0,4786409636.0,0.007708702515239546
2013-12-11,45.79,45.79,44.35,44.63,46015292.0,1929705344.0,4786409636.0,0.009613738793668098
2013-12-12,44.37,44.87,43.84,44.4,35011852.0,1451964160.0,4786409636.0,0.007314846547329657
2013-12-13,43.84,45.31,43.59,45.21,38910336.0,1618480896.0,4786409636.0,0.00812933680129337
2013-12-16,45.11,45.64,44.65,44.94,38338456.0,1617612672.0,4786409636.0,0.008009856847948232
2013-12-17,44.94,45.15,44.02,44.9,24724238.0,1032062912.0,4786409636.0,0.005165508153343522
2013-12-18,44.66,45.13,44.54,44.71,21377088.0,895880000.0,4786409636.0,0.004466205282393009
2013-12-19,45.13,45.34,43.68,43.74,31293934.0,1295231360.0,4786409636.0,0.006538081021028598
2013-12-20,43.64,44.08,41.29,41.67,54131236.0,2154867712.0,4786409636.0,0.011309361320197709
2013-12-23,41.87,42.69,41.43,42.26,22804222.0,899402816.0,4786409636.0,0.0047643690645453145
2013-12-24,42.5,43.2,42.27,42.64,24547274.0,980978816.0,4786409636.0,0.005128535973054355
2013-12-25,42.65,43.13,42.24,42.88,14544582.0,580728128.0,4786409636.0,0.003038724870225462
2013-12-26,42.68,42.79,42.13,42.33,17026032.0,675525120.0,4786409636.0,0.0035571614832007243
2013-12-27,42.56,44.06,42.35,43.67,33922648.0,1380285440.0,4786409636.0,0.007087284745722086
2013-12-30,44.08,44.38,43.62,43.64,24809420.0,1020986944.0,4786409636.0,0.005183304791424668
2013-12-31,43.52,44.76,43.42,44.63,35053104.0,1450633088.0,4786409636.0,0.007323465115972368
2014-01-02,44.48,44.49,43.48,44.17,22814640.0,936823040.0,4786409636.0,0.004766545643817102
2014-01-03,43.52,43.74,42.86,43.09,26082114.0,1053912896.0,4786409636.0,0.005449202217008072
2014-01-06,42.97,43.81,41.6,43.09,48383924.0,1909951360.0,4786409636.0,0.010108604920918222
2014-01-07,42.38,43.09,42.38,42.87,21964072.0,878371328.0,4786409636.0,0.004588840836940017
2014-01-08,42.98,43.72,42.64,43.45,27507270.0,1113444992.0,4786409636.0,0.0057469527457720505
2014-01-09,43.31,43.73,42.45,42.74,26908520.0,1084249984.0,4786409636.0,0.005621858981231584
2014-01-10,42.73,42.94,42.22,42.32,19439362.0,773447936.0,4786409636.0,0.004061366134187684
2014-01-13,42.49,42.9,41.68,42.19,24769164.0,976761024.0,4786409636.0,0.005174894311950194
2014-01-14,42.24,43.01,41.77,42.76,21516184.0,855605632.0,4786409636.0,0.004495265895791791
2014-01-15,42.7,42.81,42.03,42.48,14635820.0,580176640.0,4786409636.0,0.00305778675730545
2014-01-16,42.52,44.54,42.42,44.08,53423828.0,2190339840.0,4786409636.0,0.011161566197381774
2014-01-17,43.88,44.13,43.31,43.69,29841968.0,1217140864.0,4786409636.0,0.006234729216561355
2014-01-20,43.42,44.17,43.33,43.55,20240572.0,827661952.0,4786409636.0,0.004228758827444413
2014-01-21,43.63,44.83,43.63,44.22,26650072.0,1103429376.0,4786409636.0,0.005567862767022058
2014-01-22,44.18,45.06,44.02,44.71,33532100.0,1400458624.0,4786409636.0,0.007005689556488265
2014-01-23,44.49,44.66,43.63,43.84,31827840.0,1310444800.0,4786409636.0,0.006649627261447373
2014-01-24,43.44,44.26,43.31,43.34,30177384.0,1232077696.0,4786409636.0,0.00630480595998867
2014-01-27,42.75,42.75,41.36,41.71,59556356.0,2329906432.0,4786409636.0,0.012442803798500459
2014-01-28,41.81,42.06,41.47,41.88,27296320.0,1066160832.0,4786409636.0,0.005702880044928942
2014-01-29,42.03,42.12,41.74,42.01,19039590.0,746311872.0,4786409636.0,0.003977843821974121
2014-01-30,41.71,41.88,41.31,41.86,27163894.0,1057973632.0,4786409636.0,0.005675212960397776
2014-02-07,41.29,41.31,40.53,40.86,38035844.0,1447591936.0,4786409636.0,0.007946633675881226
2014-02-10,40.99,41.9,40.98,41.78,41508772.0,1613659136.0,4786409636.0,0.008672214698842379
2014-02-11,41.68,42.78,41.4,42.3,42499440.0,1677228800.0,4786409636.0,0.008879189879685426
2014-02-12,42.45,42.6,41.74,41.94,24802434.0,975862912.0,4786409636.0,0.005181845242298856
2014-02-13,41.97,42.21,41.17,41.65,31810434.0,1238136704.0,4786409636.0,0.006645990715200039
2014-02-14,41.6,42.03,41.58,41.78,18375936.0,718232384.0,4786409636.0,0.0038391899978199025
2014-02-17,42.35,42.54,41.79,42.24,27639260.0,1089687168.0,4786409636.0,0.005774528739060896
2014-02-18,42.11,42.12,41.28,41.37,32972842.0,1280423296.0,4786409636.0,0.006888846652823344
2014-02-19,41.35,42.16,41.09,41.82,33636796.0,1307398784.0,4786409636.0,0.0070275631544378745
2014-02-20,41.95,42.39,41.17,41.26,29219560.0,1140525056.0,4786409636.0,0.0061046927075006415
2014-02-21,41.28,41.77,41.03,41.74,29967112.0,1159437696.0,4786409636.0,0.006260874910205868
2014-02-24,41.18,41.71,40.76,41.53,44350516.0,1708814976.0,4786409636.0,0.009265925688103808
2014-02-25,41.39,41.46,39.94,40.25,50761160.0,1925348864.0,4786409636.0,0.010605268637730111
2014-02-26,39.95,40.32,39.82,40.1,27174924.0,1016538176.0,4786409636.0,0.005677517401688601
2014-02-27,40.29,40.95,39.81,40.64,35110132.0,1324255616.0,4786409636.0,0.007335379683328048
2014-02-28,40.53,41.22,40.42,41.17,33231360.0,1270226048.0,4786409636.0,0.006942857491773611
2014-03-03,40.93,41.01,40.33,40.62,29593584.0,1123111424.0,4786409636.0,0.006182835622220446
2014-03-04,40.55,41.05,40.14,40.6,22592582.0,859059264.0,4786409636.0,0.004720152205543488
2014-03-05,40.8,40.8,40.12,40.27,22937356.0,867715008.0,4786409636.0,0.004792184067882818
2014-03-06,40.1,40.8,39.62,40.48,25618732.0,963086848.0,4786409636.0,0.005352390193959571
2014-03-07,40.18,40.73,39.89,40.14,18944504.0,713812352.0,4786409636.0,0.00395797799200319
2014-03-10,39.65,39.65,38.58,38.69,27685448.0,1009906816.0,4786409636.0,0.005784178560850616
2014-03-11,38.53,39.01,38.48,38.71,18049892.0,652383936.0,4786409636.0,0.0037710712982527515
2014-03-12,38.6,39.21,38.6,38.86,18881278.0,687002048.0,4786409636.0,0.003944768508317452
2014-03-13,39.05,39.68,38.85,39.29,20498438.0,753703232.0,4786409636.0,0.004282633447380934
2014-03-14,39.14,39.55,39.04,39.22,21875818.0,803724928.0,4786409636.0,0.00457040238166527
2014-03-17,39.5,39.67,39.16,39.4,26004888.0,958046336.0,4786409636.0,0.005433067785174416
2014-03-18,39.44,39.44,38.85,38.87,14119110.0,516547488.0,4786409636.0,0.00294983318891179
2014-03-19,38.73,38.88,37.97,38.5,19862872.0,711971200.0,4786409636.0,0.004149847904910912
2014-03-20,38.5,39.51,38.19,38.59,35190864.0,1283729920.0,4786409636.0,0.007352246605747892
2014-03-21,38.4,40.32,38.39,40.1,50812460.0,1878615552.0,4786409636.0,0.010615986483443559
2014-03-24,40.21,40.58,39.94,40.37,41137056.0,1551185792.0,4786409636.0,0.008594553982717246
2014-03-25,40.17,40.51,39.62,39.73,24377964.0,913280512.0,4786409636.0,0.005093162903702628
2014-03-26,39.92,40.18,39.62,39.76,22982324.0,856257728.0,4786409636.0,0.004801579001333934
2014-03-27,39.7,40.04,39.2,39.76,28592228.0,1059418944.0,4786409636.0,0.0059736274523913314
2014-03-28,39.57,40.1,39.51,39.96,20789504.0,773606464.0,4786409636.0,0.0043434443729253765
2014-03-31,40.09,40.39,39.87,40.17,21641112.0,812676160.0,4786409636.0,0.004521366461664879
2014-04-01,40.16,40.88,40.05,40.32,33534094.0,1267899264.0,4786409636.0,0.007006106152674476
2014-04-02,40.39,41.19,40.22,41.16,42833088.0,1631778304.0,4786409636.0,0.008948897243946631
2014-04-03,41.37,42.17,41.21,41.24,41720368.0,1628826880.0,4786409636.0,0.008716422365150026
2014-04-04,40.97,41.71,40.85,41.62,19091180.0,741151296.0,4786409636.0,0.003988622255899203
2014-04-08,41.49,42.94,41.44,42.66,53444752.0,2117590016.0,4786409636.0,0.011165937741313706
2014-04-09,42.66,42.76,41.99,42.21,35712912.0,1415512960.0,4786409636.0,0.00746131541508538
2014-04-10,42.24,46.19,41.82,45.21,133202648.0,5515284992.0,4786409636.0,0.02782934561182218
2014-04-11,45.23,45.27,43.79,44.07,90286784.0,3745722368.0,4786409636.0,0.01886315440302611
2014-04-14,44.05,44.33,43.33,43.64,35163660.0,1433729792.0,4786409636.0,0.007346563013646749
2014-04-15,43.4,43.52,42.67,42.85,33616800.0,1348010880.0,4786409636.0,0.007023385492783175
2014-04-16,42.76,43.29,42.58,42.98,19363196.0,777138368.0,4786409636.0,0.004045453162713798
2014-04-17,43.14,43.26,42.3,42.35,18433704.0,733348224.0,4786409636.0,0.003851259169577687
2014-04-18,42.11,42.59,41.78,42.32,16338794.0,643972864.0,4786409636.0,0.0034135803749664687
2014-04-21,41.97,42.56,41.51,41.61,19617364.0,771596224.0,4786409636.0,0.0040985551784895324
2014-04-22,41.59,42.03,41.33,41.98,18544772.0,722371072.0,4786409636.0,0.003874464036784335
2014-04-23,41.81,42.22,41.57,41.67,17409580.0,680513344.0,4786409636.0,0.003637294198360585
2014-04-24,41.7,42.39,41.6,42.26,36549744.0,1436533888.0,4786409636.0,0.007636150429979621
2014-04-25,42.19,42.33,41.63,41.72,17276780.0,676973952.0,4786409636.0,0.003609548975928896
2014-04-28,41.5,41.89,40.65,40.73,20237332.0,777744320.0,4786409636.0,0.0042280819108730374
2014-04-29,41.18,42.09,41.18,41.8,20273434.0,789071808.0,4786409636.0,0.0042356245164470495
2014-04-30,42.08,42.09,41.68,41.86,12971739.0,507872192.0,4786409636.0,0.002710118854524218
2014-05-05,41.68,42.17,41.47,41.92,29412976.0,1149093888.0,4786409636.0,0.006145102119713349
2014-05-06,41.76,42.55,41.73,42.27,18569982.0,731941184.0,4786409636.0,0.0038797310326992664
2014-05-07,42.01,42.38,41.86,42.09,28101954.0,1108399360.0,4786409636.0,0.005871197021800413
2014-05-08,42.03,43.13,41.88,42.08,20032076.0,795427904.0,4786409636.0,0.004185198828226661
2014-05-09,42.24,42.32,41.84,41.98,11124732.0,437882592.0,4786409636.0,0.0023242331613925406
2014-05-12,42.37,43.09,42.25,42.83,28014632.0,1121069312.0,4786409636.0,0.0058529532845023715
2014-05-13,42.86,43.2,42.5,42.69,15196804.0,608601728.0,4786409636.0,0.0031749902652920365
2014-05-14,42.75,43.04,42.56,42.64,15819949.0,633411136.0,4786409636.0,0.003305180751980251
2014-05-15,42.72,42.84,42.25,42.38,13550441.0,538856000.0,4786409636.0,0.002831024093316864
2014-05-16,42.45,42.48,41.71,42.27,13909764.0,548452160.0,4786409636.0,0.002906095603556486
2014-05-19,42.24,42.27,41.19,41.4,24629076.0,954027840.0,4786409636.0,0.005145626445082646
2014-05-20,41.67,41.78,41.34,41.47,16032390.0,621977472.0,4786409636.0,0.003349564959801113
2014-05-21,41.36,41.96,41.15,41.89,16850040.0,655273920.0,4786409636.0,0.00352039237788297
2014-05-22,41.89,42.49,41.82,41.84,18508738.0,728941184.0,4786409636.0,0.003866935638101327
2014-05-23,41.84,42.13,41.84,42.12,17945656.0,704306688.0,4786409636.0,0.0037492938057422883
2014-05-26,42.33,42.53,41.71,41.98,15560554.0,612038656.0,4786409636.0,0.003250986685921004
2014-05-27,41.92,42.22,41.81,41.99,21858314.0,859641088.0,4786412122.0,0.00456674298887295
2014-05-28,41.97,42.67,41.79,42.59,25471164.0,1004351424.0,4786412122.0,0.005321556805132962
2014-05-29,42.68,43.19,42.25,42.75,26923360.0,1079497600.0,4786412122.0,0.005624956504737851
2014-05-30,42.87,42.91,42.47,42.65,18096196.0,721990720.0,4786413135.0,0.003780742591498007
2014-06-03,42.73,43.09,42.66,42.67,26767632.0,1071015168.0,4786413135.0,0.0055924198862537175
2014-06-04,42.61,42.61,41.79,42.05,24646288.0,969574912.0,4786413135.0,0.005149218695682022
2014-06-05,41.97,42.66,41.9,42.55,34013648.0,1342416000.0,4786413135.0,0.0071062917137845434
2014-06-06,42.54,42.61,41.95,42.2,21208432.0,837134464.0,4786413135.0,0.004430965610744339
2014-06-09,41.98,42.81,41.97,42.45,26749436.0,1064090752.0,4786413135.0,0.005588618292139966
2014-06-10,42.51,43.29,42.51,43.26,43108056.0,1733954688.0,4786413135.0,0.009006338313084209
2014-06-11,43.04,43.18,42.61,42.91,30271712.0,1211594880.0,4786413135.0,0.006324508801516148
2014-06-12,42.86,43.11,42.65,42.74,38069332.0,1522006528.0,4786413135.0,0.007953624337528064
2014-06-13,42.76,43.84,42.67,43.66,47046524.0,1911536000.0,4786413135.0,0.00982918161743679
2014-06-16,43.63,44.01,43.48,43.74,38705032.0,1583979136.0,4786413135.0,0.00808643777884
2014-06-17,43.67,43.68,42.92,43.18,30148904.0,1219885056.0,4786413135.0,0.006298851175119049
2014-06-18,43.26,43.42,42.96,43.04,20414012.0,823747392.0,4786416007.0,0.004264989079541995
2014-06-19,43.2,43.27,42.48,42.57,24324428.0,974346304.0,4786416007.0,0.0050819711375747955
2014-06-20,42.69,42.91,42.49,42.81,15285591.0,609779136.0,4786416007.0,0.003193535826732413
2014-06-23,42.78,43.25,42.36,42.43,22536380.0,901579712.0,4786416007.0,0.004708403942958818
2014-06-24,42.43,42.59,42.04,42.5,24928188.0,988451072.0,4786416007.0,0.005208111447802117
2014-06-25,42.51,42.51,41.97,42.16,17659030.0,696759680.0,4786416007.0,0.0036894055957890333
2014-06-26,42.23,42.48,42.17,42.45,13430540.0,531507392.0,4786416007.0,0.0028059700578383093
2014-06-27,42.5,42.5,41.9,42.04,23819712.0,926940480.0,4786416007.0,0.0049765235544015265
2014-06-30,42.09,42.77,42.08,42.55,16822250.0,661385664.0,4786416079.0,0.0035145816248207534
2014-07-01,42.74,42.89,42.3,42.49,15530862.0,610969600.0,4786416079.0,0.0032447789209426145
2014-07-02,42.52,42.85,42.4,42.66,17981084.0,708289152.0,4786416079.0,0.003756690539063351
2014-07-03,42.71,43.0,42.58,42.78,18707826.0,740119808.0,4786416079.0,0.003908524810887006
2014-07-04,42.78,43.4,42.78,43.14,20575018.0,821672064.0,4786416079.0,0.004298627127355511
2014-07-07,43.14,43.49,42.96,43.31,16422342.0,657129344.0,4786416079.0,0.003431031011292907
2014-07-08,43.24,43.37,43.08,43.35,12198725.0,487939136.0,4786416079.0,0.0025486135761412145
2014-07-09,43.28,43.76,42.94,42.95,24142308.0,966101120.0,4786416079.0,0.0050439217154401505
2014-07-10,43.14,43.25,42.42,42.62,27753844.0,1096040704.0,4786416079.0,0.005798460380777941
2014-07-11,42.81,42.92,42.51,42.63,12646057.0,499353376.0,4786416079.0,0.002642072229258028
2014-07-14,42.65,43.25,42.64,43.22,15303296.0,608817280.0,4786416079.0,0.003197234788496957
2014-07-15,43.22,43.54,42.98,43.19,23321034.0,931300416.0,4786416079.0,0.004872337384607887
2014-07-16,43.18,43.59,42.82,42.96,20639700.0,822271616.0,4786416079.0,0.004312140787457855
2014-07-17,42.94,43.21,42.82,43.17,18779556.0,748084992.0,4786416079.0,0.003923510971474822
2014-07-18,43.0,43.48,42.78,43.06,23755076.0,947994496.0,4786416079.0,0.004963019429970455
2014-07-21,43.09,43.43,43.0,43.11,19222460.0,767665792.0,4786416079.0,0.004016044506522726
2014-07-22,42.89,43.74,42.89,43.5,43894964.0,1763678976.0,4786416079.0,0.009170737202013314
2014-07-23,43.48,44.8,43.48,44.43,55736740.0,2287062272.0,4786416079.0,0.011644775355937042
2014-07-24,44.53,45.94,44.53,45.63,68085808.0,2862822912.0,4786416079.0,0.014224799281182593
2014-07-25,45.75,46.24,45.57,45.9,35466240.0,1503282176.0,4786416079.0,0.007409769525805573
2014-07-28,46.24,47.69,46.21,47.41,83604168.0,3646279936.0,4786416079.0,0.017466966226945102
2014-07-29,47.27,47.77,46.89,47.52,36931644.0,1614937856.0,4786416079.0,0.0077159284505236595
2014-07-30,47.27,47.93,47.05,47.51,56664080.0,2493688320.0,4786416079.0,0.011838519481958309
2014-07-31,47.56,48.35,46.92,48.26,45192288.0,1991991168.0,4786456885.0,0.009441699588191318
2014-08-01,48.2,48.54,47.27,47.29,42690772.0,1893369216.0,4786456885.0,0.008919075847896205
2014-08-04,47.48,48.83,47.13,48.78,49773564.0,2211098880.0,4786456885.0,0.010398832622097252
2014-08-05,48.68,48.78,47.7,48.11,36817528.0,1639555200.0,4786456885.0,0.007692021235035109
2014-08-06,47.79,47.79,46.77,47.24,42484648.0,1853697664.0,4786456885.0,0.008876011843570591
2014-08-07,47.32,47.38,46.39,46.5,40058392.0,1730474368.0,4786456885.0,0.00836911163360453
2014-08-08,46.66,46.79,46.09,46.32,37242704.0,1596600960.0,4786456885.0,0.0077808501977136265
2014-08-11,46.51,47.33,46.43,47.11,45379356.0,1967603072.0,4786456885.0,0.009480782359538583
2014-08-12,46.98,46.99,46.21,46.5,35304848.0,1517989504.0,4786456885.0,0.007375987885870197
2014-08-13,46.51,47.38,46.35,47.32,46458144.0,2009058688.0,4786456885.0,0.00970616577485373
2014-08-14,47.59,47.79,46.56,46.67,44197412.0,1929774592.0,4786456885.0,0.009233847303316929
2014-08-15,46.78,47.65,46.61,47.43,40257856.0,1756666112.0,4786456885.0,0.008410784212046652
2014-08-18,47.48,47.72,47.05,47.27,31568536.0,1381429760.0,4786456885.0,0.006595387101246186
2014-08-19,47.38,47.48,46.48,46.91,35149896.0,1525429632.0,4786456885.0,0.007343614879338874
2014-08-20,46.72,46.8,46.23,46.41,42636080.0,1833440640.0,4786456885.0,0.008907649441827157
2014-08-21,46.41,46.66,45.54,46.0,37008020.0,1575156224.0,4786456885.0,0.00773181935806782
2014-08-22,45.98,46.4,45.95,46.35,32519568.0,1389450112.0,4786456885.0,0.006794079374643735
2014-08-25,46.28,46.35,45.63,45.7,25279532.0,1072734592.0,4786456885.0,0.0052814707428415495
2014-08-26,45.68,46.05,45.49,45.84,20610848.0,873976832.0,4786456885.0,0.0043060761843674265
2014-08-27,46.01,46.11,45.75,45.88,17167140.0,728996160.0,4786456885.0,0.0035866070482738718
2014-08-28,45.93,46.11,45.49,45.54,18853436.0,798339392.0,4786456885.0,0.003938912739208765
2014-08-29,45.82,46.03,45.55,45.97,20221620.0,857811200.0,4786469496.0,0.004224746447647684
2014-09-01,46.08,46.29,45.92,46.11,25952292.0,1106389888.0,4786469496.0,0.005422011363843026
2014-09-02,46.24,46.53,45.82,46.51,39233656.0,1675495168.0,4786469496.0,0.008196783878553313
2014-09-03,46.56,47.16,46.55,46.94,45658960.0,1981781760.0,4786472797.0,0.009539166299789167
2014-09-04,47.06,47.65,46.9,47.57,46722756.0,2040962304.0,4786472797.0,0.00976141680556176
2014-09-05,47.73,48.21,47.32,47.74,43423932.0,1915977728.0,4786472797.0,0.009072219532348885
2014-09-09,47.68,48.08,47.09,47.18,32123488.0,1411217536.0,4786472797.0,0.00671130691897673
2014-09-10,46.89,46.89,46.4,46.68,28717132.0,1238482816.0,4786472797.0,0.005999643833346119
2014-09-11,46.61,47.32,46.29,46.53,38506324.0,1662807168.0,4786472797.0,0.008044822488938926
2014-09-12,46.46,46.68,46.27,46.65,23142776.0,988507712.0,4786472797.0,0.004835037611517423
2014-09-15,46.29,46.36,45.75,45.98,46011168.0,1943557888.0,4786472797.0,0.009612750338587163
2014-09-16,46.06,46.16,45.48,45.51,41926140.0,1765021696.0,4786472797.0,0.008759297666180802
2014-09-17,45.8,45.8,45.48,45.6,26278732.0,1102840320.0,4786472797.0,0.005490208158389749
2014-09-18,45.53,45.91,45.39,45.69,26350892.0,1106155520.0,4786472797.0,0.005505283977904534
2014-09-19,45.73,46.19,45.64,46.12,32176422.0,1357212416.0,4786472797.0,0.006722366001989419
2014-09-22,45.91,45.91,44.61,44.64,48215116.0,1994107648.0,4786472797.0,0.010073203806824017
2014-09-23,44.68,45.0,44.51,44.91,28243948.0,1162372480.0,4786472797.0,0.005900785233272893
2014-09-24,44.67,46.13,44.67,46.08,51878560.0,2168325888.0,4786472797.0,0.010838578260074044
2014-09-25,46.25,46.45,45.53,45.64,32738764.0,1386488064.0,4786472797.0,0.006839851679616681
2014-09-26,45.54,45.64,45.12,45.49,23414160.0,976107392.0,4786472797.0,0.004891735729632728
2014-09-29,45.67,45.68,45.01,45.26,36957980.0,1539767808.0,4786472797.0,0.007721339192226062
2014-09-30,45.35,45.37,44.93,44.98,44418132.0,1839470208.0,4786477392.0,0.009279920986201538
2014-10-08,45.15,45.56,44.91,45.55,38460944.0,1600320000.0,4786477392.0,0.00803533388965394
2014-10-09,45.57,46.01,45.48,45.59,35522180.0,1491923328.0,4786477392.0,0.007421361701064523
2014-10-10,45.4,45.4,44.93,45.02,35148944.0,1457395712.0,4786477392.0,0.007343384522978647
2014-10-13,44.77,44.81,44.21,44.48,40180380.0,1639546368.0,4786477392.0,0.00839456174328881
2014-10-14,44.45,44.77,44.23,44.33,28329678.0,1157294336.0,4786477392.0,0.005918690443905475
2014-10-15,44.48,45.01,44.25,44.99,35422932.0,1453750016.0,4786477392.0,0.007400626619318209
2014-10-16,44.6,45.32,44.43,44.75,36904512.0,1522616320.0,4786477392.0,0.007710161143073879
2014-10-17,44.88,45.1,44.4,44.78,31940696.0,1312956928.0,4786477392.0,0.0066731112223333364
2014-10-20,45.03,45.42,44.75,44.9,34812864.0,1440513152.0,4786477392.0,0.007273170047389205
2014-10-21,44.86,45.18,44.52,44.56,31216100.0,1286186368.0,4786477392.0,0.006521727241869735
2014-10-22,44.76,45.59,44.63,45.06,51464068.0,2137413376.0,4786477392.0,0.010751971394666101
2014-10-23,44.94,45.52,44.69,44.76,49541832.0,2056290944.0,4786477392.0,0.01035037417763698
2014-10-24,44.73,44.97,44.63,44.68,29992384.0,1235723904.0,4786477392.0,0.00626606615757311
2014-10-27,44.13,44.21,43.48,43.64,41326208.0,1662990336.0,4786477392.0,0.008633950317841593
2014-10-28,43.69,44.32,43.68,44.29,42280500.0,1709016192.0,4786477392.0,0.008833322825396936
2014-10-29,45.15,45.91,44.95,45.75,85159344.0,3554130176.0,4786477392.0,0.017791652822247362
2014-10-30,45.67,45.87,45.26,45.74,46241620.0,1937595008.0,4786477392.0,0.009660887582439458
2014-10-31,45.97,47.28,45.88,46.78,96690336.0,4145504512.0,4786480291.0,0.02020071746285187
2014-11-03,47.0,47.41,46.46,46.65,54946944.0,2367823872.0,4786480291.0,0.011479613548877768
2014-11-04,46.72,46.73,46.15,46.28,40530684.0,1727865472.0,4786480291.0,0.008467742795517133
2014-11-05,46.33,46.47,45.96,46.25,30046880.0,1276868352.0,4786480291.0,0.006277447763964897
2014-11-06,46.28,46.43,45.64,45.85,50245652.0,2122305536.0,4786480291.0,0.01049741123858312
2014-11-10,47.01,47.33,46.14,46.71,107856408.0,4623240192.0,4786480291.0,0.022533553141919748
2014-11-11,46.95,48.23,46.62,46.84,216478800.0,9434589184.0,4786480291.0,0.04522713702739866
2014-11-12,46.76,47.74,46.51,47.66,79238768.0,3442942720.0,4786480291.0,0.01655470474807811
2014-11-13,48.0,48.83,47.74,48.2,133335048.0,5920831488.0,4786480291.0,0.02785659605675372
2014-11-14,47.98,48.52,47.4,48.45,78755896.0,3468785920.0,4786480291.0,0.016453822268543424
2014-11-17,49.88,49.93,47.17,47.26,97067608.0,4307115008.0,4786480291.0,0.020279537802028735
2014-11-18,47.19,47.38,46.14,46.33,61479128.0,2632486656.0,4786480291.0,0.01284432908155894
2014-11-19,46.35,46.68,46.17,46.31,36798504.0,1570102400.0,4786480291.0,0.007688009092859336
2014-11-20,46.18,47.25,46.0,46.68,53372568.0,2287494400.0,4786480291.0,0.011150692106756656
2014-11-21,46.56,48.1,46.13,47.85,91004536.0,3943284736.0,4786480291.0,0.019012829985138657
2014-11-24,48.83,50.7,48.52,49.88,227750272.0,10392812544.0,4786480291.0,0.047581993062467624
2014-11-25,49.82,50.21,49.63,49.9,88308208.0,4051188224.0,4786480291.0,0.01844950832996128
2014-11-26,50.06,52.39,49.94,52.09,162206160.0,7624394752.0,4786480291.0,0.03388840027295121
2014-11-27,52.98,54.07,52.44,53.14,191617808.0,9380798464.0,4786480291.0,0.040033134234418184
2014-11-28,53.18,54.32,52.34,54.0,169648704.0,8317107200.0,4786483896.0,0.03544328314606326
2014-12-01,57.66,58.59,55.05,55.21,238664576.0,12377362432.0,4786483896.0,0.04986219136753991
2014-12-02,54.94,60.25,54.79,59.07,212976400.0,11223116800.0,4786483896.0,0.044495375859925385
2014-12-03,59.51,62.24,58.48,59.85,245428864.0,13671460864.0,4786483896.0,0.05127539741752847
2014-12-04,59.88,65.54,59.38,65.27,243403648.0,13895520256.0,4786483896.0,0.05085228599711975
2014-12-05,66.17,68.54,62.04,64.33,311211424.0,18700314624.0,4786483896.0,0.0650187968375022
2014-12-08,64.3,70.7,63.11,70.53,298542624.0,18681899008.0,4786483896.0,0.062372010537732725
2014-12-09,67.89,73.02,63.48,64.54,416654496.0,26335275008.0,4786483896.0,0.08704813492597198
2014-12-10,65.28,66.37,61.42,64.89,270621952.0,15882920960.0,4786483896.0,0.05653877833500184
2014-12-11,63.1,64.65,61.59,61.82,171429872.0,9929330688.0,4786483896.0,0.035815407661407075
2014-12-12,62.14,64.35,61.82,62.09,152824624.0,8843985920.0,4786483896.0,0.031928368990797915
2014-12-15,61.99,63.32,61.48,63.09,128657720.0,7383431680.0,4786483896.0,0.026879380103528087
2014-12-16,63.84,68.75,63.32,68.65,261185152.0,15700680704.0,4786483896.0,0.05456722673156154
2014-12-17,69.25,70.5,67.14,69.33,256227008.0,16256978944.0,4786483896.0,0.05353136322345625
2014-12-18,70.72,73.96,69.63,71.52,255141328.0,16846542848.0,4786483896.0,0.05330454119217202
2014-12-19,72.76,72.76,68.0,70.66,174748272.0,11318540288.0,4858828795.0,0.035965101750410615
2014-12-22,70.94,74.31,70.28,71.64,217875504.0,14553053184.0,4858828795.0,0.044841156828617994
2014-12-23,70.38,76.38,69.11,71.12,229502240.0,15262607360.0,4858828795.0,0.04723406600293682
2014-12-24,71.22,71.69,65.17,66.05,234441536.0,14589029376.0,4858828795.0,0.048250627032023256
2014-12-25,66.58,69.5,65.6,68.99,219051952.0,13613792256.0,4858828795.0,0.04508328266791709
2014-12-26,69.62,74.1,69.19,73.77,264782608.0,17480712192.0,4858828795.0,0.05449515082162923
2014-12-29,76.72,80.75,74.09,77.22,364226784.0,26099691520.0,4858828795.0,0.07496184767300491
2014-12-30,76.33,80.49,75.89,79.18,218054304.0,15697265664.0,4858828795.0,0.04487795582021531
2014-12-31,79.97,81.47,78.65,81.28,199544912.0,14700787712.0,5168381436.0,0.03860878196993818
2015-01-05,84.64,85.73,81.87,82.86,243571776.0,18752043008.0,5168381436.0,0.047127283273525014
2015-01-06,80.92,83.52,78.34,80.22,234227968.0,17438633984.0,5168381436.0,0.04531940432424384
2015-01-07,79.75,82.14,78.88,79.87,170386880.0,12565953536.0,5168381436.0,0.032967164306640005
2015-01-08,81.05,81.51,77.03,77.33,178880912.0,12883821568.0,5168381436.0,0.034610625050623685
2015-01-09,77.46,85.06,76.94,79.25,311873408.0,23164178432.0,5416332249.0,0.05758018409184189
2015-01-12,80.49,82.95,78.66,81.78,265627152.0,19758884864.0,5416332249.0,0.04904188661045339
2015-01-13,81.92,83.75,80.52,81.73,150924352.0,11390279680.0,5416332249.0,0.02786467761977945
2015-01-14,81.88,82.55,79.51,80.35,145910576.0,10853947392.0,5416332249.0,0.026939000285098647
2015-01-15,80.51,86.43,80.18,85.81,257903792.0,19788347392.0,5416332249.0,0.04761594749798001
2015-01-16,86.38,88.56,84.76,85.18,231750864.0,18476457984.0,5416332249.0,0.042787416529476645
2015-01-19,76.67,79.91,76.66,76.66,290034944.0,20841209856.0,5416332249.0,0.053548218732990066
2015-01-20,76.48,78.45,74.53,76.83,265116384.0,18667132928.0,5416332249.0,0.04894758515764013
2015-01-21,77.57,84.38,77.34,84.16,292580064.0,21775560704.0,5416332249.0,0.054018116051506644
2015-01-22,84.09,84.53,81.06,82.11,214704416.0,16325804032.0,5416332249.0,0.03964018566985808
2015-01-23,82.69,86.6,82.13,83.56,234373200.0,18082146304.0,5416332249.0,0.04327156998968658
2015-01-26,83.01,83.16,81.27,82.26,138860640.0,10484377600.0,5416332249.0,0.02563739327949045
2015-01-27,82.82,84.26,78.15,80.47,218560608.0,16231931904.0,5416332249.0,0.04035214199430844
2015-01-28,79.3,80.07,78.22,78.65,128035496.0,9286067200.0,5416332249.0,0.023638781764844425
2015-01-29,77.26,77.96,75.95,76.76,156306720.0,11034677248.0,5416332249.0,0.028858406909741997
2015-01-30,76.92,78.17,74.86,75.39,139388272.0,9784587264.0,5416332249.0,0.025734808278375983
2015-02-02,72.13,73.71,71.75,72.04,152220256.0,10171400192.0,5416332249.0,0.028103936206665302
2015-02-03,73.09,76.7,71.81,75.15,190717200.0,12937940992.0,5416332249.0,0.03521150314130222
2015-02-04,75.36,76.49,73.31,73.44,127880616.0,8815904768.0,5416332249.0,0.023610186768658843
2015-02-05,76.16,76.16,71.59,71.74,182953808.0,12526322688.0,5416332249.0,0.033778173049442854
2015-02-06,71.7,74.06,71.27,72.14,148683600.0,9905947648.0,5416332249.0,0.027450974786018892
2015-02-09,72.02,75.18,71.81,73.98,141166000.0,9578811392.0,5416332249.0,0.026063024480461484
2015-02-10,73.44,75.04,73.12,74.51,98062232.0,6688282624.0,5416332249.0,0.01810491444982994
2015-02-11,74.96,76.86,74.49,76.32,106204576.0,7382467072.0,5416332249.0,0.019608209230445234
2015-02-12,76.27,76.7,74.67,76.05,83702168.0,5833771520.0,5416332249.0,0.015453662026633182
2015-02-13,76.53,77.6,75.9,76.07,109227392.0,7688143872.0,5416332249.0,0.020166302024800326
2015-02-16,76.38,77.72,75.9,76.49,96166456.0,6771606528.0,5416332249.0,0.017754903425238527
2015-02-17,76.79,77.72,76.57,76.79,94984648.0,6738799104.0,5416332249.0,0.01753671001581129
2015-02-25,76.56,76.59,73.63,74.16,104046200.0,7157733888.0,5416332249.0,0.019209715212579456
2015-02-26,73.98,76.33,72.88,76.02,117863560.0,8113328128.0,5416332249.0,0.021760769942013945
2015-02-27,76.32,77.47,75.86,76.46,95432616.0,6730967552.0,5416332249.0,0.017619416906638145
2015-03-02,77.26,77.41,75.23,76.05,133869568.0,9373873152.0,5416332249.0,0.024715907711295945
2015-03-03,75.39,75.4,72.84,73.02,140995648.0,9598019584.0,5416332249.0,0.026031572938685875
2015-03-04,73.07,73.66,72.35,72.83,104601776.0,7002144768.0,5416332249.0,0.019312289422295372
2015-03-05,71.81,71.97,70.5,70.89,148376608.0,9706137600.0,5416332249.0,0.02739429584058369
2015-03-06,70.99,71.47,70.61,70.7,79405440.0,5187303936.0,5416332249.0,0.014660370957608882
2015-03-09,70.03,72.64,68.67,72.15,144350144.0,9339641856.0,5416332249.0,0.02665090274450038
2015-03-10,71.59,71.94,70.64,71.48,83035760.0,5439821312.0,5416332249.0,0.015330625261279093
2015-03-11,71.81,73.56,71.63,72.04,107078560.0,7145484800.0,5416332249.0,0.019769570084953628
2015-03-12,73.11,75.58,72.36,74.85,157758880.0,10760326144.0,5416332249.0,0.029126514539267144
2015-03-13,75.31,76.92,74.38,75.0,128161912.0,8911163392.0,5416332249.0,0.023662121544272347
2015-03-16,76.01,79.99,75.08,79.93,220733488.0,15776029696.0,5416332249.0,0.04075331383903809
2015-03-17,81.6,82.28,80.4,81.27,225118768.0,16816774144.0,5416332249.0,0.041562953978970356
2015-03-18,82.28,84.31,81.48,84.23,191144400.0,14529584128.0,5416332249.0,0.035290375703095095
2015-03-19,83.5,83.5,81.49,82.39,157869408.0,11932804096.0,5416332249.0,0.029146920968363216
2015-03-20,85.73,87.04,84.21,85.31,297613088.0,23409266688.0,5416332249.0,0.05494734708251093
2015-03-23,86.11,86.49,84.19,84.81,192748128.0,15057699840.0,5416332249.0,0.035586466844899786
2015-03-24,84.76,84.8,81.98,82.4,211245296.0,16120826880.0,5416332249.0,0.03900153947147565
2015-03-25,82.03,83.45,80.94,81.68,166476944.0,12546319360.0,5416332249.0,0.030736102651519596
2015-03-26,81.38,86.91,80.35,85.01,258337232.0,20049004544.0,5416332249.0,0.0476959721309002
2015-03-27,85.02,85.12,83.01,83.47,121951472.0,9386634240.0,5416332249.0,0.022515507984672747
2015-03-30,84.84,87.25,83.77,86.99,235028992.0,18581458944.0,5412281996.000001,0.043425119417964626
2015-03-31,89.41,90.08,84.74,85.12,243115840.0,19568283648.0,5412281996.000001,0.044919285465849175
2015-04-01,86.11,87.18,85.19,86.11,182511056.0,14456611840.0,5412281996.000001,0.03372164571891977
2015-04-02,86.91,86.95,83.82,84.88,169020992.0,13243173888.0,5412281996.000001,0.031229154749312135
2015-04-03,84.52,85.93,84.21,85.63,129000856.0,10094320640.0,5412281996.000001,0.023834836413797234
2015-04-07,86.17,88.43,85.41,88.16,214798272.0,17190330368.0,5412281996.000001,0.039687191494964365
2015-04-08,88.43,91.33,86.49,89.66,277207808.0,22668269568.0,5412281996.000001,0.05121828615080905
2015-04-09,90.0,92.94,88.27,88.6,253739664.0,21076518912.0,5412281996.000001,0.046882195751723345
2015-04-10,88.76,93.87,88.46,93.72,256251072.0,21438685184.0,5412281996.000001,0.047346215919529845
2015-04-13,95.51,96.59,93.67,93.79,229668192.0,19980660736.0,5412281996.000001,0.04243463148626374
2015-04-14,93.79,93.79,91.17,92.12,157844912.0,13401869312.0,5412281996.000001,0.029164206912473668
2015-04-15,91.94,94.92,91.29,92.0,164214752.0,14022191104.0,5412281996.000001,0.030341130067015075
2015-04-16,91.39,98.91,91.06,98.79,264251616.0,23258230784.0,5412281996.000001,0.04882443601336695
2015-04-17,100.53,101.62,97.12,97.83,228910352.0,20812376064.0,5412281996.000001,0.04229460921828877
2015-04-20,95.98,97.83,92.64,93.06,239200544.0,20984045568.0,5412281996.000001,0.0441958760051275
2015-04-21,94.11,96.07,92.52,95.73,184476400.0,16006429696.0,5412281996.000001,0.034084772400318215
2015-04-22,96.6,98.66,96.1,98.04,176685856.0,15769400320.0,5412281996.000001,0.032645352945500875
2015-04-23,98.18,98.24,95.14,95.85,175507056.0,15516360704.0,5412281996.000001,0.032427552025136565
2015-04-24,93.78,94.42,91.28,92.34,234005632.0,19935778816.0,5412281996.000001,0.04323603836107286
2015-04-27,93.24,94.62,92.65,93.91,174539408.0,15016164352.0,5412281996.000001,0.03224876459301179
2015-04-28,93.78,95.86,92.07,93.64,204085952.0,17572161536.0,5412281996.000001,0.03770793025027737
2015-04-29,94.44,96.23,93.54,95.31,183026608.0,15971962880.0,5412281996.000001,0.03381690165724321
2015-04-30,96.83,98.22,95.74,96.46,234097776.0,20912652288.0,5412281996.000001,0.04325306334241494
2015-05-04,96.94,98.49,94.33,98.43,183985952.0,16296696832.0,5412281996.000001,0.033994154801242175
2015-05-05,98.5,98.78,93.5,93.73,199475808.0,17584558080.0,5412281996.000001,0.03685613723516707
2015-05-06,94.44,102.01,94.12,96.36,348926752.0,31441768448.0,5412281996.000001,0.06446943308901451
2015-05-07,94.65,96.27,93.41,94.71,168260640.0,14653216768.0,5412281996.000001,0.031088668351788515
2015-05-08,95.87,96.18,92.5,94.54,158205728.0,13689688064.0,5412281996.000001,0.02923087306184775
2015-05-11,94.65,97.75,93.6,96.52,182729600.0,16041852928.0,5412281996.000001,0.033762024989652806
2015-05-12,95.8,97.66,95.2,96.77,146960096.0,13015559168.0,5412281996.000001,0.02715307445336593
2015-05-13,96.77,97.31,94.28,94.67,147044496.0,12907387904.0,5412281996.000001,0.027168668614952925
2015-05-14,94.6,95.74,93.59,93.9,132072528.0,11458809856.0,5412281996.000001,0.024402373730269315
2015-05-15,93.89,93.89,91.06,91.84,156070896.0,13235769344.0,5412281996.000001,0.028836430938991298
2015-05-18,91.17,91.44,89.55,89.66,123565456.0,10291284992.0,5412281996.000001,0.022830565016996943
2015-05-19,89.81,93.7,89.8,92.96,154372256.0,13106100224.0,5412281996.000001,0.02852258180820776
2015-05-20,93.43,94.59,92.14,93.1,143283120.0,12284896256.0,5412281996.000001,0.026473698174983264
2015-05-21,93.22,94.96,92.8,94.22,112747008.0,9730934784.0,5412281996.000001,0.020831695037939035
2015-05-22,95.02,97.51,94.87,97.44,185336704.0,16451203072.0,5412281996.000001,0.034243726423895664
2015-05-25,99.0,100.61,98.53,99.64,184724240.0,16869030912.0,5412281996.000001,0.03413056454495945
2015-05-26,102.05,102.6,99.0,101.37,171911152.0,15920095232.0,5412281996.000001,0.0317631550105949
2015-05-27,100.85,101.59,98.24,99.07,136055088.0,12450450432.0,5412281996.000001,0.025138211220433974
2015-05-28,98.73,99.07,92.37,92.72,196262592.0,17326032896.0,5412281996.000001,0.03626244754893587
2015-05-29,93.37,94.05,91.41,92.96,147776224.0,12621933568.0,5412281996.000001,0.027303866300613204
2015-06-01,92.26,96.07,91.06,95.1,179792896.0,15476336640.0,5412281996.000001,0.03321942502864368
2015-06-02,95.2,95.5,92.48,93.98,137917968.0,11868037120.0,5412281996.000001,0.025482406146229927
2015-06-03,94.0,94.64,92.49,93.06,118672816.0,10174241792.0,5412281996.000001,0.02192657664321746
2015-06-04,93.15,96.05,91.17,95.75,183339088.0,15815866368.0,5412281996.000001,0.03387463700810463
2015-06-05,97.08,97.68,92.59,94.6,162530432.0,14266632192.0,5412281996.000001,0.03002992677028279
2015-06-08,95.21,100.7,94.35,100.08,283773248.0,25510154240.0,5412281996.000001,0.05243134932912316
2015-06-09,99.88,100.29,96.48,97.25,168452416.0,15184125952.0,5412281996.000001,0.03112410183440116
2015-06-10,96.07,97.57,95.18,96.23,109904632.0,9745165312.0,5412281996.000001,0.020306523584917798
2015-06-11,96.26,100.5,94.97,98.2,213607808.0,19230908416.0,5412281996.000001,0.039467235476249925
2015-06-12,98.67,99.71,97.55,98.11,137524992.0,12439728128.0,5412281996.000001,0.025409797956137386
2015-06-15,98.38,99.0,94.41,94.63,153941824.0,13597187072.0,5412281996.000001,0.028443053062233672
2015-06-16,93.56,96.13,93.13,94.11,124997512.0,10863827968.0,5412281996.000001,0.023095158768959307
2015-06-17,94.65,95.4,93.56,94.65,102648200.0,8911609856.0,5412281996.000001,0.018965789305853454
2015-06-18,94.44,94.44,91.26,91.35,125555344.0,10721249280.0,5412281996.000001,0.023198226569272052
2015-06-19,90.52,92.04,87.12,87.52,143201984.0,11879402496.0,5412281996.000001,0.026458707086185605
2015-06-23,88.13,92.03,87.76,91.86,168421648.0,13952398336.0,5412281996.000001,0.03111841698648992
2015-06-24,92.1,92.8,90.31,92.34,123696944.0,10420815872.0,5412281996.000001,0.022854859390441854
2015-06-25,92.61,93.0,89.65,89.68,108422328.0,9102724096.0,5412281996.000001,0.020032645763862742
2015-06-26,88.13,91.19,80.99,84.25,234595120.0,18677213184.0,5412281996.000001,0.04334495508057041
2015-06-29,85.95,86.91,78.58,83.25,251962208.0,19409614848.0,5412281996.000001,0.046553784186820844
2015-06-30,83.77,89.21,82.71,89.15,233286336.0,18510188544.0,5416332249.0,0.04307090578556567
2015-07-01,88.13,88.67,84.55,85.58,147044560.0,11798499328.0,5416332249.0,0.027148364103245025
2015-07-02,85.93,86.92,81.81,84.65,188888896.0,14718706688.0,5416332249.0,0.03487394925502843
2015-07-03,83.77,85.94,78.69,81.03,202088752.0,15365030912.0,5416332249.0,0.03731099620731557
2015-07-06,87.36,87.8,81.71,85.09,383552448.0,29963993088.0,5416332249.0,0.0708140546715564
2015-07-07,83.48,93.6,77.37,93.6,843328128.0,67941285888.0,5416332249.0,0.1557009594741351
2015-07-08,84.33,88.45,84.24,84.27,369352352.0,28955189248.0,5416332249.0,0.06819233662561826
2015-07-09,84.27,91.17,78.36,87.47,346342048.0,27318206464.0,5416332249.0,0.06394401821711436
2015-07-10,85.96,93.56,85.3,89.42,336162688.0,27958278144.0,5416332249.0,0.06206463572504523
2015-07-13,88.06,90.03,86.38,87.72,205099184.0,16580197376.0,5416332249.0,0.037866802583587225
2015-07-14,86.53,88.13,84.64,85.55,154676656.0,12262032384.0,5416332249.0,0.02855745343697434
2015-07-15,84.87,87.04,84.1,85.98,138494000.0,10862620672.0,5416332249.0,0.02556970171568956
2015-07-16,85.73,86.47,84.32,85.37,79580696.0,6232885760.0,5416332249.0,0.014692727909129417
2015-07-17,85.95,88.45,85.38,87.54,113951808.0,9119144960.0,5416332249.0,0.021038555753487714
2015-07-20,89.16,89.64,87.58,88.22,123990896.0,10086003712.0,5416332249.0,0.022892040277420582
2015-07-21,87.58,88.38,86.81,87.64,87015856.0,6996517376.0,5416332249.0,0.016065457582677918
2015-07-22,87.54,87.64,85.41,86.22,88455952.0,7041853952.0,5416332249.0,0.016331337874690266
2015-07-23,86.98,90.06,86.47,89.83,154523040.0,12638572544.0,5416332249.0,0.02852909180904275
2015-07-24,89.96,89.96,87.64,87.71,118178200.0,9618557952.0,5416332249.0,0.02181886091308724
2015-07-27,87.34,87.76,79.68,80.05,171259600.0,6577247744.0,5416332249.0,0.03161910904406189
2015-07-28,76.65,80.42,75.71,76.85,339771040.0,12044033024.0,10832664498.0,0.0313654170737708
2015-07-29,78.3,78.78,74.01,76.5,296485248.0,10259996672.0,10832664498.0,0.027369558805660336
2015-07-30,76.41,79.0,74.66,75.12,234107360.0,8248157184.0,10832664498.0,0.021611244402817285
2015-07-31,74.47,75.36,72.49,73.06,203641360.0,6851989504.0,10832664498.0,0.01879882461398095
2015-08-03,72.25,73.11,70.68,73.04,232199392.0,7598281216.0,10832664498.0,0.02143511340565105
2015-08-04,72.47,75.1,72.14,74.9,154959136.0,5215803392.0,10832664498.0,0.014304803405349589
2015-08-05,74.44,74.64,72.71,72.89,129319488.0,4354845184.0,10832664498.0,0.011937920538744262
2015-08-06,71.75,73.66,71.4,72.01,96170784.0,3181754624.0,10832664498.0,0.008877851244978158
2015-08-07,73.0,74.97,72.58,74.2,152416240.0,5156939264.0,10832664498.0,0.014070060051074241
2015-08-10,74.44,77.6,73.5,76.83,219839328.0,7595855360.0,10832664498.0,0.020294113977275693
2015-08-11,76.41,78.14,75.98,76.35,166487104.0,5851436032.0,10832664498.0,0.015368989229818572
2015-08-12,75.54,76.11,73.94,73.98,133346304.0,4575516160.0,10832664498.0,0.012309649581099766
2015-08-13,73.81,75.06,73.35,74.6,110002960.0,3730365440.0,10832664498.0,0.01015474632490552
2015-08-14,74.84,75.01,74.01,74.2,115595672.0,3923707136.0,10832664498.0,0.010671028537931924
2015-08-17,73.15,73.33,71.38,72.19,152170416.0,5013929984.0,10832664498.0,0.014047367203894733
2015-08-18,72.32,73.63,68.4,68.51,210389440.0,6836216832.0,10832664498.0,0.019421762765646763
2015-08-19,67.77,69.28,66.78,68.77,161453344.0,5026061312.0,10832664498.0,0.014904305771660206
2015-08-20,67.87,68.75,66.82,66.89,109864024.0,3401177600.0,10832664498.0,0.010141920671528583
2015-08-21,66.69,68.2,64.15,64.35,205858192.0,6216774144.0,10832664498.0,0.019003467894533884
2015-08-24,62.38,62.4,57.91,57.91,403296224.0,10916009984.0,10832664498.0,0.03722964226155617
2015-08-25,55.39,60.32,53.97,54.98,431616160.0,11301806080.0,10832664498.0,0.03984395160393714
2015-08-26,55.18,59.77,55.0,57.72,382669152.0,10024843264.0,10832664498.0,0.03532548728622131
2015-08-27,59.99,63.5,59.05,63.5,393998432.0,11001234432.0,10832664498.0,0.036371331547537786
2015-08-28,64.59,66.54,63.04,64.92,331933952.0,9860535296.0,10832664498.0,0.03064194890013292
2015-08-31,63.19,66.45,62.44,66.32,289466592.0,8509542400.0,10832664498.0,0.026721642865745847
2015-09-01,64.66,66.08,62.73,66.04,369091168.0,10980646912.0,10832664498.0,0.034072057531934465
2015-09-02,63.82,66.21,63.56,65.64,373505888.0,11157121024.0,10832664498.0,0.03447959530814964
2015-09-07,64.92,66.3,62.62,63.23,136313312.0,4019719168.0,10832664498.0,0.012583544152518255
2015-09-08,63.19,65.4,63.19,65.16,125528632.0,3694428928.0,10832664498.0,0.011587973764273412
2015-09-09,65.78,67.54,65.23,66.57,143050160.0,4321472512.0,10832664498.0,0.013205445440169489
2015-09-10,66.26,66.88,65.67,66.68,87888880.0,2647099648.0,10832664498.0,0.008113320597737209
2015-09-11,66.44,67.12,65.23,65.73,70826200.0,2128174208.0,10832664498.0,0.006538206736955291
2015-09-14,66.02,66.53,63.29,66.39,220674688.0,6496887808.0,10832664498.0,0.020371228892092287
2015-09-15,65.2,65.62,63.88,64.9,118329736.0,3476001280.0,10832664498.0,0.010923419258654862
2015-09-16,64.61,68.66,64.04,67.3,114814688.0,3443174656.0,10832664498.0,0.0105989332560976
2015-09-17,67.16,68.68,66.31,66.66,101606968.0,3114574080.0,10832664498.0,0.009379683827442396
2015-09-18,67.01,68.51,66.88,67.34,85643880.0,2632220416.0,10832664498.0,0.007906077033569364
2015-09-21,66.55,68.62,66.2,68.2,81031920.0,2497646336.0,10832664498.0,0.007480331363992733
2015-09-22,68.51,70.62,67.91,69.98,120072576.0,3807237376.0,10832664498.0,0.01108430673009107
2015-09-23,68.93,69.57,67.65,67.78,101241520.0,3147688960.0,10832664498.0,0.009345948083104752
2015-09-24,68.09,69.01,67.94,68.6,63852784.0,1986333952.0,10832664498.0,0.005894467054877305
2015-09-25,68.31,69.17,67.36,68.79,71148576.0,2207160576.0,10832664498.0,0.006567966358889443
2015-09-28,68.4,68.57,67.58,68.07,27179228.0,840411136.0,10832664498.0,0.0025090067180625793
2015-09-29,67.14,67.14,65.36,65.93,64059048.0,1923779712.0,10832664498.0,0.005913507984284662
2015-09-30,66.2,66.48,65.58,65.78,36554916.0,1094588032.0,10832664498.0,0.0033745082760339357
2015-10-08,70.49,70.82,67.3,67.63,174729248.0,5480154112.0,10832664498.0,0.016129849496609047
2015-10-09,68.51,70.12,68.29,69.79,82081672.0,2590000128.0,10832664498.0,0.007577237531463702
2015-10-12,69.63,72.54,69.52,71.9,102692256.0,3332610816.0,10832664498.0,0.00947987044359767
2015-10-13,71.15,71.97,70.71,70.93,48784540.0,1576258176.0,10832664498.0,0.004503466345607485
2015-10-14,70.64,71.13,69.74,69.79,47156844.0,1506355328.0,10832664498.0,0.004353208207334993
2015-10-15,70.05,71.57,69.79,71.5,64521080.0,2074667648.0,10832664498.0,0.005956159725237712
2015-10-16,71.92,73.02,71.59,72.23,68363056.0,2242800640.0,10832664498.0,0.006310825560287744
2015-10-19,72.25,73.53,71.88,73.07,88096208.0,2906550784.0,10832664498.0,0.008132459748593241
2015-10-20,72.58,72.8,71.59,72.5,54658544.0,1789614976.0,10832664498.0,0.005045715577187074
2015-10-21,72.61,74.15,70.64,72.36,133704960.0,4401719296.0,10832664498.0,0.012342758332881584
2015-10-22,71.59,72.8,71.26,72.39,71371480.0,2333752576.0,10832664498.0,0.006588543383133216
2015-10-23,72.69,74.9,72.61,74.3,99386424.0,3324918272.0,10832664498.0,0.009174697879579802
2015-10-26,74.94,78.22,73.86,73.95,212648096.0,7308216320.0,10832664498.0,0.019630266961490457
2015-10-27,74.04,77.41,72.72,75.71,126733680.0,4262137600.0,10832664498.0,0.011699215832208081
2015-10-28,75.34,75.67,73.79,73.9,67072584.0,2272148480.0,10832664498.0,0.006191697713188052
2015-10-29,74.26,74.57,73.16,73.53,52017324.0,1740836352.0,10832664498.0,0.004801895600994916
2015-10-30,73.57,74.79,73.22,73.77,47407088.0,1593297792.0,10832664498.0,0.004376309079705424
2015-11-02,73.0,73.71,72.5,72.74,56104772.0,1859836288.0,10832664498.0,0.005179221788910608
2015-11-03,73.09,73.29,72.47,72.74,38103232.0,1259373696.0,10832664498.0,0.003517438577280306
2015-11-04,72.89,77.91,72.89,77.1,192253312.0,6626688000.0,10832664498.0,0.01774755527926625
2015-11-05,76.02,82.56,75.93,77.8,442103008.0,15937374208.0,10832664498.0,0.04081202811013154
2015-11-06,77.65,80.4,77.17,79.72,214827616.0,7711812608.0,10832664498.0,0.01983146584477558
2015-11-09,79.98,82.45,79.65,80.29,233123712.0,8558319104.0,10832664498.0,0.021520440519785404
2015-11-10,79.3,81.37,78.86,79.85,142819584.0,5184340480.0,10832664498.0,0.013184160187585272
2015-11-11,79.41,79.83,78.13,78.95,111438112.0,3992233728.0,10832664498.0,0.010287230073503566
2015-11-12,79.48,79.48,77.94,78.05,91357792.0,3245969408.0,10832664498.0,0.008433547629659083
2015-11-13,77.21,78.16,76.9,77.21,76458304.0,2691602688.0,10832664498.0,0.007058125359104055
2015-11-16,76.09,77.43,75.89,77.36,74745952.0,2609229824.0,10832664498.0,0.006900052338351299
2015-11-17,77.87,80.14,77.36,77.67,96838960.0,3461374976.0,10832664498.0,0.008939532837731572
2015-11-18,77.65,77.91,76.55,76.83,69300136.0,2428026624.0,10832664498.0,0.00639733059329906
2015-11-19,77.14,77.89,76.99,77.78,50583228.0,1775583744.0,10832664498.0,0.004669509335338413
2015-11-20,77.76,77.94,77.08,77.19,50097068.0,1760322048.0,10832664498.0,0.00462463025687256
2015-11-23,77.25,77.72,76.88,77.03,60898384.0,2134080512.0,10832664498.0,0.005621736370700253
2015-11-24,76.9,77.52,76.17,77.03,65254432.0,2280565248.0,10832664498.0,0.006023857935602798
2015-11-25,76.99,77.3,76.79,77.19,48336264.0,1689881344.0,10832664498.0,0.004462084467669443
2015-11-26,77.52,78.02,77.1,77.17,54916244.0,1931733504.0,10832664498.0,0.005069504738205361
2015-11-27,77.1,77.28,73.55,74.54,116454448.0,3976312832.0,10832664498.0,0.010750305063126492
2015-11-30,74.21,74.9,72.58,74.46,84030496.0,2818936064.0,10832664498.0,0.007757140084557615
2015-12-01,74.43,76.88,74.04,75.16,83519648.0,2848757248.0,10832664498.0,0.007709981973079658
2015-12-02,75.34,79.74,74.85,79.32,182813264.0,6485780992.0,10832664498.0,0.016876112431410777
2015-12-03,78.27,80.62,77.8,79.28,142305933.0,5124732624.0,10832664498.0,0.013136743321670627
2015-12-04,78.11,78.6,76.66,76.99,87368216.0,3067572480.0,10832664498.0,0.008065256338007191
2015-12-07,77.1,77.43,76.06,76.53,48751673.0,1695057832.0,10832664498.0,0.00450043228136539
2015-12-08,76.0,76.77,75.65,75.82,57354968.0,1980308864.0,10832664498.0,0.005294631621849755
2015-12-09,75.87,76.79,75.65,75.87,41609639.0,1436700095.0,10832664498.0,0.003841126899820654
2015-12-10,75.8,77.65,75.76,75.98,55345796.0,1924456960.0,10832664498.0,0.00510915814019887
2015-12-11,75.76,76.35,75.29,76.15,52799776.0,1818472192.0,10832664498.0,0.004874126398888127
2015-12-14,75.23,79.19,74.94,78.46,94982288.0,3319950848.0,10832664498.0,0.008768137148301443
2015-12-15,78.2,78.44,77.21,77.67,63275216.0,2232001280.0,10832664498.0,0.0058411497939110275
2015-12-16,77.76,78.27,77.36,77.56,38051696.0,1343651200.0,10832664498.0,0.003512681114330215
2015-12-17,78.33,79.04,77.69,78.22,58593056.0,2086099712.0,10832664498.0,0.005408923724243269
2015-12-18,78.0,79.92,77.89,78.84,83940920.0,3012056320.0,10832664498.0,0.007748871020190623
2015-12-21,78.84,82.01,78.53,81.28,138613472.0,5083964416.0,10832664498.0,0.012795879723367392
2015-12-22,81.17,81.75,80.21,81.35,72390841.0,2660120720.0,10832664498.0,0.006682644054319719
2015-12-23,81.33,83.44,81.06,81.46,118840024.0,4448049152.0,10832664498.0,0.010970525674633518
2015-12-24,81.64,82.8,80.32,81.33,81236312.0,3003984896.0,10832664498.0,0.007499199482730994
2015-12-25,81.28,81.88,80.87,81.28,35244314.0,1300920862.0,10832664498.0,0.0032535221603611046
2015-12-28,81.39,81.73,78.55,78.64,63939139.0,2315140694.0,10832664498.0,0.0059024387778099175
2015-12-29,78.64,79.72,78.57,79.63,30801923.0,1106025112.0,10832664498.0,0.0028434299802866467
2015-12-30,79.87,79.92,78.07,78.77,49397553.0,1766140279.0,10832664498.0,0.004560055654739433
2015-12-31,78.84,79.72,78.02,79.3,51927675.0,1858174593.0,10832664498.0,0.004793619797750335
2016-01-04,78.95,78.95,74.68,75.01,70997199.0,2468127284.0,10832664498.0,0.006553992234607468
2016-01-05,74.19,76.68,73.79,76.0,87498507.0,3002728330.0,10832664498.0,0.008077283942113649
2016-01-06,75.56,76.35,74.9,76.06,48012110.0,1648967873.0,10832664498.0,0.004432160712525004
2016-01-07,74.9,76.04,72.69,74.39,23647605.0,796250794.0,10832664498.0,0.0021829906210393555
2016-01-08,74.9,75.89,72.47,74.76,98239660.0,3319542172.0,10832664498.0,0.009068836205361818
2016-01-11,72.69,73.42,70.49,70.56,99355700.0,3259413147.0,10832664498.0,0.00917186164293593
2016-01-12,71.09,71.72,70.09,70.95,74380914.0,2393261862.0,10832664498.0,0.006866354442504215
2016-01-13,72.19,72.21,70.16,70.47,62533019.0,2021310637.0,10832664498.0,0.005772635071597138
2016-01-14,68.07,70.62,67.85,70.47,79722712.0,2501041139.0,10832664498.0,0.007359473933187808
2016-01-15,69.7,70.2,68.07,68.73,59140260.0,1852786053.0,10832664498.0,0.005459437981386654
2016-01-18,67.69,68.88,67.38,68.44,48369367.0,1499292425.0,10832664498.0,0.004465140317871958
2016-01-19,68.77,69.79,67.74,69.41,67392536.0,2110985238.0,10832664498.0,0.006221233567460939
2016-01-20,68.77,69.28,66.72,67.25,100704268.0,3093888706.0,10832664498.0,0.009296352528834683
2016-01-21,66.9,67.87,65.8,66.42,68190102.0,2062908473.0,10832664498.0,0.006294859589954966
2016-01-22,66.9,67.16,65.38,66.57,49310407.0,1483455593.0,10832664498.0,0.004552010911914056
2016-01-25,66.72,66.88,65.84,66.66,37474472.0,1128901679.0,10832664498.0,0.0034593956091706515
2016-01-26,65.89,66.31,63.84,64.39,76680981.0,2257692347.0,10832664498.0,0.007078681428207932
2016-01-27,64.65,64.94,63.44,64.37,70385326.0,2053855399.0,10832664498.0,0.006497508162741957
2016-01-28,64.32,65.23,63.38,64.54,48441759.0,1415213671.0,10832664498.0,0.004471823068917499
2016-01-29,64.32,66.92,64.15,66.48,64439144.0,1926485785.0,10832664498.0,0.005948595935182631
2016-02-01,66.44,66.44,64.56,65.05,34048457.0,1010608899.0,10832664498.0,0.003143128544808736
2016-02-02,65.05,66.31,64.98,66.02,37513430.0,1121692994.0,10832664498.0,0.003462991954281053
2016-02-03,64.98,65.64,64.1,65.29,39035211.0,1146446853.0,10832664498.0,0.0036034727196810118
2016-02-04,65.58,66.22,64.96,65.45,36657042.0,1092202369.0,10832664498.0,0.003383935873465653
2016-02-05,65.42,66.08,65.23,65.34,33330201.0,993430369.0,10832664498.0,0.003076823897403418
2016-02-15,63.22,65.62,63.05,64.83,43993725.0,1285788947.0,10832664498.0,0.004061209964374177
2016-02-16,65.09,66.79,64.9,66.35,39757869.0,1196447896.0,10832664498.0,0.003670183730636204
2016-02-17,66.37,66.81,65.91,66.17,46163466.0,1391102854.0,10832664498.0,0.004261506115002732
2016-02-18,66.7,67.16,65.64,65.89,48458572.0,1463151186.0,10832664498.0,0.0044733751339706635
2016-02-19,65.89,66.42,65.49,65.91,26092199.0,780758760.0,10832664498.0,0.002408659384292509
2016-02-22,66.7,69.72,66.15,68.22,78908600.0,2431155402.0,10832664498.0,0.007284320493316177
2016-02-23,68.2,68.22,66.61,67.19,43458444.0,1328534703.0,10832664498.0,0.004011796359798976
2016-02-24,66.75,67.41,66.15,66.99,30491050.0,923163841.0,10832664498.0,0.0028147322392962013
2016-02-25,66.9,66.9,63.57,63.79,59059774.0,1748561034.0,10832664498.0,0.005452008045749411
2016-02-26,64.61,64.76,63.75,64.1,33211134.0,969727466.0,10832664498.0,0.00306583241880441
2016-02-29,63.99,64.21,61.26,63.9,66763176.0,1905354124.0,10832664498.0,0.006163135211316318
2016-03-01,63.66,65.4,62.91,64.45,40682753.0,1182768077.0,10832664498.0,0.003755562909523426
2016-03-02,64.65,66.75,64.65,66.48,62335409.0,1866957711.0,10832664498.0,0.005754393022280787
2016-03-03,66.64,67.16,66.04,66.92,53494887.0,1617317668.0,10832664498.0,0.004938294452844597
2016-03-04,66.7,69.61,66.37,69.5,178976573.0,5572673517.0,10832664498.0,0.016521934472635415
2016-03-07,69.12,69.57,67.87,68.4,54440341.0,1695365205.0,10832664498.0,0.005025572518197268
2016-03-08,68.24,69.06,66.06,68.95,67391212.0,2063557424.0,10832664498.0,0.0062211113445304455
2016-03-09,67.89,69.28,66.66,69.12,80090596.0,2476074423.0,10832664498.0,0.007393434552947419
2016-03-10,68.24,68.93,67.63,67.72,33110889.0,1024457375.0,10832664498.0,0.003056578462862314
2016-03-11,67.34,68.51,67.12,68.38,35792982.0,1104131773.0,10832664498.0,0.0033041715643098097
2016-03-14,68.27,69.54,68.07,68.53,55579715.0,1737635744.0,10832664498.0,0.005130751996451243
2016-03-15,68.4,69.37,67.52,69.08,61981843.0,1934428492.0,10832664498.0,0.00572175414566227
2016-03-16,68.51,71.06,68.4,70.78,159647657.0,5110207477.0,10832664498.0,0.014737616680501388
2016-03-17,70.71,71.31,70.23,70.49,57078597.0,1831613492.0,10832664498.0,0.00526911887749669
2016-03-18,71.2,71.42,70.23,70.75,87408324.0,2814665234.0,10832664498.0,0.008068958843517948
2016-03-21,71.35,74.46,71.02,72.32,113879011.0,3765399061.0,10832664498.0,0.010512557738774714
2016-03-22,71.92,72.78,70.49,70.71,60362722.0,1955171899.0,10832664498.0,0.005572287594722847
2016-03-23,71.13,72.16,70.67,71.06,36047297.0,1165680600.0,10832664498.0,0.0033276482444974916
2016-03-24,70.64,70.69,69.94,70.05,35109688.0,1119205604.0,10832664498.0,0.0032410943777020132
2016-03-25,70.07,72.25,69.7,70.62,35717568.0,1148277641.0,10832664498.0,0.0032972098421948193
2016-03-28,70.71,71.26,69.06,69.3,37797307.0,1202848138.0,10832664498.0,0.003489197602951554
2016-03-29,69.63,69.96,68.6,68.84,34128188.0,1072037062.0,10832664498.0,0.003150488783835314
2016-03-30,69.61,70.62,69.43,70.47,43205823.0,1375893943.0,10832664498.0,0.003988476058496684
2016-03-31,70.69,70.89,69.85,70.07,29797952.0,951119691.0,10832664498.0,0.002750750012197045
2016-04-01,70.12,70.4,68.75,70.31,38552936.0,1221251115.0,10832664498.0,0.0035589522787415695
2016-04-05,69.83,70.93,69.39,70.49,42978997.0,1370034029.0,10832664498.0,0.003967536981131011
2016-04-06,70.01,70.4,69.7,69.92,27232796.0,865676880.0,10832664498.0,0.002513951761824425
2016-04-07,70.25,70.4,69.08,69.1,36211146.0,1139929927.0,10832664498.0,0.003342773701399646
2016-04-08,68.73,68.88,68.38,68.64,36175893.0,1126007857.0,10832664498.0,0.0033395193774051657
2016-04-11,68.99,70.14,68.99,69.41,35165894.0,1110979400.0,10832664498.0,0.00324628294419093
2016-04-12,69.37,69.94,69.17,69.5,21968838.0,693090526.0,10832664498.0,0.002028017945543872
2016-04-13,70.05,71.06,69.87,70.29,75568173.0,2423542993.0,10832664498.0,0.006975954347515508
2016-04-14,70.67,71.33,70.23,70.53,42270343.0,1356507308.0,10832664498.0,0.0039021187269119464
2016-04-15,70.56,70.71,70.23,70.47,53566943.0,1712994981.0,10832664498.0,0.004944946186590556
2016-04-18,70.05,70.69,69.41,70.03,56266307.0,1794611327.0,10832664498.0,0.005194133632624574
2016-04-19,70.49,70.58,69.94,70.34,47555191.0,1516349052.0,10832664498.0,0.004389980969943264
2016-04-20,70.36,71.04,68.53,70.95,119379681.0,3800706457.0,10832664498.0,0.011020343242610411
2016-04-21,70.36,71.59,70.18,70.98,65119594.0,2098390473.0,10832664498.0,0.006011410582504685
2016-04-22,70.49,71.7,70.23,71.42,43078020.0,1393530946.0,10832664498.0,0.003976678130108558
2016-04-25,71.15,71.59,70.42,71.2,30729800.0,991754406.0,10832664498.0,0.00283677206154345
2016-04-26,71.2,71.66,70.95,71.35,30804864.0,995628147.0,10832664498.0,0.0028437014739713766
2016-04-27,71.75,71.86,70.95,71.06,32926140.0,1068295658.0,10832664498.0,0.003039523656075479
2016-04-28,71.06,71.33,70.51,70.91,22743653.0,732724442.0,10832664498.0,0.002099543746065346
2016-04-29,70.69,71.37,70.38,70.58,25951148.0,834574467.0,10832664498.0,0.0023956384880923134
2016-05-03,70.51,71.44,70.18,70.29,50917961.0,1635287966.0,10832664498.0,0.004700409673852709
2016-05-04,70.34,70.56,70.25,70.34,26426416.0,844057427.0,10832664498.0,0.0024395120890967335
2016-05-05,70.34,70.6,70.2,70.38,21140060.0,675334533.0,10832664498.0,0.001951510637470866
2016-05-06,70.49,70.51,69.15,69.17,49181874.0,1559939770.0,10832664498.0,0.004540145594750054
2016-05-09,69.15,69.17,68.4,68.64,49046546.0,1533979364.0,10832664498.0,0.004527653008090051
2016-05-10,68.46,68.86,68.33,68.71,27645278.0,861819327.0,10832664498.0,0.0025520293742231246
2016-05-11,68.82,69.1,68.64,68.84,27763942.0,867490738.0,10832664498.0,0.0025629836505253133
2016-05-12,68.73,70.16,68.18,69.85,56869642.0,1792517804.0,10832664498.0,0.005249829532752506
2016-05-13,69.5,70.16,69.37,69.87,39265080.0,1246185692.0,10832664498.0,0.0036246927066973583
2016-05-16,69.52,69.83,69.41,69.63,24118291.0,762062338.0,10832664498.0,0.002226441242083412
2016-05-17,69.61,69.72,69.28,69.41,20691674.0,652435941.0,10832664498.0,0.0019101186050597466
2016-05-18,69.19,70.25,69.1,70.07,60201782.0,1907811594.0,10832664498.0,0.005557430677476891
2016-05-19,69.85,70.27,69.83,70.12,28517053.0,906817502.0,10832664498.0,0.0026325058811952507
2016-05-20,70.09,70.42,69.87,70.09,17539236.0,558615496.0,10832664498.0,0.001619106361434734
2016-05-23,69.96,70.4,69.85,70.12,27738544.0,883239656.0,10832664498.0,0.002560639075005164
2016-05-24,69.87,70.12,69.39,69.7,18552099.0,586424040.0,10832664498.0,0.0017126071802025453
2016-05-25,70.12,70.23,69.59,69.63,13712500.0,435270022.0,10832664498.0,0.001265847382472862
2016-05-26,69.63,70.03,69.39,69.68,20356139.0,643568207.0,10832664498.0,0.0018791442312053779
2016-05-27,69.83,69.85,69.57,69.61,14098751.0,445752176.0,10832664498.0,0.0013015035222962003
2016-05-30,69.94,70.36,69.39,70.29,22097500.0,702233594.0,10832664498.0,0.0020398951711353927
2016-05-31,70.36,73.79,70.36,72.08,75882589.0,2494611164.0,10832664498.0,0.0070049791548524335
2016-06-01,72.01,72.3,71.04,71.13,42343352.0,1375741830.0,10832664498.0,0.003908858435320111
2016-06-02,71.17,71.59,70.71,70.95,28989196.0,934538932.0,10832664498.0,0.002676091002850885
2016-06-03,71.48,71.48,70.53,71.24,35163822.0,1132898069.0,10832664498.0,0.0032460916708435105
2016-06-06,71.37,71.48,70.6,70.73,23686984.0,763007281.0,10832664498.0,0.0021866258300876256
2016-06-07,70.98,71.02,70.67,70.8,23960661.0,770372456.0,10832664498.0,0.002211889882163689
2016-06-08,70.75,71.0,70.53,70.82,26460999.0,849574216.0,10832664498.0,0.0024427045631188345
2016-06-13,70.38,70.56,69.83,70.05,47023964.0,1501822510.0,10832664498.0,0.004340941603857655
2016-06-14,69.81,70.53,69.39,70.45,35573877.0,1133505414.0,10832664498.0,0.0032839452386407694
2016-06-15,69.65,70.67,69.63,70.45,38314316.0,1221903684.0,10832664498.0,0.0035369244572352305
2016-06-16,70.12,70.75,70.12,70.42,32940156.0,1053956473.0,10832664498.0,0.0030408175205723057
2016-06-17,70.42,70.91,70.31,70.45,29510558.0,946009814.0,10832664498.0,0.0027242196973282463
2016-06-20,70.93,70.93,70.42,70.75,25713526.0,823482129.0,10832664498.0,0.0023737027953508027
2016-06-21,70.89,71.55,70.51,70.62,22864166.0,736611582.0,10832664498.0,0.0021106687098286243
2016-06-22,70.6,70.82,70.42,70.67,16359312.0,524609225.0,10832664498.0,0.0015101835751509122
2016-06-23,70.69,70.8,70.42,70.49,25361741.0,812060934.0,10832664498.0,0.002341228328882747
2016-06-24,70.45,70.78,68.75,69.5,42936222.0,1362051847.0,10832664498.0,0.003963588275804828
2016-06-27,69.39,69.92,69.28,69.79,23863950.0,754744913.0,10832664498.0,0.0022029621617475482
2016-06-28,69.54,70.18,69.3,70.16,23766593.0,752102130.0,10832664498.0,0.002193974806880426
2016-06-29,70.27,70.89,70.16,70.84,26351146.0,843595384.0,10832664498.0,0.002432563660110135
2016-06-30,70.87,71.15,70.51,70.58,17779547.0,570756950.0,10832664498.0,0.0016412902848862883
2016-07-01,70.8,71.11,70.62,70.89,18235058.0,586600866.0,10832664498.0,0.0016833400502126398
2016-07-04,70.75,71.94,70.62,71.46,40321889.0,1308665342.0,10832664498.0,0.003722250329772929
2016-07-05,71.7,71.82,71.26,71.42,22093835.0,708723117.0,10832664498.0,0.0020395568425551364
2016-07-06,71.26,71.44,70.81,71.24,24949967.0,795789559.0,10832664498.0,0.002303216074365308
2016-07-07,71.15,71.24,70.81,71.15,22363060.0,712756092.0,10832664498.0,0.0020644099154117457
2016-07-08,71.15,71.17,70.72,70.77,19295029.0,613694890.0,10832664498.0,0.001781189568232486
2016-07-11,70.84,71.19,70.72,70.79,23128423.0,737189871.0,10832664498.0,0.0021350631697557073
2016-07-12,70.84,72.28,70.81,72.17,42598577.0,1370988825.0,10832664498.0,0.00393241912069416
2016-07-13,72.6,73.04,71.93,72.28,42203460.0,1373499797.0,10832664498.0,0.0038959445303407936
2016-07-14,72.24,72.37,71.91,72.35,20651738.0,668453802.0,10832664498.0,0.0019064319774523492
2016-07-15,72.37,72.82,72.19,72.57,35206349.0,1146376131.0,10832664498.0,0.0032500174824485733
2016-07-18,72.75,73.49,72.64,72.8,38033581.0,1247791265.0,10832664498.0,0.0035110088572411725
2016-07-19,72.8,72.8,71.73,72.11,26362017.0,853931060.0,10832664498.0,0.002433567198990344
2016-07-20,72.19,72.26,71.55,71.95,18557332.0,599404450.0,10832664498.0,0.0017130902561808482
2016-07-21,71.95,72.71,71.95,72.48,24834404.0,807123491.0,10832664498.0,0.0022925480618905068
2016-07-22,72.37,72.46,71.77,71.93,21162492.0,685426388.0,10832664498.0,0.0019535814114714956
2016-07-25,71.93,72.15,71.75,71.93,17490184.0,565477113.0,10832664498.0,0.0016145782049494062
2016-07-26,71.93,72.68,71.82,72.42,40607690.0,1315811002.0,10832664498.0,0.003748633589408891
2016-07-27,72.48,73.04,70.88,73.02,80288281.0,2601958941.0,10832664498.0,0.0074116835257681405
2016-07-28,72.44,72.77,72.17,72.26,28491225.0,927273007.0,10832664498.0,0.0026301216109167087
2016-07-29,72.35,72.6,71.95,72.08,22929963.0,744105405.0,10832664498.0,0.002116742654056487
2016-08-01,71.93,72.15,71.7,71.88,22213897.0,717235907.0,10832664498.0,0.002050640172978798
2016-08-02,71.93,72.11,71.7,71.88,17685932.0,570712739.0,10832664498.0,0.0016326483667305765
2016-08-03,71.55,71.88,71.48,71.66,18652513.0,600429970.0,10832664498.0,0.0017218767371078236
2016-08-04,71.66,71.7,71.28,71.59,20772929.0,666430065.0,10832664498.0,0.00191761952969514
2016-08-05,71.62,71.82,71.5,71.66,27213137.0,875728864.0,10832664498.0,0.0025121369728587344
2016-08-08,71.77,71.93,71.48,71.86,30356935.0,978456142.0,10832664498.0,0.0028023516287802234
2016-08-09,71.99,72.73,71.99,72.46,41065840.0,1334273438.0,10832664498.0,0.003790926969775705
2016-08-10,72.48,73.0,72.42,72.46,34781458.0,1134553583.0,10832664498.0,0.0032107943531733663
2016-08-11,72.37,74.38,72.37,73.02,77933585.0,2572039045.0,10832664498.0,0.007194313551794078
2016-08-12,73.06,74.6,72.95,74.56,69438198.0,2300089390.0,10832664498.0,0.006410075564771728
2016-08-15,74.71,78.45,74.56,76.96,122157230.0,4208217327.0,10832664498.0,0.011276748211167576
2016-08-16,77.49,77.76,75.47,75.53,91604428.0,3137874791.0,10832664498.0,0.00845631543531258
2016-08-17,75.82,76.0,75.0,75.65,42967525.0,1457681731.0,10832664498.0,0.0039664779619024435
2016-08-18,76.38,77.72,76.0,76.67,85035533.0,2938789957.0,10832664498.0,0.007849918458722675
2016-08-19,76.78,77.18,76.09,76.87,35481775.0,1221887628.0,10832664498.0,0.003275442990646566
2016-08-22,77.07,77.23,76.23,76.74,31956946.0,1100976011.0,10832664498.0,0.0029500540708059506
2016-08-23,76.65,78.34,76.65,77.58,55894872.0,1946633401.0,10832664498.0,0.005159845208011352
2016-08-24,77.7,77.76,76.4,76.45,37369379.0,1289666914.0,10832664498.0,0.0034496941179060227
2016-08-25,75.74,76.07,75.27,75.91,38835272.0,1319356026.0,10832664498.0,0.0035850156724755973
2016-08-26,76.07,76.63,75.8,75.91,21051990.0,720707377.0,10832664498.0,0.0019433805970716402
2016-08-29,75.74,76.4,75.09,76.29,23735599.0,807731243.0,10832664498.0,0.002191113645620819
2016-08-30,76.34,76.74,75.85,76.18,30022326.0,1028897886.0,10832664498.0,0.0027714627371264867
2016-08-31,76.14,76.56,75.78,76.2,19265567.0,659454538.0,10832664498.0,0.0017784698310888277
2016-09-01,76.18,76.92,76.07,76.54,24342696.0,836324257.0,10832664498.0,0.0022471568287279935
2016-09-02,76.47,77.7,76.23,77.63,51030170.0,1766218364.0,10832664498.0,0.0047107680672120456
2016-09-05,77.7,78.28,77.27,77.85,40332699.0,1401611045.0,10832664498.0,0.0037232482375362495
2016-09-06,77.76,79.35,77.58,78.7,56432581.0,1979904973.0,10832664498.0,0.005209482949501387
2016-09-07,78.82,79.89,78.79,78.86,47062029.0,1667528062.0,10832664498.0,0.004344455513109347
2016-09-08,78.84,79.69,78.68,79.24,33539618.0,1185177579.0,10832664498.0,0.003096155890934526
2016-09-09,79.35,80.27,79.02,79.42,44040730.0,1566197985.0,10832664498.0,0.004065549155346877
2016-09-12,78.19,78.73,76.6,78.66,86602441.0,3013336339.0,10832664498.0,0.007994565050545887
2016-09-13,78.34,78.34,77.05,77.76,31744459.0,1101218251.0,10832664498.0,0.002930438675162595
2016-09-14,77.27,77.49,76.53,76.82,35213691.0,1209854981.0,10832664498.0,0.0032506952473697853
2016-09-19,77.05,78.66,77.05,78.32,37266601.0,1299423507.0,10832664498.0,0.003440206332142975
2016-09-20,78.32,78.32,77.94,78.05,14666356.0,511357129.0,10832664498.0,0.0013539010649418527
2016-09-21,78.14,78.34,77.23,77.65,35247928.0,1221792400.0,10832664498.0,0.0032538557809583886
2016-09-22,77.96,79.22,77.96,78.41,54132989.0,1900551187.0,10832664498.0,0.004997199812658686
2016-09-23,78.5,78.84,77.76,78.14,31439120.0,1098490198.0,10832664498.0,0.0029022517964813277
2016-09-26,77.85,77.9,76.89,77.0,32852645.0,1136732880.0,10832664498.0,0.0030327390833589907
2016-09-27,76.67,77.05,76.58,76.96,45825170.0,1570164477.0,10832664498.0,0.004230276863874124
2016-09-28,77.0,77.0,76.42,76.46,31733236.0,1085617191.0,10832664498.0,0.0029294026419685393
2016-09-29,76.71,77.14,76.49,76.58,23086975.0,791168926.0,10832664498.0,0.0021312369643001934
2016-09-30,76.37,76.75,76.28,76.51,19403198.0,663564710.0,10832664498.0,0.0017911750154897116
2016-10-10,77.18,77.94,76.82,77.49,34119412.0,1178163526.0,10832664498.0,0.0031496786415105313
2016-10-11,77.54,77.83,76.71,77.0,49375218.0,1701605543.0,10832664498.0,0.004557993835137789
2016-10-12,76.73,77.14,76.6,76.82,30854074.0,1058073370.0,10832664498.0,0.002848244215972579
2016-10-13,76.64,76.87,76.17,76.42,34546745.0,1179218576.0,10832664498.0,0.0031891272000880537
2016-10-14,76.44,76.55,76.26,76.4,23156048.0,789617892.0,10832664498.0,0.0021376133271989754
2016-10-17,76.42,76.55,75.88,76.02,30921443.0,1051714363.0,10832664498.0,0.002854463276852055
2016-10-18,75.88,76.8,75.88,76.6,28336027.0,967199042.0,10832664498.0,0.0026157947571653854
2016-10-19,76.69,76.75,76.37,76.42,20515200.0,700734096.0,10832664498.0,0.0018938276915884966
2016-10-20,76.51,76.69,76.4,76.46,12768281.0,436313660.0,10832664498.0,0.0011786833241588315
2016-10-21,76.42,76.78,76.26,76.64,28003163.0,955961700.0,10832664498.0,0.002585066952380011
2016-10-24,76.64,77.92,76.49,77.25,42090949.0,1451824779.0,10832664498.0,0.003885558258337191
2016-10-25,77.4,77.54,77.05,77.38,23971961.0,826719816.0,10832664498.0,0.0022129330234888995
2016-10-26,77.4,77.58,77.02,77.09,19737703.0,680587630.0,10832664498.0,0.0018220543065507206
2016-10-27,77.09,77.11,76.37,76.58,21764326.0,744556017.0,10832664498.0,0.0020091387491986182
2016-10-28,77.05,77.79,76.96,77.34,32514938.0,1123315941.0,10832664498.0,0.003001564204818042
2016-10-31,77.05,77.61,76.6,77.52,23435296.0,808674419.0,10832664498.0,0.002163391657179707
2016-11-01,77.56,78.61,77.27,78.52,36719126.0,1282156408.0,10832664498.0,0.0033896670580704624
2016-11-02,78.14,78.34,77.36,77.52,25676031.0,892639555.0,10832664498.0,0.002370241504732329
2016-11-03,77.47,78.59,77.31,78.32,40514435.0,1412764012.0,10832664498.0,0.003740024904074159
2016-11-04,78.12,78.75,78.1,78.23,26447974.0,925529772.0,10832664498.0,0.0024415021811930947
2016-11-07,78.34,78.5,78.12,78.37,21516692.0,752624552.0,10832664498.0,0.0019862788147802933
2016-11-08,78.64,78.79,78.12,78.39,28683168.0,1005144719.0,10832664498.0,0.0026478405202427975
2016-11-09,78.39,78.41,76.89,77.74,68834550.0,2389583084.0,10832664498.0,0.006354350770552222
2016-11-10,78.21,78.84,78.05,78.26,35280334.0,1235297816.0,10832664498.0,0.0032568472887269514
2016-11-11,78.28,78.93,78.08,78.37,52390695.0,1836030752.0,10832664498.0,0.004836362744334298
2016-11-14,78.21,78.68,78.12,78.28,68357166.0,2393598916.0,10832664498.0,0.006310281834411152
2016-11-15,78.34,78.41,78.17,78.3,28690403.0,1002698055.0,10832664498.0,0.0026485084076311063
2016-11-16,78.39,78.61,78.19,78.43,24386997.0,853899376.0,10832664498.0,0.002251246404289775
2016-11-17,78.37,78.43,77.94,78.39,23871563.0,835013724.0,10832664498.0,0.0022036649435978866
2016-11-18,78.39,78.52,78.26,78.41,32069691.0,1122418018.0,10832664498.0,0.0029604619441431904
2016-11-21,78.28,81.41,78.28,80.41,108903560.0,3918207061.0,10832664498.0,0.010053256982167823
2016-11-22,80.2,81.61,80.2,80.9,73702179.0,2668070771.0,10832664498.0,0.006803698112648776
2016-11-23,81.12,81.41,80.54,80.58,44013312.0,1589604839.0,10832664498.0,0.004063018106775672
2016-11-24,80.58,82.04,80.58,81.57,52076453.0,1891778690.0,10832664498.0,0.004807353999527513
2016-11-25,81.57,82.42,81.01,82.38,45833079.0,1670622682.0,10832664498.0,0.00423100697048838
2016-11-28,82.89,83.7,81.84,82.0,68897851.0,2545372847.0,10832664498.0,0.006360194300554622
2016-11-29,82.0,83.54,81.64,82.35,66538624.0,2455023676.0,10832664498.0,0.006142406054603169
2016-11-30,82.44,83.07,81.14,81.37,50803984.0,1860542541.0,10832664498.0,0.0046898880704170035
2016-12-01,81.41,82.26,81.17,81.57,47438609.0,1728939212.0,10832664498.0,0.0043792188901224105
2016-12-02,81.57,81.59,80.56,81.23,63371507.0,2290250433.0,10832664498.0,0.005850038742702691
2016-12-05,80.54,81.28,80.34,81.21,62209526.0,2244795953.0,10832664498.0,0.005742772335604555
2016-12-06,81.05,81.68,80.92,81.01,37612545.0,1365476594.0,10832664498.0,0.003472141596090628
2016-12-07,81.01,82.06,80.79,81.66,31067029.0,1127983993.0,10832664498.0,0.0028679028142832084
2016-12-08,82.0,82.26,81.59,81.75,29516834.0,1079442252.0,10832664498.0,0.0027247990561740003
2016-12-09,82.06,83.21,81.7,82.56,48703347.0,1793610602.0,10832664498.0,0.004495971144402372
2016-12-12,83.14,84.57,82.2,82.65,106934394.0,3969638952.0,10832664498.0,0.009871476590061748
2016-12-13,82.42,82.73,81.84,82.09,39559741.0,1452198317.0,10832664498.0,0.0036518938629829982
2016-12-14,82.04,83.99,82.0,82.94,58644985.0,2176302854.0,10832664498.0,0.005413717466356263
2016-12-15,82.38,82.62,79.35,79.73,78608340.0,2830157187.0,10832664498.0,0.007256602474350905
2016-12-16,79.42,80.11,79.29,79.46,34099443.0,1212632676.0,10832664498.0,0.0031478352353934407
2016-12-19,79.46,79.73,79.08,79.29,29559617.0,1047994448.0,10832664498.0,0.0027287485000073155
2016-12-20,79.33,79.4,77.16,77.63,62695062.0,2184834561.0,10832664498.0,0.005787593810514042
2016-12-21,78.05,78.5,77.52,77.81,37625980.0,1311462976.0,10832664498.0,0.0034733818265069286
2016-12-22,77.63,78.23,77.05,77.87,29500931.0,1022385359.0,10832664498.0,0.0027233309963072025
2016-12-23,77.7,77.87,77.05,77.79,30192121.0,1045239275.0,10832664498.0,0.0027871370894551636
2016-12-26,77.38,78.75,76.93,78.66,35131252.0,1222688981.0,10832664498.0,0.0032430850236787236
2016-12-27,78.39,79.15,78.34,78.97,21780273.0,767053567.0,10832664498.0,0.0020106108708546474
2016-12-28,78.84,79.11,78.37,79.04,38631869.0,1356675449.0,10832664498.0,0.003566238851681641
2016-12-29,78.73,79.04,78.46,78.68,29042037.0,1021548130.0,10832664498.0,0.002680968934777029
2016-12-30,78.99,79.4,78.64,79.35,27076331.0,955339321.0,10832664498.0,0.0024995079470059296
2017-01-03,79.15,80.65,79.11,79.91,29697799.0,1062134997.0,10832664498.0,0.0027415045490869774
2017-01-04,79.94,80.16,79.53,79.85,25257405.0,900817691.0,10832664498.0,0.002331596718855568
2017-01-05,80.02,80.5,79.91,80.02,28691033.0,1027949508.0,10832664498.0,0.0026485665650678217
2017-01-06,80.02,80.38,79.17,79.38,36286227.0,1290794307.0,10832664498.0,0.00334970468315523
2017-01-09,79.44,79.62,78.99,79.33,27061697.0,958713466.0,10832664498.0,0.002498157032833087
2017-01-10,79.38,79.49,78.84,78.9,20535090.0,725447485.0,10832664498.0,0.0018956638049476495
2017-01-11,78.95,79.35,78.61,78.9,20996349.0,740408787.0,10832664498.0,0.001938244187648984
2017-01-12,79.06,79.33,78.73,78.86,18718703.0,660770328.0,10832664498.0,0.0017279869604985897
2017-01-13,78.9,80.41,78.82,79.64,33073897.0,1177624289.0,10832664498.0,0.003053163605879821
2017-01-16,79.64,81.26,78.86,81.05,112917227.0,4058898504.0,10832664498.0,0.010423772195737027
2017-01-17,80.79,81.39,80.38,80.58,34949314.0,1261227196.0,10832664498.0,0.0032262897098357082
2017-01-18,80.79,81.61,80.76,81.1,26686911.0,968675234.0,10832664498.0,0.0024635592660445745
2017-01-19,80.92,81.46,80.45,80.74,19962834.0,721764754.0,10832664498.0,0.001842836912717612
2017-01-20,80.74,81.26,80.65,81.21,26033277.0,940875013.0,10832664498.0,0.002403220094631975
2017-01-23,81.21,81.57,80.72,81.08,39800128.0,1440993193.0,10832664498.0,0.0036740848022523147
2017-01-24,81.08,81.37,80.85,81.03,26866560.0,973085798.0,10832664498.0,0.002480143274534191
2017-01-25,81.08,81.64,80.83,81.59,35892232.0,1301946746.0,10832664498.0,0.0033133336684272523
2017-01-26,81.64,82.42,81.61,81.77,27720542.0,1014531003.0,10832664498.0,0.0025589772493293736
2017-02-03,81.75,81.75,79.73,79.78,48926754.0,1754524970.0,10832664498.0,0.004516594602282125
2017-02-06,80.05,80.7,79.58,80.5,64891420.0,2322670718.0,10832664498.0,0.005990347066687119
2017-02-07,80.63,81.17,80.45,80.76,48618000.0,1754121737.0,10832664498.0,0.004488092473368504
2017-02-08,80.72,80.81,79.96,80.67,39628863.0,1425349443.0,10832664498.0,0.003658274749237969
2017-02-09,80.79,81.46,80.63,80.88,52756885.0,1908930707.0,10832664498.0,0.004870166985208518
2017-02-10,81.1,81.39,80.85,81.08,39921900.0,1444897061.0,10832664498.0,0.0036853259885756317
2017-02-13,81.28,81.55,81.01,81.32,69354090.0,2517882533.0,10832664498.0,0.006402311270030067
2017-02-14,81.53,81.53,80.52,80.85,49092275.0,1774534248.0,10832664498.0,0.004531874407175054
2017-02-15,81.23,81.7,81.1,81.35,67285226.0,2442350202.0,10832664498.0,0.006211327417407107
2017-02-16,81.57,81.59,81.05,81.3,34781714.0,1261768664.0,10832664498.0,0.003210817985401619
2017-02-17,81.44,82.11,81.08,81.21,52550389.0,1915834762.0,10832664498.0,0.004851104639094307
2017-02-20,81.32,82.62,81.19,82.47,74144223.0,2715553500.0,10832664498.0,0.006844504693530295
2017-02-21,82.49,83.27,82.2,82.35,54833169.0,2024707040.0,10832664498.0,0.005061835803197235
2017-02-22,82.6,82.69,82.13,82.47,38041992.0,1400124080.0,10832664498.0,0.003511785305178017
2017-02-23,82.35,82.62,81.61,81.79,45952080.0,1681434618.0,10832664498.0,0.004241992356403541
2017-02-24,81.82,81.91,81.44,81.88,25683349.0,936256080.0,10832664498.0,0.002370917054132142
2017-02-27,81.77,82.06,81.1,81.35,40140682.0,1461978561.0,10832664498.0,0.0037055224970191816
2017-02-28,81.35,81.61,81.05,81.14,26846910.0,973920023.0,10832664498.0,0.002478329316389025
2017-03-01,81.21,81.35,80.92,80.99,35508177.0,1286566444.0,10832664498.0,0.003277880248811893
2017-03-02,81.39,81.39,80.27,80.32,46565680.0,1677956501.0,10832664498.0,0.004298635853496365
2017-03-03,80.18,80.5,79.98,80.29,25135446.0,900105329.0,10832664498.0,0.0023203382699280195
2017-03-06,80.2,80.5,80.07,80.25,28671714.0,1027741367.0,10832664498.0,0.0026467831626552788
2017-03-07,80.25,80.56,80.18,80.54,23721119.0,851204570.0,10832664498.0,0.0021897769477102844
2017-03-08,80.41,80.45,80.11,80.23,22285684.0,798679796.0,10832664498.0,0.0020572670744224133
2017-03-09,80.11,80.18,79.51,80.14,37796652.0,1347204348.0,10832664498.0,0.0034891371376800486
2017-03-10,79.98,80.11,79.69,79.73,20744676.0,739538476.0,10832664498.0,0.00191501139944194
2017-03-13,79.73,80.72,79.64,80.56,35999002.0,1291416185.0,10832664498.0,0.0033231899692496136
2017-03-14,80.61,80.92,80.2,80.5,27696420.0,995908965.0,10832664498.0,0.0025567504656969207
2017-03-15,80.36,80.63,80.09,80.54,26872050.0,964386172.0,10832664498.0,0.0024806500750541383
2017-03-16,80.85,81.17,80.56,80.79,39164100.0,1412921473.0,10832664498.0,0.003615370900412428
2017-03-17,80.9,81.12,79.78,80.07,54262154.0,1951604325.0,10832664498.0,0.005009123471886187
2017-03-20,80.09,80.54,79.87,80.25,42458939.0,1518417732.0,10832664498.0,0.003919528663316311
2017-03-21,80.7,81.28,80.34,81.23,97008407.0,3497702318.0,10832664498.0,0.008955175064999968
2017-03-22,80.83,81.14,80.2,80.63,52790683.0,1900860425.0,10832664498.0,0.004873286993218203
2017-03-23,81.03,82.71,80.94,81.91,120905943.0,4423299981.0,10832664498.0,0.011161237664318181
2017-03-24,82.09,83.12,81.08,81.86,94401638.0,3453351568.0,10832664498.0,0.008714535377462218
2017-03-27,81.77,83.5,81.75,82.29,122860195.0,4533273391.0,10832664498.0,0.011341641294501763
2017-03-28,82.35,82.8,82.0,82.26,52334690.0,1923728610.0,10832664498.0,0.0048311927328370955
2017-03-29,82.62,82.96,82.17,82.38,52522665.0,1933615709.0,10832664498.0,0.004848545342625269
2017-03-30,82.22,82.4,81.53,82.31,49288130.0,1804688804.0,10832664498.0,0.004549954446489126
2017-03-31,82.15,83.18,81.93,82.89,63799619.0,2355407321.0,10832664498.0,0.005889559213412279
2017-04-05,83.09,83.54,82.85,83.09,61349985.0,2276342315.0,10832664498.0,0.005663425190665403
2017-04-06,83.12,83.16,82.38,82.78,52331352.0,1932690704.0,10832664498.0,0.004830884590735896
2017-04-07,82.73,82.89,81.88,81.97,64760921.0,2376814017.0,10832664498.0,0.005978300261395209
2017-04-10,81.88,82.22,81.48,81.64,48441796.0,1768312458.0,10832664498.0,0.004471826484512989
2017-04-11,81.64,81.97,80.27,81.05,63322577.0,2289209326.0,10832664498.0,0.00584552184845114
2017-04-12,81.01,81.35,78.17,80.65,66507762.0,2390144179.0,10832664498.0,0.006139557078711255
2017-04-13,80.18,80.83,80.18,80.41,38759046.0,1393274811.0,10832664498.0,0.0035779789918866183
2017-04-14,80.41,80.72,79.87,80.38,37091529.0,1329735399.0,10832664498.0,0.003424044842046764
2017-04-17,80.2,80.79,79.89,80.67,37660299.0,1351965562.0,10832664498.0,0.003476549929793644
2017-04-18,80.63,80.83,79.89,79.96,35523028.0,1274754660.0,10832664498.0,0.0032792511949907154
2017-04-19,79.91,80.29,79.44,79.53,48705008.0,1734152448.0,10832664498.0,0.0044961244769458385
2017-04-20,79.87,80.43,79.64,80.18,41604810.0,1486331412.0,10832664498.0,0.003840681118452562
2017-04-21,80.2,81.21,79.85,80.83,52520305.0,1897448393.0,10832664498.0,0.004848327483021066
2017-04-24,80.83,81.21,80.61,81.01,54992292.0,1989033149.0,10832664498.0,0.005076524987010634
2017-04-25,81.01,81.88,80.9,81.7,61281318.0,2230735125.0,10832664498.0,0.005657086307003616
2017-04-26,81.91,84.93,81.68,84.01,160935910.0,6010681228.0,10832664498.0,0.014856539684185094
2017-04-27,83.97,85.69,83.85,84.71,125005458.0,4732657328.0,10832664498.0,0.011539677797930449
2017-04-28,84.88,85.27,84.24,85.02,67866387.0,2568647819.0,10832664498.0,0.006264976360389446
2017-05-02,84.66,85.96,84.66,84.91,61932539.0,2359210184.0,10832664498.0,0.0057172027262022565
2017-05-03,85.0,85.74,84.71,85.11,50538386.0,1920918772.0,10832664498.0,0.00466536981823177
2017-05-04,85.0,85.33,84.5,84.71,54857355.0,2080732893.0,10832664498.0,0.005064068494886751
2017-05-05,84.44,84.8,83.32,83.45,62397960.0,2337681712.0,10832664498.0,0.005760167317239479
2017-05-08,83.45,85.38,83.41,84.64,95293243.0,3609995304.0,10832664498.0,0.008796842458990001
2017-05-09,84.46,85.29,84.46,85.09,59518293.0,2258188097.0,10832664498.0,0.0054943354897577295
2017-05-10,85.18,89.7,85.13,89.23,158920371.0,6249692993.0,10832664498.0,0.014670478443169818
2017-05-11,89.14,89.79,88.6,89.07,82779446.0,3296766911.0,10832664498.0,0.007641651415982033
2017-05-12,88.92,92.5,88.92,91.72,120017119.0,4897614123.0,10832664498.0,0.01107918730633247
2017-05-15,92.32,93.98,90.98,91.6,71622420.0,2960377186.0,10832664498.0,0.006611708505624209
2017-05-16,91.6,92.5,91.11,92.03,62986281.0,2582208680.0,10832664498.0,0.005814477224105755
2017-05-17,91.83,92.03,90.01,90.53,77910638.0,3156764513.0,10832664498.0,0.0071921952363967695
2017-05-18,89.72,92.01,89.72,90.98,58167880.0,2368295170.0,10832664498.0,0.005369674285651453
2017-05-19,90.91,92.57,90.91,91.85,42046764.0,1727706874.0,10832664498.0,0.003881479391128836
2017-05-22,91.9,96.35,91.9,95.95,102557092.0,4349844018.0,10832664498.0,0.009467392996333892
2017-05-23,96.31,98.95,95.97,96.69,106099037.0,4628619016.0,10832664498.0,0.00979436195218533
2017-05-24,96.31,97.52,94.0,96.37,81351957.0,3491155434.0,10832664498.0,0.007509875064903907
2017-05-25,96.31,102.04,96.2,101.88,138989996.0,6178137404.0,10832664498.0,0.012830637930830524
2017-05-26,101.68,102.69,100.47,101.19,78361301.0,3547666748.0,10832664498.0,0.007233797466400588
2017-05-31,100.79,105.56,100.38,100.94,100997789.0,4624877831.0,10832664498.0,0.009323448447853886
2017-06-01,101.68,103.03,100.56,102.96,77236116.0,3513398064.0,10832664498.0,0.007129927822860189
2017-06-02,102.78,103.86,99.96,100.7,82633357.0,3734938417.0,10832664498.0,0.007628165444914899
2017-06-05,100.61,101.12,98.73,100.05,78000274.0,3468933930.0,10832664498.0,0.007200469839567259
2017-06-06,99.89,103.25,99.89,103.09,96716968.0,4383686411.0,10832664498.0,0.0089282713424621
2017-06-07,103.47,105.0,102.38,102.98,78820064.0,3645872262.0,10832664498.0,0.0072761474348764605
2017-06-08,102.8,106.72,102.62,106.65,83217137.0,3899227565.0,10832664498.0,0.007682056156669868
2017-06-09,106.83,109.23,106.39,107.82,92567674.0,4462205605.0,10832664498.0,0.008545235940528802
2017-06-12,107.55,111.18,107.55,109.59,85959680.0,4199730273.0,10832664498.0,0.00793522960264028
2017-06-13,109.19,110.19,107.28,108.49,67046122.0,3245558601.0,10832664498.0,0.006189254916219228
2017-06-14,108.92,109.39,105.27,105.74,83401397.0,3974060287.0,10832664498.0,0.007699065822208205
2017-06-15,105.69,106.32,102.82,103.43,104198333.0,4833899744.0,10832664498.0,0.009618901519495762
2017-06-16,103.25,105.67,103.25,104.59,80723142.0,3777604440.0,10832664498.0,0.007451827019557714
2017-06-19,105.18,108.92,104.57,108.76,80848191.0,3869638235.0,10832664498.0,0.007463370716865342
2017-06-20,109.23,109.59,106.77,107.73,61635533.0,2962329659.0,10832664498.0,0.005689785095013288
2017-06-21,108.18,111.0,106.52,110.71,84975718.0,4147969142.0,10832664498.0,0.007844396733203432
2017-06-22,110.19,113.04,109.86,110.06,114646405.0,5715913249.0,10832664498.0,0.010583398481617039
2017-06-23,110.28,111.76,109.28,111.36,87371964.0,4310012062.0,10832664498.0,0.008065602328598952
2017-06-26,111.96,113.71,110.53,111.36,95319255.0,4760578482.0,10832664498.0,0.0087992437149326
2017-06-27,111.31,111.87,109.59,111.81,78083585.0,3855524441.0,10832664498.0,0.007208160560535805
2017-06-28,111.31,111.4,108.74,108.87,69132247.0,3393564250.0,10832664498.0,0.006381832190294794
2017-06-29,109.3,112.1,108.36,111.9,75322875.0,3715241204.0,10832664498.0,0.006953310057179987
2017-06-30,111.54,112.43,110.37,111.11,59863098.0,2974857809.0,10832664498.0,0.005526165608752337
2017-07-03,111.54,111.54,108.74,109.61,56319918.0,2755923273.0,10832664498.0,0.005199082645862259
2017-07-04,109.3,109.39,107.3,107.33,68392065.0,3299813382.0,10832664498.0,0.006313503479465002
2017-07-05,107.51,113.55,107.51,112.93,127253722.0,6293926168.0,10832664498.0,0.011747222673008515
2017-07-06,112.93,116.46,112.14,115.1,113781480.0,5793924188.0,10832664498.0,0.01050355432137745
2017-07-07,114.56,115.61,113.17,114.25,53392598.0,2727331058.0,10832664498.0,0.004928851808330047
2017-07-10,114.27,116.38,113.53,114.52,57077601.0,2938274374.0,10832664498.0,0.005269026933358644
2017-07-11,115.04,117.75,114.58,115.99,69953963.0,3600296755.0,10832664498.0,0.00645768758119624
2017-07-12,116.28,118.86,114.15,114.58,87011734.0,4490986366.0,10832664498.0,0.008032348275538738
2017-07-13,115.42,117.41,115.08,116.89,66534298.0,3418210961.0,10832664498.0,0.0061420067068710575
2017-07-14,117.03,119.52,116.15,119.47,70779162.0,3681295002.0,10832664498.0,0.006533864499640669
2017-07-17,120.02,124.73,118.68,122.03,140879134.0,7585579250.0,10832664498.0,0.013005030666832713
2017-07-18,121.35,122.85,118.89,121.06,87902953.0,4697173720.0,10832664498.0,0.008114619724097357
2017-07-19,121.53,123.35,120.24,121.9,77118069.0,4138848109.0,10832664498.0,0.007119030503920625
2017-07-20,121.24,122.6,119.59,122.28,65919874.0,3528872923.0,10832664498.0,0.006085287143543546
2017-07-21,120.45,120.63,117.5,117.64,129479193.0,6811105692.0,10832664498.0,0.011952663448951578
2017-07-24,117.91,120.22,117.01,119.11,90459593.0,4749136592.0,10832664498.0,0.008350631833627014
2017-07-25,119.13,120.11,118.14,118.43,50683483.0,2670578612.0,10832664498.0,0.004678764214414425
2017-07-26,117.96,118.86,116.1,117.48,65761087.0,3403982468.0,10832664498.0,0.006070628977029729
2017-07-27,117.39,119.41,115.67,118.55,66713294.0,3456657893.0,10832664498.0,0.006158530434715952
2017-07-28,118.18,118.77,117.28,117.48,49129473.0,2557067863.0,10832664498.0,0.0045353082807162185
2017-07-31,117.46,119.18,116.4,117.78,61600507.0,3210189249.0,10832664498.0,0.005686551726158703
2017-08-01,118.18,124.3,118.18,124.18,114793661.0,6170850610.0,10832664498.0,0.010596992182412184
2017-08-02,124.09,124.12,121.99,122.35,72381745.0,3925861501.0,10832664498.0,0.00668180437170962
2017-08-03,122.35,123.35,119.72,119.81,56531164.0,3036337544.0,10832664498.0,0.005218583480586625
2017-08-04,119.97,120.43,117.39,117.6,66608738.0,3494563811.0,10832664498.0,0.006148878515742619
2017-08-07,117.53,119.63,116.67,118.46,52385217.0,2738587944.0,10832664498.0,0.0048358570515750505
2017-08-08,118.41,119.0,117.53,118.75,36732251.0,1917168051.0,10832664498.0,0.003390878671335363
2017-08-09,118.52,119.63,117.73,117.87,41073411.0,2149503758.0,10832664498.0,0.003791625874463596
2017-08-10,117.89,118.75,114.36,114.86,84642315.0,4333370708.0,10832664498.0,0.00781361917149998
2017-08-11,113.66,114.86,112.14,112.25,82814563.0,4147670928.0,10832664498.0,0.007644893185355254
2017-08-14,113.18,115.47,112.39,114.31,79149496.0,3992982202.0,10832664498.0,0.007306558420101824
2017-08-15,115.01,116.73,114.56,115.24,68084953.0,3482968110.0,10832664498.0,0.006285152929140407
2017-08-16,115.13,116.12,114.4,115.94,34085106.0,1735515853.0,10832664498.0,0.0031465117382979066
2017-08-17,116.53,117.35,115.17,115.69,37471148.0,1922044261.0,10832664498.0,0.0034590887594569348
2017-08-18,118.64,121.94,116.87,120.38,117642875.0,6204026735.0,10832664498.0,0.010860012790179186
2017-08-21,120.9,122.89,119.5,120.06,71615254.0,3834637735.0,10832664498.0,0.00661104698785992
2017-08-22,120.92,125.11,120.72,124.98,100989678.0,5503927189.0,10832664498.0,0.009322699693934525
2017-08-23,124.55,126.4,124.12,125.43,56488435.0,3124559298.0,10832664498.0,0.005214639021676456
2017-08-24,125.77,127.42,124.41,124.8,56065476.0,3111185225.0,10832664498.0,0.0051755942418738425
2017-08-25,124.3,127.29,124.16,126.4,74310600.0,4147141456.0,10832664498.0,0.0068598635186864435
2017-08-28,126.74,130.75,126.74,127.24,80329569.0,4571588753.0,10832664498.0,0.007415494961080996
2017-08-29,127.01,129.62,126.52,129.19,41677419.0,2365449403.0,10832664498.0,0.003847383901504082
2017-08-30,129.05,130.48,127.38,127.72,47027718.0,2668794013.0,10832664498.0,0.004341288148329765
2017-08-31,127.53,128.28,125.77,126.86,48095720.0,2694501061.0,10832664498.0,0.004439879035197643
2017-09-01,126.9,129.14,125.88,127.17,57108347.0,3213848068.0,10832664498.0,0.005271865200897132
2017-09-04,126.81,126.92,125.21,125.98,48405138.0,2668523944.0,10832664498.0,0.004468442460203294
2017-09-05,126.56,129.3,125.89,128.59,56376990.0,3153737507.0,10832664498.0,0.005204351155748311
2017-09-06,128.04,128.79,125.85,126.56,42406310.0,2354829570.0,10832664498.0,0.003914670301829189
2017-09-07,127.01,127.51,125.25,125.44,32974056.0,1818266123.0,10832664498.0,0.003043946944547936
2017-09-08,125.41,126.83,125.25,125.69,29032223.0,1601029319.0,10832664498.0,0.0026800629711517536
2017-09-11,126.12,127.88,123.17,123.33,80409842.0,4405694623.0,10832664498.0,0.007422905233965827
2017-09-12,124.45,125.34,122.47,125.21,55595400.0,3018230917.0,10832664498.0,0.00513219993199867
2017-09-13,125.18,126.46,124.11,125.8,39806983.0,2188825236.0,10832664498.0,0.0036747176105518115
2017-09-14,125.87,126.21,123.13,123.4,51019115.0,2769164300.0,10832664498.0,0.00470974754266778
2017-09-15,123.56,123.81,121.42,121.94,75425944.0,4035496824.0,10832664498.0,0.006962824706139995
2017-09-18,121.69,124.45,121.69,121.76,75400296.0,4045828546.0,10832664498.0,0.006960457052271943
2017-09-19,122.65,123.45,121.32,122.12,62150655.0,3322570961.0,10832664498.0,0.005737337753926993
2017-09-20,122.08,122.67,121.07,121.26,58718913.0,3132558755.0,10832664498.0,0.005420542010771319
2017-09-21,121.44,123.91,121.1,122.95,72709201.0,3909123212.0,10832664498.0,0.006712032945673159
2017-09-22,122.33,124.16,122.26,123.45,54947182.0,2965926964.0,10832664498.0,0.005072360729915038
2017-09-25,123.47,125.02,122.95,123.72,65794494.0,3572267811.0,10832664498.0,0.006073712890503295
2017-09-26,123.33,124.11,123.24,123.93,42795845.0,2317837253.0,10832664498.0,0.0039506295988305795
2017-09-27,123.59,123.91,122.12,122.44,46898447.0,2525092409.0,10832664498.0,0.004329354703882753
2017-09-28,122.44,123.29,121.8,122.76,39773746.0,2134157815.0,10832664498.0,0.00367164939035482
2017-09-29,122.72,124.16,122.06,123.72,43417231.0,2345094281.0,10832664498.0,0.004007991847990491
2017-10-09,128.15,129.07,124.98,125.09,88236199.0,4894508072.0,10832664498.0,0.008145382792598327
2017-10-10,125.32,126.83,122.92,125.46,96068320.0,5234374162.0,10832664498.0,0.008868392445620077
2017-10-11,125.41,127.29,124.61,126.35,66452795.0,3671752167.0,10832664498.0,0.006134482888514545
2017-10-12,126.1,130.64,125.92,130.46,89855011.0,5060866914.0,10832664498.0,0.008294820818699743
2017-10-13,130.0,131.19,129.59,130.39,50815330.0,2898031536.0,10832664498.0,0.004690935458158228
2017-10-16,131.35,133.75,130.42,130.6,74976923.0,4336232571.0,10832664498.0,0.006921374054725202
2017-10-17,131.15,133.09,130.67,132.36,63781573.0,3687434212.0,10832664498.0,0.005887893325947258
2017-10-18,132.63,134.85,132.2,134.73,71037948.0,4156056201.0,10832664498.0,0.006557753913002245
2017-10-19,134.92,136.95,134.32,136.13,74113891.0,4412200243.0,10832664498.0,0.006841704643735935
2017-10-20,134.78,135.81,133.96,134.83,45688147.0,2696601759.0,10832664498.0,0.004217627806015339
2017-10-23,136.45,137.47,135.24,136.79,51239175.0,3066104021.0,10832664498.0,0.004730062027625809
2017-10-24,136.54,139.49,136.22,137.52,70533642.0,4268526176.0,10832664498.0,0.00651119971573221
2017-10-25,137.29,138.07,136.4,137.25,38645697.0,2322425400.0,10832664498.0,0.003567515361260845
2017-10-26,137.06,142.23,136.74,140.24,83684094.0,5137430623.0,10832664498.0,0.007725162541076604
2017-10-27,140.49,146.16,140.44,146.04,87686093.0,5509478165.0,10832664498.0,0.008094600641992486
2017-10-30,146.2,149.17,144.21,146.34,118383153.0,7608700684.0,10832664498.0,0.010928350363094573
2017-10-31,145.06,147.34,144.63,147.02,51366189.0,3284189902.0,10832664498.0,0.004741787120747954
2017-11-01,147.27,151.41,145.56,146.48,100111909.0,6497719273.0,10832664498.0,0.00924166986049308
2017-11-02,146.66,147.09,143.92,146.52,82494651.0,5249507427.0,10832664498.0,0.007615361023618032
2017-11-03,146.2,148.12,145.01,147.23,68143978.0,4374187708.0,10832664498.0,0.006290601727080277
2017-11-06,147.78,147.8,143.73,146.22,90857015.0,5784912562.0,10832664498.0,0.008387319206348045
2017-11-07,146.89,152.07,146.89,149.33,117356586.0,7697028238.0,10832664498.0,0.010833584481608118
2017-11-08,149.4,151.57,146.93,147.59,86782083.0,5669830793.0,10832664498.0,0.008011148412841762
2017-11-09,147.34,151.66,147.12,151.52,70866925.0,4620472310.0,10832664498.0,0.006541966199828669
2017-11-10,150.77,159.79,150.61,159.66,125406037.0,8577347652.0,10832664498.0,0.011576656604028797
2017-11-13,160.14,161.21,158.72,160.25,75220717.0,5267340967.0,10832664498.0,0.006943879505719739
2017-11-14,161.48,162.85,159.38,160.87,80174828.0,5652540362.0,10832664498.0,0.007401210294549639
2017-11-15,159.86,160.89,156.69,158.08,100945992.0,6990987895.0,10832664498.0,0.009318666891108584
2017-11-16,157.17,167.01,157.05,166.78,116376446.0,8269151220.0,10832664498.0,0.010743104433954011
2017-11-17,166.08,172.06,164.02,171.95,158039374.0,11680087761.0,10832664498.0,0.01458915062210025
2017-11-20,170.83,174.73,169.21,172.95,114128113.0,8583176574.0,10832664498.0,0.010535553189251924
2017-11-21,171.63,182.02,171.63,179.19,144556937.0,11268384879.0,10832664498.0,0.013344541135441708
2017-11-22,181.61,182.66,174.94,176.93,129348799.0,10124738589.0,10832664498.0,0.011940626336565787
2017-11-23,174.98,179.19,168.36,169.78,157621088.0,11946905532.0,10832664498.0,0.014550537222776638
2017-11-24,169.39,172.38,166.1,170.46,131784376.0,9752487038.0,10832664498.0,0.01216546270996678
2017-11-27,170.64,171.1,163.45,168.02,163723233.0,11979068075.0,10832664498.0,0.015113846923831869
2017-11-28,166.08,167.99,164.2,166.14,78646962.0,5710613283.0,10832664498.0,0.007260167802161725
2017-11-29,167.99,169.48,162.79,165.44,87500464.0,6358820396.0,10832664498.0,0.008077464599421031
2017-11-30,163.04,163.72,158.88,159.72,116373317.0,8210562529.0,10832664498.0,0.010742815585351659
2017-12-01,159.11,160.32,155.13,155.57,139304603.0,9600520278.0,10832664498.0,0.012859680370025247
2017-12-04,154.43,160.71,153.9,158.51,115928317.0,8019893921.0,10832664498.0,0.010701736126084535
2017-12-05,157.39,163.33,157.12,162.65,169253953.0,11943537965.0,10832664498.0,0.015624406445085493
2017-12-06,161.96,162.42,155.34,158.54,124560752.0,8683330184.0,10832664498.0,0.011498625478800461
2017-12-07,158.42,159.47,154.43,156.8,85970358.0,5882969802.0,10832664498.0,0.007936215325035906
2017-12-08,157.49,164.16,156.85,163.31,109563228.0,7706090993.0,10832664498.0,0.010114153172585407
2017-12-11,162.65,167.47,161.78,167.33,113992734.0,8230209835.0,10832664498.0,0.01052305589460895
2017-12-12,167.33,168.04,162.58,162.67,77790078.0,5624415243.0,10832664498.0,0.0071810659339040855
2017-12-13,162.67,165.89,160.36,164.75,86511781.0,6180930487.0,10832664498.0,0.007986195918462387
2017-12-14,164.75,164.84,161.28,162.21,67618694.0,4821543307.0,10832664498.0,0.006242110979481015
2017-12-15,161.48,163.2,160.02,160.78,73554722.0,5203043803.0,10832664498.0,0.006790085856861917
2017-12-18,160.39,164.32,160.39,161.44,67911699.0,4819171120.0,10832664498.0,0.006269159264790146
2017-12-19,161.99,168.2,161.53,168.09,127058305.0,9235563922.0,10832664498.0,0.011729183066959968
2017-12-20,167.88,170.39,166.94,168.91,93938288.0,6929166001.0,10832664498.0,0.008671761967459024
2017-12-21,168.22,172.65,167.24,171.12,93470766.0,6973083823.0,10832664498.0,0.008628603425986026
2017-12-22,170.87,171.79,168.2,169.09,71952658.0,5340481047.0,10832664498.0,0.006642193895443211
2017-12-25,169.18,174.0,167.61,169.41,110997896.0,8271645257.0,10832664498.0,0.010246592241501911
2017-12-26,169.3,170.32,166.49,168.91,83228950.0,6125332824.0,10832664498.0,0.007683146654764974
2017-12-27,167.79,167.79,159.95,160.71,150683445.0,10782720389.0,10832664498.0,0.013910099867656772
2017-12-28,160.59,163.15,159.15,161.26,113088642.0,7984386864.0,10832664498.0,0.010439596095760114
2017-12-29,162.4,163.4,158.77,159.86,104001801.0,7316476634.0,10832664498.0,0.009600758984015568
2018-01-02,160.39,166.3,160.32,165.82,123616317.0,8873521553.0,10832664498.0,0.011411441480793842
2018-01-03,167.67,168.82,160.16,162.12,179405492.0,12887286352.0,10832664498.0,0.01656152944025203
2018-01-04,162.24,164.93,161.16,162.6,106115784.0,7558632047.0,10832664498.0,0.009795907924554648
2018-01-05,163.54,164.2,160.94,161.94,77207581.0,5478422385.0,10832664498.0,0.007127293660230554
2018-01-08,161.71,161.71,158.35,159.93,122872953.0,8582728348.0,10832664498.0,0.011342819028751942
2018-01-09,160.59,164.66,159.98,164.18,123949115.0,8846740744.0,10832664498.0,0.01144216319289537
2018-01-10,163.56,164.18,161.53,163.84,82812301.0,5908131847.0,10832664498.0,0.00764468437246343
2018-01-11,162.31,167.04,162.19,165.96,109628895.0,7942591596.0,10832664498.0,0.01012021511607236
2018-01-12,165.98,170.19,165.23,169.98,128266294.0,9412700286.0,10832664498.0,0.011840696628579367
2018-01-15,172.13,179.33,172.13,177.38,200659866.0,15506926306.0,10832664498.0,0.018523592790771575
2018-01-16,177.45,181.56,176.36,177.75,150164317.0,11730259422.0,10832664498.0,0.01386217740129627
2018-01-17,178.41,181.27,174.76,176.68,141357416.0,11007901753.0,10832664498.0,0.01304918250039945
2018-01-18,179.46,183.0,176.08,177.29,207447138.0,16276293928.0,10832664498.0,0.01915014888888143
2018-01-19,178.87,180.6,175.65,177.25,155380912.0,12121952907.0,10832664498.0,0.014343738978409926
2018-01-22,176.15,180.92,176.01,179.87,121588286.0,9519920005.0,10832664498.0,0.011224227060890555
2018-01-23,183.44,185.68,178.85,179.92,191989840.0,15307309842.0,10832664498.0,0.017723233285351584
2018-01-24,180.47,181.47,174.48,174.62,168914104.0,13089919947.0,10832664498.0,0.015593033831259711
2018-01-25,173.45,173.59,170.87,171.99,123439652.0,9292249846.0,10832664498.0,0.011395132935464795
2018-01-26,172.01,175.56,171.81,173.84,112554650.0,8558720967.0,10832664498.0,0.010390301483146699
2018-01-29,175.12,175.21,166.51,167.58,151784351.0,11341796885.0,10832664498.0,0.014011728234362234
2018-01-30,166.53,169.87,166.3,167.63,86781693.0,6389286977.0,10832664498.0,0.008011112410619033
2018-01-31,165.96,171.67,165.66,171.51,93472629.0,6959739461.0,10832664498.0,0.008628775405834599
2018-02-01,171.33,172.7,169.16,172.43,141576291.0,10624480475.0,10832664498.0,0.013069387593988421
2018-02-02,171.03,174.48,169.34,173.64,100758337.0,7592895872.0,10832664498.0,0.009301343821605726
2018-02-05,169.96,173.5,169.73,172.95,94805442.0,7124096934.0,10832664498.0,0.008751811894248514
2018-02-06,168.7,170.64,165.62,168.52,204966683.0,15035748671.0,10832664498.0,0.018921169675091696
2018-02-07,170.42,170.53,161.05,163.06,174784083.0,12632931016.0,10832664498.0,0.016134911501438066
2018-02-08,161.3,163.33,156.18,157.6,153010890.0,10664335041.0,10832664498.0,0.014124954209396027
2018-02-09,151.91,152.99,142.09,147.18,249202978.0,16087878594.0,10832664498.0,0.023004772098869076
2018-02-12,147.71,149.97,146.2,148.39,102961177.0,6677189824.0,10832664498.0,0.009504695453183231
2018-02-13,151.23,156.14,150.91,153.1,114795720.0,7736172612.0,10832664498.0,0.010597182255685511
2018-02-14,154.2,158.06,153.51,157.37,64650188.0,4399687785.0,10832664498.0,0.005968078122601891
2018-02-22,160.43,160.87,158.15,159.38,78364999.0,5477772497.0,10832664498.0,0.007234138841322768
2018-02-23,160.48,163.24,159.52,161.37,55601107.0,3929000289.0,10832664498.0,0.005132726764524596
2018-02-26,162.17,163.52,158.99,161.74,69384092.0,4900094210.0,10832664498.0,0.0064050808564051955
2018-02-27,162.24,162.63,158.7,159.47,78099482.0,5485814912.0,10832664498.0,0.007209628066522254
2018-02-28,158.08,158.17,154.65,154.79,78217046.0,5354288636.0,10832664498.0,0.00722048079809367
2018-03-01,153.47,158.49,152.78,157.46,66329617.0,4535163832.0,10832664498.0,0.006123111909562622
2018-03-02,155.34,156.85,154.08,154.61,58143932.0,3950841316.0,10832664498.0,0.00536746356454914
2018-03-05,154.56,156.69,153.05,155.06,60982380.0,4123448692.0,10832664498.0,0.005629490326342054
2018-03-06,156.25,158.51,153.97,158.35,65707723.0,4498428233.0,10832664498.0,0.006065702765199772
2018-03-07,157.58,160.32,155.75,157.12,59055501.0,4086838910.0,10832664498.0,0.005451613590627054
2018-03-08,157.76,161.83,157.08,161.14,69268165.0,4847200944.0,10832664498.0,0.006394379241855848
2018-03-09,162.19,163.24,160.62,161.94,47622200.0,3371832639.0,10832664498.0,0.00439616679800176
2018-03-12,163.56,164.16,161.28,162.47,58335147.0,4159385529.0,10832664498.0,0.005385115269726135
2018-03-13,162.65,162.99,158.03,158.58,60949227.0,4270300750.0,10832664498.0,0.005626429860469957
2018-03-14,157.28,158.08,155.93,157.21,51476079.0,3538649610.0,10832664498.0,0.004751931439352143
2018-03-15,156.28,161.51,156.25,161.03,62711086.0,4389005513.0,10832664498.0,0.005789073040301225
2018-03-16,161.51,164.36,160.94,161.07,70132623.0,4999966474.0,10832664498.0,0.006474180291741552
2018-03-19,161.94,168.77,161.0,168.61,92449982.0,6687346253.0,10832664498.0,0.00853437139284326
2018-03-20,166.99,169.48,166.08,169.25,65977835.0,4847776967.0,10832664498.0,0.0060906377200347405
2018-03-21,175.21,175.24,166.83,168.63,136748593.0,10277152012.0,10832664498.0,0.012623726417932305
2018-03-22,167.93,169.43,163.75,166.49,90287752.0,6578006315.0,10832664498.0,0.0083347686080991
2018-03-23,159.91,161.67,158.58,160.59,148695492.0,10435410981.0,10832664498.0,0.01372658518386249
2018-03-26,158.08,159.84,153.01,155.98,138098519.0,9441425605.0,10832664498.0,0.012748342665416868
2018-03-27,158.95,159.13,154.2,155.7,103992027.0,7111483067.0,10832664498.0,0.009599856712925958
2018-03-28,153.05,154.61,148.21,149.4,142078782.0,9380984826.0,10832664498.0,0.013115774242452681
2018-03-29,149.45,153.69,145.08,151.66,146254573.0,9514381379.0,10832664498.0,0.01350125567232351
2018-03-30,150.79,151.39,148.03,149.19,84202251.0,5499095858.0,10832664498.0,0.007772995371133851
2018-04-02,146.77,151.34,146.7,147.71,80555909.0,5242356770.0,10832664498.0,0.007436389174138346
2018-04-03,146.09,148.37,145.84,147.37,60407068.0,3885145804.0,10832664498.0,0.0055763813243872515
2018-04-04,148.26,149.81,146.16,147.46,67998953.0,4414551485.0,10832664498.0,0.0062772139774618175
2018-04-09,148.46,150.75,146.32,150.68,71614285.0,4679345562.0,10832664498.0,0.006610957536183449
2018-04-10,150.06,156.25,149.38,155.91,90513972.0,6064986129.0,10832664498.0,0.008355651743549457
2018-04-11,156.02,156.64,154.15,154.59,72092432.0,4894354063.0,10832664498.0,0.006655096907442319
2018-04-12,155.13,155.27,152.35,152.41,54450250.0,3659539916.0,10832664498.0,0.005026487251594746
2018-04-13,154.04,154.08,150.88,151.18,46638574.0,3114028929.0,10832664498.0,0.004305364945864494
2018-04-16,150.79,152.28,145.93,146.89,80963957.0,5244687540.0,10832664498.0,0.00747405746895864
2018-04-17,147.21,148.17,143.53,144.21,83167288.0,5312790696.0,10832664498.0,0.0076774544264114255
2018-04-18,145.7,146.09,143.0,145.08,76484549.0,4841197668.0,10832664498.0,0.007060548124066899
2018-04-19,145.97,148.37,145.42,147.3,72647375.0,4680959624.0,10832664498.0,0.006706325577923386
2018-04-20,146.66,148.19,145.08,146.54,60334073.0,3871514930.0,10832664498.0,0.005569642908366569
2018-04-23,146.54,148.85,145.7,148.46,54446666.0,3516175405.0,10832664498.0,0.005026156400399211
2018-04-24,149.4,153.19,149.13,152.05,90695407.0,6024928823.0,10832664498.0,0.008372400623756491
2018-04-25,150.86,151.82,149.19,149.63,47782761.0,3141687154.0,10832664498.0,0.004410988728472296
2018-04-26,150.04,150.52,143.48,144.19,84155382.0,5364614954.0,10832664498.0,0.0077686687347824105
2018-04-27,145.17,145.58,133.27,139.1,260286257.0,15747812239.0,10832664498.0,0.02402790717353573
2018-05-02,140.17,141.15,138.78,140.12,70890842.0,4341690751.0,10832664498.0,0.006544174059215842
2018-05-03,139.07,140.67,136.84,140.35,62912538.0,3831120277.0,10832664498.0,0.005807669757668147
2018-05-04,140.1,140.81,138.53,138.69,44158675.0,2694568405.0,10832664498.0,0.0040764370583204965
2018-05-07,138.32,140.42,136.4,139.78,82944783.0,5035372512.0,10832664498.0,0.007656914235210905
2018-05-08,140.17,145.93,139.9,144.1,117472062.0,7388303870.0,10832664498.0,0.01084424446281785
2018-05-09,144.15,144.83,142.82,143.8,48443100.0,3048008852.0,10832664498.0,0.00447194686117565
2018-05-10,144.6,145.63,143.03,144.33,49817832.0,3143778292.0,10832664498.0,0.004598853034652527
2018-05-11,145.24,145.42,143.48,144.15,45210551.0,2859210137.0,10832664498.0,0.004173539299435248
2018-05-14,145.52,147.53,145.06,146.43,68370916.0,4387898493.0,10832664498.0,0.00631155114354581
2018-05-15,147.34,147.55,144.83,146.13,52952916.0,3376776321.0,10832664498.0,0.004888263271679514
2018-05-16,145.47,146.02,143.07,143.48,55951439.0,3539081154.0,10832664498.0,0.0051650670996346406
2018-05-17,144.12,144.35,141.5,141.63,47778223.0,2981258093.0,10832664498.0,0.004410569810301163
2018-05-18,141.36,144.19,140.7,144.01,56625326.0,3532704058.0,10832664498.0,0.005227275894167548
2018-05-21,145.17,146.54,144.53,145.42,70506571.0,4492367179.0,10832664498.0,0.006508700699907895
2018-05-22,145.24,145.84,142.77,143.94,43769214.0,2757950408.0,10832664498.0,0.004040484592510086
2018-05-23,143.8,143.8,140.88,141.08,56915452.0,3531232659.0,10832664498.0,0.00525405840922223
2018-05-24,141.54,142.25,139.71,139.85,44151327.0,2725820768.0,10832664498.0,0.004075758739518935
2018-05-25,140.22,142.04,140.12,140.56,35392969.0,2183913985.0,10832664498.0,0.0032672450075911137
2018-05-28,141.18,143.64,140.6,142.77,45894875.0,2861428758.0,10832664498.0,0.004236711568836404
2018-05-29,142.36,143.14,140.03,142.5,63647446.0,3944873803.0,10832664498.0,0.0058755116076705804
2018-05-30,140.06,140.95,138.39,138.55,49083664.0,2998177225.0,10832664498.0,0.004531079496559887
2018-05-31,139.6,142.04,138.69,141.93,66538831.0,4096852001.0,10832664498.0,0.0061424251634752325
2018-06-01,141.43,142.07,139.99,140.81,40800764.0,2516195954.0,10832664498.0,0.003766456905180892
2018-06-04,141.86,145.54,141.4,145.13,85889740.0,5418564799.0,10832664498.0,0.00792877320403097
2018-06-05,145.26,148.49,144.4,147.53,88517255.0,5683935967.0,10832664498.0,0.008171328025191093
2018-06-06,147.18,147.23,145.54,145.77,49022028.0,3140622782.0,10832664498.0,0.00452538966835452
2018-06-07,147.3,150.26,146.72,147.23,74626679.0,4763077383.0,10832664498.0,0.006889041843193619
2018-06-08,146.61,147.23,144.23,145.26,57939137.0,3617103478.0,10832664498.0,0.00534855824351406
2018-06-11,144.93,147.14,144.0,146.75,51280313.0,3204236377.0,10832664498.0,0.004733859615929923
2018-06-12,147.14,149.59,146.26,148.77,76355925.0,4866437060.0,10832664498.0,0.00704867440638426
2018-06-13,148.54,148.79,147.49,148.42,45905326.0,2922589416.0,10832664498.0,0.004237676336092136
2018-06-14,148.03,152.15,147.72,150.03,79848471.0,5164445267.0,10832664498.0,0.007371083173003481
2018-06-15,149.24,151.7,149.05,150.47,66658272.0,4315505697.0,10832664498.0,0.006153451167282703
2018-06-19,148.54,149.47,143.88,144.56,127826360.0,8087342652.0,10832664498.0,0.011800084828954147
2018-06-20,144.11,145.6,141.51,144.0,74319522.0,4589333023.0,10832664498.0,0.006860687138766402
2018-06-21,144.02,145.65,142.02,142.23,60549396.0,3743256874.0,10832664498.0,0.005589520104788534
2018-06-22,141.09,143.18,141.09,142.18,46537639.0,2837582693.0,10832664498.0,0.004296047293682186
2018-06-25,142.67,142.83,138.76,139.2,60749672.0,3673033330.0,10832664498.0,0.005608008261606922
2018-06-26,137.6,138.78,134.57,137.92,71792764.0,4222114929.0,10832664498.0,0.0066274335380048805
2018-06-27,137.6,138.41,133.73,133.87,69708410.0,4051818403.0,10832664498.0,0.006435019750945859
2018-06-28,132.96,134.92,131.61,132.31,73599124.0,4196752214.0,10832664498.0,0.006794184756076252
2018-06-29,132.99,136.5,132.94,136.38,64511204.0,3729377800.0,10832664498.0,0.005955248038182157
2018-07-02,135.69,135.69,127.23,128.56,90018916.0,5082587156.0,10832664498.0,0.008309951445151828
2018-07-03,129.45,131.68,126.49,131.17,94916701.0,5276896813.0,10832664498.0,0.008762082589885818
2018-07-04,130.91,132.43,128.91,129.26,51949368.0,2909529851.0,10832664498.0,0.0047956223521545644
2018-07-05,129.68,131.01,128.47,129.28,54843432.0,3054478672.0,10832664498.0,0.005062783215535343
2018-07-06,130.33,134.22,129.31,132.57,82431119.0,4674671786.0,10832664498.0,0.00760949616922217
2018-07-09,134.1,137.15,133.17,137.08,69604304.0,4054246964.0,10832664498.0,0.00642540937299875
2018-07-10,137.36,137.48,133.99,135.45,55562743.0,3233279752.0,10832664498.0,0.005129185253568812
2018-07-11,132.12,133.89,131.68,132.92,47378185.0,2701645194.0,10832664498.0,0.004373640945747676
2018-07-12,133.26,137.11,133.26,135.92,64770763.0,3777942008.0,10832664498.0,0.005979208809795449
2018-07-13,136.83,137.18,135.69,136.29,39378546.0,2307228865.0,10832664498.0,0.00363516713798995
2018-07-16,135.73,136.85,133.59,134.38,43194208.0,2494024299.0,10832664498.0,0.0039874038384531164
2018-07-17,134.8,135.64,133.68,135.08,37994302.0,2195501138.0,10832664498.0,0.003507382879532064
2018-07-18,135.69,137.62,134.45,134.59,46448505.0,2717273919.0,10832664498.0,0.004287819031834286
2018-07-19,135.87,138.06,135.85,136.69,70369903.0,4143173505.0,10832664498.0,0.006496084413303132
2018-07-20,136.43,143.44,135.57,141.65,106935078.0,6433573521.0,10832664498.0,0.00987153973242161
2018-07-23,140.51,143.42,140.27,142.21,80457337.0,4898411219.0,10832664498.0,0.007427289658500416
2018-07-24,142.16,146.68,142.09,143.74,83684707.0,5207884860.0,10832664498.0,0.007725219129185662
2018-07-25,144.88,144.91,142.95,144.72,40900624.0,2529701219.0,10832664498.0,0.0037756753204672175
2018-07-26,145.0,145.46,141.27,141.55,48259331.0,2960086715.0,10832664498.0,0.004454982521512594
2018-07-27,141.97,142.79,141.02,141.72,33417159.0,2037644574.0,10832664498.0,0.003084851285311172
2018-07-30,141.79,144.16,141.44,143.32,37637018.0,2303730924.0,10832664498.0,0.0034744007817235365
2018-07-31,143.42,144.09,141.6,143.42,26069859.0,1600697232.0,10832664498.0,0.0024065971031239078
2018-08-01,143.88,145.3,138.81,138.99,56343432.0,3440050571.0,10832664498.0,0.005201253302952612
2018-08-02,138.32,138.5,134.57,135.64,64680428.0,3782255927.0,10832664498.0,0.005970869679564224
2018-08-03,136.04,136.8,134.52,134.62,36208330.0,2109021439.0,10832664498.0,0.003342513746888868
2018-08-06,134.59,137.04,133.54,134.64,41978566.0,2438442832.0,10832664498.0,0.003875183802447714
2018-08-07,135.29,138.76,134.94,138.67,56186121.0,3306492624.0,10832664498.0,0.005186731391004814
2018-08-08,138.64,138.99,135.48,135.92,41210911.0,2426952929.0,10832664498.0,0.003804318965810179
2018-08-09,135.92,142.0,135.45,141.13,63543307.0,3820214646.0,10832664498.0,0.005865898183381549
2018-08-10,140.99,141.93,139.29,140.72,34904151.0,2108590693.0,10832664498.0,0.0032221205601303577
2018-08-13,139.23,139.34,136.57,138.64,45464948.0,2692879775.0,10832664498.0,0.004197023549321042
2018-08-14,138.67,139.04,136.38,137.48,30874067.0,1824184784.0,10832664498.0,0.002850089837611068
2018-08-15,137.43,137.48,131.94,132.78,61374792.0,3531927672.0,10832664498.0,0.00566571520897111
2018-08-16,131.26,134.92,130.1,132.66,47507498.0,2710351662.0,10832664498.0,0.004385578267357136
2018-08-17,134.34,134.62,131.45,131.73,35136005.0,2009697401.0,10832664498.0,0.003243523789229053
2018-08-20,132.57,134.62,132.15,134.59,46214266.0,2653996237.0,10832664498.0,0.004266195635296597
2018-08-21,134.71,138.88,134.71,138.34,63665064.0,3768112543.0,10832664498.0,0.005877137985003992
2018-08-22,142.67,143.18,140.55,141.86,104185714.0,6355540682.0,10832664498.0,0.009617736616807017
2018-08-23,142.04,145.23,142.04,144.65,75611130.0,4682981908.0,10832664498.0,0.006979919853878964
2018-08-24,143.65,147.44,143.18,145.44,57263151.0,3574475333.0,10832664498.0,0.00528615568317216
2018-08-27,146.86,148.26,146.02,147.77,58579343.0,3706028568.0,10832664498.0,0.0054076578307041
2018-08-28,148.54,148.63,145.74,146.44,42494421.0,2683512093.0,10832664498.0,0.003922804127077471
2018-08-29,145.93,147.37,145.86,146.7,27892679.0,1757300920.0,10832664498.0,0.0025748677996212045
2018-08-30,147.84,149.12,146.72,147.05,45849633.0,2916938041.0,10832664498.0,0.004232535126373116
2018-08-31,145.28,147.68,144.81,146.63,52111400.0,3273908661.0,10832664498.0,0.004810580075624161
2018-09-03,145.74,146.68,144.6,146.05,32379059.0,2027395425.0,10832664498.0,0.002989020753479261
2018-09-04,146.33,151.17,145.6,150.87,65837878.0,4208358192.0,10832664498.0,0.006077717814684969
2018-09-05,149.96,150.49,146.21,146.21,50743718.0,3235414305.0,10832664498.0,0.004684324711558144
2018-09-06,146.02,147.01,143.46,144.19,45742629.0,2827435706.0,10832664498.0,0.004222657224217118
2018-09-07,145.5,149.31,144.85,147.62,49471165.0,3105514558.0,10832664498.0,0.00456685102812274
2018-09-10,147.2,147.83,144.85,145.86,32339001.0,2008532822.0,10832664498.0,0.002985322863638087
2018-09-11,145.79,147.15,144.02,145.03,34707057.0,2147831325.0,10832664498.0,0.003203926144524078
2018-09-12,144.16,144.52,141.74,142.49,43546028.0,2644081431.0,10832664498.0,0.004019881535889879
2018-09-13,145.27,146.73,143.46,146.73,53884697.0,3328513240.0,10832664498.0,0.00497427913602868
2018-09-14,147.13,149.92,146.77,148.84,55837041.0,3529776705.0,10832664498.0,0.005154506632261067
2018-09-17,146.49,148.56,146.37,146.99,26959587.0,1686602295.0,10832664498.0,0.0024887309124156354
2018-09-18,146.14,151.19,146.02,150.77,63556933.0,4033820471.0,10832664498.0,0.005867156045655648
2018-09-19,150.7,154.72,150.04,153.19,83470507.0,5411874454.0,10832664498.0,0.0077054456007024765
2018-09-20,153.31,154.16,151.92,152.37,41892378.0,2721332741.0,10832664498.0,0.0038672274958515013
2018-09-21,153.5,158.72,152.77,158.7,81043109.0,5386807332.0,10832664498.0,0.007481364258531475
2018-09-25,157.31,159.26,156.32,157.99,57810389.0,3878568209.0,10832664498.0,0.005336673078970861
2018-09-26,158.08,162.25,157.14,159.8,90852551.0,6186718195.0,10832664498.0,0.008386907119367891
2018-09-27,159.26,159.31,157.21,158.01,62357433.0,4190581061.0,10832664498.0,0.005756426132417639
2018-09-28,158.72,162.48,158.58,161.07,73952387.0,5052835863.0,10832664498.0,0.00682679566173711
2018-10-08,157.07,157.17,152.16,152.32,112844471.0,7402497487.0,10832664498.0,0.01041705584261694
2018-10-09,151.97,153.73,151.27,152.84,48631908.0,3155728031.0,10832664498.0,0.004489376368019037
2018-10-10,153.05,154.2,150.96,152.02,58279902.0,3780647727.0,10832664498.0,0.005380015416406557
2018-10-11,146.02,148.61,144.33,145.43,114532745.0,7141404125.0,10832664498.0,0.010572906141526475
2018-10-12,146.96,151.08,146.49,150.18,77461671.0,4901391148.0,10832664498.0,0.007150749569905124
2018-10-15,150.25,151.52,148.35,148.61,53974326.0,3437483874.0,10832664498.0,0.004982553093005429
2018-10-16,148.96,153.26,148.91,150.49,58403499.0,3761333740.0,10832664498.0,0.005391425074669566
2018-10-17,153.24,153.59,146.75,150.87,76140192.0,4861851849.0,10832664498.0,0.0070287593614717335
2018-10-18,149.29,149.36,146.37,146.84,60301984.0,3788520129.0,10832664498.0,0.005566680663943147
2018-10-19,145.76,155.43,145.5,154.3,113881516.0,7314843218.0,10832664498.0,0.0105127889838207
2018-10-22,155.22,163.23,154.3,159.73,161688174.0,10961620260.0,10832664498.0,0.014925983725412336
2018-10-23,159.89,160.65,152.56,154.04,117213446.0,7814653832.0,10832664498.0,0.010820370742732847
2018-10-24,154.67,159.54,154.16,155.78,81063205.0,5398315014.0,10832664498.0,0.0074832193884493
2018-10-25,150.96,156.74,150.96,156.74,73620253.0,4816111122.0,10832664498.0,0.006796135245727611
2018-10-26,155.9,157.0,151.38,154.11,79741104.0,5212551961.0,10832664498.0,0.007361171761086327
2018-10-29,154.89,155.17,145.55,145.79,121641942.0,7666491234.0,10832664498.0,0.011229180228230863
2018-10-30,141.08,151.97,139.91,147.67,126920829.0,7969650420.0,10832664498.0,0.011716492191134784
2018-10-31,148.16,150.37,146.16,149.62,78283525.0,4948893033.0,10832664498.0,0.007226617700054611
2018-11-01,151.01,154.02,150.68,151.19,68987109.0,4463737106.0,10832664498.0,0.0063684340092630826
2018-11-02,157.36,158.37,154.13,158.37,117394937.0,7821171766.0,10832664498.0,0.010837124792489812
2018-11-05,156.37,157.66,154.49,156.56,54713186.0,3634382539.0,10832664498.0,0.005050759765531511
2018-11-06,155.66,157.07,154.72,157.07,38508185.0,2553280683.0,10832664498.0,0.003554821162153563
2018-11-07,157.28,158.34,154.96,155.47,51065843.0,3393066441.0,10832664498.0,0.0047140611628310024
2018-11-08,157.38,157.94,155.19,155.9,50494617.0,3364558944.0,10832664498.0,0.004661329353394325
2018-11-09,154.6,155.14,151.38,151.95,54468970.0,3544347557.0,10832664498.0,0.0050282153582857135
2018-11-12,151.43,153.17,149.9,152.04,45851164.0,2956910272.0,10832664498.0,0.004232676458175673
2018-11-13,149.97,154.18,149.31,152.86,52099795.0,3362080743.0,10832664498.0,0.004809508778714509
2018-11-14,152.96,153.05,149.55,150.37,57381407.0,3680152361.0,10832664498.0,0.0052970722956105715
2018-11-15,150.49,153.17,149.95,153.08,50057986.0,3231462676.0,10832664498.0,0.004621022464901599
2018-11-16,152.84,156.11,152.11,153.43,61987908.0,4063786057.0,10832664498.0,0.005722314026382395
2018-11-19,153.43,155.66,152.37,154.53,50762891.0,3324370817.0,10832664498.0,0.004686094636215512
2018-11-20,152.84,153.88,150.28,150.72,59176258.0,3810974173.0,10832664498.0,0.005462761078857886
2018-11-21,149.38,150.82,149.38,150.51,38524931.0,2459066015.0,10832664498.0,0.003556367042209489
2018-11-22,150.91,150.96,147.71,148.47,44368353.0,2803339519.0,10832664498.0,0.004095793145646815
2018-11-23,148.49,149.53,147.01,147.29,37233517.0,2339115029.0,10832664498.0,0.0034371522358948997
2018-11-26,148.14,150.18,147.67,148.61,36998907.0,2340406531.0,10832664498.0,0.003415494591088923
2018-11-27,148.87,150.21,147.93,148.4,37559684.0,2377828917.0,10832664498.0,0.0034672618178966516
2018-11-28,148.42,150.4,148.16,149.95,41169032.0,2616356268.0,10832664498.0,0.0038004529732828802
2018-11-29,151.19,151.38,148.14,148.26,38665389.0,2460470881.0,10832664498.0,0.003569333196568459
2018-11-30,148.28,149.67,147.9,149.29,34917109.0,2212885743.0,10832664498.0,0.0032233167570588596
2018-12-03,153.31,155.31,152.3,152.82,112194302.0,7325910545.0,10832664498.0,0.010357036537106274
2018-12-04,152.72,153.03,150.87,152.58,56247314.0,3640115194.0,10832664498.0,0.0051923803243776965
2018-12-05,150.61,151.9,150.44,151.08,45020712.0,2892938998.0,10832664498.0,0.00415601461748511
2018-12-06,149.69,150.21,147.88,148.14,58586513.0,3710782048.0,10832664498.0,0.005408319717721955
2018-12-07,148.89,149.38,148.09,148.14,27029717.0,1709048611.0,10832664498.0,0.0024952048505693506
2018-12-10,146.96,147.39,145.36,146.21,49465059.0,3075386868.0,10832664498.0,0.00456628736255356
2018-12-11,146.21,147.13,145.36,146.19,41994888.0,2605529172.0,10832664498.0,0.0038766905416255976
2018-12-12,147.67,147.74,145.88,146.87,38739232.0,2415069230.0,10832664498.0,0.003576149894345228
2018-12-13,147.43,149.31,146.73,148.61,78275417.0,4938706633.0,10832664498.0,0.0072258692230754255
2018-12-14,147.9,148.0,145.15,145.65,75075554.0,4664205074.0,10832664498.0,0.0069304790168532365
2018-12-17,145.48,146.4,143.51,144.07,71213138.0,4372511195.0,10832664498.0,0.006573926296078666
2018-12-18,143.2,145.03,142.19,143.08,53230206.0,3244689448.0,10832664498.0,0.00491386085203947
2018-12-19,143.43,144.05,140.8,141.37,51553816.0,3118190766.0,10832664498.0,0.004759107605475847
2018-12-20,140.97,141.51,137.74,138.73,80695579.0,4779472466.0,10832664498.0,0.007449282585544726
2018-12-21,138.14,138.38,135.09,137.18,73912789.0,4287044788.0,10832664498.0,0.006823140236056077
2018-12-24,136.38,137.09,135.79,136.97,35874842.0,2084472986.0,10832664498.0,0.003311728338547128
2018-12-25,135.3,138.21,133.75,136.87,66463319.0,3837466568.0,10832664498.0,0.006135454394647864
2018-12-26,136.78,136.97,134.5,134.73,39782133.0,2293584057.0,10832664498.0,0.0036724236227702657
2018-12-27,137.04,137.27,133.79,133.79,75189050.0,4329636520.0,10832664498.0,0.006940956217547577
2018-12-28,134.03,134.57,131.91,131.91,91498805.0,5177718206.0,10832664498.0,0.008446565017950398
2019-01-02,131.77,132.1,129.19,129.75,82554243.0,4573024812.0,10832664498.0,0.007620862163250946
2019-01-03,129.68,132.45,129.47,130.93,69271124.0,3864646451.0,10832664498.0,0.006394652397181627
2019-01-04,129.99,134.03,129.87,133.07,112985585.0,6376773583.0,10832664498.0,0.010430082554560807
2019-01-07,134.24,134.43,131.44,132.38,76593007.0,4326151604.0,10832664498.0,0.007070560249894301
2019-01-08,131.8,131.89,129.8,131.21,55992092.0,3116381576.0,10832664498.0,0.005168819915943823
2019-01-09,132.15,135.44,131.58,133.91,81914613.0,4673997766.0,10832664498.0,0.0075618157485744745
2019-01-10,133.72,135.96,132.97,135.21,67328223.0,3858446844.0,10832664498.0,0.006215296616306228
2019-01-11,136.38,137.06,135.21,136.55,45756973.0,2650921529.0,10832664498.0,0.004223981367506393
2019-01-14,135.77,136.26,133.79,134.31,47532651.0,2723611890.0,10832664498.0,0.004387900226096341
2019-01-15,134.64,138.0,134.17,137.77,58626487.0,3413728308.0,10832664498.0,0.005412009853238233
2019-01-16,137.37,138.64,136.4,138.12,40411183.0,2368178488.0,10832664498.0,0.0037304933617634873
2019-01-17,138.85,140.61,137.7,138.1,53505039.0,3168128862.0,10832664498.0,0.004939231618396237
2019-01-18,139.27,141.13,138.0,140.9,56175665.0,3350801454.0,10832664498.0,0.005185766162182123
2019-01-21,140.92,143.69,140.73,142.94,55984277.0,3395168935.0,10832664498.0,0.005168098486788379
2019-01-22,142.49,142.59,140.47,141.25,41950761.0,2524729521.0,10832664498.0,0.0038726170285939563
2019-01-23,140.66,142.02,139.79,139.88,37493263.0,2243882420.0,10832664498.0,0.0034611302701124235
2019-01-24,140.17,142.31,139.25,142.09,44940618.0,2694967118.0,10832664498.0,0.0041486208686973775
2019-01-25,142.26,145.27,142.09,144.12,67245911.0,4129885331.0,10832664498.0,0.0062076981164159006
2019-01-28,145.32,146.75,143.91,144.66,58164884.0,3603129774.0,10832664498.0,0.0053693977147301845
2019-01-29,144.33,145.55,143.39,144.96,39519294.0,2428493652.0,10832664498.0,0.003648160063232487
2019-01-30,143.15,145.46,142.92,144.02,31000323.0,1904411131.0,10832664498.0,0.002861744957182371
2019-01-31,145.32,148.58,144.73,148.09,69226532.0,4336690723.0,10832664498.0,0.0063905359584228855
2019-02-01,149.31,149.97,147.79,148.63,43792470.0,2771783993.0,10832664498.0,0.0040426314327454025
2019-02-11,147.86,151.69,147.86,151.41,54181551.0,3456061479.0,10832664498.0,0.005001682735582124
2019-02-12,151.43,151.48,149.76,151.12,38519306.0,2468628211.0,10832664498.0,0.003555847779381674
2019-02-13,152.04,153.78,150.56,152.89,57865813.0,3743367744.0,10832664498.0,0.005341789456387538
2019-02-14,152.56,153.78,152.32,153.08,39620277.0,2577578444.0,10832664498.0,0.0036574821464575927
2019-02-15,152.37,152.86,148.66,148.73,53401148.0,3418044695.0,10832664498.0,0.004929641087828326
2019-02-18,150.25,153.83,149.97,153.52,72136106.0,4677674823.0,10832664498.0,0.00665912860250756
2019-02-19,154.2,158.18,153.5,154.44,78595146.0,5198252133.0,10832664498.0,0.007255384491461982
2019-02-20,155.9,156.09,153.29,154.91,39350882.0,2592496357.0,10832664498.0,0.0036326133803244094
2019-02-21,154.72,156.79,153.05,153.76,54369401.0,3588406874.0,10832664498.0,0.005019023806196347
2019-02-22,153.69,157.71,152.37,157.59,76221888.0,5022163621.0,10832664498.0,0.007036300996312828
2019-02-25,160.41,171.65,160.22,171.65,222238240.0,15601216189.0,10832664498.0,0.02051556568017325
2019-02-26,168.62,170.71,164.41,164.62,155563881.0,11039492176.0,10832664498.0,0.014360629467359694
2019-02-27,165.3,167.96,162.22,164.55,101766358.0,7169557279.0,10832664498.0,0.009394397658931354
2019-02-28,164.55,166.83,163.21,164.62,59888970.0,4212441293.0,10832664498.0,0.0055285539408201105
2019-03-01,166.22,170.71,165.19,170.22,92075183.0,6586194402.0,10832664498.0,0.008499772425980658
2019-03-04,171.65,176.59,169.79,170.66,126327504.0,9279004181.0,10832664498.0,0.011661720348056882
2019-03-05,170.43,171.04,168.29,169.46,65968035.0,4759711070.0,10832664498.0,0.006089733048796948
2019-03-06,170.22,170.43,167.21,169.68,78465361.0,5640683407.0,10832664498.0,0.007243403597931682
2019-03-07,169.65,169.65,164.6,165.28,101347308.0,7171432249.0,10832664498.0,0.00935571373217655
2019-03-08,161.45,165.07,160.48,161.54,91325604.0,6295287173.0,10832664498.0,0.008430576246209891
2019-03-11,161.78,163.87,160.41,161.75,75185765.0,5173828938.0,10832664498.0,0.006940652968056133
2019-03-12,163.66,166.76,162.15,162.83,96921901.0,6776280865.0,10832664498.0,0.008947189402745222
2019-03-13,167.84,169.54,165.23,168.22,140546408.0,10026174511.0,10832664498.0,0.012974315601295382
2019-03-14,168.76,172.12,168.59,171.18,105597033.0,7670039178.0,10832664498.0,0.009748020260342785
2019-03-15,171.89,177.53,171.84,173.65,125524638.0,9342867722.0,10832664498.0,0.011587605064587314
2019-03-18,175.01,177.15,172.71,176.35,115639210.0,8622875430.0,10832664498.0,0.010675047678375906
2019-03-19,178.07,180.7,176.26,177.18,101209656.0,7669753047.0,10832664498.0,0.009343006609194442
2019-03-20,176.5,182.19,175.77,180.0,107843910.0,8223832015.0,10832664498.0,0.009955437096746685
2019-03-21,181.06,181.65,177.77,178.24,84625878.0,6432258633.0,10832664498.0,0.007812101816282061
2019-03-22,178.14,179.32,174.14,175.7,77200428.0,5793145970.0,10832664498.0,0.0071266333425403575
2019-03-25,172.62,173.98,169.72,169.98,99105240.0,7240888365.0,10832664498.0,0.009148740830872911
2019-03-26,171.63,172.19,169.65,170.92,63447472.0,4610495784.0,10832664498.0,0.00585705132949646
2019-03-27,172.12,175.48,170.95,174.52,75981776.0,5612313473.0,10832664498.0,0.007014135443226204
2019-03-28,172.59,173.86,171.37,172.59,48420875.0,3553347624.0,10832664498.0,0.004469895196047085
2019-03-29,174.24,181.29,174.24,181.29,142935526.0,10870048907.0,10832664498.0,0.013194863186835494
2019-04-01,183.41,186.3,182.23,184.82,116811347.0,9182647666.0,10832664498.0,0.010783251620279249
2019-04-02,184.68,185.76,183.53,185.67,77117540.0,6059549068.0,10832664498.0,0.007118981670136462
2019-04-03,184.54,188.46,184.28,187.78,76021980.0,6045909504.0,10832664498.0,0.0070178468108225535
2019-04-04,188.3,190.37,186.35,188.58,79562603.0,6378852748.0,10832664498.0,0.007344693728370281
2019-04-08,189.76,193.4,188.16,189.5,91612230.0,7448621190.0,10832664498.0,0.008457035664393932
2019-04-09,189.05,192.81,188.98,190.7,60173789.0,4887104136.0,10832664498.0,0.005554846548705509
2019-04-10,189.99,193.07,187.31,192.88,78362038.0,6347140293.0,10832664498.0,0.007233865501370206
2019-04-11,194.34,196.62,188.49,189.78,75662885.0,6180144016.0,10832664498.0,0.006984697533461818
2019-04-12,188.93,190.84,187.88,189.15,52677940.0,4235942763.0,10832664498.0,0.004862879304507747
2019-04-15,193.36,197.23,191.87,192.01,98995302.0,8203396924.0,10832664498.0,0.009138592081225924
2019-04-16,190.98,200.17,190.23,199.89,103622277.0,8642148123.0,10832664498.0,0.0095657238363776
2019-04-17,199.68,200.69,197.05,198.65,63191560.0,5350101242.0,10832664498.0,0.005833427224822375
2019-04-18,199.14,199.92,197.23,198.22,39728704.0,3354513849.0,10832664498.0,0.003667491410569854
2019-04-19,200.5,204.57,197.99,204.57,78913196.0,6768190588.0,10832664498.0,0.007284744765664024
2019-04-22,205.09,207.13,198.69,199.77,93211520.0,8032960471.0,10832664498.0,0.008604671548464308
2019-04-23,199.28,205.46,198.69,202.36,67811637.0,5833032636.0,10832664498.0,0.0062599222021987155
2019-04-24,202.41,204.29,196.46,199.94,81285189.0,6916666438.0,10832664498.0,0.00750371148437279
2019-04-25,198.34,199.84,195.52,196.11,65576928.0,5505578220.0,10832664498.0,0.0060536286351439445
2019-04-26,195.17,198.53,194.7,195.42,64895907.0,5424636666.0,10832664498.0,0.00599076127687528
2019-04-29,197.23,204.88,195.87,203.23,94657603.0,8097224931.0,10832664498.0,0.008738164374746058
2019-04-30,203.4,205.7,198.76,202.45,91790202.0,7894165649.0,10832664498.0,0.008473464863325817
2019-05-06,194.7,196.58,187.31,190.93,180860945.0,14725465894.0,10832664498.0,0.016695887243013182
2019-05-07,192.3,193.47,187.85,190.86,97495129.0,7910860379.0,10832664498.0,0.009000106023591907
2019-05-08,185.13,189.4,184.3,185.24,86837572.0,6904377645.0,10832664498.0,0.008016270790628893
2019-05-09,184.02,184.02,178.96,180.26,112572186.0,8689046105.0,10832664498.0,0.010391920290782
2019-05-10,183.29,192.51,181.76,191.36,139209828.0,11083158281.0,10832664498.0,0.012850931368335266
2019-05-13,186.35,188.53,184.58,184.94,84235081.0,6668703693.0,10832664498.0,0.007776026019780457
2019-05-14,183.31,186.7,183.06,184.11,78278137.0,6165448232.0,10832664498.0,0.007226120315500608
2019-05-15,185.64,191.33,185.52,189.38,80330024.0,6430783480.0,10832664498.0,0.00741553696367418
2019-05-16,190.04,191.71,188.11,190.39,63083136.0,5101228351.0,10832664498.0,0.005823418237650288
2019-05-17,190.6,190.93,185.71,186.0,68580202.0,5464921484.0,10832664498.0,0.006330871044022617
2019-05-20,184.58,186.42,181.5,183.1,74500390.0,5810214619.0,10832664498.0,0.006877383677280393
2019-05-21,183.53,186.35,182.66,183.88,63019796.0,4945455898.0,10832664498.0,0.005817571107425615
2019-05-22,183.93,184.58,181.53,182.56,51673193.0,4013374792.0,10832664498.0,0.004770127701226255
2019-05-23,182.47,183.25,179.01,179.94,64567076.0,4884305938.0,10832664498.0,0.005960405771998275
2019-05-24,181.04,184.3,180.8,182.47,51235315.0,3923969868.0,10832664498.0,0.004729705697934189
2019-05-27,181.87,185.23,179.72,184.09,58973173.0,4515690456.0,10832664498.0,0.005444013613722462
2019-05-28,184.71,187.88,184.16,186.5,89383992.0,6978721843.0,10832664498.0,0.00825133945729628
2019-05-29,184.85,193.15,184.09,190.29,96827316.0,7677708159.0,10832664498.0,0.008938457940599649
2019-05-30,189.38,190.22,187.45,188.64,48847670.0,3863896327.0,10832664498.0,0.00450929409001992
2019-05-31,188.79,192.17,188.43,188.43,49666990.0,3960219553.0,10832664498.0,0.004584928298035064
2019-06-03,190.27,191.29,187.69,189.03,52130833.0,4135810656.0,10832664498.0,0.004812374001763347
2019-06-04,188.86,189.57,185.71,185.97,51212147.0,4016614538.0,10832664498.0,0.004727566981277334
2019-06-05,187.83,188.19,184.76,184.85,48717131.0,3810584967.0,10832664498.0,0.004497243592192344
2019-06-06,185.45,185.81,183.37,183.92,42252296.0,3268509624.0,10832664498.0,0.0039004527471335334
2019-06-10,185.54,189.34,184.83,188.67,64574804.0,5078787335.0,10832664498.0,0.005961119169888649
2019-06-11,189.05,195.37,188.74,194.87,94131765.0,7598394618.0,10832664498.0,0.008689622485527845
2019-06-12,193.44,194.2,191.6,192.06,47795293.0,3861456619.0,10832664498.0,0.004412145599895972
2019-06-13,192.72,193.2,190.34,191.98,46145583.0,3708068738.0,10832664498.0,0.004259855274620543
2019-06-14,192.03,193.32,190.03,190.22,40873298.0,3280402761.0,10832664498.0,0.0037731527647280414
2019-06-17,190.34,192.41,189.62,190.62,36388172.0,2914253957.0,10832664498.0,0.0033591155718630658
2019-06-18,191.1,193.63,190.46,193.13,46407362.0,3741319743.0,10832664498.0,0.004284020981963213
2019-06-19,200.38,201.72,199.16,199.26,111871582.0,9389806918.0,10832664498.0,0.010327245159365407
2019-06-20,200.16,211.09,200.16,211.09,153321332.0,13312984390.0,10832664498.0,0.014153612163314688
2019-06-21,209.78,211.23,208.06,209.82,85806014.0,7534703117.0,10832664498.0,0.007921044173004904
2019-06-24,209.66,211.18,208.04,210.4,59405200.0,5226583057.0,10832664498.0,0.0054838954913602085
2019-06-25,210.13,210.33,203.5,206.63,105193653.0,9119809214.0,10832664498.0,0.009710782884434532
2019-06-26,206.91,208.23,206.08,206.08,45763035.0,3973049206.0,10832664498.0,0.004224540971286343
2019-06-27,207.51,211.02,207.49,210.02,81454553.0,7159650023.0,10832664498.0,0.007519346049629682
2019-06-28,209.8,213.04,209.01,211.35,59553439.0,5265100136.0,10832664498.0,0.005497579936219308
2019-07-01,216.1,220.56,216.1,219.06,92609753.0,8488849611.0,10832664498.0,0.008549120395734423
2019-07-02,218.7,218.7,216.77,217.2,60649656.0,5535115699.0,10832664498.0,0.005598775445431505
2019-07-03,217.43,218.48,214.19,216.24,65098801.0,5908542213.0,10832664498.0,0.006009491110152906
2019-07-04,216.34,217.39,213.12,214.43,59366727.0,5341056830.0,10832664498.0,0.005480343918244739
2019-07-05,214.67,217.39,214.26,216.69,51052242.0,4623825137.0,10832664498.0,0.004712805608391694
2019-07-08,214.64,214.64,209.37,211.3,78776550.0,6981871334.0,10832664498.0,0.007272130509953877
2019-07-09,211.52,211.92,207.49,208.78,55703430.0,4890272738.0,10832664498.0,0.005142172547694461
2019-07-10,210.35,210.4,208.75,209.61,35616458.0,3128598068.0,10832664498.0,0.003287876035168979
2019-07-11,211.07,213.0,209.16,209.85,51486886.0,4553497823.0,10832664498.0,0.004752929070175289
2019-07-12,210.25,213.4,210.25,211.69,57671774.0,5130242055.0,10832664498.0,0.0053238770581926316
2019-07-15,210.13,211.73,206.6,210.09,59452589.0,5209370935.0,10832664498.0,0.0054882701306752865
2019-07-16,209.82,210.33,207.27,207.39,43086922.0,3758156348.0,10832664498.0,0.003977499903920684
2019-07-17,207.39,208.89,206.08,207.49,43834956.0,3808604487.0,10832664498.0,0.00404655345950141
2019-07-18,206.56,208.44,205.91,206.87,37781666.0,3283524659.0,10832664498.0,0.0034877537291933586
2019-07-19,208.25,211.57,208.25,210.73,60359099.0,5322866936.0,10832664498.0,0.005571953143305039
2019-07-22,210.66,212.23,209.13,209.13,42622726.0,3763713785.0,10832664498.0,0.003934648396788186
2019-07-23,209.68,210.37,207.75,208.7,38182988.0,3342183667.0,10832664498.0,0.0035248011241416737
2019-07-24,209.82,213.38,209.42,211.92,59457876.0,5285935227.0,10832664498.0,0.005488758191576737
2019-07-25,212.52,213.59,211.18,213.26,45606184.0,4065314394.0,10832664498.0,0.0042100615234986856
2019-07-26,211.85,215.07,211.85,214.91,46153438.0,4145210524.0,10832664498.0,0.004260580396311652
2019-07-29,214.29,214.86,212.4,213.35,36824643.0,3294553172.0,10832664498.0,0.003399407690213134
2019-07-30,215.5,216.81,213.9,214.62,46479947.0,4198043686.0,10832664498.0,0.004290721549493335
2019-07-31,213.26,213.47,209.61,210.11,59275484.0,5249081796.0,10832664498.0,0.00547192096745393
2019-08-01,208.7,210.71,207.54,208.73,42759682.0,3743916591.0,10832664498.0,0.003947291269649733
2019-08-02,205.36,206.29,203.93,205.2,72897093.0,6268998438.0,10832664498.0,0.00672937789344983
2019-08-05,202.88,204.79,201.74,201.81,68484703.0,5821899847.0,10832664498.0,0.006322055207437109
2019-08-06,198.21,202.45,195.94,201.57,101034081.0,8429945011.0,10832664498.0,0.009326798685462252
2019-08-07,202.29,202.62,198.81,199.09,53235572.0,4470107316.0,10832664498.0,0.004914356205698857
2019-08-08,200.33,201.67,198.92,201.57,56726429.0,4770686076.0,10832664498.0,0.005236609054999647
2019-08-09,202.98,203.41,200.4,201.19,44936180.0,3800362685.0,10832664498.0,0.004148211181865405
2019-08-12,201.45,206.96,201.45,206.32,59423858.0,5084372810.0,10832664498.0,0.0054856178746208965
2019-08-13,205.01,205.72,202.19,202.76,51501773.0,4401472137.0,10832664498.0,0.0047543033396362094
2019-08-14,206.03,206.49,202.76,202.84,53336342.0,4576817836.0,10832664498.0,0.0049236586261715495
2019-08-15,199.88,205.94,199.23,205.87,70227378.0,5987124720.0,10832664498.0,0.006482927447163701
2019-08-16,207.51,210.61,205.96,208.61,93231155.0,8148943124.0,10832664498.0,0.0086064841219086
2019-08-19,210.61,210.99,208.11,210.97,83735472.0,7360284611.0,10832664498.0,0.007729905418510821
2019-08-20,210.61,210.68,208.99,209.75,50439359.0,4435790961.0,10832664498.0,0.004656228300000656
2019-08-21,209.06,210.3,208.35,209.25,33532073.0,2943814928.0,10832664498.0,0.0030954593863948172
2019-08-22,209.56,210.09,208.47,209.85,36503738.0,3202804688.0,10832664498.0,0.003369783861278042
2019-08-23,209.78,215.29,209.47,214.4,88568977.0,7930036407.0,10832664498.0,0.008176102658432024
2019-08-26,210.61,211.33,207.87,208.7,99026844.0,8701773329.0,10832664498.0,0.009141503830224135
2019-08-27,210.02,211.8,208.87,209.13,76782700.0,6765874677.0,10832664498.0,0.007088071454089263
2019-08-28,208.97,209.71,207.15,207.27,51609230.0,4497895399.0,10832664498.0,0.0047642230597586075
2019-08-29,207.87,208.66,205.53,206.8,46433200.0,4028377004.0,10832664498.0,0.004286406175375672
2019-08-30,209.18,210.25,206.1,208.27,56465513.0,4932841956.0,10832664498.0,0.005212523014113937
2019-09-02,207.51,212.0,207.23,211.09,63580615.0,5619499370.0,10832664498.0,0.005869342211395791
2019-09-03,211.33,212.04,209.4,210.49,51275196.0,4525884596.0,10832664498.0,0.004733387248305048
2019-09-04,211.29,212.66,209.82,212.42,60595398.0,5325414023.0,10832664498.0,0.0055937667054294475
2019-09-05,213.62,217.25,212.44,214.65,100756554.0,9016307901.0,10832664498.0,0.009301179226828483
2019-09-06,216.39,218.19,214.77,218.19,68875243.0,6204699653.0,10832664498.0,0.00635810727939707
2019-09-09,219.8,220.19,216.46,217.47,70240149.0,6374337298.0,10832664498.0,0.006484106381487972
2019-09-10,217.69,217.83,213.86,215.16,48454825.0,4336398320.0,10832664498.0,0.0044730292356922954
2019-09-11,216.03,216.7,213.5,215.45,45586002.0,4081637789.0,10832664498.0,0.004208198454629181
2019-09-12,216.72,222.52,215.91,222.14,79304852.0,7231017511.0,10832664498.0,0.007320899859369023
2019-09-16,222.04,222.11,219.2,219.75,54841299.0,5026202112.0,10832664498.0,0.005062586311071036
2019-09-17,218.67,218.72,214.63,215.35,64033353.0,5773323708.0,10832664498.0,0.005911135991687204
2019-09-18,216.07,217.66,215.5,216.51,41977115.0,3778486404.0,10832664498.0,0.003875049855716486
2019-09-19,217.71,218.0,214.13,215.54,42158001.0,3773996564.0,10832664498.0,0.003891748055871526
2019-09-20,216.24,217.2,215.18,216.15,45692318.0,4105057124.0,10832664498.0,0.004218012845171751
2019-09-23,215.16,215.16,212.06,213.88,51366718.0,4548689259.0,10832664498.0,0.004741835954532116
2019-09-24,214.1,215.09,212.66,213.98,40535098.0,3607588863.0,10832664498.0,0.0037419323756850277
2019-09-25,212.63,214.51,212.06,213.57,38858400.0,3446057682.0,10832664498.0,0.0035871506965967884
2019-09-26,214.58,215.95,212.49,212.54,48637079.0,4330579276.0,10832664498.0,0.004489853720567059
2019-09-27,212.97,213.33,211.41,212.42,32955411.0,2904720762.0,10832664498.0,0.0030422257613613394
2019-09-30,211.55,212.15,209.31,209.39,46078453.0,4034487316.0,10832664498.0,0.004253658276641662
2019-10-08,209.63,213.43,209.53,211.7,40531309.0,3569131700.0,10832664498.0,0.0037415826002442118
2019-10-09,210.35,213.14,210.08,212.13,36058049.0,3172233255.0,10832664498.0,0.0033286407980840983
2019-10-10,212.15,213.26,210.52,212.9,34092732.0,3007521492.0,10832664498.0,0.003147215720222336
2019-10-11,213.84,217.16,212.9,216.27,60047559.0,5375760781.0,10832664498.0,0.0055431938292823885
2019-10-14,218.43,219.99,216.94,217.59,63044309.0,5727381883.0,10832664498.0,0.005819833985594188
2019-10-15,218.43,218.43,216.36,216.99,35087394.0,3166954955.0,10832664498.0,0.003239036342949426
2019-10-16,218.19,220.89,217.66,217.9,49907711.0,4545146043.0,10832664498.0,0.0046071500699771785
2019-10-17,219.39,221.73,217.95,220.64,61942504.0,5676854079.0,10832664498.0,0.0057181226291496655
2019-10-18,222.04,222.4,215.74,215.91,59091288.0,5362644272.0,10832664498.0,0.005454917209972656
2019-10-21,215.23,217.59,213.93,216.68,36089979.0,3244118888.0,10832664498.0,0.003331588364678254
2019-10-22,218.41,218.41,215.5,217.2,31078867.0,2799494104.0,10832664498.0,0.0028689956202131058
2019-10-23,216.99,218.02,214.61,215.3,31879766.0,2865170064.0,10832664498.0,0.002942929323241374
2019-10-24,216.15,216.6,213.98,216.03,36053744.0,3227250654.0,10832664498.0,0.003328243388933211
2019-10-25,211.7,212.83,209.53,211.7,112919539.0,9913999269.0,10832664498.0,0.010423985624298433
2019-10-28,212.63,213.79,211.38,213.24,65103168.0,5752480357.0,10832664498.0,0.006009894242734074
2019-10-29,213.31,214.2,211.6,212.18,43155769.0,3820534875.0,10832664498.0,0.003983855403992961
2019-10-30,211.7,212.59,210.9,211.58,43651663.0,3841077900.0,10832664498.0,0.00402963306101276
2019-10-31,211.21,213.4,211.21,211.98,37368766.0,3300159121.0,10832664498.0,0.003449637529796965
2019-11-01,211.98,216.65,211.72,216.6,65094033.0,5816594688.0,10832664498.0,0.006009050959901703
2019-11-04,217.35,218.05,216.29,217.2,50570567.0,4563537529.0,10832664498.0,0.00466834055548722
2019-11-05,217.23,219.54,215.69,216.65,65484954.0,5916481105.0,10832664498.0,0.006045138203263867
2019-11-06,216.6,217.47,215.71,216.51,38630541.0,3474136442.0,10832664498.0,0.003566116259497581
2019-11-07,216.51,216.75,214.77,215.95,31983102.0,2868909390.0,10832664498.0,0.002952468619876941
2019-11-08,217.69,217.83,214.51,214.51,43627487.0,3913709229.0,10832664498.0,0.004027401292457161
2019-11-11,212.9,213.11,211.45,212.2,44256217.0,3907738378.0,10832664498.0,0.0040854414911650665
2019-11-12,212.63,213.02,211.33,212.22,39545362.0,3484083834.0,10832664498.0,0.0036505664887250162
2019-11-13,211.62,212.51,210.56,211.7,38087162.0,3347570705.0,10832664498.0,0.003515955101077109
2019-11-14,212.85,212.87,211.21,211.77,32350997.0,2851209745.0,10832664498.0,0.0029864302550838585
2019-11-15,211.24,212.3,210.97,211.45,36402686.0,3201969893.0,10832664498.0,0.0033604554084289153
2019-11-18,211.41,214.05,210.93,213.4,34481063.0,3049046341.0,10832664498.0,0.0031830638719002264
2019-11-19,212.42,214.34,212.22,213.84,30202126.0,2680997207.0,10832664498.0,0.0027880606849382365
2019-11-20,213.09,213.62,211.53,211.82,33229090.0,2931878778.0,10832664498.0,0.0030674899980641865
2019-11-21,211.02,211.09,206.91,207.7,75738164.0,6568187721.0,10832664498.0,0.006991646793268941
2019-11-22,207.89,209.17,203.71,204.21,74746383.0,6400035302.0,10832664498.0,0.006900092125423083
2019-11-25,204.72,205.85,202.75,205.68,54652722.0,4642913865.0,10832664498.0,0.005045178128621112
2019-11-26,206.88,206.93,204.41,205.44,50928255.0,4348204545.0,10832664498.0,0.004701359947905958
2019-11-27,205.34,205.34,203.28,204.26,39425692.0,3344756236.0,10832664498.0,0.0036395193451508666
2019-11-28,204.48,204.86,202.63,203.04,35809513.0,3029939624.0,10832664498.0,0.00330569759698654
2019-11-29,203.01,203.85,198.92,201.16,57094415.0,4773939408.0,10832664498.0,0.005270579090725201
2019-12-02,201.33,202.02,199.69,200.37,38600756.0,3225038202.0,10832664498.0,0.003563366705128432
2019-12-03,200.1,202.75,199.16,202.72,39427024.0,3297499810.0,10832664498.0,0.003639642306588493
2019-12-04,201.11,202.39,200.56,202.24,26202447.0,2197127278.0,10832664498.0,0.002418836751090895
2019-12-05,203.3,204.48,202.27,203.68,34253468.0,2897557384.0,10832664498.0,0.0031620538055364042
2019-12-06,204.24,204.36,202.87,203.85,27211003.0,2301323965.0,10832664498.0,0.0025119399760810354
2019-12-09,203.9,204.21,200.49,201.23,46046040.0,3862862587.0,10832664498.0,0.004250666122679358
2019-12-10,200.89,201.78,200.39,201.09,29554057.0,2467176771.0,10832664498.0,0.0027282352375499557
2019-12-11,201.59,202.53,200.63,202.17,36793322.0,3082011941.0,10832664498.0,0.00339651634247447
2019-12-12,203.11,203.61,202.07,202.17,36646647.0,3086211341.0,10832664498.0,0.0033829762757598514
2019-12-13,204.91,208.74,204.67,208.74,77473290.0,6646262465.0,10832664498.0,0.007151822159202258
2019-12-16,205.92,206.52,204.24,206.02,77967327.0,6661554489.0,10832664498.0,0.007197428390253834
2019-12-17,206.11,208.9,205.08,207.2,75824561.0,6525266421.0,10832664498.0,0.006999622393364001
2019-12-18,207.1,207.97,206.43,206.84,45375271.0,3907877181.0,10832664498.0,0.004188745161301496
2019-12-19,207.17,207.32,205.15,206.16,33082215.0,2836413146.0,10832664498.0,0.0030539314686712457
2019-12-20,206.33,207.63,205.68,205.75,35830917.0,3075038037.0,10832664498.0,0.0033076734728205923
2019-12-23,206.76,206.81,202.67,202.77,45718175.0,3886531049.0,10832664498.0,0.00422039979253865
2019-12-24,202.63,203.52,202.19,203.18,29220445.0,2463248181.0,10832664498.0,0.0026974383823476556
2019-12-25,203.04,203.3,201.62,201.9,31623037.0,2658560274.0,10832664498.0,0.002919229798526342
2019-12-26,202.07,203.11,201.83,203.11,28652808.0,2411801765.0,10832664498.0,0.002645037885673472
2019-12-27,203.13,206.07,203.08,203.81,49282919.0,4188069162.0,10832664498.0,0.0045494734014054385
2019-12-30,203.9,206.93,201.88,206.62,67618763.0,5768577656.0,10832664498.0,0.006242117349105037
2019-12-31,206.28,206.67,204.5,205.59,43203635.0,3687624713.0,10832664498.0,0.003988274076795838
2020-01-02,206.64,208.78,206.6,207.17,77825207.0,6712531637.0,10832664498.0,0.007184308811038006
2020-01-03,208.83,209.0,206.64,207.37,59498001.0,5137311989.0,10832664498.0,0.005492462266415149
2020-01-06,206.69,208.98,205.68,205.92,63644804.0,5487967678.0,10832664498.0,0.005875267715689943
2020-01-07,206.91,207.99,206.09,207.25,45218832.0,3886450097.0,10832664498.0,0.004174303746631183
2020-01-08,206.84,206.84,203.28,204.48,62805311.0,5347387392.0,10832664498.0,0.005797771269625819
2020-01-09,205.87,205.95,203.73,204.57,59871202.0,5090240023.0,10832664498.0,0.0055269137164779564
2020-01-10,205.32,205.42,203.54,203.95,52586461.0,4460689400.0,10832664498.0,0.0048544345677565175
2020-01-13,204.5,208.01,203.95,207.97,81058866.0,6944781684.0,10832664498.0,0.007482818840643097
2020-01-14,209.77,211.26,208.52,208.88,71668182.0,6246205825.0,10832664498.0,0.006615932951051135
2020-01-15,208.83,209.58,206.11,206.43,52621657.0,4530511031.0,10832664498.0,0.004857683629887676
2020-01-16,207.63,207.77,205.8,205.8,49857909.0,4283072147.0,10832664498.0,0.0046025526784481425
2020-01-17,207.25,209.05,206.52,207.49,55537018.0,4786520184.0,10832664498.0,0.005126810491569606
2020-01-20,212.42,213.38,210.13,210.73,93605062.0,8248578935.0,10832664498.0,0.008641000745225886
2020-01-21,209.29,209.99,205.92,205.92,72757941.0,6273908588.0,10832664498.0,0.006716532300380305
2020-01-22,204.48,205.63,201.66,205.01,73657688.0,6235779993.0,10832664498.0,0.006799590997542588
2020-01-23,202.1,203.42,198.42,200.85,108002062.0,9019354016.0,10832664498.0,0.009970036644256828
2020-02-03,184.05,190.65,183.79,186.94,203149868.0,15779335422.0,10832664498.0,0.018753453320511024
2020-02-04,188.36,194.78,188.12,193.48,121348050.0,9661568316.0,10832664498.0,0.011202050060943372
2020-02-05,193.8,195.65,191.87,193.36,75319694.0,6062969630.0,10832664498.0,0.006953016408281271
2020-02-06,195.29,197.19,193.36,196.11,67218969.0,5451123737.0,10832664498.0,0.006205211009019104
2020-02-07,193.89,195.34,193.46,194.93,49163056.0,3968082289.0,10832664498.0,0.004538408441346708
2020-02-10,193.29,193.99,192.21,193.17,59360447.0,4759660453.0,10832664498.0,0.005479764190145419
2020-02-11,194.59,196.92,193.65,195.17,58432220.0,4748597561.0,10832664498.0,0.005394076407590039
2020-02-12,195.1,195.96,193.77,195.34,44433902.0,3595991660.0,10832664498.0,0.004101844196153558
2020-02-13,195.34,195.34,193.32,193.53,56260392.0,4532120660.0,10832664498.0,0.005193587598913192
2020-02-14,193.34,195.48,192.96,194.86,42876535.0,3460459250.0,10832664498.0,0.003958078366399712
2020-02-17,194.86,198.44,194.13,198.2,67811881.0,5545284407.0,10832664498.0,0.006259944726666269
2020-02-18,196.8,197.53,195.91,196.18,51320023.0,4192774607.0,10832664498.0,0.004737525380710817
2020-02-19,194.93,197.84,194.88,196.54,46047417.0,3760231172.0,10832664498.0,0.004250793238219607
2020-02-20,197.26,201.13,195.7,200.34,83304258.0,6866907972.0,10832664498.0,0.007690098591660454
2020-02-21,198.46,200.22,197.26,198.18,109390584.0,9020541385.0,10832664498.0,0.010098215819404028
2020-02-24,194.86,195.58,193.65,194.18,103510293.0,8361285867.0,10832664498.0,0.009555386213531377
2020-02-25,191.97,193.22,191.27,192.91,86900094.0,6948570625.0,10832664498.0,0.008022042408499228
2020-02-26,191.13,194.28,190.31,192.04,84416650.0,6737173090.0,10832664498.0,0.007792787269981967
2020-02-27,191.49,193.41,190.77,191.95,66679316.0,5318013519.0,10832664498.0,0.006155393810295776
2020-02-28,189.08,190.74,186.94,186.97,98392314.0,7697148541.0,10832664498.0,0.009082928213844882
2020-03-02,188.41,192.93,188.41,191.44,71232340.0,5669190141.0,10832664498.0,0.00657569889782439
2020-03-03,193.61,193.82,190.67,191.22,67823840.0,5418803178.0,10832664498.0,0.00626104870251655
2020-03-04,192.21,194.25,192.21,193.85,67757456.0,5443423591.0,10832664498.0,0.006254920570327812
2020-03-05,194.88,199.09,193.94,198.34,96064271.0,7866801864.0,10832664498.0,0.008868018668697441
2020-03-06,196.23,197.07,194.37,194.64,58418607.0,4739601763.0,10832664498.0,0.005392819745390032
2020-03-09,189.83,190.04,187.69,187.98,105508261.0,8277312802.0,10832664498.0,0.009739825415942647
2020-03-10,187.98,191.92,187.23,190.48,71700649.0,5645289830.0,10832664498.0,0.006618930089936585
2020-03-11,190.48,190.65,188.0,188.0,59140393.0,4645175644.0,10832664498.0,0.005459450259067739
2020-03-12,185.83,186.39,184.1,184.39,90129053.0,6925926414.0,10832664498.0,0.008320118565163745
2020-03-13,173.54,182.78,173.45,179.72,116615744.0,8615758935.0,10832664498.0,0.010765194843939863
2020-03-16,179.22,179.27,172.72,173.21,97917345.0,7135463717.0,10832664498.0,0.009039082214544553
2020-03-17,172.36,175.61,170.54,173.54,95092287.0,6841593561.0,10832664498.0,0.008778291529065318
2020-03-18,174.48,175.32,168.03,168.08,85218111.0,6077848896.0,10832664498.0,0.007866772853136321
2020-03-19,166.23,168.08,159.54,163.13,123676064.0,8385522982.0,10832664498.0,0.011416956929002455
2020-03-20,165.29,166.95,162.02,165.99,88726935.0,6081161074.0,10832664498.0,0.008190684297144195
2020-03-23,158.77,162.38,158.77,160.6,68407966.0,4566662467.0,10832664498.0,0.006314971354705017
2020-03-24,163.46,166.11,163.15,165.87,79163320.0,5419438569.0,10832664498.0,0.007307834560427461
2020-03-25,169.84,171.35,168.11,169.24,92818620.0,6547779490.0,10832664498.0,0.008568401616900145
2020-03-26,167.14,170.8,166.83,168.85,54986973.0,3859228586.0,10832664498.0,0.005076033972080652
2020-03-27,171.4,171.5,167.72,167.72,60308423.0,4246255802.0,10832664498.0,0.005567275069871733
2020-03-30,165.03,166.93,164.67,166.35,46795596.0,3222983516.0,10832664498.0,0.004319860179242117
2020-03-31,168.66,169.24,166.01,166.4,42536786.0,2967824565.0,10832664498.0,0.003926714983913093
2020-04-01,165.99,169.52,165.75,166.76,55692869.0,3887226530.0,10832664498.0,0.005141197625965652
2020-04-02,164.55,167.6,163.01,167.6,51202929.0,3512800754.0,10832664498.0,0.004726716036433458
2020-04-03,166.23,166.61,164.57,165.65,42025417.0,2892833242.0,10832664498.0,0.003879508777158105
2020-04-07,168.59,169.12,167.34,168.32,61934765.0,4330830271.0,10832664498.0,0.005717408215811984
2020-04-08,167.36,167.91,166.76,166.93,36245867.0,2521691766.0,10832664498.0,0.0033459789146697894
2020-04-09,167.55,168.3,166.9,167.53,36830815.0,2567770387.0,10832664498.0,0.0033999774484661602
2020-04-10,167.55,174.24,166.9,170.78,76624962.0,5445247152.0,10832664498.0,0.007073510124323247
2020-04-13,169.48,170.29,168.39,168.71,35516987.0,2495812251.0,10832664498.0,0.0032786935297919903
2020-04-14,170.03,171.21,169.0,170.85,42969677.0,3041154493.0,10832664498.0,0.003966676620321192
2020-04-15,170.97,171.71,169.96,170.44,38151523.0,2707408704.0,10832664498.0,0.0035218964832746174
2020-04-16,169.6,170.1,168.78,169.31,28294260.0,1992746679.0,10832664498.0,0.0026119391037379472
2020-04-17,171.04,176.38,170.29,174.17,90367948.0,6519197379.0,10832664498.0,0.008342171772852777
2020-04-20,175.35,177.54,173.45,176.81,65419398.0,4785645886.0,10832664498.0,0.006039086506563382
2020-04-21,175.73,176.77,172.03,174.1,56898431.0,4118269231.0,10832664498.0,0.0052524871429836095
2020-04-22,173.21,173.37,171.95,173.37,37767315.0,2709336486.0,10832664498.0,0.0034864289397103414
2020-04-23,174.14,175.13,172.77,173.59,32966612.0,2379812928.0,10832664498.0,0.00304325976366078
2020-04-24,170.87,170.87,169.12,169.6,66711619.0,4705918849.0,10832664498.0,0.006158375809785003
2020-04-27,169.89,172.27,169.89,171.28,48152784.0,3433518802.0,10832664498.0,0.004445146806576562
2020-04-28,172.0,174.84,170.73,174.12,61387427.0,4420134600.0,10832664498.0,0.005666881588674122
2020-04-29,174.12,178.5,174.12,178.02,53115638.0,3917886431.0,10832664498.0,0.0049032846913893225
2020-04-30,179.12,181.14,178.52,179.12,48625473.0,3635525684.0,10832664498.0,0.004488782331344017
2020-05-06,176.33,177.97,175.37,177.56,62916787.0,4613009932.0,10832664498.0,0.005808061997269105
2020-05-07,177.3,177.3,175.15,176.16,40312289.0,2946802572.0,10832664498.0,0.0037213641212134585
2020-05-08,178.3,179.5,176.48,178.71,40471960.0,2944390962.0,10832664498.0,0.0037361038927654602
2020-05-11,179.05,183.19,179.05,180.99,49575731.0,3677832430.0,10832664498.0,0.004576503870229989
2020-05-12,180.99,182.04,179.94,181.06,41545036.0,3071895578.0,10832664498.0,0.0038351631777823756
2020-05-13,180.25,181.06,177.93,179.62,28897035.0,2118699108.0,10832664498.0,0.0026675833083665765
2020-05-14,178.78,178.78,176.75,176.9,34971511.0,2535717394.0,10832664498.0,0.0032283387901893093
2020-05-15,177.83,179.03,176.78,176.9,31750730.0,2301777679.0,10832664498.0,0.002931017572441391
2020-05-18,176.83,178.74,175.58,176.83,30846266.0,2228956647.0,10832664498.0,0.002847523433010876
2020-05-19,179.23,180.25,177.83,178.54,34158323.0,2493797102.0,10832664498.0,0.0031532706478915266
2020-05-20,178.78,179.25,177.56,178.66,27483484.0,2000585096.0,10832664498.0,0.0025370936213407317
2020-05-21,179.27,179.52,177.22,177.27,31268623.0,2277526278.0,10832664498.0,0.0028865126401517397
2020-05-22,176.48,176.58,171.68,171.73,57719422.0,4091224714.0,10832664498.0,0.005328275606676137
2020-05-25,171.44,171.63,168.99,171.51,41710115.0,2901602627.0,10832664498.0,0.003850402180156212
2020-05-26,173.86,173.89,172.22,172.69,27112848.0,1912577654.0,10832664498.0,0.0025028789551274073
2020-05-27,173.2,175.31,172.71,173.03,28715214.0,2036204894.0,10832664498.0,0.00265079879519038
2020-05-28,173.1,176.31,173.1,175.14,41426045.0,2961421771.0,10832664498.0,0.00382417871500113
2020-05-29,173.64,174.62,172.61,173.18,26844115.0,1901686644.0,10832664498.0,0.0024780713004594708
2020-06-01,174.87,176.9,174.45,176.73,45767284.0,3296218949.0,10832664498.0,0.0042249332108873
2020-06-02,176.38,182.53,176.36,181.92,81052327.0,5968449049.0,10832664498.0,0.00748221520337535
2020-06-03,183.68,187.82,183.68,183.71,99148840.0,7515763784.0,10832664498.0,0.009152765694747173
2020-06-04,184.71,185.42,182.65,184.03,45388022.0,3410379332.0,10832664498.0,0.004189922249357934
2020-06-05,184.03,184.76,182.21,184.42,34980754.0,2618665525.0,10832664498.0,0.0032291920428679744
2020-06-08,185.4,189.12,185.4,187.9,76697448.0,5884341883.0,10832664498.0,0.007080201552827598
2020-06-09,187.92,189.02,186.92,187.36,38851680.0,2977854246.0,10832664498.0,0.003586530350605159
2020-06-10,187.55,187.85,184.83,185.1,34545292.0,2619976605.0,10832664498.0,0.003188993068730042
2020-06-11,184.2,184.83,180.74,181.77,58611342.0,4367908974.0,10832664498.0,0.005410611766922277
2020-06-12,179.03,181.6,178.71,181.6,48825871.0,3587207261.0,10832664498.0,0.00450728175039618
2020-06-15,180.45,180.7,177.44,177.66,55130379.0,4024617717.0,10832664498.0,0.005089272266318092
2020-06-16,180.25,180.45,179.13,179.91,34190511.0,2510329760.0,10832664498.0,0.003156242031340718
2020-06-17,179.27,179.72,177.81,178.81,32589579.0,2375228580.0,10832664498.0,0.0030084545686813167
2020-06-18,178.42,180.67,177.27,179.76,41863201.0,3062399434.0,10832664498.0,0.003864534068024452
2020-06-19,179.86,181.45,178.78,179.81,63598984.0,4672211605.0,10832664498.0,0.005871037916086303
2020-06-22,178.78,181.04,177.83,178.22,67183145.0,4908549057.0,10832664498.0,0.006201903974078013
2020-06-23,177.56,177.81,175.53,176.24,77963604.0,5610392717.0,10832664498.0,0.007197084707496864
2020-06-24,176.95,178.42,176.36,176.97,60513632.0,4380602931.0,10832664498.0,0.005586218608650941
2020-06-29,176.51,176.97,173.4,173.91,71483781.0,5089513072.0,10832664498.0,0.00659891026932458
2020-06-30,174.77,175.8,173.89,174.87,45150315.0,3222061872.0,10832664498.0,0.004167978709978136
2020-07-01,175.33,180.01,174.38,180.01,96755992.0,7027221949.0,10832664498.0,0.008931873780256349
2020-07-02,179.47,186.16,178.78,186.13,147446692.0,11001772289.0,10832664498.0,0.013611304220418034
2020-07-03,186.5,192.23,186.48,190.93,170382002.0,13197963062.0,10832664498.0,0.015728540474179466
2020-07-06,193.77,207.88,193.77,206.02,280669463.0,23106295707.0,10832664498.0,0.025909550051311854
2020-07-07,213.07,214.54,203.77,203.81,222204141.0,18920029728.0,10832664498.0,0.02051241788583269
2020-07-08,205.99,213.07,205.36,209.86,169638993.0,14486522558.0,10832664498.0,0.015659950793391587
2020-07-09,211.36,212.58,207.93,210.43,142459727.0,12240651395.0,10832664498.0,0.013150940567420128
2020-07-10,208.2,209.08,201.1,201.66,146661958.0,12251530199.0,10832664498.0,0.013538862763365165
2020-07-13,200.61,204.89,199.63,201.71,117951579.0,9725535191.0,10832664498.0,0.010888510303423226
2020-07-14,201.73,203.84,197.42,199.11,98855793.0,8093687566.0,10832664498.0,0.009125713532275594
2020-07-15,201.19,201.78,196.22,196.47,92276793.0,7478183762.0,10832664498.0,0.008518383728863455
2020-07-16,199.11,200.75,191.28,191.57,131817000.0,10546372452.0,10832664498.0,0.012168474342054713
2020-07-17,193.48,194.43,189.34,191.08,87503528.0,6849600333.0,10832664498.0,0.00807774744765293
2020-07-20,193.6,202.84,193.6,202.79,137754779.0,11212026913.0,10832664498.0,0.012716610860184326
2020-07-21,203.15,203.77,196.83,197.79,90477483.0,7340189248.0,10832664498.0,0.008352283320202944
2020-07-22,196.44,200.46,194.56,195.76,87751322.0,7056923502.0,10832664498.0,0.008100622152213912
2020-07-23,193.48,195.63,191.08,193.48,78210045.0,6158187276.0,10832664498.0,0.007219834512038998
2020-07-24,193.19,193.21,187.06,188.58,107269340.0,8306516311.0,10832664498.0,0.009902396591328457
2020-07-27,189.27,190.52,185.4,187.19,73479899.0,5615185667.0,10832664498.0,0.006783178691961369
2020-07-28,188.56,189.32,186.01,187.06,63985871.0,4893527505.0,10832664498.0,0.005906752767226706
2020-07-29,186.13,191.03,185.52,189.32,70286526.0,5415279238.0,10832664498.0,0.00648838759965074
2020-07-30,189.54,189.63,186.18,186.21,64624326.0,4940867628.0,10832664498.0,0.0059656907136680344
2020-07-31,186.13,189.19,184.17,185.89,74852042.0,5701005305.0,10832664498.0,0.006909845866067364
2020-08-03,186.99,187.8,185.59,187.21,85524765.0,6513674699.0,10832664498.0,0.00789508112392756
2020-08-04,188.12,194.34,186.62,192.67,148146165.0,11554011371.0,10832664498.0,0.013675874945388713
2020-08-05,190.88,190.91,187.6,188.9,78780592.0,6075388456.0,10832664498.0,0.007272503640682771
2020-08-06,188.58,190.76,186.65,188.95,64756303.0,4979623105.0,10832664498.0,0.005977873958152747
2020-08-07,188.48,190.22,186.16,186.94,54980898.0,4215768273.0,10832664498.0,0.005075473168226612
2020-08-10,186.18,190.27,185.69,188.61,70007323.0,5396774601.0,10832664498.0,0.006462613423772631
2020-08-11,189.68,192.7,187.38,188.02,77530900.0,6036019284.0,10832664498.0,0.007157140333692997
2020-08-12,188.09,189.71,187.11,188.97,58601265.0,4513022466.0,10832664498.0,0.0054096815248750076
2020-08-13,189.81,190.05,187.38,187.6,42135547.0,3236112230.0,10832664498.0,0.003889675250976281
2020-08-14,187.28,192.23,186.96,191.5,63247371.0,4893057493.0,10832664498.0,0.0058385793275216044
2020-08-17,191.59,202.22,191.59,198.62,173940016.0,14077887673.0,10832664498.0,0.01605699281392071
2020-08-18,197.89,198.13,194.46,195.32,84250596.0,6735058126.0,10832664498.0,0.00777745826205131
2020-08-19,194.95,196.2,191.45,191.45,56473384.0,4458976788.0,10832664498.0,0.0052132496128193115
2020-08-20,191.28,191.28,188.95,190.05,49842248.0,3863022133.0,10832664498.0,0.004601106958422114
2020-08-21,191.77,192.89,189.93,191.64,42445930.0,3315620080.0,10832664498.0,0.003918327758404837
2020-08-24,193.36,193.48,190.12,190.54,47280441.0,3698163543.0,10832664498.0,0.004364617865598001
2020-08-25,191.03,193.19,190.05,191.3,53047942.0,4149072334.0,10832664498.0,0.00489703544403079
2020-08-26,191.03,191.15,187.6,188.09,54277509.0,4191632778.0,10832664498.0,0.005010540944014382
2020-08-27,188.95,189.0,186.13,187.45,44883359.0,3425207259.0,10832664498.0,0.004143335096207094
2020-08-28,187.28,191.54,185.76,190.76,76502813.0,5893644072.0,10832664498.0,0.007062234135851292
2020-08-31,190.76,192.99,187.55,187.65,72312973.0,5624026414.0,10832664498.0,0.006675455795141713
2020-09-01,186.33,187.58,186.13,187.06,47125055.0,3593513070.0,10832664498.0,0.0043502736569290545
2020-09-02,187.63,188.09,185.15,185.96,55637670.0,4229574503.0,10832664498.0,0.005136102019062088
2020-09-03,186.11,187.16,184.05,184.64,59983664.0,4540579467.0,10832664498.0,0.005537295465125371
2020-09-04,183.19,183.93,182.58,183.24,47825576.0,3575937386.0,10832664498.0,0.004414941126334142
2020-09-07,183.24,186.74,183.07,183.83,63325076.0,4787525506.0,10832664498.0,0.0058457525396167775
2020-09-08,186.08,189.71,185.4,188.92,86603009.0,6642255588.0,10832664498.0,0.007994617484552323
2020-09-09,187.06,189.93,186.94,187.31,52398217.0,4026858724.0,10832664498.0,0.004837057125666
2020-09-10,188.48,189.41,187.11,187.41,53035437.0,4078037119.0,10832664498.0,0.004895881065068688
2020-09-11,187.14,189.81,186.52,189.1,46217823.0,3557564884.0,10832664498.0,0.004266523994030559
2020-09-14,190.1,193.72,190.1,192.38,72999187.0,5730571509.0,10832664498.0,0.0067388025368530155
2020-09-15,192.38,197.1,189.93,195.71,101435044.0,8095818927.0,10832664498.0,0.009363812939902978
2020-09-16,196.15,196.65,194.05,194.45,46794754.0,3693757689.0,10832664498.0,0.00431978245136638
2020-09-17,195.71,197.37,194.69,195.44,66830642.0,5303741282.0,10832664498.0,0.00616936322659478
2020-09-18,196.92,205.48,196.62,205.06,177600775.0,14522782208.0,10832664498.0,0.01639492989308308
2020-09-21,205.08,205.53,200.21,200.21,84531359.0,6909679018.0,10832664498.0,0.007803376446820332
2020-09-22,197.17,199.72,195.44,195.61,67938147.0,5407048622.0,10832664498.0,0.006271600769371488
2020-09-23,196.67,196.85,194.05,194.35,36211616.0,2855189686.0,10832664498.0,0.0033428170886937035
2020-09-24,193.43,194.2,190.49,190.66,60837288.0,4720617558.0,10832664498.0,0.005616096391726356
2020-09-25,192.62,192.67,190.49,191.95,35668375.0,2760347918.0,10832664498.0,0.0032926686695212743
2020-09-28,191.95,194.42,191.5,192.84,37177371.0,2897251524.0,10832664498.0,0.0034319692082094796
2020-09-29,194.17,194.2,189.75,189.99,51992004.0,4014297165.0,10832664498.0,0.0047995582259193125
2020-09-30,190.24,191.58,188.04,188.66,47625773.0,3652745796.0,10832664498.0,0.004396496633749988
2020-10-09,191.16,194.08,191.13,192.71,47428848.0,3700952923.0,10832664498.0,0.0043783178191068904
2020-10-12,193.83,200.75,193.73,200.04,86992879.0,7002973824.0,10832664498.0,0.008030607706539902
2020-10-13,199.57,202.49,197.81,201.32,56442934.0,4572861833.0,10832664498.0,0.005210438670044741
2020-10-14,201.62,201.65,199.15,201.32,50039556.0,4060079462.0,10832664498.0,0.004619321129094199
2020-10-15,201.37,204.99,201.13,201.37,55502187.0,4555169176.0,10832664498.0,0.005123595123826386
2020-10-16,202.36,205.06,201.62,202.86,60703280.0,4992393588.0,10832664498.0,0.005603725658743281
2020-10-19,204.52,208.75,202.39,202.49,91742376.0,7642713658.0,10832664498.0,0.008469049883058605
2020-10-20,202.24,202.86,200.66,200.95,41318580.0,3363220839.0,10832664498.0,0.003814258256371599
2020-10-21,202.24,204.29,201.05,203.85,49249162.0,4040506423.0,10832664498.0,0.004546357178244809
2020-10-22,204.14,205.03,198.6,203.11,46697087.0,3811833387.0,10832664498.0,0.004310766479347859
2020-10-23,203.15,209.86,203.15,206.57,93880947.0,7885042870.0,10832664498.0,0.008666468625270629
2020-10-26,206.82,208.72,200.83,203.35,59632529.0,4915201799.0,10832664498.0,0.005504881002361862
2020-10-27,202.31,203.35,200.38,200.56,55925690.0,4554557429.0,10832664498.0,0.005162690122114036
2020-10-28,199.17,200.53,195.58,196.87,76979681.0,6137912536.0,10832664498.0,0.00710625543828229
2020-10-29,193.16,197.64,193.01,194.59,72755430.0,5723421439.0,10832664498.0,0.006716300501453968
2020-10-30,194.57,196.55,192.07,192.54,76459869.0,5985865621.0,10832664498.0,0.007058269829561928
2020-11-02,194.2,194.97,190.51,191.06,63872032.0,4955636567.0,10832664498.0,0.0058962439030390435
2020-11-03,192.39,196.28,191.48,195.83,61543284.0,4838929215.0,10832664498.0,0.005681269276950517
2020-11-04,194.89,197.54,194.45,196.67,43467076.0,3448542092.0,10832664498.0,0.004012593208995366
2020-11-05,198.78,202.07,198.4,200.24,53709524.0,4346336859.0,10832664498.0,0.004958108322279917
2020-11-06,200.63,202.24,199.2,201.13,51038925.0,4140944231.0,10832664498.0,0.004711576270955604
2020-11-09,204.09,206.57,203.6,205.28,80996545.0,6726290348.0,10832664498.0,0.007477065777764477
2020-11-10,208.4,209.66,205.46,205.83,78900305.0,6624999077.0,10832664498.0,0.00728355475373276
2020-11-11,205.83,207.88,204.47,206.62,54282531.0,4534083953.0,10832664498.0,0.005011004541867055
2020-11-12,207.19,208.97,202.36,203.53,49054364.0,4048788618.0,10832664498.0,0.00452837471418567
2020-11-13,200.58,202.12,196.99,198.75,70794237.0,5675497104.0,10832664498.0,0.006535256124019212
2020-11-16,199.62,205.97,199.62,205.58,70143403.0,5775792599.0,10832664498.0,0.006475175430103125
2020-11-17,205.58,209.59,205.33,207.88,82506392.0,6945950434.0,10832664498.0,0.007616444875148943
2020-11-18,208.8,213.2,208.62,211.19,96965774.0,8293242272.0,10832664498.0,0.008951239468175394
2020-11-19,210.77,212.13,209.07,211.32,54900519.0,4675267717.0,10832664498.0,0.00506805311012227
2020-11-20,211.02,211.05,207.56,209.14,45298594.0,3824038757.0,10832664498.0,0.0041816668473729
2020-11-23,210.28,213.84,209.41,213.3,78377584.0,6717179289.0,10832664498.0,0.007235300605356198
2020-11-24,213.5,215.2,209.51,210.28,49992972.0,4284342941.0,10832664498.0,0.004615020802059368
2020-11-25,212.73,219.06,212.68,215.85,122368908.0,10732748795.0,10832664498.0,0.011296288925277117
2020-11-26,215.25,221.14,214.36,220.55,90924011.0,8027343289.0,10832664498.0,0.00839350383433245
2020-11-27,221.41,223.29,218.96,222.9,74795473.0,6694377072.0,10832664498.0,0.006904623789817293
2020-11-30,225.12,234.08,222.72,222.72,153919637.0,14316071594.0,10832664498.0,0.014208843727082815
2020-12-01,224.38,231.01,221.78,231.01,85420603.0,7840114574.0,10832664498.0,0.00788546557643052
2020-12-02,231.01,232.17,227.82,229.7,65068818.0,6049580162.0,10832664498.0,0.006006723277732219
2020-12-03,229.55,231.13,225.64,227.27,50991723.0,4689461117.0,10832664498.0,0.004707218894244757
2020-12-04,227.72,228.91,223.12,228.07,48929502.0,4464927573.0,10832664498.0,0.004516848279482273
2020-12-07,229.53,230.02,220.22,223.59,62778839.0,5675145575.0,10832664498.0,0.005795327549523079
2020-12-08,222.65,224.5,217.21,217.82,86333963.0,7655879134.0,10832664498.0,0.00796978093579281
2020-12-09,218.94,221.36,217.18,217.38,52500504.0,4650557072.0,10832664498.0,0.004846499585553767
2020-12-10,217.7,219.41,215.6,216.91,40575298.0,3569375604.0,10832664498.0,0.0037456433740278108
2020-12-11,218.94,219.93,211.42,213.0,71494237.0,6185908147.0,10832664498.0,0.006599875498147271
2020-12-14,214.36,218.1,213.99,216.93,58386154.0,5104281273.0,10832664498.0,0.005389823898892063
2020-12-15,215.2,215.2,211.19,213.5,63310377.0,5440988906.0,10832664498.0,0.00584439562507348
2020-12-16,214.24,216.41,212.63,214.83,47070489.0,4082011353.0,10832664498.0,0.004345236484402381
2020-12-17,215.13,220.32,214.06,220.13,68546267.0,6030510871.0,10832664498.0,0.00632773838907828
2020-12-18,219.68,220.79,215.52,217.18,49981599.0,4395183092.0,10832664498.0,0.0046139709218565705
2020-12-21,215.23,217.08,212.78,215.35,59973257.0,5206712773.0,10832664498.0,0.00553633475965887
2020-12-22,215.33,215.33,207.19,208.18,98595963.0,8391031072.0,10832664498.0,0.009101727743733174
2020-12-23,208.35,211.24,207.24,209.91,55037110.0,4650859410.0,10832664498.0,0.005080662288595878
2020-12-24,211.02,211.15,207.04,208.3,52479068.0,4424690022.0,10832664498.0,0.004844520755691182
2020-12-25,206.82,206.82,202.51,205.83,69140797.0,5712810724.0,10832664498.0,0.006382621469793073
2020-12-28,206.44,210.75,204.96,209.34,63519948.0,5351448827.0,10832664498.0,0.005863741834866896
2020-12-29,210.16,212.95,209.51,211.52,51931564.0,4440460410.0,10832664498.0,0.004793978804530313
2020-12-30,210.77,212.46,208.25,212.46,56570726.0,4803060806.0,10832664498.0,0.0052222355829855596
2020-12-31,211.74,216.91,211.74,215.18,79580939.0,6906071809.0,10832664498.0,0.0073463863867188695
2021-01-04,215.0,215.1,208.05,210.72,103643104.0,8814286886.0,10832664498.0,0.009567646447384694
2021-01-05,209.04,209.04,204.96,208.47,105478627.0,8795809652.0,10832664498.0,0.009737089800895632
2021-01-06,208.52,212.11,206.69,212.11,93759848.0,7950362263.0,10832664498.0,0.008655289565859866
2021-01-07,212.43,214.63,208.55,213.4,106968724.0,9137580589.0,10832664498.0,0.009874645708795772
2021-01-08,213.3,215.87,210.8,213.0,116936795.0,10069057405.0,10832664498.0,0.01079483215063013
2021-01-11,213.25,214.24,207.81,207.88,109860234.0,9329271307.0,10832664498.0,0.010141570803774376
2021-01-12,207.51,217.26,206.15,217.26,146755609.0,12534640504.0,10832664498.0,0.013547508004802975
2021-01-13,219.68,220.87,214.81,216.56,139094339.0,12223230669.0,10832664498.0,0.012840270187051445
2021-01-14,218.69,218.99,209.98,210.95,137927380.0,11920236040.0,10832664498.0,0.012732544243889865
2021-01-15,212.6,219.31,210.95,214.98,158708501.0,13814609040.0,10832664498.0,0.014650920004889087
2021-01-18,215.23,216.84,211.02,215.72,116241991.0,10058906404.0,10832664498.0,0.010730692436884886
2021-01-19,216.66,218.07,212.85,214.73,110332831.0,9590457420.0,10832664498.0,0.010185197835709802
2021-01-20,215.52,216.04,210.06,210.77,131977553.0,11316059444.0,10832664498.0,0.012183295534018116
2021-01-21,211.17,211.29,207.31,208.89,139305540.0,11761468222.0,10832664498.0,0.012859766867673187
2021-01-22,210.28,210.65,206.62,207.31,116275248.0,9781081769.0,10832664498.0,0.010733762503349708
2021-01-25,207.06,209.98,204.29,209.98,127980118.0,10711676899.0,10832664498.0,0.011814278751421551
2021-01-26,209.04,209.98,205.03,205.33,105139741.0,8787960590.0,10832664498.0,0.009705806084865973
2021-01-27,205.28,207.58,204.29,205.43,68273775.0,5679886869.0,10832664498.0,0.006302583728371276
2021-01-28,203.35,204.29,199.52,200.19,106108731.0,8642469570.0,10832664498.0,0.009795256838203613
2021-01-29,200.14,201.47,194.2,195.63,126980032.0,10098743883.0,10832664498.0,0.01172195742085836
2021-02-01,195.68,197.27,193.88,196.1,72490144.0,5729483192.0,10832664498.0,0.0066918110510469165
2021-02-02,196.13,196.55,192.84,193.41,98836447.0,7742175159.0,10832664498.0,0.009123927637401478
2021-02-03,192.32,192.32,186.28,189.35,134384298.0,10255482626.0,10832664498.0,0.012405470327712165
2021-02-04,192.96,198.7,192.22,196.97,141654771.0,11200715086.0,10832664498.0,0.013076632348962091
2021-02-05,197.91,198.6,194.47,197.22,84557225.0,6724535241.0,10832664498.0,0.007805764225007756
2021-02-08,197.24,198.97,193.65,194.37,79654699.0,6286929303.0,10832664498.0,0.007353195422484135
2021-02-09,194.35,194.35,189.99,193.28,91412187.0,7082935953.0,10832664498.0,0.00843856901659579
2021-02-10,192.71,197.44,191.7,196.05,91968674.0,7280622422.0,10832664498.0,0.008489940218953506
2021-02-18,201.62,204.99,200.11,203.8,146678205.0,12007277012.0,10832664498.0,0.013540362579038677
2021-02-19,202.86,209.19,202.07,208.3,124061762.0,10401612526.0,10832664498.0,0.011452562019520232
2021-02-22,208.42,211.0,204.29,205.33,113034110.0,9477375165.0,10832664498.0,0.010434562061888756
2021-02-23,204.14,210.75,204.09,208.6,101660045.0,8580570535.0,10832664498.0,0.009384583545328961
2021-02-24,206.57,212.16,204.09,207.26,117355482.0,9899984125.0,10832664498.0,0.01083348256762378
2021-02-25,209.09,218.39,206.2,215.57,189748955.0,16396558900.0,10832664498.0,0.01751636959079022
2021-02-26,212.26,215.55,210.72,210.72,118045513.0,10161431934.0,10832664498.0,0.010897181669550863
2021-03-01,212.75,213.69,207.41,209.88,82300801.0,6965448429.0,10832664498.0,0.007597466072654141
2021-03-02,209.88,210.16,204.34,205.9,85227395.0,7125570282.0,10832664498.0,0.007867629890664044
2021-03-03,204.59,215.08,204.42,214.61,116697147.0,10011295959.0,10832664498.0,0.010772709430957214
2021-03-04,212.75,216.34,212.26,213.5,94974599.0,8227101595.0,10832664498.0,0.008767427350633341
2021-03-05,211.49,213.47,206.17,209.04,81417603.0,6869464666.0,10832664498.0,0.007515935069809636
2021-03-08,210.77,217.16,209.66,210.16,105035653.0,9048690307.0,10832664498.0,0.009696197368559914
2021-03-09,211.52,213.4,207.31,207.93,98217495.0,8338463778.0,10832664498.0,0.00906679007903675
2021-03-10,209.34,209.36,205.63,206.02,64800135.0,5431067986.0,10832664498.0,0.0059819202387338625
2021-03-11,207.56,213.64,207.31,213.64,91252098.0,7777368999.0,10832664498.0,0.008423790658046095
2021-03-12,214.01,214.24,210.6,211.64,64681200.0,5539349037.0,10832664498.0,0.005970940945502548
2021-03-15,211.17,211.52,208.33,210.55,54551255.0,4629849997.0,10832664498.0,0.005035811365714467
2021-03-16,211.02,211.76,208.82,211.27,54353955.0,4624281660.0,10832664498.0,0.005017597933549516
2021-03-17,210.28,210.28,203.87,204.19,106478452.0,8863828593.0,10832664498.0,0.009829387037663612
2021-03-18,203.6,204.79,200.56,201.42,80312095.0,6548492031.0,10832664498.0,0.007413881876875977
2021-03-19,200.88,201.13,196.7,197.02,96102381.0,7701437284.0,10832664498.0,0.008871536732051757
2021-03-22,197.89,198.58,196.75,197.46,54273091.0,4336966849.0,10832664498.0,0.005010133103450242
2021-03-23,197.64,199.39,195.73,198.03,51116947.0,4079350323.0,10832664498.0,0.004718778746395917
2021-03-24,197.89,198.65,194.72,195.46,63315814.0,5017219139.0,10832664498.0,0.005844897532983671
2021-03-25,196.01,197.07,195.41,195.93,43650615.0,3463493422.0,10832664498.0,0.0040295363165783514
2021-03-26,196.87,198.65,196.82,197.93,45348477.0,3630749606.0,10832664498.0,0.004186271716286657
2021-03-29,197.91,198.16,194.94,195.76,63234490.0,5001522655.0,10832664498.0,0.005837390238724257
2021-03-30,195.93,196.35,194.45,196.35,51106025.0,4035933798.0,10832664498.0,0.004717770499532737
2021-03-31,196.67,196.8,194.4,194.69,48358484.0,3810104160.0,10832664498.0,0.00446413567123105
2021-04-01,194.94,196.13,194.82,195.93,36071335.0,2849514882.0,10832664498.0,0.003329867273805049
2021-04-02,195.93,195.93,194.4,195.14,46931855.0,3694882980.0,10832664498.0,0.00433243870966971
2021-04-06,195.24,196.55,194.67,195.51,35173602.0,2778107894.0,10832664498.0,0.0032469944958134715
2021-04-07,196.35,196.35,193.41,194.08,47501172.0,3729878594.0,10832664498.0,0.004384994292841802
2021-04-08,194.03,195.41,192.99,194.52,37404801.0,2937859212.0,10832664498.0,0.003452964042863686
2021-04-09,194.47,194.5,190.44,190.88,68801127.0,5322377558.0,10832664498.0,0.006351265380064391
2021-04-12,190.86,191.73,189.55,190.88,45336602.0,3488299461.0,10832664498.0,0.00418517549476127
2021-04-13,191.65,192.52,188.51,189.4,55250310.0,4254139273.0,10832664498.0,0.005100343503687452
2021-04-14,190.46,191.68,189.99,190.86,38078954.0,2936032854.0,10832664498.0,0.0035151973927587616
2021-04-15,188.39,189.0,185.99,187.54,79358244.0,6004162228.0,10832664498.0,0.007325828655973944
2021-04-16,187.49,187.72,185.54,187.27,55174264.0,4158750980.0,10832664498.0,0.005093323439508963
2021-04-19,186.65,188.48,185.54,188.46,65367596.0,4949470614.0,10832664498.0,0.0060343044882511234
2021-04-20,188.14,188.39,186.73,188.01,49248467.0,3730599990.0,10832664498.0,0.004546293020437639
2021-04-21,187.05,187.67,186.23,187.07,41754851.0,3156222891.0,10832664498.0,0.003854531912043345
2021-04-22,188.79,188.86,186.47,187.45,56065363.0,4167214250.0,10832664498.0,0.00517558381046059
2021-04-23,187.45,190.5,186.22,187.18,86784514.0,6466806593.0,10832664498.0,0.00801137282669677
2021-04-26,186.57,186.6,183.39,183.72,106192950.0,7769915592.0,10832664498.0,0.009803031379731743
2021-04-27,183.29,185.16,181.55,184.68,75969268.0,5520922253.0,10832664498.0,0.007012980787323928
2021-04-28,184.0,184.28,182.46,183.52,57062742.0,4147666503.0,10832664498.0,0.005267655248672689
2021-04-29,183.52,186.42,182.89,186.07,54441616.0,4003254829.0,10832664498.0,0.005025690217771573
2021-04-30,186.47,186.47,182.39,182.74,52463043.0,3825446895.0,10832664498.0,0.004843041433590608
2021-05-06,179.46,180.97,177.35,177.77,92009492.0,6525763344.0,10832664498.0,0.008493708266972306
2021-05-07,178.33,179.19,176.49,176.69,56146188.0,3961363207.0,10832664498.0,0.005183045040337591
2021-05-10,176.89,177.67,175.18,176.51,52456956.0,3669862808.0,10832664498.0,0.004842479521975868
2021-05-11,176.06,177.77,174.85,177.14,50953234.0,3559079175.0,10832664498.0,0.004703665844115022
2021-05-12,176.44,177.75,175.58,176.26,40995688.0,2870375902.0,10832664498.0,0.003784451000727374
2021-05-13,175.15,176.01,173.61,174.27,50644837.0,3506048010.0,10832664498.0,0.004675196671082207
2021-05-14,174.93,179.41,174.02,179.41,81877185.0,5771742191.0,10832664498.0,0.0075583606429532385
2021-05-17,177.45,178.5,176.44,177.37,63300366.0,4455919019.0,10832664498.0,0.005843471475710057
2021-05-18,178.15,179.94,177.57,178.71,41807341.0,2965118195.0,10832664498.0,0.003859377441969033
2021-05-19,178.2,178.2,176.16,176.36,46584951.0,3262720507.0,10832664498.0,0.00430041482486611
2021-05-20,176.44,178.88,175.48,178.25,42247209.0,2973914638.0,10832664498.0,0.003899983148910406
2021-05-21,178.96,179.92,176.46,176.56,41383646.0,2914326901.0,10832664498.0,0.0038202647195101935
2021-05-24,176.44,177.37,175.56,176.29,35092199.0,2457923779.0,10832664498.0,0.0032394799087961195
2021-05-25,176.66,183.34,175.71,182.64,121383184.0,8699286544.0,10832664498.0,0.01120529339964425
2021-05-26,184.23,184.6,181.93,182.44,71239561.0,5172565987.0,10832664498.0,0.006576365492825217
2021-05-27,182.39,184.33,180.97,183.75,58100823.0,4208094449.0,10832664498.0,0.00536348402655016
2021-05-28,183.5,185.26,182.74,183.92,51011335.0,3719019608.0,10832664498.0,0.004709029344481043
2021-05-31,183.12,183.5,180.14,180.97,62483434.0,4481120144.0,10832664498.0,0.00576805771207408
2021-06-01,180.7,180.7,178.71,179.29,59372658.0,4219115466.0,10832664498.0,0.005480891428970387
2021-06-02,179.92,179.94,177.22,178.63,48109829.0,3404859400.0,10832664498.0,0.00444118148483989
2021-06-03,178.71,180.22,177.7,178.15,40951584.0,2905789644.0,10832664498.0,0.0037803796109037403
2021-06-04,177.45,180.42,177.29,178.58,51486786.0,3647302264.0,10832664498.0,0.004752919838836128
2021-06-07,177.95,178.15,176.59,177.14,38673941.0,2716404172.0,10832664498.0,0.0035701226606935205
2021-06-08,177.12,178.78,176.31,177.47,40701681.0,2862378172.0,10832664498.0,0.0037573102173998484
2021-06-09,177.19,178.83,176.94,177.19,40195812.0,2835797953.0,10832664498.0,0.003710611734298724
2021-06-10,177.12,178.43,176.44,176.46,52461130.0,3686772007.0,10832664498.0,0.004842864838072455
2021-06-11,176.46,176.89,174.57,174.93,63032364.0,4392612851.0,10832664498.0,0.005818731302131388
2021-06-15,173.94,174.07,168.75,169.05,107755687.0,7263765616.0,10832664498.0,0.009947292932398542
2021-06-16,168.9,170.77,168.4,168.88,52726975.0,3540192781.0,10832664498.0,0.004867405891665418
2021-06-17,168.9,169.36,166.41,166.99,54804038.0,3649035812.0,10832664498.0,0.005059146621786199
2021-06-18,166.36,166.36,163.84,164.09,85707220.0,5593424920.0,10832664498.0,0.007911924163794036
2021-06-21,162.55,162.95,160.71,161.72,81085363.0,5198754494.0,10832664498.0,0.007485264868580628
2021-06-22,162.57,164.59,161.74,163.15,62012704.0,4014245115.0,10832664498.0,0.005724603029240794
2021-06-23,163.2,166.28,163.15,165.9,58687335.0,3847510814.0,10832664498.0,0.005417626938491011
2021-06-24,165.95,167.31,165.04,166.25,41789971.0,2758134577.0,10832664498.0,0.0038577739583567413
2021-06-25,166.43,168.32,165.62,168.07,53565358.0,3555544932.0,10832664498.0,0.004944799869864852
2021-06-28,168.07,168.09,164.34,165.35,51013404.0,3342960298.0,10832664498.0,0.004709220340888286
2021-06-29,164.72,164.84,162.07,162.27,54966804.0,3554647982.0,10832664498.0,0.005074172103285239
2021-06-30,161.82,163.18,160.81,162.02,47636890.0,3053959406.0,10832664498.0,0.004397522881724533
2021-07-01,161.97,164.26,160.26,163.23,69261735.0,4449223158.0,10832664498.0,0.006393785666747786
2021-07-02,161.39,161.49,156.53,157.03,102808162.0,6464701802.0,10832664498.0,0.009490570119565795
2021-07-05,156.25,156.98,154.08,156.05,75064675.0,4629283875.0,10832664498.0,0.006929474739465895
2021-07-06,157.33,159.15,155.9,158.54,68581285.0,4296674949.0,10832664498.0,0.006330971019425732
2021-07-07,158.01,159.83,156.5,157.21,52316754.0,3272128188.0,10832664498.0,0.004829536999845151
2021-07-08,157.21,157.21,152.54,153.2,83755851.0,5109707958.0,10832664498.0,0.007731786673118472
2021-07-09,152.44,154.13,150.75,151.46,70761585.0,4267722638.0,10832664498.0,0.006532241907156313
2021-07-12,152.01,152.44,149.52,149.72,81898922.0,4899580737.0,10832664498.0,0.007560367259146698
2021-07-13,149.72,150.93,148.84,150.48,51333745.0,3058865430.0,10832664498.0,0.00473879210507051
2021-07-14,150.35,150.35,145.64,145.96,106561835.0,6199867459.0,10832664498.0,0.009837084405196355
2021-07-15,146.92,151.71,146.17,151.18,108588585.0,6439233470.0,10832664498.0,0.010024180571644987
2021-07-16,150.45,151.96,148.41,150.48,57820403.0,3441570857.0,10832664498.0,0.005337597505274459
2021-07-19,150.93,150.93,146.32,149.59,66650056.0,3912636302.0,10832664498.0,0.006152692720457223
2021-07-20,148.18,149.22,146.52,147.35,44931031.0,2629530314.0,10832664498.0,0.004147735860211998
2021-07-21,146.57,148.31,145.94,146.39,58704444.0,3414125948.0,10832664498.0,0.005419206328308092
2021-07-22,145.81,148.89,144.96,147.55,63661381.0,3727361014.0,10832664498.0,0.005876797994782686
2021-07-23,147.45,148.13,145.23,145.28,59325514.0,3438617482.0,10832664498.0,0.0054765394064362535
2021-07-26,143.9,143.9,136.94,137.37,117486467.0,6496203840.0,10832664498.0,0.010845574237224013
2021-07-27,137.37,137.82,131.98,132.76,93901074.0,5031582117.0,10832664498.0,0.008668326616903593
2021-07-28,132.83,135.08,132.35,133.87,83836567.0,4457853455.0,10832664498.0,0.007739237840835787
2021-07-29,135.23,135.3,132.96,134.22,76800442.0,4078215601.0,10832664498.0,0.007089709278283235
2021-07-30,133.92,136.49,132.58,135.28,65088842.0,3480202767.0,10832664498.0,0.006008571761085848
2021-08-02,134.85,138.58,132.3,136.13,97161064.0,5244071666.0,10832664498.0,0.008969267350423207
2021-08-03,135.81,137.14,135.05,136.71,65820268.0,3558132760.0,10832664498.0,0.0060760921758586895
2021-08-04,136.87,136.87,134.42,135.1,64665951.0,3470521726.0,10832664498.0,0.005969533258593863
2021-08-05,134.87,139.89,134.47,136.61,84322088.0,4596909874.0,10832664498.0,0.0077840579310444
2021-08-06,134.72,135.71,133.71,135.28,50241086.0,2685679366.0,10832664498.0,0.004637925046905667
2021-08-09,134.09,140.8,133.84,138.93,91882127.0,5048464776.0,10832664498.0,0.008481950771849706
2021-08-10,138.25,140.87,136.56,140.47,76365642.0,4201861227.0,10832664498.0,0.00704957141561055
2021-08-11,140.47,143.14,139.74,140.65,82202018.0,4613172523.0,10832664498.0,0.007588347078890581
2021-08-12,140.47,140.87,137.72,137.97,57306968.0,3157627499.0,10832664498.0,0.0052902005790524025
2021-08-13,136.81,138.55,136.11,136.89,48471805.0,2633761394.0,10832664498.0,0.004474596717081858
2021-08-16,136.11,139.39,135.86,138.45,46009551.0,2522890290.0,10832664498.0,0.004247297699332846
2021-08-17,137.85,140.39,136.56,136.64,69026207.0,3790616959.0,10832664498.0,0.00637204327824831
2021-08-18,136.16,141.43,135.53,141.25,96366560.0,5322900808.0,10832664498.0,0.008895923991534294
2021-08-19,140.12,140.55,135.25,135.38,114860603.0,6231137142.0,10832664498.0,0.010603171825473441
2021-08-20,133.87,135.25,133.11,133.61,67560655.0,3585422086.0,10832664498.0,0.006236753202545275
2021-08-23,133.61,134.75,132.58,132.83,59491185.0,3146935844.0,10832664498.0,0.0054918330583379246
2021-08-24,131.82,132.93,129.53,130.56,94659663.0,4915208405.0,10832664498.0,0.008738354540332779
2021-08-25,130.87,131.62,129.71,130.01,61059554.0,3156821227.0,10832664498.0,0.005636614520026281
2021-08-26,129.81,129.81,126.76,126.78,88681394.0,4490652617.0,10832664498.0,0.008186480252976814
2021-08-27,128.67,131.9,128.65,131.07,101781872.0,5267788080.0,10832664498.0,0.009395829808888817
2021-08-30,131.07,131.07,126.91,127.82,95948717.0,4877480461.0,10832664498.0,0.008857351487043166
2021-08-31,126.53,127.21,123.2,125.77,158678325.0,7870703426.0,10832664498.0,0.014648134355983817
2021-09-01,125.47,131.19,125.04,129.78,163160036.0,8348618929.0,10832664498.0,0.01506185629861644
2021-09-02,128.57,130.41,127.72,129.93,87858567.0,4502512756.0,10832664498.0,0.008110522301897289
2021-09-03,129.96,132.35,127.79,130.34,90260347.0,4667297729.0,10832664498.0,0.008332238759601988
2021-09-06,130.29,131.45,129.0,130.01,88301950.0,4554856269.0,10832664498.0,0.008151452490410176
2021-09-07,130.11,132.43,128.75,131.93,94737441.0,4916249826.0,10832664498.0,0.008745534491305539
2021-09-08,131.07,132.66,130.26,130.94,84399193.0,4395561676.0,10832664498.0,0.007791175755104606
2021-09-09,129.56,130.36,128.57,130.11,73490775.0,3776998808.0,10832664498.0,0.006784182692408536
2021-09-10,129.43,132.33,129.25,130.34,84549097.0,4382584447.0,10832664498.0,0.007805013901760738
2021-09-13,129.76,130.03,128.7,128.85,66980000.0,3430907757.0,10832664498.0,0.006183150970139092
2021-09-14,129.66,130.01,125.55,125.67,108266166.0,5452993893.0,10832664498.0,0.009994416980234995
2021-09-15,124.77,125.72,124.26,124.69,64542318.0,3197409970.0,10832664498.0,0.005958120277048757
2021-09-16,124.31,125.98,124.04,124.79,59115597.0,2930501965.0,10832664498.0,0.00545716125620934
2021-09-17,124.51,125.47,121.54,122.7,92721442.0,4523289514.0,10832664498.0,0.008559430786130121
2021-09-22,119.73,121.19,119.22,120.43,72393010.0,3447060474.0,10832664498.0,0.006682844282066124
2021-09-23,122.25,124.39,121.01,121.54,75804482.0,3676425703.0,10832664498.0,0.006997768832773833
2021-09-24,121.57,123.2,120.73,121.19,84358359.0,4074494917.0,10832664498.0,0.007787406230071541
2021-09-27,120.73,124.11,120.53,123.51,99008099.0,4812486506.0,10832664498.0,0.009139773415698377
2021-09-28,123.48,125.09,122.3,124.16,77950696.0,3832059452.0,10832664498.0,0.007195893126237943
2021-09-29,122.93,124.87,122.3,123.99,63129533.0,3095105433.0,10832664498.0,0.0058277013020808874
2021-09-30,124.26,124.26,121.57,121.89,68007025.0,3300543923.0,10832664498.0,0.006277959131158905
2021-10-08,127.29,131.32,126.3,131.32,218002823.0,11199501310.0,10832664498.0,0.020124579972014195
2021-10-11,131.32,134.57,130.92,132.93,150449954.0,7944560509.0,10832664498.0,0.013888545521536007
2021-10-12,131.19,133.69,130.26,131.72,94465572.0,4939402091.0,10832664498.0,0.00872043734184151
2021-10-13,131.32,131.55,128.3,130.44,64988916.0,3345977425.0,10832664498.0,0.0059993472531156755
2021-10-14,130.31,131.07,129.05,129.58,42700600.0,2198216042.0,10832664498.0,0.003941837209846541
2021-10-15,128.88,130.01,127.59,128.25,73301699.0,3738306563.0,10832664498.0,0.006766728445576197
2021-10-18,128.75,129.15,125.22,125.67,77197137.0,3862682042.0,10832664498.0,0.007126329539168564
2021-10-19,125.65,130.69,125.27,129.68,84752705.0,4332898990.0,10832664498.0,0.007823809646799974
2021-10-20,130.31,131.17,128.02,129.48,66823896.0,3429513908.0,10832664498.0,0.006168740480454968
2021-10-21,129.93,138.33,129.83,136.81,211005833.0,11318517616.0,10832664498.0,0.01947866409404236
2021-10-22,137.82,138.25,135.1,136.84,102633032.0,5559123303.0,10832664498.0,0.009474403275292871
2021-10-25,136.29,136.72,134.37,136.31,75444693.0,3999143838.0,10832664498.0,0.0069645554899193185
2021-10-26,136.31,138.28,133.47,133.65,74882514.0,3939605236.0,10832664498.0,0.006912658839736551
2021-10-27,133.14,134.88,132.03,132.32,58905249.0,3060201712.0,10832664498.0,0.005437743318910642
2021-10-28,129.96,131.7,128.22,131.42,85061904.0,4309021232.0,10832664498.0,0.007852352855172863
2021-10-29,130.19,131.24,126.14,126.99,146662660.0,7317467292.0,10832664498.0,0.013538927567366077
2021-11-01,125.53,129.24,124.89,128.4,62876101.0,3132879985.0,10832664498.0,0.005804306134617999
2021-11-02,128.63,129.81,126.09,128.11,78272461.0,3909158859.0,10832664498.0,0.007225596344689822
2021-11-03,128.09,130.01,127.7,128.22,47676290.0,2394903861.0,10832664498.0,0.0044011600293540265
2021-11-04,127.83,128.45,126.88,127.32,53205267.0,2651047242.0,10832664498.0,0.004911558648366071
2021-11-05,127.32,128.96,127.04,127.91,41665467.0,2082833763.0,10832664498.0,0.003846280571847541
2021-11-08,127.81,129.88,126.47,129.11,53172448.0,2672600378.0,10832664498.0,0.004908529015166772
2021-11-09,129.32,130.22,127.06,127.29,64051070.0,3197023017.0,10832664498.0,0.005912771508046385
2021-11-10,126.81,126.96,123.81,125.86,81604856.0,3984320341.0,10832664498.0,0.007533221029329067
2021-11-11,125.81,131.06,125.53,131.03,111085845.0,5599660442.0,10832664498.0,0.010254711111980752
2021-11-12,130.98,130.98,128.47,129.65,58595861.0,2959880934.0,10832664498.0,0.005409182663306739
2021-11-15,130.27,131.16,128.68,129.63,44209113.0,2234792751.0,10832664498.0,0.004081093161166598
2021-11-16,129.63,130.5,128.09,129.01,47743813.0,2408299422.0,10832664498.0,0.00440739330649581
2021-11-17,128.06,129.45,127.78,128.22,35153171.0,1761772274.0,10832664498.0,0.0032451084409094565
2021-11-18,127.83,127.86,126.83,126.83,42332467.0,2100629356.0,10832664498.0,0.00390785360405242
2021-11-19,126.55,128.37,126.17,127.99,42829007.0,2129834610.0,10832664498.0,0.0039536908955232
2021-11-22,127.7,127.94,126.94,127.35,34005123.0,1689972482.0,10832664498.0,0.003139128236296643
2021-11-23,127.27,128.52,126.78,127.12,40224098.0,1998608178.0,10832664498.0,0.0037132229108938477
2021-11-24,127.12,128.09,126.42,127.45,36196146.0,1797538855.0,10832664498.0,0.0033413890005254735
2021-11-25,127.47,127.47,126.45,126.55,40741147.0,2015604610.0,10832664498.0,0.0037609534577131886
2021-11-26,126.14,126.19,124.78,124.81,58902348.0,2877589397.0,10832664498.0,0.0054374755177615764
2021-11-29,124.22,125.14,123.79,124.66,40427298.0,1962257345.0,10832664498.0,0.0037319809920693067
2021-11-30,124.27,125.09,123.4,123.53,46694734.0,2261836625.0,10832664498.0,0.0043105492659373966
2021-12-01,123.66,125.48,123.66,125.19,42213672.0,2056563216.0,10832664498.0,0.0038968872346959306
2021-12-02,124.53,125.89,124.04,125.22,38330050.0,1872134787.0,10832664498.0,0.003538376916138846
2021-12-03,125.48,126.17,124.19,125.5,42748910.0,2084975989.0,10832664498.0,0.003946296869795293
2021-12-06,125.78,127.45,125.78,125.91,61036902.0,3015007470.0,10832664498.0,0.0056345234370794965
2021-12-07,126.81,129.37,126.06,129.09,101150186.0,5055319580.0,10832664498.0,0.009337516731795305
2021-12-08,129.09,129.11,127.83,128.96,65354434.0,3276622573.0,10832664498.0,0.006033089459390732
2021-12-09,129.01,132.78,128.42,131.44,124929614.0,6402621864.0,10832664498.0,0.011532676381057066
2021-12-10,130.65,131.91,130.39,131.21,73770661.0,3780503005.0,10832664498.0,0.006810019918333116
2021-12-13,132.34,134.49,130.96,131.03,91858148.0,4747262450.0,10832664498.0,0.008479737189032253
2021-12-14,130.39,131.55,129.88,130.27,58733411.0,2990682219.0,10832664498.0,0.005421880370322903
2021-12-15,130.11,130.86,129.45,129.88,36383253.0,1846757807.0,10832664498.0,0.0033586614822897288
2021-12-16,130.11,131.39,129.37,131.16,51436592.0,2622388752.0,10832664498.0,0.004748286260457579
2021-12-17,130.7,131.68,129.06,129.47,53967033.0,2741367544.0,10832664498.0,0.004981879851440406
2021-12-20,128.7,130.27,128.6,128.81,42844182.0,2164397414.0,10832664498.0,0.003955091751240905
2021-12-21,128.83,131.01,128.81,130.24,39397878.0,2004481927.0,10832664498.0,0.003636951740476584
2021-12-22,130.47,130.65,128.42,128.55,42540466.0,2143777014.0,10832664498.0,0.003927054697194223
2021-12-23,128.58,129.11,127.45,128.65,40497888.0,2027860561.0,10832664498.0,0.0037384973943831636
2021-12-24,128.58,128.6,127.37,127.63,31293517.0,1560671249.0,10832664498.0,0.002888810689722517
2021-12-27,127.99,128.6,127.76,128.04,27470106.0,1373481524.0,10832664498.0,0.002535858652787753
2021-12-28,128.86,130.98,128.34,130.32,61735856.0,3137430544.0,10832664498.0,0.00569904625139993
2021-12-29,130.91,131.06,129.42,130.16,37646906.0,1913669685.0,10832664498.0,0.003475313576539791
2021-12-30,130.39,130.62,129.14,129.14,42787989.0,2167180060.0,10832664498.0,0.00394990438482608
2021-12-31,129.19,130.27,128.47,129.14,35800024.0,1805071299.0,10832664498.0,0.003304821635213538
2022-01-04,129.11,130.8,128.34,130.65,63583763.0,3221366643.0,10832664498.0,0.005869632813952585
2022-01-05,130.93,134.24,130.57,133.39,118124669.0,6124173628.0,10832664498.0,0.010904488828377263
2022-01-06,133.19,133.26,131.21,131.42,66165825.0,3408947588.0,10832664498.0,0.006107991714523789
2022-01-07,131.91,136.62,131.8,135.62,123075974.0,6481039300.0,10832664498.0,0.011361560585830302
2022-01-10,135.75,137.21,134.49,135.98,76113442.0,4033301415.0,10832664498.0,0.007026289978246126
2022-01-11,136.21,137.67,134.6,135.42,68092028.0,3612879174.0,10832664498.0,0.006285806046386059
2022-01-12,134.75,135.29,132.85,134.49,57292274.0,2998981427.0,10832664498.0,0.005288844126076063
2022-01-13,134.62,137.52,133.98,133.98,72866329.0,3862897678.0,10832664498.0,0.006726537964270293
2022-01-14,134.11,134.49,130.8,130.91,77939676.0,4014279656.0,10832664498.0,0.007194875832662384
2022-01-17,130.93,131.75,130.01,130.5,46056724.0,2348769409.0,10832664498.0,0.004251652398955336
2022-01-18,130.5,132.16,129.63,131.24,63697991.0,3252038698.0,10832664498.0,0.005880177588049584
2022-01-19,131.42,132.8,130.93,131.8,48331572.0,2488231273.0,10832664498.0,0.004461651333236002
2022-01-20,131.93,137.11,131.8,136.8,144835941.0,7661793651.0,10832664498.0,0.013370296940954887
2022-01-21,137.06,137.82,135.77,137.18,104189534.0,5564930631.0,10832664498.0,0.009618089253962972
2022-01-24,137.13,137.13,134.57,136.11,54264076.0,2873364829.0,10832664498.0,0.005009300898224865
2022-01-25,134.75,135.52,130.91,131.16,77666210.0,4032087602.0,10832664498.0,0.00716963125871195
2022-01-26,132.39,133.7,131.21,132.78,48327488.0,2502203700.0,10832664498.0,0.00446127432534466
2022-01-27,131.93,131.93,130.06,130.11,58650221.0,2992952669.0,10832664498.0,0.005414200819274741
2022-01-28,130.7,131.55,127.58,128.01,72935539.0,3688023391.0,10832664498.0,0.006732926974103726
2022-02-07,131.52,134.42,129.88,133.16,94041650.0,4858781710.0,10832664498.0,0.008681303664242773
2022-02-08,132.6,135.85,132.5,135.77,86611569.0,4567112317.0,10832664498.0,0.007995407687184517
2022-02-09,136.39,138.34,135.47,135.88,88043453.0,4695366257.0,10832664498.0,0.008127589755618775
2022-02-10,136.24,138.8,135.26,138.8,96278716.0,5186085981.0,10832664498.0,0.008887814813961573
2022-02-11,139.23,144.05,138.54,142.41,158377687.0,8759711015.0,10832664498.0,0.014620381442556516
2022-02-14,140.92,141.67,137.52,138.08,94465413.0,5121073205.0,10832664498.0,0.008720422664012243
2022-02-15,137.18,138.08,135.54,136.49,63540572.0,3385015077.0,10832664498.0,0.005865645706255492
2022-02-16,137.06,138.8,136.49,137.93,52320987.0,2818960513.0,10832664498.0,0.004829927762431843
2022-02-17,138.59,139.95,136.7,137.44,50490447.0,2723626777.0,10832664498.0,0.004660944406551305
2022-02-18,137.31,139.87,136.9,139.62,48422611.0,2621179790.0,10832664498.0,0.004470055452094922
2022-02-21,138.59,138.98,137.08,138.75,38792845.0,2089115306.0,10832664498.0,0.003581099092209696
2022-02-22,137.11,137.31,135.03,135.95,57749929.0,3064280601.0,10832664498.0,0.0053310918113140295
2022-02-23,136.03,136.54,134.98,135.49,46360166.0,2449763789.0,10832664498.0,0.004279664159132716
2022-02-24,133.6,133.85,130.88,131.83,97539602.0,5039207433.0,10832664498.0,0.009004211477057046
2022-02-25,132.44,133.37,131.19,131.68,54441639.0,2808109116.0,10832664498.0,0.00502569234097958
2022-02-28,130.91,130.91,128.73,130.04,73188326.0,3707888597.0,10832664498.0,0.006756262599429025
2022-03-01,130.68,131.68,129.55,131.65,56803579.0,2895181121.0,10832664498.0,0.005243731033162474
2022-03-02,130.39,131.24,129.88,130.04,43692256.0,2222138928.0,10832664498.0,0.004033380338518446
2022-03-03,130.14,131.14,129.88,130.45,35267571.0,1795901327.0,10832664498.0,0.0032556690929098136
2022-03-04,129.29,129.32,127.99,128.34,70086471.0,3510136279.0,10832664498.0,0.006469919844091898
2022-03-07,127.12,127.12,124.66,125.22,78459673.0,3847577920.0,10832664498.0,0.007242878519360196
2022-03-08,124.81,125.68,121.17,121.61,83440296.0,4021028004.0,10832664498.0,0.007702656720828501
2022-03-09,121.97,122.79,116.56,120.2,82554495.0,3878723586.0,10832664498.0,0.007620885426225632
2022-03-10,122.84,123.07,120.04,120.17,58775280.0,2783372911.0,10832664498.0,0.005425745439716285
2022-03-11,117.84,121.43,117.07,120.76,66707823.0,3085709544.0,10832664498.0,0.006158025388150445
2022-03-14,117.84,119.3,117.25,117.35,59257848.0,2734567243.0,10832664498.0,0.005470292928479469
2022-03-15,115.41,115.79,109.0,109.26,126937879.0,5571772301.0,10832664498.0,0.01171806613446176
2022-03-16,110.9,114.38,108.44,113.46,100969426.0,4391918356.0,10832664498.0,0.009320830163127609
2022-03-17,116.56,118.35,114.64,116.56,109572199.0,4982734513.0,10832664498.0,0.010114981316021553
2022-03-18,115.41,123.94,115.07,122.79,155232341.0,7308943910.0,10832664498.0,0.014330023885504813
2022-03-21,122.38,122.38,119.46,120.51,94951866.0,4472952775.0,10832664498.0,0.008765328790301837
2022-03-22,119.12,122.61,118.99,122.45,74211155.0,3516558054.0,10832664498.0,0.006850683413457637
2022-03-23,121.84,123.38,120.79,122.71,57702918.0,2748027970.0,10832664498.0,0.0053267520664609805
2022-03-24,121.76,124.81,121.43,123.61,61075714.0,2943276289.0,10832664498.0,0.005638106304434723
2022-03-25,122.99,124.99,121.89,122.02,55993803.0,2696644333.0,10832664498.0,0.005168977864156871
2022-03-28,121.43,123.27,120.22,122.58,39368626.0,1872940911.0,10832664498.0,0.003634251389145164
2022-03-29,122.84,123.48,120.79,120.94,32235684.0,1532063820.0,10832664498.0,0.0029757853209569606
2022-03-30,121.81,125.09,121.56,124.76,57542713.0,2776948845.0,10832664498.0,0.005311962999557858
2022-03-31,123.99,126.17,123.73,124.12,42349781.0,2063589520.0,10832664498.0,0.003909451918114782
2022-04-01,123.73,125.81,123.25,125.42,47367667.0,2307234644.0,10832664498.0,0.004372669993494707
2022-04-06,125.66,127.88,125.53,126.91,64005275.0,3166678385.0,10832664498.0,0.0059085440162775366
2022-04-07,126.04,126.86,123.71,124.19,50112992.0,2447803110.0,10832664498.0,0.004626100255320582
2022-04-08,123.86,126.17,123.86,126.14,43473184.0,2124961295.0,10832664498.0,0.00401315705919133
2022-04-11,125.3,125.48,121.74,121.99,50640496.0,2433396186.0,10832664498.0,0.004674795938649221
2022-04-12,122.61,125.22,121.63,124.17,46739555.0,2251825857.0,10832664498.0,0.004314686844462816
2022-04-13,123.61,123.94,122.15,122.5,31775137.0,1524357801.0,10832664498.0,0.002933270665390453
2022-04-14,123.91,124.3,122.71,123.45,35884891.0,1731655003.0,10832664498.0,0.0033126559958194324
2022-04-15,122.97,124.86,122.71,123.73,31411511.0,1520937851.0,10832664498.0,0.0028997031160523253
2022-04-18,122.94,122.94,119.97,120.4,40537521.0,1912485738.0,10832664498.0,0.0037421560510329027
2022-04-19,120.53,121.1,118.17,118.97,36954300.0,1723558436.0,10832664498.0,0.003411376767629308
2022-04-20,119.51,119.87,117.41,117.61,38060988.0,1755500125.0,10832664498.0,0.003513538890365069
2022-04-21,117.53,120.86,117.35,118.41,54904356.0,2554919426.0,10832664498.0,0.0050684073166058835
2022-04-22,117.87,120.33,117.61,119.02,39732577.0,1851934816.0,10832664498.0,0.0036678489403355655
2022-04-25,115.28,118.3,114.51,114.9,67392037.0,3063041722.0,10832664498.0,0.006221187503078525
2022-04-26,114.87,115.74,111.46,111.67,63892364.0,2826379496.0,10832664498.0,0.005898120818917289
2022-04-27,111.21,113.23,110.62,112.49,53108352.0,2325674730.0,10832664498.0,0.004902612096018041
2022-04-28,112.18,112.49,110.57,111.85,52599939.0,2288623796.0,10832664498.0,0.004855678767648657
2022-04-29,112.21,115.59,111.69,114.15,51638636.0,2285939805.0,10832664498.0,0.004766937627352336
2022-05-05,114.74,116.77,114.64,115.33,42878154.0,1935547321.0,10832664498.0,0.003958227821780731
2022-05-06,113.87,115.23,112.72,112.87,37231482.0,1649081440.0,10832664498.0,0.0034369643781429703
2022-05-09,112.92,113.77,112.39,113.61,25611950.0,1131162026.0,10832664498.0,0.0023643259702844717
2022-05-10,112.33,114.46,111.95,113.92,40469305.0,1788324114.0,10832664498.0,0.0037358588007107315
2022-05-11,113.85,115.31,113.26,114.59,60728482.0,2710550320.0,10832664498.0,0.005606052140838674
2022-05-12,113.61,114.2,112.33,112.72,42773836.0,1889495299.0,10832664498.0,0.003948597873394601
2022-05-13,113.18,114.0,111.67,112.62,41233483.0,1813781044.0,10832664498.0,0.0038064026636856338
2022-05-16,113.1,113.26,110.62,111.08,46886281.0,2039402751.0,10832664498.0,0.004328231619160407
2022-05-17,111.44,112.41,110.85,112.26,40137298.0,1750419696.0,10832664498.0,0.0037052101085019683
2022-05-18,112.69,112.97,111.08,111.77,35234171.0,1534485032.0,10832664498.0,0.003252585825629989
2022-05-19,110.41,111.28,110.23,110.9,28281629.0,1221097064.0,10832664498.0,0.002610773093288502
2022-05-20,111.18,113.64,111.18,113.51,54975115.0,2416391969.0,10832664498.0,0.005074939319882923
2022-05-23,113.1,113.41,111.92,112.44,35909822.0,1576944733.0,10832664498.0,0.0033149574609856987
2022-05-24,112.21,113.0,110.44,110.52,39342426.0,1713116640.0,10832664498.0,0.0036318327782849423
2022-05-25,110.23,111.44,110.21,110.75,26374891.0,1140221233.0,10832664498.0,0.0024347556415939505
2022-05-26,110.95,111.57,110.03,110.54,40099222.0,1731580781.0,10832664498.0,0.0037016951838029686
2022-05-27,111.21,112.33,111.18,111.51,38790063.0,1691969135.0,10832664498.0,0.0035808422763542328
2022-05-30,112.54,113.64,112.0,113.1,52217489.0,2305387120.0,10832664498.0,0.004820373511026835
2022-05-31,113.31,114.72,112.72,113.23,54065261.0,2405912877.0,10832664498.0,0.004990947611271622
2022-06-01,113.36,114.13,112.49,113.15,32852073.0,1451299033.0,10832664498.0,0.003032686280098989
2022-06-02,112.21,112.79,111.57,112.72,34082891.0,1492824853.0,10832664498.0,0.003146307264135487
2022-06-06,112.69,113.41,111.0,113.38,54326745.0,2379234043.0,10832664498.0,0.005015086086163766
2022-06-07,113.38,113.69,112.59,113.1,43157460.0,1905453944.0,10832664498.0,0.003984011505938177
2022-06-08,113.36,114.54,112.87,114.23,52956201.0,2348846221.0,10832664498.0,0.0048885665211709575
2022-06-09,114.51,115.36,113.92,114.31,53243046.0,2381813809.0,10832664498.0,0.004915046155987762
2022-06-10,113.61,115.28,112.92,115.13,56531953.0,2516496823.0,10832664498.0,0.005218656315852606
2022-06-13,114.0,114.26,112.77,113.08,53712124.0,2376099098.0,10832664498.0,0.004958348337098107
2022-06-14,112.46,115.92,112.21,115.84,62895792.0,2792817386.0,10832664498.0,0.005806123877612221
2022-06-15,115.28,124.4,115.05,122.07,198589228.0,9379923906.0,10832664498.0,0.0183324451741919
2022-06-16,121.38,121.68,119.12,119.12,84493103.0,3962136640.0,10832664498.0,0.0077998449057108425
2022-06-17,118.79,121.07,118.48,120.48,56670396.0,2653020563.0,10832664498.0,0.005231436458727479
2022-06-20,120.95,121.29,119.17,119.99,57061489.0,2589929721.0,10832664498.0,0.005267539579993
2022-06-21,120.84,123.75,120.23,122.03,68456932.0,3156745209.0,10832664498.0,0.006319491572238666
2022-06-22,122.22,122.53,120.1,120.1,43690689.0,2001539980.0,10832664498.0,0.004033235683433792
2022-06-23,120.71,123.01,120.71,122.35,49426523.0,2279310521.0,10832664498.0,0.004562729973694418
2022-06-24,122.82,123.93,122.27,123.7,53672389.0,2498586725.0,10832664498.0,0.004954680264482423
2022-06-27,123.93,124.6,123.01,123.8,44985821.0,2106674711.0,10832664498.0,0.0041527937109383925
2022-06-28,123.86,124.83,122.61,124.07,35170689.0,1642425117.0,10832664498.0,0.003246725586903707
2022-06-29,124.04,125.5,123.22,123.78,41277246.0,1939726830.0,10832664498.0,0.0038104425746427286
2022-06-30,123.8,124.86,122.9,123.51,39185266.0,1837626219.0,10832664498.0,0.003617324805659277
2022-07-01,123.54,124.28,122.0,122.51,35756842.0,1657492966.0,10832664498.0,0.0033008353583369697
2022-07-04,122.22,123.01,121.16,122.9,40712960.0,1877564069.0,10832664498.0,0.0037583514201438347
2022-07-05,122.96,125.79,122.69,123.3,45256850.0,2123843409.0,10832664498.0,0.004177813317153469
2022-07-06,123.33,123.35,121.02,121.29,38956093.0,1790455442.0,10832664498.0,0.003596169068763492
2022-07-07,120.76,122.06,120.6,120.63,29372210.0,1344724700.0,10832664498.0,0.002711448324225577
2022-07-08,121.45,122.69,120.84,121.21,29228342.0,1342052754.0,10832664498.0,0.0026981673812012117
2022-07-11,120.65,121.08,119.62,120.05,28113511.0,1278575006.0,10832664498.0,0.002595253550517558
2022-07-12,120.05,121.0,119.36,120.39,25405548.0,1155657117.0,10832664498.0,0.0023452723016290722
2022-07-13,120.15,120.71,119.04,119.25,29658829.0,1343407216.0,10832664498.0,0.0027379070962158768
2022-07-14,118.78,119.15,114.89,115.34,90304414.0,3963303835.0,10832664498.0,0.008336306733830132
2022-07-15,115.36,116.63,112.96,112.98,69404157.0,3006689109.0,10832664498.0,0.0064069331246078805
2022-07-18,113.09,115.58,113.01,114.94,35524425.0,1539005271.0,10832664498.0,0.0032793801567987967
2022-07-19,114.86,115.79,113.49,114.81,35610607.0,1540543119.0,10832664498.0,0.0032873359095146604
2022-07-20,115.81,115.95,114.7,114.81,24956569.0,1086228779.0,10832664498.0,0.002303825527376727
2022-07-21,114.36,114.41,112.82,113.06,40556770.0,1740841568.0,10832664498.0,0.0037439329915080325
2022-07-22,113.22,114.7,113.17,113.88,29435598.0,1268468017.0,10832664498.0,0.0027172998854930472
2022-07-25,113.75,114.07,113.01,113.54,22513504.0,965101818.0,10832664498.0,0.002078297911299348
2022-07-26,113.62,114.52,113.54,114.28,22847447.0,986279479.0,10832664498.0,0.0021091253222342713
2022-07-27,113.91,114.23,112.96,113.19,29639869.0,1269990091.0,10832664498.0,0.0027361568343109224
2022-07-28,113.49,114.41,112.98,113.01,34874952.0,1497610795.0,10832664498.0,0.0032194251014086932
2022-07-29,113.19,114.15,111.37,111.42,46070387.0,1954616265.0,10832664498.0,0.004252913676824924
2022-08-01,111.4,111.42,110.44,110.68,30655094.0,1283322797.0,10832664498.0,0.0028298756973097203
2022-08-02,109.86,109.91,107.22,108.91,60400823.0,2476611786.0,10832664498.0,0.0055758048272566375
2022-08-03,108.83,109.52,107.77,108.01,40785171.0,1673612768.0,10832664498.0,0.0037650174624654937
2022-08-04,108.78,109.25,108.19,108.67,25116335.0,1032245453.0,10832664498.0,0.002318574068700932
2022-08-05,109.23,110.26,108.41,109.89,29671019.0,1224704136.0,10832664498.0,0.0027390323964596214
2022-08-08,109.25,109.89,108.46,108.94,30159403.0,1242870500.0,10832664498.0,0.002784116779908418
2022-08-09,108.91,109.01,108.25,108.35,25139703.0,1031147757.0,10832664498.0,0.00232073124803611
2022-08-10,108.35,108.67,106.77,106.87,46008881.0,1866972936.0,10832664498.0,0.004247235849360467
2022-08-11,107.37,110.26,106.93,109.68,61070138.0,2510973870.0,10832664498.0,0.005637591564963097
2022-08-12,109.15,110.47,108.83,110.07,35993337.0,1493312068.0,10832664498.0,0.0033226670138861345
2022-08-15,109.6,110.47,108.8,108.83,33276942.0,1373975117.0,10832664498.0,0.0030719073784795806
2022-08-16,109.36,109.7,108.19,108.43,27739045.0,1140974334.0,10832664498.0,0.0025606853240143614
2022-08-17,108.59,109.73,107.72,109.23,37572182.0,1546602944.0,10832664498.0,0.0034684155506650126
2022-08-18,108.86,108.94,107.82,107.96,29407958.0,1202109471.0,10832664498.0,0.002714748343348905
2022-08-19,107.67,109.15,107.45,108.38,32462874.0,1333438492.0,10832664498.0,0.0029967580003971797
2022-08-22,108.06,109.49,107.93,108.86,33971901.0,1399254504.0,10832664498.0,0.0031360614008005255
2022-08-23,108.51,108.86,107.61,107.72,33148018.0,1352611308.0,10832664498.0,0.003060005966779458
2022-08-24,109.39,112.27,109.39,110.07,115732982.0,4847936958.0,10832664498.0,0.0106837040897341
2022-08-25,110.71,114.36,110.26,114.01,110572586.0,4693638177.0,10832664498.0,0.010207330432915619
2022-08-26,114.04,114.6,112.48,114.07,72672640.0,3125914707.0,10832664498.0,0.006708657875762451
2022-08-29,113.22,114.33,112.4,113.94,44989303.0,1928428299.0,10832664498.0,0.004153115146167984
2022-08-30,113.7,114.52,112.45,113.46,38892928.0,1667749812.0,10832664498.0,0.0035903380933823507
2022-08-31,112.98,117.11,112.85,115.97,84223803.0,3683929175.0,10832664498.0,0.007774984909349862
2022-09-01,115.34,116.74,114.83,115.47,45521324.0,1994635784.0,10832664498.0,0.004202227809086532
2022-09-02,116.1,117.14,114.44,115.6,44914485.0,1962968880.0,10832664498.0,0.0041462084428343935
2022-09-05,115.07,116.13,113.8,115.87,41749075.0,1817090269.0,10832664498.0,0.0038539987098933966
2022-09-06,116.13,117.59,115.13,116.13,44977165.0,1978062625.0,10832664498.0,0.004151994646220603
2022-09-07,115.34,115.89,114.17,115.34,37641074.0,1635174365.0,10832664498.0,0.0034747752048399127
2022-09-08,115.97,117.06,115.5,115.97,32129830.0,1412332844.0,10832664498.0,0.0029660135792013154
2022-09-09,116.37,118.46,116.0,118.22,57786668.0,2574448406.0,10832664498.0,0.005334483313008445
2022-09-13,118.19,120.02,117.32,119.2,52966319.0,2382977236.0,10832664498.0,0.004889500548067283
2022-09-14,117.8,119.52,117.74,118.11,35508365.0,1588553121.0,10832664498.0,0.003277897603729516
2022-09-15,118.17,120.63,118.14,119.28,59444223.0,2686935859.0,10832664498.0,0.005487497836841065
2022-09-16,118.56,118.96,116.05,116.21,62492037.0,2762703829.0,10832664498.0,0.005768851884182115
2022-09-19,116.18,117.67,115.23,116.21,40538305.0,1781779182.0,10832664498.0,0.003742228424731926
2022-09-20,116.79,116.9,114.07,114.38,35764951.0,1553335669.0,10832664498.0,0.0033015839276295473
2022-09-21,114.01,114.97,113.49,114.15,30353672.0,1310421741.0,10832664498.0,0.002802050410183395
2022-09-22,112.69,113.3,112.19,112.37,37622972.0,1602976216.0,10832664498.0,0.003473104147824961
2022-09-23,112.19,114.91,112.19,113.8,37532565.0,1617285955.0,10832664498.0,0.003464758371029539
2022-09-26,113.06,114.6,112.22,112.4,30712391.0,1314360555.0,10832664498.0,0.002835164977708885
2022-09-27,112.24,113.06,111.82,112.27,31229142.0,1325580710.0,10832664498.0,0.0028828680151375256
2022-09-28,111.63,112.43,110.71,110.81,42204372.0,1776629021.0,10832664498.0,0.0038960287201539436
2022-09-29,111.71,112.0,108.86,109.31,42655827.0,1779041936.0,10832664498.0,0.003937704062363919
2022-09-30,109.39,111.05,109.39,109.99,33161940.0,1383518533.0,10832664498.0,0.0030612911538174734
2022-10-10,109.99,111.58,109.46,109.6,41387647.0,1727384870.0,10832664498.0,0.003820634065390031
2022-10-11,110.23,110.76,108.78,108.99,26931732.0,1114241528.0,10832664498.0,0.0024861595228922967
2022-10-12,109.01,111.1,107.93,110.89,36247330.0,1501647670.0,10832664498.0,0.003346113969161717
2022-10-13,110.58,110.84,108.99,109.41,38384620.0,1588577623.0,10832664498.0,0.0035434144579190863
2022-10-14,110.44,111.98,110.1,110.95,43441714.0,1827652559.0,10832664498.0,0.004010251956757315
2022-10-17,110.34,111.5,109.94,111.37,34142518.0,1430847500.0,10832664498.0,0.0031518116347371066
2022-10-18,112.16,112.27,110.23,110.44,41635680.0,1742913096.0,10832664498.0,0.0038435308328516092
2022-10-19,110.18,111.05,109.15,109.17,36436126.0,1509504643.0,10832664498.0,0.0033635423682444043
2022-10-20,109.27,109.51,107.92,108.21,45021418.0,1807514976.0,10832664498.0,0.0041560797907395875
2022-10-21,108.46,108.86,106.83,107.24,45737748.0,1824460317.0,10832664498.0,0.004222206642552662
2022-10-24,107.27,108.0,101.72,101.97,95125183.0,3662221955.0,10832664498.0,0.00878132827039577
2022-10-25,101.64,103.81,100.51,102.02,55354891.0,2086575117.0,10832664498.0,0.005109997730495576
2022-10-26,101.53,103.18,101.45,101.89,49839519.0,1881859736.0,10832664498.0,0.004600855035176406
2022-10-27,101.99,103.02,101.56,101.86,45749726.0,1730022256.0,10832664498.0,0.004223312372357385
2022-10-28,101.45,101.97,99.34,99.34,50769159.0,1886380448.0,10832664498.0,0.004686673256554133
2022-10-31,98.42,99.18,97.1,97.77,56203354.0,2037108321.0,10832664498.0,0.005188322227682455
2022-11-01,98.59,101.37,98.37,101.32,56566488.0,2091019366.0,10832664498.0,0.005221844358831909
2022-11-02,100.86,101.7,100.42,101.16,45038490.0,1680470476.0,10832664498.0,0.004157655764961179
2022-11-03,100.56,100.88,99.26,99.88,34933463.0,1290754485.0,10832664498.0,0.0032248264502652744
2022-11-04,99.88,104.54,99.83,103.62,69205474.0,2627221798.0,10832664498.0,0.006388592023022331
2022-11-07,102.78,105.97,102.56,104.91,57480970.0,2221943096.0,10832664498.0,0.005306263293819589
2022-11-08,104.91,105.48,103.81,104.64,37048271.0,1430329888.0,10832664498.0,0.0034200515493524332
2022-11-09,104.91,105.18,103.56,103.78,26768675.0,1031501782.0,10832664498.0,0.002471107178196298
2022-11-10,102.78,104.67,102.18,104.02,32317534.0,1236147201.0,10832664498.0,0.0029833411720603625
2022-11-11,106.67,110.81,106.35,109.08,104667558.0,4184006246.0,10832664498.0,0.009662217270674674
2022-11-14,112.68,113.92,111.46,112.51,121668038.0,5070952841.0,10832664498.0,0.011231589238498357
2022-11-15,112.19,116.17,111.73,114.92,93442402.0,3962244633.0,10832664498.0,0.008625985048946358
2022-11-16,115.27,115.81,114.33,114.41,59652791.0,2535605302.0,10832664498.0,0.005506751456302695
2022-11-17,114.38,115.63,113.46,115.11,50398025.0,2132247154.0,10832664498.0,0.004652412618271786
2022-11-18,115.44,115.79,113.76,114.03,39246432.0,1662329885.0,10832664498.0,0.003622971246570587
2022-11-21,112.92,112.92,109.97,111.46,51118530.0,2095472926.0,10832664498.0,0.004718924878494839
2022-11-22,111.43,114.62,110.89,113.52,47181359.0,1972258355.0,10832664498.0,0.004355471270130349
2022-11-23,113.65,114.79,112.95,112.97,44962046.0,1891828117.0,10832664498.0,0.004150598960052829
2022-11-24,114.16,114.62,112.7,113.06,24907646.0,1045792695.0,10832664498.0,0.002299309279318917
2022-11-25,113.0,116.17,112.92,115.63,59795984.0,2548257668.0,10832664498.0,0.005519970087787722
2022-11-28,112.6,113.16,110.86,112.0,51031527.0,2109183792.0,10832664498.0,0.004710893336484462
2022-11-29,114.46,121.44,114.46,121.12,175320480.0,7711820167.0,10832664498.0,0.016184428127758305
2022-11-30,121.22,124.88,120.63,121.58,116501586.0,5275015084.0,10832664498.0,0.010754656531780276
2022-12-01,124.36,125.2,120.85,121.25,85932650.0,3903629718.0,10832664498.0,0.00793273437166502
2022-12-02,121.22,121.71,119.01,120.68,60778715.0,2706020115.0,10832664498.0,0.005610689319439495
2022-12-05,123.2,127.96,122.66,127.88,138043595.0,6429395576.0,10832664498.0,0.012743272444695997
2022-12-06,127.88,128.96,126.42,128.31,87827308.0,4150406717.0,10832664498.0,0.008107636677588905
2022-12-07,128.31,128.42,125.42,126.31,83145478.0,3892709695.0,10832664498.0,0.007675441071340378
2022-12-08,125.44,127.66,125.23,127.53,44836406.0,2105302841.0,10832664498.0,0.004139000705530758
2022-12-09,127.31,129.5,126.31,128.74,70957885.0,3366745982.0,10832664498.0,0.0065503630259296525
2022-12-12,127.66,127.88,124.63,124.88,65647053.0,3059653871.0,10832664498.0,0.0060601021117307015
2022-12-13,125.66,127.36,125.23,126.31,42366316.0,1979657203.0,10832664498.0,0.003910978320045078
2022-12-14,127.34,127.42,124.79,126.82,34697318.0,1619354235.0,10832664498.0,0.003203027104403174
2022-12-15,126.58,127.36,123.87,125.58,40402095.0,1868384991.0,10832664498.0,0.003729654417660522
2022-12-16,124.71,127.15,124.6,126.85,42134762.0,1968605781.0,10832664498.0,0.003889602784963866
2022-12-19,126.85,127.85,122.93,123.79,50589649.0,2332626032.0,10832664498.0,0.0046701020796259506
2022-12-20,123.23,124.09,120.57,121.52,49524516.0,2234976305.0,10832664498.0,0.004571776039878605
2022-12-21,121.98,123.33,121.55,122.41,29789568.0,1349879759.0,10832664498.0,0.0027499760567217743
2022-12-22,124.42,124.9,123.47,124.09,35346187.0,1622741421.0,10832664498.0,0.003262926402504744
2022-12-23,123.14,124.44,122.58,123.44,30647249.0,1399528670.0,10832664498.0,0.002829151498752528
2022-12-26,123.44,124.09,120.79,120.79,40328181.0,1814152593.0,10832664498.0,0.0037228311656329486
2022-12-27,122.44,124.28,121.79,123.28,34779327.0,1583385185.0,10832664498.0,0.0032105976333358425
2022-12-28,122.87,125.63,122.52,125.17,45626696.0,2106156213.0,10832664498.0,0.0042119550557874206
2022-12-29,124.28,124.44,122.01,123.93,46957620.0,2138459930.0,10832664498.0,0.004334817164204581
2022-12-30,124.42,127.66,124.42,127.12,55300540.0,2594030160.0,10832664498.0,0.005104980405348099
2023-01-03,126.01,127.82,124.58,127.53,60230443.0,2815200404.0,10832664498.0,0.005560076471593868
2023-01-04,127.93,131.53,127.93,131.26,86949610.0,4183124625.0,10832664498.0,0.008026613398398264
2023-01-05,133.07,133.88,131.18,132.34,73704809.0,3608715198.0,10832664498.0,0.006803940896868714
2023-01-06,133.88,134.77,132.66,134.53,78034581.0,3867148878.0,10832664498.0,0.007203636835093275
2023-01-09,135.23,137.8,134.42,137.7,88185743.0,4446813321.0,10832664498.0,0.008140725028111176
2023-01-10,137.67,137.7,132.91,133.1,83794865.0,4173814429.0,10832664498.0,0.007735388187778803
2023-01-11,133.88,137.94,133.72,137.13,96689497.0,4881812304.0,10832664498.0,0.008925735401281141
2023-01-12,137.67,138.24,136.4,137.7,60025574.0,3057087228.0,10832664498.0,0.0055411643193678094
2023-01-13,138.48,141.59,138.07,141.59,89625747.0,4644412350.0,10832664498.0,0.00827365668128532
2023-01-16,142.05,144.65,139.26,140.89,122979440.0,6455990323.0,10832664498.0,0.011352649204884477
2023-01-17,140.54,140.83,137.94,139.29,69887253.0,3592536756.0,10832664498.0,0.006451529354841836
2023-01-18,139.29,140.29,138.37,139.43,41960296.0,2162689506.0,10832664498.0,0.0038734972367829718
2023-01-19,139.02,140.29,138.34,140.13,51046054.0,2627239788.0,10832664498.0,0.004712234373124402
2023-01-20,140.91,141.29,139.29,140.91,49706934.0,2584605516.0,10832664498.0,0.004588615664149595
2023-01-30,144.94,144.97,139.24,139.24,85757885.0,4495653729.0,10832664498.0,0.007916601221780034
2023-01-31,139.99,141.4,137.53,137.88,61241827.0,3152658911.0,10832664498.0,0.005653440758855485
2023-02-01,139.43,139.97,136.34,138.89,56530105.0,2882194846.0,10832664498.0,0.005218485720704908
2023-02-02,139.56,139.56,136.32,137.48,63621734.0,3228009417.0,10832664498.0,0.0058731380457454655
2023-02-03,136.59,136.72,132.26,134.15,92731026.0,4582149777.0,10832664498.0,0.008560315517675327
2023-02-06,131.99,132.15,129.07,130.26,92159525.0,4431728036.0,10832664498.0,0.008507558322055955
2023-02-07,131.18,132.1,130.37,131.72,44436330.0,2159384254.0,10832664498.0,0.004102068333068391
2023-02-08,131.85,133.04,130.85,131.18,34718961.0,1690893371.0,10832664498.0,0.0032050250431378217
2023-02-09,131.18,134.02,130.88,133.39,56490688.0,2781766993.0,10832664498.0,0.005214847003747757
2023-02-10,133.77,134.02,132.56,133.34,30917292.0,1523061151.0,10832664498.0,0.0028540800839634757
2023-02-13,133.04,133.34,130.61,133.21,45797264.0,2238401665.0,10832664498.0,0.004227700766367813
2023-02-14,133.34,134.96,132.99,134.96,37040170.0,1835463536.0,10832664498.0,0.0034193037185669887
2023-02-15,134.8,134.94,131.74,132.2,46102667.0,2259845455.0,10832664498.0,0.0042558935531061435
2023-02-16,132.75,135.37,132.53,133.07,57689131.0,2860716311.0,10832664498.0,0.005325479341730832
2023-02-17,133.07,134.77,131.74,131.99,41751901.0,2060475453.0,10832664498.0,0.0038542595875380907
2023-02-20,132.12,135.21,131.85,135.1,66428495.0,3282290633.0,10832664498.0,0.006132239673098385
2023-02-21,134.86,135.56,133.75,135.26,42665990.0,2125602116.0,10832664498.0,0.003938642243362866
2023-02-22,133.88,135.13,132.83,133.02,44604615.0,2203189302.0,10832664498.0,0.004117603292175734
2023-02-23,132.53,134.42,132.02,132.48,38525359.0,1892251718.0,10832664498.0,0.003556406552341099
2023-02-24,132.23,132.56,130.12,130.37,44654799.0,2161452476.0,10832664498.0,0.004122235947420366
2023-02-27,129.82,130.88,129.23,129.28,46791711.0,2244410611.0,10832664498.0,0.004319501541715707
2023-02-28,129.85,130.58,128.5,130.37,38041710.0,1823303793.0,10832664498.0,0.0035117592728015827
2023-03-01,129.88,135.23,129.85,135.21,72432311.0,3581072361.0,10832664498.0,0.006686472290669848
2023-03-02,135.15,136.48,134.48,135.77,38088855.0,1909221050.0,10832664498.0,0.0035161113876491074
2023-03-03,136.53,137.02,134.83,135.99,28413325.0,1427339465.0,10832664498.0,0.002622930397710172
2023-03-06,135.23,135.69,131.04,131.39,77323721.0,3780641354.0,10832664498.0,0.0071380149375323155
2023-03-07,131.31,133.07,129.15,129.58,58730233.0,2843224086.0,10832664498.0,0.005421586998364362
2023-03-08,128.61,128.77,127.09,127.74,52741684.0,2488962345.0,10832664498.0,0.004868763729342631
2023-03-09,128.15,128.15,125.69,126.15,51832490.0,2426875267.0,10832664498.0,0.004784832947569794
2023-03-10,124.58,126.17,124.42,124.42,45709202.0,2110237422.0,10832664498.0,0.00421957146447572
2023-03-13,124.42,126.55,124.17,125.77,39948280.0,1851804405.0,10832664498.0,0.0036877612158463433
2023-03-14,125.01,125.01,122.77,122.95,49073263.0,2241541531.0,10832664498.0,0.004530119344973735
2023-03-15,124.5,126.2,123.82,124.28,44364320.0,2047438825.0,10832664498.0,0.004095420845738446
2023-03-16,121.44,123.96,121.03,122.33,78960922.0,3568856007.0,10832664498.0,0.007289150514592075
2023-03-17,123.9,127.01,123.9,124.96,95019092.0,4408443469.0,10832664498.0,0.008771534650366312
2023-03-20,124.42,125.98,123.23,123.28,71924435.0,3301843809.0,10832664498.0,0.00663958853459176
2023-03-21,124.12,125.5,123.82,124.44,44665895.0,2056710352.0,10832664498.0,0.004123260256813688
2023-03-22,125.09,126.5,125.01,125.77,55225117.0,2572426396.0,10832664498.0,0.005098017852412584
2023-03-23,125.23,126.82,125.23,126.8,55427358.0,2584644862.0,10832664498.0,0.005116687405045488
2023-03-24,126.58,126.58,124.58,124.96,43769382.0,2023789516.0,10832664498.0,0.004040500101159876
2023-03-27,125.12,125.31,123.06,124.39,36217267.0,1658727910.0,10832664498.0,0.0033433387516697004
2023-03-28,124.66,125.44,123.55,124.09,28332434.0,1300822902.0,10832664498.0,0.0026154630751493253
2023-03-29,125.31,125.98,122.79,122.85,40902005.0,1872693109.0,10832664498.0,0.003775802805261033
2023-03-30,123.09,123.6,121.55,123.01,45003047.0,2035988419.0,10832664498.0,0.004154383901422293
2023-03-31,123.33,125.23,122.74,123.33,52453993.0,2401305125.0,10832664498.0,0.0048422059973965235
2023-04-03,123.2,124.14,122.49,123.55,45121453.0,2056827917.0,10832664498.0,0.004165314360869445
2023-04-04,123.52,124.04,122.33,123.25,47348640.0,2156604420.0,10832664498.0,0.004370913546592514
2023-04-06,123.2,123.2,121.79,121.93,36162706.0,1634323043.0,10832664498.0,0.0033383020407099845
2023-04-07,122.49,123.82,122.12,123.41,32633630.0,1487335021.0,10832664498.0,0.0030125210658951953
2023-04-10,123.68,125.15,123.06,124.58,52736929.0,2426394064.0,10832664498.0,0.004868324779165518
2023-04-11,124.47,125.23,123.41,123.5,54309402.0,2495273529.0,10832664498.0,0.005013485095013048
2023-04-12,123.87,124.63,122.93,123.33,46093797.0,2107727788.0,10832664498.0,0.00425507473332255
2023-04-13,122.52,122.71,121.2,122.04,56947936.0,2561593686.0,10832664498.0,0.005257057117435337
2023-04-14,122.66,124.33,122.25,123.04,42891917.0,1954054640.0,10832664498.0,0.00395949833098948
2023-04-17,122.6,128.42,121.76,128.42,103616133.0,4813786757.0,10832664498.0,0.009565156662899539
2023-04-18,127.66,132.75,127.47,131.5,131027522.0,6375510317.0,10832664498.0,0.01209559495027204
2023-04-19,131.31,132.26,130.55,130.91,49716461.0,2414735651.0,10832664498.0,0.004589495133831477
2023-04-20,130.93,132.39,130.15,131.96,47673429.0,2314705514.0,10832664498.0,0.004400895920740626
2023-04-21,131.45,131.69,126.12,126.42,81197565.0,3837366387.0,10832664498.0,0.007495622615746223
2023-04-24,126.8,129.15,124.96,125.5,58748216.0,2760342072.0,10832664498.0,0.005423247070085711
2023-04-25,125.88,127.34,124.09,124.66,61758322.0,2862045073.0,10832664498.0,0.0057011201640558735
2023-04-26,124.04,125.09,123.5,123.85,50514702.0,2320864199.0,10832664498.0,0.004663183467864842
2023-04-27,127.07,136.23,126.61,136.23,257064456.0,12656922048.0,10832664498.0,0.023730491796128364
2023-04-28,136.88,142.4,135.99,140.1,214950248.0,11104959198.0,10832664498.0,0.019842786420615682
2023-05-04,137.32,147.0,136.83,145.24,183764085.0,9743135594.0,10832664498.0,0.016963885942736227
2023-05-05,146.05,148.76,144.0,145.59,126410712.0,6829552784.0,10832664498.0,0.011669401560746093
2023-05-08,146.03,148.97,144.73,148.54,150405384.0,8223158231.0,10832664498.0,0.013884431113671882
2023-05-09,148.54,151.46,144.35,144.65,146158707.0,7986736176.0,10832664498.0,0.01349240595672328
2023-05-10,144.65,145.67,140.94,141.48,105561049.0,5557565461.0,10832664498.0,0.009744698455259037
2023-05-11,143.08,144.62,141.08,141.59,59388396.0,3128956427.0,10832664498.0,0.005482344257127569
2023-05-12,141.54,142.0,138.4,138.67,62668147.0,3238681436.0,10832664498.0,0.005785109195578818
2023-05-15,138.7,145.7,137.34,145.27,111375355.0,5846884591.0,10832664498.0,0.010281436761986201
2023-05-16,145.16,145.57,142.81,143.89,64496860.0,3436268826.0,10832664498.0,0.005953923894892881
2023-05-17,142.78,142.94,139.51,140.4,64255230.0,3344510652.0,10832664498.0,0.005931618210077792
2023-05-18,140.1,142.94,139.37,140.16,55516636.0,2891022410.0,10832664498.0,0.00512492896002178
2023-05-19,138.51,139.83,137.4,138.05,55423641.0,2831437768.0,10832664498.0,0.005116344276168867
2023-05-22,137.94,140.24,137.4,139.07,49881234.0,2562556972.0,10832664498.0,0.004604705888307481
2023-05-23,139.02,139.75,134.96,134.96,68538645.0,3460781263.0,10832664498.0,0.006327034776407417
2023-05-24,134.86,134.96,130.91,131.1,71313356.0,3491629222.0,10832664498.0,0.006583177759559188
2023-05-25,130.85,131.85,129.55,130.91,52552892.0,2535605262.0,10832664498.0,0.0048513356995135105
2023-05-26,130.88,132.2,129.31,131.01,40336573.0,1953764069.0,10832664498.0,0.0037236058596153525
2023-05-29,131.53,131.85,129.28,129.93,48434379.0,2333255082.0,10832664498.0,0.004471141796087407
2023-05-30,129.96,130.72,128.26,129.8,57029059.0,2728137415.0,10832664498.0,0.005264545856703038
2023-05-31,129.01,129.26,127.12,127.12,61068932.0,2880503904.0,10832664498.0,0.005637480235012813
2023-06-01,127.26,129.64,126.85,128.34,51807430.0,2460498429.0,10832664498.0,0.004782519573976009
2023-06-02,129.5,133.07,129.36,132.8,83284040.0,4054040689.0,10832664498.0,0.007688232199508853
2023-06-05,131.88,132.34,130.45,131.2,46645590.0,2261940201.0,10832664498.0,0.00430601261662004
2023-06-06,130.74,135.04,130.5,131.88,64450197.0,3172322394.0,10832664498.0,0.005949616275100113
2023-06-07,133.61,134.4,131.91,132.56,42543624.0,2093897751.0,10832664498.0,0.003927346222884932
2023-06-08,132.31,135.13,131.66,134.34,57228383.0,2830351412.0,10832664498.0,0.005282946131172611
2023-06-09,134.34,135.1,133.64,133.83,42804318.0,2124674673.0,10832664498.0,0.0039514117701977035
2023-06-12,133.77,135.07,132.23,134.07,47645727.0,2358494748.0,10832664498.0,0.004398338655166204
2023-06-13,133.83,134.42,131.85,134.23,44002891.0,2170452732.0,10832664498.0,0.004062056108921689
2023-06-14,135.39,136.34,133.44,133.94,55366411.0,2677031202.0,10832664498.0,0.0051110611807669406
2023-06-15,134.64,136.87,133.44,134.98,47343980.0,2293626704.0,10832664498.0,0.004370483366187605
2023-06-16,135.76,136.15,134.08,135.48,53414223.0,2589379833.0,10762657695.0,0.004962921288931692
2023-06-19,135.09,135.14,131.94,132.41,64216367.0,3062228887.0,10762657695.0,0.005966590113688457
2023-06-20,132.41,133.11,130.46,130.71,61533324.0,2893024197.0,10762657695.0,0.005717298249537983
2023-06-21,129.93,131.71,129.57,130.01,38103052.0,1785547515.0,10762657695.0,0.0035403013902134514
2023-06-26,129.07,129.26,127.39,128.03,48535023.0,2227206703.0,10762657695.0,0.004509576015090388
2023-06-27,128.01,129.99,127.53,129.07,48093273.0,2220104955.0,10762657695.0,0.004468531320320877
2023-06-28,128.65,129.76,128.03,129.73,35606961.0,1648840079.0,10762657695.0,0.0033083799567965354
2023-06-29,129.76,130.43,128.59,129.07,26573548.0,1233566768.0,10762657695.0,0.0024690507449981664
2023-06-30,128.79,130.65,128.76,129.34,32697104.0,1522887807.0,10762657695.0,0.0030380139298855587
2023-07-03,129.46,134.78,129.29,134.31,69778059.0,3323222200.0,10762657695.0,0.006483348349210878
2023-07-04,134.33,134.45,132.97,133.66,29744073.0,1424573051.0,10762657695.0,0.0027636364402649524
2023-07-05,133.5,133.78,131.8,131.99,26406125.0,1253667348.0,10762657695.0,0.0024534948289089854
2023-07-06,131.1,134.25,131.07,131.85,40258040.0,1912826287.0,10762657695.0,0.0037405296294708555
2023-07-07,131.02,132.94,130.96,131.6,36442103.0,1723937254.0,10762657695.0,0.0033859762182095487
2023-07-10,132.77,132.94,129.65,129.93,36816433.0,1728446566.0,10762657695.0,0.0034207566609782435
2023-07-11,130.46,132.19,130.46,131.57,26888644.0,1267580412.0,10762657695.0,0.002498327528570535
2023-07-12,131.57,133.66,131.24,131.83,35439345.0,1683737592.0,10762657695.0,0.003292806108333635
2023-07-13,133.02,135.89,132.83,135.53,64876826.0,3132588330.0,10762657695.0,0.006027955904436112
2023-07-14,136.65,136.84,134.95,135.59,36635843.0,1784466104.0,10762657695.0,0.0034039773481804488
2023-07-17,134.84,135.06,133.47,133.94,30470667.0,1465498863.0,10762657695.0,0.0028311470887117164
2023-07-18,134.58,134.61,132.3,132.69,28318272.0,1348936542.0,10762657695.0,0.0026311597750763548
2023-07-19,131.85,133.41,131.85,133.16,32111579.0,1526345246.0,10762657695.0,0.0029836105458336793
2023-07-20,133.53,134.36,131.91,132.19,30137754.0,1438728105.0,10762657695.0,0.0028002148590121076
2023-07-21,131.88,133.11,130.46,130.93,44679142.0,2108640104.0,10762657695.0,0.004151311252866154
2023-07-24,130.46,130.99,129.62,129.96,31598004.0,1475830597.0,10762657695.0,0.0029358923135388263
2023-07-25,132.97,138.49,132.97,138.12,141327902.0,6907459693.0,10762657695.0,0.01313131997737479
2023-07-26,137.09,138.38,136.54,137.87,51544065.0,2541380228.0,10762657695.0,0.004789157702557593
2023-07-27,138.24,141.0,137.73,139.04,70373493.0,3523202970.0,10762657695.0,0.006538672416636772
2023-07-28,137.99,145.96,137.73,144.76,127790846.0,6564761757.0,10762657695.0,0.011873539939802016
2023-07-31,147.69,149.64,145.79,146.63,127485466.0,6750702391.0,10762657695.0,0.011845165907229943
2023-08-01,146.35,147.74,143.39,144.23,67061372.0,3493879471.0,10762657695.0,0.006230930491374324
2023-08-02,143.84,146.52,141.97,143.31,60879817.0,3136350132.0,10762657695.0,0.005656578395899638
2023-08-03,143.31,146.63,142.47,146.1,65494421.0,3398760968.0,10762657695.0,0.006085339035768711
2023-08-04,148.38,150.11,144.68,144.68,105165284.0,5566174314.0,10762657695.0,0.009771311787501758
2023-08-07,143.23,144.31,142.72,144.12,43689613.0,2246940970.0,10762657695.0,0.004059370300357769
2023-08-08,143.48,144.09,140.66,142.89,52326342.0,2671294850.0,10762657695.0,0.004861842073107018
2023-08-09,142.39,143.78,142.03,142.89,37285264.0,1911450576.0,10762657695.0,0.0034643175558135226
2023-08-10,142.31,143.48,141.83,143.17,29926322.0,1531979641.0,10762657695.0,0.0027805698971456513
2023-08-11,143.0,143.31,137.57,137.62,74892093.0,3751696963.0,10762657695.0,0.006958512954917498
2023-08-14,134.64,136.09,134.58,135.28,60472146.0,2935327039.0,10762657695.0,0.005618700112342465
2023-08-15,135.25,136.81,133.86,135.7,52183684.0,2535572143.0,10762657695.0,0.004848587168598973
2023-08-16,134.7,136.42,134.17,134.78,47660376.0,2306795548.0,10762657695.0,0.00442830919189612
2023-08-17,133.83,134.31,131.94,133.55,59827368.0,2853723206.0,10762657695.0,0.005558791303731043
2023-08-18,133.53,136.59,132.47,132.47,63666255.0,3066293940.0,10762657695.0,0.005915477087929442
2023-08-21,132.13,132.38,130.1,130.1,62808090.0,2950143136.0,10762657695.0,0.005835741670868034
2023-08-22,130.74,131.85,129.54,131.02,51849548.0,2430766795.0,10762657695.0,0.004817541305256573
2023-08-23,130.24,131.3,129.32,129.51,47623949.0,2224411614.0,10762657695.0,0.004424924618955839
2023-08-24,129.71,131.04,128.76,129.62,41863720.0,1949333014.0,10762657695.0,0.003889719545707432
2023-08-25,129.09,132.08,128.93,131.04,41763549.0,1953754068.0,10762657695.0,0.0038804122720916844
2023-08-28,140.77,140.86,133.19,134.11,109010819.0,5323339312.0,10762657695.0,0.010128615262998011
2023-08-29,133.92,136.51,133.5,135.37,57380614.0,2780674849.0,10762657695.0,0.005331453961102681
2023-08-30,136.26,136.56,133.53,134.5,60012297.0,2904476280.0,10762657695.0,0.005575973769739037
2023-08-31,135.56,138.12,135.23,136.01,63953783.0,3135187119.0,10762657695.0,0.005942192422389403
2023-09-01,137.57,140.77,137.32,139.66,85575649.0,4287440106.0,10762657695.0,0.007951163311619195
2023-09-04,140.63,144.68,140.61,143.42,92193109.0,4732753257.0,10762657695.0,0.008566017020389869
2023-09-05,142.72,142.72,139.74,139.94,50624376.0,2555382802.0,10762657695.0,0.004703705853575417
2023-09-06,139.38,142.7,139.04,142.25,51436224.0,2604588523.0,10762657695.0,0.004779137779685745
2023-09-07,141.36,141.83,139.83,139.99,40329071.0,2033442988.0,10762657695.0,0.003747129393396544
2023-09-08,139.46,140.63,138.82,139.71,27366737.0,1370400982.0,10762657695.0,0.002542748991516635
2023-09-11,140.44,141.53,138.96,140.38,49151466.0,2471560950.0,10762657695.0,0.0045668521096637925
2023-09-12,139.66,139.8,137.96,139.24,36114393.0,1801339429.0,10762657695.0,0.0033555274192895346
2023-09-13,139.77,139.99,137.21,137.99,43398924.0,2152354986.0,10762657695.0,0.004032361265206995
2023-09-14,138.38,138.82,136.56,137.12,39131218.0,1929515958.0,10762657695.0,0.0036358322552782815
2023-09-15,137.96,139.71,136.59,137.15,55753191.0,2760877161.0,10762657695.0,0.005180243818950148
2023-09-18,136.37,137.93,135.76,137.43,29526746.0,1452498883.0,10762657695.0,0.002743443751232302
2023-09-19,137.37,137.57,136.65,137.37,26652448.0,1311117790.0,10762657695.0,0.002476381648036796
2023-09-20,137.32,137.32,135.42,136.29,32873261.0,1605058394.0,10762657695.0,0.00305438135557093
2023-09-21,135.76,136.2,134.84,135.17,33547988.0,1629890839.0,10762657695.0,0.003117072841179866
2023-09-22,135.2,140.3,134.84,140.3,66300617.0,3282334330.0,10762657695.0,0.006160245812779239
2023-09-25,139.41,139.66,136.68,136.76,49975869.0,2465962385.0,10762657695.0,0.004643450569204412
2023-09-26,136.73,137.54,135.25,135.37,40093026.0,1955893352.0,10762657695.0,0.0037251975428546787
2023-09-27,135.48,136.56,135.2,135.64,32486342.0,1582256041.0,10762657695.0,0.0030184312203009257
2023-09-28,136.12,136.26,134.22,134.64,42146617.0,2042226680.0,10762657695.0,0.0039160045961119825
2023-10-09,133.8,134.56,132.47,134.0,39401224.0,1887773034.0,10762657695.0,0.0036609195531977757
2023-10-10,134.58,135.28,132.47,132.69,33077739.0,1584290864.0,10762657695.0,0.0030733801945003695
2023-10-11,133.39,133.72,132.44,132.94,32529671.0,1552566990.0,10762657695.0,0.003022457084657843
2023-10-12,136.23,136.29,134.39,135.0,44871017.0,2176954488.0,10762657695.0,0.004169139098500336
2023-10-13,133.44,134.58,132.88,133.72,26126959.0,1254265938.0,10762657695.0,0.002427556440091724
2023-10-16,133.39,134.17,132.16,132.52,31900293.0,1522168840.0,10762657695.0,0.0029639791493898293
2023-10-17,133.25,133.75,132.3,132.91,27014187.0,1289169549.0,10762657695.0,0.0025099922124764743
2023-10-18,132.44,133.16,132.08,132.1,32569044.0,1547535570.0,10762657695.0,0.0030261153818104403
2023-10-19,131.32,131.46,128.26,128.37,69408534.0,3224679422.0,10762657695.0,0.006449014357508097
2023-10-20,127.11,128.48,126.97,127.78,48177617.0,2205802926.0,10762657695.0,0.004476368046377787
2023-10-23,127.64,128.79,126.84,128.06,38706820.0,1775040623.0,10762657695.0,0.0035963998016941483
2023-10-24,128.31,129.62,127.34,128.51,43231065.0,1992106371.0,10762657695.0,0.004016764838677702
2023-10-25,130.79,130.84,129.22,129.45,37446279.0,1709171805.0,10762657695.0,0.00347927807992968
2023-10-26,128.85,130.27,128.71,129.99,28098553.0,1279980548.0,10762657695.0,0.0026107448361062085
2023-10-27,128.54,129.53,126.72,128.51,61884971.0,2785588427.0,10762657695.0,0.005749971127368462
2023-10-30,128.54,129.39,127.46,128.88,45549795.0,2055903969.0,10762657695.0,0.004232206978129671
2023-10-31,129.19,130.64,128.51,129.31,42308883.0,1926939394.0,10762657695.0,0.003931081355458829
2023-11-01,130.25,130.5,128.06,128.31,37801226.0,1709309024.0,10762657695.0,0.003512257573476604
2023-11-02,128.6,129.68,128.03,128.17,29224760.0,1321477078.0,10762657695.0,0.0027153850682788997
2023-11-03,128.54,128.88,127.69,128.68,38640687.0,1744002549.0,10762657695.0,0.003590255129822746
2023-11-06,129.71,131.33,129.45,131.01,56246319.0,2582604547.0,10762657695.0,0.005226062241683141
2023-11-07,130.5,130.56,128.68,128.85,52054346.0,2364701855.0,10762657695.0,0.0048365698766191225
2023-11-08,128.85,129.22,126.72,126.95,70373392.0,3162886205.0,10762657695.0,0.006538663032337572
2023-11-09,125.15,125.72,121.91,123.11,150454180.0,6539441760.0,10762657695.0,0.013979277634175469
2023-11-10,122.03,122.03,119.55,120.46,104996471.0,4446008162.0,10762657695.0,0.009755626721156256
2023-11-13,120.32,120.72,119.64,120.57,49309112.0,2085416497.0,10762657695.0,0.004581499607007616
2023-11-14,121.03,121.77,120.57,121.2,55819964.0,2377325636.0,10762657695.0,0.0051864479556877705
2023-11-15,122.65,124.05,121.97,123.33,72870581.0,3155332501.0,10762657695.0,0.006770686485165596
2023-11-16,122.68,123.31,121.66,121.94,38608889.0,1658667534.0,10762657695.0,0.0035873006551101687
2023-11-17,121.26,121.8,120.4,121.34,40472847.0,1720654033.0,10762657695.0,0.0037604881755927667
2023-11-20,121.49,122.45,120.83,122.05,32498748.0,1390487105.0,10762657695.0,0.0030195839095670503
2023-11-21,122.05,123.87,122.05,122.51,43250272.0,1871504438.0,10762657695.0,0.004018549435061263
2023-11-22,122.17,122.45,121.49,121.54,24925121.0,1068361650.0,10762657695.0,0.0023158890402673908
2023-11-23,121.43,122.45,120.92,122.45,26380342.0,1128882328.0,10762657695.0,0.0024510992310250185
2023-11-24,122.31,122.4,121.26,121.43,28044927.0,1200283581.0,10762657695.0,0.002605762237800131
2023-11-27,121.17,121.29,118.36,119.04,58546041.0,2449183477.0,10762657695.0,0.0054397382746083885
2023-11-28,118.9,119.64,118.27,118.53,37226073.0,1554714840.0,10762657695.0,0.0034588178919128954
2023-11-29,118.53,118.7,115.2,115.91,67904702.0,2771007262.0,10762657695.0,0.006309287531419534
2023-11-30,115.68,116.82,115.54,116.05,38857196.0,1586034772.0,10762657695.0,0.0036103718153232597
2023-12-01,115.63,117.13,114.63,116.68,48696135.0,1986489505.0,10762657695.0,0.004524545551850332
2023-12-04,116.19,117.39,114.66,114.86,39986970.0,1627394428.0,10762657695.0,0.0037153434712112712
2023-12-05,114.12,114.26,112.38,112.44,50642832.0,2020199568.0,10762657695.0,0.0047054206716550225
2023-12-06,112.35,113.07,111.76,112.44,43332396.0,1713862406.0,10762657695.0,0.004026179892363473
2023-12-07,111.96,112.98,110.59,111.9,50100389.0,1967357707.0,10762657695.0,0.004655020202238254
2023-12-08,111.64,112.72,111.47,111.47,37891237.0,1491734069.0,10762657695.0,0.0035206208423411165
2023-12-11,110.93,112.95,109.68,112.64,55511392.0,2166289979.0,10762657695.0,0.005157777342095427
2023-12-12,112.13,113.24,111.64,113.18,35821324.0,1419146471.0,10762657695.0,0.003328297249167507
2023-12-13,112.92,112.92,110.62,110.62,41285632.0,1618686295.0,10762657695.0,0.0038360071619837947
2023-12-14,111.59,112.27,110.05,110.08,33236772.0,1297220103.0,10762657695.0,0.003088156563358954
2023-12-15,111.36,112.53,110.16,110.34,50791156.0,1983188836.0,10762657695.0,0.004719202026056818
2023-12-18,109.23,110.51,108.97,109.82,32998671.0,1273512227.0,10762657695.0,0.003066033681934358
2023-12-19,109.74,110.88,109.23,110.11,33224870.0,1284615540.0,10762657695.0,0.0030870507026749773
2023-12-20,110.11,110.65,109.31,109.37,29948177.0,1158590096.0,10762657695.0,0.0027826005294131952
2023-12-21,108.83,110.85,108.46,110.36,42416262.0,1640116584.0,10762657695.0,0.003941058352130375
2023-12-22,110.25,112.01,110.02,111.22,42473652.0,1656449050.0,10762657695.0,0.0039463906781809065
2023-12-25,111.07,111.73,110.68,111.44,20325509.0,795171658.0,10762657695.0,0.0018885213648895112
2023-12-26,111.44,111.44,110.42,111.22,19914583.0,776002047.0,10762657695.0,0.0018503406467392997
2023-12-27,111.22,111.39,110.02,110.93,29593783.0,1150904275.0,10762657695.0,0.0027496724172272396
2023-12-28,110.93,114.77,110.51,114.52,60952573.0,2429611850.0,10762657695.0,0.00566333843622256
2023-12-29,113.95,115.03,113.92,114.63,34107753.0,1372848496.0,10762657695.0,0.003169082764366409
2024-01-02,114.63,114.66,112.24,112.27,43759204.0,1740486365.0,10762657695.0,0.004065836268334464
2024-01-03,112.27,112.81,111.47,112.07,36382151.0,1432855499.0,10762657695.0,0.0033804058468664324
2024-01-04,111.96,112.58,109.97,110.65,46739190.0,1819793957.0,10762657695.0,0.004342718250875301
2024-01-05,110.51,112.58,110.02,110.85,49920187.0,1955115160.0,10762657695.0,0.004638276940015605
2024-01-08,110.85,111.42,108.71,109.37,51473197.0,1983794142.0,10762657695.0,0.0047825730835900195
2024-01-09,109.37,109.74,108.66,109.17,37065054.0,1423188301.0,10762657695.0,0.0034438569961413234
2024-01-10,108.91,109.37,107.58,107.58,44130380.0,1677706638.0,10762657695.0,0.00410032366080932
2024-01-11,107.52,109.97,107.01,109.31,38157129.0,1457906651.0,10762657695.0,0.003545325892667443
2024-01-12,108.63,109.62,108.17,108.17,30300054.0,1158392103.0,10762657695.0,0.002815294777429972
2024-01-15,107.72,109.48,107.23,108.57,32702181.0,1244858223.0,10762657695.0,0.003038485653519616
2024-01-16,108.2,110.25,107.92,110.08,54496285.0,2095337501.0,10762657695.0,0.005063459839043037
2024-01-17,109.4,109.65,108.12,108.12,56122897.0,2148072060.0,10762657695.0,0.005214594628060407
2024-01-18,107.38,111.02,107.06,110.9,86154364.0,3289028901.0,10762657695.0,0.008004933952328956
2024-01-19,110.36,111.9,109.65,111.5,63974391.0,2493579882.0,10762657695.0,0.005944107191081673
2024-01-22,111.13,113.58,110.85,112.3,96109863.0,3800265431.0,10762657695.0,0.008929937727616265
2024-01-23,111.5,112.95,110.08,111.96,60172097.0,2363927977.0,10762657695.0,0.005590821403523231
2024-01-24,112.81,114.63,111.16,114.26,76115099.0,3023883703.0,10762657695.0,0.007072147155192043
2024-01-25,114.2,118.07,113.78,117.05,98658100.0,4022141715.0,10762657695.0,0.009166704246836126
2024-01-26,116.76,117.59,115.63,117.33,78592524.0,3225824129.0,10762657695.0,0.007302334258620124
2024-01-29,117.36,118.58,116.39,116.56,62078477.0,2560232020.0,10762657695.0,0.00576795051549765
2024-01-30,115.48,116.37,114.26,114.32,57063998.0,2308550033.0,10762657695.0,0.0053020359484730415
2024-01-31,114.2,116.19,113.75,115.23,55701366.0,2253897731.0,10762657695.0,0.005175428558494167
2024-02-01,114.12,115.57,113.58,114.63,49092479.0,1980485849.0,10762657695.0,0.004561371400189273
2024-02-02,114.63,115.34,110.93,114.06,69077347.0,2771398286.0,10762657695.0,0.006418242497119574
2024-02-05,113.78,116.59,112.87,115.71,80614793.0,3247211014.0,10762657695.0,0.0074902310641591025
2024-02-06,115.68,118.56,114.83,118.21,82383496.0,3381216759.0,10762657695.0,0.007654568075529601
2024-02-07,118.58,120.6,117.62,120.55,91615404.0,3833614844.0,10762657695.0,0.00851234022267211
2024-02-08,120.94,122.17,119.89,121.68,76874651.0,3274133649.0,10762657695.0,0.007142720058421407
2024-02-19,122.28,122.54,120.94,121.54,54413427.0,2324847504.0,10762657695.0,0.005055761182972381
2024-02-20,121.31,121.37,119.75,120.46,46935509.0,1989976125.0,10762657695.0,0.004360959005674295
2024-02-21,119.98,126.01,119.52,123.99,111249194.0,4827664819.0,10762657695.0,0.010336591309754556
2024-02-22,123.33,124.41,122.91,124.3,51745219.0,2252345680.0,10762657695.0,0.004807847695838105
2024-02-23,124.24,126.43,124.02,125.35,64421676.0,2843810763.0,10762657695.0,0.005985666164030129
2024-02-26,124.87,124.9,122.03,122.17,61619568.0,2667499279.0,10762657695.0,0.005725311511916481
2024-02-27,121.8,122.74,121.46,122.65,42901252.0,1840668678.0,10762657695.0,0.003986120641923844
2024-02-28,122.85,123.11,121.31,121.31,53576359.0,2298186002.0,10762657695.0,0.004977985969477588
2024-02-29,120.94,122.51,120.89,122.03,45509167.0,1948642485.0,10762657695.0,0.004228432074090971
2024-03-01,121.74,122.57,120.94,122.28,44577376.0,1908395624.0,10762657695.0,0.004141855781654124
2024-03-04,121.54,121.8,120.03,120.43,54504680.0,2311470911.0,10762657695.0,0.005064239850842901
2024-03-05,119.89,121.97,119.61,121.77,62343723.0,2650564784.0,10762657695.0,0.005792595543474636
2024-03-06,121.71,122.05,120.77,120.89,34276283.0,1461294746.0,10762657695.0,0.003184741536091379
2024-03-07,121.66,123.62,121.54,122.48,64896213.0,2796783751.0,10762657695.0,0.006029757225313297
2024-03-08,121.94,122.88,121.03,121.97,37249362.0,1595770014.0,10762657695.0,0.0034609817626463125
2024-03-11,121.68,123.11,121.57,122.77,43597274.0,1877454174.0,10762657695.0,0.004050790728042383
2024-03-12,122.79,124.81,121.97,124.61,67920636.0,2952502139.0,10762657695.0,0.006310768020760694
2024-03-13,124.39,124.47,121.09,121.26,70121585.0,3008059272.0,10762657695.0,0.0065152666736373425
2024-03-14,120.52,122.0,120.32,120.75,36088956.0,1535653343.0,10762657695.0,0.003353163969598868
2024-03-15,120.92,121.29,119.52,120.83,39867511.0,1687264409.0,10762657695.0,0.0037042440751898316
2024-03-18,120.46,121.34,119.66,121.06,41626271.0,1764489757.0,10762657695.0,0.0038676572441152975
2024-03-19,120.6,120.6,118.9,118.98,48601533.0,2045765039.0,10762657695.0,0.004515755715484548
2024-03-20,118.75,119.61,118.56,119.24,28361668.0,1187979289.0,10762657695.0,0.0026351918646614543
2024-03-21,119.72,120.69,118.93,119.55,41497624.0,1745351699.0,10762657695.0,0.0038557041556081936
2024-03-22,116.71,116.99,114.49,115.37,112550368.0,4569953333.0,10762657695.0,0.010457488400126991
2024-03-25,115.06,116.28,114.77,115.03,43760130.0,1775455396.0,10762657695.0,0.004065922306562775
2024-03-26,115.03,116.48,115.03,116.34,40299063.0,1640298640.0,10762657695.0,0.003744341234481675
2024-03-27,116.0,116.56,115.63,115.63,34619025.0,1411539594.0,10762657695.0,0.003216587016056725
2024-03-28,115.48,117.36,115.06,115.74,43233995.0,1764795886.0,10762657695.0,0.004017037076268363
2024-03-29,116.0,117.3,115.74,116.08,33512184.0,1370420387.0,10762657695.0,0.0031137461535702964
2024-04-01,116.48,117.33,116.34,117.33,38706274.0,1592229352.0,10762657695.0,0.003596349070730155
2024-04-02,117.16,117.93,116.37,116.62,39996585.0,1644606102.0,10762657695.0,0.0037162368379123666
2024-04-03,116.34,116.76,115.2,115.2,46364011.0,1886029049.0,10762657695.0,0.004307858924245012
2024-04-08,114.57,115.0,113.44,114.4,43590246.0,1752003235.0,10762657695.0,0.004050137729480209
2024-04-09,114.54,115.14,114.06,114.09,29392411.0,1183293257.0,10762657695.0,0.0027309621687266715
2024-04-10,113.75,113.98,111.22,111.5,66754496.0,2638684983.0,10762657695.0,0.006202417459677463
2024-04-11,111.02,111.33,109.82,110.79,44321365.0,1724750105.0,10762657695.0,0.0041180688131139155
2024-04-12,110.36,110.9,107.15,107.46,91894711.0,3503437973.0,10762657695.0,0.00853829171234271
2024-04-15,107.46,109.51,107.18,109.11,77160909.0,2953703722.0,10762657695.0,0.0071693173922874635
2024-04-16,109.11,110.34,108.32,108.88,62674707.0,2408876665.0,10762657695.0,0.0058233485423509045
2024-04-17,108.86,110.99,108.12,110.79,59458529.0,2294242965.0,10762657695.0,0.005524521050931742
2024-04-18,110.65,114.63,110.39,112.92,84608897.0,3365907681.0,10762657695.0,0.00786133865795125
2024-04-19,112.27,113.15,111.5,112.13,36839491.0,1454378302.0,10762657695.0,0.00342289906861151
2024-04-22,112.33,114.03,112.33,113.29,39122784.0,1559348109.0,10762657695.0,0.003635048619838132
2024-04-23,113.26,114.06,112.67,113.46,34265310.0,1367522866.0,10762657695.0,0.003183721992377274
2024-04-24,114.89,115.77,114.09,115.48,54996437.0,2226040005.0,10762657695.0,0.005109930888682788
2024-04-25,115.26,117.42,114.63,116.79,58217790.0,2379394081.0,10762657695.0,0.005409239209293648
2024-04-26,116.59,118.84,116.08,118.13,69427606.0,2866574033.0,10762657695.0,0.00645078641052144
2024-04-29,118.04,121.97,117.79,119.69,87545482.0,3696991240.0,10762657695.0,0.00813418808633772
2024-04-30,119.69,119.92,117.53,117.65,51819014.0,2157456541.0,10762657695.0,0.00481470427365478
2024-05-06,122.74,123.11,120.52,120.86,106274704.0,4554760127.0,10762657695.0,0.00987439227481628
2024-05-07,120.89,121.71,120.01,121.14,52815226.0,2249302993.0,10762657695.0,0.004907266169445892
2024-05-08,120.75,121.46,119.12,119.32,44733513.0,1888701756.0,10762657695.0,0.004156363071993065
2024-05-09,119.1,121.12,119.07,120.43,41354149.0,1749774912.0,10762657695.0,0.003842373340481865
2024-05-10,121.17,122.82,120.94,122.11,67767018.0,2906706220.0,10762657695.0,0.006296494780418639
2024-05-13,120.92,122.0,119.95,121.31,49348084.0,2098243664.0,10762657695.0,0.004585120645704974
2024-05-14,121.31,121.74,119.89,120.35,39651152.0,1679884656.0,10762657695.0,0.003684141326767338
2024-05-15,120.26,120.32,118.5,119.01,39911880.0,1673203919.0,10762657695.0,0.0037083665699543557
2024-05-16,120.03,123.42,119.35,122.45,93478227.0,4003945956.0,10762657695.0,0.008685422285931022
2024-05-17,124.02,128.57,123.59,128.57,189457995.0,8380485073.0,10762657695.0,0.01760327238578036
2024-05-20,129.99,131.04,127.52,129.31,147945253.0,6725122982.0,10762657695.0,0.013746163558535437
2024-05-21,128.23,129.53,128.06,129.14,55109616.0,2495802388.0,10762657695.0,0.005120446785704448
2024-05-22,128.85,130.99,128.43,129.14,75133666.0,3432737426.0,10762657695.0,0.006980958433241335
2024-05-23,127.77,128.48,126.63,127.37,63592313.0,2847873001.0,10762657695.0,0.005908606851776308
2024-05-24,126.72,127.43,124.76,124.84,54128575.0,2397751034.0,10762657695.0,0.005029294485984301
2024-05-27,125.15,126.26,124.81,125.44,41274221.0,1820441915.0,10762657695.0,0.003834946922001871
2024-05-28,125.61,126.15,124.07,124.47,42192179.0,1853750116.0,10762657695.0,0.003920237937103694
2024-05-29,123.99,125.52,123.33,123.65,43942250.0,1921502308.0,10762657695.0,0.004082843777556376
2024-05-30,123.19,124.19,122.03,122.74,39395493.0,1702193305.0,10762657695.0,0.00366038706390355
2024-05-31,123.45,125.44,122.48,122.51,48249218.0,2100267341.0,10762657695.0,0.004483020771199952
2024-06-03,122.28,123.62,121.2,122.68,44651840.0,1922692312.0,10762657695.0,0.004148774518838769
2024-06-04,122.54,123.76,122.34,123.08,39817760.0,1723254939.0,10762657695.0,0.0036996215180659427
2024-06-05,123.05,123.11,122.14,122.54,36188007.0,1559233050.0,10762657695.0,0.0033623671796987314
2024-06-06,122.88,123.25,120.52,120.75,54262089.0,2313057245.0,10762657695.0,0.005041699786216234
2024-06-07,121.17,121.68,119.47,119.81,42139379.0,1781350640.0,10762657695.0,0.003915332085640581
2024-06-11,119.21,120.01,118.33,118.98,42236279.0,1767535003.0,10762657695.0,0.003924335438041635
2024-06-12,118.98,119.18,117.65,117.76,39834017.0,1653283609.0,10762657695.0,0.0037011320185817726
2024-06-13,118.27,118.5,117.16,117.47,32042801.0,1323757554.0,10762657695.0,0.0029772201168198537
2024-06-14,117.16,120.01,117.08,119.1,63562438.0,2651178962.0,10762657695.0,0.0059058310504039495
2024-06-17,118.33,118.98,117.7,118.27,38472747.0,1600335663.0,10762657695.0,0.0035746511772713216
2024-06-18,118.61,119.61,118.24,118.7,35345219.0,1476476518.0,10762657695.0,0.0032840604989621013
2024-06-19,118.73,120.01,118.36,119.47,41063957.0,1721419835.0,10762657695.0,0.0038154104835162648
2024-06-20,119.44,119.66,118.07,118.07,36478992.0,1525392591.0,10762657695.0,0.0033894037173501316
2024-06-21,118.02,118.95,117.53,118.53,38505452.0,1600502330.0,10762657695.0,0.0035776899248489945
2024-06-24,118.13,119.61,117.25,118.9,44592791.0,1856756644.0,10762657695.0,0.004143288048705334
2024-06-25,118.87,119.81,117.87,118.19,38283591.0,1598362559.0,10762657695.0,0.0035570759644047195
2024-06-26,117.99,118.95,117.45,118.47,26506064.0,1100552481.0,10762657695.0,0.002462780546510729
2024-06-27,118.07,118.44,117.33,117.82,36797498.0,1525115715.0,10762657695.0,0.0034189973371628263
2024-06-28,117.62,119.18,117.36,117.65,39934516.0,1661152478.0,10762657695.0,0.0037104697679414583
2024-07-01,117.79,118.53,115.6,118.38,47419754.0,1949715777.0,10762657695.0,0.0044059520746469304
2024-07-02,117.79,121.6,117.76,119.95,56885747.0,2404908551.0,10762657695.0,0.005285473961178508
2024-07-03,119.98,120.69,119.21,120.23,29574788.0,1248330595.0,10762657695.0,0.0027479075185806137
2024-07-04,120.21,121.06,119.35,119.41,32485145.0,1369924729.0,10762657695.0,0.0030183200024183248
2024-07-05,119.32,120.21,116.56,116.96,52671766.0,2180477666.0,10762657695.0,0.0048939367480273655
2024-07-08,116.34,117.65,115.71,116.17,33954844.0,1388961719.0,10762657695.0,0.003154875399946463
2024-07-09,116.14,118.3,115.09,118.1,38140275.0,1565430222.0,10762657695.0,0.0035437599225810927
2024-07-10,116.82,119.27,116.82,119.07,36127314.0,1507496307.0,10762657695.0,0.003356727959190195
2024-07-11,120.23,120.86,119.21,119.3,37556984.0,1582861429.0,10762657695.0,0.0034895641080778606
2024-07-12,119.47,121.91,119.47,121.4,49569726.0,2110496361.0,10762657695.0,0.004605714258015339
2024-07-15,121.17,122.25,120.83,120.97,35484792.0,1513495679.0,10762657695.0,0.0032970287642321975
2024-07-16,119.47,119.78,115.71,117.16,93998504.0,3870524307.0,10762657695.0,0.008733763226871818
2024-07-17,117.33,120.66,117.33,120.29,77840627.0,3268159911.0,10762657695.0,0.007232472610939058
2024-07-18,120.01,121.29,119.35,120.52,51362418.0,2175992699.0,10762657695.0,0.004772280179816683
2024-07-19,120.52,122.74,120.03,122.4,61077539.0,2610070265.0,10762657695.0,0.005674949508835048
2024-07-22,122.59,122.94,121.29,122.31,44056204.0,1890312953.0,10762657695.0,0.004093431682814474
2024-07-23,122.2,122.96,121.68,121.71,45978967.0,1978447935.0,10762657695.0,0.004272083002450261
2024-07-24,121.74,122.4,120.46,121.06,38609543.0,1644933090.0,10762657695.0,0.003587361420770337
2024-07-25,120.86,121.8,120.12,121.09,44047429.0,1874557285.0,10762657695.0,0.004092616363750292
2024-07-26,121.28,122.9,120.1,121.1,51037796.0,2099407784.0,10762657695.0,0.004742118298876177
2024-07-29,121.07,122.7,120.87,121.78,30564969.0,1264082990.0,10762657695.0,0.00283990905092146
2024-07-30,121.66,122.16,121.02,121.81,29692239.0,1224450781.0,10762657695.0,0.00275882034358429
2024-07-31,121.84,125.55,121.58,125.44,58087783.0,2450880160.0,10762657695.0,0.005397159757945828
2024-08-01,125.02,126.29,124.55,125.29,32514038.0,1383461987.0,10762657695.0,0.003021004562386577
2024-08-02,124.46,124.99,122.9,123.26,33137257.0,1392534224.0,10762657695.0,0.003078910241231081
2024-08-05,122.9,125.38,122.87,123.79,43050914.0,1813319979.0,10762657695.0,0.0040000263150615795
2024-08-06,124.88,125.2,119.78,120.54,63434323.0,2614553598.0,10762657695.0,0.00589392739206689
2024-08-07,120.6,121.16,119.9,119.95,29978095.0,1225524961.0,10762657695.0,0.0027853803260812523
2024-08-08,120.1,121.28,119.1,120.31,23643241.0,964682591.0,10762657695.0,0.0021967846297837683
2024-08-09,120.81,121.55,119.69,119.69,26178496.0,1069136979.0,10762657695.0,0.002432344941357907
2024-08-12,119.45,120.04,118.8,119.72,15219904.0,617325022.0,10762657695.0,0.0014141399300537727
2024-08-13,119.72,120.28,119.39,120.19,16650599.0,677002646.0,10762657695.0,0.0015470713156412433
2024-08-14,120.28,120.66,119.34,119.34,20650428.0,838935306.0,10762657695.0,0.001918710841244496
2024-08-15,119.39,122.81,118.54,121.78,53416705.0,2202784576.0,10762657695.0,0.004963151901116
2024-08-16,121.78,123.05,121.58,122.64,26957357.0,1119345318.0,10762657695.0,0.002504711918183885
2024-08-19,122.64,124.29,122.58,123.99,28791203.0,1209599526.0,10762657695.0,0.0026751016167108526
2024-08-20,124.23,124.29,122.9,123.55,29376286.0,1230963341.0,10762657695.0,0.0027294639328394993
2024-08-21,123.73,124.02,122.05,123.7,23617412.0,989256297.0,10762657695.0,0.002194384757862542
2024-08-22,123.67,124.52,122.72,122.93,30497656.0,1275507522.0,10762657695.0,0.0028336547407029652
2024-08-23,123.9,128.09,123.58,127.76,99423443.0,4271882126.0,10762657695.0,0.009237815214190922
2024-08-26,128.09,128.62,126.88,127.76,47580560.0,2059591116.0,10762657695.0,0.004420893179767713
2024-08-27,127.56,128.35,126.62,127.18,33964677.0,1467947189.0,10762657695.0,0.003155789021867614
2024-08-28,127.44,127.85,126.53,127.29,34839474.0,1502990666.0,10762657695.0,0.003237069782139903
2024-08-29,127.26,128.38,125.14,125.61,47694548.0,2045077629.0,10762657695.0,0.00443148424409683
2024-08-30,125.88,131.24,125.88,129.77,110000601.0,4830979921.0,10762657695.0,0.010220579722711324
2024-09-02,129.33,130.18,128.06,128.06,51317124.0,2243546045.0,10762657695.0,0.0047680717397377
2024-09-03,128.53,128.56,126.97,127.35,36821975.0,1593821144.0,10762657695.0,0.0034212715895541638
2024-09-04,127.38,128.62,125.11,125.67,40994906.0,1759519239.0,10762657695.0,0.0038089946890204427
2024-09-05,125.64,128.24,125.58,127.97,46651108.0,2014905549.0,10762657695.0,0.004334534212834128
2024-09-06,127.97,129.62,127.2,127.47,39025775.0,1699389017.0,10762657695.0,0.00362603513982705
2024-09-09,126.97,127.47,125.41,125.79,40172454.0,1720343646.0,10762657695.0,0.003732577504407939
2024-09-10,126.0,126.88,124.64,125.73,29365589.0,1251507269.0,10762657695.0,0.0027284700333489514
2024-09-11,125.67,126.5,124.88,125.32,27407424.0,1167516315.0,10762657695.0,0.0025465293774726895
2024-09-12,125.94,126.06,123.26,125.55,41083853.0,1739432819.0,10762657695.0,0.0038172590975448653
2024-09-13,125.44,127.91,125.26,126.41,34439648.0,1484769941.0,10762657695.0,0.0031999204077631867
2024-09-18,126.73,129.06,126.53,128.8,43263824.0,1883001068.0,10762657695.0,0.004019808603603461
2024-09-19,128.86,129.98,127.68,129.77,46650032.0,2046412473.0,10762657695.0,0.004334434237527797
2024-09-20,129.62,130.54,128.91,130.12,53292373.0,2347055961.0,10762657695.0,0.00495159973588661
2024-09-23,130.06,130.86,129.27,129.95,29524048.0,1302373909.0,10762657695.0,0.002743193069655645
2024-09-24,131.45,137.05,131.07,137.05,120899198.0,5518430623.0,10762657695.0,0.011233210367376643
2024-09-25,140.29,142.06,139.26,139.58,138298492.0,6594953851.0,10762657695.0,0.012849845820540147
2024-09-26,140.26,148.66,139.11,148.6,163765259.0,8023977092.0,10762657695.0,0.015216061277883093
2024-09-27,152.96,153.73,149.43,152.96,139487740.0,7197182304.0,10762657695.0,0.012960343434949317
2024-09-30,160.57,168.26,160.33,168.26,262125405.0,14733344153.0,10762657695.0,0.024355081470423
2024-10-08,185.09,185.09,174.18,181.94,396104253.0,24440888195.0,10762657695.0,0.036803572521313006
2024-10-09,176.84,176.84,164.02,164.16,285509557.0,16431475144.0,10762657695.0,0.026527793142825582
2024-10-10,166.9,178.58,165.96,172.42,222672969.0,12981664827.0,10762657695.0,0.020689403612961416
2024-10-11,170.35,176.42,168.08,169.59,131212381.0,7645831882.0,10762657695.0,0.012191447941427817
2024-10-14,172.09,174.6,169.62,172.92,117773767.0,6884203095.0,10762657695.0,0.010942814529418145
2024-10-15,172.65,174.71,168.26,168.56,102790028.0,5988622377.0,10762657695.0,0.009550617599568654
2024-10-16,167.35,170.44,166.85,169.12,85501630.0,4894961074.0,10762657695.0,0.007944285921099343
2024-10-17,170.65,173.3,167.91,168.0,78357477.0,4529673855.0,10762657695.0,0.00728049513610402
2024-10-18,168.0,174.8,164.01,171.29,149466236.0,8417973824.0,10762657695.0,0.01388748395012483
2024-10-21,171.95,172.16,168.3,170.45,87531258.0,4966469517.0,10762657695.0,0.008132866479685991
2024-10-22,170.16,174.35,169.5,170.93,84601119.0,4835443520.0,10762657695.0,0.007860615973998977
2024-10-23,171.35,177.64,170.45,174.68,119192651.0,6939592004.0,10762657695.0,0.011074648509482305
2024-10-24,173.45,175.19,172.64,174.05,51273005.0,2976336249.0,10762657695.0,0.0047639724734365434
2024-10-25,173.78,175.19,172.43,172.85,53944541.0,3122695352.0,10762657695.0,0.005012195177875161
2024-10-28,173.09,173.93,170.99,172.25,57880987.0,3325855084.0,10762657695.0,0.005377945544704049
2024-10-29,172.25,175.13,172.07,172.64,62010028.0,3591688618.0,10762657695.0,0.005761590655141616
2024-10-30,172.22,173.48,166.8,167.67,90747926.0,5123310917.0,10762657695.0,0.008431739498893354
2024-10-31,167.64,170.16,165.96,167.52,75763009.0,4236922732.0,10762657695.0,0.007039433116524478
2024-11-01,168.21,170.75,167.76,168.21,65013925.0,3676222858.0,10762657695.0,0.006040694300832728
2024-11-04,168.27,170.66,167.55,170.66,53073970.0,2993285083.0,10762657695.0,0.004931307071547628
2024-11-05,170.22,176.39,168.6,176.0,120114422.0,6976690582.0,10762657695.0,0.0111602938051074
2024-11-06,176.42,176.9,170.6,172.22,126251828.0,7311429314.0,10762657695.0,0.011730543846865326
2024-11-07,170.75,182.74,170.45,182.26,186426320.0,11055869272.0,10762657695.0,0.017321587779067612
2024-11-08,183.34,184.21,176.78,177.11,132299025.0,7922272847.0,10762657695.0,0.012292412222815751
2024-11-11,174.14,175.31,172.31,174.95,91716007.0,5320862805.0,10762657695.0,0.008521687635072557
2024-11-12,174.95,176.66,170.39,170.78,96289275.0,5557347301.0,10762657695.0,0.008946607587894674
2024-11-13,169.86,172.25,169.62,171.32,61824493.0,3532487702.0,10762657695.0,0.0057443518833384215
2024-11-14,171.32,174.02,170.45,170.75,66323183.0,3815907812.0,10762657695.0,0.006162342506796598
2024-11-15,170.45,172.19,167.16,167.16,78059714.0,4413936480.0,10762657695.0,0.007252828828353813
2024-11-18,168.06,171.23,165.9,167.04,68429646.0,3851412802.0,10762657695.0,0.006358062101314466
2024-11-19,167.76,168.12,165.06,166.59,52819300.0,2934893274.0,10762657695.0,0.00490764470048492
2024-11-20,166.62,167.16,165.36,166.14,46997145.0,2605295420.0,10762657695.0,0.004366685843946652
2024-11-21,166.23,166.77,165.12,166.23,41024489.0,2269302644.0,10762657695.0,0.003811743359547588
2024-11-22,166.17,166.17,158.77,158.86,100680813.0,5439029187.0,10762657695.0,0.009354642306126043
2024-11-25,158.77,159.52,156.2,157.48,70269826.0,3704922205.0,10762657695.0,0.006529040316189299
2024-11-26,157.27,159.58,156.88,158.92,40761823.0,2156122895.0,10762657695.0,0.0037873380493125496
2024-11-27,158.95,160.57,158.14,160.42,44446366.0,2366194483.0,10762657695.0,0.004129683137711275
2024-11-28,160.48,161.74,158.26,159.28,42550213.0,2268917373.0,10762657695.0,0.003953504255716274
2024-11-29,159.22,163.03,158.89,159.52,56357055.0,3018761403.0,10762657695.0,0.005236351150160778
2024-12-02,159.37,162.46,159.31,161.8,44960590.0,2420512864.0,10762657695.0,0.004177461671097029
2024-12-03,161.32,163.59,160.42,163.06,47005763.0,2544434591.0,10762657695.0,0.00436748657553584
2024-12-04,162.31,162.79,160.9,161.56,38188736.0,2059281654.0,10762657695.0,0.003548262620834008
2024-12-05,160.84,161.92,160.24,160.81,29588882.0,1589274038.0,10762657695.0,0.0027492170464313926
2024-12-06,161.14,166.83,161.11,165.12,78983681.0,4338822602.0,10762657695.0,0.007338678162801126
2024-12-09,164.61,165.66,163.12,164.25,51046345.0,2801288362.0,10762657695.0,0.004742912619409475
2024-12-10,170.45,171.29,166.26,166.62,100098350.0,5649587635.0,10762657695.0,0.009300523424293482
2024-12-11,166.59,167.55,164.4,164.46,50478424.0,2790301410.0,10762657695.0,0.004690144890834047
2024-12-12,164.64,167.31,163.86,166.5,52633585.0,2909611957.0,10762657695.0,0.0048903892041881015
2024-12-13,165.36,165.39,160.81,160.99,88709588.0,4798656729.0,10762657695.0,0.008242349660642998
2024-12-16,160.9,161.74,158.56,159.13,65859184.0,3512263334.0,10762657695.0,0.006119230571701277
2024-12-17,158.47,160.18,157.99,158.8,53769372.0,2853899355.0,10762657695.0,0.004995919551077017
2024-12-18,159.76,160.81,158.41,158.59,50446143.0,2683105293.0,10762657695.0,0.0046871455387302455
2024-12-19,157.57,158.59,156.82,158.44,40549628.0,2136614147.0,10762657695.0,0.0037676221941758967
2024-12-20,158.44,159.46,157.33,157.63,46196543.0,2437090038.0,10762657695.0,0.004292298827032425
2024-12-23,157.63,160.21,157.63,159.07,55550547.0,2954746191.0,10762657695.0,0.005161415384027969
2024-12-24,159.01,161.26,158.77,161.11,49560916.0,2654767330.0,10762657695.0,0.004604895686966285
2024-12-25,161.2,162.7,160.48,161.47,41739896.0,2249897990.0,10762657695.0,0.0038782145807156046
2024-12-26,161.44,161.59,159.85,160.12,37922170.0,2031175519.0,10762657695.0,0.003523494946570444
2024-12-27,160.12,161.02,157.9,159.58,53775719.0,2862446917.0,10762657695.0,0.004996509275304978
2024-12-30,159.43,161.47,159.4,161.47,53343783.0,2865180504.0,10762657695.0,0.004956376437093403
2024-12-31,161.14,161.83,157.72,157.72,67711790.0,3607846474.0,10762657695.0,0.0062913633341193055
2025-01-02,157.87,157.96,150.95,151.91,94857917.0,4877807223.0,10762657695.0,0.008813614600422353
2025-01-03,152.78,153.05,150.02,150.68,55135185.0,2788346287.0,10762657695.0,0.005122822500023773
2025-01-06,151.43,151.64,149.28,150.8,41348951.0,2077171909.0,10762657695.0,0.003841890374271538
2025-01-07,150.35,150.86,149.22,150.29,39278717.0,1967557698.0,10762657695.0,0.003649536955750965
2025-01-08,150.32,151.52,148.44,150.68,51038304.0,2555823167.0,10762657695.0,0.0047421654991137395
2025-01-09,150.56,151.01,149.19,149.22,40082112.0,2005089617.0,10762657695.0,0.0037241834810579286
2025-01-10,149.25,150.02,146.49,146.64,52270371.0,2576373866.0,10762657695.0,0.0048566415918145575
2025-01-13,145.23,146.19,144.09,145.56,51139315.0,2474824396.0,10762657695.0,0.0047515508203664
2025-01-14,145.56,148.53,145.29,147.87,61577440.0,3024006484.0,10762657695.0,0.005721397237097579
2025-01-15,147.54,148.77,146.52,147.12,45802852.0,2251226874.0,10762657695.0,0.004255719479146735
2025-01-16,147.69,149.04,146.58,147.54,41576107.0,2052212529.0,10762657695.0,0.003862996313569926
2025-01-17,147.09,148.5,146.1,147.93,46074666.0,2273441157.0,10762657695.0,0.0042809747653133
2025-01-20,148.95,150.68,148.77,149.22,49173607.0,2458746694.0,10762657695.0,0.004568909315293429
2025-01-21,150.38,150.95,148.77,149.48,40995081.0,2049216698.0,10762657695.0,0.0038090109489447997
2025-01-22,148.95,149.54,146.34,146.64,53078046.0,2606595142.0,10762657695.0,0.004931685788414364
2025-01-23,149.25,154.13,149.13,150.89,96910455.0,4910872825.0,10762657695.0,0.009004323815391957
2025-01-24,150.32,153.89,150.08,152.36,61677886.0,3140198840.0,10762657695.0,0.005730730062023031
2025-01-27,152.87,154.64,152.21,152.33,52454748.0,2681560916.0,10762657695.0,0.004873772769375436
2025-02-05,152.72,152.78,148.8,148.95,58307230.0,2921528575.0,10762657695.0,0.005417549424347831
2025-02-06,148.98,151.28,148.83,150.53,41503724.0,2078321191.0,10762657695.0,0.0038562709301143486
2025-02-07,150.32,154.1,149.31,152.42,72581202.0,3679372001.0,10762657695.0,0.006743799167162865
2025-02-10,152.45,153.86,152.18,152.48,43181484.0,2203839896.0,10762657695.0,0.004012158076908902
2025-02-11,153.38,153.5,150.89,151.34,38184400.0,1931993468.0,10762657695.0,0.00354785974636537
2025-02-12,151.34,153.14,150.32,153.02,44699378.0,2261445451.0,10762657695.0,0.004153191457604933
2025-02-13,152.54,155.12,152.21,152.84,59036332.0,3019334998.0,10762657695.0,0.005485293100739092
2025-02-14,152.75,155.36,152.18,154.88,59977161.0,3080098770.0,10762657695.0,0.005572709148583583
2025-02-17,155.27,156.91,154.01,155.3,62571044.0,3245003133.0,10762657695.0,0.005813716813558846
2025-02-18,154.79,156.32,153.38,153.71,65008234.0,3362664791.0,10762657695.0,0.006040165528092641
2025-02-19,153.35,155.27,152.84,154.13,46442576.0,2388611401.0,10762657695.0,0.004315158701142729
2025-02-20,153.47,153.71,151.76,152.12,51538478.0,2620444374.0,10762657695.0,0.004788638592858267
2025-02-21,152.75,154.28,151.16,153.38,66876093.0,3415352331.0,10762657695.0,0.006213715505517617
2025-02-24,153.38,157.21,152.93,155.78,83582274.0,4341042760.0,10762657695.0,0.007765951158962322
2025-02-25,154.28,156.08,152.33,152.72,64242944.0,3298896562.0,10762657695.0,0.0059690594851720775
2025-02-26,153.08,155.12,152.87,154.64,53657805.0,2758370362.0,10762657695.0,0.004985553431187147
2025-02-27,155.12,155.18,153.14,154.64,54724008.0,2813972257.0,10762657695.0,0.0050846184604963415
2025-02-28,153.98,154.73,150.92,150.92,80526753.0,4102825272.0,10762657695.0,0.007482050928499775
2025-03-03,151.43,152.24,149.96,150.77,42316083.0,2135730015.0,10762657695.0,0.003931750335203799
2025-03-04,150.02,150.65,149.78,150.02,37243163.0,1867141471.0,10762657695.0,0.0034604057896686644
2025-03-05,150.32,151.43,149.81,150.92,45507176.0,2287766876.0,10762657695.0,0.004228247082608716
2025-03-06,152.09,155.57,151.37,154.7,104582101.0,5369202399.0,10762657695.0,0.0097171260076947
2025-03-07,154.58,155.3,153.74,154.28,48147872.0,2481121736.0,10762657695.0,0.004473604323806379
2025-03-10,154.31,154.76,152.12,153.53,61128342.0,3121852670.0,10762657695.0,0.005679669811332786
2025-03-11,151.91,154.28,151.58,154.28,52914740.0,2702757544.0,10762657695.0,0.004916512398659911
2025-03-12,154.28,154.58,152.81,153.23,47057801.0,2410921164.0,10762657695.0,0.0043723216266426095
2025-03-13,153.23,154.43,152.57,153.2,41144830.0,2107254552.0,10762657695.0,0.0038229247055877867
2025-03-14,153.77,161.44,153.41,160.18,150244865.0,7945017156.0,10762657695.0,0.013959829370936804
2025-03-17,160.18,160.63,159.07,159.91,60517176.0,3229662145.0,10762657695.0,0.005622884023164132
2025-03-18,160.87,162.34,160.69,161.05,58774002.0,3164655447.0,10762657695.0,0.005460919009558819
2025-03-19,160.81,162.67,160.48,161.98,50987421.0,2751845206.0,10762657695.0,0.004737437763507725
2025-03-20,161.92,161.95,156.46,157.24,114072346.0,6007424559.0,10762657695.0,0.010598901241000585
2025-03-21,156.97,157.75,154.82,155.03,79571468.0,4145943295.0,10762657695.0,0.00739329171798955
2025-03-24,155.24,156.61,155.24,156.17,50865690.0,2646991166.0,10762657695.0,0.0047261272672112055
2025-03-25,156.23,156.41,155.24,155.66,34440224.0,1790739699.0,10762657695.0,0.0031999739261427845
2025-03-26,155.72,156.05,154.94,154.94,40399461.0,2094936176.0,10762657695.0,0.00375366959954216
2025-03-27,154.91,157.12,154.37,155.96,43216872.0,2248679011.0,10762657695.0,0.004015446112355429
2025-03-28,156.38,156.88,155.33,155.66,35366353.0,1841078406.0,10762657695.0,0.0032860241403412952
2025-03-31,155.48,156.52,153.95,154.67,46838971.0,2423816080.0,10762657695.0,0.004351989288088196
2025-04-01,154.58,155.36,154.01,154.64,39432057.0,2035352505.0,10762657695.0,0.0036637843660417557
2025-04-02,154.52,155.66,154.37,155.36,28327427.0,1467236071.0,10762657695.0,0.002632010401404855
2025-04-03,153.95,155.78,153.92,154.22,37334782.0,1927750540.0,10762657695.0,0.0034689184640095535
2025-04-07,147.69,149.1,140.8,145.47,172755841.0,8362219629.0,10762657695.0,0.016051410896423573
2025-04-08,145.44,147.57,144.09,147.57,111752977.0,5446468218.0,10762657695.0,0.01038339972959625
2025-04-09,146.19,147.54,144.87,146.58,73790650.0,3604799242.0,10762657695.0,0.00685617364141209
2025-04-10,147.87,149.19,147.42,148.23,65791545.0,3258096138.0,10762657695.0,0.006112945971566552
2025-04-11,148.23,148.41,146.73,147.84,45012106.0,2216984586.0,10762657695.0,0.004182248221172289
2025-04-14,148.59,149.34,148.11,148.23,38748414.0,1922228962.0,10762657695.0,0.0036002644605152984
2025-04-15,148.23,149.69,147.57,149.28,40776211.0,2021902572.0,10762657695.0,0.0037886748938362478
2025-04-16,148.95,150.29,147.99,149.43,46792350.0,2323052330.0,10762657695.0,0.004347657551325663
2025-04-17,148.86,150.62,148.53,150.26,37704289.0,1884423296.0,10762657695.0,0.0035032507832629717
2025-04-18,149.93,151.76,149.63,151.1,33881100.0,1706307228.0,10762657695.0,0.003148023560736315
2025-04-21,150.98,151.61,150.38,150.62,26378406.0,1329681852.0,10762657695.0,0.0024509193498047045
2025-04-22,150.38,152.15,150.14,151.49,35509783.0,1793621626.0,10762657695.0,0.0032993507743442176
2025-04-23,152.06,152.63,151.16,151.88,29877321.0,1515452317.0,10762657695.0,0.002776017025411863
2025-04-24,151.88,154.22,151.88,153.44,42383943.0,2170142049.0,10762657695.0,0.0039380554693001415
2025-04-25,153.5,154.55,153.44,153.77,36849939.0,1894916291.0,10762657695.0,0.0034238698325525442
2025-04-28,151.04,153.8,149.87,153.41,51866550.0,2632952959.0,10762657695.0,0.004819121026593237
2025-04-29,153.29,154.7,152.36,152.78,33754005.0,1725062887.0,10762657695.0,0.003136214674529793
2025-04-30,153.08,154.43,151.82,151.91,37794426.0,1927976843.0,10762657695.0,0.003511625759273021
2025-05-06,152.78,153.23,151.43,152.18,39151245.0,1992284115.0,10762657695.0,0.003637693041021686
2025-05-07,154.04,154.67,152.87,153.32,42063972.0,2156676084.0,10762657695.0,0.003908325730692116
2025-05-08,152.81,156.82,152.48,155.66,67134993.0,3487932290.0,10762657695.0,0.006237770902180495
2025-05-09,155.51,156.26,155.03,155.03,29070923.0,1507958915.0,10762657695.0,0.0027010914798029353
2025-05-12,156.46,158.02,155.78,157.57,57737170.0,3028226079.0,10762657695.0,0.005364582953039834
2025-05-13,158.14,158.14,156.52,157.15,40392012.0,2117089329.0,10762657695.0,0.003752977484247677
2025-05-14,157.12,165.3,156.79,163.83,157722961.0,8541172666.0,10762657695.0,0.014654648086900807
2025-05-15,162.94,164.16,162.07,162.52,56930342.0,3095268721.0,10762657695.0,0.005289617454473916
2025-05-16,161.92,163.09,159.91,159.94,46612951.0,2499109899.0,10762657695.0,0.004330988898927348
2025-05-19,159.64,160.96,159.37,159.67,32426624.0,1730493312.0,10762657695.0,0.003012882590799521
2025-05-20,160.12,162.31,159.97,160.81,35266900.0,1895934592.0,10762657695.0,0.0032767835788723373
2025-05-21,160.87,162.97,160.87,161.32,33306582.0,1800759244.0,10762657695.0,0.0030946428794695583
2025-05-22,161.05,161.74,160.36,161.29,24065765.0,1294403114.0,10762657695.0,0.002236042962806502
2025-05-23,161.2,163.15,159.28,159.46,43049136.0,2314052457.0,10762657695.0,0.003999861114230113
2025-05-26,159.25,162.22,158.77,159.97,38812968.0,2078107531.0,10762657695.0,0.0036062624214120748
2025-05-27,159.97,161.35,159.67,159.97,25572531.0,1368911112.0,10762657695.0,0.0023760423981411404
2025-05-28,159.97,160.84,159.13,159.64,26169794.0,1396312012.0,10762657695.0,0.002431536405005028
2025-05-29,159.67,161.26,159.04,160.33,34868262.0,1868004330.0,10762657695.0,0.003239744586153541
2025-05-30,159.88,160.84,158.32,159.61,41723855.0,2221553128.0,10762657695.0,0.0038767241495921236
2025-06-03,159.4,162.1,158.77,161.32,45373821.0,2430686987.0,10762657695.0,0.004215856555679485
2025-06-04,160.6,162.22,160.6,161.05,43089681.0,2322941429.0,10762657695.0,0.004003628306418975
2025-06-05,161.08,162.31,160.75,161.74,41909990.0,2260023900.0,10762657695.0,0.003894018669707399
2025-06-06,161.77,162.13,159.82,160.0,40855330.0,2191002621.0,10762657695.0,0.0037960261450087863
2025-06-09,160.42,161.59,160.27,160.93,39788727.0,2137162081.0,10762657695.0,0.0036969239501582047
2025-06-10,160.9,162.07,159.7,160.06,46707945.0,2510066317.0,10762657695.0,0.004339815157523692
2025-06-11,159.97,163.71,159.97,163.15,68183015.0,3704026068.0,10762657695.0,0.006335146664719787
2025-06-12,162.67,165.75,161.86,164.19,58999906.0,3231103730.0,10762657695.0,0.005481908620712665
2025-06-13,164.25,164.46,162.61,163.21,48022896.0,2616565694.0,10762657695.0,0.004461992322055356
2025-06-16,162.76,163.5,161.95,162.73,49677075.0,2697778320.0,10762657695.0,0.00461568846727128
2025-06-17,162.67,163.3,161.59,162.46,50628878.0,2745763183.0,10762657695.0,0.00470412415174373
2025-06-18,162.31,162.61,159.67,161.2,46936380.0,2518852918.0,10762657695.0,0.004361039933640665
2025-06-19,160.84,161.17,159.13,159.37,40188078.0,2143533731.0,10762657695.0,0.0037340291904545235
2025-06-20,159.34,164.34,159.34,163.98,84743047.0,4606219515.0,10762657695.0,0.00787380305139399
2025-06-23,163.27,165.51,162.55,165.06,61470513.0,3373267494.0,10762657695.0,0.005711462237487801
2025-06-24,165.39,170.66,165.36,170.13,104079789.0,5873914857.0,10762657695.0,0.009670454264131458
2025-06-25,170.16,173.75,169.5,173.39,104613132.0,5998384734.0,10762657695.0,0.009720009217481668
2025-06-26,173.12,173.99,172.16,172.49,50073981.0,2888896788.0,10762657695.0,0.00465256653319587
2025-06-27,172.49,174.14,169.59,170.63,66763167.0,3832894682.0,10762657695.0,0.0062032231157008845
2025-06-30,171.08,172.47,169.94,171.02,56478195.0,3133724720.0,10762657695.0,0.0052476067343698975
2025-07-01,171.57,172.28,170.46,171.7,35274636.0,1961556961.0,10762657695.0,0.003277502360442766
2025-07-02,171.7,172.65,170.62,172.04,39562902.0,2204210316.0,10762657695.0,0.0036759416791987826
2025-07-03,172.31,173.24,171.57,172.01,32510060.0,1817404362.0,10762657695.0,0.003020634951077481
2025-07-04,171.7,176.91,170.86,174.38,65454405.0,3695501729.0,10762657695.0,0.006081620995008334
2025-07-07,174.44,175.09,172.81,173.95,32176278.0,1813966809.0,10762657695.0,0.002989621979239209
2025-07-08,173.85,175.03,172.96,174.01,34345972.0,1939149952.0,10762657695.0,0.003191216609625714
2025-07-09,174.01,175.03,172.25,172.31,39546279.0,2223715808.0,10762657695.0,0.0036743971722125834
2025-07-10,172.31,177.49,172.04,176.1,82888153.0,4726621457.0,10762657695.0,0.0077014577020792264
2025-07-11,175.7,181.93,175.58,177.89,107642894.0,6269330973.0,10762657695.0,0.010001516079992731
2025-07-14,177.83,179.53,177.46,177.46,44905762.0,2598863547.0,10762657695.0,0.004172367390339083
2025-07-15,178.02,178.66,175.64,176.01,44172553.0,2535144762.0,10762657695.0,0.0041042421167516285
2025-07-16,176.23,176.44,173.27,175.18,48182460.0,2728239344.0,10762657695.0,0.0044768180281701325
2025-07-17,174.78,175.89,174.72,175.12,27712343.0,1575012870.0,10762657695.0,0.0025748605767583134
2025-07-18,175.55,177.09,175.27,175.92,43623995.0,2492884493.0,10762657695.0,0.004053273479120902
2025-07-21,176.17,178.02,175.4,176.29,46673343.0,2671242929.0,10762657695.0,0.004336600152365991
2025-07-22,176.29,176.32,172.93,174.78,69520325.0,3930402694.0,10762657695.0,0.006459401290101144
2025-07-23,175.21,179.96,175.12,178.79,86940674.0,5020698335.0,10762657695.0,0.008077993044449417
2025-07-24,178.69,181.87,177.89,180.76,70773738.0,4142271385.0,10762657695.0,0.0065758607219180915
2025-07-25,179.71,180.48,178.23,179.03,50833457.0,2958837440.0,10762657695.0,0.00472313237497237
2025-07-28,179.4,185.57,179.4,185.23,122121733.0,7297531197.0,10762657695.0,0.011346800805226204
2025-07-29,185.14,185.81,183.01,183.38,56609200.0,3380012575.0,10762657695.0,0.005259778913743479
2025-07-30,183.35,189.05,182.95,187.14,92199271.0,5600001966.0,10762657695.0,0.00856658955555494
2025-07-31,186.22,186.49,179.96,180.91,82760070.0,4910516274.0,10762657695.0,0.007689557016985478
2025-08-01,180.88,182.05,179.03,179.4,48878624.0,2860162236.0,10762657695.0,0.004541501308055863
2025-08-04,179.09,179.83,178.32,179.43,36007832.0,2092312969.0,10762657695.0,0.0033456264261501256
2025-08-05,179.71,183.13,179.4,182.3,48295614.0,2837798909.0,10762657695.0,0.004487331602345455
2025-08-06,182.3,183.84,181.31,182.05,32446873.0,1916931441.0,10762657695.0,0.0030147640034183954
2025-08-07,182.21,183.29,180.42,181.5,32797153.0,1932522823.0,10762657695.0,0.0030473098680111835
2025-08-08,181.5,181.56,179.46,180.45,39793332.0,2331643860.0,10762657695.0,0.003697351818453425
2025-08-11,181.16,182.3,180.24,180.24,43186911.0,2535939661.0,10762657695.0,0.0040126623203916734
2025-08-12,180.24,182.08,180.24,181.1,42698545.0,2507882892.0,10762657695.0,0.003967286353428896
2025-08-13,181.62,183.1,180.2,180.67,72845320.0,4285477115.0,10762657695.0,0.006768339388313139
2025-08-14,181.25,186.8,181.16,183.78,102276751.0,6132887145.0,10762657695.0,0.009502927055602134
2025-08-15,183.72,186.34,181.87,184.34,89296811.0,5342602447.0,10762657695.0,0.008296910812418066
2025-08-18,184.71,186.03,182.92,182.92,95726282.0,5730767230.0,10762657695.0,0.008894297738789136
2025-08-19,184.24,185.51,179.03,179.4,95480996.0,5626016600.0,10762657695.0,0.008871507271327373
2025-08-20,179.06,182.49,177.83,182.49,76272484.0,4453267555.0,10762657695.0,0.007086770402020112
2025-08-21,182.49,184.83,181.59,183.78,57460093.0,3420554066.0,10762657695.0,0.005338838661262468
2025-08-22,183.44,186.52,183.23,186.49,78097427.0,4689312103.0,10762657695.0,0.007256332888509654
2025-08-25,186.8,188.19,185.29,188.03,67011268.0,4065994394.0,10762657695.0,0.006226275135660161
2025-08-26,187.73,188.03,186.34,186.55,49198628.0,2984830238.0,10762657695.0,0.004571234112821052
2025-08-27,186.12,186.34,180.91,180.91,106455786.0,6325335934.0,10762657695.0,0.009891217301229983
2025-08-28,181.1,182.24,179.74,181.38,63610466.0,3734301053.0,10762657695.0,0.005910293516958313
2025-08-29,181.71,188.34,181.68,184.58,108030923.0,6488619820.0,10762657695.0,0.010037569349640084
2025-09-01,184.3,184.3,179.8,180.36,94852489.0,5566516443.0,10762657695.0,0.008813110264025729
2025-09-02,180.33,181.25,179.46,180.82,64903633.0,3797585375.0,10762657695.0,0.00603044664610603
2025-09-03,181.68,182.18,176.81,178.11,71474642.0,4150607723.0,10660065083.000002,0.006704897338195734
2025-09-04,178.08,178.69,175.89,177.25,72743607.0,4183559781.0,10660065083.000002,0.006823936480088373
2025-09-05,177.25,178.97,175.8,178.48,55818427.0,3207319735.0,10660065083.000002,0.005236218218687585
2025-09-08,178.05,178.91,176.69,177.86,48773339.0,2814135142.0,10660065083.000002,0.004575332197340956
2025-09-09,178.05,179.68,177.4,178.79,51891144.0,3004298501.0,10660065083.000002,0.004867807428563707
2025-09-10,178.08,179.28,177.62,178.39,30846974.0,1786675715.0,10660065083.000002,0.002893694715728594
2025-09-11,178.48,180.91,177.55,180.91,59507207.0,3464480190.0,10660065083.000002,0.0055822555056346075
2025-09-12,181.81,182.49,177.25,177.8,73537627.0,4277497749.0,10660065083.000002,0.006898421954034142
2025-09-15,177.71,178.76,175.98,176.72,54684242.0,3147658745.0,10660065083.000002,0.005129822526806799
2025-09-16,176.78,177.09,174.16,174.53,68571361.0,3894056719.0,10660065083.000002,0.0064325461867351325
2025-09-17,174.66,175.61,174.01,174.38,68465187.0,3878151157.0,10660065083.000002,0.006422586210020796
2025-09-18,174.59,174.69,169.88,170.4,101207356.0,5649599209.0,10660065083.000002,0.009494065487592481
2025-09-19,170.43,172.62,169.54,169.85,54332111.0,3008279780.0,10660065083.000002,0.005096789801653783
2025-09-22,170.68,171.54,169.54,170.0,37443768.0,2068811784.0,10660065083.000002,0.0035125271476731373
2025-09-23,169.63,171.97,168.74,169.6,61296096.0,3385890145.0,10660065083.000002,0.005750067708099751
2025-09-24,170.43,171.85,169.38,170.43,50317433.0,2781363925.0,10660065083.000002,0.004720180656330426
2025-09-25,170.4,170.74,169.63,169.82,51429616.0,2838283234.0,10660065083.000002,0.0048245123833265055
2025-09-26,169.6,171.23,168.49,170.22,54862187.0,3021459544.0,10660065083.000002,0.005146515201627685
2025-09-29,170.09,176.69,169.63,172.65,103510992.0,5816595783.0,10660065083.000002,0.009710165106315607
2025-09-30,172.01,173.24,169.54,169.88,76708187.0,4247640485.0,10660065083.000002,0.007195846029338917
2025-10-09,169.66,170.4,167.23,169.66,82406748.0,4521397150.0,10660065083.000002,0.0077304169682244316
2025-10-10,168.71,172.53,168.71,171.2,64146532.0,3560844773.0,10660065083.000002,0.0060174615727531374
2025-10-13,168.03,170.56,168.03,169.85,60965598.0,3353288998.0,10660065083.000002,0.0057190643326581634
2025-10-14,171.33,174.72,171.14,174.1,102294025.0,5757976241.0,10660065083.000002,0.00959600379580534
2025-10-15,174.1,178.69,173.55,178.2,83704628.0,4793965559.0,10660065083.000002,0.007852168570104403
2025-10-16,177.8,180.57,177.58,178.85,68147820.0,3966486441.0,10660065083.000002,0.006392814628184385
2025-10-17,178.79,180.27,176.23,176.57,67749281.0,3916934527.0,10660065083.000002,0.006355428458691333
2025-10-20,179.8,180.54,177.09,178.48,52669469.0,3058431634.0,10660065083.000002,0.0049408205850444515
2025-10-21,178.57,181.62,178.57,179.03,76220049.0,4456452771.0,10660065083.000002,0.007150054751687297
2025-10-22,178.79,180.33,178.57,179.43,37989266.0,2211002991.0,10660065083.000002,0.0035636992555123214
2025-10-23,179.46,181.47,179.06,181.1,50350104.0,2943942596.0,10660065083.000002,0.004723245459382341
2025-10-24,182.16,183.26,180.94,181.35,55824170.0,3240224545.0,10660065083.000002,0.0052367569583627455
2025-10-27,181.73,182.95,180.16,180.94,68500438.0,3964893063.0,10660065083.000002,0.006425893037861482
2025-10-28,181.07,182.45,180.53,180.97,49130508.0,2842864953.0,10660065083.000002,0.004608837527488479
2025-10-29,183.61,187.05,183.26,184.7,104443161.0,6172236795.0,10660065083.000002,0.009797610069619496
2025-10-30,185.8,188.3,183.54,183.76,74571283.0,4424147711.0,10660065083.000002,0.0069953872156861005
2025-10-31,184.83,184.83,181.1,181.19,57254154.0,3331214748.0,10660065083.000002,0.0053709009798922625
2025-11-03,182.57,183.92,181.29,182.7,41143033.0,2399870470.0,10660065083.000002,0.003859548012104758
2025-11-04,182.82,185.27,182.35,184.67,51812600.0,3045009961.0,10660065083.000002,0.004860439368482605
2025-11-05,182.98,184.36,181.47,182.73,40215785.0,2348603001.0,10660065083.000002,0.0037725646782526302
2025-11-06,182.82,185.74,182.79,184.55,54734599.0,3224909538.0,10660065083.000002,0.005134546419166547
2025-11-07,184.17,185.33,183.79,184.51,37191041.0,2191134861.0,10660065083.000002,0.0034888193186840785
2025-11-10,184.39,186.11,183.1,185.8,52948721.0,3132320906.0,10660065083.000002,0.004967016672763028
2025-11-11,185.8,186.42,184.26,185.48,36250376.0,2143772917.0,10660065083.000002,0.003400577362122283
2025-11-12,185.8,190.47,185.8,188.09,149024584.0,8994592304.0,10660065083.000002,0.013979706769112976
2025-11-13,188.9,192.32,188.9,190.75,89018699.0,5421878882.0,10660065083.000002,0.008350671248898977
2025-11-14,190.65,195.1,190.03,190.03,75274101.0,4630168806.0,10660065083.000002,0.007061317207156866
2025-11-17,190.15,191.12,186.3,187.46,56019716.0,3354710745.0,10660065083.000002,0.005255100748806562
2025-11-18,186.96,188.46,186.36,186.8,44571218.0,2663627684.0,10660065083.000002,0.004181139388265026
2025-11-19,187.36,191.5,187.08,189.15,70586509.0,4268493624.0,10660065083.000002,0.006621583306519104
2025-11-20,189.87,191.59,188.09,188.62,39449064.0,2387256691.0,10660065083.000002,0.00370064007047301
2025-11-21,187.99,188.3,184.48,184.58,68557969.0,4067315652.0,10660065083.000002,0.006431289909226907
2025-11-24,185.36,185.48,182.82,182.98,53470919.0,3141756214.0,10660065083.000002,0.005016003052858659
2025-11-25,183.86,187.43,182.45,186.33,48777097.0,2887514429.0,10660065083.000002,0.004575684728021654
2025-11-26,186.93,188.68,185.86,187.3,43469273.0,2598031333.0,10660065083.000002,0.004077768068163303
2025-11-27,186.42,187.15,183.92,185.92,50570087.0,2993560813.0,10660065083.000002,0.004743881637331275
2025-11-28,185.52,185.77,183.32,184.83,43355814.0,2553839886.0,10660065083.000002,0.004067124699748889
2025-12-01,184.58,185.42,183.01,183.7,44580406.0,2614280156.0,10660065083.000002,0.004182001296698837
2025-12-02,184.23,186.11,183.14,184.23,37383734.0,2200530387.0,10660065083.000002,0.003506895474739382
2025-12-03,184.08,184.92,182.2,182.82,33549447.0,1961924291.0,10660065083.000002,0.0031472084587459543
2025-12-04,182.82,183.45,182.38,183.45,21766366.0,1271252461.0,10660065083.000002,0.0020418605168472776
2025-12-05,183.76,194.88,183.45,194.23,137794827.0,8385205488.0,10660065083.000002,0.012926265076912755
2025-12-08,194.38,199.9,194.26,198.64,102997868.0,6514118720.0,10660065083.000002,0.009662029940535213
2025-12-09,198.64,199.55,195.57,195.67,48373102.0,3044070518.0,10660065083.000002,0.004537786741765993
2025-12-10,196.33,197.58,194.67,195.98,44882218.0,2808948857.0,10660065083.000002,0.0042103136941982955
2025-12-11,196.76,198.52,194.79,195.92,47796340.0,2990603756.0,10660065083.000002,0.004483681818812024
2025-12-12,196.01,200.81,195.54,200.24,109176025.0,6926125694.0,10660065083.000002,0.010241590848643787
2025-12-15,199.52,211.3,199.02,210.17,154664260.0,10258390316.0,10660065083.000002,0.014508753820522989
2025-12-16,209.02,213.4,207.29,209.92,105682134.0,7074646043.0,10660065083.000002,0.009913835720246698
2025-12-17,210.08,215.03,208.83,213.21,96211778.0,6513277291.0,10660065083.000002,0.009025440018507247
2025-12-18,212.68,214.87,211.77,214.62,56360590.0,3839846393.0,10660065083.000002,0.005287077476654463
2025-12-19,213.53,215.5,211.8,215.41,63847643.0,4363697642.0,10660065083.000002,0.005989423376206228
2025-12-22,215.25,217.04,213.68,214.75,55694201.0,3824247200.0,10660065083.000002,0.005224564818916312
2025-12-23,214.81,220.08,214.15,217.73,76571991.0,5324655842.0,10660065083.000002,0.007183069747117414
2025-12-24,216.72,217.38,214.15,216.28,51131950.0,3522990020.0,10660065083.000002,0.004796588914034118
2025-12-25,216.19,225.53,216.13,221.83,77789813.0,5513013481.0,10660065083.000002,0.007297311263516982
2025-12-26,220.7,225.46,220.67,222.96,65701677.0,4689142906.0,10660065083.000002,0.006163346704587844
2025-12-29,222.46,224.52,218.67,218.95,65566518.0,4622483554.0,10660065083.000002,0.006150667701322137
2025-12-30,218.54,220.04,214.28,215.56,104667372.0,7226865062.0,10660065083.000002,0.009818642868036229
2025-12-31,215.5,216.91,213.53,214.31,45806869.0,3141993177.0,10660065083.000002,0.004297053408524672
2026-01-05,216.82,228.72,216.82,226.72,122883100.0,8824564893.0,10660065083.000002,0.0115274249306382
2026-01-06,226.84,234.61,226.84,232.86,146851648.0,10867519151.0,10660065083.000002,0.013775867863526437
2026-01-07,231.51,234.05,229.63,230.13,91969506.0,6796568402.0,10660065083.000002,0.008627480722108082
2026-01-08,229.88,229.98,218.26,220.51,168539173.0,11969587226.0,10660065083.000002,0.015810332459299487
2026-01-09,221.2,223.33,213.81,216.19,206334825.0,14285738425.0,10660065083.000002,0.019355869161535397
2026-01-12,215.88,216.19,210.61,211.65,185166118.0,12546774433.0,10660065083.000002,0.017370073874623075
2026-01-13,212.43,219.26,212.37,213.68,150215050.0,10342110580.0,10660065083.000002,0.014091382072287106
2026-01-14,214.15,215.97,209.36,209.92,143110900.0,9691268750.0,10660065083.000002,0.013424955559438772
2026-01-15,209.61,214.25,208.95,211.21,106661426.0,7195271140.0,10660065083.000002,0.010005701200651852
2026-01-16,211.8,212.87,206.16,207.82,135609994.0,9017682809.0,10660065083.000002,0.012721310136864197
2026-01-19,207.67,209.77,206.51,207.73,83868106.0,5560566590.0,10660065083.000002,0.007867504123755075
2026-01-20,207.89,212.34,207.14,208.67,98849999.0,6611639902.0,10660065083.000002,0.009272926406203629
2026-01-21,208.8,210.49,205.69,206.32,93540213.0,6198978527.0,10660065083.000002,0.008774825694936143
2026-01-22,207.2,208.61,202.15,203.03,114392226.0,7455922559.0,10660065083.000002,0.01073091253283486
2026-01-23,204.28,205.16,199.46,200.21,140769883.0,9048849720.0,10660065083.000002,0.013205349301712136
2026-01-26,200.52,207.57,199.8,200.96,201384596.0,13083521294.0,10660065083.000002,0.018891497794057133
2026-01-27,201.5,207.89,201.37,204.63,150884105.0,9868833866.0,10660065083.000002,0.014154144822306989
2026-01-28,206.38,206.95,201.87,202.87,199285418.0,12952514678.0,10660065083.000002,0.01869457798318772
2026-01-29,203.75,213.15,202.18,213.06,275571332.0,18287719695.0,10660065083.000002,0.025850811402593005
2026-01-30,213.09,215.22,208.01,209.14,160322836.0,10768334982.0,10660065083.000002,0.01503957384422284
2026-02-02,207.89,214.09,205.94,206.85,135454854.0,9059867836.0,10660065083.000002,0.01270675675479832
2026-02-03,209.61,211.18,205.6,208.61,103322505.0,6862044454.0,10660065083.000002,0.009692483506950835
2026-02-04,208.2,211.33,207.51,211.18,87740307.0,5866716207.0,10660065083.000002,0.008230747778446746
2026-02-05,210.46,213.03,207.29,211.02,90819121.0,6088193606.0,10660065083.000002,0.00851956533969315
2026-02-06,209.55,211.84,208.11,209.61,74927488.0,5011778788.0,10660065083.000002,0.007028802114866036
2026-02-09,211.33,216.5,210.27,215.25,102123690.0,6973342327.0,10660065083.000002,0.009580025000303272
2026-02-10,215.28,215.56,212.43,213.65,54873478.0,3743029914.0,10660065083.000002,0.005147574388406761
2026-02-11,213.84,215.19,210.11,211.49,61803197.0,4178546001.0,10660065083.000002,0.005797637867948839
2026-02-12,211.8,212.05,207.89,208.48,64637155.0,4320770033.0,10660065083.000002,0.006063485963428051
2026-02-13,207.26,207.89,203.85,204.57,84077184.0,5509966026.0,10660065083.000002,0.00788711732483519
2026-02-24,206.07,207.57,201.68,202.09,80005314.0,5208399201.0,10660065083.000002,0.0075051431090779564
2026-02-25,202.72,205.98,202.72,203.81,68355572.0,4452349687.0,10660065083.000002,0.006412303439780039
2026-02-26,205.22,205.32,198.3,198.96,103614642.0,6614432347.0,10660065083.000002,0.009719888311492402
2026-02-27,199.27,199.71,197.58,197.67,63301213.0,4006459826.0,10660065083.000002,0.005938163839257302
2026-03-02,195.54,197.74,193.32,195.35,101086184.0,6295717498.0,10660065083.000002,0.00948269857762931
2026-03-03,195.67,199.65,194.04,196.04,109553470.0,6885778079.0,10660065083.000002,0.010276998230968492
2026-03-04,194.88,196.01,190.03,193.6,100813361.0,6196271382.0,10660065083.000002,0.009457105581913452
2026-03-05,194.29,196.51,193.63,194.51,54636541.0,3404335407.0,10660065083.000002,0.005125347788648205
2026-03-06,193.6,198.49,193.19,196.36,57463292.0,3590186818.0,10660065083.000002,0.005390519809455838
2026-03-09,192.5,192.75,188.02,192.38,93036823.0,5663230289.0,10660065083.000002,0.008727603656789042
2026-03-10,193.82,195.45,193.38,194.54,46218362.0,2866994902.0,10660065083.000002,0.004335654767596693
2026-03-11,194.54,197.11,193.63,195.98,51727048.0,3234820115.0,10660065083.000002,0.004852413901533399
2026-03-12,194.73,195.61,191.81,193.0,66854186.0,4123729384.0,10660065083.000002,0.006271461335317251
2026-03-13,192.28,193.85,191.38,191.75,45804107.0,2813751146.0,10660065083.000002,0.0042967943106694065
2026-03-16,191.75,192.25,188.3,189.5,81859571.0,4946355959.0,10660065083.000002,0.007679087356656431
2026-03-17,189.84,196.76,189.81,193.76,90184988.0,5591874769.0,10660065083.000002,0.008460078554662983
2026-03-18,193.85,195.26,192.69,193.91,49047083.0,3034276337.0,10660065083.000002,0.004601011590277923
2026-03-19,191.75,192.03,189.24,189.93,68472203.0,4158160919.0,10660065083.000002,0.006423244367353361
2026-03-20,190.5,190.81,187.05,187.18,62076703.0,3738267788.0,10660065083.000002,0.005823294934568083
2026-03-23,184.55,184.86,179.34,180.06,125382261.0,7264101524.0,10660065083.000002,0.011761866369835932
2026-03-24,181.73,182.79,180.16,182.1,68186982.0,3949789641.0,10660065083.000002,0.0063964883393385925
2026-03-25,183.29,185.99,183.04,184.2,56238854.0,3309846362.0,10660065083.000002,0.005275657658946771
2026-03-26,184.17,184.17,177.12,177.97,101189634.0,5801815138.0,10660065083.000002,0.009492403021194574
2026-03-27,178.15,179.81,176.77,178.44,83437858.0,4753261022.0,10660065083.000002,0.00782714339456158
2026-03-30,176.52,177.18,174.96,176.49,73754441.0,4139267846.0,10660065083.000002,0.006918760854248341
2026-03-31,176.37,180.75,176.12,177.9,76411377.0,4363799010.0,10660065083.000002,0.0071680028597438895
2026-04-01,180.41,182.63,180.28,182.29,68403496.0,3964968442.0,10660065083.000002,0.006416799097135492
2026-04-02,181.73,181.73,179.09,179.41,45979403.0,2642755831.0,10660065083.000002,0.004313238487945542
2026-04-03,180.41,181.0,179.34,179.38,34367765.0,1975820960.0,10660065083.000002,0.003223973280876825
2026-04-07,179.53,180.32,176.74,177.62,50385836.0,2865555758.0,10660065083.000002,0.004726597408898765
2026-04-08,181.73,186.89,181.73,186.27,112152704.0,6612867449.0,10660065083.000002,0.010520827323920756
2026-04-09,184.86,184.86,182.67,184.04,57020126.0,3341224254.0,10660065083.000002,0.005348947267773448
2026-04-10,184.86,187.49,184.17,184.29,63791249.0,3778347094.0,10660065083.000002,0.005984133164602367
2026-04-13,182.35,182.38,180.5,180.94,68454399.0,3959480166.0,10660065083.000002,0.006421574208694725
2026-04-14,182.45,185.48,182.13,184.76,67514220.0,3965283533.0,10660065083.000002,0.006333377842848953
2026-04-15,186.11,187.11,183.64,183.92,51371265.0,3032393651.0,10660065083.000002,0.004819038589353797
2026-04-16,183.95,184.95,182.51,183.35,54436786.0,3190206251.0,10660065083.000002,0.0051066091600896835
2026-04-17,182.98,182.98,180.5,181.47,61232384.0,3550736121.0,10660065083.000002,0.00574409100912991
2026-04-20,181.32,183.82,180.91,183.42,63343688.0,3690691462.0,10660065083.000002,0.005942148336506548
2026-04-21,183.42,185.2,181.82,181.82,54402036.0,3179298446.0,10660065083.000002,0.005103349330085886
2026-04-22,181.82,183.61,180.63,181.82,57957025.0,3364574054.0,10660065083.000002,0.005436835943190084
2026-04-23,181.66,183.54,180.25,181.35,66117405.0,3829528934.0,10660065083.000002,0.006202345340784069
2026-04-24,180.82,181.63,178.78,181.04,55400204.0,3188079037.0,10660065083.000002,0.005196985531387491
2026-04-27,181.1,183.45,180.03,180.32,64067076.0,3708625921.0,10660065083.000002,0.006010007959723447
2026-04-28,180.06,182.07,179.22,180.57,62460231.0,3597829250.0,10660065083.000002,0.005859272951307551
2026-04-29,180.53,186.71,180.44,186.21,160931457.0,9481901998.0,10660065083.000002,0.0150966673980859
2026-04-30,185.23,189.87,185.23,186.02,106301044.0,6353995428.0,10660065083.000002,0.009971894465215056
2026-05-06,186.05,187.49,185.01,185.99,90508315.0,5373455216.0,10660065083.000002,0.008490409232523068
2026-05-07,186.74,191.47,186.74,188.12,131374821.0,7920220894.0,10660065083.000002,0.012324016783866382
2026-05-08,187.68,188.81,187.18,188.18,73204919.0,4392260153.0,10660065083.000002,0.006867211262785119
2026-05-11,187.3,189.71,185.67,188.3,96199074.0,5766761256.0,10660065083.000002,0.009024248280942693
2026-05-12,188.3,189.56,185.64,186.11,69000725.0,4123942070.0,10660065083.000002,0.006472823989605654
2026-05-13,185.86,186.8,180.57,181.85,103434508.0,6026385945.0,10660065083.000002,0.009702990290833291
2026-05-14,182.54,183.35,178.12,178.28,90718667.0,5211793925.0,10660065083.000002,0.008510141945068647
2026-05-15,178.53,179.03,173.23,173.89,118190376.0,6613205579.0,10660065083.000002,0.011087209607048511
2026-05-18,173.58,173.77,170.45,171.98,81041545.0,4441031983.0,10660065083.000002,0.007602349926478398
2026-05-19,172.36,172.98,169.57,170.7,83912239.0,4578893673.0,10660065083.000002,0.007871644154763926
2026-05-20,170.45,170.45,168.66,169.54,74388923.0,4022984705.0,10660065083.000002,0.006978280378290631
2026-05-21,170.6,173.36,168.19,168.44,103593084.0,5646669982.0,10660065083.000002,0.009717865997385298
2026-05-22,169.54,169.82,167.53,168.19,66969933.0,3603724584.0,10660065083.000002,0.006282319336567599
2026-05-25,168.66,172.26,167.88,169.88,86797664.0,4694584484.0,10660065083.000002,0.008142320269546893
2026-05-26,169.66,172.64,168.85,170.04,91000989.0,4946050442.0,10660065083.000002,0.008536626023524249
2026-05-27,170.07,170.1,166.25,166.91,86201148.0,4614798491.0,10660065083.000002,0.008086362262221845
2026-05-28,166.87,167.31,163.4,164.4,87560016.0,4602192065.0,10660065083.000002,0.008213835029922583
2026-05-29,164.77,168.19,164.52,167.63,100011258.0,5326303204.0,10660065083.000002,0.00938186185743759
2026-06-01,167.59,169.51,166.53,168.72,77530660.0,4162422693.0,10660065083.000002,0.007273000623949379
2026-06-02,168.75,170.92,168.0,169.44,78494104.0,4245154925.0,10660065083.000002,0.007363379434256685
2026-06-03,169.38,169.82,167.63,168.25,62506613.0,3361445868.0,10660065083.000002,0.005863623956638088
2026-06-04,167.97,169.44,166.18,166.78,57622588.0,3084164360.0,10660065083.000002,0.005405463057809362
2026-06-05,167.0,171.01,166.81,167.56,93716510.0,5047248522.0,10660065083.000002,0.008791363774078
2026-06-08,166.25,169.07,165.75,167.25,72054031.0,3845596526.0,10660065083.000002,0.0067592486949171835
2026-06-09,166.62,169.35,166.53,168.97,71003001.0,3811033908.0,10660065083.000002,0.006660653612071384
2026-06-10,169.2,173.18,168.71,172.34,90323526.0,4779498278.0,10660065083.000002,0.008473074535355535
2026-06-11,172.34,174.77,169.52,170.46,64764147.0,3426033713.0,10660065083.000002,0.006075398836286822
2026-06-12,169.88,175.64,168.75,174.9,110295254.0,5923966809.0,10660065083.000002,0.010346583547214162
2026-06-15,175.84,181.21,174.22,175.61,101057655.0,5527730148.0,10660065083.000002,0.009480022327552236
2026-06-16,174.83,175.16,170.82,171.6,81250790.0,4325837393.0,10660065083.000002,0.007621978793504143
2026-06-17,172.41,172.73,170.01,170.85,65390576.0,3453554961.0,10660065083.000002,0.0061341629240407505
2026-06-18,170.3,170.46,159.87,159.91,217832108.0,10954978558.0,10660065083.000002,0.020434406948170034
2026-06-22,159.94,169.33,157.57,168.33,172497232.0,8759839755.0,10660065083.000002,0.01618163028620601
2026-06-23,166.64,169.78,162.27,163.21,122011590.0,6233635916.0,10660065083.000002,0.011445670270304107
2026-06-24,164.15,164.76,158.77,159.06,109415765.0,5415518285.0,10660065083.000002,0.010264080392387975
2026-06-25,157.87,163.4,157.25,159.65,121452277.0,5996134269.0,10660065083.000002,0.011393202204148304
2026-06-26,159.61,160.26,152.85,152.94,142644108.0,6823881221.0,10660065083.000002,0.01338116670858603
2026-06-29,153.17,158.25,151.87,157.38,108960939.0,5250679148.0,10660065083.000002,0.01022141404875323
2026-06-30,156.41,158.48,153.33,154.6,94981273.0,4537577336.0,10660065083.000002,0.008910008734512337
2026-07-01,154.14,162.21,152.81,160.39,138621666.0,6772060767.0,10660065083.000002,0.013003829237502975
2026-07-02,159.81,162.56,158.03,158.42,92012954.0,4528699940.0,10660065083.000002,0.008631556494597434
2026-07-03,160.29,161.2,156.44,158.97,80333122.0,3933213372.0,10660065083.000002,0.0075358941408444294
2026-07-06,158.84,162.56,158.06,162.24,94495634.0,4688935744.0,10660065083.000002,0.008864451883196817
2026-07-07,161.69,162.63,159.23,159.61,69767509.0,3454770845.0,10660065083.000002,0.006544754507292907
2026-07-08,159.84,161.27,158.55,160.42,54099529.0,2678589604.0,10660065083.000002,0.00507497173598635
2026-07-09,159.52,160.65,158.38,160.26,66236870.0,3259894112.0,10660065083.000002,0.006213552120392808
2026-07-10,160.2,161.82,158.58,160.23,76494557.0,3787725071.0,10660065083.000002,0.007175805813980318
2026-07-13,159.84,161.04,159.03,160.39,71652351.0,3539328300.0,10660065083.000002,0.006721567874315011
