date,开盘,最高,最低,收盘,成交量,成交额,流通股本,换手率
2021-04-20,39.29,47.15,39.29,47.15,386447.0,18219428.0,42667000.0,0.00905728080249373
2021-04-21,51.87,51.87,51.87,51.87,124800.0,6473376.0,42667000.0,0.0029249771486160266
2021-04-22,57.06,57.06,57.06,57.06,64774.0,3696004.0,42667000.0,0.0015181287646190264
2021-04-23,62.77,62.77,62.77,62.77,392592.0,24643000.0,42667000.0,0.009201303114819415
2021-04-26,69.05,69.05,56.72,57.64,23937620.0,1511622241.0,42667000.0,0.561033585675112
2021-04-27,55.64,56.0,51.88,52.04,16265882.0,863761593.0,42667000.0,0.3812286310263201
2021-04-28,50.0,52.0,49.42,50.32,8970213.0,453476522.0,42667000.0,0.21023772470527574
2021-04-29,50.08,52.5,50.08,51.33,7852170.0,404392082.0,42667000.0,0.18403379661096397
2021-04-30,51.0,51.02,47.43,47.75,8838598.0,431102998.0,42667000.0,0.20715302224201373
2021-05-06,46.95,49.08,46.36,48.18,5635799.0,271033611.0,42667000.0,0.13208800712494434
2021-05-07,48.19,49.2,47.31,47.45,5349234.0,258081324.0,42667000.0,0.12537169240865306
2021-05-10,50.83,52.2,50.83,52.2,2732117.0,141296202.0,42667000.0,0.06403349192584433
2021-05-11,57.42,57.42,57.42,57.42,1003564.0,57624645.0,42667000.0,0.023520847493378957
2021-05-12,63.16,63.16,61.62,63.16,18454291.0,1164236646.0,42667000.0,0.43251906625729486
2021-05-13,69.4,69.48,66.64,69.48,10383389.0,714294736.0,42667000.0,0.24335877844704337
2021-05-14,69.69,71.88,64.1,68.05,18487082.0,1257664167.0,42667000.0,0.4332875993156303
2021-05-17,69.76,73.8,64.98,68.43,14632118.0,1005672182.0,42667000.0,0.3429375864251061
2021-05-18,71.85,72.84,68.15,69.44,10868600.0,763030365.0,42667000.0,0.25473082241544986
2021-05-19,68.98,76.38,65.79,74.11,11138672.0,788666116.0,42667000.0,0.26106058546417604
2021-05-20,70.0,70.6,67.8,67.9,8249876.0,570864158.0,42667000.0,0.19335495816438933
2021-05-21,67.9,71.23,67.9,69.5,5979678.0,417579058.0,42667000.0,0.14014760822181077
2021-05-24,68.85,73.55,67.8,68.62,6579092.0,462502312.0,42667000.0,0.1541962640916868
2021-05-25,68.65,70.02,64.2,70.0,6023175.0,407172425.0,42667000.0,0.1411670611948344
2021-05-26,69.95,71.5,68.88,69.38,4680785.0,328794140.0,42667000.0,0.10970504136686432
2021-05-27,69.1,76.32,69.1,72.9,9695075.0,722355989.0,42667000.0,0.22722654510511636
2021-05-28,71.92,80.0,71.92,78.5,7526552.0,573869244.0,42667000.0,0.1764021843579347
2021-05-31,77.88,82.7,77.07,79.22,6599828.0,524507219.0,42667000.0,0.15468226029484144
2021-06-01,79.39,80.85,78.0,80.42,3172717.0,252941546.0,42667000.0,0.07435997375020507
2021-06-02,80.45,80.5,74.77,75.41,4785111.0,369957079.0,42667000.0,0.11215016288935242
2021-06-03,76.2,76.45,73.99,75.0,2469367.0,184987028.0,42667000.0,0.05787533691143038
2021-06-04,73.73,74.36,70.26,72.88,3543506.0,257026192.0,42667000.0,0.08305027304474184
2021-06-07,73.0,79.18,73.0,75.7,3514047.0,267290949.0,42667000.0,0.0823598331263037
2021-06-08,75.81,78.88,73.2,77.0,3324343.0,255115665.0,42667000.0,0.07791368036187217
2021-06-09,77.0,77.04,73.0,74.44,2496182.0,185705589.0,42667000.0,0.05850380856399559
2021-06-10,75.0,81.88,75.0,81.88,2348214.0,190412129.0,42667000.0,0.05503583565753393
2021-06-11,87.5,90.07,85.8,90.07,6782832.0,605630839.0,42667000.0,0.15897138303607003
2021-06-15,90.34,96.98,88.88,90.63,6797694.0,623911085.0,42667000.0,0.1593197084397778
2021-06-16,91.55,93.36,86.22,86.22,3224450.0,285791492.0,42667000.0,0.07557245646518386
2021-06-17,87.57,94.84,86.99,94.84,2657689.0,242550334.0,42667000.0,0.06228909930391169
2021-06-18,98.35,104.3,96.14,102.41,4135662.0,419470610.0,42667000.0,0.09692882086858697
2021-06-21,102.5,112.65,98.91,112.65,3633859.0,390389200.0,42667000.0,0.08516790493824267
2021-06-22,116.0,116.29,109.28,113.06,3290995.0,371302728.0,42667000.0,0.07713209271802564
2021-06-23,113.38,124.0,111.07,120.0,2513709.0,294545550.0,42667000.0,0.05891459441723112
2021-06-24,123.0,124.3,108.89,117.0,3474402.0,401935289.0,42667000.0,0.0814306606979633
2021-06-25,116.98,121.95,110.0,115.8,2933908.0,344801255.0,42667000.0,0.06876293153959735
2021-06-28,116.35,127.38,112.78,127.38,3152034.0,383800299.0,42667000.0,0.0738752197248459
2021-06-29,128.89,137.45,128.39,132.17,3272817.0,427899629.0,42667000.0,0.07670604917149085
2021-06-30,132.75,132.79,125.37,128.49,2038030.0,259605702.0,42667000.0,0.04776595495347693
2021-07-01,128.9,129.39,120.83,123.31,2209899.0,275072449.0,42667000.0,0.05179410317106898
2021-07-02,119.83,127.88,118.02,120.12,2055854.0,250038884.0,42667000.0,0.04818370168983055
2021-07-05,120.58,125.87,117.82,124.71,1836764.0,222581668.0,42667000.0,0.04304881993109429
2021-07-06,125.87,125.87,112.25,115.01,3607034.0,414591424.0,42667000.0,0.0845391989125085
2021-07-07,113.79,126.51,110.26,126.04,5184742.0,607783771.0,42667000.0,0.12151644127780252
2021-07-08,124.72,125.39,117.92,123.22,3547353.0,427118845.0,42667000.0,0.0831404364028406
2021-07-09,119.53,120.33,113.79,117.51,2225417.0,258843459.0,42667000.0,0.05215780345466051
2021-07-12,118.82,127.18,118.82,122.8,3212130.0,396302771.0,42667000.0,0.07528370872102562
2021-07-13,126.93,133.71,118.82,130.1,2764954.0,351247118.0,42667000.0,0.06480310310075703
2021-07-14,132.92,137.5,127.98,133.65,2633266.0,350574879.0,42667000.0,0.06171668971336161
2021-07-15,131.9,145.0,129.7,140.19,2731446.0,371740888.0,42667000.0,0.06401776548620713
2021-07-16,143.87,145.08,135.92,135.92,1878909.0,262186920.0,42667000.0,0.0440365856516746
2021-07-19,139.46,140.47,125.16,126.55,2409125.0,311929487.0,42667000.0,0.05646342606698385
2021-07-20,123.94,127.38,120.04,125.04,2143688.0,263510567.0,42667000.0,0.05024229498207045
2021-07-21,127.38,137.55,127.38,137.55,2427141.0,323766185.0,42667000.0,0.056885672768181496
2021-07-22,140.05,151.31,140.05,151.31,3906637.0,575401546.0,42667000.0,0.09156108936648932
2021-07-23,152.44,165.82,151.32,161.22,3551590.0,560268014.0,42667000.0,0.0832397403145288
2021-07-26,166.4,177.35,166.4,173.38,3672294.0,631242806.0,42667000.0,0.08606871821313895
2021-07-27,176.62,185.26,165.57,169.94,5049421.0,874748247.0,42667000.0,0.11834488011812408
2021-07-28,158.08,174.51,153.11,168.72,3129154.0,519504591.0,42667000.0,0.07333897391426629
2021-07-29,177.13,185.59,173.3,185.59,2066927.0,371013327.0,42667000.0,0.048443223099819535
2021-07-30,198.37,204.15,198.37,204.14,3624135.0,731597869.0,42667000.0,0.08494000046874634
2021-08-02,206.33,221.31,192.99,198.24,4561934.0,923128969.0,42667000.0,0.10691949281646237
2021-08-03,197.36,197.36,178.41,178.41,2750595.0,502933107.0,42667000.0,0.0644665666674479
2021-08-04,173.85,184.37,171.3,183.15,4571951.0,809257873.0,42667000.0,0.10715426441980921
2021-08-05,183.15,183.15,173.2,175.2,2548442.0,448607840.0,42667000.0,0.059728642744978556
2021-08-06,176.22,191.32,170.76,186.65,3748088.0,677355735.0,42667000.0,0.08784512620995148
2021-08-09,186.29,204.4,179.26,204.4,3374021.0,651084393.0,42667000.0,0.07907799939062976
2021-08-10,196.37,210.25,183.96,189.12,4881155.0,955987278.0,42667000.0,0.11440117655330817
2021-08-11,184.27,192.76,179.1,187.29,2944042.0,542139363.0,42667000.0,0.06900044530902102
2021-08-12,186.17,186.29,176.12,181.76,3273066.0,582345670.0,42667000.0,0.07671188506339795
2021-08-13,174.71,181.75,169.17,175.18,3117287.0,543983137.0,42667000.0,0.07306084327466192
2021-08-16,179.03,179.24,164.74,172.27,2928259.0,501680676.0,42667000.0,0.06863053413645206
2021-08-17,170.5,179.44,167.86,173.79,2065139.0,356189833.0,42667000.0,0.04840131717720955
2021-08-18,171.18,176.22,167.15,171.62,2157356.0,369947100.0,42667000.0,0.050562636229404455
2021-08-19,169.89,178.21,167.15,175.55,1645028.0,280435807.0,42667000.0,0.03855504253873017
2021-08-20,175.55,193.1,172.3,192.53,4418357.0,826365536.0,42667000.0,0.10355443316849088
2021-08-23,188.3,196.16,183.27,191.94,2649098.0,498743906.0,42667000.0,0.06208774931445848
2021-08-24,189.31,211.13,189.31,211.13,2427977.0,496307703.0,42667000.0,0.056905266365106524
2021-08-25,213.47,223.77,204.93,220.02,2492165.0,526406401.0,42667000.0,0.058409660862024516
2021-08-26,215.34,241.67,214.08,223.14,2230384.0,506015487.0,42667000.0,0.05227421660768275
2021-08-27,215.99,236.68,201.39,233.61,3220152.0,709520081.0,42667000.0,0.07547172287716503
2021-08-30,229.59,241.66,217.92,232.81,2603341.0,596762173.0,42667000.0,0.06101532800524996
2021-08-31,228.58,228.58,214.48,220.95,1654506.0,362495214.0,42667000.0,0.038777181428270094
2021-09-01,223.42,223.54,198.85,198.85,1880867.0,385037015.0,42667000.0,0.04408247591815689
2021-09-02,196.36,198.37,188.32,192.86,2270328.0,436760103.0,42667000.0,0.053210396793775046
2021-09-03,193.25,205.42,186.79,186.79,2476141.0,482483273.0,42667000.0,0.05803410129608363
2021-09-06,184.78,187.13,173.19,186.15,2184847.0,390158384.0,42667000.0,0.051206951508191344
2021-09-07,185.75,195.24,182.41,189.19,2267162.0,424043902.0,42667000.0,0.053136194248482434
2021-09-08,189.41,197.87,176.7,179.54,2525368.0,465093883.0,42667000.0,0.059187850094921134
2021-09-09,176.22,181.05,173.2,178.17,1542239.0,270791960.0,42667000.0,0.03614594417231115
2021-09-10,178.23,195.98,178.23,195.98,2721325.0,520229545.0,42667000.0,0.06378055640190311
2021-09-13,203.77,207.49,188.62,192.33,2571618.0,501335075.0,42667000.0,0.060271826001359365
2021-09-14,192.33,211.56,186.19,211.56,1971794.0,399099716.0,42667000.0,0.046213560831556005
2021-09-15,213.86,216.5,204.52,211.06,1594114.0,334018112.0,42667000.0,0.03736175498628917
2021-09-16,207.2,213.09,189.95,189.95,2318385.0,449104960.0,42667000.0,0.054336723931844286
2021-09-17,183.37,188.8,172.2,188.33,3406587.0,608949012.0,42667000.0,0.07984125905266365
2021-09-22,190.31,204.41,183.07,195.82,2505074.0,484742528.0,42667000.0,0.058712213185834486
2021-09-23,197.07,204.41,189.33,202.04,1675796.0,330554606.0,42667000.0,0.03927616190498512
2021-09-24,202.7,222.24,200.56,222.24,1867449.0,400063360.0,42667000.0,0.04376799400004688
2021-09-27,226.43,234.62,207.95,228.58,3469734.0,766324108.0,42667000.0,0.08132125530269295
2021-09-28,228.58,228.58,212.93,217.66,1992694.0,435327005.0,42667000.0,0.0467034007546816
2021-09-29,210.64,231.6,210.64,226.57,2017177.0,449808534.0,42667000.0,0.047277216584245434
2021-09-30,224.55,233.89,222.54,226.36,1523503.0,344424853.0,42667000.0,0.03570682260294841
2021-10-08,223.6,227.57,205.43,209.44,1805986.0,386547468.0,42667000.0,0.042327466191670375
2021-10-11,211.46,211.46,200.23,205.81,1272386.0,261067745.0,42667000.0,0.029821313895985187
2021-10-12,207.43,221.53,203.4,220.23,1842882.0,391855960.0,42667000.0,0.043192209435863785
2021-10-13,216.5,242.25,214.79,242.25,2161411.0,503760940.0,42667000.0,0.05065767454941758
2021-10-14,245.7,266.44,242.35,259.79,2845036.0,722109909.0,42667000.0,0.06668001031241944
2021-10-15,257.2,270.87,249.74,267.45,1675787.0,439020914.0,42667000.0,0.039275950969133056
2021-10-18,266.84,276.91,261.53,272.91,1848082.0,494370873.0,42667000.0,0.04331408348372278
2021-10-19,272.9,276.76,251.85,258.7,2280787.0,588886383.0,42667000.0,0.053455527691189914
2021-10-20,257.07,281.03,254.36,271.88,2261278.0,602506281.0,42667000.0,0.052998289075866595
2021-10-21,270.87,271.88,244.69,251.06,2853079.0,719377650.0,42667000.0,0.06686851665221366
2021-10-22,246.7,253.25,229.59,250.73,2262274.0,545208833.0,42667000.0,0.05302163264349497
2021-10-25,251.48,275.81,251.48,275.81,2606969.0,697979052.0,42667000.0,0.061100358590948506
2021-10-26,278.42,283.02,266.84,268.97,1880716.0,512425547.0,42667000.0,0.0440789368833056
2021-10-27,271.24,293.53,264.71,292.19,2064526.0,581459763.0,42667000.0,0.04838695010195233
2021-10-28,286.13,308.09,284.81,300.68,2225208.0,654963769.0,42667000.0,0.05215290505542926
2021-10-29,302.29,330.74,297.07,330.74,3865715.0,1234556241.0,42667000.0,0.09060198748447278
2021-11-01,335.32,348.4,325.25,331.29,3067666.0,1023592799.0,42667000.0,0.0718978601729674
2021-11-02,322.61,332.3,316.18,326.15,1874351.0,604158527.0,42667000.0,0.043929758361262804
2021-11-03,313.24,319.96,298.03,308.75,2392199.0,730600826.0,42667000.0,0.0560667260412028
2021-11-04,310.58,326.55,299.57,300.96,2701564.0,832407634.0,42667000.0,0.06331741158272201
2021-11-05,292.02,311.64,277.76,302.09,3803247.0,1113783423.0,42667000.0,0.08913790517261584
2021-11-08,302.09,309.94,293.06,304.1,1833251.0,548967244.0,42667000.0,0.042966484636838775
2021-11-09,303.09,321.23,295.54,313.15,2464584.0,752835848.0,42667000.0,0.057763236224717
2021-11-10,305.11,308.79,293.02,301.08,1390645.0,415633167.0,42667000.0,0.03259298755478473
2021-11-11,298.08,310.12,295.23,295.23,1482036.0,444722244.0,42667000.0,0.034734947383223566
2021-11-12,297.05,318.2,295.35,315.17,2167796.0,660934266.0,42667000.0,0.0508073218177983
2021-11-15,312.48,321.5,296.95,298.96,2273445.0,699992626.0,42667000.0,0.053283450910539765
2021-11-16,292.02,293.52,277.25,278.88,2268130.0,639797200.0,42667000.0,0.05315888157123772
2021-11-17,276.79,292.24,276.03,292.02,2047268.0,578648835.0,42667000.0,0.047982468886961824
2021-11-18,290.0,290.0,271.93,278.93,2755600.0,762406275.0,42667000.0,0.0645838704385122
2021-11-19,273.39,285.8,273.39,279.95,1600069.0,445172313.0,42667000.0,0.03750132420840462
2021-11-22,289.8,307.95,289.8,307.95,2531186.0,763683719.0,42667000.0,0.05932420840462184
2021-11-23,307.93,326.05,302.39,319.2,3167233.0,998760716.0,42667000.0,0.07423144350434763
2021-11-24,320.46,320.72,287.27,287.27,3777562.0,1110298930.0,42667000.0,0.08853591768814306
2021-11-25,277.07,281.82,265.99,268.66,4263658.0,1151815329.0,42667000.0,0.09992870368200249
2021-11-26,268.66,274.9,264.47,274.07,2391200.0,644769969.0,42667000.0,0.05604331216162374
2021-11-29,276.92,301.08,276.92,292.02,3978251.0,1151138867.0,42667000.0,0.09323952937867673
2021-11-30,286.53,296.04,278.82,284.22,2466700.0,701352400.0,42667000.0,0.05781282958726885
2021-12-01,285.98,291.91,276.91,280.53,1710626.0,479838810.0,42667000.0,0.040092483652471464
2021-12-02,276.91,284.63,272.84,273.68,1342898.0,368546383.0,42667000.0,0.031473925984953244
2021-12-03,273.68,282.8,267.65,280.97,1921427.0,529445800.0,42667000.0,0.0450330934914571
2021-12-06,279.93,288.99,278.93,281.15,1370819.0,384949639.0,42667000.0,0.03212831931000539
2021-12-07,281.44,283.97,268.56,276.62,1299858.0,354301461.0,42667000.0,0.030465183865751047
2021-12-08,281.44,294.03,281.44,289.9,2418024.0,694522203.0,42667000.0,0.05667199475004102
2021-12-09,284.97,290.67,278.82,282.55,1433773.0,403820942.0,42667000.0,0.03360379215787377
2021-12-10,279.43,294.94,268.86,292.91,2414337.0,687315143.0,42667000.0,0.056585581362645604
2021-12-13,290.0,296.93,287.82,292.02,1367601.0,396594841.0,42667000.0,0.03205289802423419
2021-12-14,290.84,298.89,276.51,280.44,2362827.0,666973243.0,42667000.0,0.055378325169334615
2021-12-15,280.15,280.41,263.93,265.03,3017998.0,813957353.0,42667000.0,0.07073377551737876
2021-12-16,267.27,267.71,243.68,256.84,4687760.0,1171965073.0,42667000.0,0.10986851665221366
2021-12-17,254.76,257.8,248.18,249.72,1976031.0,494445842.0,42667000.0,0.04631286474324419
2021-12-20,247.71,257.29,245.83,249.32,1718658.0,426617257.0,42667000.0,0.04028073218177983
2021-12-21,247.47,251.74,238.64,251.15,1939140.0,475321576.0,42667000.0,0.045448238685635266
2021-12-22,252.75,256.75,247.69,248.72,910749.0,226897615.0,42667000.0,0.02134551292568027
2021-12-23,247.81,255.75,244.69,252.44,1521650.0,379981657.0,42667000.0,0.035663393254740196
2021-12-24,249.32,253.55,233.4,237.34,2477240.0,591717748.0,42667000.0,0.05805985890735229
2021-12-27,234.62,241.33,230.7,237.64,2063028.0,484490652.0,42667000.0,0.04835184100124218
2021-12-28,239.12,259.59,236.8,256.96,2424504.0,600946431.0,42667000.0,0.05682386856352685
2021-12-29,260.2,265.57,255.1,259.09,1656975.0,427916178.0,42667000.0,0.03883504816368622
2021-12-30,258.29,265.57,253.83,255.97,1406868.0,361231413.0,42667000.0,0.03297321114678792
2021-12-31,264.83,279.69,264.83,275.69,2809630.0,767450120.0,42667000.0,0.06585018867040102
2022-01-04,272.63,274.68,248.12,248.12,2306771.0,581317736.0,42667000.0,0.054064522933414585
2022-01-05,242.68,246.9,224.55,232.61,3618808.0,834186910.0,42667000.0,0.08481514988164154
2022-01-06,232.61,240.55,228.47,237.96,2787821.0,654095282.0,42667000.0,0.06533904422621699
2022-01-07,238.65,239.91,225.84,234.14,2600368.0,599254516.0,42667000.0,0.060945648862118264
2022-01-10,235.73,246.7,232.1,236.26,2302648.0,547621424.0,42667000.0,0.053967890875852534
2022-01-11,239.78,241.19,224.1,237.34,2299378.0,529158364.0,42667000.0,0.05389125084960274
2022-01-12,237.56,247.71,234.76,246.52,1897032.0,456574299.0,42667000.0,0.04446134014578011
2022-01-13,243.93,248.12,234.7,239.67,1566704.0,375338266.0,42667000.0,0.03671933813017086
2022-01-14,238.65,257.89,235.75,251.74,1936836.0,482326146.0,42667000.0,0.04539423910750697
2022-01-17,252.14,259.14,243.99,253.14,1381485.0,348510356.0,42667000.0,0.032378301732017715
2022-01-18,251.74,264.01,245.7,256.48,1053661.0,267237810.0,42667000.0,0.024694986757915954
2022-01-19,253.71,254.74,243.56,244.7,1217200.0,299101136.0,42667000.0,0.028527902125764643
2022-01-20,241.77,246.92,234.62,238.41,1165802.0,276936706.0,42667000.0,0.027323270911946
2022-01-21,238.45,255.06,232.61,248.42,1398171.0,344246522.0,42667000.0,0.03276937680174374
2022-01-24,246.79,273.26,246.25,273.26,1735547.0,457254132.0,42667000.0,0.040676565026835726
2022-01-25,273.24,285.46,270.87,272.44,2414678.0,663904289.0,42667000.0,0.056593573487707126
2022-01-26,273.45,288.98,269.37,274.46,2038227.0,559230192.0,42667000.0,0.04777057210490543
2022-01-27,275.91,278.93,269.07,270.24,1562945.0,425889886.0,42667000.0,0.03663123725595894
2022-01-28,267.97,276.53,256.16,262.48,1681876.0,443840344.0,42667000.0,0.039418660791712565
2022-02-07,268.86,273.89,248.72,254.42,1424785.0,365783068.0,42667000.0,0.03339313755361286
2022-02-08,258.15,258.15,228.97,235.51,2028376.0,477903459.0,42667000.0,0.04753969109616331
2022-02-09,236.37,236.63,224.46,233.64,1861032.0,424977594.0,42667000.0,0.04361759673752549
2022-02-10,232.61,232.84,219.52,223.36,1870889.0,415457244.0,42667000.0,0.043848618370168985
2022-02-11,220.4,224.25,211.97,217.0,2082794.0,452767416.0,42667000.0,0.04881510300700776
2022-02-14,212.03,217.0,207.43,210.78,1832038.0,385441002.0,42667000.0,0.04293805517144397
2022-02-15,212.26,228.24,208.44,227.87,2428865.0,537273537.0,42667000.0,0.05692607870251014
2022-02-16,227.87,236.63,223.81,234.74,1963556.0,451863651.0,42667000.0,0.04602048421496707
2022-02-17,235.72,256.71,232.71,256.29,2409682.0,592283088.0,42667000.0,0.0564764806524949
2022-02-18,255.26,266.56,250.03,259.79,2043608.0,529073409.0,42667000.0,0.0478966883071226
2022-02-21,259.94,261.61,248.16,256.27,1412915.0,356168850.0,42667000.0,0.0331149366020578
2022-02-22,250.73,276.91,250.61,269.24,2284659.0,605345927.0,42667000.0,0.05354627698221107
2022-02-23,266.84,276.91,263.82,271.84,1655846.0,444415839.0,42667000.0,0.03880858743291068
2022-02-24,270.53,276.7,263.02,269.07,1670982.0,446461764.0,42667000.0,0.03916333466144796
2022-02-25,274.76,283.14,270.75,274.85,1389123.0,382459462.0,42667000.0,0.03255731595846907
2022-02-28,274.85,298.76,273.84,289.0,1890671.0,539076163.0,42667000.0,0.0443122553730049
2022-03-01,290.59,300.11,283.1,289.59,1403837.0,406512828.0,42667000.0,0.03290217263927626
2022-03-02,288.75,291.25,270.88,286.91,1743456.0,485720038.0,42667000.0,0.04086193076616589
2022-03-03,283.96,296.55,276.92,289.6,1423516.0,410640975.0,42667000.0,0.03336339559847189
2022-03-04,286.88,294.53,281.95,284.97,959548.0,274387219.0,42667000.0,0.022489230552886305
2022-03-07,284.96,296.93,276.91,286.04,1366326.0,389698176.0,42667000.0,0.03202301544519184
2022-03-08,288.55,300.68,265.84,273.39,2606160.0,730532475.0,42667000.0,0.06108139780157967
2022-03-09,276.91,283.96,257.28,268.86,2707756.0,722589714.0,42667000.0,0.0634625354489418
2022-03-10,279.93,287.99,270.87,283.26,2020754.0,565468796.0,42667000.0,0.04736105186678229
2022-03-11,278.22,284.55,261.81,274.98,2061694.0,555892080.0,42667000.0,0.048320575620502966
2022-03-14,271.13,274.88,262.81,268.86,1013855.0,272120665.0,42667000.0,0.0237620409215553
2022-03-15,266.72,282.95,262.93,269.32,1502487.0,406046565.0,42667000.0,0.035214263951062884
2022-03-16,273.89,283.46,263.2,281.95,1763247.0,478018656.0,42667000.0,0.04132577870485387
2022-03-17,286.48,289.0,265.43,267.5,2774749.0,746573810.0,42667000.0,0.06503267161975297
2022-03-18,263.21,267.59,253.76,260.42,1836270.0,473945778.0,42667000.0,0.04303724189654768
2022-03-21,257.78,269.74,255.77,267.07,1226604.0,322888344.0,42667000.0,0.028748306653854267
2022-03-22,264.12,269.12,251.74,256.77,1682735.0,429788262.0,42667000.0,0.0394387934469262
2022-03-23,257.36,267.84,253.8,261.97,1321910.0,343029479.0,42667000.0,0.030982023577940797
2022-03-24,260.8,260.8,244.97,251.58,1422905.0,353975081.0,42667000.0,0.033349075397848454
2022-03-25,253.74,253.74,239.42,240.26,1341490.0,323677736.0,42667000.0,0.03144092624276373
2022-03-28,226.29,231.06,216.23,216.23,3282443.0,719234006.0,42667000.0,0.07693165678393138
2022-03-29,216.23,221.33,209.45,216.37,2120522.0,455226758.0,42667000.0,0.0496993460988586
2022-03-30,218.51,230.76,216.76,225.46,1883321.0,417458182.0,42667000.0,0.04413999109381958
2022-03-31,224.55,224.55,210.75,214.33,2585530.0,551645847.0,42667000.0,0.06059788595401598
2022-04-01,211.14,216.76,211.11,212.92,1231757.0,261663048.0,42667000.0,0.02886907914781916
2022-04-06,212.87,212.87,199.67,204.01,1620632.0,327828723.0,42667000.0,0.03798326575573628
2022-04-07,201.35,206.33,196.47,202.0,1540900.0,307910937.0,42667000.0,0.03611456160498746
2022-04-08,200.38,205.27,196.36,197.2,1380490.0,274309012.0,42667000.0,0.03235498160170624
2022-04-11,192.06,193.27,181.51,185.62,2581412.0,475624411.0,42667000.0,0.060501371083038415
2022-04-12,185.36,193.7,184.55,187.49,2040197.0,381285767.0,42667000.0,0.04781674361919048
2022-04-13,190.31,190.31,183.05,183.87,932924.0,172822156.0,42667000.0,0.02186523542784822
2022-04-14,183.34,185.98,177.21,180.8,1297811.0,232246511.0,42667000.0,0.030417207678065016
2022-04-15,178.97,196.21,174.71,192.87,1970114.0,367492615.0,42667000.0,0.046174186139170785
2022-04-18,191.32,208.44,185.83,205.52,2552916.0,509867127.0,42667000.0,0.059833501300771086
2022-04-19,209.63,220.67,204.03,205.42,3237183.0,681614387.0,42667000.0,0.07587088382122015
2022-04-20,202.89,208.24,198.83,199.1,1700282.0,341443511.0,58027000.0,0.0293015665121409
2022-04-21,198.35,203.63,191.64,192.76,1339183.0,260157833.0,58027000.0,0.02307861857411205
2022-04-22,191.32,195.84,187.66,191.51,1241135.0,236476189.0,58027000.0,0.021388922398193944
2022-04-25,187.8,192.28,179.24,179.34,1380449.0,253484027.0,58027000.0,0.023789770279352716
2022-04-26,181.08,190.31,177.22,185.22,1886193.0,346160462.0,58027000.0,0.032505437124097404
2022-04-27,182.15,203.74,180.25,203.74,1437543.0,277742903.0,58027000.0,0.024773691557378463
2022-04-28,203.41,218.31,201.39,212.47,2736848.0,576752459.0,58027000.0,0.04716507832560705
2022-04-29,209.94,233.09,203.41,222.54,2721842.0,588425152.0,58027000.0,0.046906474572181917
2022-05-05,226.76,230.28,216.51,223.1,1663985.0,371980591.0,58027000.0,0.02867604735726472
2022-05-06,217.5,230.59,212.85,220.42,1038569.0,228648759.0,58027000.0,0.017898030227307977
2022-05-09,222.54,230.59,219.52,228.53,1194784.0,270224991.0,58027000.0,0.020590139073190065
2022-05-10,222.87,247.58,222.56,237.52,2131197.0,502403327.0,58027000.0,0.036727678494493946
2022-05-11,237.98,260.12,237.64,257.88,2364840.0,592008376.0,58027000.0,0.04075413169731332
2022-05-12,256.77,256.77,240.04,244.79,2113890.0,522152257.0,58027000.0,0.036429420786875076
2022-05-13,244.8,246.75,233.71,242.08,1773979.0,420728899.0,58027000.0,0.03057161321453806
2022-05-16,241.16,247.12,237.64,241.46,863090.0,207417057.0,58027000.0,0.014873937994381926
2022-05-17,242.68,248.61,239.66,244.34,1414790.0,343695813.0,58027000.0,0.024381580988160685
2022-05-18,247.71,255.26,243.68,249.62,1427573.0,353203715.0,58027000.0,0.024601874989229153
2022-05-19,245.55,267.85,244.08,266.28,2139924.0,550174835.0,58027000.0,0.03687807400003447
2022-05-20,267.83,267.83,253.75,264.37,1459666.0,379204254.0,58027000.0,0.02515494511175832
2022-05-23,266.68,269.86,257.94,264.43,1597080.0,418887822.0,58027000.0,0.027523049614834472
2022-05-24,263.92,268.5,254.52,255.77,1688503.0,436421460.0,58027000.0,0.02909857480138556
2022-05-25,256.27,265.14,251.74,262.44,1249817.0,321872592.0,58027000.0,0.021538542402674617
2022-05-26,263.54,283.25,263.54,273.96,1771377.0,341679687.0,58027000.0,0.03052677201992176
2022-05-27,274.64,278.04,264.91,273.37,2066825.0,396153739.0,81237800.0,0.02544166631789635
2022-05-30,273.98,286.11,268.93,280.14,1991860.0,394334971.0,81237800.0,0.024518881604376288
2022-05-31,281.84,290.33,276.64,288.93,2676069.0,542681528.0,81237800.0,0.03294118009104136
2022-06-01,288.63,289.63,274.84,276.18,2139570.0,422773409.0,81237800.0,0.026337123851212122
2022-06-02,275.9,281.84,273.49,279.85,1730724.0,341359808.0,81237800.0,0.021304417401751402
2022-06-06,277.59,299.92,276.17,297.26,2665267.0,551460194.0,81237800.0,0.03280821243312842
2022-06-07,298.24,305.91,291.86,296.71,1693147.0,355017449.0,81237800.0,0.020841861793401594
2022-06-08,294.62,294.62,284.55,290.16,1564634.0,319610799.0,81237800.0,0.019259925798089068
2022-06-09,290.16,290.18,282.26,286.41,1477401.0,298255692.0,81237800.0,0.01818612764008873
2022-06-10,283.28,297.41,283.25,293.93,2534710.0,522096277.0,81237800.0,0.031201115736762937
2022-06-13,287.94,294.51,286.08,291.72,1822705.0,373699663.0,81237800.0,0.022436661258675147
2022-06-14,288.9,288.9,272.25,284.07,2871505.0,568540113.0,81237800.0,0.03534690747410688
2022-06-15,283.97,288.89,274.75,275.67,2798311.0,553981818.0,81237800.0,0.03444592295704709
2022-06-16,276.17,295.57,274.75,291.75,2323655.0,472784830.0,81237800.0,0.02860312563855742
2022-06-17,289.41,307.87,287.22,307.47,2583405.0,548003519.0,81237800.0,0.031800528817865575
2022-06-20,313.8,338.22,309.99,334.1,3852465.0,891030333.0,81237800.0,0.04742207445302556
2022-06-21,334.18,335.65,324.04,334.1,2589194.0,603945062.0,81237800.0,0.03187178874858748
2022-06-22,328.57,366.22,328.57,357.89,3471233.0,868594852.0,81237800.0,0.04272928365859243
2022-06-23,361.4,364.26,350.78,363.98,3366628.0,850322643.0,81237800.0,0.04144164416072321
2022-06-24,362.56,370.89,354.06,360.93,2361279.0,600708150.0,81237800.0,0.02906625979531696
2022-06-27,359.73,389.47,359.73,389.47,3347462.0,895711227.0,81237800.0,0.04120571950495951
2022-06-28,386.31,388.06,373.27,379.56,1767553.0,472322028.0,81237800.0,0.021757765473708054
2022-06-29,375.68,383.81,367.09,376.09,2010262.0,529877047.0,81237800.0,0.024745401771096708
2022-06-30,369.42,403.8,369.42,396.4,2332281.0,644903447.0,81237800.0,0.028709307736053905
2022-07-01,393.72,402.22,382.39,386.31,2485735.0,691003848.0,81237800.0,0.030598255984283177
2022-07-04,393.05,424.95,385.21,410.72,4594319.0,1340699329.0,81237800.0,0.05655395640945471
2022-07-05,412.17,413.26,378.16,388.06,4637045.0,1269476268.0,81237800.0,0.05707989384252159
2022-07-06,383.38,408.21,383.38,405.12,2924076.0,829129476.0,81237800.0,0.03599403233470133
2022-07-07,405.9,445.64,394.0,445.63,4432520.0,1349264515.0,81237800.0,0.054562285044646705
2022-07-08,439.65,439.65,401.07,401.07,3734351.0,1084906626.0,81237800.0,0.04596814537075106
2022-07-11,388.06,423.46,388.06,419.35,3765330.0,1083344355.0,81237800.0,0.04634948263000721
2022-07-12,410.3,423.45,384.51,390.89,2921498.0,820826322.0,81237800.0,0.035962298338950587
2022-07-13,393.3,426.96,393.3,418.22,3301314.0,965381487.0,81237800.0,0.04063765882384801
2022-07-14,417.8,431.96,410.72,424.79,2619391.0,784541532.0,81237800.0,0.032243499947068974
2022-07-15,424.89,464.53,423.9,450.99,3245752.0,1033606629.0,81237800.0,0.03995371612722157
2022-07-18,460.28,464.53,444.08,452.66,2225317.0,712012708.0,81237800.0,0.027392630031832472
2022-07-19,451.79,462.98,433.49,440.46,1905742.0,596652100.0,81237800.0,0.023458808584181257
2022-07-20,436.21,453.47,426.14,448.6,2161204.0,673269254.0,81237800.0,0.026603428453256982
2022-07-21,447.52,451.6,426.29,439.04,1519454.0,471442759.0,81237800.0,0.018703780752309884
2022-07-22,439.3,439.3,422.4,430.09,2106089.0,638555325.0,81237800.0,0.02592498812129329
2022-07-25,433.21,435.47,415.45,426.56,1194917.0,358693268.0,81237800.0,0.014708879364039893
2022-07-26,426.69,449.37,423.29,437.24,1596808.0,495098106.0,81237800.0,0.019655972958401137
2022-07-27,440.29,460.28,437.84,456.32,2498343.0,795342847.0,81237800.0,0.030753454672578527
2022-07-28,474.42,475.86,436.21,459.08,2306510.0,739693703.0,81237800.0,0.028392078564412133
2022-07-29,475.86,504.19,464.65,473.19,3358151.0,1144657069.0,81237800.0,0.04133729618478098
2022-08-01,465.95,475.42,449.11,471.71,2132205.0,698615862.0,81237800.0,0.026246464084453296
2022-08-02,460.78,509.85,456.13,503.01,2980494.0,1034675143.0,81237800.0,0.036688511998109255
2022-08-03,507.02,514.1,473.4,487.19,2820437.0,963175208.0,81237800.0,0.03471828385308317
2022-08-04,481.5,494.98,470.2,488.61,1890513.0,644582513.0,81237800.0,0.02327134658988796
2022-08-05,489.08,498.52,484.5,488.47,1221339.0,422669034.0,81237800.0,0.015034122046633463
2022-08-08,488.61,495.69,467.49,488.04,1348771.0,461523531.0,81237800.0,0.01660275142852219
2022-08-09,488.61,512.03,480.42,499.97,1562863.0,552805379.0,81237800.0,0.019238125601628797
2022-08-10,498.24,524.16,491.44,514.06,1510869.0,545942141.0,81237800.0,0.018598103345979333
2022-08-11,514.78,523.53,500.85,512.69,1214117.0,438586238.0,81237800.0,0.014945222544185096
2022-08-12,505.6,511.27,498.67,498.96,776052.0,276098739.0,81237800.0,0.009552843626981528
2022-08-15,498.95,519.29,498.0,512.69,1253948.0,450652634.0,81237800.0,0.0154355238571207
2022-08-16,507.28,540.81,504.47,532.78,1568254.0,587382035.0,81237800.0,0.019304486335178943
2022-08-17,532.78,550.22,522.59,529.68,1613239.0,609033442.0,81237800.0,0.019858231020534776
2022-08-18,555.16,582.65,550.93,582.65,2450466.0,997258512.0,81237800.0,0.030164110795713326
2022-08-19,594.83,623.01,590.58,603.33,4241672.0,1813434270.0,81237800.0,0.05221303383400338
2022-08-22,603.84,606.77,567.65,586.73,2997043.0,1235654542.0,81237800.0,0.03689222258603753
2022-08-23,585.54,611.63,575.6,606.16,3097461.0,1312858941.0,81237800.0,0.038128322037278214
2022-08-24,610.41,634.48,600.24,607.65,1964120.0,851786492.0,81237800.0,0.024177414947228998
2022-08-25,607.72,607.72,560.84,584.92,2413808.0,994228972.0,81237800.0,0.029712867655204842
2022-08-26,590.75,597.63,558.84,560.84,2232584.0,904639504.0,81237800.0,0.027482083463609305
2022-08-29,550.63,587.75,549.51,579.51,2443983.0,988286427.0,81237800.0,0.03008430804379242
2022-08-30,576.42,592.29,556.25,578.16,1893197.0,773192826.0,81237800.0,0.023304385396945758
2022-08-31,578.53,584.92,520.35,521.11,4023774.0,1533546556.0,81237800.0,0.04953080954924924
2022-09-01,526.57,543.86,518.52,533.87,2666824.0,1002319986.0,81237800.0,0.03282737838789332
2022-09-02,537.84,541.72,501.36,536.83,3698628.0,1373779896.0,81237800.0,0.04552841165073402
2022-09-05,532.34,559.42,531.1,550.64,2314053.0,901845435.0,81237800.0,0.028484929429403553
2022-09-06,554.85,605.45,542.43,598.65,2943794.0,1195995419.0,81237800.0,0.036236751856894206
2022-09-07,594.83,620.32,593.43,610.39,1870836.0,803952132.0,81237800.0,0.023029131758861024
2022-09-08,603.33,640.22,600.47,607.83,1686669.0,732494630.0,81237800.0,0.020762120589183853
2022-09-09,604.19,608.98,586.56,601.2,1208369.0,510490131.0,81237800.0,0.014874467304629126
2022-09-13,599.97,603.13,580.67,591.01,1251799.0,520175669.0,81237800.0,0.015409070654301324
2022-09-14,577.07,602.59,575.19,591.33,1180469.0,493145746.0,81237800.0,0.014531031120980628
2022-09-15,600.49,606.16,532.2,532.2,2754312.0,1063344287.0,81237800.0,0.033904315478754964
2022-09-16,530.22,563.67,526.85,549.51,2598961.0,1010442644.0,81237800.0,0.03199201603194572
2022-09-19,549.51,570.75,549.51,563.71,1949339.0,774184204.0,81237800.0,0.02399546762713909
2022-09-20,573.44,607.58,573.44,599.08,2427302.0,1019480621.0,81237800.0,0.029878972596500644
2022-09-21,594.83,606.16,571.89,573.84,1921800.0,793797706.0,81237800.0,0.023656475187658947
2022-09-22,570.72,607.6,552.36,594.59,2179070.0,905511661.0,81237800.0,0.026823350706198346
2022-09-23,593.41,604.18,565.92,583.5,1914220.0,783052096.0,81237800.0,0.02356316886966412
2022-09-26,576.42,641.85,573.59,641.85,2975555.0,1311128763.0,81237800.0,0.03662771517692503
2022-09-27,645.86,645.86,620.32,633.93,1814567.0,809843175.0,81237800.0,0.022336486217007352
2022-09-28,633.08,644.2,614.66,624.56,2243791.0,995459025.0,81237800.0,0.027620036485478436
2022-09-29,623.15,623.37,586.44,616.07,2129597.0,917222736.0,81237800.0,0.02621436080248357
2022-09-30,608.55,618.59,583.5,595.13,1678808.0,706497059.0,81237800.0,0.02066535529027128
2022-10-10,586.42,609.93,566.5,579.15,2133122.0,882916046.0,81237800.0,0.026257751933213357
2022-10-11,587.75,605.21,577.27,587.89,2318903.0,973346180.0,81237800.0,0.028544630701471483
2022-10-12,588.68,596.25,555.03,594.12,3217566.0,1314089398.0,81237800.0,0.039606759414952154
2022-10-13,588.92,608.99,580.68,583.48,2330175.0,973412562.0,81237800.0,0.02868338384348173
2022-10-14,593.24,600.49,541.38,567.33,3369767.0,1336840839.0,81237800.0,0.04148028380876882
2022-10-17,586.05,587.59,528.82,563.69,3347539.0,1320204759.0,81237800.0,0.04120666733958822
2022-10-18,558.01,580.52,556.38,564.38,2176467.0,873535215.0,81237800.0,0.026791308971931785
2022-10-19,553.64,572.88,547.67,551.07,2193489.0,864568772.0,81237800.0,0.027000841972579268
2022-10-20,549.52,549.52,511.27,530.81,2954499.0,1101644116.0,81237800.0,0.03636852548936579
2022-10-21,525.43,544.69,521.18,535.98,1774340.0,673779099.0,81237800.0,0.021841310325981255
2022-10-24,531.95,539.96,522.6,531.08,1211902.0,454507055.0,81237800.0,0.01491795691168397
2022-10-25,529.51,556.87,520.31,547.24,2433474.0,937809328.0,81237800.0,0.029954947081284822
2022-10-26,547.48,547.48,529.68,536.76,2272483.0,863102530.0,81237800.0,0.027973221825307922
2022-10-27,542.41,558.37,509.85,514.1,3103015.0,1173673273.0,81237800.0,0.038196689225951465
2022-10-28,504.15,524.02,497.11,498.52,3232836.0,1159277266.0,81237800.0,0.03979472610041138
2022-10-31,503.45,509.84,454.56,463.36,5339803.0,1781493061.0,81237800.0,0.06573052199838006
2022-11-01,471.46,475.06,453.2,464.52,3918665.0,1282620730.0,81237800.0,0.04823696604290121
2022-11-02,459.72,495.01,458.87,493.61,4098645.0,1383110980.0,81237800.0,0.05045243716594984
2022-11-03,487.19,542.97,484.66,529.13,4760359.0,1776219272.0,81237800.0,0.05859783253608542
2022-11-04,528.97,553.76,527.56,548.09,2918863.0,1113142537.0,81237800.0,0.03592986269938379
2022-11-07,548.09,564.52,546.08,558.86,1917904.0,754441230.0,81237800.0,0.023608517217354484
2022-11-08,557.86,562.72,539.95,546.78,2365730.0,913040284.0,81237800.0,0.029121049560672494
2022-11-09,552.11,553.66,533.96,539.88,1258161.0,480753972.0,81237800.0,0.015487383951805687
2022-11-10,539.6,544.28,509.88,519.29,2366042.0,870499043.0,81237800.0,0.029124890137349854
2022-11-11,536.59,546.51,531.08,534.67,1834999.0,696446510.0,81237800.0,0.022587994751211874
2022-11-14,531.04,535.35,499.23,508.44,2629017.0,948928359.0,81237800.0,0.03236199158519802
2022-11-15,504.88,516.93,490.88,504.61,3031582.0,1075856808.0,81237800.0,0.037317381809945614
2022-11-16,508.44,514.1,495.69,502.06,1560173.0,556214824.0,81237800.0,0.019205012937327206
2022-11-17,495.2,503.54,477.11,491.68,1974444.0,678572858.0,81237800.0,0.024304498644719577
2022-11-18,489.88,526.85,482.05,516.09,2733941.0,989133204.0,81237800.0,0.033653557826529026
2022-11-21,508.3,526.85,505.04,511.52,1586636.0,574936958.0,81237800.0,0.01953076031108671
2022-11-22,512.69,514.1,486.49,500.05,1806847.0,634813484.0,81237800.0,0.02224145656332397
2022-11-23,501.5,533.22,494.23,527.7,2389701.0,872071521.0,81237800.0,0.029416121559175654
2022-11-24,529.26,546.08,524.04,534.33,2311920.0,876245855.0,81237800.0,0.028458673179234298
2022-11-25,531.1,533.93,507.02,516.13,1813798.0,658623315.0,81237800.0,0.022327020180260913
2022-11-28,514.95,545.97,503.49,538.12,3210185.0,1211405523.0,81237800.0,0.039515902695543205
2022-11-29,538.92,540.12,492.86,495.04,3329488.0,1192833032.0,81237800.0,0.04098446782162983
2022-11-30,488.64,514.1,488.61,514.1,2301731.0,824070853.0,81237800.0,0.028333251269729118
2022-12-01,507.43,522.6,490.17,514.1,2389024.0,860576747.0,81237800.0,0.02940778800016741
2022-12-02,510.82,534.47,503.28,522.32,2015059.0,746579830.0,81237800.0,0.02480445063751111
2022-12-05,512.52,512.52,474.55,480.11,3970457.0,1358644817.0,81237800.0,0.0488745017713429
2022-12-06,475.75,500.65,475.75,489.32,2568120.0,886026673.0,81237800.0,0.03161237748929686
2022-12-07,485.45,499.37,484.38,493.85,2112405.0,735263835.0,81237800.0,0.026002735179928554
2022-12-08,493.85,524.0,489.33,503.75,1936679.0,693295115.0,81237800.0,0.02383962884273085
2022-12-09,505.09,518.35,494.46,502.33,3908340.0,1402751436.0,81237800.0,0.04810987003587
2022-12-12,500.86,502.77,485.78,497.11,2425057.0,848593071.0,81237800.0,0.029851337677780542
2022-12-13,498.84,500.25,474.48,477.75,2271910.0,773038975.0,81237800.0,0.027966168458525464
2022-12-14,474.7,480.4,458.7,460.44,2517652.0,826069798.0,81237800.0,0.03099113959265268
2022-12-15,464.5,471.33,457.38,471.19,1844521.0,606254359.0,81237800.0,0.022705206197115135
2022-12-16,463.12,466.67,453.22,456.35,1737740.0,561521586.0,81237800.0,0.021390781138829463
2022-12-19,453.63,466.66,448.88,451.08,1425767.0,457357149.0,81237800.0,0.017550536819066986
2022-12-20,447.69,471.12,444.82,461.63,1882574.0,613160208.0,81237800.0,0.023173621146806045
2022-12-21,460.72,461.52,446.41,448.7,1331045.0,425204132.0,81237800.0,0.016384552511269385
2022-12-22,451.79,455.31,436.21,443.39,1113320.0,350750583.0,81237800.0,0.013704457777044677
2022-12-23,440.46,447.08,422.68,426.22,2388257.0,722974004.0,81237800.0,0.029398346582502233
2022-12-26,425.46,464.53,423.18,463.78,2455418.0,782900367.0,81237800.0,0.030225067640925776
2022-12-27,460.85,468.78,446.12,468.64,2473692.0,803044040.0,81237800.0,0.030450012186445226
2022-12-28,460.33,470.1,450.91,465.62,2099735.0,683982328.0,81237800.0,0.025846773300113986
2022-12-29,471.59,487.02,463.12,465.04,1894338.0,628961968.0,81237800.0,0.02331843058280751
2022-12-30,466.88,484.62,460.28,469.07,2192166.0,732571073.0,81237800.0,0.026984556450322387
2023-01-03,470.2,474.25,456.04,461.98,3279041.0,1075770059.0,81237800.0,0.04036348842533894
2023-01-04,467.32,471.33,442.17,448.95,3409805.0,1091506019.0,81237800.0,0.041973133196615366
2023-01-05,448.54,468.07,437.6,465.82,3042008.0,979210819.0,81237800.0,0.03744572108058072
2023-01-06,460.71,508.44,457.59,498.74,3784410.0,1322942993.0,81237800.0,0.04658434866527651
2023-01-09,505.6,505.87,458.16,466.71,4912905.0,1645441088.0,81237800.0,0.06047560372142032
2023-01-10,480.93,492.69,474.04,487.19,3615388.0,1238410909.0,81237800.0,0.0445037654884795
2023-01-11,488.44,489.79,453.95,460.28,3393082.0,1126686114.0,81237800.0,0.041767280748617026
2023-01-12,459.25,464.39,451.79,452.4,2016835.0,650170825.0,81237800.0,0.024826312381674542
2023-01-13,453.9,455.33,434.31,441.67,2280451.0,712103962.0,81237800.0,0.028071304245068183
2023-01-16,441.67,449.65,433.8,442.16,3040831.0,945299573.0,81237800.0,0.03743123275125619
2023-01-17,441.69,479.94,436.58,475.84,4034087.0,1318864190.0,81237800.0,0.04965775784179286
2023-01-18,474.45,476.95,465.31,474.52,1689956.0,564396533.0,81237800.0,0.020802582049243085
2023-01-19,473.04,474.45,455.27,462.14,1899492.0,620025823.0,81237800.0,0.023381873955227738
2023-01-20,456.45,466.56,453.87,463.33,2015445.0,656987074.0,81237800.0,0.02480920212019528
2023-01-30,468.78,486.88,467.37,475.18,2260827.0,759739642.0,81237800.0,0.027829741819694772
2023-01-31,474.33,501.71,471.7,493.86,2812551.0,975294070.0,81237800.0,0.03462121081565478
2023-02-01,493.09,498.51,463.13,475.58,3260808.0,1089872665.0,81237800.0,0.04013904857098543
2023-02-02,471.61,477.28,466.53,469.87,1721078.0,572123881.0,81237800.0,0.0211856795728097
2023-02-03,466.91,471.05,454.86,463.87,1820034.0,592316918.0,81237800.0,0.022403782475645576
2023-02-06,465.43,468.95,450.8,456.74,1634714.0,527497162.0,81237800.0,0.020122578405619058
2023-02-07,456.74,460.11,450.8,455.85,1577283.0,506059561.0,81237800.0,0.019415629177550353
2023-02-08,455.65,456.01,446.24,447.96,1611756.0,510817896.0,81237800.0,0.019839975971776686
2023-02-09,446.48,460.24,444.0,450.8,1559001.0,497578300.0,81237800.0,0.01919058615570584
2023-02-10,449.11,451.79,444.71,447.89,1070185.0,337658881.0,81237800.0,0.013173485741859085
2023-02-13,448.25,457.42,444.71,452.83,1680383.0,536102290.0,81237800.0,0.020684742816767562
2023-02-14,450.47,452.83,439.04,442.86,1811497.0,567020505.0,81237800.0,0.022298695927265386
2023-02-15,440.37,445.31,435.05,436.21,1350922.0,418224430.0,81237800.0,0.016629229250422834
2023-02-16,433.9,442.72,427.17,437.62,1548080.0,473996939.0,81237800.0,0.019056153662457623
2023-02-17,435.88,435.88,418.76,418.86,2136486.0,639858018.0,81237800.0,0.026299161227901297
2023-02-20,415.5,455.09,410.93,445.26,3600479.0,1116306942.0,81237800.0,0.044320242547188624
2023-02-21,443.79,453.2,433.4,451.59,2275960.0,715057172.0,81237800.0,0.028016022098087342
2023-02-22,447.72,458.58,440.74,444.93,1631712.0,516033659.0,81237800.0,0.020085625164640106
2023-02-23,441.7,464.49,441.7,462.58,2924547.0,946811172.0,81237800.0,0.03599983012833927
2023-02-24,463.83,465.35,456.04,464.25,1446175.0,471291117.0,81237800.0,0.017801749924296326
2023-02-27,461.93,481.33,457.45,462.98,1969202.0,655333196.0,81237800.0,0.024239972032723683
2023-02-28,463.6,475.86,460.28,468.64,1567159.0,518267902.0,81237800.0,0.019291007388186288
2023-03-01,467.37,467.37,449.1,451.69,1954308.0,625099144.0,81237800.0,0.024056633734542296
2023-03-02,451.08,455.89,437.65,439.21,1887840.0,594304131.0,81237800.0,0.023238443187777118
2023-03-03,436.77,444.71,424.88,430.51,2331049.0,712670687.0,81237800.0,0.028694142381994588
2023-03-06,432.33,465.67,423.48,462.56,4212852.0,1334126286.0,81237800.0,0.05185827287297293
2023-03-07,467.37,484.08,457.98,474.43,3090766.0,1027572829.0,81237800.0,0.0380459096627432
2023-03-08,471.61,488.11,462.0,469.62,1990344.0,665212611.0,81237800.0,0.024500220340777323
2023-03-09,474.25,478.41,462.66,470.67,1771006.0,589173158.0,81237800.0,0.02180027031751229
2023-03-10,467.52,476.57,452.72,472.32,2006916.0,658996508.0,81237800.0,0.02470421404814015
2023-03-13,467.05,471.98,458.71,462.28,2037453.0,667416453.0,81237800.0,0.025080110490436718
2023-03-14,463.15,467.34,431.96,443.43,3002509.0,940508269.0,81237800.0,0.03695950653513512
2023-03-15,440.46,457.99,431.97,434.58,2143555.0,666177607.0,81237800.0,0.026386177370632882
2023-03-16,427.29,430.42,391.13,391.13,5192572.0,1472922027.0,81237800.0,0.06391817602150723
2023-03-17,382.39,392.3,376.95,378.14,3014563.0,816146219.0,81237800.0,0.03710788573792003
2023-03-20,375.39,389.19,362.65,379.91,3354296.0,890871083.0,81237800.0,0.04128984290564245
2023-03-21,379.84,384.51,363.98,376.77,3055223.0,802279195.0,81237800.0,0.03760839166004003
2023-03-22,379.56,380.53,368.23,368.23,2767048.0,727224381.0,81237800.0,0.03406108978825128
2023-03-23,365.11,367.94,355.62,355.84,2859797.0,726805535.0,81237800.0,0.03520278737238084
2023-03-24,354.06,370.73,346.98,364.6,3144162.0,799138129.0,81237800.0,0.03870318989435952
2023-03-27,361.47,373.33,357.65,366.84,2520006.0,653221280.0,81237800.0,0.031020116251301733
2023-03-28,366.84,368.02,355.72,356.33,1578963.0,402635067.0,81237800.0,0.019436309205813056
2023-03-29,355.48,363.7,351.26,357.32,1982354.0,499761164.0,81237800.0,0.024401867111123146
2023-03-30,356.26,370.78,351.23,365.04,3109217.0,793743071.0,81237800.0,0.03827303299695462
2023-03-31,359.73,376.0,359.73,365.34,2338931.0,608356761.0,81237800.0,0.028791166181260448
2023-04-03,365.4,377.12,358.67,364.67,2762725.0,715442119.0,81237800.0,0.03400787564409671
2023-04-04,362.07,363.98,349.82,353.78,2540313.0,634664650.0,81237800.0,0.03127008609292718
2023-04-06,352.65,362.56,347.98,358.87,2200168.0,550295496.0,81237800.0,0.027083057394464153
2023-04-07,356.35,360.42,350.95,352.01,1652518.0,413487068.0,81237800.0,0.020341737467041206
2023-04-10,353.43,369.62,350.52,366.85,3310686.0,844718028.0,81237800.0,0.04075302383865639
2023-04-11,379.56,396.55,369.8,386.68,4878527.0,1320421179.0,81237800.0,0.060052426333554086
2023-04-12,382.39,390.42,372.46,374.26,2564085.0,684540769.0,81237800.0,0.03156270849284446
2023-04-13,371.07,379.19,364.69,372.24,1761292.0,461838069.0,81237800.0,0.021680695439807576
2023-04-14,368.37,388.69,365.78,383.04,2602263.0,698182902.0,81237800.0,0.032032662135114444
2023-04-17,379.73,393.78,375.31,376.8,2386307.0,644047538.0,81237800.0,0.029374342978268738
2023-04-18,382.66,408.58,371.51,399.17,4048468.0,1117822016.0,81237800.0,0.04983478134562974
2023-04-19,393.51,401.96,390.18,393.51,2450728.0,683959575.0,81237800.0,0.030167335895359058
2023-04-20,393.62,395.56,374.19,376.87,2694209.0,723454740.0,81237800.0,0.03316447515811605
2023-04-21,380.89,383.51,364.35,365.69,2626406.0,692921314.0,81237800.0,0.0323298513746064
2023-04-24,363.91,363.91,342.73,347.05,3803858.0,943020043.0,81237800.0,0.04682374461149859
2023-04-25,350.84,357.46,337.96,341.29,3883111.0,944065238.0,81237800.0,0.04779931263525108
2023-04-26,344.15,375.42,338.74,375.42,3596469.0,927361705.0,81237800.0,0.04427088128925205
2023-04-27,385.93,387.09,371.06,381.82,5015638.0,1347086760.0,81237800.0,0.061740199759225386
2023-04-28,386.92,390.38,353.91,355.92,4957063.0,1271383094.0,81237800.0,0.06101916841667303
2023-05-04,351.23,380.38,343.44,365.82,3641188.0,943014592.0,81237800.0,0.044821351636799615
2023-05-05,363.1,369.33,349.53,354.77,3004742.0,754841364.0,81237800.0,0.03698699373936763
2023-05-08,354.6,356.19,342.76,347.69,2523476.0,619335422.0,81237800.0,0.031062830357296727
2023-05-09,347.22,347.69,340.04,341.21,2234423.0,540679215.0,81237800.0,0.027504720708832586
2023-05-10,340.37,341.21,319.15,329.8,3885665.0,899582747.0,81237800.0,0.04783075120202664
2023-05-11,329.41,351.5,327.54,339.89,3957837.0,955561377.0,81237800.0,0.048719155368559953
2023-05-12,335.74,340.38,329.8,330.05,2163042.0,509022511.0,81237800.0,0.02662605338893963
2023-05-15,329.99,359.43,328.59,357.99,4156060.0,1028435099.0,81237800.0,0.05115918944136843
2023-05-16,356.9,371.57,353.36,360.44,2674818.0,684282833.0,81237800.0,0.032925780855710025
2023-05-17,365.11,366.64,354.77,360.38,1693819.0,430764036.0,81237800.0,0.020850133804706676
2023-05-18,356.9,361.85,349.43,355.69,2717382.0,680314826.0,81237800.0,0.03344972414319442
2023-05-19,353.64,360.86,350.35,355.17,2039931.0,511518907.0,81237800.0,0.02511061353212421
2023-05-22,357.53,360.01,348.63,354.14,2047251.0,511373262.0,81237800.0,0.025200719369554567
2023-05-23,357.27,357.32,344.77,353.54,3609923.0,493381336.0,146228040.0,0.024686941027179193
2023-05-24,349.99,378.16,348.73,371.47,6755891.0,957397781.0,146228040.0,0.04620106376314693
2023-05-25,369.1,399.98,365.09,390.66,6984987.0,1051708368.0,146228040.0,0.04776776738579003
2023-05-26,385.88,388.45,373.53,375.61,4281325.0,632752759.0,146228040.0,0.029278413360392438
2023-05-29,373.58,375.59,350.38,358.2,5551576.0,775714463.0,146228040.0,0.03796519463708876
2023-05-30,355.01,366.3,351.15,353.18,3134349.0,434312679.0,146228040.0,0.021434664651184546
2023-05-31,350.76,353.16,338.29,348.42,4105993.0,549095719.0,146228040.0,0.028079382039176617
2023-06-01,342.14,348.42,337.51,337.98,3522562.0,467772959.0,146228040.0,0.024089511149845134
2023-06-02,338.29,349.55,338.29,341.81,3666718.0,490815102.0,146228040.0,0.025075341227304968
2023-06-05,341.84,344.2,328.0,330.77,3388909.0,436451202.0,146228040.0,0.023175507241976298
2023-06-06,330.34,335.3,325.42,329.62,3078086.0,394040770.0,146228040.0,0.021049902604179063
2023-06-07,327.25,329.59,317.01,320.54,3065377.0,381940962.0,146228040.0,0.020962990408679483
2023-06-08,320.0,325.58,315.03,315.13,2479597.0,308580857.0,146228040.0,0.016957055568822505
2023-06-09,315.39,322.8,311.33,318.53,3163094.0,391637431.0,146228040.0,0.02163124117645289
2023-06-12,318.55,333.73,309.99,330.39,4216490.0,530680878.0,146228040.0,0.028835030545441218
2023-06-13,327.58,338.29,324.16,338.03,3472953.0,447288348.0,146228040.0,0.02375025337137802
2023-06-14,337.0,339.03,330.59,330.59,2101252.0,272679618.0,146228040.0,0.014369692707363102
2023-06-15,329.59,360.44,328.0,358.22,5602498.0,760084566.0,146228040.0,0.03831343154158395
2023-06-16,365.3,383.31,359.3,379.45,6114752.0,884870016.0,146228040.0,0.04181654900113549
2023-06-19,377.36,384.57,371.5,375.84,4137174.0,604739876.0,146228040.0,0.028292617476101026
2023-06-20,375.84,380.22,369.54,375.95,3196399.0,464799444.0,146228040.0,0.02185900187132372
2023-06-21,374.66,383.87,372.99,374.04,3045878.0,447348437.0,146228040.0,0.020829643890460405
2023-06-26,368.98,388.45,362.75,378.47,3669014.0,535834817.0,146228040.0,0.02509104273024517
2023-06-27,378.42,387.91,367.87,374.56,3444654.0,502633096.0,146228040.0,0.023556726876733082
2023-06-28,379.06,383.82,373.66,381.2,3170667.0,467949928.0,146228040.0,0.021683030149347554
2023-06-29,381.94,388.48,376.9,379.91,2455306.0,364956028.0,146228040.0,0.016790938317986073
2023-06-30,380.42,388.45,371.73,384.72,2906351.0,432202982.0,146228040.0,0.01987546984832731
2023-07-03,391.28,423.08,391.28,412.99,6459687.0,1035025657.0,146228040.0,0.04417543311118716
2023-07-04,408.98,426.78,402.34,414.15,4194862.0,677001960.0,146228040.0,0.02868712457610729
2023-07-05,411.6,416.36,398.15,405.99,3382424.0,532319853.0,146228040.0,0.02313115870253065
2023-07-06,407.85,411.24,400.16,404.99,2280536.0,359756972.0,146228040.0,0.015595750308901084
2023-07-07,401.0,413.66,396.68,397.2,2180500.0,342126875.0,146228040.0,0.014911640749612728
2023-07-10,373.02,374.07,357.48,370.13,9300034.0,1318779190.0,146228040.0,0.06359952578178577
2023-07-11,382.38,383.25,366.35,378.75,5418380.0,789616954.0,146228040.0,0.03705431598481386
2023-07-12,376.36,388.14,362.8,379.09,5354023.0,780541576.0,146228040.0,0.036614202036763945
2023-07-13,374.3,384.15,364.78,367.87,6164011.0,891204215.0,146228040.0,0.04215341325781293
2023-07-14,365.19,370.44,360.69,368.51,3724107.0,528167780.0,146228040.0,0.02546780357583949
2023-07-17,362.85,362.88,348.29,360.13,3938908.0,546333385.0,146228040.0,0.026936748929958988
2023-07-18,359.46,359.9,348.22,349.71,3323293.0,455199827.0,146228040.0,0.022726783454117282
2023-07-19,346.39,348.32,339.57,341.89,2510061.0,334664135.0,146228040.0,0.017165387705394945
2023-07-20,341.91,346.13,337.51,338.7,2036403.0,270709956.0,146228040.0,0.013926214151540293
2023-07-21,338.8,339.21,330.83,334.4,2139236.0,278104728.0,146228040.0,0.014629451369244914
2023-07-24,331.85,338.98,328.74,329.8,1613322.0,208161894.0,146228040.0,0.0110329181735596
2023-07-25,333.76,337.0,328.74,330.18,2867724.0,369668203.0,146228040.0,0.019611313944986202
2023-07-26,328.97,335.35,324.57,330.62,2427201.0,312413849.0,146228040.0,0.016598738518275976
2023-07-27,330.57,333.86,328.51,329.05,1588008.0,204137119.0,146228040.0,0.010859805000463659
2023-07-28,326.71,332.5,321.85,331.78,2198668.0,280049579.0,146228040.0,0.015035885046397393
2023-07-31,333.14,334.94,319.51,322.13,5244943.0,664681518.0,146228040.0,0.03586824387443065
2023-08-01,320.05,320.74,311.4,314.16,3883998.0,476258171.0,146228040.0,0.02656123955432898
2023-08-02,313.33,315.91,303.87,306.16,5072552.0,607821295.0,146228040.0,0.0346893249748817
2023-08-03,303.56,310.07,300.93,302.5,5085483.0,602783557.0,146228040.0,0.03477775534705929
2023-08-04,302.5,306.64,300.06,304.41,3735904.0,439802685.0,146228040.0,0.02554847893741857
2023-08-07,304.12,304.71,289.92,291.05,6071881.0,696001252.0,146228040.0,0.041523369936436266
2023-08-08,295.99,296.89,279.09,279.81,6559017.0,724502466.0,146228040.0,0.044854714595094075
2023-08-09,277.16,277.83,272.17,272.82,6647794.0,709744271.0,146228040.0,0.04546182797772575
2023-08-10,273.74,297.1,273.74,289.2,10674594.0,1197262946.0,146228040.0,0.07299963809950541
2023-08-11,287.53,287.53,273.46,273.72,7325556.0,795970507.0,146228040.0,0.05009679402117405
2023-08-14,272.69,273.72,262.4,265.82,7249416.0,750026357.0,146228040.0,0.04957610045241665
2023-08-15,265.61,269.34,254.68,258.54,8220203.0,827037295.0,146228040.0,0.056214957131340886
2023-08-16,259.05,261.88,252.36,252.83,5388711.0,537253912.0,146228040.0,0.0368514205620208
2023-08-17,250.31,253.08,246.96,249.28,6329068.0,612323517.0,146228040.0,0.043282177617917875
2023-08-18,248.56,252.57,243.36,243.93,5472962.0,527711582.0,146228040.0,0.03742758228859527
2023-08-21,242.61,245.08,235.0,235.9,8403431.0,777177539.0,146228040.0,0.057467986304131545
2023-08-22,237.7,238.55,223.22,230.21,11579837.0,1028741385.0,146228040.0,0.07919026337219592
2023-08-23,230.47,231.22,221.8,224.92,7694521.0,673887097.0,146228040.0,0.05262001049867043
2023-08-24,228.18,238.73,224.5,229.67,9146044.0,822877019.0,146228040.0,0.06254644458067003
2023-08-25,227.15,233.02,225.07,227.77,5610367.0,499039140.0,146228040.0,0.03836724475004931
2023-08-28,241.82,244.03,228.08,229.11,7185019.0,653197276.0,146228040.0,0.04913571295901935
2023-08-29,228.95,240.45,226.95,240.32,7447223.0,682617225.0,146228040.0,0.050928830065697386
2023-08-30,238.73,248.25,235.9,242.2,7507505.0,707326678.0,146228040.0,0.05134107658148191
2023-08-31,240.22,242.9,233.56,237.21,6637250.0,612735873.0,146228040.0,0.04538972142415367
2023-09-01,237.73,238.6,233.97,235.33,4477504.0,409923870.0,146228040.0,0.03062000967803439
2023-09-04,235.36,237.91,229.39,234.92,6251209.0,568485024.0,146228040.0,0.04274972843785638
2023-09-05,234.85,236.0,228.18,230.65,7914653.0,711677551.0,146228040.0,0.05412541260896337
2023-09-06,229.29,229.49,221.24,223.99,7332457.0,638463875.0,146228040.0,0.050143987432232556
2023-09-07,224.68,224.68,213.26,213.47,8188726.0,688420754.0,146228040.0,0.05599969745884579
2023-09-08,211.33,214.24,205.78,205.9,5935472.0,479141159.0,146228040.0,0.04059051875413224
2023-09-11,207.81,212.67,202.66,209.4,6235697.0,505699800.0,146228040.0,0.042643647552138425
2023-09-12,209.4,211.9,207.04,209.43,4229880.0,344557570.0,146228040.0,0.028926599850480114
2023-09-13,208.12,209.35,204.39,206.91,3737013.0,299654864.0,146228040.0,0.025556062982174964
2023-09-14,206.7,206.7,203.31,203.61,3358572.0,266758055.0,146228040.0,0.022968043611881823
2023-09-15,204.85,204.85,198.08,199.16,5049211.0,394143942.0,146228040.0,0.03452970442604578
2023-09-18,198.86,206.93,197.16,203.1,7095526.0,560060434.0,146228040.0,0.048523703114669386
2023-09-19,202.23,206.14,198.08,199.78,4344463.0,338725729.0,146228040.0,0.02971019101398063
2023-09-20,199.96,200.66,195.56,196.0,5104310.0,391039469.0,146228040.0,0.03490650630344221
2023-09-21,195.0,203.23,194.23,195.49,7644317.0,586503518.0,146228040.0,0.05227668373316089
2023-09-22,195.61,199.14,194.69,198.7,6251011.0,479717693.0,146228040.0,0.042748374388386794
2023-09-25,197.83,199.63,191.65,197.03,5950316.0,453556947.0,146228040.0,0.04069203143254878
2023-09-26,197.52,202.2,195.51,197.47,8000841.0,617739864.0,146228040.0,0.05471482076898521
2023-09-27,197.47,207.5,195.77,201.76,11854490.0,931681216.0,146228040.0,0.08106851462961549
2023-09-28,201.43,203.05,197.85,199.22,7220960.0,561782823.0,146228040.0,0.049381500292283206
2023-10-09,198.03,198.65,194.84,197.0,5974665.0,456593628.0,146228040.0,0.04085854532413893
2023-10-10,197.96,198.83,191.88,192.12,5224010.0,395098173.0,146228040.0,0.03572509075550763
2023-10-11,193.61,198.83,191.42,192.19,7280506.0,552009152.0,146228040.0,0.049788713573675744
2023-10-12,192.66,199.96,191.76,197.98,9808347.0,749131507.0,146228040.0,0.06707569218598566
2023-10-13,196.36,196.36,189.0,192.53,8683501.0,646035172.0,146228040.0,0.05938328244022145
2023-10-16,192.42,192.45,185.92,187.02,5533000.0,404089451.0,146228040.0,0.03783816017776071
2023-10-17,189.57,191.22,186.51,188.44,6326208.0,464409517.0,146228040.0,0.04326261912557947
2023-10-18,187.0,187.2,183.16,184.4,4290001.0,308558767.0,146228040.0,0.02933774534624139
2023-10-19,181.11,188.28,181.05,185.22,7944926.0,569756804.0,146228040.0,0.05433243856650202
2023-10-20,182.39,192.68,181.65,188.8,10276305.0,752489581.0,146228040.0,0.0702758855278372
2023-10-23,188.31,188.41,179.61,181.16,6945754.0,491254292.0,146228040.0,0.047499467270435955
2023-10-24,182.26,184.19,177.5,181.83,5641968.0,398498186.0,146228040.0,0.038583352413121316
2023-10-25,183.19,185.97,177.12,177.53,7254190.0,508445991.0,146228040.0,0.04960874808962768
2023-10-26,173.59,178.22,172.36,176.83,6608466.0,449265445.0,146228040.0,0.045192878192171625
2023-10-27,175.96,188.72,173.59,186.33,9805062.0,692005339.0,146228040.0,0.06705322727433125
2023-10-30,184.32,186.51,180.31,185.76,8383005.0,600353567.0,146228040.0,0.0573283003724867
2023-10-31,184.73,186.1,176.81,177.81,7835027.0,546638109.0,146228040.0,0.0535808795631809
2023-11-01,178.82,180.95,174.67,175.16,5766610.0,396207984.0,146228040.0,0.0394357333928568
2023-11-02,175.99,176.42,170.76,170.76,5558823.0,373217575.0,146228040.0,0.03801475421540219
2023-11-03,170.35,184.19,170.35,181.65,12960143.0,906770456.0,146228040.0,0.08862967047906817
2023-11-06,183.39,193.66,181.7,190.57,9912700.0,730005662.0,146228040.0,0.06778932412689112
2023-11-07,189.08,192.27,187.02,191.52,7007414.0,517265452.0,146228040.0,0.04792113742343808
2023-11-08,191.52,194.95,189.34,192.58,5987822.0,447520064.0,146228040.0,0.040948521227529275
2023-11-09,192.19,197.05,190.83,193.07,7050360.0,532338265.0,146228040.0,0.048214829385663655
2023-11-10,191.94,192.06,188.44,190.21,4144425.0,306211055.0,146228040.0,0.0283422044089492
2023-11-13,190.6,193.4,189.59,191.34,3188482.0,236793694.0,146228040.0,0.0218048604084415
2023-11-14,190.31,192.37,186.97,188.85,5214293.0,382295913.0,146228040.0,0.03565863975199285
2023-11-15,192.6,197.05,191.42,192.73,8136492.0,613433312.0,146228040.0,0.05564248826695619
2023-11-16,190.78,192.04,185.58,185.68,5789238.0,421428555.0,146228040.0,0.039590477995875485
2023-11-17,185.17,189.03,184.45,187.41,4047404.0,293965304.0,146228040.0,0.027678713330220386
2023-11-20,188.31,190.88,183.65,187.64,5075070.0,369229172.0,146228040.0,0.03470654465449992
2023-11-21,186.76,188.87,182.39,183.16,5980951.0,429995013.0,146228040.0,0.04090153297548131
2023-11-22,182.93,182.98,177.5,177.53,5256482.0,366122030.0,146228040.0,0.035947154868519064
2023-11-23,177.43,178.25,174.8,175.65,4534248.0,309800614.0,146228040.0,0.031008061107842246
2023-11-24,176.09,176.11,171.02,171.12,4646671.0,311548581.0,146228040.0,0.03177688082258368
2023-11-27,170.04,171.82,165.41,166.29,4804995.0,312528466.0,146228040.0,0.03285960066208916
2023-11-28,166.34,167.45,163.77,167.14,4369387.0,281210944.0,146228040.0,0.029880637119939515
2023-11-29,166.44,167.47,164.26,164.87,3286660.0,211238791.0,146228040.0,0.022476263786343577
2023-11-30,164.26,165.0,160.86,162.2,4025198.0,254182693.0,146228040.0,0.027526854630616673
2023-12-01,162.07,162.07,157.46,159.26,4143287.0,256480884.0,146228040.0,0.028334422043815945
2023-12-04,159.5,160.6,155.35,156.87,4550655.0,278225144.0,146228040.0,0.031120262570708053
2023-12-05,156.15,158.34,153.66,153.68,4068546.0,246767898.0,146228040.0,0.02782329572358352
2023-12-06,153.68,164.15,153.06,158.72,8560216.0,530071678.0,146228040.0,0.05854018148639618
2023-12-07,158.72,158.72,153.81,155.51,5526189.0,334060251.0,146228040.0,0.03779158224373383
2023-12-08,156.9,158.21,154.17,154.17,4898544.0,297079537.0,146228040.0,0.033499348004664496
2023-12-11,153.06,153.89,149.98,153.3,5444240.0,321016880.0,146228040.0,0.037231163051901675
2023-12-12,153.3,154.33,148.9,149.1,5485097.0,321677948.0,146228040.0,0.037510569108359794
2023-12-13,148.72,148.85,142.8,143.98,6021613.0,339537514.0,146228040.0,0.0411796054983709
2023-12-14,145.35,148.74,143.21,143.37,5743625.0,325446963.0,146228040.0,0.03927854739761266
2023-12-15,146.22,157.52,146.22,150.0,13715213.0,806018540.0,146228040.0,0.09379331761541768
2023-12-18,149.87,156.33,147.1,149.77,8686957.0,514158082.0,146228040.0,0.05940691675823597
2023-12-19,148.82,163.92,147.95,156.69,16288996.0,995481990.0,146228040.0,0.11139447673647271
2023-12-20,156.07,161.3,155.07,156.69,12406690.0,760248876.0,146228040.0,0.08484480815033833
2023-12-21,155.89,172.36,155.89,172.36,15555339.0,998247348.0,146228040.0,0.1063772652632149
2023-12-22,174.85,189.59,172.67,188.59,32005294.0,2266074035.0,146228040.0,0.21887248163895243
2023-12-25,187.15,196.75,186.66,194.23,25088189.0,1864171752.0,146228040.0,0.17156893438495108
2023-12-26,193.17,210.3,190.62,209.07,26718119.0,2096146228.0,146228040.0,0.1827154285867471
2023-12-27,204.77,210.12,200.35,207.99,23006427.0,1833160380.0,146228040.0,0.15733252664810388
2023-12-28,203.64,228.8,201.35,216.07,33028497.0,2775087254.0,146228040.0,0.22586979214109687
2023-12-29,211.62,217.64,208.4,215.83,20293590.0,1676554378.0,146228040.0,0.13878042815864863
2024-01-02,210.95,210.95,203.23,203.61,20207686.0,1620691703.0,146228040.0,0.13819296217059326
2024-01-03,205.72,207.53,201.58,204.8,13371738.0,1061882897.0,146228040.0,0.09144441791054575
2024-01-04,202.1,206.62,198.7,200.66,12544026.0,985498266.0,146228040.0,0.08578399874606812
2024-01-05,200.04,203.38,194.23,196.69,13172483.0,1017241584.0,146228040.0,0.09008178595568948
2024-01-08,195.51,210.35,195.51,206.55,21136559.0,1680676384.0,146228040.0,0.1445451843572546
2024-01-09,204.54,214.29,198.93,205.29,19364711.0,1553306763.0,146228040.0,0.1324281649401852
2024-01-10,203.15,225.82,202.2,225.82,30915895.0,2651010161.0,146228040.0,0.21142248094141178
2024-01-11,221.37,242.51,220.59,238.22,28043567.0,2536205660.0,146228040.0,0.19177968192694095
2024-01-12,235.41,239.24,228.7,229.47,19513234.0,1771245047.0,146228040.0,0.13344385933094638
2024-01-15,229.34,236.9,225.17,229.75,15368757.0,1371773565.0,146228040.0,0.10510129931304557
2024-01-16,226.66,229.98,220.46,225.87,14940905.0,1304200668.0,146228040.0,0.1021753762137549
2024-01-17,222.01,232.3,220.9,225.79,15791003.0,1393249565.0,146228040.0,0.10798888503189949
2024-01-18,223.81,238.94,223.78,238.94,21621552.0,1963319435.0,146228040.0,0.14786187382392596
2024-01-19,236.67,237.91,215.04,215.04,21420020.0,1865221869.0,146228040.0,0.1464836703001695
2024-01-22,205.8,224.07,204.28,214.03,18292715.0,1527840648.0,146228040.0,0.12509717698466039
2024-01-23,214.03,223.81,203.23,209.48,17836161.0,1486557672.0,146228040.0,0.12197497142134983
2024-01-24,209.22,213.13,203.23,211.59,13277663.0,1073995675.0,146228040.0,0.09080107344665223
2024-01-25,208.43,209.15,193.4,200.91,22114302.0,1714306349.0,146228040.0,0.15123161057209
2024-01-26,198.08,205.72,196.57,196.82,11983279.0,932059498.0,146228040.0,0.08194925542324168
2024-01-29,196.28,196.28,177.14,177.14,13501800.0,961953301.0,146228040.0,0.09233386428485262
2024-01-30,169.81,191.14,169.79,182.65,18405067.0,1321903628.0,146228040.0,0.12586551115641023
2024-01-31,183.03,183.03,173.13,173.83,10744132.0,739796390.0,146228040.0,0.07347518300867603
2024-02-01,172.36,191.22,172.1,184.48,18566199.0,1345908803.0,146228040.0,0.12696743387930248
2024-02-02,183.81,186.38,172.87,177.22,15294413.0,1067081834.0,146228040.0,0.10459288793038599
2024-02-05,177.76,180.0,165.08,166.7,13913852.0,927027935.0,146228040.0,0.09515173697192413
2024-02-06,163.35,179.36,160.14,176.99,14406070.0,949912721.0,146228040.0,0.09851783556696787
2024-02-07,180.54,191.65,180.54,188.44,15479719.0,1121500532.0,146228040.0,0.10586012778397358
2024-02-08,187.79,193.04,177.79,189.52,15003562.0,1085431662.0,146228040.0,0.10260386448454072
2024-02-19,185.22,194.43,182.91,192.94,10803515.0,800814875.0,146228040.0,0.07388128159277796
2024-02-20,191.01,191.01,182.34,188.05,10219651.0,741046405.0,146228040.0,0.06988844957506098
2024-02-21,185.74,206.86,183.14,200.66,19397607.0,1502522678.0,146228040.0,0.13265312863387899
2024-02-22,200.14,207.22,198.08,202.82,13520793.0,1063181049.0,146228040.0,0.0924637504544272
2024-02-23,205.7,213.13,201.09,206.14,13254850.0,1064397181.0,146228040.0,0.09064506369640186
2024-02-26,201.94,204.54,197.31,200.94,11030300.0,860193876.0,146228040.0,0.07543218113297559
2024-02-27,198.08,208.91,197.31,208.37,12094100.0,966365811.0,146228040.0,0.08270711964682013
2024-02-28,210.43,222.52,204.52,206.83,16113339.0,1343697434.0,146228040.0,0.11019322285930934
2024-02-29,203.36,215.6,200.66,215.32,10249177.0,837197909.0,146228040.0,0.07009036707323711
2024-03-01,214.32,224.25,210.95,221.62,11893748.0,1004232176.0,146228040.0,0.08133698571081169
2024-03-04,221.42,232.68,219.18,224.79,11175220.0,984457044.0,146228040.0,0.07642323592657058
2024-03-05,222.21,227.93,218.66,218.97,8613928.0,743948509.0,146228040.0,0.05890749817887185
2024-03-06,217.38,237.96,213.7,228.41,10142060.0,889158392.0,146228040.0,0.069357833148827
2024-03-07,226.38,231.01,219.8,219.85,6837067.0,598469144.0,146228040.0,0.04675619669114077
2024-03-08,222.01,241.84,222.01,241.84,13746867.0,1258238930.0,146228040.0,0.09400978772607498
2024-03-11,252.08,266.02,247.35,266.02,18647458.0,1863776773.0,146228040.0,0.12752313441389215
2024-03-12,266.08,282.87,261.32,275.98,16610699.0,1761248894.0,146228040.0,0.1135944857087601
2024-03-13,271.61,275.26,260.29,263.86,13643693.0,1412815647.0,146228040.0,0.09330421853428385
2024-03-14,259.82,264.97,253.06,254.68,13138163.0,1313891126.0,146228040.0,0.08984708404762862
2024-03-15,253.6,256.4,245.96,250.82,11412273.0,1108174267.0,146228040.0,0.0780443545574433
2024-03-18,252.44,266.46,248.66,266.46,14204502.0,1420969834.0,146228040.0,0.09713938585239876
2024-03-19,262.4,268.6,255.97,256.66,8916156.0,904267588.0,146228040.0,0.0609743247601486
2024-03-20,254.68,266.36,252.65,258.49,7205082.0,728510977.0,146228040.0,0.04927291646663663
2024-03-21,254.71,256.35,244.39,246.58,11271196.0,1087753871.0,146228040.0,0.07707958063309882
2024-03-22,245.42,248.74,242.41,244.36,7301195.0,695983384.0,146228040.0,0.04993019806597968
2024-03-25,242.36,252.11,239.71,246.65,7588438.0,728483945.0,146228040.0,0.05189454772149035
2024-03-26,244.65,262.96,242.82,261.81,11599539.0,1143714327.0,146228040.0,0.079324998133053
2024-03-27,258.54,268.98,247.04,247.3,10046396.0,1009178031.0,146228040.0,0.0687036220960084
2024-03-28,244.93,251.85,237.96,242.18,9711185.0,921615393.0,146228040.0,0.06641123685990731
2024-03-29,239.37,244.65,229.98,231.58,9878595.0,903062903.0,146228041.0,0.06755609206308112
2024-04-01,231.58,254.73,231.53,254.73,13477452.0,1286136790.0,146228041.0,0.09216735660159736
2024-04-02,257.2,260.83,252.11,256.99,10240468.0,1019666634.0,146228041.0,0.07003080893356152
2024-04-03,255.71,255.97,243.9,247.27,7536254.0,729207188.0,146228041.0,0.05153768010883768
2024-04-08,246.42,247.27,237.44,241.82,5476262.0,514586265.0,146228041.0,0.03745014952364711
2024-04-09,241.05,247.42,240.4,243.1,5693332.0,538934240.0,146228041.0,0.038934611727445625
2024-04-10,241.56,242.07,221.24,226.92,11513160.0,1022869134.0,146228041.0,0.07873428325556245
2024-04-11,225.35,231.32,218.28,228.31,7905153.0,691555531.0,146228041.0,0.054060445219258596
2024-04-12,225.33,227.51,218.59,218.66,6742729.0,579455857.0,146228041.0,0.046111053351251555
2024-04-15,218.84,231.19,218.84,223.35,7369787.0,646509921.0,146228041.0,0.05039927328302237
2024-04-16,219.69,221.13,210.95,211.1,6169990.0,515435693.0,146228041.0,0.042194301160062724
2024-04-17,212.16,216.73,210.95,214.06,6010635.0,498508473.0,146228041.0,0.04110453069668081
2024-04-18,210.95,223.04,206.78,216.35,8167763.0,682172188.0,146228041.0,0.055856338798931184
2024-04-19,214.93,214.96,204.67,210.95,7381562.0,600096091.0,146228041.0,0.05047979819410971
2024-04-22,208.37,222.32,205.93,217.27,6863412.0,582516131.0,430080841.0,0.01595842303517073
2024-04-23,221.11,227.28,216.86,219.41,6441996.0,555524770.0,430080841.0,0.014978570040510128
2024-04-24,217.38,223.73,214.81,223.73,5364873.0,457375161.0,430080841.0,0.012474103676708538
2024-04-25,220.72,234.54,211.0,229.88,9185359.0,803614986.0,430080841.0,0.021357284780793108
2024-04-26,227.64,237.44,226.07,234.51,6006922.0,545435989.0,430080841.0,0.013966960225507929
2024-04-29,234.07,250.43,233.28,245.93,7136397.0,675749128.0,430080841.0,0.016593152541756678
2024-04-30,245.93,247.89,238.73,240.48,5340496.0,503651410.0,430080841.0,0.012417423635013771
2024-05-06,245.75,250.85,242.28,248.38,5566056.0,533909142.0,430080841.0,0.012941883174935477
2024-05-07,246.4,253.39,244.39,246.16,4466246.0,431131905.0,430080841.0,0.010384666263243286
2024-05-08,245.52,246.65,238.11,238.42,4229294.0,396360759.0,430080841.0,0.009833718679879535
2024-05-09,240.53,258.64,239.73,251.36,7963565.0,777135459.0,430080841.0,0.018516437471345067
2024-05-10,253.14,258.72,247.73,255.97,6185104.0,608933584.0,430080841.0,0.014381259080545744
2024-05-13,252.36,265.2,252.36,253.83,7033498.0,708912484.0,430080841.0,0.01635389752225675
2024-05-14,251.26,257.3,251.26,254.37,4040410.0,399321379.0,430080841.0,0.00939453613094102
2024-05-15,254.42,261.37,242.05,243.0,7015969.0,674838384.0,430080841.0,0.01631314006847378
2024-05-16,241.84,246.06,239.68,241.82,3964761.0,373668066.0,430080841.0,0.009218641292602942
2024-05-17,238.22,238.73,233.35,235.41,5641410.0,516276431.0,430080841.0,0.013117092095716024
2024-05-20,235.41,246.4,235.41,246.01,6099800.0,574999034.0,430080841.0,0.014182914974350137
2024-05-21,245.93,245.96,240.66,241.74,3551880.0,334588179.0,430080841.0,0.008258633404225509
2024-05-22,244.93,260.8,243.75,256.74,7942219.0,778095214.0,430080841.0,0.01846680494191091
2024-05-23,256.22,258.54,252.29,254.4,4545091.0,450157042.0,430080841.0,0.010567992262645338
2024-05-24,254.68,259.31,245.86,246.6,4740759.0,463262178.0,430080841.0,0.011022948590262824
2024-05-27,246.91,249.23,241.51,249.2,3658500.0,348896764.0,430080841.0,0.00850654028552739
2024-05-28,246.96,260.83,246.6,257.28,5705623.0,567127301.0,430080841.0,0.013266396584264492
2024-05-29,257.55,277.75,254.17,254.5,9330939.0,671007698.0,602113177.0,0.015496985212133964
2024-05-30,255.86,263.03,247.77,249.42,7225557.0,499084843.0,602113177.0,0.012000330296707657
2024-05-31,249.42,251.0,242.28,248.39,6509475.0,433758972.0,602113177.0,0.010811048900197047
2024-06-03,244.64,250.71,239.38,246.59,5300342.0,355379644.0,602113177.0,0.008802899857479785
2024-06-04,246.88,270.39,244.56,265.61,11236921.0,788878514.0,602113177.0,0.01866247315162146
2024-06-05,265.61,269.32,259.54,260.09,8382557.0,601817989.0,602113177.0,0.013921895949471972
2024-06-06,260.09,262.33,250.93,252.33,7716828.0,536925655.0,602113177.0,0.012816241688063904
2024-06-07,252.51,255.38,239.12,243.06,10121356.0,673984233.0,602113177.0,0.016809723464995683
2024-06-11,241.25,249.02,238.02,248.32,6630705.0,440789687.0,602113177.0,0.01101238978531772
2024-06-12,246.48,246.85,233.86,236.07,9838816.0,639141834.0,602113177.0,0.016340476136100242
2024-06-13,242.8,259.68,242.8,259.68,16586193.0,1159971917.0,602113177.0,0.027546636801140792
2024-06-14,257.51,261.82,247.77,255.79,16174559.0,1121606330.0,602113177.0,0.026862987919628274
2024-06-17,254.31,265.72,253.36,260.35,13544115.0,961358159.0,602113177.0,0.022494300934390612
2024-06-18,260.31,280.51,259.94,278.23,15329851.0,1140061613.0,602113177.0,0.025460082233011817
2024-06-19,278.26,286.1,275.91,281.87,11318336.0,866129162.0,602113177.0,0.01879768859468093
2024-06-20,279.59,294.3,279.03,290.88,11522662.0,906014989.0,602113177.0,0.019137036756795643
2024-06-21,290.62,292.5,283.27,283.52,7229391.0,562109736.0,602113177.0,0.012006697870357352
2024-06-24,280.1,288.78,276.9,277.75,6729213.0,516094414.0,602113179.0,0.011175993541905184
2024-06-25,277.75,279.81,267.74,271.05,7343380.0,542881611.0,602113179.0,0.012196012736668566
2024-06-26,271.97,272.19,264.87,267.63,6103387.0,443780482.0,602113179.0,0.010136610877935957
2024-06-27,267.78,271.75,263.25,267.3,5775215.0,421001173.0,602113179.0,0.009591577134371277
2024-06-28,266.71,279.15,263.62,273.48,7386486.0,545500452.0,602113185.0,0.012267603806085063
2024-07-01,277.75,285.33,272.23,277.34,7937972.0,602403420.0,602113185.0,0.013183521300899597
2024-07-02,274.11,275.91,265.28,269.29,7234866.0,528047286.0,602113185.0,0.012015790685600084
2024-07-03,267.45,274.73,265.28,270.76,4590860.0,338375807.0,602113185.0,0.007624579754054049
2024-07-04,270.72,274.07,250.71,259.06,8702699.0,616004657.0,602113185.0,0.014453593139635366
2024-07-05,272.23,279.15,268.92,276.28,10978891.0,819596900.0,602113185.0,0.01823393221325987
2024-07-08,276.28,286.65,275.21,279.07,9135880.0,698015609.0,602113185.0,0.015173027642634998
2024-07-09,281.39,281.43,269.43,280.87,11118890.0,829916460.0,602113185.0,0.018466444975789725
2024-07-10,275.91,279.62,268.59,269.65,8918943.0,661938268.0,602113185.0,0.014812734917937397
2024-07-11,271.49,296.62,264.87,296.62,14935057.0,1152084865.0,602113185.0,0.024804401185800306
2024-07-12,302.25,323.73,302.25,312.29,17435340.0,1478684835.0,602113185.0,0.02895691447115545
2024-07-15,305.52,329.21,305.52,326.97,12839617.0,1124424585.0,602113185.0,0.021324258162524708
2024-07-16,325.57,335.14,321.23,332.3,9878403.0,880744904.0,602113185.0,0.016406222693827906
2024-07-17,331.09,338.45,321.23,323.7,9109446.0,812604132.0,602113185.0,0.015129125597872434
2024-07-18,323.66,347.46,317.11,338.26,13989169.0,1278753393.0,602113185.0,0.023233454022435998
2024-07-19,334.99,353.16,331.57,353.02,13176325.0,1235255364.0,602113185.0,0.02188346863721312
2024-07-22,353.16,370.64,353.05,355.22,15062709.0,1474055713.0,602113185.0,0.025016407837008252
2024-07-23,353.9,362.36,350.37,353.71,9882148.0,955296178.0,602113185.0,0.016412442454652443
2024-07-24,350.07,367.14,347.68,360.08,10191895.0,990576329.0,602113185.0,0.016926875633856118
2024-07-25,357.98,385.5,356.4,367.33,10885533.0,1088149568.0,602113185.0,0.018078881630868123
2024-07-26,361.81,368.47,348.38,354.45,12005452.0,1159784173.0,602113185.0,0.019938862491443367
2024-07-29,353.27,359.82,349.26,354.38,9212476.0,886564664.0,602113185.0,0.01530023960528285
2024-07-30,354.27,358.68,345.8,354.34,6361454.0,609250096.0,602113185.0,0.010565212917567983
2024-07-31,358.9,359.38,341.02,356.84,10430022.0,998651541.0,602113185.0,0.017322361077344618
2024-08-01,353.16,367.88,350.48,365.3,10180891.0,1000064254.0,602113185.0,0.016908600000181028
2024-08-02,364.2,368.8,348.75,356.47,8167415.0,790384878.0,602113185.0,0.013564584206871337
2024-08-05,349.85,358.68,342.94,342.94,7272815.0,691740474.0,602113185.0,0.012078817041682953
2024-08-06,345.88,370.19,345.88,367.33,11140429.0,1089629285.0,602113185.0,0.018502217319821688
2024-08-07,364.2,377.92,361.99,366.85,7968484.0,799371258.0,602113185.0,0.013234196158650803
2024-08-08,367.88,369.09,352.32,358.86,6647497.0,648753819.0,602113185.0,0.011040278083264361
2024-08-09,360.52,361.62,352.28,354.56,4506386.0,436084109.0,602113185.0,0.0074842838726409885
2024-08-12,355.81,358.39,340.65,347.02,6416170.0,604821372.0,602113185.0,0.010656086197481292
2024-08-13,348.38,355.0,342.38,349.41,4926226.0,466093717.0,602113185.0,0.008181561411912945
2024-08-14,346.61,349.85,339.88,342.31,4753096.0,443801791.0,602113185.0,0.007894024111097983
2024-08-15,343.97,344.63,337.2,339.15,4658160.0,431244422.0,602113185.0,0.00773635275899165
2024-08-16,335.84,338.45,331.83,332.93,6708964.0,609512284.0,602113185.0,0.011142363540834935
2024-08-19,332.93,343.97,331.53,338.48,5842622.0,537002175.0,602113185.0,0.009703527751181865
2024-08-20,338.48,347.2,336.75,340.88,6365233.0,591299628.0,602113185.0,0.010571489146181046
2024-08-21,338.45,338.81,331.94,335.36,5048698.0,459287906.0,602113185.0,0.008384965029457044
2024-08-22,334.4,335.43,325.06,328.74,5933372.0,528929123.0,602113185.0,0.009854246922030116
2024-08-23,327.41,335.14,326.23,326.31,3408747.0,305453827.0,602113185.0,0.005661306021724138
2024-08-26,326.97,331.02,320.09,321.82,4957376.0,436340708.0,602113185.0,0.00823329587110769
2024-08-27,318.8,323.77,310.49,320.13,8212089.0,707587819.0,602113185.0,0.013638779559361418
2024-08-28,320.02,330.35,315.68,318.03,5166606.0,450919578.0,602113185.0,0.008580788676800026
2024-08-29,316.37,339.07,315.82,335.58,10534226.0,945572654.0,602113185.0,0.017495424884276533
2024-08-30,331.16,342.82,330.1,333.59,9445575.0,860989687.0,608619080.0,0.015519682688883167
2024-09-02,332.23,339.18,326.31,326.42,5620998.0,507160313.0,608619080.0,0.009235658533741663
2024-09-03,323.77,326.23,318.29,322.48,5404409.0,471956873.0,608619080.0,0.00887978898065437
2024-09-04,319.5,323.66,308.94,316.37,5775055.0,494632016.0,608619080.0,0.009488784019061643
2024-09-05,316.12,328.11,314.09,322.44,6490743.0,570029592.0,608619080.0,0.010664705089429665
2024-09-06,322.55,325.94,314.17,314.83,3781413.0,327531609.0,608619080.0,0.00621310294774196
2024-09-09,313.43,316.37,311.52,315.93,3135941.0,267863633.0,608619080.0,0.005152551247653951
2024-09-10,316.19,328.81,312.25,326.64,5598607.0,489986866.0,608619080.0,0.009198868691398895
2024-09-11,326.9,345.47,324.47,339.73,8609611.0,794545078.0,608619080.0,0.014146140472625341
2024-09-12,339.55,351.95,337.34,338.08,6748467.0,631959476.0,608619080.0,0.011088162073394085
2024-09-13,339.26,340.47,331.2,331.2,4428857.0,403852710.0,608619080.0,0.00727689476971376
2024-09-18,330.72,349.48,327.96,344.48,5571066.0,518887235.0,608619080.0,0.009153617070302824
2024-09-19,345.73,350.95,339.18,342.42,5930027.0,554902638.0,608619080.0,0.009743412907791191
2024-09-20,340.03,342.13,322.19,339.22,7486478.0,676504188.0,608619080.0,0.012300761257764052
2024-09-23,334.77,334.77,305.3,305.3,13168549.0,1129222898.0,608619080.0,0.021636766629136897
2024-09-24,303.54,318.51,303.54,312.22,10536732.0,894417189.0,608619080.0,0.01731252329453753
2024-09-25,312.47,321.38,308.39,309.72,9284380.0,794689198.0,608619080.0,0.015254829013904724
2024-09-26,308.5,321.6,296.84,321.52,11252468.0,946893733.0,608619080.0,0.01848852323196966
2024-09-27,321.45,349.48,319.43,343.16,6822015.0,618279545.0,608619080.0,0.011209006132374293
2024-09-30,350.59,376.34,332.41,374.06,15039779.0,1462558082.0,608752747.0,0.024705890978098534
2024-10-08,411.29,411.29,367.84,399.99,16279309.0,1739046528.0,608752747.0,0.02674207070148958
2024-10-09,386.27,391.05,360.52,361.03,11711532.0,1199075459.0,608752747.0,0.019238569448295238
2024-10-10,360.08,375.23,358.31,360.59,9960521.0,993152062.0,608752747.0,0.016362178321307846
2024-10-11,360.89,362.65,342.6,348.56,6247605.0,594723629.0,608752747.0,0.010262959848294532
2024-10-14,348.16,353.75,338.81,350.22,6919807.0,652826849.0,608752747.0,0.011367188130323131
2024-10-15,347.83,357.94,340.65,347.28,5939516.0,565266617.0,608752747.0,0.009756861105384054
2024-10-16,339.81,343.45,313.39,316.37,15852271.0,1387057078.0,608752747.0,0.026040574072349935
2024-10-17,316.56,317.48,296.51,305.26,18650413.0,1540463936.0,608752747.0,0.030637090496776025
2024-10-18,301.03,327.41,300.92,319.13,17879234.0,1538274769.0,608752747.0,0.029370272394023383
2024-10-21,316.37,317.59,305.41,306.81,22301638.0,1878986445.0,608752747.0,0.03663496897534328
2024-10-22,306.81,312.18,301.66,311.04,11097077.0,928660460.0,608752747.0,0.01822920233984587
2024-10-23,317.26,342.02,317.26,336.24,19773166.0,1770749268.0,608752747.0,0.032481440284983225
2024-10-24,331.09,331.09,316.41,320.13,11304932.0,991564173.0,608752747.0,0.01857064638428646
2024-10-25,314.57,344.92,314.57,343.67,17812377.0,1633309662.0,608752747.0,0.029260446195571745
2024-10-28,340.65,341.39,329.36,334.99,10833553.0,980103233.0,608752747.0,0.01779631065878377
2024-10-29,338.45,345.66,325.94,331.09,9396352.0,848741410.0,609162681.0,0.015425028966933712
2024-10-30,338.08,352.87,324.54,345.92,15096680.0,1377588615.0,609162681.0,0.024782673776432472
2024-10-31,345.92,359.31,342.05,348.01,14002698.0,1341523274.0,609162681.0,0.022986795542059808
2024-11-01,345.8,349.26,332.6,337.01,9341751.0,862762926.0,609162681.0,0.015335396095940422
2024-11-04,337.71,352.24,336.5,347.86,8306850.0,784281797.0,609162681.0,0.013636505089844793
2024-11-05,346.72,350.22,342.13,347.94,10600359.0,998393281.0,609162681.0,0.017401523978124327
2024-11-06,345.8,352.61,340.51,342.57,11622429.0,1093820555.0,609162681.0,0.01907935164531197
2024-11-07,332.93,333.59,322.04,331.46,11206839.0,999077344.0,609162681.0,0.018397120095411754
2024-11-08,331.53,337.71,325.57,326.64,9361745.0,841322863.0,609162681.0,0.015368218198514364
2024-11-11,323.99,335.69,319.61,333.04,8889863.0,798815341.0,609162681.0,0.014593577836065765
2024-11-12,332.82,336.24,323.73,326.12,8284488.0,741536247.0,609162681.0,0.013599795684135154
2024-11-13,322.85,332.93,320.42,331.86,6819681.0,608468247.0,609162681.0,0.011195172016783477
2024-11-14,334.77,361.51,334.77,352.83,23607516.0,2262950515.0,609162681.0,0.03875404179593858
2024-11-15,346.5,360.34,339.81,347.72,13738365.0,1309391346.0,609162681.0,0.022552867121549754
2024-11-18,344.7,346.54,327.78,336.06,9584866.0,880252752.0,609162681.0,0.015734493098404367
2024-11-19,342.13,362.69,342.13,355.26,12327861.0,1181876202.0,609162681.0,0.020237387129104188
2024-11-20,350.0,353.75,340.21,345.22,9999526.0,937083242.0,609162681.0,0.01641519796252916
2024-11-21,345.07,346.17,335.98,338.15,7543007.0,696391531.0,609162681.0,0.012382582248172881
2024-11-22,334.77,337.34,324.76,325.17,6638773.0,597317224.0,609162681.0,0.010898193876719116
2024-11-25,323.77,326.56,312.11,316.93,7986027.0,689417534.0,609162681.0,0.013109842820459974
2024-11-26,317.11,321.78,311.52,313.28,5104912.0,439062966.0,609162681.0,0.00838021132814602
2024-11-27,311.92,321.93,306.07,321.89,6326233.0,541744706.0,609162681.0,0.010385128960321193
2024-11-28,320.05,321.41,313.43,315.01,5835546.0,504136422.0,609162681.0,0.009579618354854538
2024-11-29,314.54,319.28,313.36,317.33,5784770.0,498038095.0,609162681.0,0.00949626459471177
2024-12-02,313.06,318.18,308.28,318.18,6728580.0,574856287.0,609162681.0,0.011045620833098934
2024-12-03,318.21,328.48,316.48,325.17,7761612.0,681133802.0,609162681.0,0.012741443693265247
2024-12-04,323.18,324.47,316.6,317.55,4575181.0,397003559.0,609162681.0,0.007510606185673413
2024-12-05,316.67,320.57,313.17,317.81,3476998.0,299895236.0,609162681.0,0.005707831599749624
2024-12-06,317.85,325.5,311.15,322.59,6225199.0,539818795.0,609162681.0,0.010219271787596587
2024-12-09,322.41,324.47,313.8,314.46,5723168.0,495334716.0,609162681.0,0.009395138898865014
2024-12-10,320.79,323.33,314.39,315.2,5449335.0,468660652.0,609162681.0,0.008945615301079155
2024-12-11,313.76,315.71,312.55,312.7,3369224.0,287167178.0,609279149.0,0.005529852786739629
2024-12-12,312.7,317.63,310.53,316.6,4401379.0,376036578.0,609279149.0,0.007223912072526874
2024-12-13,315.27,319.57,312.81,313.51,4650884.0,399238500.0,609279149.0,0.007633420588302456
2024-12-16,313.39,319.32,311.11,316.34,4976482.0,427967109.0,609279149.0,0.008167819312654666
2024-12-17,314.76,324.8,314.54,319.57,5786758.0,505051691.0,609279149.0,0.009497712189064261
2024-12-18,322.63,322.63,313.2,315.21,4319732.0,366642050.0,609279149.0,0.007089906173697075
2024-12-19,312.19,320.36,311.85,319.99,3652656.0,310813305.0,609279149.0,0.005995045138168679
2024-12-20,317.08,322.63,307.79,308.57,6670255.0,559646391.0,609279149.0,0.010947781506962418
2024-12-23,305.96,309.62,297.38,300.29,7347687.0,597918172.0,609279149.0,0.01205963967757577
2024-12-24,300.33,316.78,299.47,314.24,9121292.0,760654947.0,609279149.0,0.01497062884060718
2024-12-25,308.05,321.66,298.69,315.7,14171656.0,1186740332.0,645276269.0,0.021962152772117518
2024-12-26,313.35,317.82,309.73,314.2,7287577.0,611560489.0,645276269.0,0.01129373161559735
2024-12-27,314.02,314.2,306.59,309.99,5595612.0,465370531.0,645276269.0,0.008671653164421578
2024-12-30,309.62,320.77,307.75,316.52,8477262.0,718781647.0,645276269.0,0.01313741479000524
2024-12-31,319.13,329.05,315.43,316.33,7812558.0,671996013.0,645291349.0,0.012107024233483098
2025-01-02,317.41,318.87,306.26,309.88,7544939.0,629299828.0,645291349.0,0.011692298388460186
2025-01-03,309.09,323.79,307.75,317.26,9071229.0,773579074.0,645291349.0,0.014057571070893126
2025-01-06,317.11,340.95,314.46,334.91,14461657.0,1284604525.0,645291349.0,0.022411050485042223
2025-01-07,331.25,341.96,328.34,337.97,7175624.0,646959923.0,645291349.0,0.011119975513572243
2025-01-08,335.95,348.45,335.2,344.57,9049924.0,832049021.0,645291349.0,0.014024554976638933
2025-01-09,340.2,345.99,335.8,336.4,6492588.0,591601272.0,645291349.0,0.010061483096064255
2025-01-10,336.4,339.57,320.25,320.47,8072711.0,707434587.0,645291349.0,0.01251018011090677
2025-01-13,317.08,325.32,314.28,316.37,5901982.0,503479270.0,645291349.0,0.009146228303147451
2025-01-14,319.24,328.27,312.52,326.59,6806980.0,588439793.0,645291349.0,0.010548692479061888
2025-01-15,324.91,329.87,319.13,322.48,5697474.0,495227074.0,645291349.0,0.00882930479205913
2025-01-16,320.84,334.98,320.84,331.33,7437154.0,652382155.0,645291349.0,0.01152526531081699
2025-01-17,328.64,332.74,316.67,322.26,7804256.0,672326693.0,645291349.0,0.012094158727052762
2025-01-20,324.54,336.92,324.54,333.86,9513592.0,849044524.0,645291349.0,0.0147430955253671
2025-01-21,333.9,336.29,322.0,324.46,7518003.0,656533842.0,645291349.0,0.011650556003347258
2025-01-22,323.12,325.1,311.48,321.93,10310704.0,877963203.0,645291349.0,0.015978370105191042
2025-01-23,322.71,333.49,318.49,330.43,10698206.0,938395156.0,645291349.0,0.01657887714840572
2025-01-24,327.6,330.13,322.97,326.59,7073029.0,618317049.0,645291349.0,0.010960985314557503
2025-01-27,326.36,328.23,316.33,316.55,6829488.0,584605977.0,645291349.0,0.01058357284749528
2025-02-05,317.71,337.59,311.48,332.37,12044059.0,1061222149.0,645291349.0,0.018664528849897846
2025-02-06,329.12,334.98,326.63,333.3,6254959.0,555895292.0,645291349.0,0.009693232382075527
2025-02-07,333.34,366.61,332.0,362.73,16577629.0,1572249141.0,645291349.0,0.025690146049052332
2025-02-10,361.21,361.47,347.18,353.97,10442048.0,985570352.0,645291349.0,0.016181912272932083
2025-02-11,352.89,358.86,352.18,356.24,6317445.0,603706517.0,645291349.0,0.009790066161261988
2025-02-12,354.64,356.62,349.83,353.71,5918553.0,559744180.0,645291349.0,0.009171908176317424
2025-02-13,352.4,352.89,345.05,345.05,5342826.0,498525117.0,645291349.0,0.008279711185156458
2025-02-14,343.41,352.74,343.26,351.95,6477566.0,607704243.0,645291349.0,0.010038203688982044
2025-02-17,352.44,353.86,343.19,345.05,5786014.0,537281179.0,645291349.0,0.008966514131897963
2025-02-18,352.07,352.48,336.1,338.26,6258115.0,576155030.0,645291349.0,0.009698123196131675
2025-02-19,339.46,347.93,334.24,340.32,7806436.0,711029673.0,645291349.0,0.012097537046014234
2025-02-20,337.63,344.87,334.27,337.07,4730070.0,428180462.0,645291349.0,0.007330130811965992
2025-02-21,335.73,336.47,324.91,330.06,10615599.0,936859755.0,645291349.0,0.016450862105079917
2025-02-24,329.76,348.41,326.77,342.59,12880405.0,1174051602.0,645291349.0,0.019960603872902688
2025-02-25,340.5,352.33,338.49,343.49,8835726.0,821442208.0,645291349.0,0.01369261499273563
2025-02-26,343.56,351.95,342.18,348.19,7808437.0,725208995.0,645291349.0,0.01210063797089584
2025-02-27,346.43,348.19,338.75,342.11,5614360.0,515931974.0,645291349.0,0.008700504057121645
2025-02-28,340.2,354.98,339.83,345.24,9292398.0,871477801.0,645291349.0,0.014400313927035151
2025-03-03,345.46,363.03,345.05,351.39,10240637.0,971772336.0,645291349.0,0.015869788144331685
2025-03-04,354.38,358.11,346.73,352.18,4305861.0,404871387.0,645291349.0,0.006672739386128048
2025-03-05,350.65,352.14,335.73,337.14,7252497.0,662743188.0,645291349.0,0.011239104648216817
2025-03-06,337.18,339.49,332.18,337.97,6924539.0,624595464.0,645291349.0,0.010730872203278213
2025-03-07,334.98,339.31,333.34,335.8,6063288.0,545856299.0,645291349.0,0.009396202210669958
2025-03-10,335.73,338.67,332.41,335.91,4425858.0,397242173.0,645291349.0,0.006858697248705871
2025-03-11,332.74,332.85,322.56,332.85,6305502.0,555317857.0,645291349.0,0.009771558242290956
2025-03-12,336.1,338.97,333.64,334.5,4414870.0,397758456.0,645291349.0,0.006841669281389979
2025-03-13,332.85,334.87,324.16,327.93,4303422.0,379920060.0,645291349.0,0.006668959698078953
2025-03-14,327.78,334.2,325.58,332.56,5541781.0,493050408.0,645291349.0,0.008588029281018612
2025-03-17,334.53,347.66,334.24,340.05,7691450.0,703897564.0,645291349.0,0.011919344667985004
2025-03-18,339.38,341.32,334.24,339.49,5038771.0,456074247.0,645291349.0,0.007808520922849068
2025-03-19,337.67,353.63,336.17,349.42,9977345.0,927960162.0,645291349.0,0.015461767797541014
2025-03-20,346.96,352.33,345.8,347.37,5097657.0,476383646.0,645291349.0,0.007899775826686311
2025-03-21,346.25,350.5,336.14,336.85,4506102.0,411084646.0,645291349.0,0.00698305038023995
2025-03-24,336.85,349.53,336.51,349.42,7664077.0,710806506.0,645291349.0,0.011876925069392183
2025-03-25,350.83,365.53,349.42,351.21,8749704.0,835729207.0,645291349.0,0.013559307766266055
2025-03-26,351.32,371.17,350.65,371.17,13206477.0,1287635760.0,645291349.0,0.02046591360703334
2025-03-27,369.19,371.13,362.73,365.57,5744774.0,563920730.0,645291349.0,0.00890260501539747
2025-03-28,365.57,374.93,361.88,362.96,6649203.0,657003322.0,645291349.0,0.010304187419069211
2025-03-31,363.0,368.81,339.57,341.17,9945794.0,932297367.0,645931623.0,0.015397595729726333
2025-04-01,340.09,357.55,339.87,348.82,6607286.0,618733994.0,645931623.0,0.010229079618849998
2025-04-02,349.53,358.07,348.78,353.63,5436503.0,517136305.0,645931623.0,0.008416530181244896
2025-04-03,348.52,348.52,339.53,343.19,4691682.0,432077113.0,645931623.0,0.007263434445599205
2025-04-07,311.48,326.03,308.87,308.87,6040916.0,505439958.0,645931623.0,0.009352253063479445
2025-04-08,313.35,314.39,291.26,305.88,10174449.0,819688761.0,645931623.0,0.015751588307049025
2025-04-09,298.5,306.97,291.64,305.88,10087007.0,808292550.0,645931623.0,0.015616214845081211
2025-04-10,320.81,326.59,318.83,321.18,8778770.0,760021411.0,645931623.0,0.013590865793545457
2025-04-11,321.22,324.54,313.46,321.51,5650344.0,484178468.0,645931623.0,0.008747588442499897
2025-04-14,323.23,327.82,321.66,323.45,4582181.0,398083640.0,645931623.0,0.00709391031007008
2025-04-15,328.27,329.24,313.35,316.33,7138475.0,609724344.0,645931623.0,0.011051440656900615
2025-04-16,316.33,316.93,311.29,316.93,3519422.0,295948907.0,645931623.0,0.00544859838825386
2025-04-17,313.98,316.74,312.71,314.65,3058089.0,257561650.0,645931623.0,0.004734385020192764
2025-04-18,314.17,315.92,313.01,314.87,2158995.0,181949362.0,645931623.0,0.0033424513108255114
2025-04-21,313.53,317.08,311.89,316.85,2615536.0,220800958.0,645931623.0,0.004049245936980546
2025-04-22,316.4,320.81,314.32,319.16,3814042.0,325405342.0,645961796.0,0.005904438967780689
2025-04-23,319.2,326.07,318.98,322.11,3927319.0,339440071.0,645961796.0,0.0060798007317448225
2025-04-24,322.19,328.15,319.35,323.49,4070722.0,354433418.0,645961796.0,0.006301799928737581
2025-04-25,324.54,326.36,321.33,322.63,2618079.0,227037920.0,645961796.0,0.0040529935612477
2025-04-28,324.54,327.52,321.55,323.64,3896379.0,338713881.0,645961796.0,0.006031903162273083
2025-04-29,326.59,335.5,326.48,330.43,5752513.0,512330457.0,645961796.0,0.00890534554151868
2025-04-30,332.0,337.89,321.55,321.55,6585067.0,574073287.0,645961796.0,0.010194205045525633
2025-05-06,324.5,329.91,321.18,328.98,5097815.0,447603640.0,645961796.0,0.007891821206094982
2025-05-07,335.65,336.47,324.54,328.57,4789684.0,423358825.0,645961796.0,0.007414810023842339
2025-05-08,327.41,336.77,325.28,332.71,5353175.0,477703569.0,645961796.0,0.008287138702549523
2025-05-09,332.67,336.44,330.54,333.86,4349957.0,388946232.0,645966538.0,0.006734028380894244
2025-05-12,336.85,350.46,336.85,348.19,10323932.0,959249307.0,645966538.0,0.01598214674085796
2025-05-13,349.08,352.51,342.44,344.31,5448983.0,507933718.0,645966538.0,0.00843539514735669
2025-05-14,344.31,344.31,337.67,341.77,3727072.0,340453451.0,645966538.0,0.005769760166741021
2025-05-15,341.73,341.88,334.24,336.25,3602460.0,325428316.0,645966538.0,0.005576852341537233
2025-05-16,336.06,343.93,335.76,339.16,4176088.0,381400038.0,645966538.0,0.006464867379864187
2025-05-19,340.2,344.75,333.86,337.78,3777224.0,342648027.0,645966538.0,0.005847398863251954
2025-05-20,337.82,337.82,331.25,333.56,4355576.0,389030488.0,645966538.0,0.006742726973885449
2025-05-21,334.57,337.44,332.11,334.5,3421042.0,307165271.0,645966538.0,0.005296004976654069
2025-05-22,332.03,334.76,329.8,330.13,3294584.0,293111301.0,645966538.0,0.0051002394182839235
2025-05-23,328.71,331.55,326.59,326.59,3517460.0,309805912.0,645966538.0,0.005445266578189225
2025-05-26,327.41,329.09,319.95,322.26,4722181.0,409869753.0,645966538.0,0.007310256371205408
2025-05-27,322.22,322.22,308.87,310.73,6675734.0,560151320.0,645966538.0,0.010334488874097067
2025-05-28,311.7,313.57,309.09,309.91,3382376.0,281960199.0,645966538.0,0.005236147386940963
2025-05-29,309.91,311.67,308.2,310.96,4796643.0,399117607.0,645966538.0,0.0074255285960338705
2025-05-30,310.85,310.92,307.23,307.3,3311782.0,273817813.0,645966538.0,0.0051268630883787355
2025-06-03,307.0,307.49,300.63,303.98,5693491.0,464215858.0,645966538.0,0.008813910110000156
2025-06-04,303.98,305.62,302.3,305.18,5050038.0,411759230.0,646024610.0,0.007817098484839455
2025-06-05,306.93,311.26,306.33,311.22,5109629.0,423343837.0,646024610.0,0.007909341100798002
2025-06-06,312.56,315.77,309.73,310.62,3936037.0,329266556.0,646024610.0,0.006092704424990868
2025-06-09,310.62,317.64,310.62,317.15,5649855.0,477986989.0,646024610.0,0.008745572401645814
2025-06-10,316.7,318.05,308.12,314.46,6744168.0,566567527.0,646024610.0,0.010439490842307076
2025-06-11,316.52,320.25,313.98,319.8,5032982.0,427759776.0,646024610.0,0.007790697013849055
2025-06-12,319.5,319.5,314.46,316.33,6084370.0,516465368.0,646024610.0,0.009418170617370134
2025-06-13,316.68,316.68,307.52,307.58,9360150.0,540531613.0,904434454.0,0.010349174512982453
2025-06-16,303.81,308.17,286.14,290.93,23483816.0,1284375758.0,904434454.0,0.025965193935435813
2025-06-17,291.36,291.47,278.05,283.06,17164110.0,902573858.0,904434454.0,0.018977726825961896
2025-06-18,282.8,287.48,280.16,280.43,11528594.0,605953573.0,904434454.0,0.012746743502542419
2025-06-19,280.43,282.85,268.73,269.7,18909519.0,960290371.0,904434454.0,0.02090756153347515
2025-06-20,270.57,275.74,270.46,273.74,11362637.0,576584750.0,904434454.0,0.012563250935152898
2025-06-23,273.15,284.25,271.16,282.69,14408446.0,751639275.0,904434454.0,0.015930890222366517
2025-06-24,283.28,284.47,280.16,283.55,8898712.0,466729212.0,904434454.0,0.009838979442505847
2025-06-25,284.14,285.81,279.89,284.84,11054845.0,579429190.0,904434454.0,0.012222936610948702
2025-06-26,284.25,284.25,276.22,276.71,11943901.0,619857323.0,904434454.0,0.013205933218461844
2025-06-27,276.55,283.23,276.38,280.32,10127055.0,528079184.0,904434454.0,0.011197113240447162
2025-06-30,282.04,285.17,280.91,283.71,10410472.0,547213263.0,904434454.0,0.011510477021256866
2025-07-01,282.96,284.3,279.67,282.8,6270859.0,328008813.0,904434454.0,0.0069334587733430155
2025-07-02,283.71,283.93,280.48,283.17,8838852.0,462934649.0,904434454.0,0.00977279443624557
2025-07-03,284.03,289.96,282.2,287.43,11993734.0,636676027.0,904434454.0,0.01326103173862503
2025-07-04,288.24,289.21,282.26,283.12,10561688.0,557719996.0,904434454.0,0.011677671005664718
2025-07-07,282.2,282.26,277.19,278.75,10039713.0,519161774.0,904434454.0,0.011100542394861043
2025-07-08,278.49,299.28,276.71,296.0,26150089.0,1412177392.0,904434454.0,0.028913194189304957
2025-07-09,291.31,302.24,291.15,294.11,17358395.0,955615534.0,904434454.0,0.01919254062384492
2025-07-10,294.11,301.81,293.62,296.7,17347809.0,958764277.0,904434454.0,0.019180836071952652
2025-07-11,296.91,299.55,292.76,296.7,11945819.0,659232299.0,904434454.0,0.013208053880707202
2025-07-14,295.78,296.43,292.06,294.0,8848897.0,482465020.0,904434454.0,0.009783900824282397
2025-07-15,292.55,295.73,290.23,291.63,9109718.0,494216442.0,904434454.0,0.010072281036741662
2025-07-16,291.63,297.23,290.39,293.57,7865569.0,427977985.0,904434454.0,0.00869667112438421
2025-07-17,293.57,296.75,287.7,289.37,15957142.0,860442213.0,904434454.0,0.017643226581458827
2025-07-18,290.12,290.28,287.16,288.88,8481901.0,453947680.0,904434454.0,0.009378126808955025
2025-07-21,288.51,289.58,285.97,288.94,10658578.0,570319077.0,904434454.0,0.011784798724618246
2025-07-22,288.88,293.36,288.02,291.25,11905771.0,641554903.0,904446704.0,0.013163595983429003
2025-07-23,292.01,292.28,286.14,286.35,14910292.0,797987425.0,904446704.0,0.01648553964988522
2025-07-24,286.57,292.49,285.6,292.49,14777966.0,795081884.0,904446704.0,0.016339233627192255
2025-07-25,292.44,292.44,288.78,289.37,8397246.0,452188107.0,904446704.0,0.009284401129289759
2025-07-28,289.69,289.69,285.11,286.14,10826869.0,576193229.0,904446704.0,0.011970709774403688
2025-07-29,286.19,287.75,281.72,285.27,11737637.0,619365626.0,904446704.0,0.012977698904854432
2025-07-30,285.33,286.19,281.13,282.26,10292324.0,541502141.0,904446704.0,0.011379690980663909
2025-07-31,281.29,283.66,274.93,275.31,13901330.0,718418168.0,904446704.0,0.01536998248599953
2025-08-01,275.36,283.5,274.82,279.89,14035077.0,729812963.0,904446704.0,0.015517859634988508
2025-08-04,279.72,279.78,275.47,277.73,7088830.0,364301910.0,904446704.0,0.007837753146370027
2025-08-05,277.73,282.26,277.46,281.5,9002122.0,468162815.0,904446704.0,0.009953181276671445
2025-08-06,281.5,282.1,279.83,281.93,6712428.0,350184047.0,904446704.0,0.00742158489860559
2025-08-07,281.83,281.93,276.82,278.0,10109915.0,523003386.0,904446704.0,0.011178010771986848
2025-08-08,277.41,287.21,276.71,282.85,20273569.0,1065033570.0,904446704.0,0.02241543798030138
2025-08-11,285.38,285.38,280.26,282.85,14871023.0,778137246.0,904446704.0,0.016442121945086992
2025-08-12,282.74,282.8,279.94,280.53,11871737.0,618758668.0,904446704.0,0.013125966347708642
2025-08-13,280.75,301.11,280.16,299.6,43971310.0,2399766220.0,904446704.0,0.048616806060028495
2025-08-14,300.63,306.45,297.5,301.98,32890048.0,1845423895.0,904446704.0,0.03636482708659415
2025-08-15,306.02,313.99,302.24,309.84,31328844.0,1791820050.0,904446704.0,0.034638684470234965
2025-08-18,309.73,317.87,306.45,307.74,26015815.0,1492892693.0,904446704.0,0.028764342757779567
2025-08-19,307.52,315.28,304.94,306.02,23214595.0,1332513184.0,904446704.0,0.02566717850519139
2025-08-20,305.75,309.63,301.71,309.03,17642979.0,1001882461.0,904446704.0,0.01950693050455298
2025-08-21,307.9,308.39,302.78,304.78,15725815.0,892515565.0,904446704.0,0.017387221303865795
2025-08-22,304.78,318.03,303.65,315.23,25083485.0,1460205712.0,904446704.0,0.02773351363774775
2025-08-25,317.87,334.25,313.45,333.65,30975911.0,1869880095.0,904448121.0,0.03424841102633017
2025-08-26,323.26,327.24,319.38,323.15,26112929.0,1567530610.0,904448121.0,0.028871671457649035
2025-08-27,322.72,340.77,321.1,326.22,24994410.0,1528573659.0,904448121.0,0.02763498471572368
2025-08-28,326.33,338.83,326.33,335.06,22388173.0,1385833782.0,904448121.0,0.024753407608660398
2025-08-29,332.42,351.81,329.83,348.31,27852633.0,1774459369.0,904448121.0,0.030795169289759627
2025-09-01,348.69,352.57,339.69,343.41,20500016.0,1304386263.0,904448121.0,0.022665773220175666
2025-09-02,343.46,349.55,329.18,340.39,23234464.0,1464463435.0,904448121.0,0.025689106384908948
2025-09-03,339.42,371.75,335.54,360.16,34492007.0,2258187935.0,904448121.0,0.03813597065342347
2025-09-04,367.38,393.3,363.93,370.02,41202920.0,2889994582.0,904448121.0,0.045555868870006754
2025-09-05,366.41,407.03,366.36,407.03,44865367.0,3274152978.0,904448121.0,0.04960524098429743
2025-09-08,420.29,430.31,397.17,412.15,46539831.0,3538879548.0,904448121.0,0.0514566064314926
2025-09-09,404.18,408.22,390.6,392.65,29917339.0,2210371790.0,904448121.0,0.03307800448180709
2025-09-10,383.38,387.26,371.75,377.94,35143026.0,2460382249.0,904448121.0,0.038855767604607586
2025-09-11,381.44,401.38,376.54,401.32,36057327.0,2617441354.0,904448121.0,0.03986666140688461
2025-09-12,401.22,401.22,389.09,392.86,24689502.0,1807180943.0,904448121.0,0.02729786421879249
2025-09-15,397.17,414.85,392.7,393.4,32950225.0,2472247654.0,904448121.0,0.03643130460989702
2025-09-16,393.35,397.61,378.37,388.77,28397390.0,2035332546.0,904448121.0,0.03139747802074321
2025-09-17,382.52,384.68,373.47,378.96,29903602.0,2099004308.0,904448121.0,0.03306281621430888
2025-09-18,377.13,386.08,371.48,377.73,25357517.0,1790391327.0,904448121.0,0.028036452739780747
2025-09-19,374.38,380.9,373.31,374.44,14541416.0,1016873313.0,904448121.0,0.016077667322612527
2025-09-22,374.98,378.16,369.7,373.58,14912769.0,1031979957.0,904448121.0,0.016488252508625643
2025-09-23,371.42,386.13,371.42,381.39,26057725.0,1830857572.0,904448121.0,0.02881063534212373
2025-09-24,384.19,400.73,376.7,399.71,32076480.0,2333763772.0,904448121.0,0.035465251411584284
2025-09-25,399.71,408.38,394.91,402.78,26321963.0,1960976565.0,904448121.0,0.02910278919137696
2025-09-26,398.68,406.23,391.68,392.76,18013865.0,1329964283.0,904448121.0,0.019916968792066295
2025-09-29,400.35,416.89,400.3,406.76,29910340.0,2264413254.0,904448121.0,0.03307026606117522
2025-09-30,403.69,441.68,402.89,436.4,32244846.0,2540018189.0,907766493.0,0.03552107975855857
2025-10-09,448.46,448.46,432.3,440.71,26637851.0,2175265704.0,907766493.0,0.02934438669570942
2025-10-10,436.4,438.98,405.85,407.63,23512464.0,1826360805.0,907766493.0,0.025901445119763854
2025-10-13,379.88,406.12,379.02,402.99,22216279.0,1620356262.0,907766493.0,0.02447356139636672
2025-10-14,404.23,416.62,393.3,399.22,19272345.0,1446679414.0,907766493.0,0.02123050933099378
2025-10-15,390.6,405.69,376.65,401.92,19884071.0,1451583667.0,907766493.0,0.021904389678767313
2025-10-16,401.97,417.97,401.38,404.61,17761422.0,1346713705.0,907766493.0,0.019566069178541493
2025-10-17,398.58,402.51,384.3,385.48,19074668.0,1376323796.0,907766493.0,0.02101274738282282
2025-10-20,390.6,394.37,383.06,392.97,15215298.0,1100887310.0,907766493.0,0.01676124655109957
2025-10-21,393.24,403.8,388.02,400.73,13335133.0,983323466.0,907766493.0,0.014690047608972499
2025-10-22,397.07,403.37,394.48,395.94,8161487.0,602788133.0,907766493.0,0.008990733919939915
2025-10-23,393.3,414.31,391.46,414.2,18092295.0,1361288334.0,907766493.0,0.019930560490515923
2025-10-24,412.15,429.23,411.72,423.47,22449796.0,1759164443.0,907766493.0,0.024730804863492578
2025-10-27,431.55,431.55,415.76,419.05,15414249.0,1203856879.0,907766493.0,0.016980411943889627
2025-10-28,419.05,423.47,410.86,416.3,10374456.0,803643788.0,907766493.0,0.011428551373067699
2025-10-29,414.9,437.26,414.36,435.05,20928679.0,1663189865.0,907766493.0,0.023055134950877725
2025-10-30,414.9,417.54,393.3,402.62,36828269.0,2759692146.0,907766493.0,0.04057020090958568
2025-10-31,398.25,404.07,396.26,401.27,16635541.0,1235369316.0,907766493.0,0.018325793172892537
2025-11-03,399.06,434.13,397.5,431.55,29316198.0,2277321566.0,907766493.0,0.03229486682540507
2025-11-04,439.9,447.87,426.59,427.94,34078541.0,2766713793.0,907766493.0,0.037541087121839824
2025-11-05,417.59,453.43,416.22,440.97,27714958.0,2214425829.0,907766493.0,0.03053093302486546
2025-11-06,448.02,484.63,442.83,471.24,39415944.0,3354952545.0,907766493.0,0.04342079632146105
2025-11-07,470.75,484.08,465.18,479.77,23481086.0,2042979651.0,907766493.0,0.025866878961790452
2025-11-10,479.49,483.97,456.38,459.33,21569975.0,1832961913.0,907766493.0,0.02376158975499881
2025-11-11,467.04,475.23,451.74,452.39,17122848.0,1450137574.0,907766493.0,0.018862612942907996
2025-11-12,448.57,450.75,432.4,442.29,16892348.0,1363722517.0,907766493.0,0.018608693017709788
2025-11-13,442.34,463.32,442.07,458.13,17411694.0,1447155958.0,907766493.0,0.019180807106525356
2025-11-14,446.38,467.15,444.63,451.85,13315155.0,1113341837.0,907766493.0,0.014668039746648811
2025-11-17,448.02,458.4,438.08,457.58,12821139.0,1054306078.0,907766493.0,0.014123829309483006
2025-11-18,457.09,467.15,439.94,442.07,15507998.0,1279336950.0,907766493.0,0.01708368629993044
2025-11-19,440.32,446.49,434.36,435.84,8557755.0,687396625.0,907766493.0,0.009427264683143576
2025-11-20,439.83,440.32,426.33,426.71,9552122.0,755146719.0,907766493.0,0.010522664224399831
2025-11-21,410.32,430.98,410.32,417.43,13773421.0,1059701624.0,907766493.0,0.01517286780929906
2025-11-24,419.28,431.63,410.05,431.63,12491011.0,966829619.0,907766493.0,0.01376015869314533
2025-11-25,430.98,444.91,430.98,431.69,9810629.0,786271104.0,907766493.0,0.010807436797515724
2025-11-26,433.43,436.99,427.86,430.98,6490847.0,513525705.0,907766493.0,0.007150348740620458
2025-11-27,433.6,440.92,425.07,425.57,7326527.0,580247835.0,907766493.0,0.008070937908037546
2025-11-28,420.76,442.56,420.49,442.56,12055985.0,964963503.0,907766493.0,0.0132809319279424
2025-12-01,442.78,451.63,438.9,446.27,10026795.0,816568250.0,907766493.0,0.011045566318341736
2025-12-02,445.07,461.08,443.71,452.34,11126158.0,924163313.0,907766493.0,0.012256629965741641
2025-12-03,450.7,463.59,445.84,459.55,10460638.0,875152439.0,907766493.0,0.01152348988496979
2025-12-04,457.86,460.97,451.85,457.91,5815182.0,486000990.0,907766493.0,0.006406032878325241
2025-12-05,459.66,467.42,450.26,466.22,8684027.0,735116157.0,907766493.0,0.009566366534747168
2025-12-08,467.2,471.41,460.86,464.63,7368138.0,628683610.0,907766493.0,0.008116776788763892
2025-12-09,464.41,484.63,462.23,475.34,10514072.0,916930693.0,907766493.0,0.01158235304021075
2025-12-10,475.34,482.88,463.92,480.8,8036044.0,695011588.0,907766493.0,0.008852545298783132
2025-12-11,480.8,515.23,480.64,484.68,13718497.0,1248409706.0,907766493.0,0.015112363262784584
2025-12-12,484.74,503.59,484.74,496.65,10525821.0,958812983.0,907766493.0,0.011595295795964128
2025-12-15,497.14,519.0,497.14,503.81,12694311.0,1186006799.0,907766493.0,0.013984114965565269
2025-12-16,500.47,500.47,480.86,487.91,10908521.0,976837276.0,907766493.0,0.012016879984134863
2025-12-17,490.64,491.79,480.8,488.67,8403975.0,748648335.0,907766493.0,0.009257859884458194
2025-12-18,485.01,487.91,477.58,478.56,7209449.0,635650315.0,907766493.0,0.00794196421171496
2025-12-19,481.51,484.57,473.54,479.98,6355845.0,556303087.0,907766493.0,0.0070016298784008986
2025-12-22,480.8,485.94,476.43,481.73,7249775.0,637216945.0,907766493.0,0.00798638753016851
2025-12-23,481.84,481.84,461.08,474.58,10154676.0,876946852.0,907766493.0,0.01118644065219975
2025-12-24,475.4,476.82,464.74,473.59,8664188.0,746973647.0,907766493.0,0.009544511795502019
2025-12-25,473.59,491.73,466.76,490.53,9810247.0,862647993.0,907766493.0,0.01080701598445097
2025-12-26,490.64,497.8,483.54,483.54,8736043.0,784900140.0,907766493.0,0.009623667614266085
2025-12-29,483.54,489.0,476.65,477.25,7267560.0,639877591.0,907766493.0,0.00800597957298695
2025-12-30,475.34,486.27,472.06,472.06,7088861.0,619378795.0,907766493.0,0.007809123882258122
2025-12-31,471.52,473.7,463.38,470.97,6596830.0,565708056.0,908683898.0,0.0072597632845916235
2026-01-05,472.88,477.42,470.26,476.05,6685106.0,580776175.0,908683898.0,0.007356910378530775
2026-01-06,476.11,484.63,468.95,475.94,8041990.0,699504538.0,908683898.0,0.008850151320718131
2026-01-07,475.07,487.25,470.37,482.12,9331466.0,820355059.0,908683898.0,0.010269210250713609
2026-01-08,482.12,487.36,476.27,484.79,8613490.0,759351510.0,908683898.0,0.009479082901059616
2026-01-09,483.54,485.18,470.26,475.34,11830027.0,1035072422.0,908879339.0,0.013016058889638814
2026-01-12,483.54,487.09,465.4,471.9,14429231.0,1250678022.0,908879339.0,0.015875848840260633
2026-01-13,469.06,473.97,457.75,463.59,11744563.0,1000782855.0,908879339.0,0.012922026605778085
2026-01-14,461.57,468.78,452.94,457.31,11799160.0,994500135.0,908879339.0,0.012982097285853254
2026-01-15,453.49,469.22,453.49,464.96,9539255.0,812811679.0,908879339.0,0.010495623115930464
2026-01-16,467.04,471.24,458.24,465.4,12109204.0,1026860540.0,908879339.0,0.013323225075534477
2026-01-19,466.33,478.07,463.21,469.06,11342653.0,975013192.0,908879339.0,0.012479822692943843
2026-01-20,469.28,474.08,458.95,462.94,7322101.0,622492691.0,908879339.0,0.008056185992803166
2026-01-21,459.66,471.84,459.22,466.11,8669795.0,742548517.0,908879339.0,0.009538994482522833
2026-01-22,468.73,478.89,466.49,475.89,10537175.0,913186581.0,908879339.0,0.01159359064272887
2026-01-23,477.25,488.67,476.87,483.65,14986116.0,1327782289.0,908879339.0,0.016488564935900694
2026-01-26,500.31,522.98,500.31,513.2,22228593.0,2080142877.0,908879339.0,0.024457144140230036
2026-01-27,512.17,526.92,498.78,515.5,12805729.0,1199244010.0,908879339.0,0.014089580927309428
2026-01-28,515.5,515.5,487.25,494.46,13642091.0,1235793143.0,908879339.0,0.015009793285662971
2026-01-29,489.11,493.81,469.33,471.84,10977536.0,964216489.0,908879339.0,0.012078100501303177
2026-01-30,467.2,471.79,455.13,458.79,8594464.0,726841617.0,908879339.0,0.009456111093312024
2026-02-02,456.22,466.65,454.14,454.63,7120961.0,599938002.0,908879339.0,0.007834880489015055
2026-02-03,456.76,485.28,455.29,482.99,12674240.0,1091300144.0,908879339.0,0.013944909358314724
2026-02-04,480.8,494.41,478.35,493.64,9690218.0,866569621.0,908879339.0,0.010661721071425961
2026-02-05,489.0,490.04,468.24,472.83,8682527.0,754692062.0,908879339.0,0.009553002942671139
2026-02-06,468.84,485.01,462.23,475.72,8930770.0,776915994.0,908879339.0,0.00982613380762526
2026-02-09,482.44,512.93,477.53,508.89,12399809.0,1135703070.0,908879339.0,0.013642964987676984
2026-02-10,508.23,525.61,506.87,520.25,10276845.0,977665489.0,908879339.0,0.011307160982784756
2026-02-11,525.11,534.79,521.78,527.79,7333477.0,709978892.0,908879339.0,0.008068702505734923
2026-02-12,527.79,532.49,522.87,528.34,4192068.0,404566178.0,908879339.0,0.004612348218425064
2026-02-13,528.28,528.28,514.13,516.86,5091415.0,483063242.0,908879339.0,0.0056018602046800405
2026-02-24,516.86,524.51,503.26,504.13,6527793.0,612005257.0,908879339.0,0.007182243802771712
2026-02-25,505.61,549.87,498.78,537.95,11040755.0,1066160317.0,908879339.0,0.012147657589122509
2026-02-26,537.95,557.57,527.3,537.24,15012064.0,1490602865.0,908879339.0,0.016517114380130055
2026-02-27,537.08,571.83,532.71,570.96,14106684.0,1445486711.0,908879339.0,0.015520964549068707
2026-03-02,561.01,628.05,561.01,628.05,15993090.0,1791963772.0,908879339.0,0.017596494181060924
2026-03-03,663.24,690.88,663.24,666.35,26674536.0,3321636544.0,908879339.0,0.029348819865735776
2026-03-04,661.05,699.24,644.72,673.18,16053014.0,1972022438.0,908879339.0,0.017662425925164527
2026-03-05,677.5,683.02,650.23,657.83,14411072.0,1733866680.0,908879339.0,0.015855869290477952
2026-03-06,652.15,652.86,617.4,633.46,13944466.0,1605956683.0,908879339.0,0.01534248321162464
2026-03-09,633.73,691.16,627.12,680.23,24289784.0,2964073426.0,908879339.0,0.026724982027564827
2026-03-10,658.37,666.57,636.52,655.04,16194788.0,1931793653.0,908879339.0,0.017818413627730182
2026-03-11,650.23,720.55,650.18,720.55,13942728.0,1773873209.0,908879339.0,0.015340570966593399
2026-03-12,738.58,764.75,710.22,743.01,33438408.0,4527789157.0,908879339.0,0.036790811018755046
2026-03-13,757.87,766.12,727.76,732.9,20906977.0,2836362909.0,908879339.0,0.023003028128027455
2026-03-16,738.58,747.98,703.72,710.28,17149178.0,2248994356.0,908879339.0,0.01886848700826282
2026-03-17,721.21,724.76,682.91,688.1,16563464.0,2125052544.0,908879339.0,0.018224051630686258
2026-03-18,688.42,701.48,675.04,698.7,13046470.0,1641776081.0,908879339.0,0.014354457671305916
2026-03-19,699.41,729.95,695.25,699.41,13082936.0,1694327950.0,908879339.0,0.014394579608768068
2026-03-20,702.08,769.34,702.08,768.74,33869972.0,4678463468.0,908879339.0,0.037265641924774794
2026-03-23,730.33,775.79,728.31,748.47,27435119.0,3770510034.0,908879339.0,0.0301856559201639
2026-03-24,741.04,743.06,704.16,738.03,19445615.0,2588779102.0,908879339.0,0.021395155732547685
2026-03-25,727.0,732.13,691.16,713.01,25764867.0,3348585119.0,908879339.0,0.028347951036435653
2026-03-26,693.23,734.87,692.25,717.11,18973929.0,2495392470.0,908879339.0,0.02087618035291261
2026-03-27,705.36,725.36,693.4,709.35,15070645.0,1947567892.0,908879339.0,0.016581568480345883
2026-03-30,716.29,733.23,690.34,710.99,13867848.0,1803224114.0,908879339.0,0.01525818379286538
2026-03-31,704.82,747.87,686.68,718.26,15262848.0,2032581196.0,909332542.0,0.016784671498097557
2026-04-01,710.28,740.27,693.29,694.11,17522296.0,2269656923.0,909332542.0,0.019269403865676236
2026-04-02,700.44,704.82,668.21,672.03,17316825.0,2155897952.0,909332542.0,0.01904344582446495
2026-04-03,679.25,682.96,654.99,666.02,13047680.0,1589159500.0,909332542.0,0.014348634187557757
2026-04-07,669.3,693.78,665.97,681.05,8984029.0,1123455395.0,909332542.0,0.009879805885138992
2026-04-08,682.69,686.24,655.64,673.67,12918014.0,1588688878.0,909332542.0,0.014206039488686857
2026-04-09,668.76,709.46,668.65,693.4,14807626.0,1866241941.0,909332542.0,0.016284060358636103
2026-04-10,743.06,762.73,741.75,762.73,12777251.0,1776656640.0,909332542.0,0.014051241333448287
2026-04-13,762.73,839.0,749.67,802.83,42139083.0,6232031018.0,909332542.0,0.04634067412491216
2026-04-14,808.63,818.46,776.28,789.5,21901662.0,3168294272.0,909332542.0,0.024085426385191438
2026-04-15,781.31,781.31,740.49,744.7,21007051.0,2905184632.0,909332542.0,0.023101615778312264
2026-04-16,751.26,783.66,738.58,764.86,19801392.0,2759762308.0,909332542.0,0.021775743290181296
2026-04-17,759.45,790.7,755.08,786.72,18584726.0,2640200196.0,909332542.0,0.02043776631937582
2026-04-20,786.66,808.57,778.19,781.69,13951205.0,2017298451.0,909332542.0,0.015342247588891413
2026-04-21,784.04,792.07,770.82,781.36,9202501.0,1314699148.0,909332542.0,0.010120061226182314
2026-04-22,784.26,796.39,770.27,793.33,11077077.0,1595596710.0,909332542.0,0.012181546891126218
2026-04-23,800.48,829.22,789.61,813.0,15558833.0,2308771796.0,909332542.0,0.017110168482236062
2026-04-24,804.8,816.82,779.12,802.18,11542338.0,1685628344.0,909332542.0,0.012693197996206761
2026-04-27,786.77,796.93,764.97,768.74,16351011.0,2312756402.0,909332542.0,0.017981332730089408
2026-04-28,763.88,778.9,758.8,764.75,9661575.0,1360463417.0,909332542.0,0.010624908439711377
2026-04-29,759.45,816.6,758.96,806.6,16982871.0,2482841222.0,909332542.0,0.01867619403859408
2026-04-30,819.55,851.24,808.63,823.0,15040205.0,2274182311.0,909332542.0,0.01653982927622973
2026-05-06,831.9,873.81,806.17,870.09,15663025.0,2437214602.0,909332542.0,0.01722474922710948
2026-05-07,863.26,868.73,834.74,843.27,14748262.0,2281899573.0,909359054.0,0.01621830445864786
2026-05-08,832.28,852.17,817.04,826.49,10744706.0,1634169594.0,909359054.0,0.011815691450739105
2026-05-11,822.72,899.05,814.09,882.77,17069923.0,2701284798.0,909359054.0,0.018771378505458857
2026-05-12,882.88,887.85,860.75,867.74,10481797.0,1669947187.0,909359054.0,0.011526576827814813
2026-05-13,863.37,879.0,852.77,868.02,10348856.0,1638715672.0,909359054.0,0.011380384848513314
2026-05-14,872.61,874.14,823.92,826.0,13435468.0,2092826011.0,909359054.0,0.014774656876072628
2026-05-15,822.83,839.33,805.51,821.36,14897100.0,2229497103.0,909359054.0,0.01638197798160373
2026-05-18,819.55,873.48,800.43,870.31,15543220.0,2418014057.0,909359054.0,0.01709250040633565
2026-05-19,871.35,912.98,852.34,861.24,12978003.0,2075226331.0,909359054.0,0.014271593759267722
2026-05-20,858.95,947.35,858.95,927.19,26137544.0,4437343708.0,909359054.0,0.028742820434930205
2026-05-21,927.79,953.74,896.15,921.45,16310246.0,2787003752.0,909359054.0,0.017935980214037656
2026-05-22,922.0,963.83,915.97,933.21,17922057.0,2173983502.0,1273102676.0,0.014077463929547188
2026-05-25,914.58,925.25,881.88,915.12,17480615.0,2051857504.0,1273102676.0,0.013730718919641954
2026-05-26,904.61,937.54,886.44,897.34,21377556.0,2505384320.0,1273102676.0,0.016791698268333544
2026-05-27,915.82,981.15,909.25,946.36,23781883.0,2923656453.0,1273102676.0,0.018680255291522143
2026-05-28,946.36,956.1,916.98,941.8,17938912.0,2171282466.0,1273102676.0,0.014090703238770036
2026-05-29,941.8,947.9,889.14,894.09,18714300.0,2184485785.0,1273102676.0,0.01469975702101187
2026-06-01,899.43,946.05,874.07,881.41,24904119.0,2921595304.0,1273102676.0,0.01956175214260566
2026-06-02,879.09,882.96,832.01,858.99,19768657.0,2181196336.0,1273102676.0,0.015527936098690598
2026-06-03,842.75,923.78,842.75,891.69,24795441.0,2864380142.0,1273102676.0,0.019476387464603836
2026-06-04,881.57,893.47,858.99,868.11,16973114.0,1918558003.0,1273102676.0,0.013332085714663914
2026-06-05,868.11,870.59,801.0,811.13,24785930.0,2660161323.0,1273102676.0,0.019468916739595322
2026-06-08,786.0,815.62,779.12,789.95,16065980.0,1645028839.0,1273102676.0,0.012619547741803662
2026-06-09,811.83,811.83,778.97,803.09,13137827.0,1349686898.0,1273102676.0,0.01031953451019217
2026-06-10,799.07,809.2,770.85,801.78,16121632.0,1642703663.0,1273102676.0,0.012663261419458362
2026-06-11,801.78,811.83,763.35,782.45,16738252.0,1684881675.0,1273102676.0,0.013147605700264823
2026-06-12,796.36,818.86,777.58,802.47,27863708.0,2877657693.0,1273102676.0,0.02188645780523047
2026-06-15,790.8,792.42,726.78,780.59,31333904.0,3101333297.0,1273102676.0,0.024612236381788895
2026-06-16,794.89,818.86,778.27,791.88,22442432.0,2317965611.0,1273102676.0,0.017628139837481575
2026-06-17,784.61,802.47,773.17,796.98,17811676.0,1812444893.0,1273102676.0,0.013990761574677579
2026-06-18,796.36,819.56,783.22,797.91,18295718.0,1901008065.0,1273102676.0,0.014370968143342431
2026-06-22,812.6,853.27,804.87,842.75,29838255.0,3210496926.0,1273102676.0,0.023437430116594934
2026-06-23,846.62,847.01,781.13,784.3,26546877.0,2736976621.0,1273102676.0,0.0208521099676017
2026-06-24,788.63,792.96,765.44,771.24,18070380.0,1808616442.0,1273102676.0,0.014193969065225655
2026-06-25,767.6,774.71,753.84,767.91,19326915.0,1909707448.0,1273102676.0,0.015180955444005367
2026-06-26,767.76,776.65,745.02,746.03,15572676.0,1529327434.0,1273102676.0,0.012232066033297694
2026-06-29,755.85,810.74,754.92,806.18,29683791.0,3050693643.0,1273102676.0,0.02331610133226992
2026-06-30,811.83,828.22,787.01,820.95,20551370.0,2156441598.0,1273231036.0,0.016141116120263973
2026-07-01,807.96,808.42,749.97,784.77,24657167.0,2474368596.0,1273231036.0,0.01936582309324103
2026-07-02,769.07,780.59,730.64,731.88,18034683.0,1749526841.0,1273231036.0,0.014164501563406753
2026-07-03,731.19,757.47,725.08,745.64,13894469.0,1337966574.0,1273231036.0,0.010912763361197236
2026-07-06,742.24,767.14,739.23,743.17,13596409.0,1326469415.0,1273231036.0,0.010678666020202166
2026-07-07,743.01,758.86,736.06,746.03,10422500.0,1007467499.0,1273231036.0,0.008185867062071837
2026-07-08,743.4,745.95,689.98,692.53,20422280.0,1874780365.0,1273231036.0,0.016039728393802678
2026-07-09,703.58,703.58,642.97,666.39,35809190.0,3057044622.0,1273231036.0,0.028124660008680465
2026-07-10,664.77,682.71,648.22,649.46,19783760.0,1705822621.0,1273231036.0,0.015538232607141694
2026-07-13,653.33,679.23,641.73,650.85,21855729.0,1875252382.0,1273231036.0,0.017165564129399687
