date,开盘,最高,最低,收盘,成交量,成交额,流通股本,换手率
2012-04-11,19.51,20.25,19.35,19.75,14197304.0,281480512.0,60000000.0,0.23662173333333333
2012-04-12,19.3,19.6,19.15,19.47,8371518.0,162046464.0,60000000.0,0.1395253
2012-04-13,19.35,19.85,19.32,19.74,6789621.0,132960264.0,60000000.0,0.11316035
2012-04-16,19.7,19.85,19.38,19.45,4084869.0,80011656.0,60000000.0,0.06808115
2012-04-17,19.4,19.54,18.88,18.88,4486055.0,85410864.0,60000000.0,0.07476758333333333
2012-04-18,18.88,19.16,18.8,19.12,3279373.0,62331896.0,60000000.0,0.05465621666666667
2012-04-19,19.04,19.19,18.89,18.97,2420393.0,46124276.0,60000000.0,0.04033988333333333
2012-04-20,19.03,19.12,18.91,19.04,2177565.0,41416320.0,60000000.0,0.03629275
2012-04-23,18.95,19.04,18.32,18.37,3587513.0,66878504.0,60000000.0,0.05979188333333333
2012-04-24,18.19,18.45,17.75,18.14,2768661.0,49957200.0,60000000.0,0.04614435
2012-04-25,18.03,18.16,17.87,18.09,1728854.0,31150446.0,60000000.0,0.028814233333333335
2012-04-26,18.1,18.32,18.06,18.12,1593611.0,29013252.0,60000000.0,0.026560183333333334
2012-04-27,18.03,18.27,17.95,18.14,1081516.0,19613356.0,60000000.0,0.018025266666666668
2012-05-02,18.0,18.18,17.78,18.15,3393041.0,61061256.0,60000000.0,0.05655068333333333
2012-05-03,18.03,18.14,17.9,17.99,1456146.0,26189636.0,60000000.0,0.0242691
2012-05-04,17.92,18.12,17.92,18.03,1507673.0,27158432.0,60000000.0,0.025127883333333333
2012-05-07,18.07,18.21,17.95,18.2,1659643.0,30050680.0,60000000.0,0.027660716666666668
2012-05-08,18.24,18.37,18.16,18.33,1688799.0,30867064.0,60000000.0,0.02814665
2012-05-09,18.25,18.26,17.99,18.0,1589116.0,28741112.0,60000000.0,0.026485266666666667
2012-05-10,18.0,18.07,17.91,18.01,937657.0,16882744.0,60000000.0,0.015627616666666667
2012-05-11,18.0,18.09,17.93,17.98,627898.0,11311050.0,60000000.0,0.010464966666666667
2012-05-14,18.05,18.07,17.88,17.89,912423.0,16382687.0,60000000.0,0.01520705
2012-05-15,17.83,17.83,17.47,17.55,1873061.0,33007672.0,60000000.0,0.031217683333333333
2012-05-16,17.53,17.56,17.22,17.23,1278869.0,22217658.0,60000000.0,0.021314483333333332
2012-05-17,17.24,17.43,17.2,17.35,1004523.0,17388304.0,60000000.0,0.01674205
2012-05-18,17.27,17.32,17.16,17.21,1002141.0,17260292.0,60000000.0,0.01670235
2012-05-21,17.2,17.27,16.89,16.96,1187500.0,20220372.0,60000000.0,0.019791666666666666
2012-05-22,17.01,17.13,17.0,17.11,651296.0,11121700.0,60000000.0,0.010854933333333334
2012-05-23,17.12,17.3,17.1,17.23,904767.0,15567375.0,60000000.0,0.01507945
2012-05-24,17.28,17.69,17.16,17.32,1661646.0,29021424.0,60000000.0,0.0276941
2012-05-25,17.32,17.39,17.0,17.0,998000.0,17092432.0,60000000.0,0.016633333333333333
2012-05-28,17.01,17.11,16.82,17.1,715065.0,12142525.0,60000000.0,0.01191775
2012-05-30,17.29,17.55,17.28,17.36,1420484.0,24715832.0,60000000.0,0.023674733333333333
2012-05-31,17.29,17.5,17.22,17.34,825675.0,14355942.0,60000000.0,0.01376125
2012-06-01,17.39,17.44,17.17,17.21,818459.0,14125859.0,60000000.0,0.013640983333333334
2012-06-04,17.0,17.09,16.9,16.92,784573.0,13320400.0,60000000.0,0.013076216666666666
2012-06-05,16.95,17.03,16.88,16.9,390337.0,6611011.0,60000000.0,0.006505616666666667
2012-06-06,17.0,17.05,16.81,16.88,428242.0,7243588.0,60000000.0,0.007137366666666666
2012-06-07,16.99,17.05,16.8,16.82,514945.0,8712387.0,60000000.0,0.008582416666666667
2012-06-08,17.02,17.02,16.82,16.95,485995.0,8219975.0,60000000.0,0.008099916666666667
2012-06-11,16.98,17.1,16.9,17.09,553851.0,9422734.0,60000000.0,0.00923085
2012-06-12,17.04,17.11,16.95,16.98,532449.0,9057242.0,60000000.0,0.00887415
2012-06-13,16.95,17.15,16.95,17.14,545980.0,9315816.0,60000000.0,0.009099666666666667
2012-06-14,17.11,17.28,17.07,17.17,717552.0,12343126.0,60000000.0,0.0119592
2012-06-15,17.22,17.24,16.98,17.1,526793.0,9004840.0,60000000.0,0.008779883333333334
2012-06-19,17.28,17.5,17.19,17.32,1774619.0,30884748.0,60000000.0,0.029576983333333334
2012-06-20,17.33,17.42,17.2,17.22,767580.0,13262645.0,60000000.0,0.012793
2012-06-21,17.29,17.42,17.22,17.36,919815.0,15944883.0,60000000.0,0.01533025
2012-06-25,17.48,17.49,16.94,17.0,1058788.0,18236390.0,60000000.0,0.017646466666666666
2012-06-26,16.67,17.34,16.67,17.2,654024.0,6149858.0,60000000.0,0.0109004
2012-06-27,17.14,17.18,16.38,16.44,1827829.0,16799990.0,108000000.0,0.01692434259259259
2012-06-28,16.51,16.6,15.78,15.8,2014998.0,17849688.0,108000000.0,0.01865738888888889
2012-06-29,15.78,16.13,15.47,15.96,1286930.0,11162065.0,108000000.0,0.011916018518518518
2012-07-02,16.09,16.11,15.71,15.85,1262315.0,11006056.0,108000000.0,0.011688101851851852
2012-07-03,15.71,16.33,15.71,16.24,1885053.0,16618873.0,108000000.0,0.017454194444444446
2012-07-04,16.16,16.85,16.16,16.71,3208778.0,29150748.0,108000000.0,0.029710907407407408
2012-07-05,16.53,16.89,16.34,16.8,2020800.0,18494784.0,108000000.0,0.018711111111111112
2012-07-06,16.78,16.98,16.42,16.73,2064662.0,18979304.0,108000000.0,0.01911724074074074
2012-07-09,16.62,16.62,16.18,16.33,1297694.0,11719365.0,108000000.0,0.012015685185185185
2012-07-10,16.31,16.56,16.24,16.36,1394847.0,12625117.0,108000000.0,0.01291525
2012-07-11,16.42,16.42,15.8,15.91,1235522.0,10937004.0,135000000.0,0.009152014814814815
2012-07-12,15.94,16.05,15.31,15.47,2423465.0,20664330.0,135000000.0,0.017951592592592592
2012-07-13,15.44,15.65,15.25,15.29,1102393.0,9384544.0,135000000.0,0.008165874074074073
2012-07-16,15.29,15.31,13.77,13.77,4841200.0,37440752.0,135000000.0,0.03586074074074074
2012-07-17,13.64,13.64,12.73,12.93,4650128.0,33336418.0,135000000.0,0.03444539259259259
2012-07-18,12.93,13.04,12.77,12.98,1890673.0,13432598.0,135000000.0,0.014004985185185186
2012-07-19,12.98,13.29,12.98,13.15,1585897.0,11478428.0,135000000.0,0.011747385185185186
2012-07-20,13.15,13.17,12.93,12.95,1217286.0,8720093.0,135000000.0,0.009016933333333333
2012-07-23,12.8,12.93,12.78,12.86,839462.0,5937847.0,135000000.0,0.006218237037037037
2012-07-24,12.82,13.0,12.71,12.93,858080.0,6078568.0,135000000.0,0.006356148148148148
2012-07-25,12.82,13.2,12.75,12.97,1176300.0,8435701.0,135000000.0,0.008713333333333333
2012-07-26,13.04,13.04,12.78,12.82,905508.0,6410431.0,135000000.0,0.006707466666666667
2012-07-27,12.89,12.98,12.77,12.86,505647.0,3580941.0,135000000.0,0.0037455333333333333
2012-07-30,12.8,12.91,11.91,12.0,2402580.0,16216395.0,135000000.0,0.01779688888888889
2012-07-31,12.0,12.0,11.42,11.48,2591847.0,16504857.0,135000000.0,0.019198866666666668
2012-08-01,11.48,11.68,11.4,11.5,2017461.0,12818321.0,135000000.0,0.014944155555555555
2012-08-02,11.53,11.66,11.35,11.51,1720079.0,10886515.0,135000000.0,0.012741325925925926
2012-08-03,11.48,12.09,11.4,11.97,3976690.0,25564690.0,135000000.0,0.029456962962962963
2012-08-06,11.84,12.04,11.7,12.02,3046916.0,19913372.0,135000000.0,0.022569748148148147
2012-08-07,11.95,12.68,11.93,12.22,3697994.0,24825228.0,135000000.0,0.02739254814814815
2012-08-08,12.2,12.35,12.09,12.11,2179339.0,14594641.0,135000000.0,0.01614325185185185
2012-08-09,12.13,12.28,11.93,12.28,2556781.0,17123436.0,135000000.0,0.018939118518518518
2012-08-10,12.26,13.04,12.22,12.82,6725163.0,46808188.0,135000000.0,0.04981602222222222
2012-08-13,12.8,13.38,12.71,12.77,7937288.0,57089076.0,135000000.0,0.058794725925925925
2012-08-14,12.64,12.75,12.2,12.53,3603035.0,24622174.0,135000000.0,0.02668914814814815
2012-08-15,12.51,12.86,12.37,12.73,2692867.0,18779400.0,135000000.0,0.019947162962962964
2012-08-16,12.71,12.77,12.49,12.51,1196830.0,8323927.0,135000000.0,0.008865407407407407
2012-08-17,12.46,12.71,12.42,12.55,1225598.0,8476276.0,135000000.0,0.009078503703703703
2012-08-20,12.51,12.64,12.37,12.59,951169.0,6539928.0,135000000.0,0.007045696296296296
2012-08-21,12.6,12.8,12.51,12.73,2309155.0,16114243.0,135000000.0,0.01710485185185185
2012-08-22,12.71,12.71,12.39,12.44,1455519.0,10041568.0,135000000.0,0.010781622222222223
2012-08-23,12.49,12.62,12.29,12.6,1936694.0,13236368.0,135000000.0,0.014345881481481481
2012-08-24,12.51,12.53,12.15,12.28,1602221.0,10851327.0,135000000.0,0.011868303703703703
2012-08-27,12.24,12.24,11.71,11.8,1493505.0,9752931.0,135000000.0,0.011063
2012-08-28,11.8,11.99,11.75,11.89,764716.0,5006595.0,135000000.0,0.0056645629629629626
2012-08-29,11.88,12.15,11.82,11.97,1002805.0,6655266.0,135000000.0,0.007428185185185185
2012-08-30,11.97,12.13,11.62,11.89,1219434.0,7952388.0,135000000.0,0.009032844444444445
2012-08-31,11.95,12.08,11.71,11.84,877010.0,5746086.0,135000000.0,0.00649637037037037
2012-09-03,11.84,11.99,11.77,11.99,840361.0,5516073.0,135000000.0,0.006224896296296296
2012-09-04,11.99,12.02,11.55,11.62,1776600.0,11514765.0,135000000.0,0.01316
2012-09-05,11.7,11.82,11.51,11.71,1065476.0,6837861.0,135000000.0,0.007892414814814815
2012-09-06,11.71,11.97,11.7,11.95,1350297.0,8796887.0,135000000.0,0.0100022
2012-09-07,11.93,12.48,11.86,12.46,4622167.0,31241528.0,135000000.0,0.03423827407407407
2012-09-10,12.35,12.88,12.26,12.78,4790837.0,33146240.0,135000000.0,0.03548768148148148
2012-09-11,12.75,12.75,12.53,12.66,2478075.0,17232994.0,135000000.0,0.01835611111111111
2012-09-12,12.8,12.8,12.55,12.66,1821281.0,12695115.0,135000000.0,0.013490970370370371
2012-09-13,12.69,13.38,12.62,12.69,6311153.0,45123440.0,135000000.0,0.04674928148148148
2012-09-14,12.71,12.77,12.35,12.51,3432537.0,23691112.0,135000000.0,0.0254262
2012-09-17,12.49,12.49,11.89,11.95,2470273.0,16522805.0,135000000.0,0.018298318518518517
2012-09-18,12.02,12.06,11.88,11.91,1375079.0,9057997.0,135000000.0,0.01018577037037037
2012-09-19,11.91,12.02,11.8,11.99,833409.0,5475971.0,135000000.0,0.0061734
2012-09-20,11.99,11.99,11.59,11.6,1425393.0,9227950.0,135000000.0,0.010558466666666667
2012-09-21,11.6,11.89,11.55,11.82,1159035.0,7449855.0,135000000.0,0.008585444444444444
2012-09-24,11.71,12.06,11.5,11.99,1126874.0,7304097.0,135000000.0,0.008347214814814815
2012-09-25,11.86,11.99,11.7,11.79,601141.0,3914631.0,135000000.0,0.004452896296296296
2012-09-26,11.73,11.82,11.37,11.64,1136248.0,7215489.0,135000000.0,0.008416651851851852
2012-09-27,11.53,12.08,11.44,11.99,1791241.0,11663357.0,135000000.0,0.013268451851851852
2012-09-28,11.8,12.04,11.8,11.99,1814141.0,11900682.0,135000000.0,0.01343808148148148
2012-10-08,11.97,11.99,11.71,11.8,1156703.0,7514805.0,135000000.0,0.00856817037037037
2012-10-09,11.8,12.11,11.8,12.08,3441624.0,22714462.0,135000000.0,0.02549351111111111
2012-10-10,12.0,12.22,11.91,12.17,2946161.0,19602656.0,135000000.0,0.021823414814814816
2012-10-11,12.06,12.06,11.71,11.77,2947789.0,19320206.0,135000000.0,0.021835474074074074
2012-10-12,11.77,11.88,11.48,11.8,2808948.0,18034176.0,135000000.0,0.02080702222222222
2012-10-15,11.73,11.73,11.44,11.51,1250909.0,7956170.0,135000000.0,0.009265992592592592
2012-10-16,11.46,11.8,11.46,11.77,2184784.0,14006735.0,135000000.0,0.016183585185185183
2012-10-17,11.7,11.89,11.55,11.86,2756411.0,17748862.0,135000000.0,0.02041785925925926
2012-10-18,11.77,11.97,11.75,11.93,3885038.0,25452548.0,135000000.0,0.028778059259259258
2012-10-19,11.91,12.0,11.82,11.86,2416184.0,15830502.0,135000000.0,0.01789765925925926
2012-10-22,11.8,12.13,11.62,12.11,4053443.0,26481704.0,135000000.0,0.030025503703703705
2012-10-23,12.17,12.53,11.89,11.89,4335899.0,28973942.0,135000000.0,0.03211777037037037
2012-10-24,11.84,12.39,11.82,12.33,4859927.0,32569780.0,135000000.0,0.03599945925925926
2012-10-25,12.24,12.88,12.24,12.71,9437010.0,65390504.0,135000000.0,0.06990377777777777
2012-10-26,12.77,12.77,11.95,12.17,5640605.0,38381752.0,135000000.0,0.04178225925925926
2012-10-29,12.2,12.53,12.11,12.39,4062748.0,27575680.0,135000000.0,0.03009442962962963
2012-10-30,12.28,12.33,12.0,12.08,2880172.0,19231904.0,135000000.0,0.02133460740740741
2012-10-31,11.95,11.99,11.75,11.84,2525042.0,16478471.0,135000000.0,0.018704014814814814
2012-11-01,11.88,12.06,11.88,12.06,1308076.0,8642240.0,135000000.0,0.009689451851851851
2012-11-02,12.02,12.09,11.86,11.95,1773704.0,11662315.0,135000000.0,0.013138548148148148
2012-11-05,11.99,12.0,11.8,11.97,1434321.0,9398518.0,135000000.0,0.0106246
2012-11-06,12.11,12.15,11.82,12.06,1449427.0,9556723.0,135000000.0,0.010736496296296296
2012-11-07,12.06,12.39,12.02,12.37,2884382.0,19411802.0,135000000.0,0.02136579259259259
2012-11-08,12.28,12.28,11.79,11.8,2821456.0,18578580.0,135000000.0,0.020899674074074073
2012-11-09,11.77,11.86,11.68,11.71,957318.0,6190240.0,135000000.0,0.007091244444444445
2012-11-12,11.8,11.89,11.48,11.88,1748491.0,11247488.0,135000000.0,0.012951785185185185
2012-11-13,11.77,11.77,11.53,11.7,1042665.0,6686284.0,135000000.0,0.007723444444444444
2012-11-14,11.64,11.8,11.5,11.77,837266.0,5368080.0,135000000.0,0.00620197037037037
2012-11-15,11.71,11.99,11.55,11.88,1362091.0,8818967.0,135000000.0,0.010089562962962963
2012-11-16,11.77,11.99,11.71,11.91,1595295.0,10440017.0,135000000.0,0.011817
2012-11-19,11.89,12.09,11.89,12.06,1556396.0,10290005.0,135000000.0,0.011528859259259259
2012-11-20,12.09,12.13,11.95,11.97,967412.0,6404267.0,135000000.0,0.007166014814814815
2012-11-21,11.95,12.08,11.71,11.95,1053891.0,6876588.0,135000000.0,0.0078066
2012-11-22,11.8,11.86,11.62,11.73,1190509.0,7683978.0,135000000.0,0.008818585185185185
2012-11-23,11.8,11.82,11.68,11.77,580320.0,3759892.0,135000000.0,0.004298666666666667
2012-11-26,11.75,11.79,11.6,11.71,668659.0,4301722.0,135000000.0,0.00495302962962963
2012-11-27,11.64,11.95,11.39,11.82,2051432.0,13110774.0,135000000.0,0.015195792592592593
2012-11-28,11.66,11.68,11.4,11.4,1101200.0,6961619.0,135000000.0,0.008157037037037037
2012-11-29,11.42,11.44,10.91,10.91,1393184.0,8531633.0,135000000.0,0.010319881481481481
2012-11-30,10.95,11.13,10.9,10.93,747579.0,4519473.0,135000000.0,0.005537622222222222
2012-12-03,10.91,11.01,10.32,10.37,1148668.0,6700739.0,135000000.0,0.008508651851851852
2012-12-04,10.41,10.81,10.15,10.79,1374830.0,7903183.0,135000000.0,0.010183925925925926
2012-12-05,10.64,11.28,10.64,11.15,1993862.0,12156825.0,135000000.0,0.014769348148148148
2012-12-06,11.13,11.24,10.99,11.15,906727.0,5531191.0,135000000.0,0.006716496296296296
2012-12-07,11.15,11.82,11.06,11.79,2391740.0,15110688.0,135000000.0,0.017716592592592593
2012-12-10,11.77,11.93,11.55,11.7,3124094.0,20205194.0,135000000.0,0.023141437037037037
2012-12-11,11.75,11.8,11.55,11.55,1264024.0,8113127.0,135000000.0,0.00936314074074074
2012-12-12,11.64,11.71,11.37,11.62,1301082.0,8267832.0,135000000.0,0.009637644444444444
2012-12-13,11.62,12.2,11.5,12.13,6757257.0,44696620.0,135000000.0,0.05005375555555556
2012-12-14,12.13,12.59,12.02,12.42,8094809.0,55044160.0,135000000.0,0.05996154814814815
2012-12-17,12.39,12.78,12.17,12.53,6628849.0,45518536.0,135000000.0,0.049102585185185184
2012-12-18,12.53,12.78,12.26,12.39,5361000.0,36843108.0,135000000.0,0.039711111111111114
2012-12-19,12.53,12.6,12.28,12.33,3302474.0,22576676.0,135000000.0,0.02446277037037037
2012-12-20,12.71,13.08,12.31,12.44,10329387.0,72357248.0,135000000.0,0.07651397777777778
2012-12-21,12.2,12.31,11.95,12.02,5399139.0,36050392.0,135000000.0,0.03999362222222222
2012-12-24,12.0,12.17,11.93,12.02,3156351.0,20877220.0,135000000.0,0.023380377777777777
2012-12-25,12.0,12.26,11.88,12.24,3686574.0,24626724.0,135000000.0,0.027307955555555555
2012-12-26,12.2,12.51,12.17,12.42,3008614.0,20529672.0,135000000.0,0.02228602962962963
2012-12-27,12.42,12.55,12.13,12.15,2798918.0,18993724.0,135000000.0,0.020732725925925927
2012-12-28,11.99,12.35,11.97,12.28,3785874.0,25364492.0,135000000.0,0.02804351111111111
2012-12-31,12.35,12.53,12.28,12.35,2799772.0,19078184.0,135000000.0,0.02073905185185185
2013-01-04,12.55,13.58,12.55,13.58,8263951.0,61071732.0,135000000.0,0.06121445185185185
2013-01-07,14.53,14.95,14.31,14.95,24551982.0,198317120.0,135000000.0,0.18186653333333333
2013-01-08,15.53,16.33,15.22,15.82,38499296.0,332853728.0,135000000.0,0.28517997037037035
2013-01-09,15.62,15.91,15.04,15.25,19682182.0,166676656.0,135000000.0,0.14579394074074073
2013-01-10,15.27,16.78,15.27,16.78,14519458.0,129891704.0,135000000.0,0.10755154074074075
2013-01-11,17.8,18.45,17.18,17.54,54672640.0,538283840.0,135000000.0,0.4049825185185185
2013-01-14,17.34,17.63,16.53,17.47,34841300.0,328413344.0,135000000.0,0.2580837037037037
2013-01-15,16.98,18.47,16.78,17.52,35121708.0,341558496.0,135000000.0,0.2601608
2013-01-16,18.07,18.34,17.05,17.13,25797500.0,252013696.0,135000000.0,0.1910925925925926
2013-01-17,16.71,17.56,16.53,17.05,16827512.0,158217408.0,135000000.0,0.12464823703703704
2013-01-18,16.78,17.18,16.0,16.71,16277104.0,147776288.0,135000000.0,0.12057114074074074
2013-01-21,16.53,16.74,16.11,16.18,13205364.0,119034464.0,135000000.0,0.09781751111111112
2013-01-22,16.18,16.49,15.4,15.62,16120085.0,142111008.0,135000000.0,0.11940803703703703
2013-01-23,15.65,16.2,15.47,16.04,13134134.0,114803072.0,135000000.0,0.09728988148148149
2013-01-24,16.02,16.13,15.13,15.58,14511521.0,125053536.0,135000000.0,0.10749274814814815
2013-01-25,15.42,15.58,15.11,15.51,7395335.0,62600224.0,135000000.0,0.05478025925925926
2013-01-28,15.31,15.87,15.29,15.84,9908694.0,85194480.0,135000000.0,0.07339773333333334
2013-01-29,15.64,15.84,15.31,15.82,10916504.0,93510392.0,135000000.0,0.0808629925925926
2013-01-30,16.13,16.13,15.44,15.53,8668307.0,74790432.0,135000000.0,0.06420968148148148
2013-01-31,15.36,15.4,14.86,15.05,7227930.0,59989924.0,135000000.0,0.053540222222222225
2013-02-01,15.16,15.49,15.02,15.33,7646950.0,64259688.0,135000000.0,0.056644074074074076
2013-02-04,15.25,15.35,14.55,14.64,7799849.0,63752188.0,135000000.0,0.05777665925925926
2013-02-05,14.64,14.98,14.56,14.84,3327261.0,27130248.0,135000000.0,0.024646377777777777
2013-02-06,14.84,15.51,14.76,15.09,7774110.0,64898344.0,135000000.0,0.057586
2013-02-07,15.09,15.16,14.86,15.15,4037419.0,33291564.0,135000000.0,0.029906807407407407
2013-02-08,15.15,15.44,15.05,15.16,4719727.0,39702320.0,135000000.0,0.03496094074074074
2013-02-18,15.36,16.16,15.36,16.02,13973891.0,121690824.0,135000000.0,0.1035103037037037
2013-02-19,15.85,15.93,15.4,15.49,8508093.0,73177400.0,135000000.0,0.06302291111111111
2013-02-20,15.44,15.64,15.2,15.6,5515071.0,46789116.0,135000000.0,0.040852377777777775
2013-02-21,15.44,15.84,14.93,14.98,7083707.0,60339568.0,135000000.0,0.05247190370370371
2013-02-22,14.98,15.22,14.86,14.95,5031250.0,41595152.0,135000000.0,0.03726851851851852
2013-02-25,14.98,15.29,14.89,15.22,6530877.0,54138220.0,135000000.0,0.048376866666666664
2013-02-26,15.2,15.44,14.44,14.6,6689976.0,55322516.0,135000000.0,0.04955537777777778
2013-02-27,14.58,14.75,14.35,14.53,5121918.0,40992864.0,135000000.0,0.037940133333333334
2013-02-28,14.56,15.76,14.56,15.53,13677708.0,115138272.0,135000000.0,0.10131635555555556
2013-03-01,15.44,15.6,15.18,15.53,8250775.0,69712304.0,135000000.0,0.06111685185185185
2013-03-04,15.55,15.96,15.16,15.38,11225904.0,96405192.0,135000000.0,0.08315484444444445
2013-03-05,15.42,15.76,15.16,15.65,6731837.0,57616200.0,135000000.0,0.04986545925925926
2013-03-06,15.67,16.34,15.53,16.18,12713399.0,112356520.0,135000000.0,0.09417332592592592
2013-03-07,16.0,16.36,15.53,15.73,9899253.0,86782328.0,135000000.0,0.0733278
2013-03-08,15.65,15.84,15.31,15.4,4764741.0,40710044.0,135000000.0,0.035294377777777775
2013-03-11,15.35,15.58,15.02,15.09,3625084.0,30513260.0,135000000.0,0.026852474074074074
2013-03-12,15.13,15.24,14.53,14.73,4656515.0,37962844.0,135000000.0,0.034492703703703706
2013-03-13,14.64,14.82,14.36,14.49,2735462.0,21909972.0,135000000.0,0.02026268148148148
2013-03-14,14.51,14.64,14.42,14.6,2012460.0,16099607.0,135000000.0,0.01490711111111111
2013-03-15,14.58,14.58,13.69,14.16,5828944.0,45297888.0,135000000.0,0.04317736296296296
2013-03-18,14.0,14.15,13.62,13.73,4534969.0,34347688.0,135000000.0,0.03359236296296296
2013-03-19,13.69,13.77,13.26,13.53,4104930.0,30463444.0,135000000.0,0.03040688888888889
2013-03-20,13.35,14.26,13.31,14.15,6731835.0,51072616.0,135000000.0,0.04986544444444444
2013-03-21,13.66,14.36,13.53,14.31,8608369.0,66285520.0,135000000.0,0.06376569629629629
2013-03-22,14.18,14.26,13.86,14.02,5453782.0,42312016.0,135000000.0,0.04039838518518519
2013-03-25,13.87,14.16,13.69,14.15,3629987.0,28012720.0,135000000.0,0.02688879259259259
2013-03-26,14.07,14.29,13.98,14.22,3746093.0,29150988.0,135000000.0,0.02774883703703704
2013-03-27,14.26,14.27,13.66,13.89,4732455.0,36288764.0,135000000.0,0.035055222222222224
2013-03-28,13.73,13.73,13.28,13.29,2746583.0,20296882.0,135000000.0,0.02034505925925926
2013-03-29,13.29,13.62,13.04,13.13,1830321.0,13406815.0,135000000.0,0.013557933333333333
2013-04-01,12.98,13.37,12.84,13.22,2242154.0,16238531.0,135000000.0,0.016608548148148147
2013-04-02,13.24,13.37,12.77,12.82,2694744.0,19311784.0,135000000.0,0.019961066666666666
2013-04-03,12.78,12.95,12.78,12.84,1504886.0,10643243.0,135000000.0,0.011147303703703704
2013-04-08,12.62,12.66,12.28,12.51,2889766.0,19822412.0,135000000.0,0.021405674074074073
2013-04-09,12.51,13.26,12.51,13.22,6625550.0,47400432.0,135000000.0,0.04907814814814815
2013-04-10,14.55,14.55,14.55,14.55,16872084.0,135145392.0,135000000.0,0.1249784
2013-04-11,14.82,15.15,14.53,14.86,23719394.0,194268800.0,217677635.99999997,0.10896569089899526
2013-04-12,14.71,14.73,14.0,14.36,11713972.0,92075160.0,217677635.99999997,0.05381339220350593
2013-04-15,14.02,14.07,13.6,13.77,8471041.0,64409256.0,217677635.99999997,0.03891553195662232
2013-04-16,13.53,13.82,13.44,13.73,5795468.0,43514128.0,217677635.99999997,0.026624085535364786
2013-04-17,13.71,13.87,13.69,13.84,5669498.0,42989272.0,217677635.99999997,0.02604538575565935
2013-04-18,13.62,13.78,13.31,13.4,5928843.0,44186392.0,217677635.99999997,0.027236803508836345
2013-04-19,13.33,13.73,13.33,13.67,3637048.0,27306056.0,217677635.99999997,0.01670841372055327
2013-04-22,13.44,13.91,13.42,13.91,4826819.0,36554064.0,217677635.99999997,0.022174161244566257
2013-04-23,13.86,14.38,13.71,14.35,9641215.0,74557896.0,217677635.99999997,0.04429125185832136
2013-04-24,14.36,14.44,14.04,14.35,5712451.0,44691992.0,217677635.99999997,0.02624270965529964
2013-04-25,14.29,14.44,14.04,14.2,6431548.0,50444360.0,217677635.99999997,0.029546204737357588
2013-04-26,14.13,14.24,13.31,13.51,6835724.0,51274344.0,217677635.99999997,0.031402968745948716
2013-05-02,13.6,13.87,12.71,13.57,2462689.0,18422492.0,217677635.99999997,0.011313468141486066
2013-05-03,13.53,13.95,13.53,13.89,3979612.0,30256270.0,217677635.99999997,0.018282135331532178
2013-05-06,13.26,13.6,13.17,13.49,6525200.0,48066124.0,217677635.99999997,0.02997643726707874
2013-05-07,13.35,14.16,13.31,13.6,6199007.0,46718404.0,217677635.99999997,0.02847792319832066
2013-05-08,13.6,13.8,13.42,13.78,4078781.0,30687916.0,217677635.99999997,0.01873771267894512
2013-05-09,13.75,13.95,13.08,13.49,7274172.0,54675352.0,217677635.99999997,0.03341717658124513
2013-05-10,13.4,13.58,13.24,13.49,4189190.0,30992352.0,217677635.99999997,0.01924492601527518
2013-05-13,13.58,13.67,13.35,13.4,3418685.0,25331272.0,217677635.99999997,0.015705265193159304
2013-05-14,13.46,14.33,13.42,13.93,13803688.0,106073456.0,217677635.99999997,0.06341344133303617
2013-05-15,13.77,14.71,13.64,14.55,14181002.0,110553008.0,217677635.99999997,0.06514680267843409
2013-05-16,14.53,15.56,14.49,14.8,18054320.0,150015776.0,217677635.99999997,0.08294062877456095
2013-05-17,14.69,15.44,14.42,15.11,11926615.0,98135944.0,217677635.99999997,0.05479026334152215
2013-05-20,14.86,16.34,14.76,16.02,16014770.0,137883456.0,217677635.99999997,0.07357103970019227
2013-05-21,17.62,17.62,17.36,17.62,19637948.0,190470048.0,217677635.99999997,0.09021573534545368
2013-05-22,18.16,19.29,17.82,18.32,36240012.0,366894944.0,217677635.99999997,0.16648477384236204
2013-05-23,16.98,18.07,16.85,17.69,18793844.0,181046832.0,217677635.99999997,0.08633796445676212
2013-05-24,17.71,18.31,17.36,18.23,15569743.0,153549792.0,217677635.99999997,0.07152660827316226
2013-05-27,17.98,18.27,17.2,17.89,21986486.0,213814320.0,217677635.99999997,0.10100479959273355
2013-05-28,17.63,18.52,17.25,17.51,15887746.0,156634016.0,217677635.99999997,0.07298749789803856
2013-05-29,17.29,17.96,17.09,17.6,9766186.0,94158096.0,217677635.99999997,0.04486536228278408
2013-05-30,17.25,17.62,17.0,17.05,9121405.0,86659624.0,217677635.99999997,0.041903271128872425
2013-05-31,16.93,17.29,16.53,16.54,8201233.0,76104888.0,217677635.99999997,0.037676047713050324
2013-06-03,16.4,17.11,16.4,17.09,9836293.0,91000064.0,217677635.99999997,0.04518743027878161
2013-06-04,17.02,17.49,16.4,17.34,13295430.0,125718008.0,217677635.99999997,0.06107852990465223
2013-06-05,17.23,17.23,16.51,16.83,5592223.0,51828852.0,217677635.99999997,0.025690388331854178
2013-06-06,16.51,17.07,16.27,16.54,7542876.0,69230384.0,217677635.99999997,0.034651589104909244
2013-06-07,16.6,16.6,14.91,15.25,13721019.0,117806376.0,217677635.99999997,0.06303366414728981
2013-06-13,15.18,16.16,14.98,15.94,12148219.0,104159536.0,217677635.99999997,0.05580830085824711
2013-06-14,15.69,16.63,15.67,16.31,8117499.0,72616992.0,217677635.99999997,0.03729137797141458
2013-06-17,16.73,17.6,16.33,17.0,18176032.0,169120304.0,217677635.99999997,0.0834997675186072
2013-06-18,17.03,17.51,16.58,17.36,9832571.0,92416024.0,217677635.99999997,0.045170331599889306
2013-06-19,16.91,17.43,16.78,17.11,5247638.0,49262984.0,217677635.99999997,0.02410738234955841
2013-06-20,17.11,17.11,15.62,15.78,10347007.0,93430576.0,217677635.99999997,0.047533624446380894
2013-06-21,15.4,17.36,15.25,17.34,18106132.0,165518352.0,217677635.99999997,0.0831786504700924
2013-06-24,17.74,17.89,16.56,16.94,16610845.0,159229360.0,217677635.99999997,0.07630937796476255
2013-06-25,16.62,18.05,15.67,17.8,18029402.0,167543424.0,217677635.99999997,0.08282615674859682
2013-06-26,17.76,18.85,17.38,18.78,25766078.0,259920640.0,217677635.99999997,0.11836805320689905
2013-06-27,18.78,19.58,17.38,17.82,23119472.0,236616464.0,217677635.99999997,0.10620967971188369
2013-06-28,17.51,18.4,16.93,17.29,16030334.0,156726144.0,217677635.99999997,0.07364253992541522
2013-07-01,16.8,17.98,16.56,17.72,9073648.0,86050800.0,268583436.0,0.03378334917124227
2013-07-02,17.62,18.56,17.45,18.38,9985915.0,100151840.0,268583436.0,0.037179936144684664
2013-07-03,18.09,19.01,17.69,18.52,13415830.0,135442608.0,268583436.0,0.04995032530598797
2013-07-04,18.16,18.71,17.91,18.07,9737474.0,97782640.0,268583436.0,0.03625493122368127
2013-07-05,17.91,18.07,17.05,17.14,11450465.0,110364560.0,268583436.0,0.04263280405720925
2013-07-08,16.85,17.62,16.67,16.89,7587075.0,71567920.0,268583436.0,0.028248484392760544
2013-07-09,16.78,17.14,16.11,16.45,9027268.0,81548624.0,268583436.0,0.033610665402314686
2013-07-10,16.36,17.31,16.18,17.16,6165516.0,57190900.0,268583436.0,0.022955682196276615
2013-07-11,17.13,17.92,17.07,17.49,7427299.0,71839544.0,268583436.0,0.027653600350842186
2013-07-12,18.16,18.8,17.71,18.54,16576637.0,167679056.0,268583436.0,0.06171876139078063
2013-07-15,18.56,19.49,18.18,19.07,16219232.0,168788848.0,268583436.0,0.06038805758669347
2013-07-16,19.81,20.98,19.81,20.98,33663256.0,384075936.0,268583436.0,0.12533630703868126
2013-07-17,20.61,21.1,20.36,20.72,17825620.0,203924736.0,268583436.0,0.06636902210157145
2013-07-18,20.38,21.54,20.09,21.01,11000759.0,125493872.0,268583436.0,0.040958441681414784
2013-07-19,20.67,22.25,20.21,20.43,18478656.0,218421392.0,268583436.0,0.06880043041820345
2013-07-22,20.52,21.57,20.43,21.41,8570113.0,99144224.0,268583436.0,0.031908568628185995
2013-07-23,21.37,22.46,21.07,22.41,14022656.0,168859360.0,268583436.0,0.05220968280411752
2013-07-24,22.43,22.46,21.72,21.99,6402034.0,77910464.0,268583436.0,0.023836294953051385
2013-07-25,21.88,22.21,20.52,21.56,9638509.0,113991792.0,268583436.0,0.03588646099530873
2013-07-26,21.3,21.7,20.88,21.54,6336747.0,74290040.0,268583436.0,0.02359321592713558
2013-07-29,22.7,22.7,21.01,21.05,11003766.0,132110472.0,268583436.0,0.040969637457464056
2013-07-30,20.68,21.07,20.03,20.43,6068010.0,68694432.0,268583436.0,0.022592644171846844
2013-07-31,20.43,21.81,20.43,21.01,4426594.0,51640852.0,268583436.0,0.01648126208348902
2013-08-01,20.88,22.06,20.88,21.57,4374074.0,51701496.0,268583436.0,0.01628571763450074
2013-08-02,21.97,22.25,21.5,21.56,4434364.0,53598212.0,268583436.0,0.016510191641155414
2013-08-05,21.43,22.25,21.25,21.67,7120139.0,86107592.0,268583436.0,0.026509970629759908
2013-08-06,21.77,22.01,21.43,21.92,4445106.0,53287260.0,268583436.0,0.01655018666154826
2013-08-07,22.08,23.52,21.56,23.05,10393335.0,129669896.0,268583436.0,0.03869685768708388
2013-08-08,23.06,25.35,22.85,25.35,15648592.0,210614208.0,268583436.0,0.05826342917141026
2013-08-09,26.46,26.46,25.26,26.04,15948691.0,227195360.0,268583436.0,0.059380769110422726
2013-08-12,25.81,26.15,25.33,25.42,11412636.0,161300384.0,268583436.0,0.04249195769466588
2013-08-13,25.79,26.66,24.59,25.66,10794572.0,152100960.0,268583436.0,0.040190758450197206
2013-08-14,25.26,25.79,24.77,25.21,6582779.0,91369416.0,268583436.0,0.024509251568291056
2013-08-15,25.02,25.93,24.48,25.59,8119560.0,112914408.0,268583436.0,0.030231052669979247
2013-08-16,25.35,25.64,23.97,24.53,7345291.0,101083448.0,268583436.0,0.027348265065757816
2013-08-19,23.99,25.33,23.99,24.92,4662355.0,63997176.0,268583436.0,0.017359056349253048
2013-08-20,25.04,26.02,24.79,25.3,4263191.0,59939560.0,268583436.0,0.015872873858088554
2013-08-21,25.3,27.48,25.24,27.04,9760795.0,142460672.0,268583436.0,0.03634176085229619
2013-08-22,26.62,28.17,26.53,27.53,9312879.0,140750016.0,268583436.0,0.03467406307215461
2013-08-23,27.06,28.18,26.42,27.13,5210846.0,78582552.0,268583436.0,0.019401218770616964
2013-08-26,26.97,27.24,26.53,27.13,4349800.0,64463064.0,268583436.0,0.016195339760267272
2013-08-27,27.11,27.13,26.21,26.8,4758812.0,69583592.0,268583436.0,0.01771818869723597
2013-08-28,26.68,27.13,25.82,26.31,5060429.0,73677608.0,268583436.0,0.018841180511221103
2013-08-29,26.33,27.04,25.97,26.88,3307320.0,48478048.0,268583436.0,0.012313938823837222
2013-08-30,26.9,28.55,26.26,27.79,8204376.0,125388680.0,268583436.0,0.030546842806791704
2013-09-02,28.09,28.68,25.61,26.1,11399892.0,166476832.0,268583436.0,0.042444508752207635
2013-09-03,25.93,27.15,25.42,26.6,5055475.0,73836136.0,268583436.0,0.018822735591185153
2013-09-04,26.51,27.88,26.3,27.4,5529366.0,82743792.0,268583436.0,0.020587144473049337
2013-09-05,27.42,28.15,27.06,27.57,4822178.0,73450640.0,268583436.0,0.017954115383347766
2013-09-06,27.46,27.64,26.66,26.86,2973485.0,44072056.0,268583436.0,0.011070991734575918
2013-09-09,26.86,26.97,24.7,25.52,9287367.0,130856792.0,268583436.0,0.03457907582953105
2013-09-10,25.39,26.19,25.04,26.08,4193745.0,59498360.0,268583436.0,0.015614309886183748
2013-09-11,25.97,26.1,24.52,24.55,5836951.0,80189952.0,268583436.0,0.02173235657019445
2013-09-12,24.43,25.33,24.19,24.41,5301366.0,72624496.0,268583436.0,0.019738246255811547
2013-09-13,24.48,25.15,24.33,24.88,4176427.0,57277188.0,268583436.0,0.015549830854051625
2013-09-16,24.9,27.37,24.79,27.37,9021686.0,133035672.0,268583436.0,0.03358988228894354
2013-09-17,27.15,27.6,26.62,27.37,5370127.0,80416184.0,292797936.0,0.018340726964687346
2013-09-18,27.37,29.51,26.73,28.71,7388930.0,115188192.0,292797936.0,0.02523559455692338
2013-09-23,28.75,29.53,28.18,28.89,6224868.0,98868968.0,292797936.0,0.021259944947152908
2013-09-24,28.64,29.35,27.77,27.79,5420585.0,84268872.0,292797936.0,0.01851305741444844
2013-09-25,27.75,28.87,27.69,27.8,4538845.0,70940680.0,292797936.0,0.015501629082521947
2013-09-26,27.79,28.89,26.88,27.33,5049489.0,77141248.0,292797936.0,0.0172456441086388
2013-09-27,27.39,29.22,27.1,28.97,7055970.0,110547096.0,292797936.0,0.024098428070886403
2013-09-30,29.2,31.22,29.2,30.56,8305666.0,138855792.0,292797936.0,0.028366545589310437
2013-10-08,30.16,33.61,30.13,33.61,8784937.0,157225856.0,292797936.0,0.030003411636071096
2013-10-09,33.6,33.94,32.54,33.52,6470954.0,117666560.0,292797936.0,0.022100408522005427
2013-10-10,32.8,34.6,32.8,34.49,8739063.0,161963040.0,292797936.0,0.029846737034375816
2013-10-11,33.78,34.69,33.2,33.81,6039611.0,113018192.0,292797936.0,0.020627232153712996
2013-10-14,33.54,33.6,31.96,32.82,6613155.0,119397440.0,311027436.0,0.021262288256782596
2013-10-15,32.72,33.76,32.23,32.87,4818729.0,87158520.0,311027436.0,0.015492938700108759
2013-10-16,33.83,34.29,31.05,31.18,5370889.0,96068544.0,311027436.0,0.01726821617112903
2013-10-17,31.58,33.23,31.29,31.82,7437546.0,132570352.0,311027436.0,0.023912829349241074
2013-10-18,31.8,32.47,31.02,31.78,3079969.0,53579832.0,311027436.0,0.009902563708238266
2013-10-21,31.6,34.47,31.45,34.36,8883448.0,163592400.0,311027436.0,0.028561621811395443
2013-10-22,34.45,35.14,32.98,33.45,6726510.0,126186584.0,311027436.0,0.021626741635744313
2013-10-23,33.69,33.87,30.11,30.11,7690231.0,131925472.0,311027436.0,0.02472524964003497
2013-10-24,28.98,31.18,28.98,29.8,5222978.0,86428960.0,311027436.0,0.016792660053307967
2013-10-25,29.42,30.85,27.06,29.11,8246929.0,130193464.0,311027436.0,0.026515117463785414
2013-10-28,29.06,30.85,28.64,30.75,6311574.0,104034992.0,311027436.0,0.020292659969714053
2013-10-29,30.71,30.71,27.68,30.24,7804233.0,123469776.0,311027436.0,0.02509178322133614
2013-10-30,30.13,30.13,28.87,29.64,4315523.0,70217696.0,311027436.0,0.013875055704089076
2013-10-31,29.4,29.4,27.24,27.55,5887521.0,90570496.0,311027436.0,0.018929265777055115
2013-11-01,27.69,28.64,26.21,28.29,9058874.0,136711712.0,311027436.0,0.029125642793775917
2013-11-04,28.33,29.24,28.17,29.09,5769645.0,91422976.0,311027436.0,0.01855027670292083
2013-11-05,29.51,31.2,29.11,30.51,6897141.0,114757664.0,311027436.0,0.022175345971729644
2013-11-06,30.51,33.51,30.24,32.0,9149421.0,163321872.0,311027436.0,0.029416765021334
2013-11-07,32.0,33.41,31.24,31.54,6777667.0,120692824.0,311027436.0,0.021791219087180465
2013-11-08,30.96,31.24,28.66,29.86,5451590.0,90012336.0,311027436.0,0.017527682027382304
2013-11-11,29.53,31.05,29.09,30.51,3860103.0,64176588.0,311027436.0,0.012410811887347455
2013-11-12,30.51,32.2,30.51,31.18,4199553.0,72836464.0,311027436.0,0.013502194706707481
2013-11-13,31.05,31.05,29.33,29.51,3064427.0,50731304.0,311027436.0,0.009852593839985229
2013-11-14,29.76,30.87,29.62,30.44,3401974.0,56842976.0,311027436.0,0.010937858228043908
2013-11-15,29.98,31.78,29.98,30.69,4961786.0,84282936.0,311027436.0,0.015952888477658286
2013-11-18,30.69,32.42,30.09,32.22,4774969.0,82437808.0,311027436.0,0.015352243716531811
2013-11-19,31.82,33.02,31.82,32.34,3591924.0,64174088.0,311027436.0,0.011548576055521996
2013-11-20,32.38,32.67,31.33,32.49,2852379.0,50115288.0,311027436.0,0.00917082761792114
2013-11-21,31.87,32.42,31.62,32.03,2347486.0,41434464.0,311027436.0,0.007547520663096744
2013-11-22,31.96,32.25,29.82,30.62,5653653.0,95748536.0,311027436.0,0.018177344972229396
2013-11-25,30.27,30.27,29.49,29.6,3319030.0,54444600.0,311027436.0,0.010671180789337183
2013-11-26,29.6,30.18,28.82,30.11,3240613.0,52750560.0,311027436.0,0.010419058336705705
2013-11-27,30.11,30.93,29.71,30.29,4232483.0,70475088.0,311027436.0,0.013608069610939404
2013-11-28,30.29,30.64,29.56,30.2,4805386.0,79255632.0,311027436.0,0.015450038947689489
2013-11-29,29.95,30.24,28.97,29.62,9204677.0,148840336.0,311027436.0,0.029594421374453925
2013-12-02,28.84,30.78,28.26,28.86,4942485.0,78520672.0,311027436.0,0.01589083285887358
2013-12-03,28.51,29.69,28.4,29.62,3575459.0,57502880.0,311027436.0,0.011495638603406036
2013-12-04,29.42,30.51,29.42,30.07,3857303.0,64054816.0,311027436.0,0.012401809466094817
2013-12-05,29.87,30.15,28.69,29.09,4056540.0,65279484.0,311027436.0,0.013042386395777638
2013-12-06,28.87,29.06,27.1,28.51,8326041.0,128438864.0,311027436.0,0.026769474445977815
2013-12-09,28.35,28.38,27.39,27.86,5030241.0,76678976.0,311027436.0,0.016172981601533055
2013-12-10,27.89,28.4,27.6,28.2,4810487.0,74279160.0,311027436.0,0.015466439430121527
2013-12-11,28.55,28.55,26.84,27.13,6022751.0,90727680.0,311027436.0,0.019364050572053072
2013-12-12,26.93,27.69,26.68,27.15,3303179.0,49348328.0,311027436.0,0.010620217439595908
2013-12-13,27.2,27.69,26.7,27.59,4318095.0,64347128.0,311027436.0,0.013883325071039714
2013-12-16,27.39,28.06,27.1,27.98,4604726.0,70204040.0,311027436.0,0.01480488685892006
2014-01-13,26.84,29.37,26.7,27.1,7562663.0,116671240.0,311027436.0,0.02431509932776477
2014-01-14,26.79,28.4,26.79,27.86,3825639.0,58537980.0,311027436.0,0.012300004942329268
2014-01-15,28.42,30.15,27.97,30.11,8639977.0,139725552.0,311027436.0,0.02777882591682362
2014-01-16,30.15,31.11,30.15,30.44,5697603.0,96444512.0,311027436.0,0.018318650834391343
2014-01-17,30.51,30.62,29.78,30.0,2941394.0,48669744.0,311027436.0,0.009457024234993854
2014-01-20,29.96,30.25,29.06,29.84,3847574.0,62559644.0,311027436.0,0.012370529267392346
2014-01-21,29.78,30.29,29.37,29.89,1109692.0,18244484.0,311027436.0,0.0035678267302438234
2014-01-22,29.91,30.85,29.89,30.6,2919106.0,49089252.0,311027436.0,0.009385364961822854
2014-01-23,30.45,32.38,30.45,31.67,7154793.0,124469600.0,311027436.0,0.023003735914795632
2014-01-24,31.33,33.0,31.33,31.89,6360173.0,113231632.0,311027436.0,0.020448913066305828
2014-01-27,31.38,31.38,29.66,29.75,6808234.0,114021328.0,311027436.0,0.021889496590905246
2014-01-28,29.78,30.06,28.87,29.06,3975906.0,64210500.0,311027436.0,0.01278313595460434
2014-01-29,29.13,29.66,28.93,29.51,2532322.0,41126892.0,311027436.0,0.008141796211186977
2014-01-30,29.6,29.6,27.8,27.97,3808247.0,59122616.0,311027436.0,0.012244087045748595
2014-02-07,27.97,28.6,27.6,28.0,2434249.0,37798384.0,311027436.0,0.007826476761361978
2014-02-10,27.79,29.44,27.73,29.33,5847968.0,92450216.0,311027436.0,0.018802096931410255
2014-02-11,29.33,30.84,29.11,30.78,7905336.0,131776888.0,311027436.0,0.02541684457701667
2014-02-12,30.78,30.8,29.71,30.44,5952268.0,98558840.0,311027436.0,0.019137437123071033
2014-02-13,30.31,30.31,29.38,29.42,4710626.0,77156056.0,311027436.0,0.01514537129129663
2014-02-14,29.42,29.84,28.58,28.91,6039735.0,96609984.0,311027436.0,0.019418656687251217
2014-02-17,28.78,30.15,27.89,29.82,11789493.0,186453920.0,311027436.0,0.037904993693225184
2014-02-18,29.51,29.82,28.69,29.26,6696878.0,107734520.0,311027436.0,0.021531470297687823
2014-02-19,29.04,29.06,28.26,28.77,5188315.0,81787952.0,311027436.0,0.01668121329335075
2014-02-20,28.77,28.89,28.0,28.04,4265672.0,66639172.0,311027436.0,0.013714777239137194
2014-02-21,28.15,28.38,27.22,27.49,5332790.0,81207856.0,311027436.0,0.01714572215423465
2014-02-24,27.57,27.57,25.44,26.3,7869471.0,114036672.0,311027436.0,0.025301533206221718
2014-02-25,26.35,26.7,23.66,23.66,9073374.0,125726840.0,311027436.0,0.029172262475262792
2014-02-26,23.97,24.66,22.99,23.59,8369461.0,108841288.0,311027436.0,0.026909076278402656
2014-02-27,23.68,24.46,23.68,23.92,4851241.0,64292788.0,311027436.0,0.015597469671453678
2014-02-28,23.97,23.97,22.25,22.86,7860466.0,98930656.0,311027436.0,0.025272580776443142
2014-03-03,22.83,23.52,22.34,22.59,9827512.0,123299312.0,311027436.0,0.03159692960334213
2014-03-04,22.48,23.46,22.32,23.23,7877896.0,99698776.0,311027436.0,0.025328620848740817
2014-03-05,23.26,23.72,22.88,23.06,7777100.0,99445584.0,311027436.0,0.02500454654424763
2014-03-06,22.92,22.92,21.7,22.16,10507623.0,127805400.0,311027436.0,0.03378358878925395
2014-03-07,22.28,23.83,22.19,23.59,14336381.0,182250240.0,311027436.0,0.04609362178582856
2014-03-10,23.41,24.61,22.7,24.12,13815921.0,181318944.0,311027436.0,0.04442026458398995
2014-03-11,24.13,24.5,23.44,23.97,8880861.0,117281792.0,311027436.0,0.028553304217188095
2014-03-12,23.88,23.97,23.08,23.79,4418827.0,57384592.0,311027436.0,0.014207193605904271
2014-03-13,23.86,24.92,23.79,24.66,8388521.0,113026920.0,311027436.0,0.026970357045929542
2014-03-14,24.44,24.66,24.06,24.24,4565100.0,61030508.0,311027436.0,0.014677483307292544
2014-03-17,24.15,24.44,23.94,24.39,3740742.0,49834892.0,311027436.0,0.012027048314798826
2014-03-18,24.39,24.44,23.9,24.08,4403048.0,58319932.0,311027436.0,0.014156461746995207
2014-03-19,24.04,24.04,22.77,22.95,5518057.0,70641008.0,311027436.0,0.0177413834321677
2014-03-20,22.85,23.57,22.34,22.37,4792851.0,60834280.0,311027436.0,0.015409737036831695
2014-03-21,22.34,22.83,21.92,22.65,5663649.0,69804608.0,311027436.0,0.018209483616101314
2014-03-24,22.85,24.92,22.74,24.59,10153740.0,136353648.0,311027436.0,0.03264580170348702
2014-03-25,24.3,24.7,24.01,24.52,4173837.0,56064000.0,311027436.0,0.013419513897802894
2014-03-26,24.48,24.95,24.28,24.44,4613532.0,62463764.0,311027436.0,0.014833199473759608
2014-03-27,24.43,24.9,24.21,24.5,5955601.0,80718632.0,311027436.0,0.01914815321951212
2014-03-28,24.46,24.79,23.7,23.81,5386110.0,71951280.0,311027436.0,0.017317153976088462
2014-03-31,23.52,23.97,22.79,23.88,3694964.0,47388608.0,311027436.0,0.011879865157619086
2014-04-01,23.94,24.64,23.61,24.24,2303605.0,30707326.0,311027436.0,0.007406436646315665
2014-04-02,24.39,24.79,24.15,24.48,2717151.0,36695968.0,311027436.0,0.008736049253224078
2014-04-03,24.33,24.79,24.33,24.41,3072101.0,41524544.0,311027436.0,0.009877266904518352
2014-04-04,24.41,25.59,24.33,25.39,6984096.0,96389080.0,311027436.0,0.022454919378880774
2014-04-08,25.62,26.24,25.28,26.1,8938247.0,127468440.0,311027436.0,0.028737808840760916
2014-04-09,26.17,26.79,25.97,26.33,7628132.0,110394480.0,311027436.0,0.02452559201240369
2014-04-10,26.86,27.2,26.3,26.35,8964815.0,131695568.0,311027436.0,0.028823228957846662
2014-04-11,26.15,26.51,25.81,26.37,4297792.0,61933168.0,311027436.0,0.013818047871506743
2014-04-14,26.37,26.62,25.88,26.1,2945053.0,42498172.0,311027436.0,0.009468788470480783
2014-04-15,26.1,27.39,25.97,27.28,6630626.0,98177840.0,311027436.0,0.02131846015024861
2014-04-16,27.35,27.97,27.06,27.08,3797269.0,57325784.0,311027436.0,0.012208791124137357
2014-04-17,27.08,27.59,26.77,26.99,3394836.0,50599644.0,311027436.0,0.010914908484150575
2014-04-18,26.88,27.64,26.88,27.33,3323487.0,50051860.0,311027436.0,0.010685510714881115
2014-04-21,27.1,27.53,26.35,26.53,3302100.0,49087700.0,311027436.0,0.010616748292263195
2014-04-22,26.53,26.77,25.24,25.62,5387501.0,76597304.0,311027436.0,0.017321626250360756
2014-04-23,25.82,26.31,25.53,26.17,1704335.0,24361740.0,311027436.0,0.005479693437719752
2014-04-24,25.88,26.59,25.32,25.86,3294076.0,46996296.0,311027436.0,0.01059094992507349
2014-04-25,25.82,25.82,24.5,24.55,3040117.0,41914968.0,311027436.0,0.009774433532609645
2014-04-28,24.55,24.73,23.52,23.81,2119920.0,28008684.0,311027436.0,0.006815861736390355
2014-04-29,23.61,24.61,23.61,24.53,1335533.0,17883644.0,311027436.0,0.004293939522428497
2014-04-30,24.75,24.86,24.24,24.53,3743756.0,50439000.0,311027436.0,0.012036738778247203
2014-05-05,24.52,24.77,24.28,24.61,1971241.0,26697308.0,311027436.0,0.006337836383025709
2014-05-06,24.52,25.33,24.52,24.92,3058324.0,42086720.0,311027436.0,0.009832971776804925
2014-05-07,24.88,24.88,23.97,23.99,2154647.0,28805280.0,311027436.0,0.006927514265976201
2014-05-08,23.81,24.33,23.68,24.06,2184140.0,28912584.0,311027436.0,0.007022338698120509
2014-05-09,24.06,25.15,23.84,24.37,1915578.0,25680870.0,311027436.0,0.006158871463673706
2014-05-12,24.46,25.04,24.46,24.79,3361511.0,45638632.0,311027436.0,0.010807763595491942
2014-05-13,24.73,24.95,24.06,24.15,2383669.0,32049212.0,311027436.0,0.007663854451733962
2014-05-14,24.17,24.75,23.97,24.43,4566812.0,61290720.0,311027436.0,0.014682987644858442
2014-05-15,24.33,24.43,23.03,23.84,6948883.0,90690744.0,311027436.0,0.022341704286177506
2014-05-16,23.83,23.83,23.34,23.55,2046913.0,26595576.0,311027436.0,0.0065811332476791535
2014-05-19,23.39,23.79,23.25,23.64,1634331.0,21193788.0,311027436.0,0.005254620045802004
2014-05-20,23.95,24.21,23.54,23.84,1794852.0,23689224.0,311027436.0,0.005770719210764416
2014-05-21,23.88,23.88,22.95,23.63,5044645.0,64795936.0,311027436.0,0.016219292628576985
2014-05-22,23.81,24.17,23.61,23.66,2955878.0,38921384.0,311027436.0,0.009503592474073574
2014-05-23,23.64,23.95,23.26,23.88,4403037.0,57433908.0,311027436.0,0.014156426380340287
2014-05-26,24.06,24.7,23.88,24.66,3761368.0,50300864.0,311027436.0,0.012093364007926297
2014-05-27,24.5,25.02,24.41,24.7,4730940.0,64356568.0,311027436.0,0.015210683857484522
2014-05-28,24.79,24.79,24.19,24.59,4895152.0,65909144.0,311027436.0,0.015738650142748178
2014-05-29,24.59,24.79,24.21,24.41,3921454.0,53038704.0,311027436.0,0.012608064582444104
2014-05-30,24.5,24.93,24.44,24.63,3176145.0,43249664.0,311027436.0,0.010211784017664602
2014-06-03,24.57,24.92,24.17,24.21,2519462.0,33940096.0,311027436.0,0.008100449376433788
2014-06-04,24.01,24.15,23.26,23.61,5731796.0,74417440.0,311027436.0,0.018428586473638292
2014-06-05,23.46,23.64,23.1,23.61,3618477.0,46639504.0,311027436.0,0.011633947945351034
2014-06-06,23.57,23.66,23.35,23.41,973089.0,12595509.0,311027436.0,0.003128627533681627
2014-06-09,23.39,23.72,23.06,23.64,2350677.0,30461008.0,311027436.0,0.007557780208174304
2014-06-10,23.64,23.84,23.32,23.66,3311868.0,42831436.0,311027436.0,0.010648153881833112
2014-06-11,23.7,24.48,23.46,24.32,5051505.0,67207368.0,311027436.0,0.01624134856064595
2014-06-12,24.3,24.77,24.15,24.55,3635746.0,48944316.0,311027436.0,0.01168947037842668
2014-06-13,24.37,24.95,24.23,24.48,5518828.0,74374976.0,311027436.0,0.017743862313162623
2014-06-16,24.44,25.39,24.43,25.35,6480343.0,89446608.0,311027436.0,0.02083527769556638
2014-06-17,25.35,26.24,25.17,25.59,7713911.0,109525240.0,311027436.0,0.02480138440262871
2014-06-18,28.15,28.15,26.3,28.15,32614650.0,495373792.0,311027436.0,0.10486100653834281
2014-07-01,28.33,30.04,27.15,29.51,28555294.0,450247776.0,311027436.0,0.09180956627890538
2014-07-02,29.46,29.55,28.17,28.93,11126750.0,176856208.0,311027436.0,0.035774175240283305
2014-07-03,28.87,29.27,28.66,29.0,10303757.0,164827072.0,311027436.0,0.03312812892815025
2014-07-04,29.07,29.46,28.29,28.31,6629791.0,104682072.0,311027436.0,0.021315775499625055
2014-07-07,28.44,28.82,28.18,28.75,5694194.0,89914736.0,311027436.0,0.018307690386516254
2014-07-08,28.75,29.6,28.37,29.33,9052353.0,145247280.0,311027436.0,0.02910467679770861
2014-07-09,29.33,29.35,28.33,28.35,6685289.0,106031880.0,311027436.0,0.02149420991915324
2014-07-10,28.53,29.04,26.93,27.49,9606043.0,145480032.0,311027436.0,0.03088487344891336
2014-07-11,27.4,28.15,27.09,27.56,6965691.0,105504936.0,311027436.0,0.022395744534896914
2014-07-14,27.51,28.24,27.51,27.89,5229878.0,80346128.0,311027436.0,0.016814844591394824
2014-07-15,27.95,28.49,27.66,27.86,7329250.0,113320088.0,311027436.0,0.023564641416392605
2014-07-16,27.73,28.2,27.11,27.56,3870310.0,58525512.0,311027436.0,0.01244362892796377
2014-07-17,27.33,28.04,26.93,27.53,3517371.0,52896304.0,311027436.0,0.011308876944219158
2014-07-18,27.71,28.2,27.47,27.86,5153306.0,78952888.0,311027436.0,0.016568654091338748
2014-07-21,28.6,29.4,28.37,28.62,14412434.0,228198592.0,311027436.0,0.04633814362280246
2014-07-22,28.38,29.39,28.17,29.04,10413358.0,166080624.0,311027436.0,0.03348051263233254
2014-07-23,28.86,30.1,28.71,29.86,11018902.0,179863680.0,311027436.0,0.035427427694835256
2014-07-24,29.7,30.52,29.17,29.44,8080833.0,132232048.0,311027436.0,0.02598109383507891
2014-07-25,29.59,29.86,28.89,29.11,4618160.0,73982112.0,311027436.0,0.01484807919003004
2014-07-28,29.04,30.88,28.8,30.77,12699256.0,210474848.0,311027436.0,0.04083001860967661
2014-07-29,30.75,31.46,30.3,30.75,10441004.0,177325472.0,311027436.0,0.033569398681600554
2014-07-30,30.77,31.03,30.01,30.1,7933651.0,131957352.0,311027436.0,0.025507881561933978
2014-07-31,29.7,30.61,29.64,30.41,4305896.0,71633992.0,311027436.0,0.013844103450732236
2014-08-01,30.17,30.37,28.8,28.95,9636999.0,155248592.0,311027436.0,0.030984401646162174
2014-08-04,28.97,29.5,27.87,29.39,10447395.0,164259360.0,311027436.0,0.0335899467081097
2014-08-05,29.37,29.81,28.91,29.61,7200323.0,116453112.0,311027436.0,0.023150121714664428
2014-08-06,29.55,32.54,29.55,31.5,17245192.0,294480352.0,311027436.0,0.055445886773795736
2014-08-07,31.88,32.52,31.88,32.14,15726862.0,278177120.0,311027436.0,0.05056422739503919
2014-08-08,32.06,33.16,31.5,31.55,12079251.0,214265200.0,311027436.0,0.03883660925655446
2014-08-11,32.05,33.54,31.97,33.16,14079757.0,254042656.0,311027436.0,0.04526853701742248
2014-08-12,33.12,33.52,32.48,33.01,6547874.0,118337272.0,311027436.0,0.02105240002042778
2014-08-13,32.81,33.34,32.39,32.79,6415851.0,115570640.0,311027436.0,0.02062792621291454
2014-08-14,32.92,33.47,32.06,32.52,5648058.0,101172520.0,311027436.0,0.018159356205476356
2014-08-15,32.39,33.07,32.39,32.63,5297036.0,94937432.0,311027436.0,0.017030767665139356
2014-08-18,32.43,33.8,32.34,33.7,6573811.0,118994368.0,311027436.0,0.021135791377581238
2014-08-19,33.49,34.01,32.85,33.56,4444944.0,81500744.0,311027436.0,0.014291163690138255
2014-08-20,33.34,34.16,32.98,33.76,4870458.0,90306152.0,311027436.0,0.015659255217600802
2014-08-21,33.52,33.98,33.01,33.8,4690535.0,86281336.0,311027436.0,0.015080775703658502
2014-08-22,33.8,36.2,33.39,35.42,9696677.0,186044320.0,311027436.0,0.03117627539456037
2014-08-25,35.73,36.18,34.94,35.67,6439363.0,125628512.0,311027436.0,0.020703520830233125
2014-08-26,35.49,35.67,33.78,34.09,6977990.0,132201808.0,311027436.0,0.02243528767024913
2014-08-27,34.11,34.74,33.45,34.58,3929334.0,74018192.0,311027436.0,0.012633399967969385
2014-08-28,34.62,36.07,34.4,34.96,4617980.0,89117472.0,311027436.0,0.014847500462949513
2014-08-29,34.96,35.53,34.09,35.47,3604096.0,68751560.0,311027436.0,0.011587710866767393
2014-09-01,35.34,36.35,34.71,36.07,7872818.0,153359056.0,311027436.0,0.025312294314769068
2014-09-02,36.07,36.47,35.64,36.16,7271260.0,144186288.0,311027436.0,0.02337819484194957
2014-09-03,36.2,37.35,35.74,36.91,9375588.0,187720384.0,311027436.0,0.03014392595256452
2014-09-04,36.93,37.62,36.36,37.55,8950907.0,183026640.0,311027436.0,0.02877851264542463
2014-09-05,38.08,39.35,36.82,37.51,14779043.0,308006208.0,311027436.0,0.04751684671316263
2014-09-09,37.35,37.91,36.36,37.55,5986051.0,122912024.0,311027436.0,0.01924605455063456
2014-09-10,37.77,38.81,37.44,38.68,7881655.0,165387440.0,311027436.0,0.025340706599272483
2014-09-11,38.44,40.43,38.28,39.41,9747676.0,211235632.0,311027436.0,0.031340244852225835
2014-09-12,39.26,40.01,38.62,39.77,4793694.0,103557160.0,311027436.0,0.01541244740865883
2014-09-15,39.86,40.15,39.37,39.83,4781990.0,104175288.0,311027436.0,0.015374817287822801
2014-09-16,39.72,39.72,37.04,37.29,8631160.0,180949648.0,311027436.0,0.027750477935329153
2014-09-17,37.35,37.86,36.02,36.56,7300463.0,146496944.0,311027436.0,0.02347208688046414
2014-09-18,36.44,37.62,36.44,37.2,5118712.0,104224240.0,311027436.0,0.0164574291767624
2014-09-19,37.53,37.53,34.8,36.27,9867954.0,195836128.0,311027436.0,0.0317269567177347
2014-09-22,36.09,36.62,35.13,36.38,7277447.0,142525312.0,311027436.0,0.023398086977767452
2014-09-23,36.11,36.75,36.11,36.36,4712723.0,94038256.0,311027436.0,0.015152113461784767
2014-09-24,36.36,37.2,35.73,37.18,6231287.0,124803072.0,311027436.0,0.020034525185745992
2014-09-25,37.2,39.83,37.2,38.28,7590045.0,160916176.0,311027436.0,0.024403136577314678
2014-09-26,37.6,38.44,37.57,38.0,3967755.0,82708312.0,311027436.0,0.01275692926330782
2014-09-29,37.91,38.4,36.8,37.07,7269964.0,148925392.0,311027436.0,0.023374028006969777
2014-09-30,37.07,38.02,36.84,37.8,7212352.0,148763952.0,311027436.0,0.02318879675939585
2014-10-08,38.04,38.04,37.13,37.82,5297055.0,109212904.0,311027436.0,0.017030828752997853
2014-10-09,37.64,37.8,36.89,37.07,5956680.0,121857720.0,311027436.0,0.019151622366844832
2014-10-10,37.35,37.35,34.58,35.0,17984122.0,349991808.0,311027436.0,0.05782165789387146
2014-10-13,34.72,35.07,33.94,35.02,9531759.0,180156320.0,311027436.0,0.03064603921308087
2014-10-14,34.98,36.18,34.63,35.87,13138937.0,257342256.0,311027436.0,0.04224365917352706
2014-10-15,35.6,36.0,34.98,35.29,4795050.0,92905240.0,311027436.0,0.015416807152665465
2014-10-16,35.16,35.42,34.11,34.16,6945106.0,132532240.0,311027436.0,0.022329560662937786
2014-10-17,33.92,34.29,33.01,33.78,6049553.0,111736184.0,311027436.0,0.019450223034343503
2014-10-20,33.89,34.76,33.54,34.62,6458984.0,121851912.0,311027436.0,0.020766605297160987
2014-10-21,34.63,34.89,34.07,34.6,4150284.0,78777296.0,311027436.0,0.013343787459315968
2014-10-23,34.62,36.42,34.07,34.09,10583487.0,204501104.0,311027436.0,0.03402750296279329
2014-10-24,34.25,34.76,33.01,33.83,6044992.0,112694336.0,311027436.0,0.019435558733153047
2014-10-27,33.87,35.44,33.47,35.11,4848427.0,92586080.0,311027436.0,0.015588422238094778
2014-10-28,35.16,35.58,34.91,35.53,6839074.0,132267120.0,311027436.0,0.021988651830702165
2014-10-29,35.84,35.84,35.22,35.34,8928876.0,173861072.0,311027436.0,0.028707679665918605
2014-10-30,35.62,35.62,35.27,35.4,5394719.0,105022240.0,311027436.0,0.017344833206289878
2014-10-31,35.58,35.98,35.2,35.76,7527828.0,147315008.0,311027436.0,0.02420309956193061
2014-11-03,35.84,36.02,35.33,35.6,6956741.0,136204368.0,311027436.0,0.022366968938392948
2014-11-04,35.62,35.78,34.94,35.14,7698866.0,149471648.0,311027436.0,0.024753012464148016
2014-11-05,35.2,35.38,34.71,34.87,5765570.0,110522280.0,311027436.0,0.018537174964847795
2014-11-06,34.96,35.65,34.87,35.6,9174771.0,177499776.0,311027436.0,0.029498269085174854
2014-11-07,35.64,35.95,34.87,34.93,8335363.0,162747664.0,311027436.0,0.026799446078448204
2014-11-10,35.16,35.4,34.82,35.33,5186510.0,99941384.0,311027436.0,0.016675409946793247
2014-11-11,35.34,35.47,34.27,34.98,7199136.0,137648528.0,311027436.0,0.023146305331083396
2014-11-12,34.91,34.91,33.8,34.63,5411443.0,102368752.0,311027436.0,0.01739860338237171
2014-11-13,35.07,35.07,32.99,33.18,9551995.0,176157728.0,311027436.0,0.030711100997533863
2014-11-14,32.81,33.07,32.16,32.96,5621637.0,100994296.0,311027436.0,0.01807440871550637
2014-11-17,33.32,33.38,32.21,32.57,8489447.0,151421536.0,311027436.0,0.027294849319980892
2014-11-18,32.61,32.65,32.3,32.41,4642878.0,82606136.0,311027436.0,0.014927551278788151
2014-11-19,32.36,33.1,32.36,32.9,6066473.0,109292888.0,311027436.0,0.01950462337991302
2014-11-20,32.9,32.98,32.48,32.5,3330232.0,59709528.0,311027436.0,0.01070719690464863
2014-11-21,32.5,33.45,32.5,33.16,6366729.0,115634160.0,311027436.0,0.020469991592638792
2014-11-24,33.52,34.07,33.38,33.61,7976131.0,147512208.0,311027436.0,0.02564446115293829
2014-11-25,33.6,34.78,33.36,34.62,8166604.0,153272080.0,311027436.0,0.02625686050410035
2014-11-26,34.76,34.83,33.81,34.16,7675881.0,143964896.0,311027436.0,0.0246791122311152
2014-11-27,34.32,34.32,32.76,33.01,15686681.0,285707008.0,311027436.0,0.05043503943491339
2014-11-28,33.08,33.1,32.36,32.56,10452346.0,186629216.0,311027436.0,0.03360586491797463
2014-12-01,32.48,32.48,31.01,31.34,16570613.0,285800448.0,311027436.0,0.05327701380015878
2014-12-02,31.28,31.55,31.12,31.48,8312831.0,143285504.0,311027436.0,0.026727002308568046
2014-12-03,31.5,31.52,30.61,31.12,18720750.0,317763136.0,311027436.0,0.060190027737617335
2014-12-04,31.3,31.92,31.15,31.59,14979531.0,260022544.0,311027436.0,0.04816144579605511
2014-12-05,31.65,31.92,29.91,30.17,17862136.0,301513216.0,311027436.0,0.05742945455139848
2014-12-08,30.12,30.12,29.28,29.77,15368556.0,249792544.0,311027436.0,0.049412219698843546
2014-12-09,29.75,30.35,29.11,29.84,16461975.0,266982640.0,311027436.0,0.052927726285857304
2014-12-10,29.84,31.83,29.84,31.79,27130868.0,464684064.0,311027436.0,0.08722982238775874
2014-12-11,31.66,32.16,31.3,31.92,12435080.0,216749152.0,311027436.0,0.039980653025091975
2014-12-12,31.92,32.01,31.26,31.43,13260942.0,230021728.0,311027436.0,0.04263592360385854
2014-12-15,31.35,32.01,31.23,31.96,10265407.0,178863152.0,311027436.0,0.03300482790849358
2014-12-16,32.28,32.56,31.83,31.97,8449668.0,149145072.0,311027436.0,0.027166953850334928
2014-12-17,31.85,32.34,31.04,31.5,10281945.0,177876896.0,311027436.0,0.033058000066592194
2014-12-18,31.52,32.76,31.28,32.61,15746581.0,279571648.0,311027436.0,0.0506276269467109
2014-12-19,32.5,32.7,31.88,32.1,7888926.0,139148944.0,311027436.0,0.025364083958175316
2014-12-22,32.57,32.59,30.24,30.43,9138737.0,155742912.0,311027436.0,0.029382414353954292
2014-12-23,30.33,31.03,29.42,29.46,7430835.0,122666448.0,311027436.0,0.02389125247458877
2014-12-24,30.02,31.85,30.02,31.77,15380937.0,260417360.0,311027436.0,0.04945202647653244
2014-12-25,32.05,33.52,31.52,32.83,18660344.0,337379808.0,311027436.0,0.05999581335969345
2014-12-26,33.16,33.6,32.43,33.34,15152632.0,274995840.0,311027436.0,0.048717991553645444
2014-12-29,36.67,36.67,36.67,36.67,2533737.0,51004128.0,311027436.0,0.008146345649070007
2014-12-30,39.72,40.34,37.91,40.34,97498504.0,2116485376.0,311027436.0,0.313472358753586
2014-12-31,38.79,39.68,37.75,37.97,41563492.0,884991808.0,311027436.0,0.1336328798980936
2015-01-05,37.86,39.88,37.62,38.62,28356412.0,603755328.0,311027436.0,0.09117013072763137
2015-01-06,37.84,39.46,37.18,39.3,30705684.0,649542400.0,311027436.0,0.09872339364942712
2015-01-07,39.01,41.12,38.08,40.54,36429152.0,797330496.0,311027436.0,0.1171252043501397
2015-01-08,40.08,41.32,39.81,39.9,25625360.0,570350144.0,311027436.0,0.0823893876680384
2015-01-09,39.44,42.47,39.44,40.7,31457604.0,710820352.0,311027436.0,0.1011409295738142
2015-01-12,40.06,42.39,39.72,42.05,31020444.0,699944448.0,311027436.0,0.09973539440424156
2015-01-13,41.68,45.46,41.39,45.15,44954196.0,1066849088.0,311027436.0,0.14453450338059565
2015-01-14,44.58,48.83,44.29,48.04,55230584.0,1422650368.0,311027436.0,0.17757463685615182
2015-01-15,47.82,48.26,45.35,45.53,49288564.0,1253673472.0,311027436.0,0.15847014859486544
2015-01-16,45.09,47.9,44.65,46.15,41525148.0,1061908480.0,311027436.0,0.13350959816933963
2015-01-19,44.05,46.99,42.6,43.47,44689560.0,1097229056.0,311027436.0,0.14368365882680523
2015-01-20,44.33,46.8,44.09,46.38,36866252.0,914931392.0,311027436.0,0.1185305466106855
2015-01-21,46.28,46.91,45.62,46.55,31774568.0,807760512.0,311027436.0,0.10216001652021464
2015-01-22,46.55,48.53,46.55,47.0,32212246.0,842462592.0,311027436.0,0.103567217137719
2015-01-23,46.66,47.0,44.87,45.04,30015516.0,748675968.0,311027436.0,0.09650439969546609
2015-01-26,44.23,45.77,44.23,45.33,17173540.0,425754720.0,311027436.0,0.05521551481394072
2015-01-27,45.46,45.73,43.54,44.4,19308144.0,471468512.0,311027436.0,0.06207858781950027
2015-01-28,43.72,45.0,43.38,44.33,14385246.0,349197856.0,311027436.0,0.04625073011243934
2015-01-29,44.65,46.09,44.45,44.73,24203108.0,602484928.0,311027436.0,0.07781663351396434
2015-01-30,45.36,45.87,44.18,45.09,13899960.0,343824512.0,311027436.0,0.044690462612436546
2015-02-02,44.78,47.0,44.49,46.44,25919238.0,658960000.0,311027436.0,0.08333424965121083
2015-02-03,46.91,47.02,45.27,46.24,20654122.0,520964064.0,311027436.0,0.06640610958835155
2015-02-04,47.33,50.68,46.68,49.19,39346320.0,1042569280.0,311027436.0,0.12650433835039557
2015-02-05,48.97,50.08,48.1,48.86,24858198.0,670319488.0,311027436.0,0.07992284642053249
2015-02-06,49.17,49.7,46.06,46.62,21909044.0,570550592.0,311027436.0,0.07044087261806704
2015-02-09,45.73,46.37,43.94,44.42,15581908.0,386123648.0,311027436.0,0.050098178477091006
2015-02-10,44.42,45.51,43.74,45.24,12910251.0,317080000.0,311027436.0,0.04150839927831961
2015-02-11,45.18,45.46,44.31,45.09,13554282.0,333953312.0,311027436.0,0.04357905583609029
2015-02-12,45.2,46.49,44.95,46.07,13397926.0,337860832.0,311027436.0,0.04307634777274118
2015-02-13,46.82,48.19,46.55,46.75,18398106.0,478006240.0,311027436.0,0.059152678736675825
2015-02-16,47.06,49.1,46.91,49.01,18868520.0,499828672.0,311027436.0,0.06066513051922532
2015-02-17,48.63,48.63,47.1,47.24,21873946.0,569711232.0,311027436.0,0.07032802726766522
2015-02-25,47.51,48.28,46.82,47.62,14959778.0,391050912.0,311027436.0,0.0480979369292682
2015-02-26,47.39,47.7,46.73,47.42,11903020.0,308407936.0,311027436.0,0.03827000007806385
2015-02-27,47.62,48.53,47.61,48.37,17220608.0,454935680.0,311027436.0,0.05536684551519757
2015-03-02,48.61,51.85,48.19,51.38,32501696.0,901595584.0,311027436.0,0.10449784243471048
2015-03-03,51.47,53.71,50.1,51.54,31111794.0,887896000.0,311027436.0,0.10002909839760889
2015-03-04,51.56,53.33,51.38,52.62,22070960.0,632901248.0,311027436.0,0.07096145691790354
2015-03-05,52.78,53.38,51.39,51.67,20047692.0,574644544.0,311027436.0,0.06445634590255246
2015-03-06,52.11,56.82,52.11,55.28,41445872.0,1239681536.0,311027436.0,0.13325471390247387
2015-03-09,55.4,60.07,55.02,58.75,35282056.0,1109377408.0,311027436.0,0.11343711813256242
2015-03-10,58.72,59.67,57.59,58.39,23439808.0,752320512.0,311027436.0,0.0753625091774862
2015-03-11,58.77,62.64,58.77,62.45,31300332.0,1044489088.0,311027436.0,0.10063527643265528
2015-03-12,62.29,62.31,56.2,59.21,34545328.0,1127350528.0,311027436.0,0.11106842677377182
2015-03-13,59.21,60.12,57.21,59.92,17644498.0,572177472.0,311027436.0,0.05672971563833359
2015-03-16,59.92,62.6,59.01,61.91,21801232.0,732640256.0,311027436.0,0.0700942408180351
2015-03-17,62.29,66.63,61.45,66.41,33906428.0,1199520640.0,311027436.0,0.1090142671529466
2015-03-18,66.35,70.6,65.66,68.92,36044204.0,1349122688.0,311027436.0,0.1158875386157252
2015-03-19,68.92,72.11,67.86,71.45,32743776.0,1253717248.0,311027436.0,0.10527616605501001
2015-03-20,71.05,78.6,70.51,78.6,36631936.0,1508868608.0,311027436.0,0.11777718541845936
2015-03-23,79.62,86.45,79.54,86.45,40155856.0,1851384576.0,311027436.0,0.12910711838295835
2015-03-24,88.31,94.23,82.02,90.93,53979324.0,2605636608.0,311027436.0,0.1735516477073746
2015-03-25,90.47,100.02,88.36,99.46,41040288.0,2162676736.0,311027436.0,0.13195070032342743
2015-03-26,96.27,98.93,89.51,89.51,57980764.0,2959054336.0,311027436.0,0.1864168793135021
2015-03-27,84.81,88.98,80.8,86.5,43977460.0,2036572800.0,311027436.0,0.14139415019323248
2015-03-30,84.77,88.34,84.32,85.61,27691808.0,1308697600.0,311027436.0,0.08903332887970693
2015-03-31,86.32,94.17,85.63,94.17,41796996.0,2104113152.0,311027436.0,0.13438363038815648
2015-04-01,94.63,103.59,94.17,103.59,39697252.0,2183302656.0,311027436.0,0.12763263752719228
2015-04-02,106.03,113.61,99.13,110.42,61090364.0,3548432384.0,311027436.0,0.19641471114464643
2015-04-03,106.72,115.32,104.78,110.28,45963712.0,2782198784.0,311027436.0,0.14778024919962365
2015-04-07,110.22,115.83,106.69,114.58,43869468.0,2659652096.0,311027436.0,0.14104693966612
2015-04-08,111.68,114.56,107.13,109.51,41293828.0,2518108672.0,311027436.0,0.13276586956785383
2015-04-09,109.79,110.09,98.65,105.47,39831420.0,2278617088.0,311027436.0,0.12806400783241514
2015-04-10,103.81,116.02,103.81,116.02,34886188.0,2177107200.0,311027436.0,0.11216434295526263
2015-04-13,121.37,127.62,116.58,124.29,53820652.0,3626018048.0,538524000.0,0.09994104626720443
2015-04-14,120.24,123.7,116.18,117.95,35234480.0,2321638656.0,538524000.0,0.0654278732238489
2015-04-15,114.78,114.78,106.16,106.16,38956208.0,2325328128.0,538524000.0,0.0723388521217253
2015-04-16,99.66,112.14,96.59,108.25,33430452.0,1926258176.0,538524000.0,0.06207792410366112
2015-04-17,106.58,109.28,100.42,100.6,29394480.0,1680636160.0,538524000.0,0.054583416895068744
2015-04-20,97.58,100.13,90.55,90.6,47300832.0,2444972544.0,538524000.0,0.08783421351694631
2015-04-21,90.87,99.66,90.87,98.85,34821848.0,1829179776.0,538524000.0,0.06466164553483225
2015-04-22,98.74,104.74,97.87,102.01,31031682.0,1730297344.0,538524000.0,0.05762358223588921
2015-04-23,102.06,102.06,95.68,98.87,29768486.0,1612030336.0,538524000.0,0.05527791890426425
2015-04-24,96.19,108.76,94.92,108.76,40112628.0,2263037952.0,538524000.0,0.07448624016756913
2015-04-27,109.31,114.29,106.58,110.02,32711012.0,1975701376.0,538524000.0,0.060741976216473176
2015-04-28,114.07,114.07,99.02,99.24,40101860.0,2284767232.0,538524000.0,0.07446624477274921
2015-04-29,100.75,105.67,99.84,101.09,27041932.0,1526955904.0,538524000.0,0.0502149059280552
2015-04-30,101.11,101.95,95.83,96.69,28722310.0,1533897856.0,538524000.0,0.0533352459686105
2015-05-04,97.11,99.64,91.09,98.34,23471992.0,1249276928.0,538524000.0,0.043585786334499485
2015-05-05,101.69,107.16,95.11,97.36,42643328.0,786049984.0,538524000.0,0.07918556647428898
2015-05-06,90.95,96.21,89.36,92.26,90790464.0,1527565824.0,1615572000.0,0.05619710170763049
2015-05-07,89.85,91.99,83.06,83.22,70423552.0,1110499584.0,1615572000.0,0.04359047569529553
2015-05-08,83.88,89.58,79.94,88.98,96274432.0,1484946816.0,1615572000.0,0.059591545285508786
2015-05-11,89.03,97.25,86.62,94.67,93922032.0,1598461952.0,1615572000.0,0.05813546657159198
2015-05-12,94.62,100.86,92.76,100.37,103949328.0,1851389824.0,1615572000.0,0.06434212031404357
2015-05-13,99.71,103.22,96.7,99.99,88590200.0,1611428992.0,1615572000.0,0.05483519149873853
2015-05-14,100.97,109.41,99.66,108.04,112987792.0,2180047360.0,1615572000.0,0.06993671096057619
2015-05-15,107.11,107.11,101.36,101.69,97420016.0,1832065408.0,1615572000.0,0.06030063407882781
2015-05-18,98.95,101.14,96.97,97.52,64882040.0,1169501696.0,1615572000.0,0.04016041377295472
2015-05-19,96.15,100.32,94.23,98.62,79617368.0,1414896000.0,1615572000.0,0.049281225473083216
2015-05-20,97.96,105.47,97.08,100.75,99234256.0,1832158464.0,1615572000.0,0.06142360476660898
2015-05-21,98.56,101.96,97.52,101.03,100357768.0,1827638016.0,1615572000.0,0.062119031525676355
2015-05-22,102.18,111.11,102.18,111.11,178548016.0,3474722816.0,1615572000.0,0.11051690422958556
2015-05-25,109.3,115.05,106.89,112.97,177250864.0,3609647360.0,1615572000.0,0.10971399850950624
2015-05-26,111.27,118.78,111.27,117.19,139681984.0,2957268480.0,1615572000.0,0.08645977028569447
2015-05-27,122.72,126.56,119.44,124.64,166602128.0,3751556096.0,1615572000.0,0.10312268843480824
2015-05-28,124.09,124.15,112.21,112.21,163893296.0,3532326400.0,1615572000.0,0.10144598693218253
2015-05-29,107.49,112.64,101.19,107.49,106065376.0,2085624576.0,1615572000.0,0.06565190285545924
2015-06-01,107.49,111.22,106.84,111.16,79974368.0,1604035200.0,1615572000.0,0.049502199840056646
2015-06-02,112.21,118.07,109.08,117.08,106485584.0,2177884672.0,1615572000.0,0.06591200144592751
2015-06-03,118.67,123.71,115.05,119.66,122421456.0,2686078208.0,1615572000.0,0.07577592085032422
2015-06-04,119.77,121.63,109.03,116.1,90317024.0,1898995456.0,1615572000.0,0.05590405379642628
2015-06-05,120.59,123.0,115.38,118.07,101896312.0,2210287872.0,1615572000.0,0.06307135305637879
2015-06-08,118.89,118.89,111.33,115.33,81943520.0,1715350656.0,1615572000.0,0.050721057309733024
2015-06-09,114.51,117.14,111.66,116.2,69034024.0,1453864832.0,1615572000.0,0.04273039146506624
2015-06-10,115.05,118.18,112.59,116.15,67839640.0,1428737920.0,1615572000.0,0.04199109665183601
2015-06-11,115.05,115.99,112.31,112.92,67147584.0,1391678592.0,1615572000.0,0.0415627307232361
2015-06-12,112.86,117.25,112.42,113.96,75518808.0,1587815808.0,1615572000.0,0.04674431594506466
2015-06-15,114.07,114.84,106.89,107.93,86048312.0,1727760000.0,1615572000.0,0.05326182429504844
2015-06-16,105.74,105.74,98.62,99.17,69598496.0,1289918976.0,1615572000.0,0.04307978598292122
2015-06-17,98.62,100.75,94.18,100.48,55988000.0,1001146624.0,1615572000.0,0.03465521808993966
2015-06-18,102.78,105.63,99.22,99.6,48749424.0,917618688.0,1615572000.0,0.03017471459025039
2015-06-19,97.96,98.18,92.37,96.1,43958500.0,761634752.0,1615572000.0,0.02720924848908003
2015-06-23,95.99,97.08,87.55,94.34,40009008.0,677345856.0,1615572000.0,0.02476460844827714
2015-06-24,96.43,98.62,95.0,97.85,46646360.0,824999616.0,1615572000.0,0.028872968830853715
2015-06-25,98.07,98.62,90.45,91.66,46343636.0,796823872.0,1615572000.0,0.02868558999537006
2015-06-26,93.14,95.55,82.51,84.98,69771992.0,1149589120.0,1615572000.0,0.0431871758114154
2015-06-29,88.48,90.4,76.7,79.5,71478680.0,1084593792.0,1615572000.0,0.04424357441203487
2015-06-30,77.69,87.11,71.61,86.24,78049016.0,1122252288.0,1615572000.0,0.04831045351120222
2015-07-01,84.92,87.66,77.85,78.13,66858608.0,1027918272.0,1615572000.0,0.04138386156729629
2015-07-02,81.09,81.36,71.22,72.37,52178264.0,716526528.0,1615572000.0,0.0322970836335366
2015-07-03,69.64,73.42,65.14,65.14,52910124.0,648855040.0,1615572000.0,0.03275008727559032
2015-07-06,71.66,71.66,58.62,64.05,83366552.0,967691712.0,1615572000.0,0.05160187970576365
2015-07-07,61.36,63.01,57.64,57.64,43303252.0,463219392.0,1615572000.0,0.02680366582238365
2015-07-08,51.88,56.43,51.88,53.14,178688592.0,1743240448.0,1615572000.0,0.11060391737415602
2015-07-09,50.13,58.46,50.13,58.46,68474408.0,704603968.0,1615572000.0,0.04238400269378276
2015-07-10,63.99,64.32,60.87,64.32,22206928.0,259149568.0,1615572000.0,0.013745551420797092
2015-07-13,70.73,70.73,68.48,70.73,21071832.0,271636640.0,1615572000.0,0.013042954445855709
2015-07-14,73.96,77.69,71.22,74.07,110111696.0,1508898944.0,1615572000.0,0.06815647708675318
2015-07-15,70.29,73.42,66.68,66.68,57400104.0,726833536.0,1615572000.0,0.0355292763182328
2015-07-16,66.68,72.76,64.43,71.99,60035064.0,765935040.0,1615572000.0,0.037160252839242076
2015-07-17,73.96,76.7,72.16,75.33,72091752.0,984181312.0,1615572000.0,0.04462305115463749
2015-07-20,73.85,77.74,72.65,75.61,61509284.0,850474880.0,1615572000.0,0.03807275936943696
2015-07-21,73.91,76.7,73.14,74.84,43252352.0,591809344.0,1615572000.0,0.026772159953254947
2015-07-22,74.4,76.43,73.31,74.95,43724032.0,597512192.0,1615572000.0,0.02706411846701973
2015-07-23,75.5,79.22,75.39,78.46,59833256.0,849450368.0,1615572000.0,0.03703533856739285
2015-07-24,82.89,85.09,78.89,80.37,104678888.0,1572591872.0,1615572000.0,0.06479370031171622
2015-07-27,76.98,79.39,72.32,72.32,61270440.0,851659520.0,1615572000.0,0.037924920709197736
2015-07-28,70.73,75.55,65.09,69.96,59280288.0,746579584.0,1615572000.0,0.03669306474734645
2015-07-29,72.37,74.57,68.59,74.4,37668728.0,489911008.0,1615572000.0,0.023316031721272713
2015-07-30,74.51,75.0,70.13,71.22,36446776.0,489239456.0,1615572000.0,0.022559672982695914
2015-07-31,69.96,71.72,67.61,68.98,27795916.0,356000288.0,1615572000.0,0.017204999839066287
2015-08-03,67.83,68.87,63.55,65.58,25861340.0,312224864.0,1615572000.0,0.01600754407726799
2015-08-04,65.91,70.07,65.64,70.02,28488540.0,354644288.0,1615572000.0,0.01763371734593073
2015-08-05,70.02,70.95,67.44,67.94,26842348.0,340153472.0,1615572000.0,0.01661476430638808
2015-08-06,67.39,74.51,66.29,72.48,55363652.0,724659584.0,1615572000.0,0.034268761776014935
2015-08-07,73.14,74.24,71.44,73.8,48176160.0,640023552.0,1615572000.0,0.02981987803700485
2015-08-10,74.62,78.62,73.42,77.25,53873104.0,746567296.0,1615572000.0,0.03334614860866616
2015-08-11,77.52,80.43,77.25,78.29,54943880.0,789813760.0,1615572000.0,0.03400893305900325
2015-08-12,76.76,78.07,75.0,75.17,38068476.0,530527616.0,1615572000.0,0.023563466066507714
2015-08-13,75.11,76.65,73.58,76.54,28632536.0,393187808.0,1615572000.0,0.017722847387798255
2015-08-14,77.25,78.02,75.06,75.66,33038916.0,460186080.0,1615572000.0,0.020450290052068245
2015-08-17,75.66,76.05,73.96,75.99,27034418.0,370011424.0,1615572000.0,0.016733650991723057
2015-08-18,76.32,78.89,69.03,70.13,52563428.0,724924800.0,1615572000.0,0.03253549083544404
2015-08-19,66.84,71.77,65.31,71.33,39291720.0,497273120.0,1615572000.0,0.02432062452184118
2015-08-20,70.68,71.0,67.55,67.72,24882132.0,316514592.0,1615572000.0,0.015401438004620035
2015-08-21,66.02,67.5,63.01,63.5,24095916.0,288050496.0,1615572000.0,0.01491478931301112
2015-08-24,60.27,60.32,57.14,57.2,49777168.0,521551200.0,1615572000.0,0.030810863273193642
2015-08-25,53.97,55.23,51.5,51.5,34741240.0,334132672.0,1615572000.0,0.021503987442218608
2015-08-26,53.03,55.72,48.21,49.58,33269044.0,314857184.0,1615572000.0,0.020592733719079062
2015-08-27,51.5,53.42,49.58,53.31,28913330.0,273058016.0,1615572000.0,0.0178966520835964
2015-08-28,53.36,57.36,52.43,56.76,41588208.0,412148800.0,1615572000.0,0.025742095059830203
2015-08-31,55.34,55.55,52.05,52.27,26660534.0,261799696.0,1615572000.0,0.016502225837040998
2015-09-01,52.32,52.6,47.99,48.16,23123340.0,208581728.0,1615572000.0,0.014312788287987165
2015-09-02,46.57,50.9,45.42,50.35,32953044.0,293977344.0,1615572000.0,0.020397137360637595
2015-09-07,49.86,53.58,49.86,51.06,16242977.0,154179584.0,1615572000.0,0.010054009972938377
2015-09-08,51.56,53.97,50.84,53.64,15784085.0,150613616.0,1615572000.0,0.009769966921932294
2015-09-09,54.46,57.42,53.8,56.87,32735480.0,334273792.0,1615572000.0,0.02026247050580228
2015-09-10,55.88,55.99,53.75,54.13,18652676.0,187795968.0,1615572000.0,0.011545555382242327
2015-09-11,53.64,55.34,53.64,54.35,11398150.0,113280936.0,1615572000.0,0.007055179218258301
2015-09-14,54.51,54.9,48.93,48.93,18623062.0,175230608.0,1615572000.0,0.011527225032372435
2015-09-15,47.67,48.38,44.1,44.27,19902146.0,166993216.0,1615572000.0,0.0123189470973748
2015-09-16,44.38,48.71,44.38,48.71,20320310.0,172484816.0,1615572000.0,0.012577780501271377
2015-09-17,48.87,50.13,47.01,47.12,20969012.0,186926896.0,1615572000.0,0.01297931135226409
2015-09-18,47.39,48.93,47.23,48.1,11148992.0,97545320.0,1615572000.0,0.006900956441433746
2015-09-21,47.67,51.61,47.06,51.39,21342180.0,194423872.0,1615572000.0,0.013210293320260564
2015-09-22,51.5,52.98,51.01,51.61,18639452.0,176791152.0,1615572000.0,0.011537370046027041
2015-09-23,50.4,51.45,49.91,50.3,13359549.0,123238560.0,1615572000.0,0.008269237768418864
2015-09-24,50.68,52.16,50.35,51.72,16512398.0,154797888.0,1615572000.0,0.010220775056760082
2015-09-25,54.9,55.55,51.5,52.38,58750180.0,576520448.0,1615572000.0,0.03636494071449617
2015-09-28,50.68,52.32,49.75,51.88,20706024.0,192452000.0,1615572000.0,0.012816528139878632
2015-09-29,51.72,51.72,49.2,49.91,18975894.0,174763936.0,1615572000.0,0.011745619508137056
2015-09-30,49.58,50.68,49.58,50.13,10278010.0,94075672.0,1615572000.0,0.006361839645648724
2015-10-08,52.54,53.31,51.66,52.49,23215316.0,222154320.0,1615572000.0,0.01436971920780999
2015-10-09,52.49,53.25,52.16,52.92,17011924.0,163833488.0,1615572000.0,0.010529969571148795
2015-10-12,53.03,58.24,53.03,58.24,51925816.0,534445600.0,1615572000.0,0.032140824426271315
2015-10-13,60.16,64.05,59.55,64.05,88670256.0,1008999808.0,1615572000.0,0.05488474422681255
2015-10-14,65.75,69.69,62.73,66.29,112539616.0,1352525056.0,1615572000.0,0.06965930085443423
2015-10-15,65.69,69.58,64.98,68.1,73130168.0,902686144.0,1615572000.0,0.04526580554750887
2015-10-16,68.21,68.59,65.75,67.72,67796496.0,832033024.0,1615572000.0,0.04196439155915057
2015-10-19,67.83,70.57,67.06,68.65,69083776.0,866004800.0,1615572000.0,0.042761186749956055
2015-10-20,71.28,73.2,69.03,70.02,82496456.0,1072829568.0,1615572000.0,0.05106331132255325
2015-10-21,69.31,70.02,63.01,63.01,84147928.0,1013683264.0,1615572000.0,0.052085532554414164
2015-10-22,62.18,65.36,61.42,64.65,47665816.0,553247232.0,1615572000.0,0.029503987442218608
2015-10-23,65.64,66.73,64.05,65.2,57521416.0,687487680.0,1615572000.0,0.03560436551264815
2015-10-26,66.51,70.95,64.1,70.51,89803608.0,1111743872.0,1615572000.0,0.055586261707927596
2015-10-27,68.21,69.36,63.44,68.43,67906928.0,835567552.0,1615572000.0,0.04203274629666768
2015-10-28,68.43,70.4,67.11,67.55,49721780.0,623659136.0,1615572000.0,0.030776579440594413
2015-10-29,67.83,70.13,66.4,68.59,45722664.0,571251648.0,1615572000.0,0.028301223343806404
2015-10-30,69.03,69.42,66.46,67.55,31399368.0,388753216.0,1615572000.0,0.01943544948785941
2015-11-02,65.69,68.21,64.27,64.76,29445426.0,356967840.0,1615572000.0,0.018226006640372574
2015-11-03,64.76,66.62,63.5,65.8,26965874.0,321235072.0,1615572000.0,0.016691223913264157
2015-11-04,66.02,69.58,65.91,69.03,45487968.0,566548352.0,1615572000.0,0.028155952195259636
2015-11-05,69.03,70.13,67.39,67.88,60734184.0,760912192.0,1615572000.0,0.03759299121301929
2015-11-06,67.88,71.99,67.88,70.02,59794912.0,764884544.0,1615572000.0,0.0370116045586331
2015-11-09,68.65,72.87,68.38,70.68,79499720.0,1027141760.0,1615572000.0,0.049208404206064475
2015-11-10,70.29,72.21,68.48,68.98,68270528.0,883037312.0,1615572000.0,0.04225780590403894
2015-11-11,69.2,75.61,69.2,74.95,96319864.0,1287506176.0,1615572000.0,0.05961966659486547
2015-11-12,74.51,74.51,71.77,73.42,79018328.0,1054490176.0,1615572000.0,0.04891043419915671
2015-11-13,72.27,77.36,71.22,75.22,80901320.0,1105006336.0,1615572000.0,0.05007596071236689
2015-11-16,73.14,77.36,72.59,77.14,61127588.0,849163136.0,1615572000.0,0.03783649877566583
2015-11-17,77.36,80.26,74.84,75.55,82712448.0,1164327168.0,1615572000.0,0.0511970051474029
2015-11-18,74.89,76.32,72.1,72.81,48439536.0,654592896.0,1615572000.0,0.029982901412007636
2015-11-19,74.4,77.8,74.4,77.36,59492388.0,824651008.0,1615572000.0,0.03682434951831302
2015-11-20,77.36,77.96,75.06,76.59,60739624.0,846823808.0,1615572000.0,0.03759635844146841
2015-11-23,76.76,77.58,74.57,75.28,35275144.0,487863296.0,1615572000.0,0.02183446110727346
2015-11-24,75.33,77.52,75.28,76.54,31859212.0,444005632.0,1615572000.0,0.01972008180384409
2015-11-25,76.65,76.87,74.95,76.1,37367416.0,515782528.0,1615572000.0,0.023129526879643866
2015-11-26,76.59,77.42,75.28,76.32,47045120.0,654832192.0,1615572000.0,0.029119791627980677
2015-11-27,75.61,75.94,68.76,69.96,47730000.0,636295680.0,1615572000.0,0.029543715786111667
2015-11-30,73.03,75.88,70.13,75.33,53863588.0,719477120.0,1615572000.0,0.03334025843478347
2015-12-01,74.95,77.25,73.47,76.98,49935180.0,689884096.0,1615572000.0,0.030908668880124193
2015-12-02,77.14,77.2,72.48,75.44,31869160.0,439016864.0,1615572000.0,0.019726239375280088
2015-12-03,75.72,79.88,75.39,79.83,68447444.0,980186704.0,1615572000.0,0.04236731262983018
2015-12-04,78.78,79.39,77.03,78.4,51924252.0,741662272.0,1615572000.0,0.032139856348092195
2015-12-07,79.77,80.21,76.7,77.63,39452697.0,560601909.0,1615572000.0,0.024420265392071663
2015-12-08,77.74,78.57,74.79,75.06,37526968.0,521447392.0,1615572000.0,0.02322828570933391
2015-12-09,74.57,75.99,74.07,74.57,24971152.0,341160498.0,1615572000.0,0.015456539231925286
2015-12-10,74.24,75.33,73.63,74.68,22209316.0,301734528.0,1615572000.0,0.013747029535050125
2015-12-11,74.73,74.73,72.27,72.54,21438504.0,286609696.0,1615572000.0,0.013269915546939412
2015-12-14,72.1,74.4,71.0,74.13,19648036.0,260786144.0,1615572000.0,0.012161659152300238
2015-12-15,74.24,74.79,73.69,74.18,16927756.0,229318736.0,1615572000.0,0.010477871614511764
2015-12-16,75.61,75.61,74.02,74.07,18312392.0,249248624.0,1615572000.0,0.011334927815040122
2015-12-17,75.72,76.43,74.57,76.26,38568932.0,530444576.0,1615572000.0,0.02387323622840703
2015-12-18,77.14,78.24,75.5,76.54,50634884.0,711148416.0,1615572000.0,0.031341768735779034
2015-12-21,76.81,77.52,75.77,76.81,30459372.0,424774816.0,1615572000.0,0.018853614694981098
2015-12-22,76.43,78.73,75.72,78.02,39379206.0,555288108.0,1615572000.0,0.024374776240241845
2015-12-30,80.54,82.07,77.09,78.02,63026826.0,915062604.0,1621112580.0,0.03887874708861984
2015-12-31,77.09,77.14,74.62,74.79,31755508.0,439441318.0,1621112580.0,0.01958871233976853
2016-01-04,73.74,75.94,67.33,67.72,26442100.0,346922467.0,1621112580.0,0.016311081862062905
2016-01-05,65.2,69.03,61.36,65.09,34759397.0,416989583.0,1621112580.0,0.02144169222349752
2016-01-06,65.53,66.79,64.98,66.4,22232045.0,267723807.0,1621112580.0,0.01371406605209368
2016-01-07,65.2,65.75,61.2,62.35,9569000.0,112048559.0,1621112580.0,0.00590273625536852
2016-01-08,63.66,68.59,63.06,67.99,67078893.0,820505474.0,1621112580.0,0.04137830637277517
2016-01-11,66.24,67.88,62.18,62.95,30671692.0,367113360.0,1621112580.0,0.01892014927180443
2016-01-12,64.65,65.42,62.51,63.39,26161351.0,303784658.0,1621112580.0,0.016137898948387658
2016-01-13,63.94,66.51,62.4,63.17,20436008.0,241313833.0,1621112580.0,0.0126061621210786
2016-01-14,63.28,66.9,61.36,66.51,34774666.0,411680407.0,1621112580.0,0.021451111063489497
2016-01-15,66.29,68.59,64.54,66.84,31201017.0,378321085.0,1621112580.0,0.019246668852572844
2016-01-18,65.75,69.36,65.75,68.65,28636323.0,356344845.0,1621112580.0,0.017664610930352535
2016-01-19,67.66,71.17,67.55,70.79,26242850.0,334237380.0,1621112580.0,0.0161881724463578
2016-01-20,70.51,71.77,67.39,68.38,30780427.0,390063115.0,1621112580.0,0.01898722357703251
2016-01-21,67.28,69.2,64.1,65.14,24282639.0,296671463.0,1621112580.0,0.014978996091684144
2016-01-22,65.69,66.46,61.09,63.83,28458385.0,330478259.0,1621112580.0,0.017554848041460513
2016-01-25,65.58,67.28,64.92,66.35,20344122.0,246106423.0,1621112580.0,0.012549481295123871
2016-01-26,66.79,66.84,60.05,61.14,34255622.0,398718261.0,1621112580.0,0.021130933423513375
2016-01-27,61.42,61.47,55.01,56.21,40295209.0,418057254.0,1621112580.0,0.024856514900402537
2016-01-28,56.16,56.87,54.08,54.51,24097908.0,244600416.0,1621112580.0,0.014865042870742511
2016-01-29,54.79,57.91,54.79,57.03,23270538.0,239571365.0,1621112580.0,0.014354671160469313
2016-02-01,57.14,57.53,54.46,55.66,15669435.0,160329202.0,1621112580.0,0.009665852448076124
2016-02-02,55.83,58.79,55.66,57.36,17253870.0,180950638.0,1621112580.0,0.010643227504902836
2016-02-03,56.49,59.39,56.16,58.57,17740417.0,187954412.0,1621112580.0,0.01094335903555816
2016-02-04,59.34,62.07,59.01,60.7,24144266.0,267214552.0,1621112580.0,0.014893639280746314
2016-02-05,60.87,61.8,59.72,59.77,9610333.0,105865202.0,1621112580.0,0.005928232942341364
2016-02-15,57.53,59.83,57.36,59.06,13451712.0,144383759.0,1621112580.0,0.008297827162626793
2016-02-16,59.83,61.42,59.17,61.2,17563137.0,194512019.0,1621112580.0,0.010834002040746608
2016-02-17,61.25,61.91,60.38,61.31,14450428.0,161582148.0,1621112580.0,0.008913895418663643
2016-02-18,61.96,62.46,60.65,60.76,16284968.0,182674110.0,1621112580.0,0.010045550321989359
2016-02-19,61.8,63.55,61.58,61.91,23012975.0,263151091.0,1621112580.0,0.014195790769818096
2016-02-22,63.5,64.05,62.18,62.73,16546756.0,189824254.0,1621112580.0,0.010207036947427797
2016-02-23,63.23,63.28,61.69,62.07,13107022.0,149438885.0,1621112580.0,0.008085201584210765
2016-02-24,62.79,65.09,62.13,64.49,24344373.0,284908867.0,1621112580.0,0.015017077345732521
2016-02-25,64.21,64.49,58.02,58.07,26503163.0,295509451.0,1621112580.0,0.01634874920284685
2016-02-26,58.18,60.87,58.13,59.55,19076610.0,207606284.0,1621112580.0,0.011767603456633469
2016-02-29,59.61,60.54,55.39,58.02,18007866.0,190852223.0,1621112580.0,0.011108337707181323
2016-03-01,58.35,59.72,55.5,59.39,20481929.0,216000801.0,1621112580.0,0.01263448896312926
2016-03-02,60.16,62.07,58.95,61.69,20724749.0,229238201.0,1621112580.0,0.012784274982308755
2016-03-03,61.96,63.28,61.03,61.2,18475224.0,209295278.0,1621112580.0,0.011396632305450372
2016-03-04,62.73,63.01,59.17,61.64,25437770.0,286674089.0,1621112580.0,0.015691550552275647
2016-03-07,62.24,63.88,62.02,62.73,16028531.0,183991789.0,1621112580.0,0.009887364516041199
2016-03-08,62.79,62.95,59.5,62.4,19615755.0,218409531.0,1621112580.0,0.012100180605593721
2016-03-09,60.32,63.33,60.27,62.18,17091255.0,194594814.0,1621112580.0,0.010542916766459243
2016-03-10,62.24,62.9,60.81,61.09,8894963.0,99906273.0,1621112580.0,0.005486949586190985
2016-03-11,61.09,61.75,59.88,61.36,9576258.0,106445825.0,1621112580.0,0.005907213427459801
2016-03-14,62.62,63.83,61.91,63.17,27629449.0,317828014.0,1621112580.0,0.017043510327950203
2016-03-15,63.5,64.65,62.46,64.21,26173778.0,306224917.0,1621112580.0,0.016145564671393765
2016-03-16,64.54,65.2,63.12,63.61,15884650.0,185523263.0,1621112580.0,0.009798610038545257
2016-03-17,63.99,66.4,63.88,66.24,28515453.0,340626060.0,1621112580.0,0.01759005102532731
2016-03-18,66.68,68.21,66.02,66.24,37579715.0,459964568.0,1621112580.0,0.02318143444423829
2016-03-21,67.11,68.21,66.57,67.66,21610035.0,265580542.0,1621112580.0,0.013330372773987109
2016-03-22,67.11,67.94,66.29,67.33,20779860.0,253971287.0,1621112580.0,0.012818270770559316
2016-03-23,66.95,67.5,66.51,67.22,12711530.0,155299139.0,1621112580.0,0.00784123826859699
2016-03-24,67.22,67.28,65.75,66.07,18992792.0,230470880.0,1621112580.0,0.011715899459616801
2016-03-25,66.02,66.95,65.64,66.4,12868810.0,155826611.0,1621112580.0,0.00793825805731518
2016-03-28,66.46,69.69,66.46,68.05,27618601.0,344656454.0,1621112580.0,0.017036818627365165
2016-03-29,69.25,69.74,67.01,67.83,22143752.0,276287303.0,1621112580.0,0.013659601605213624
2016-03-30,68.76,70.07,67.72,70.02,26521388.0,334240012.0,1621112580.0,0.016359991481899424
2016-03-31,70.13,70.51,69.09,69.31,16170509.0,205423580.0,1621112580.0,0.009974945108377358
2016-04-01,69.14,70.18,68.1,69.31,15012759.0,189285811.0,1621112580.0,0.00926077509064793
2016-04-05,69.36,70.02,67.39,69.58,22477081.0,282265984.0,1621112580.0,0.013865219033708319
2016-04-06,69.58,72.27,69.03,71.39,21520087.0,280138764.0,1621112580.0,0.013274887423302828
2016-04-07,71.5,71.99,69.85,70.02,15884386.0,204687770.0,1621112580.0,0.009798447187424824
2016-04-08,69.53,69.53,67.11,68.59,15743587.0,196928341.0,1621112580.0,0.009711593873387868
2016-04-11,69.64,71.39,69.36,71.06,21358381.0,275922786.0,1621112580.0,0.013175137410876177
2016-04-12,71.0,73.31,70.18,72.21,23045220.0,301899214.0,1621112580.0,0.014215681430342117
2016-04-13,74.51,75.55,72.81,72.87,33667963.0,454971610.0,1621112580.0,0.020768429913732456
2016-04-14,73.03,74.4,71.88,73.14,15794899.0,210248732.0,1621112580.0,0.009743246209340995
2016-04-15,73.53,73.58,72.59,72.87,12486048.0,166322858.0,1621112580.0,0.00770214737337983
2016-04-18,73.09,73.09,69.69,70.46,17519666.0,226412388.0,1621112580.0,0.010807186506442384
2016-04-19,71.22,71.66,69.64,70.46,12156824.0,156424271.0,1621112580.0,0.007499062156435798
2016-04-20,70.68,71.17,64.92,67.72,28037843.0,347697868.0,1621112580.0,0.017295432375214803
2016-04-21,67.72,68.27,65.69,66.02,20012964.0,243141303.0,1621112580.0,0.012345203070350612
2016-04-22,65.96,66.84,65.69,66.84,11185278.0,135293014.0,1621112580.0,0.006899753994876778
2016-04-25,67.66,67.83,66.24,66.9,13158906.0,160777422.0,1621112580.0,0.008117206764258162
2016-04-26,67.17,67.72,66.73,67.44,9220854.0,113070153.0,1621112580.0,0.005687978807739559
2016-04-27,67.72,68.98,67.39,67.5,11626163.0,144470165.0,1621112580.0,0.007171718450300349
2016-04-28,67.33,68.05,66.02,67.88,11306892.0,138133386.0,1621112580.0,0.006974772843968678
2016-04-29,67.94,69.36,67.28,68.16,14855289.0,185805995.0,1621112580.0,0.009163638098471854
2016-05-03,68.81,69.58,67.83,69.53,18894865.0,237990985.0,1621112580.0,0.011655492180561574
2016-05-04,69.31,72.65,68.87,71.5,29301555.0,380978152.0,1621112580.0,0.01807496614454747
2016-05-05,71.22,71.88,69.58,70.62,24662868.0,316873591.0,1621112580.0,0.015213544268467771
2016-05-06,70.57,71.22,67.11,67.5,23352332.0,293865679.0,1621112580.0,0.01440512663222933
2016-05-09,66.84,67.66,65.75,66.68,17328947.0,210096314.0,1621112580.0,0.010689539525996399
2016-05-10,66.07,67.22,65.2,65.58,12044368.0,145043080.0,1621112580.0,0.007429692514014048
2016-05-11,66.07,67.61,66.07,66.68,16965895.0,207295240.0,1621112580.0,0.010465587158666056
2016-05-12,67.03,68.35,66.04,67.8,13928150.0,170964199.0,1621112580.0,0.008591722852462227
2016-05-13,67.8,68.57,67.14,67.86,13072508.0,161399228.0,1621112580.0,0.008063911267655452
2016-05-16,67.53,68.63,66.81,68.52,10539656.0,129991579.0,1621112580.0,0.006501495411256385
2016-05-17,69.51,69.67,66.54,66.87,20163797.0,248952697.0,1621112580.0,0.012438245960684605
2016-05-18,65.99,66.48,63.02,64.34,19078751.0,225639012.0,1621112580.0,0.011768924154545763
2016-05-19,63.95,65.49,63.68,64.89,12883570.0,151681666.0,1621112580.0,0.00794736291541208
2016-05-20,63.68,65.11,63.51,64.61,8479059.0,99203881.0,1621112580.0,0.005230394918038326
2016-05-23,64.5,65.88,64.06,65.6,11267159.0,133606152.0,1621112580.0,0.006950263133483302
2016-05-24,65.33,65.77,63.29,64.28,11336077.0,133002001.0,1621112580.0,0.006992775911960414
2016-05-25,64.78,65.16,63.9,64.23,8342871.0,97995248.0,1621112580.0,0.005146385946866195
2016-05-26,64.06,64.67,62.03,63.4,14069284.0,160671614.0,1621112580.0,0.008678782814701247
2016-05-27,63.24,63.95,62.41,62.69,11318709.0,129648797.0,1621112580.0,0.00698206228218894
2016-05-30,62.52,63.07,61.64,62.8,11706493.0,132626133.0,1621112580.0,0.0072212708385743325
2016-05-31,63.13,66.81,62.85,66.21,24542476.0,289024303.0,1621112580.0,0.015139279222668176
2016-06-01,66.7,67.09,65.33,65.99,21748555.0,261602103.0,1621112580.0,0.013415820263389727
2016-06-02,65.93,66.7,65.05,66.26,15400760.0,185198388.0,1621112580.0,0.009500117505719436
2016-06-03,65.82,69.4,65.82,68.68,30029259.0,371755219.0,1621112580.0,0.018523857855695623
2016-06-06,68.79,71.93,68.74,70.0,28380310.0,363761478.0,1621112580.0,0.017506686673173556
2016-06-07,69.4,70.66,68.79,69.45,14161095.0,178854355.0,1621112580.0,0.008735417376133125
2016-06-08,69.51,70.11,68.13,69.18,12296650.0,154708691.0,1621112580.0,0.007585315265396312
2016-06-13,68.24,71.21,67.09,67.14,23259530.0,292587724.0,1621112580.0,0.014347880762235527
2016-06-14,67.36,70.22,67.03,70.0,22187312.0,275831035.0,1621112580.0,0.013686472040084965
2016-06-15,69.73,73.36,69.07,72.31,41167679.0,540247418.0,1621112580.0,0.025394707010416268
2016-06-16,71.98,72.86,71.43,71.93,21467434.0,281514891.0,1621112580.0,0.013242407877681142
2016-06-17,71.76,73.63,71.6,72.2,21564154.0,285323364.0,1621112580.0,0.013302070606348635
2016-06-20,72.2,72.42,70.06,71.32,19302598.0,248754520.0,1621112580.0,0.01190700648316479
2016-06-21,72.37,72.53,69.29,69.56,19034891.0,244036185.0,1621112580.0,0.011741868661583022
2016-06-22,70.39,72.92,68.85,72.64,25308055.0,324164194.0,1621112580.0,0.015611534517855631
2016-06-23,73.36,73.36,69.56,70.61,30426439.0,393860691.0,1749217155.0,0.017394317745528857
2016-06-24,69.89,71.32,67.97,69.07,24411653.0,308553738.0,1749217155.0,0.01395575896921729
2016-06-27,68.68,71.16,68.63,71.05,19881471.0,254982213.0,1749217155.0,0.011365925004320003
2016-06-28,70.39,72.04,70.11,71.43,18045669.0,234224291.0,1749217155.0,0.010316425807063389
2016-06-29,72.04,72.04,70.5,71.49,13909909.0,180288037.0,1749217155.0,0.007952076710567134
2016-06-30,71.49,72.75,71.1,71.76,20375116.0,266454028.0,1749217155.0,0.011648134104881906
2016-07-01,72.04,72.86,71.1,71.82,17417390.0,227604246.0,1749217155.0,0.009957248561285692
2016-07-04,71.82,77.26,71.49,75.83,52901074.0,717062463.0,1749217155.0,0.030242713918501446
2016-07-05,75.5,76.44,74.84,75.5,30413148.0,419794130.0,1749217155.0,0.017386719489382096
2016-07-06,75.56,76.0,74.51,75.56,19481823.0,266493930.0,1749217155.0,0.011137452513721774
2016-07-07,75.34,77.15,74.79,75.72,23394051.0,322731516.0,1749217155.0,0.013374011873328557
2016-07-08,74.29,75.72,73.41,74.24,19382857.0,261604454.0,1749217155.0,0.011080875204428235
2016-07-11,74.24,75.89,73.36,74.35,21844213.0,296870948.0,1749217155.0,0.012487993807721375
2016-07-12,74.13,75.61,74.13,75.5,19119325.0,260668702.0,1749217155.0,0.010930218095191273
2016-07-13,76.49,77.43,75.67,76.11,23308725.0,324261194.0,1749217155.0,0.013325232338005512
2016-07-14,76.22,76.22,74.18,75.12,18539442.0,252782236.0,1749217155.0,0.010598708083216803
2016-07-15,75.23,76.33,74.68,75.23,13655477.0,187133503.0,1749217155.0,0.007806621928539227
2016-07-18,74.95,75.94,72.15,73.85,25182091.0,337149284.0,1749217155.0,0.014396206284633653
2016-07-19,76.99,80.84,76.77,78.53,108578473.0,1552673708.0,1749217155.0,0.062072609275318935
2016-07-20,78.47,80.45,78.14,78.64,57949061.0,836183599.0,1749217155.0,0.033128568876858513
2016-07-21,79.24,86.5,78.91,85.18,140071360.0,2145343024.0,1749217155.0,0.08007659860847866
2016-07-22,84.69,88.54,83.59,87.88,111574259.0,1755021251.0,1749217155.0,0.06378525312370378
2016-07-25,87.71,90.02,85.35,87.44,91204934.0,1447776777.0,1749217155.0,0.05214042964265349
2016-07-26,86.56,88.54,85.84,87.22,67583272.0,1067391262.0,1749217155.0,0.03863629613214032
2016-07-27,89.2,89.91,81.22,84.8,110502980.0,1715040742.0,1749217155.0,0.06317281972917765
2016-07-28,83.7,86.28,83.7,85.02,52066937.0,803545630.0,1749217155.0,0.029765850884306014
2016-07-29,85.24,85.24,80.56,80.73,62268037.0,930716259.0,1749217155.0,0.03559765968565521
2016-08-01,80.84,82.93,79.74,81.99,53570058.0,792910170.0,1749217155.0,0.030625161574064256
2016-08-02,81.94,82.21,79.9,81.61,38163166.0,562053501.0,1749217155.0,0.021817283172025602
2016-08-03,81.11,83.09,80.34,82.93,38451407.0,571197185.0,1749217155.0,0.021982066028845917
2016-08-04,83.04,84.25,81.77,83.37,43538512.0,658583228.0,1749217155.0,0.024890284133990213
2016-08-05,82.6,85.73,82.6,83.7,44534004.0,685116969.0,1749217155.0,0.025459391289813872
2016-08-08,83.92,84.41,81.77,84.14,30080125.0,455143284.0,1749217155.0,0.01719633546585015
2016-08-09,83.7,86.01,83.31,85.51,32226639.0,496547253.0,1749217155.0,0.01842346383802759
2016-08-10,85.46,86.12,83.97,84.14,26500717.0,409623733.0,1749217155.0,0.015150044077860648
2016-08-11,83.75,84.58,81.72,81.83,28964986.0,437490094.0,1749217155.0,0.016558827997544993
2016-08-12,82.1,82.87,80.95,82.32,25143195.0,373270506.0,1749217155.0,0.014373970051762955
2016-08-15,82.16,84.8,81.55,84.36,37889076.0,575232434.0,1749217155.0,0.02166059021985752
2016-08-16,84.52,86.78,84.36,86.23,40802651.0,635143388.0,1749217155.0,0.02332623532954089
2016-08-17,85.57,86.28,84.36,85.62,28615031.0,444022917.0,1749217155.0,0.016358764215298357
2016-08-18,86.78,86.78,84.36,85.13,41282285.0,640991068.0,1749217155.0,0.023600434561253773
2016-08-19,85.18,85.18,84.03,84.25,22299111.0,342408762.0,1749217155.0,0.012748051856374574
2016-08-22,84.41,86.28,83.92,84.91,29004788.0,450520765.0,1749217155.0,0.01658158217639936
2016-08-23,85.18,85.73,83.48,84.14,16817653.0,258573800.0,1749217155.0,0.009614388329046545
2016-08-24,84.69,84.74,83.04,83.37,17046212.0,259223814.0,1749217155.0,0.009745051922955786
2016-08-25,83.04,83.04,80.29,80.78,32640218.0,484764016.0,1749217155.0,0.01865990046273014
2016-08-26,81.39,83.81,80.73,82.71,25799517.0,386705179.0,1749217155.0,0.014749179040609168
2016-08-29,82.71,85.24,82.49,83.15,22605911.0,345458923.0,1749217155.0,0.012923444602279812
2016-08-30,83.59,83.7,82.71,83.2,13997837.0,211842926.0,1749217155.0,0.008002343768461383
2016-08-31,83.48,84.63,82.82,83.31,18338921.0,279383752.0,1749217155.0,0.010484073373954534
2016-09-01,83.59,85.4,83.48,84.47,25889019.0,398299588.0,1749217155.0,0.014800345929605293
2016-09-02,84.41,85.13,82.54,83.15,22936019.0,350288798.0,1749217155.0,0.013112162166051933
2016-09-05,83.81,84.03,81.0,82.21,31277903.0,466221173.0,1749217155.0,0.017881086353740912
2016-09-06,82.21,82.71,80.73,82.6,24179306.0,358479513.0,1749217155.0,0.013822929835146741
2016-09-07,82.6,83.04,81.39,81.61,19972498.0,298727048.0,1749217155.0,0.011417963711886876
2016-09-08,81.39,81.66,80.4,81.22,20927788.0,308462504.0,1749217155.0,0.01196408801513269
2016-09-09,81.33,81.5,79.96,80.18,19696765.0,289417813.0,1749217155.0,0.011260331482399622
2016-09-12,80.07,80.18,77.26,78.03,28745132.0,411847401.0,1749217155.0,0.016433140915542873
2016-09-13,78.53,78.86,77.92,78.09,13948537.0,198617452.0,1749217155.0,0.007974159732043103
2016-09-14,79.08,80.56,78.03,78.47,22584428.0,325987573.0,1749217155.0,0.012911163108276285
2016-09-19,78.75,79.35,77.81,78.8,13242914.0,189243863.0,1749217155.0,0.007570766135094302
2016-09-20,78.64,78.8,77.37,77.59,15052530.0,212753393.0,1749217155.0,0.008605295207043633
2016-09-21,77.43,78.03,77.26,77.37,11855915.0,167261203.0,1749217155.0,0.006777840570629437
2016-09-22,77.98,78.2,77.54,77.65,12710507.0,179820841.0,1749217155.0,0.007266397407359065
2016-09-23,77.65,77.98,76.44,76.88,14967709.0,210244792.0,1749217155.0,0.008556804372296474
2016-09-26,76.55,77.15,74.46,74.95,18776009.0,258636984.0,1749217155.0,0.010733949725070012
2016-09-27,74.68,76.05,74.24,75.67,12394731.0,169610762.0,1749217155.0,0.00708587322309905
2016-09-29,75.72,75.72,74.02,74.73,14124537.0,192469948.0,1749217155.0,0.008074776170372054
2016-09-30,74.29,74.95,74.02,74.24,13919555.0,188066496.0,1749217155.0,0.00795759117740873
2016-10-10,74.62,76.05,74.24,76.0,19817170.0,271430755.0,1749217155.0,0.011329165131587106
2016-10-11,76.22,76.22,75.28,75.72,14687735.0,201921287.0,1749217155.0,0.008396747629656079
2016-10-12,75.72,77.59,75.45,77.26,21755160.0,304697808.0,1749217155.0,0.012437083604979852
2016-10-13,77.04,77.54,76.22,76.99,14041115.0,196185306.0,1749217155.0,0.00802708512197275
2016-10-14,77.54,79.41,76.6,79.08,35713927.0,508762885.0,1749217155.0,0.020417091667500827
2016-10-17,79.19,79.3,77.76,78.42,22071951.0,315750729.0,1749217155.0,0.012618188048813185
2016-10-18,77.81,79.41,77.81,79.3,17855486.0,256381553.0,1749217155.0,0.010207701170184328
2016-10-19,79.19,79.35,77.92,78.2,14085631.0,201303179.0,1749217155.0,0.00805253422065827
2016-10-20,78.25,78.64,77.48,77.81,9612578.0,136045154.0,1749217155.0,0.005495360008631976
2016-10-21,77.87,77.98,77.1,77.65,8763132.0,123642010.0,1749217155.0,0.005009745059354852
2016-10-24,78.03,79.13,77.76,78.86,20378093.0,291480939.0,1749217155.0,0.01164983600906887
2016-10-25,78.53,79.08,77.65,77.98,12854880.0,182881671.0,1749217155.0,0.007348933186057165
2016-10-26,78.2,78.31,76.22,76.33,16417591.0,229471292.0,1749217155.0,0.009385679161144517
2016-10-27,76.44,77.21,76.11,76.49,8618987.0,119904543.0,1749217155.0,0.004927339624679132
2016-10-28,76.49,77.1,76.22,76.71,10685762.0,149181233.0,1749217155.0,0.00610888246176616
2016-10-31,76.33,76.82,75.72,76.33,9199734.0,127411313.0,1749217155.0,0.0052593435718963095
2016-11-01,76.38,78.36,76.38,77.98,16584486.0,234037239.0,1749217155.0,0.00948109041384287
2016-11-02,78.03,78.75,77.43,77.81,13275121.0,188564506.0,1749217155.0,0.007589178371624191
2016-11-03,77.76,78.2,76.77,77.7,14985049.0,211548363.0,1749217155.0,0.008566717378209111
2016-11-04,77.7,77.98,76.22,76.38,12573167.0,175927265.0,1749217155.0,0.007187882284403963
2016-11-07,76.38,77.37,76.0,76.33,12322664.0,171806341.0,1749217155.0,0.007044673650024888
2016-11-08,76.93,77.26,75.78,76.6,8895986.0,123693885.0,1749217155.0,0.005085695606501184
2016-11-09,77.04,77.43,75.23,76.27,14939459.0,207609811.0,1749217155.0,0.008540654290576061
2016-11-10,76.66,77.21,76.44,76.77,13466764.0,187870758.0,1749217155.0,0.007698737667593936
2016-11-11,76.93,77.04,75.23,76.0,24182476.0,333440733.0,1749217155.0,0.013824742074405278
2016-11-14,75.89,76.55,75.39,75.78,16546884.0,228635681.0,1749217155.0,0.009459593940467614
2016-11-15,75.89,76.22,75.28,76.16,12283144.0,169050550.0,1749217155.0,0.007022080686145569
2016-11-16,76.16,79.13,75.61,78.42,44710643.0,633727883.0,1749217155.0,0.02556037303441607
2016-11-17,77.37,78.09,77.04,77.65,18725059.0,263834763.0,1749217155.0,0.0107048224095424
2016-11-18,77.59,77.98,76.49,76.55,15018155.0,210902293.0,1749217155.0,0.00858564355893251
2016-11-21,76.16,76.71,76.05,76.49,11282185.0,156633880.0,1749217155.0,0.006449848132206318
2016-11-22,76.44,76.82,76.11,76.6,12290623.0,170626839.0,1749217155.0,0.0070263563130902405
2016-11-23,76.77,77.21,76.33,76.66,13065460.0,182292406.0,1749217155.0,0.00746931846778052
2016-11-24,76.66,76.77,75.61,75.83,14152625.0,195942032.0,1749217155.0,0.008090833639234461
2016-11-25,76.05,76.05,74.24,75.78,12293326.0,168071403.0,1749217155.0,0.007027901575776622
2016-11-28,75.94,76.22,75.72,76.16,10382568.0,143419043.0,1749217155.0,0.005935551209478048
2016-11-29,76.16,76.66,75.56,76.0,15917995.0,220350490.0,1749217155.0,0.009100067967261618
2016-11-30,75.83,76.49,75.34,75.67,11948499.0,165140411.0,1749217155.0,0.006830769390664934
2016-12-01,75.89,76.27,75.45,75.67,10353563.0,142796864.0,1749217155.0,0.005918969506104575
2016-12-02,75.39,76.0,74.29,74.35,13285055.0,180816812.0,1749217155.0,0.00759485748354669
2016-12-05,74.35,75.67,74.13,74.62,7545641.0,102857981.0,1749217155.0,0.00431372455868694
2016-12-06,74.79,75.17,74.24,74.51,6560553.0,88927382.0,1749217155.0,0.0037505652064108645
2016-12-07,74.57,75.06,74.02,74.9,11873114.0,160809611.0,1749217155.0,0.006787672969054548
2016-12-08,74.95,75.5,74.62,74.84,9034382.0,123247042.0,1749217155.0,0.00516481442808626
2016-12-09,74.9,75.06,73.85,74.02,9950125.0,134447040.0,1749217155.0,0.0056883303319764204
2016-12-12,74.4,74.51,70.72,71.16,19223115.0,254610881.0,1749217155.0,0.010989553209589921
2016-12-13,71.16,71.71,70.44,71.16,12734299.0,164479845.0,1749217155.0,0.007279998920431351
2016-12-14,71.49,71.6,70.72,70.72,11436687.0,147871575.0,1749217155.0,0.006538174501267111
2016-12-15,71.32,72.26,70.88,71.43,10677710.0,138954949.0,1749217155.0,0.0061042792597126114
2016-12-16,71.43,72.09,71.05,71.65,7173844.0,93507989.0,1749217155.0,0.004101174047769958
2016-12-19,71.6,72.86,71.49,72.37,6298471.0,82867227.0,1749217155.0,0.0036007370394215005
2016-12-20,72.53,73.69,71.93,73.41,11680584.0,154689009.0,1749217155.0,0.006677606589102998
2016-12-21,73.41,73.8,73.25,73.52,6439262.0,86086109.0,1749217155.0,0.0036812250449258827
2016-12-22,73.58,73.69,73.08,73.25,4012015.0,53491242.0,1749217155.0,0.0022936060217177553
2016-12-23,73.41,74.9,73.36,73.8,9830954.0,132600943.0,1749217155.0,0.005620202141225856
2016-12-26,74.57,74.57,73.41,74.02,7393688.0,99371447.0,1749217155.0,0.004226855412928991
2016-12-27,73.85,74.79,73.69,73.96,5546144.0,74810346.0,1749217155.0,0.0031706434985197705
2016-12-28,74.46,75.28,73.63,74.51,9342995.0,126597999.0,1749217155.0,0.005341243637643149
2016-12-29,74.68,75.12,74.13,74.4,7044396.0,95627795.0,1749217155.0,0.004027170657379015
2016-12-30,74.4,74.68,73.52,73.63,6245604.0,83953790.0,1749217155.0,0.003570513805074133
2017-01-03,73.69,74.57,73.36,74.29,7281932.0,98330768.0,1749217155.0,0.004162966261327342
2017-01-04,74.46,74.51,73.63,74.4,7039303.0,94920896.0,1749217155.0,0.004024259069194871
2017-01-05,74.73,75.5,74.18,75.01,11854877.0,161869960.0,1749217155.0,0.006777247162317019
2017-01-06,75.34,75.34,74.29,74.35,5934517.0,80751352.0,1749217155.0,0.003392670248537552
2017-01-09,74.4,77.59,74.4,76.71,26006455.0,362171751.0,1749217155.0,0.014867482248080285
2017-01-10,76.44,77.76,76.16,76.99,14908847.0,209061740.0,1749781155.0000002,0.008520406656225532
2017-01-11,77.21,77.65,76.33,76.44,10269656.0,144003336.0,1749781155.0000002,0.005869108814353415
2017-01-12,76.6,76.88,75.12,75.28,12625529.0,174597963.0,1749781155.0000002,0.007215490327989044
2017-01-13,75.34,76.71,75.23,76.66,10116282.0,139734183.0,1749781155.0000002,0.0057814555672249185
2017-01-16,76.71,78.25,75.23,77.37,26974494.0,377352936.0,1749781155.0000002,0.015415924398842892
2017-01-17,77.26,77.65,76.66,77.43,9281769.0,130325832.0,1749781155.0000002,0.00530453135437957
2017-01-18,77.7,79.63,77.54,78.09,18977631.0,271926932.0,1749781155.0000002,0.010845716874805409
2017-01-19,79.13,79.13,77.59,78.14,15086536.0,214961745.0,1749781155.0000002,0.008621955926825603
2017-01-20,77.87,78.91,77.76,77.92,11897441.0,169466226.0,1749781155.0000002,0.00679938800689621
2017-01-23,77.87,79.19,77.76,78.53,10984231.0,157069746.0,1749781155.0000002,0.006277488455406298
2017-01-24,78.75,79.3,78.2,78.97,8205973.0,117733368.0,1749781155.0000002,0.004689713897393071
2017-01-25,78.86,79.41,78.64,78.86,6612017.0,95122939.0,1749781155.0000002,0.0037787679797020098
2017-01-26,78.97,80.51,78.69,80.29,15071966.0,218650577.0,1749781155.0000002,0.008613629171243416
2017-02-03,80.23,80.51,79.57,79.63,7896440.0,114731071.0,1756384005.0,0.004495850552909129
2017-02-06,79.74,80.01,78.64,79.46,9802369.0,141367974.0,1756384005.0,0.005580994231383928
2017-02-07,79.57,79.63,78.42,79.08,9365778.0,134691153.0,1756384005.0,0.005332420457791632
2017-02-08,79.02,79.02,77.92,78.8,11087275.0,157916733.0,1756384005.0,0.006312557486538942
2017-02-09,78.69,79.13,78.14,78.97,9801973.0,140172784.0,1756384005.0,0.0055807687681601265
2017-02-10,78.97,80.07,78.91,79.08,14484626.0,209221883.0,1756384005.0,0.008246844630084182
2017-02-13,78.91,80.07,78.75,79.9,14697990.0,213132881.0,1756384005.0,0.00836832375958696
2017-02-14,79.79,80.01,79.13,79.35,8281897.0,119702952.0,1756384005.0,0.004715311103052319
2017-02-15,79.24,80.01,78.2,78.64,10445601.0,150552418.0,1756384005.0,0.005947219383838558
2017-02-16,78.91,78.97,78.2,78.86,7637803.0,109210775.0,1756384005.0,0.004348595169539818
2017-02-17,78.75,79.08,77.32,77.37,9175930.0,129975757.0,1756384005.0,0.005224330199932559
2017-02-20,77.48,79.79,77.48,79.41,13873826.0,199176621.0,1756384005.0,0.007899084687918232
2017-02-21,79.41,80.01,79.08,79.57,8739627.0,126558741.0,1756384005.0,0.004975920399593937
2017-02-22,79.74,79.85,77.7,78.31,21898815.0,312190704.0,1756384005.0,0.012468124816474857
2017-02-23,78.31,79.08,77.87,78.86,11344310.0,161668696.0,1756384005.0,0.006458900768684693
2017-02-24,78.25,79.41,78.09,79.08,7203593.0,103408717.0,1756384005.0,0.004101377022048205
2017-02-27,79.08,80.29,78.69,80.29,20201492.0,293067073.0,1756384005.0,0.01150175129270777
2017-02-28,80.07,81.83,79.74,80.95,23201966.0,341724030.0,1756384005.0,0.013210075891120405
2017-03-01,80.95,81.28,80.29,81.11,11986486.0,176176059.0,1756384005.0,0.006824524685875855
2017-03-02,81.33,81.61,80.12,80.18,11665964.0,170852248.0,1756384005.0,0.006642034980271869
2017-03-03,80.62,82.6,79.9,82.32,27757215.0,412966978.0,1756384005.0,0.01580361408495063
2017-03-06,82.49,83.2,81.0,81.66,24322408.0,362258098.0,1756384005.0,0.013848001308802628
2017-03-07,81.44,82.32,81.17,82.05,12473155.0,185744966.0,1756384005.0,0.007101610447653786
2017-03-08,82.05,82.05,80.73,80.89,10687538.0,157659356.0,1756384005.0,0.006084966595901105
2017-03-09,80.84,81.17,80.12,80.29,10367663.0,151913511.0,1756384005.0,0.00590284526076631
2017-03-10,80.29,81.72,80.23,81.17,15587618.0,229504350.0,1756384005.0,0.0088748348627782
2017-03-13,81.55,82.32,80.73,81.66,25188067.0,374162495.0,1756384005.0,0.014340865624086574
2017-03-14,81.77,85.13,81.5,84.58,40128284.0,611774004.0,1756384005.0,0.022847101707692902
2017-03-15,84.63,85.02,83.42,84.25,19321390.0,295783124.0,1756384005.0,0.011000663832622411
2017-03-16,84.36,88.43,84.36,86.72,38859807.0,615797385.0,1756384005.0,0.02212489232956776
2017-03-17,86.28,87.93,86.23,86.39,20997086.0,332531009.0,1756384005.0,0.011954723989871453
2017-03-20,86.39,87.55,85.35,86.61,15427608.0,242315509.0,1756384005.0,0.008783732917221596
2017-03-21,86.39,88.81,86.39,87.93,20023483.0,320118130.0,1756384005.0,0.011400401588148146
2017-03-22,87.55,88.65,87.05,87.93,15069474.0,241055577.0,1756384005.0,0.008579828760169106
2017-03-23,87.44,88.21,85.68,86.61,19313958.0,304209562.0,1756384005.0,0.010996432411715114
2017-03-24,86.45,88.98,86.34,88.76,25040416.0,401318393.0,1756384005.0,0.01425680029464855
2017-03-27,89.14,89.75,87.71,88.21,16709930.0,269219961.0,1756384005.0,0.00951382496790615
2017-03-28,87.77,88.43,87.05,87.82,11618221.0,185222972.0,1756384005.0,0.006614852428014454
2017-03-29,87.77,87.77,85.84,86.34,13454835.0,212714387.0,1756384005.0,0.00766053150205043
2017-03-30,86.34,88.1,85.29,87.6,18691665.0,295109024.0,1756384005.0,0.010642128911894753
2017-03-31,87.6,89.25,86.34,87.0,17204380.0,274346157.0,1756384005.0,0.009795340854291143
2017-04-05,87.99,88.26,86.67,88.15,16439626.0,261783447.0,1756384005.0,0.009359926959708335
2017-04-06,88.48,92.27,88.1,92.22,37236372.0,615937630.0,1756384005.0,0.021200587054993135
2017-04-07,92.38,93.21,91.56,92.11,18427585.0,308849150.0,1756384005.0,0.010491774547901329
2017-04-10,93.32,93.32,90.46,90.63,14616031.0,242846943.0,1756384005.0,0.008321660273830607
2017-04-11,90.63,91.67,88.54,91.01,21342751.0,348934061.0,1756384005.0,0.012151528902132083
2017-04-12,90.74,90.85,88.1,88.87,19089761.0,309902580.0,1756384005.0,0.010868785496597597
2017-04-13,90.63,91.62,88.26,89.09,20074735.0,326716774.0,1756384005.0,0.011429581995083132
2017-04-14,88.98,89.75,86.72,87.11,16338140.0,262714302.0,1756384005.0,0.009302145745741975
2017-04-17,86.89,89.36,86.45,88.37,14275387.0,229788064.0,1756384005.0,0.008127714075829334
2017-04-18,88.1,90.63,88.1,89.8,15713511.0,255891562.0,1756384005.0,0.008946512240641817
2017-04-19,89.8,90.3,87.71,90.13,18166164.0,294956031.0,1756384005.0,0.010342934089746507
2017-04-20,89.91,91.34,89.53,90.19,14931285.0,245197480.0,1756384005.0,0.008501150635336149
2017-04-21,90.35,91.84,90.02,90.41,14679356.0,243298647.0,1756384005.0,0.008357714462333651
2017-04-24,89.91,91.29,87.88,88.87,20124300.0,327423514.0,1756384005.0,0.01145780190591066
2017-04-25,88.54,93.21,88.32,92.71,34197946.0,571755893.0,1756384005.0,0.019470654425596413
2017-04-26,93.21,95.08,92.77,93.65,24713147.0,421974834.0,1756384005.0,0.014070469173966316
2017-04-27,92.82,94.42,91.84,93.1,17750148.0,300579235.0,1756384005.0,0.01010607472481509
2017-04-28,93.48,94.91,93.1,93.21,17078952.0,292063807.0,1756384005.0,0.00972392822491002
2017-05-02,92.82,93.32,91.78,93.21,10667432.0,179319460.0,1756384005.0,0.006073519213129022
2017-05-03,93.21,95.85,92.93,94.53,18388507.0,317224862.0,1756384005.0,0.010469525427043502
2017-05-04,94.42,95.41,93.15,94.75,9968102.0,171444198.0,1756384005.0,0.0056753545760057185
2017-05-05,94.31,94.86,91.73,91.84,17639322.0,297541873.0,1756384005.0,0.010042975767135844
2017-05-08,91.89,92.93,88.1,88.7,19915643.0,326722008.0,1756384005.0,0.01133900271427261
2017-05-09,88.76,90.85,87.99,90.52,11684229.0,190267754.0,1756384005.0,0.006652434186793906
2017-05-10,90.63,91.51,87.71,87.82,12872391.0,209952746.0,1756384005.0,0.007328916093152419
2017-05-11,87.82,89.53,86.89,89.2,10782301.0,172843955.0,1756384005.0,0.006138920059227025
2017-05-12,89.14,90.19,88.54,89.2,5984326.0,97115109.0,1756384005.0,0.0034071854349413755
2017-05-15,89.8,90.74,87.92,88.7,8648898.0,139101796.0,1756384005.0,0.004924263700522597
2017-05-16,89.2,89.25,81.45,85.49,33647063.0,515937768.0,1756384005.0,0.019157008321765034
2017-05-17,85.1,86.93,83.88,85.54,12305556.0,190718059.0,1756384005.0,0.00700618769299257
2017-05-18,84.82,86.82,84.44,86.04,10590163.0,164513015.0,1756384005.0,0.006029525986260618
2017-05-19,86.04,86.37,84.55,85.38,11026849.0,170174552.0,1756384005.0,0.0062781538482525635
2017-05-22,86.26,86.26,81.45,82.28,28600841.0,429209933.0,1756384005.0,0.016283933876976978
2017-05-23,82.17,83.39,81.28,81.61,12144452.0,180615748.0,1756384005.0,0.006914462876812636
2017-05-24,81.61,81.61,78.79,80.34,14846245.0,214846874.0,1756384005.0,0.008452732977376436
2017-05-25,80.29,81.28,72.32,79.9,15817371.0,227462964.0,1756384005.0,0.009005645095247835
2017-05-26,79.96,82.83,79.96,82.06,11222184.0,166057670.0,1756384005.0,0.006389368138205061
2017-05-31,83.66,83.99,81.34,81.84,10401693.0,155639959.0,1756384005.0,0.005922220294872248
2017-06-01,81.95,83.66,81.39,82.39,8145325.0,121793289.0,1756384005.0,0.00463755361971655
2017-06-02,82.17,82.83,80.56,82.11,9553530.0,141390236.0,1756384005.0,0.005439317354748969
2017-06-05,82.33,85.1,82.33,84.93,12309089.0,187337780.0,1756384005.0,0.007008199212107946
2017-06-06,85.16,85.71,84.16,84.6,7245477.0,111071049.0,1756384005.0,0.004125223743426199
2017-06-07,84.77,85.6,84.38,85.54,13781250.0,211520921.0,1756384005.0,0.007846376396487395
2017-06-08,85.43,86.48,84.99,86.15,10644898.0,164758473.0,1756384005.0,0.006060689444732218
2017-06-09,86.15,87.04,85.71,86.59,13795867.0,215805796.0,1756384005.0,0.007854698608462904
2017-06-12,86.59,86.59,84.1,84.49,12352200.0,189804920.0,1756384005.0,0.007032744527868779
2017-06-13,84.44,85.93,83.72,85.49,8730563.0,133668642.0,1756384005.0,0.004970759796915823
2017-06-14,85.49,85.54,84.22,85.1,10632951.0,163237195.0,1756384005.0,0.0060538874014626435
2017-06-15,84.88,87.2,84.77,86.71,11296524.0,176183543.0,1756384005.0,0.0064316937343095425
2017-06-16,86.32,87.37,85.49,86.54,6191806.0,96534145.0,1756384005.0,0.0035253144997753495
2017-06-19,86.65,86.93,86.1,86.48,6836825.0,106773574.0,1756384005.0,0.0038925570834949614
2017-06-20,86.54,88.7,86.37,88.14,12202747.0,193607276.0,1756384005.0,0.0069476532268921455
2017-06-21,87.98,89.36,87.48,88.14,8130370.0,129690317.0,1756384005.0,0.004629038966908606
2017-06-22,88.14,90.8,88.09,89.64,14375304.0,233888742.0,1756384005.0,0.00818460197717412
2017-06-23,89.31,90.86,88.14,90.63,13495646.0,218499894.0,1756384005.0,0.007683767309188175
2017-06-26,90.97,94.51,90.97,93.79,29838330.0,504343748.0,1756384005.0,0.01698850018848811
2017-06-27,93.84,95.84,93.01,94.95,28578102.0,489057852.0,1756384005.0,0.016270987391507247
2017-06-28,94.45,95.72,93.68,94.67,14674096.0,251519760.0,1756384005.0,0.008354719673047808
2017-06-29,94.4,95.39,93.07,93.18,17605107.0,298907339.0,1756384005.0,0.010023495402988483
2017-06-30,93.07,94.89,92.96,94.62,11198221.0,191053889.0,1756384005.0,0.006375724766407218
2017-07-03,95.45,97.66,94.84,97.44,19354144.0,338922849.0,1756384005.0,0.011019312374118325
2017-07-04,97.55,97.88,94.95,97.55,20069443.0,350805485.0,1756384005.0,0.01142656898654688
2017-07-05,96.83,98.49,96.33,97.22,10638015.0,187346151.0,1756384005.0,0.006056770597839736
2017-07-06,97.72,101.48,97.38,101.15,23881081.0,431621284.0,1756384005.0,0.013596731086149921
2017-07-07,100.93,101.92,99.49,101.31,16131420.0,293786664.0,1756384005.0,0.009184449388105195
2017-07-10,101.48,101.48,98.38,98.88,15954696.0,286989833.0,1756384005.0,0.009083831300319773
2017-07-11,98.66,99.49,97.66,99.04,9932351.0,176925024.0,1756384005.0,0.005654999687838765
2017-07-12,99.04,99.16,96.0,98.93,14747952.0,260817889.0,1756384005.0,0.008396769702989866
2017-07-13,98.49,101.15,96.67,96.94,17595945.0,314936690.0,1756384005.0,0.010018279003855993
2017-07-14,98.71,98.93,96.28,98.55,10421724.0,184050047.0,1756384005.0,0.005933624976276188
2017-07-17,98.55,99.54,95.17,99.43,16100440.0,284083739.0,1756384005.0,0.009166810876303784
2017-07-18,98.44,98.77,95.89,98.38,13687381.0,241321878.0,1756384005.0,0.007792931933469754
2017-07-19,97.88,106.79,97.88,104.63,44153706.0,832107703.0,1756384005.0,0.02513898206446033
2017-07-20,107.07,111.72,105.02,109.45,47226179.0,936566415.0,1756384005.0,0.02688829940693977
2017-07-21,109.61,110.61,106.68,110.28,22926653.0,451201117.0,1756384005.0,0.013053326000882137
2017-07-24,109.45,113.71,107.9,108.84,24146644.0,483926343.0,1756384005.0,0.013747929798529452
2017-07-25,108.84,108.95,105.41,108.23,19408740.0,375249520.0,1756384005.0,0.011050396692720963
2017-07-26,107.01,110.39,106.35,109.56,19023121.0,375091696.0,1756384005.0,0.010830843907622581
2017-07-27,109.0,113.87,108.45,110.55,20973850.0,422237070.0,1756384005.0,0.01194149453666882
2017-07-28,109.83,116.58,109.56,116.14,38757567.0,802570112.0,1756384005.0,0.022066681824513653
2017-07-31,115.75,123.78,115.42,123.61,44648216.0,976920726.0,1756384005.0,0.02542053211193984
2017-08-01,124.55,126.43,120.62,122.34,35786972.0,797352779.0,1756384005.0,0.020375368881818075
2017-08-02,121.4,124.5,119.96,121.95,22554556.0,498089775.0,1756384005.0,0.012841471987784356
2017-08-03,121.4,127.76,121.4,126.49,27109416.0,616808398.0,1756384005.0,0.01543478870385181
2017-08-04,123.28,125.38,117.3,118.24,46035334.0,1001218214.0,1756384005.0,0.026210289930304848
2017-08-07,118.13,122.12,110.72,119.19,20939492.0,448595878.0,1756384005.0,0.011921932755246197
2017-08-08,120.02,124.5,116.25,116.86,24954524.0,541783075.0,1756384005.0,0.01420789754914672
2017-08-09,114.54,119.13,114.54,115.98,15807022.0,333759705.0,1756384005.0,0.008999752875795517
2017-08-10,116.03,118.69,115.64,117.14,14422911.0,304781477.0,1756384005.0,0.0082117070976173
2017-08-11,116.31,119.74,114.04,117.69,19623096.0,417912026.0,1756384005.0,0.011172440618986392
2017-08-14,118.19,119.96,115.48,116.7,21246380.0,447941107.0,1756384005.0,0.012096659921473152
2017-08-15,117.58,118.63,116.31,118.08,11479182.0,243942736.0,1756384005.0,0.006535690354342529
2017-08-16,119.02,119.46,109.95,110.66,33989737.0,695838774.0,1756384005.0,0.019352110303464076
2017-08-17,110.39,112.32,108.06,111.16,24697232.0,489780638.0,1756384005.0,0.014061407943646128
2017-08-18,110.61,114.76,109.67,114.15,18302758.0,371850887.0,1756384005.0,0.010420704098816933
2017-08-21,112.88,116.47,112.6,112.99,14243023.0,294168566.0,1756384005.0,0.008109287581447772
2017-08-22,112.82,112.82,110.39,110.94,9172840.0,184707934.0,1756384005.0,0.005222570903565021
2017-08-23,110.22,112.6,110.22,111.16,7175201.0,144502739.0,1756384005.0,0.004085211992123556
2017-08-24,111.55,114.54,111.0,113.49,11905040.0,243377636.0,1756384005.0,0.00677815327747761
2017-08-25,113.15,114.7,112.38,114.48,9730363.0,200306661.0,1756384005.0,0.005539997501856094
2017-08-28,113.49,121.29,113.49,120.35,25774933.0,555311949.0,1756384005.0,0.014674998705650363
2017-08-29,120.4,121.9,118.41,120.02,13589148.0,294785322.0,1756384005.0,0.007737002820177698
2017-08-30,120.9,120.9,117.3,117.64,18438223.0,394542939.0,1756384005.0,0.010497831309958894
2017-08-31,118.13,119.68,116.2,118.36,13615744.0,290204545.0,1756384005.0,0.007752145294673189
2017-09-01,118.47,119.24,115.64,116.14,17602866.0,371398353.0,1756384005.0,0.010022219486108335
2017-09-04,114.92,126.27,113.82,126.1,38896372.0,850855226.0,1756384005.0,0.022145710669916968
2017-09-05,125.49,131.58,123.94,128.43,34433710.0,800654527.0,1756384005.0,0.019604887030384908
2017-09-06,128.15,130.36,126.16,128.48,20067045.0,465217721.0,1756384005.0,0.011425203681469417
2017-09-07,128.26,128.37,122.01,123.0,28199948.0,632190393.0,1756384005.0,0.016055684815918146
2017-09-08,123.45,128.32,122.62,126.05,44049482.0,996207711.0,1966243158.9999998,0.02240286599262874
2017-09-11,125.6,138.66,124.5,138.66,66766844.0,1624586375.0,1966243158.9999998,0.033956555014262105
2017-09-12,138.88,148.57,138.33,141.21,77291073.0,2004662015.0,1966243158.9999998,0.03930901050880656
2017-09-13,142.59,151.89,142.43,148.68,46058665.0,1229747595.0,1966243158.9999998,0.023424704512856238
2017-09-14,150.5,155.93,146.8,149.06,50243360.0,1375663869.0,1966243158.9999998,0.02555297383745405
2017-09-15,147.29,151.72,145.52,147.9,29546053.0,790838322.0,1966243158.9999998,0.015026652662342462
2017-09-18,145.69,151.89,144.42,150.89,32665225.0,877460109.0,1966243158.9999998,0.01661301393496673
2017-09-19,149.95,159.91,149.4,156.2,43484010.0,1232040629.0,1966243158.9999998,0.022115275926562043
2017-09-20,156.04,156.37,152.72,155.54,23405934.0,652289471.0,1966243158.9999998,0.011903885789946696
2017-09-21,155.43,159.36,148.79,149.34,27170838.0,755399861.0,1966243158.9999998,0.013818656088201552
2017-09-22,148.95,154.82,148.95,150.67,17805326.0,485503661.0,1966243158.9999998,0.009055505631895248
2017-09-25,151.33,154.71,149.45,154.27,24397386.0,671597395.0,1966243158.9999998,0.012408122509327954
2017-09-26,153.16,154.49,146.69,150.28,24897043.0,673618823.0,1966243158.9999998,0.012662240113100886
2017-09-27,152.05,152.77,146.74,150.72,19106369.0,515125773.0,1966243158.9999998,0.009717195410214267
2017-09-28,151.39,165.33,150.06,161.63,41872716.0,1201938524.0,1966243158.9999998,0.021295797423801745
2017-09-29,162.62,164.34,158.58,163.06,17952844.0,525046052.0,1966243158.9999998,0.009130530940603772
2017-10-09,164.23,168.43,161.74,166.11,27539639.0,822889790.0,1966243158.9999998,0.014006222411477441
2017-10-10,165.94,166.16,158.03,162.62,27318705.0,798506426.0,1966243158.9999998,0.013893858892759663
2017-10-11,161.57,165.17,159.19,161.46,16769072.0,491647805.0,1966243158.9999998,0.00852848332783443
2017-10-12,161.46,161.46,155.54,155.98,21024848.0,601168991.0,1966243158.9999998,0.010692903318576785
2017-10-13,156.04,160.91,155.76,157.7,18632628.0,529993838.0,1966243158.9999998,0.009476258271879385
2017-10-16,159.25,159.25,152.72,153.82,24831426.0,693535394.0,1966243158.9999998,0.012628868350458176
2017-10-17,155.59,164.45,153.55,161.63,29844352.0,862779683.0,1966243158.9999998,0.01517836278966553
2017-10-18,162.07,166.99,161.02,165.06,24590100.0,730970097.0,1966243158.9999998,0.012506133784849955
2017-10-19,162.84,166.83,161.4,166.61,17764090.0,527798458.0,1966243158.9999998,0.009034533658102865
2017-10-20,166.72,170.2,164.23,165.66,14628505.0,441432501.0,1966243158.9999998,0.007439824994707077
2017-10-23,165.11,169.15,163.06,163.23,13435784.0,400343734.0,1966243158.9999998,0.00683322606286052
2017-10-24,162.95,169.32,160.68,169.21,21929838.0,657922237.0,1966243158.9999998,0.011153166839829297
2017-10-25,168.21,171.36,165.66,168.15,16135332.0,489714804.0,1966243158.9999998,0.008206173242685902
2017-10-26,168.32,183.48,168.32,176.68,36381397.0,1154303681.0,1966243158.9999998,0.01850299991304382
2017-10-27,178.23,179.72,173.13,177.01,19131871.0,610665565.0,1966243158.9999998,0.009730165321836475
2017-10-30,178.61,182.37,174.3,179.61,28769990.0,930673824.0,1966243158.9999998,0.014631959362865356
2017-10-31,184.81,187.02,178.56,181.6,42190113.0,1391263707.0,1966243158.9999998,0.021457220490194724
2017-11-01,182.37,186.47,179.0,179.44,35633205.0,1176753300.0,1966243158.9999998,0.018122481360912903
2017-11-02,177.06,178.17,173.47,175.96,24203399.0,767226142.0,1966243158.9999998,0.012309463806251444
2017-11-03,175.18,180.27,173.74,176.84,17334352.0,557502075.0,1966243158.9999998,0.00881597574575465
2017-11-06,178.17,192.56,177.17,188.74,42330511.0,1415477581.0,1966243158.9999998,0.02152862468013805
2017-11-07,189.73,196.71,187.58,192.89,40557071.0,1407435474.0,1966243158.9999998,0.02062668130050949
2017-11-08,191.89,196.21,189.29,192.06,26471442.0,922958244.0,1966243158.9999998,0.013462954405630561
2017-11-09,191.45,199.14,190.45,197.2,29668467.0,1053570472.0,1966243158.9999998,0.015088910475899081
2017-11-10,198.64,216.9,198.64,216.9,39354406.0,1505494353.0,1966243158.9999998,0.020015025008409962
2017-11-13,227.08,230.85,217.46,223.15,58393595.0,2352119053.0,1966243158.9999998,0.029698053739039103
2017-11-14,225.42,226.2,210.32,213.31,50480890.0,1989131370.0,1966243158.9999998,0.02567377781783296
2017-11-15,213.31,218.23,205.5,209.76,39771091.0,1518454109.0,1966243158.9999998,0.020226944372550012
2017-11-16,212.53,221.88,206.94,221.49,46753437.0,1820100238.0,1966243158.9999998,0.023778054502566235
2017-11-17,219.39,229.3,211.2,213.19,45783202.0,1836101769.0,1966243158.9999998,0.023284608411954812
2017-11-20,213.31,228.41,210.98,226.92,40057685.0,1585616577.0,1966243158.9999998,0.020372701523026636
2017-11-21,226.31,234.89,222.55,234.28,45819642.0,1893085438.0,1966243158.9999998,0.023303141216421647
2017-11-22,233.5,237.65,226.31,233.45,39272735.0,1645727941.0,1966243158.9999998,0.019973488436686282
2017-11-23,233.23,233.23,210.1,210.1,49691351.0,1943677992.0,1966243158.9999998,0.02527223083907498
2017-11-24,201.46,208.44,193.77,198.97,58545616.0,2129630256.0,1966243158.9999998,0.029775369201932977
2017-11-27,198.81,204.12,188.18,193.77,46386429.0,1639236585.0,1966243158.9999998,0.023591400070574895
2017-11-28,194.49,200.86,194.49,199.2,29186098.0,1043355900.0,1966243158.9999998,0.014843585273981875
2017-11-29,199.75,202.74,192.39,196.93,29406328.0,1050852333.0,1966243158.9999998,0.014955590749495904
2017-11-30,196.82,196.82,177.23,177.23,62845105.0,2088319045.0,1966243158.9999998,0.031962020929274096
2017-12-01,178.5,188.85,178.5,185.2,43866046.0,1460023385.0,1966243158.9999998,0.022309573360351616
2017-12-04,187.35,195.32,181.88,192.17,46693595.0,1594872668.0,1966243158.9999998,0.023747619813079286
2017-12-05,192.28,196.26,186.19,188.96,36511528.0,1259739228.0,1966243158.9999998,0.01856918247007109
2017-12-06,188.52,190.73,170.26,183.7,48773465.0,1585478894.0,1966243158.9999998,0.02480540861731741
2017-12-07,180.83,184.15,177.45,180.33,26204668.0,857181644.0,1966243158.9999998,0.01332727739194133
2017-12-08,180.88,190.84,178.17,187.96,34103047.0,1144179308.0,1966243158.9999998,0.017344267337384797
2017-12-11,188.13,198.53,185.64,198.26,37812450.0,1321709958.0,1966243158.9999998,0.019230810709714465
2017-12-12,197.26,200.08,193.5,193.83,23787576.0,844811767.0,1966243158.9999998,0.01209798284160235
2017-12-13,193.33,201.96,193.22,201.58,22933934.0,820363862.0,1966243158.9999998,0.01166383409652336
2017-12-14,201.41,206.0,197.65,202.57,24265878.0,882491191.0,1966243158.9999998,0.012341239632000166
2017-12-15,202.57,202.57,190.07,196.32,22091555.0,783859092.0,1966243158.9999998,0.011235413534120274
2017-12-18,195.38,196.15,187.3,190.67,16158600.0,558604471.0,1966243158.9999998,0.008218006977437119
2017-12-19,190.12,193.83,188.18,192.94,14080311.0,487192209.0,1966243158.9999998,0.007161022244655145
2017-12-20,192.45,200.08,191.01,195.05,21769051.0,770091038.0,1966243158.9999998,0.011071393128747817
2017-12-21,194.22,203.62,191.84,202.35,30537046.0,1099051565.0,1966243158.9999998,0.015530655941623547
2017-12-22,203.62,221.0,203.62,216.18,49574336.0,1915855102.0,1966243158.9999998,0.025212718871053936
2017-12-25,217.01,223.15,210.93,212.59,29993120.0,1172120332.0,1966243158.9999998,0.01525402382849435
2017-12-26,214.02,217.01,206.94,211.48,26116650.0,997648975.0,1966243158.9999998,0.01328251283695884
2017-12-27,208.22,210.26,199.25,200.52,32423891.0,1199965285.0,1966243158.9999998,0.01649027530068574
2017-12-28,201.08,204.45,196.87,200.08,23337361.0,844255126.0,1966243158.9999998,0.011869010652715513
2017-12-29,200.58,203.4,197.81,201.63,17272449.0,625981986.0,1966243158.9999998,0.008784492864445359
2018-01-02,203.62,204.51,191.06,198.7,33521238.0,1189489116.0,1966243158.9999998,0.017048368532937896
2018-01-03,195.43,208.55,195.43,207.66,30405781.0,1125389415.0,1966243158.9999998,0.015463896650231145
2018-01-04,207.61,213.47,204.07,211.15,24113647.0,914466945.0,1966243158.9999998,0.012263817366446082
2018-01-05,210.82,214.58,204.34,211.2,30104135.0,1138345202.0,1966243158.9999998,0.015310484291937976
2018-01-08,209.16,209.16,201.52,205.67,27679452.0,1023883247.0,1975529499.0,0.01401115600349737
2018-01-09,205.12,207.11,201.35,203.29,20431329.0,751328873.0,1975529499.0,0.010342203956125284
2018-01-10,204.23,209.71,200.47,206.83,24366014.0,907583539.0,1975529499.0,0.012333915546355503
2018-01-11,201.96,202.41,196.71,199.31,29579169.0,1064789696.0,1975529499.0,0.014972780216631936
2018-01-12,199.36,204.45,197.37,203.01,22338953.0,810764898.0,1975529499.0,0.011307830640498069
2018-01-15,201.13,203.35,187.47,191.28,30831055.0,1091525387.0,1975529499.0,0.01560647665125045
2018-01-16,191.34,195.6,185.36,188.85,28925650.0,993363412.0,1975529499.0,0.014641973210039117
2018-01-17,188.41,188.85,172.47,184.98,46597539.0,1515615590.0,1975529499.0,0.02358736684194661
2018-01-18,190.34,191.45,184.42,185.31,26237255.0,888013158.0,1975529499.0,0.01328112539614373
2018-01-19,191.17,201.41,188.68,195.16,35567037.0,1254168599.0,1975529499.0,0.01800379949679506
2018-01-22,198.64,201.3,196.15,199.14,27783520.0,997318062.0,1975529499.0,0.014063834538569955
2018-01-23,198.2,212.25,195.82,211.7,43862935.0,1642171384.0,1975529499.0,0.02220312833708792
2018-01-24,211.09,221.49,209.76,215.57,44545108.0,1746649569.0,1975529499.0,0.022548439809452828
2018-01-25,214.69,217.51,206.94,208.99,34127174.0,1297235332.0,1975529499.0,0.01727495034484423
2018-01-26,215.08,216.79,209.71,210.71,34707611.0,1336812441.0,1975529499.0,0.017568763725152554
2018-01-29,208.05,215.68,207.0,208.05,29711410.0,1138511192.0,1975529499.0,0.015039719738449727
2018-01-30,207.94,214.97,207.5,211.26,25039319.0,960551549.0,1975529499.0,0.012674738095621826
2018-01-31,210.43,213.69,208.05,213.03,22897521.0,871983037.0,1975529499.0,0.011590574077274257
2018-02-01,209.88,212.81,199.8,203.4,32223352.0,1197290984.0,1975529499.0,0.016311248207789987
2018-02-02,201.35,211.81,196.76,208.93,20808016.0,778471199.0,1975529499.0,0.01053288043055438
2018-02-05,195.32,203.62,188.02,188.02,70135297.0,2404676256.0,1975529499.0,0.03550202466503387
2018-02-06,182.6,189.01,181.77,184.53,36992657.0,1239481182.0,1975529499.0,0.018725438936105707
2018-02-07,189.13,189.79,174.3,179.22,34784981.0,1141902464.0,1975529499.0,0.01760792790874949
2018-02-08,179.39,181.77,171.25,175.24,34498271.0,1099969508.0,1975529499.0,0.017462797198150064
2018-02-09,166.16,177.73,165.44,171.81,32201506.0,1002473393.0,1975529499.0,0.01630018990670612
2018-02-12,172.91,184.7,172.91,181.99,20507486.0,666565806.0,1975529499.0,0.010380754127124274
2018-02-13,184.7,185.92,177.78,178.45,19154011.0,626727562.0,1975529499.0,0.00969563401087943
2018-02-14,178.56,184.09,177.67,182.37,11985167.0,392477242.0,1975529499.0,0.006066812470310776
2018-02-22,183.98,188.57,183.98,187.96,14560779.0,491564254.0,1975529499.0,0.007370570273625664
2018-02-23,188.13,189.51,171.7,181.66,31710343.0,1035667511.0,1975529499.0,0.016051566436265097
2018-02-26,179.83,189.62,178.06,189.01,31593872.0,1052012153.0,1975529499.0,0.015992609584414005
2018-02-27,189.96,195.6,187.52,192.67,36117065.0,1258071115.0,1975529499.0,0.018282220041908874
2018-02-28,189.68,195.21,186.58,190.62,16814577.0,584076224.0,1975529499.0,0.008511427953119115
2018-03-01,189.24,205.56,188.96,203.73,34277835.0,1247218685.0,1975529499.0,0.017351213949146908
2018-03-02,203.68,205.61,197.09,197.92,18527912.0,672448718.0,1975529499.0,0.00937870682739929
2018-03-05,197.54,201.08,194.71,199.47,15254156.0,547399746.0,1975529499.0,0.007721553136878773
2018-03-06,199.53,205.23,198.53,202.9,16886662.0,618044950.0,1975529499.0,0.00854791690458073
2018-03-07,201.8,205.78,199.75,203.4,17552205.0,643614157.0,1975529499.0,0.00888481038065228
2018-03-08,202.07,205.73,199.53,200.47,15909776.0,582470891.0,1975529499.0,0.008053423655811479
2018-03-09,200.3,205.17,199.2,202.79,14622548.0,534790750.0,1975529499.0,0.00740183733394102
2018-03-12,204.07,210.82,203.18,207.0,20908538.0,786405740.0,1975529499.0,0.010583764003819615
2018-03-13,206.39,207.88,197.54,197.81,21702208.0,791067118.0,1975529499.0,0.010985514522048653
2018-03-14,197.81,204.34,197.81,203.62,19953269.0,729863078.0,1975529499.0,0.010100213137844923
2018-03-15,203.35,205.78,200.19,202.74,12820110.0,470346384.0,1975529499.0,0.006489455108865474
2018-03-16,202.85,203.84,199.42,199.69,9333839.0,337864492.0,1975529499.0,0.00472472772728766
2018-03-19,199.75,199.75,194.82,195.49,13849596.0,492086160.0,1975529499.0,0.0070105741306371655
2018-03-20,193.83,194.77,190.4,192.61,12575002.0,437571518.0,1975529499.0,0.006365383056221323
2018-03-21,194.77,204.01,194.77,198.53,24253950.0,882352630.0,1975529499.0,0.012277189488831825
2018-03-22,198.53,201.91,195.93,197.54,12369363.0,443973825.0,1975529499.0,0.006261289951003663
2018-03-23,188.41,194.49,180.44,188.3,23508240.0,795507800.0,1975529499.0,0.0118997160062149
2018-03-26,183.7,194.33,183.7,188.41,23636264.0,811401895.0,1975529499.0,0.011964520910451866
2018-03-27,192.17,192.67,187.58,190.01,16576315.0,568412191.0,1975529499.0,0.008390821300512507
2018-03-28,188.57,188.57,182.87,184.15,23316002.0,780702921.0,1975529499.0,0.011802406398792023
2018-03-29,188.13,190.62,181.77,186.69,16855973.0,565567444.0,1975529499.0,0.008532382335233355
2018-03-30,188.13,190.56,187.02,189.62,13448752.0,460038744.0,1975529499.0,0.0068076695421696665
2018-04-02,190.84,190.9,186.52,188.35,12707330.0,433866255.0,1975529499.0,0.006432366616865183
2018-04-03,186.25,190.45,183.2,187.58,14112179.0,476495572.0,1975529499.0,0.007143491913000283
2018-04-04,189.07,190.12,179.28,180.16,25602528.0,847204198.0,1975529499.0,0.012959830775981746
2018-04-09,180.11,183.65,178.72,181.05,12337340.0,404243660.0,1975529499.0,0.006245080119656568
2018-04-10,181.49,184.75,181.38,184.48,10599223.0,351260523.0,1975529499.0,0.005365256760461059
2018-04-11,186.52,189.24,185.53,185.86,10601976.0,358793276.0,1975529499.0,0.005366650310899761
2018-04-12,185.09,187.85,179.33,181.54,13125543.0,433596350.0,1975529499.0,0.0066440632785509214
2018-04-13,182.15,184.09,178.17,179.05,9635427.0,313503677.0,1975529499.0,0.004877389583338234
2018-04-16,178.72,180.16,172.08,173.25,17171220.0,544678587.0,1975529499.0,0.008691958286976711
2018-04-17,174.3,175.4,168.76,169.81,18154883.0,560988077.0,1975529499.0,0.00918988200843869
2018-04-18,171.42,182.37,169.87,180.55,32062242.0,1020606927.0,1975529499.0,0.016229695388618442
2018-04-19,181.38,193.66,181.38,189.62,34935274.0,1197536229.0,1975529499.0,0.01768400523387983
2018-04-20,188.3,192.5,185.81,188.35,15672991.0,532954409.0,1975529499.0,0.007933564650861232
2018-04-23,189.18,192.28,186.08,188.57,20183836.0,686529118.0,1975529499.0,0.010216924632214769
2018-04-24,188.57,196.43,188.57,195.43,23280003.0,816338645.0,1975529499.0,0.01178418394247425
2018-04-25,193.72,195.32,191.06,194.6,11940732.0,417014066.0,1975529499.0,0.0060443197664445504
2018-04-26,194.6,194.6,187.41,190.23,15483709.0,534716938.0,1975529499.0,0.007837751351137885
2018-04-27,190.67,194.49,188.68,190.45,12828827.0,444230919.0,1975529499.0,0.006493867596760194
2018-05-02,188.74,193.44,182.6,186.75,18007273.0,610397564.0,1975529499.0,0.009115162800208836
2018-05-03,187.02,191.45,184.92,191.28,16265091.0,552697770.0,1975529499.0,0.008233281764829774
2018-05-04,189.51,195.21,188.96,192.17,12427998.0,433013249.0,1975529499.0,0.006290970601193741
2018-05-07,193.16,200.52,189.51,198.26,19754978.0,699269696.0,1975529499.0,0.009999839541753154
2018-05-08,198.37,211.53,196.32,204.73,30686830.0,1136863359.0,1975529499.0,0.01553347090769005
2018-05-09,204.73,206.28,203.12,205.39,11763329.0,435956790.0,1975529499.0,0.005954519538156489
2018-05-10,207.5,208.88,201.74,203.35,12211400.0,452199015.0,1975529499.0,0.006181330122471636
2018-05-11,204.45,211.09,204.12,209.93,19426108.0,734379103.0,1975529499.0,0.009833367717279528
2018-05-14,210.26,214.41,207.0,209.88,18928991.0,721780365.0,1975529499.0,0.009581730371316516
2018-05-15,210.82,217.95,210.82,217.18,20335411.0,794064166.0,1975529499.0,0.010293650897287867
2018-05-16,217.46,217.46,212.53,214.69,9548573.0,370592943.0,1975529499.0,0.004833424661506409
2018-05-17,214.3,214.8,201.24,203.84,21596504.0,805295628.0,1975529499.0,0.010932007854568614
2018-05-18,205.06,205.84,198.31,203.9,19694943.0,716166756.0,1975593485.0,0.009969127327831818
2018-05-21,204.51,209.38,204.4,207.44,14652578.0,549339028.0,1975593485.0,0.00741679809700324
2018-05-22,207.99,213.25,206.39,211.26,15691860.0,598519895.0,1975593485.0,0.007942858750619943
2018-05-23,211.26,212.92,205.84,206.78,10853954.0,409312544.0,1975593485.0,0.005494021964746457
2018-05-24,208.49,208.49,197.65,198.86,24191982.0,878629109.0,1975593485.0,0.012245425075391964
2018-05-25,199.2,199.86,193.94,194.94,16686919.0,591803740.0,1975593485.0,0.008446534738395333
2018-05-28,197.04,197.98,191.95,195.05,17617244.0,619552518.0,1975593485.0,0.008917443863710656
2018-05-29,195.12,198.08,189.21,190.06,18354367.0,454768284.0,1975593485.0,0.00929055857865415
2018-05-30,186.87,191.23,183.06,187.57,20512522.0,494817784.0,2765830879.0,0.007416405014400738
2018-05-31,189.98,192.17,183.37,188.04,24259553.0,584507479.0,2765830879.0,0.008771162830017706
2018-06-01,188.82,189.75,170.52,174.02,49424638.0,1122022135.0,2765830879.0,0.017869725287711635
2018-06-04,156.66,156.66,156.66,156.66,4823000.0,97038760.0,2765830879.0,0.0017437797938476194
2018-06-05,141.01,141.01,141.01,141.01,7017600.0,127088736.0,2765830879.0,0.002537248409974094
2018-06-06,133.22,137.82,127.69,135.71,159417330.0,2727074768.0,2765830879.0,0.05763813370166658
2018-06-07,132.68,135.09,131.59,133.07,63476689.0,1087492235.0,2765830879.0,0.022950314671065612
2018-06-08,133.46,135.87,132.06,134.08,42893508.0,739233332.0,2765830879.0,0.015508362541497246
2018-06-11,133.92,133.92,127.69,130.11,49765058.0,833506312.0,2765830879.0,0.017992805842847775
2018-06-12,133.69,135.87,130.42,135.17,47673890.0,818577120.0,2765830879.0,0.017236733584099957
2018-06-13,133.38,135.56,130.5,131.12,29538081.0,503127773.0,2765830879.0,0.010679641052629958
2018-06-14,130.81,131.12,125.98,129.17,30472132.0,504032106.0,2765830879.0,0.01101735186752176
2018-06-15,125.67,127.38,124.11,124.81,35039045.0,564354607.0,2765830879.0,0.012668542124552656
2018-06-19,122.95,123.8,117.18,118.51,39448872.0,611387704.0,2765830879.0,0.01426293715191398
2018-06-20,117.26,126.84,117.26,125.05,32381658.0,510502889.0,2765830879.0,0.011707750551873132
2018-06-21,125.2,128.08,122.87,124.04,21382288.0,345075594.0,2765830879.0,0.007730873265733035
2018-06-22,122.87,126.76,121.08,126.29,18069633.0,289685376.0,2765830879.0,0.006533166267394182
2018-06-25,127.31,128.94,124.19,124.74,22794383.0,371088885.0,2765830879.0,0.008241423281904144
2018-06-26,122.95,127.15,121.31,124.35,22577882.0,359657117.0,2765830879.0,0.008163146261554195
2018-06-27,124.97,129.95,123.41,129.41,35366325.0,582786416.0,2765830879.0,0.012786871846910203
2018-06-28,128.86,131.2,126.99,127.85,23510145.0,390833582.0,2765830879.0,0.008500210616095303
2018-06-29,128.47,130.81,127.85,129.95,17720149.0,295767966.0,2765835704.9999995,0.006406797398690752
2018-07-02,130.19,130.34,122.32,123.96,25140067.0,404759743.0,2765835704.9999995,0.009089501214606673
2018-07-03,123.96,125.28,120.92,124.5,15368443.0,243300899.0,2765835704.9999995,0.005556527805399779
2018-07-04,124.19,124.81,120.06,120.69,17641184.0,277601139.0,2765835704.9999995,0.0063782472574595685
2018-07-05,121.08,121.93,116.17,117.73,29135536.0,442516495.0,2765835704.9999995,0.01053408051220454
2018-07-06,116.02,121.7,114.46,119.67,18998395.0,289698386.0,2765835704.9999995,0.0068689528324676835
2018-07-09,120.69,123.18,119.13,121.47,23392868.0,365135810.0,2765835704.9999995,0.008457793771955087
2018-07-10,121.47,121.93,115.94,117.96,28649261.0,434261048.0,2765835704.9999995,0.010358265658444093
2018-07-11,115.16,117.88,113.76,116.87,21860683.0,325707022.0,2765835704.9999995,0.007903825581715094
2018-07-12,118.27,119.44,116.25,118.66,26933014.0,408133713.0,2765835704.9999995,0.009737749046811154
2018-07-13,119.05,119.05,115.63,116.56,24555961.0,367853299.0,2765835704.9999995,0.008878315134774068
2018-07-16,117.03,117.88,115.86,116.56,17601695.0,263748999.0,2765835704.9999995,0.0063639698367405385
2018-07-17,116.02,116.48,110.49,113.06,35974480.0,519204365.0,2765835704.9999995,0.013006730636590726
2018-07-18,113.68,116.09,113.37,114.54,25926313.0,383087294.0,2765835704.9999995,0.009373771895825608
2018-07-19,117.57,117.81,112.51,114.22,28688046.0,424763568.0,2765835704.9999995,0.01037228854488304
2018-07-20,114.46,118.2,113.76,117.42,27726871.0,416502321.0,2765835704.9999995,0.010024771518379109
2018-07-23,118.04,118.82,115.63,117.42,20876025.0,313357286.0,2765835704.9999995,0.007547818173820272
2018-07-24,117.57,128.71,116.64,124.89,56838907.0,902071132.0,2765835704.9999995,0.02055035550276838
2018-07-25,125.36,126.53,121.31,121.86,33216869.0,529088207.0,2765835704.9999995,0.01200970431466753
2018-07-26,121.23,125.05,119.52,121.0,26667956.0,419196418.0,2765835704.9999995,0.009641916167251158
2018-07-27,121.86,126.92,121.86,124.04,32748579.0,524812282.0,2765835704.9999995,0.011840392016343576
2018-07-30,125.51,127.38,121.62,125.05,29116845.0,465905120.0,2765835704.9999995,0.010527322699379211
2018-07-31,124.27,124.27,121.39,122.01,18096216.0,284568699.0,2765835704.9999995,0.0065427660678782085
2018-08-01,122.09,123.96,121.7,122.09,15077121.0,237356119.0,2765835704.9999995,0.005451199061731689
2018-08-02,121.47,121.86,115.39,119.36,16689231.0,254332520.0,2765835704.9999995,0.006034064485402976
2018-08-03,119.29,120.77,115.08,115.39,17347313.0,261069621.0,2765835704.9999995,0.0062719969116893015
2018-08-06,105.89,109.01,103.87,104.26,57308571.0,775579073.0,2765835704.9999995,0.020720164576803743
2018-08-07,104.1,107.84,103.95,107.61,21296476.0,290611761.0,2765835704.9999995,0.00769983407239296
2018-08-08,107.29,111.27,106.59,110.72,20205853.0,284601169.0,2765835704.9999995,0.007305514555138771
2018-08-09,109.4,113.68,109.16,111.5,19568026.0,281020862.0,2765835704.9999995,0.007074905412720458
2018-08-10,112.12,113.52,108.62,110.56,12646286.0,179575583.0,2765835704.9999995,0.004572320032292013
2018-08-13,109.79,113.37,108.7,113.21,15730428.0,225672979.0,2765835704.9999995,0.005687405065876826
2018-08-14,113.99,114.22,111.42,112.28,12195633.0,176227015.0,2765835704.9999995,0.004409384468482014
2018-08-15,111.19,111.97,104.73,106.13,29388709.0,404720986.0,2765835704.9999995,0.01062561631801626
2018-08-16,104.49,107.22,103.32,104.26,22377340.0,301646283.0,2765835704.9999995,0.008090625180500374
2018-08-17,105.5,105.89,94.29,96.39,52215887.0,657657491.0,2765835704.9999995,0.018878882395510912
2018-08-20,96.39,96.94,91.57,95.15,28620266.0,342989753.0,2765835790.9999995,0.010347782067586964
2018-08-21,95.07,99.04,94.6,97.17,17856622.0,221876042.0,2765835790.9999995,0.0064561396081811
2018-08-22,98.11,98.11,95.62,96.32,10762751.0,133305752.0,2765835790.9999995,0.003891319591358922
2018-08-23,96.39,97.48,95.69,96.78,9740932.0,120999992.0,2765835790.9999995,0.0035218764728176884
2018-08-24,96.47,97.56,95.77,96.86,10990610.0,136524986.0,2765835790.9999995,0.003973703007157305
2018-08-27,99.12,104.65,98.89,102.16,28796202.0,377369608.0,2765835790.9999995,0.010411392496149821
2018-08-28,103.4,104.57,101.61,102.78,15379505.0,203385414.0,2765835790.9999995,0.005560527147000103
2018-08-29,102.62,103.48,99.74,101.07,13034918.0,168647112.0,2765835790.9999995,0.004712831485663569
2018-08-30,100.6,103.01,99.51,101.46,12437675.0,161668986.0,2765835790.9999995,0.004496895672719279
2018-08-31,101.92,109.01,100.05,105.89,27496706.0,370652925.0,2765835790.9999995,0.009941554046510639
2018-09-03,109.09,112.75,107.22,107.76,31861646.0,448153402.0,2765835790.9999995,0.011519717151566793
2018-09-04,108.54,109.86,105.19,107.84,22261765.0,308333827.0,2765835790.9999995,0.008048838283328153
2018-09-05,107.29,111.27,106.05,108.0,20438709.0,286809742.0,2765835790.9999995,0.007389704430938143
2018-09-06,106.59,108.46,105.5,106.52,14724736.0,201552825.0,2765835790.9999995,0.005323792557719491
2018-09-07,106.52,108.07,103.95,104.73,11373036.0,155021616.0,2765835790.9999995,0.004111970796316882
2018-09-10,104.02,104.57,99.66,99.66,17100942.0,221785263.0,2765835790.9999995,0.0061829202064874154
2018-09-11,99.74,100.99,98.11,99.2,13762802.0,175764710.0,2765835790.9999995,0.0049760011222589615
2018-09-12,99.66,100.6,98.65,99.74,11531471.0,147696478.0,2765835790.9999995,0.004169253661957548
2018-09-13,100.83,101.69,94.45,97.48,19973443.0,251009039.0,2765835790.9999995,0.007221485478275092
2018-09-14,97.87,101.22,97.64,99.59,19192958.0,246524698.0,2765835790.9999995,0.006939297720585468
2018-09-17,99.27,100.21,96.55,99.35,12581817.0,158908305.0,2765835790.9999995,0.004549010841837068
2018-09-18,99.35,99.51,94.21,99.27,19870632.0,247423339.0,2765835790.9999995,0.007184313712570655
2018-09-19,98.11,100.83,95.77,99.35,22422878.0,282971760.0,2765835790.9999995,0.00810708939155528
2018-09-20,98.81,101.38,98.42,98.89,16366138.0,209271790.0,2765835790.9999995,0.005917248613694002
2018-09-21,99.51,100.13,96.08,99.9,20558148.0,259595946.0,2765835790.9999995,0.007432888122605108
2018-09-25,99.2,102.0,98.34,100.68,19321932.0,249566536.0,2765835790.9999995,0.006985928833111988
2018-09-26,101.53,108.46,101.07,106.36,46032193.0,620707172.0,2765835790.9999995,0.016643140257924304
2018-09-27,105.89,107.84,104.18,105.58,22897304.0,311784334.0,2765835790.9999995,0.008278620182191433
2018-09-28,106.91,110.8,105.5,110.56,35570108.0,496590433.0,2765835790.9999995,0.012860527770934469
2018-10-08,107.45,108.85,106.36,107.14,22038558.0,304538561.0,2765835790.9999995,0.007968136818430522
2018-10-09,107.06,110.8,106.36,108.85,25408625.0,354888534.0,2765835790.9999995,0.009186599248834438
2018-10-10,109.86,111.73,102.23,104.65,27086225.0,372166650.0,2765835790.9999995,0.009793142849672526
2018-10-11,99.66,102.93,98.5,101.46,29608659.0,383760217.0,2765835790.9999995,0.010705139869961284
2018-10-12,101.07,104.41,98.42,103.25,21593265.0,283086884.0,2765835790.9999995,0.007807139191077162
2018-10-15,105.04,107.37,101.92,102.39,18024564.0,243063974.0,2765835790.9999995,0.006516859771159135
2018-10-16,101.92,104.96,99.35,99.9,18705896.0,245048879.0,2765835790.9999995,0.006763198329007379
2018-10-17,101.61,103.32,100.36,102.78,17594405.0,230425978.0,2765835790.9999995,0.006361333907548673
2018-10-18,101.61,102.47,97.64,99.35,17986325.0,230744734.0,2765835790.9999995,0.006503034293838887
2018-10-19,98.89,103.17,96.39,102.78,20627616.0,267891000.0,2765835790.9999995,0.007458004581154834
2018-10-22,105.11,110.18,103.56,108.62,29913544.0,412231823.0,2765835790.9999995,0.010815372372191566
2018-10-23,108.62,108.7,103.95,105.27,19442422.0,264206492.0,2765835790.9999995,0.007029492518415387
2018-10-24,104.41,107.14,102.0,105.43,15310879.0,205902236.0,2765835790.9999995,0.00553571511722476
2018-10-25,101.84,106.13,101.61,104.73,10606444.0,141318410.0,2765835790.9999995,0.0038348061134045835
2018-10-26,108.0,108.0,103.79,104.96,10135158.0,137035627.0,2765835790.9999995,0.0036644106034710005
2018-10-29,104.88,105.43,102.55,104.57,7878799.0,105538717.0,2765835790.9999995,0.0028486141605505028
2018-10-30,104.02,105.04,99.51,100.44,17724733.0,232155632.0,2765835790.9999995,0.006408454564683881
2018-10-31,99.9,106.91,99.9,105.5,25257868.0,338702637.0,2765835790.9999995,0.00913209239759961
2018-11-01,106.52,116.09,105.97,112.51,50295127.0,724055613.0,2765835790.9999995,0.018184422648538937
2018-11-02,116.79,123.8,116.4,123.8,71556280.0,1106871185.0,2765835790.9999995,0.02587148529672057
2018-11-05,133.92,136.18,132.44,136.18,44540701.0,774020097.0,2765835790.9999995,0.01610388481663842
2018-11-06,139.06,139.06,127.77,131.74,85587077.0,1456966940.0,2765835790.9999995,0.030944381180726437
2018-11-07,130.81,132.21,126.68,127.69,53495795.0,893105177.0,2765835790.9999995,0.019341638131256653
2018-11-08,130.03,130.03,126.14,127.15,29456125.0,485620149.0,2765835790.9999995,0.01064999053662185
2018-11-09,127.62,129.41,125.59,128.47,25976089.0,425703376.0,2765835790.9999995,0.00939176833437687
2018-11-12,127.31,137.04,126.53,136.18,51431869.0,873173860.0,2765835790.9999995,0.018595416679239873
2018-11-13,132.44,137.12,132.44,133.53,27349945.0,472064959.0,2765835790.9999995,0.00988849196651386
2018-11-14,132.99,136.88,129.87,133.53,25433388.0,435790614.0,2765835790.9999995,0.009195552419547096
2018-11-15,133.3,134.94,132.6,134.24,17967307.0,308831695.0,2765835790.9999995,0.006496158252946696
2018-11-16,134.0,138.6,133.38,133.92,28985273.0,504323813.0,2765835790.9999995,0.010479751941282188
2018-11-19,132.76,136.49,129.49,135.56,23467755.0,401433933.0,2765835790.9999995,0.008484869230618761
2018-11-20,133.53,134.55,130.26,131.04,18029757.0,305652880.0,2765835790.9999995,0.0065187373229707414
2018-11-21,129.1,136.26,128.55,135.56,26681247.0,459786052.0,2765835790.9999995,0.009646721286498822
2018-11-22,135.95,139.84,133.69,134.16,18559171.0,325434222.0,2765835790.9999995,0.006710149264967698
2018-11-23,134.31,135.95,131.98,132.68,14741055.0,252817984.0,2765835790.9999995,0.005329692763383581
2018-11-26,132.76,134.08,130.97,133.77,10279639.0,175432017.0,2765835790.9999995,0.003716648339518144
2018-11-27,135.33,138.6,134.94,136.42,25800086.0,451938217.0,2765835790.9999995,0.009328133681671633
2018-11-28,136.96,150.04,136.96,146.38,54211782.0,1004315519.0,2765835790.9999995,0.019600506355585016
2018-11-29,147.55,149.26,143.73,144.36,26979291.0,505300291.0,2765835790.9999995,0.009754480395325829
2018-11-30,143.42,145.91,141.01,144.82,20710228.0,382601384.0,2765835790.9999995,0.007487873310263344
2018-12-03,149.18,150.59,144.82,145.6,30454470.0,575986746.0,2771206576.0,0.0109896065720075
2018-12-04,144.82,144.82,140.7,142.33,34584028.0,632407240.0,2771206576.0,0.012479772637491027
2018-12-05,140.15,151.37,139.45,147.94,49284586.0,935350756.0,2771206576.0,0.01778452260716633
2018-12-06,147.55,154.32,146.07,148.33,41098651.0,793071213.0,2771206576.0,0.014830598106952529
2018-12-07,150.27,152.3,144.44,148.87,22421964.0,427545062.0,2771206576.0,0.00809104748602473
2018-12-10,147.86,149.34,145.45,147.63,20058749.0,379033290.0,2771206576.0,0.007238272734237334
2018-12-11,148.25,149.96,144.36,145.6,19651597.0,369274972.0,2771206576.0,0.007091350450086403
2018-12-12,145.6,148.56,144.82,144.98,14299093.0,269879296.0,2771206576.0,0.005159879860215805
2018-12-13,146.77,150.82,144.44,149.42,22173644.0,422002533.0,2771206576.0,0.00800144030836047
2018-12-14,148.87,152.07,146.3,146.46,21346153.0,409818690.0,2771206576.0,0.00770283716301343
2018-12-17,145.21,146.93,138.83,141.87,20480540.0,373401846.0,2771206576.0,0.007390477554929128
2018-12-18,142.96,144.59,140.15,142.57,14660986.0,267715409.0,2771206576.0,0.00529047026914965
2018-12-19,141.71,142.88,135.87,137.04,24734797.0,439695338.0,2771206576.0,0.008925641709360608
2018-12-20,137.82,142.49,136.88,137.89,32735160.0,585913953.0,2771206576.0,0.011812601876562521
2018-12-21,136.34,141.55,136.26,138.52,28795880.0,513622398.0,2781724552.0000005,0.010351808549590712
2018-12-24,138.52,142.72,137.43,142.33,21832739.0,394109602.0,2781724552.0000005,0.00784863439635054
2018-12-25,140.46,144.12,139.22,142.02,19270327.0,350617759.0,2781724552.0000005,0.006927474895436735
2018-12-26,140.62,145.53,140.23,141.55,28470841.0,520642877.0,2781724552.0000005,0.010234960531778775
2018-12-27,143.66,143.66,137.27,137.82,23460840.0,422765292.0,2781724552.0000005,0.008433919161094566
2018-12-28,138.83,139.92,130.97,135.79,26584833.0,458876636.0,2781730076.0,0.009556942001442414
2019-01-02,135.79,139.37,134.39,135.25,15205943.0,266641563.0,2781730076.0,0.005466361790884272
2019-01-03,135.48,138.98,132.99,136.1,18064025.0,315433291.0,2781730076.0,0.006493809430271983
2019-01-04,136.26,140.15,131.67,139.69,25464938.0,449317487.0,2781730076.0,0.009154352616633965
2019-01-07,140.15,144.36,140.07,143.5,19979527.0,365479550.0,2781730076.0,0.007182410389986379
2019-01-08,143.97,144.51,141.94,144.05,19616215.0,361971211.0,2781730076.0,0.007051803900473053
2019-01-09,144.05,150.66,142.26,148.17,31765318.0,599946546.0,2781730076.0,0.011419266834716425
2019-01-10,150.66,162.97,150.66,162.97,55391253.0,1134086845.0,2781730076.0,0.01991251900315579
2019-01-11,162.73,162.73,155.65,156.04,35247430.0,714905741.0,2781730076.0,0.012671046088944829
2019-01-14,155.96,160.24,154.79,158.37,24299370.0,492428663.0,2781730076.0,0.008735344313112283
2019-01-15,157.67,169.35,156.89,167.56,40725344.0,861934633.0,2781730076.0,0.014640293230233602
2019-01-16,167.72,167.72,163.59,165.54,26325208.0,560660846.0,2781730076.0,0.009463609797056384
2019-01-17,165.15,170.83,158.92,162.34,46137121.0,972294467.0,2781730076.0,0.016585764879942292
2019-01-18,166.16,175.97,161.02,173.4,46188546.0,1000247643.0,2781730076.0,0.01660425157656454
2019-01-21,173.63,174.88,169.2,172.23,34509599.0,761783040.0,2781730076.0,0.012405804322187585
2019-01-22,172.86,173.09,167.02,170.91,20253975.0,441582061.0,2781730076.0,0.007281071292554842
2019-01-23,170.91,173.79,166.78,172.08,17388628.0,380269776.0,2781730076.0,0.006251011969142617
2019-01-24,171.22,182.98,170.75,172.86,43325097.0,982814059.0,2781730076.0,0.015574874562344129
2019-01-25,172.86,178.85,170.75,175.42,32215362.0,726309340.0,2781730076.0,0.011581052481671482
2019-01-28,176.36,180.25,171.61,172.62,26133770.0,586915420.0,2781730076.0,0.009394790035695757
2019-01-29,171.3,175.74,166.7,173.63,30592200.0,674579612.0,2781730076.0,0.010997544392944904
2019-01-30,174.26,180.41,174.26,175.35,26247639.0,598226506.0,2781730076.0,0.009435724632830982
2019-01-31,177.99,177.99,170.6,172.7,17999265.0,402878757.0,2781730076.0,0.00647052895437005
2019-02-01,175.11,181.81,173.01,177.76,26984813.0,619106029.0,2781730076.0,0.009700730215637212
2019-02-11,178.23,182.35,174.65,181.11,34172795.0,782306009.0,2781730076.0,0.012284727154095018
2019-02-12,180.49,180.49,175.81,178.69,23605043.0,539118349.0,2781730076.0,0.008485741734490274
2019-02-13,178.15,180.95,176.44,180.17,29742307.0,682470913.0,2781730076.0,0.010692017624789846
2019-02-14,179.16,188.19,177.92,186.33,46280782.0,1100132578.0,2781730076.0,0.01663740935876483
2019-02-15,186.09,189.21,182.98,183.76,30247947.0,720133307.0,2781730076.0,0.010873789394942
2019-02-18,181.81,196.68,181.81,192.32,44681355.0,1096602321.0,2781730076.0,0.016062433729821024
2019-02-19,200.89,201.9,190.14,195.59,56761709.0,1429918266.0,2781730076.0,0.020405182188496424
2019-02-20,199.25,200.73,193.1,200.18,32823424.0,826461809.0,2781730076.0,0.01179964378398589
2019-02-21,199.02,213.97,197.93,210.0,55480488.0,1482839061.0,2781730076.0,0.01994459796033783
2019-02-22,210.7,228.53,210.23,225.8,55807935.0,1577294075.0,2781730076.0,0.020062311394443148
2019-02-25,232.5,232.5,219.34,225.49,74559511.0,2150105561.0,2781730076.0,0.026803287509193974
2019-02-26,221.99,235.69,217.31,223.0,68025689.0,1980270745.0,2781730076.0,0.024454453574380523
2019-02-27,222.22,223.0,201.66,208.52,78186575.0,2107872930.0,2781730076.0,0.028107175341911213
2019-02-28,207.11,216.46,206.18,211.01,44272635.0,1207445800.0,2781730076.0,0.015915503586049592
2019-03-01,210.93,219.81,206.34,215.45,42393698.0,1170115465.0,2781730076.0,0.015240047323700144
2019-03-04,216.46,218.95,211.09,213.34,57142509.0,1579487769.0,2781730076.0,0.020542075413071098
2019-03-05,213.19,218.64,210.23,214.67,40162659.0,1101328468.0,2781730076.0,0.01443801443803349
2019-03-06,213.42,214.75,204.78,207.89,69947202.0,1870505226.0,2781730076.0,0.025145215419528
2019-03-07,205.56,209.06,200.89,202.44,65297253.0,1710507020.0,2781730076.0,0.023473612182348925
2019-03-08,200.11,207.74,195.9,197.07,60639756.0,1577437589.0,2781730076.0,0.021799295525897027
2019-03-11,196.6,216.77,194.81,216.77,94303580.0,2560516502.0,2781730076.0,0.033901053453613376
2019-03-12,218.02,223.08,214.51,216.61,78911418.0,2221707344.0,2781730076.0,0.028367748071901712
2019-03-13,218.02,220.2,207.97,214.98,50429984.0,1388176682.0,2781730076.0,0.018128999803070756
2019-03-14,214.12,222.45,208.05,211.4,51620680.0,1417381855.0,2781730076.0,0.01855704133386952
2019-03-15,212.41,221.05,211.63,214.12,37193588.0,1031042412.0,2781730076.0,0.013370667528419101
2019-03-18,217.63,219.18,213.34,218.09,32899751.0,914624362.0,2781730076.0,0.011827082463481981
2019-03-19,219.18,219.65,209.68,211.86,32971258.0,904733534.0,2781730076.0,0.011852788408360295
2019-03-20,211.48,211.48,203.22,208.13,41087322.0,1087809233.0,2781730076.0,0.014770420162074704
2019-03-21,208.13,210.07,206.34,207.89,19685629.0,526576099.0,2781730076.0,0.007076757435900118
2019-03-22,206.26,207.35,197.69,201.59,45324493.0,1179300092.0,2781730076.0,0.016293634451109124
2019-03-25,199.64,205.25,198.08,198.55,32256135.0,834761410.0,2781730076.0,0.011595709906686144
2019-03-26,202.13,203.22,195.75,197.23,25912376.0,659359849.0,2781730076.0,0.009315201436532191
2019-03-27,199.02,199.33,190.14,195.67,28324765.0,705724693.0,2781730076.0,0.010182427563471475
2019-03-28,194.66,203.61,192.87,199.17,36015286.0,927132629.0,2781730076.0,0.012947081498212195
2019-03-29,198.55,204.39,196.99,203.22,37701921.0,978055286.0,2781736941.0,0.0135533739529111
2019-04-01,202.44,221.91,202.37,220.2,60853426.0,1674695636.0,2781736941.0,0.02187605344814666
2019-04-02,219.96,225.02,216.54,218.17,34758740.0,981667686.0,2781736941.0,0.012495336811936165
2019-04-03,215.68,219.03,211.79,216.85,24948657.0,690322715.0,2781736941.0,0.008968733395412747
2019-04-04,213.97,219.03,213.34,215.99,22789990.0,631129675.0,2781736941.0,0.008192719327301768
2019-04-08,218.02,222.69,210.23,210.93,44437405.0,1226013851.0,2781745248.0,0.015974649379539445
2019-04-17,216.59,229.88,210.92,225.26,50099760.0,1151030807.0,2781745248.0,0.018010189838922303
2019-04-18,222.85,239.6,221.89,234.11,50977014.0,1240844489.0,2781745248.0,0.018325550852167753
2019-04-19,232.96,239.31,228.72,234.6,27809754.0,678132463.0,2781746150.0,0.009997229258320355
2019-04-22,236.33,245.47,231.52,234.11,35552606.0,880653658.0,2781746150.0,0.012780679502333454
2019-04-23,233.92,237.77,226.22,227.09,27770068.0,664469583.0,2781746150.0,0.009982962679754225
2019-04-24,227.86,232.0,223.33,227.57,22850091.0,539789182.0,2781746150.0,0.008214297699306603
2019-04-25,228.63,231.61,222.18,226.7,19819295.0,469195185.0,2781746150.0,0.007124767657178208
2019-04-26,224.49,229.49,215.73,218.42,27670728.0,635491055.0,2781746150.0,0.009947251297534824
2019-04-29,214.67,225.26,210.15,218.52,39803684.0,896781861.0,3615165612.0,0.011010196564129078
2019-04-30,221.22,229.88,215.63,218.52,45358834.0,1049035170.0,3615165612.0,0.01254682049680882
2019-05-06,209.95,220.93,203.98,217.17,45437038.0,995331101.0,3615165612.0,0.012568452700805343
2019-05-07,218.52,227.18,214.28,223.33,54023242.0,1248071062.0,3615165612.0,0.014943504059863248
2019-05-08,218.52,223.14,211.01,213.51,40532404.0,917673817.0,3615165612.0,0.011211769625562593
2019-05-09,210.34,217.08,210.34,215.25,26889904.0,597756056.0,3615165612.0,0.007438083586196714
2019-05-10,221.22,227.18,214.67,225.93,47223282.0,1095529756.0,3615165612.0,0.013062550120317973
2019-05-13,222.08,229.59,222.08,224.01,25917325.0,608339431.0,3615165612.0,0.00716905607698063
2019-05-14,221.41,226.9,220.35,225.26,22721442.0,530668299.0,3615165612.0,0.00628503488874191
2019-05-15,232.0,243.55,230.36,242.3,61884838.0,1525165387.0,3615165612.0,0.017118119788090084
2019-05-16,243.55,246.44,237.68,240.66,41290277.0,1037651951.0,3615165612.0,0.011421406771225948
2019-05-17,240.66,246.24,230.65,232.0,38004884.0,938903818.0,3615165612.0,0.010512625998058979
2019-05-20,231.71,231.8,219.48,231.03,42829494.0,1008334830.0,3615165612.0,0.011847173434554124
2019-05-21,232.96,233.15,227.67,229.11,32300381.0,772911210.0,3615165612.0,0.00893468915857789
2019-05-22,229.98,239.02,228.24,232.96,26839086.0,649831587.0,3615165612.0,0.007424026692141483
2019-05-23,230.26,236.62,228.92,230.26,31946487.0,770602767.0,3615165612.0,0.008836797654292359
2019-05-24,228.15,232.96,225.93,227.95,22112495.0,525210324.0,3615165612.0,0.00611659253634215
2019-05-27,230.46,237.0,226.32,230.07,45411502.0,1090731977.0,3615165612.0,0.01256138912399015
2019-05-28,229.49,233.06,225.26,231.32,39438811.0,937038057.0,3615165612.0,0.010909268131199518
2019-05-29,228.63,229.98,225.74,225.74,22624329.0,534842957.0,3615353453.0,0.006257847066440062
2019-05-30,223.14,229.01,221.22,225.35,28574054.0,667101276.0,3615353453.0,0.007903529868231668
2019-05-31,231.03,234.31,226.22,229.4,50730488.0,1215300134.0,3615353453.0,0.01403195805320338
2019-06-03,227.95,230.75,222.47,222.85,30311706.0,712386454.0,3615353453.0,0.008384161159913014
2019-06-04,226.8,229.01,223.04,224.49,22239638.0,521338529.0,3615353453.0,0.006151442255679226
2019-06-05,227.57,227.57,219.68,221.5,20422471.0,472317745.0,3615353453.0,0.0056488172637874584
2019-06-06,221.79,222.56,210.24,211.01,37499787.0,838735794.0,3615353453.0,0.010372370914075604
2019-06-10,213.33,220.88,211.3,219.62,22541032.0,505063581.0,3615353453.0,0.00623480727210657
2019-06-11,223.68,225.52,219.62,224.45,26856133.0,619782565.0,3615353453.0,0.007428356134229402
2019-06-12,224.84,224.84,215.27,217.01,23353387.0,528802673.0,3615353453.0,0.006459503145016566
2019-06-13,218.46,221.84,214.11,218.26,21414316.0,482377104.0,3615353453.0,0.005923159734833263
2019-06-14,222.71,224.16,213.82,215.65,22890310.0,516125870.0,3615353453.0,0.006331416913332706
2019-06-17,213.43,214.49,196.99,207.63,52044690.0,1105757245.0,3615353453.0,0.01439546386725027
2019-06-18,207.43,212.56,206.95,210.53,26878684.0,583327897.0,3615353453.0,0.007434593698631657
2019-06-19,218.26,221.26,216.23,216.52,37156072.0,838981904.0,3615353453.0,0.010277299988239905
2019-06-20,214.49,228.03,214.49,222.81,36257752.0,833819935.0,3615353453.0,0.010028826357188816
2019-06-21,226.87,226.97,220.59,223.78,24153818.0,558151314.0,3615353453.0,0.006680900861838915
2019-06-24,224.26,232.87,221.75,227.16,33046414.0,776301129.0,3615353453.0,0.009140576275489266
2019-06-25,225.52,226.58,217.01,219.91,25639455.0,584225712.0,3615353453.0,0.007091825276094243
2019-06-26,220.49,222.81,216.33,220.3,18834006.0,428533822.0,3615353453.0,0.0052094508171453184
2019-06-27,222.04,226.68,222.04,224.07,24371231.0,565681202.0,3615353453.0,0.0067410368908126786
2019-06-28,225.9,226.77,221.75,223.49,13484316.0,312158205.0,3615353878.9999995,0.0037297361340820497
2019-07-01,229.1,232.58,225.61,226.58,36739047.0,869193445.0,3615353878.9999995,0.010161950456192122
2019-07-02,223.39,223.87,214.98,218.55,65695522.0,1482619310.0,3615353878.9999995,0.018171256313689342
2019-07-03,218.07,220.88,214.11,218.55,44155341.0,991898069.0,3615353878.9999995,0.012213283257409172
2019-07-04,218.55,221.26,212.56,215.46,27044054.0,605060327.0,3615353878.9999995,0.007480333849775264
2019-07-05,216.62,219.04,214.98,216.72,23429890.0,526704465.0,3615353878.9999995,0.006480662968041366
2019-07-08,215.46,216.52,208.59,211.3,27969490.0,611541184.0,3615353878.9999995,0.0077363076855249124
2019-07-09,209.85,213.14,207.24,209.56,18812480.0,406742979.0,3615353878.9999995,0.005203496152692942
2019-07-10,211.49,211.79,209.27,210.53,10704623.0,232907484.0,3615353878.9999995,0.002960878342277487
2019-07-11,212.27,212.56,199.02,202.89,52830455.0,1109138281.0,3615353878.9999995,0.014612803274077504
2019-07-12,204.05,217.1,204.05,215.94,47339219.0,1037436999.0,3615353878.9999995,0.013093937850724019
2019-07-15,216.04,223.29,213.43,221.84,36177472.0,820425050.0,3615353878.9999995,0.010006619880321818
2019-07-16,221.07,224.07,219.04,223.39,21594039.0,495842425.0,3615353878.9999995,0.005972870076545003
2019-07-17,224.84,227.74,221.46,222.81,22285469.0,516914516.0,3615353878.9999995,0.006164118298196613
2019-07-18,236.44,241.76,229.19,232.67,64852315.0,1565677004.0,3615353878.9999995,0.017938026862791653
2019-07-19,235.96,236.35,230.45,232.09,28390230.0,685749320.0,3615353878.9999995,0.007852683568517692
2019-07-22,234.03,236.44,229.29,232.96,20325539.0,491084681.0,3615353878.9999995,0.00562200539152256
2019-07-23,234.99,242.25,232.96,241.28,42596614.0,1058745086.0,3615353878.9999995,0.011782142336722553
2019-07-24,242.63,243.12,239.64,241.76,25180689.0,628955574.0,3615353878.9999995,0.006964930638260212
2019-07-25,241.28,248.53,240.02,244.18,39263353.0,996944111.0,3615353878.9999995,0.010860168690003915
2019-07-26,243.79,253.95,242.73,251.92,41542023.0,1070562275.0,3615353878.9999995,0.011490444473858932
2019-07-29,250.95,254.34,249.6,250.56,31534630.0,821257330.0,3615353878.9999995,0.008722418622190982
2019-07-30,252.3,253.27,246.02,246.6,29660196.0,761775730.0,3615353878.9999995,0.008203953746349156
2019-07-31,246.6,252.01,246.02,248.82,23326910.0,601551821.0,3615353878.9999995,0.006452178896095278
2019-08-01,248.82,250.56,246.7,247.57,19379512.0,498373736.0,3615353878.9999995,0.005360336124374175
2019-08-02,243.21,250.95,241.76,245.34,29006927.0,736076401.0,3615353878.9999995,0.008023260784646416
2019-08-05,244.76,247.57,239.93,240.7,27219887.0,686332814.0,3615353878.9999995,0.007528968922823393
2019-08-06,236.74,242.63,234.12,240.8,27326727.0,672430742.0,3615353878.9999995,0.007558520663420789
2019-08-07,243.5,244.47,235.96,236.54,28587491.0,707504770.0,3615353878.9999995,0.007907245585571073
2019-08-08,239.83,243.21,237.9,240.99,25591156.0,637170928.0,3615353878.9999995,0.007078465029010789
2019-08-09,242.54,245.63,237.03,238.67,22914046.0,573029133.0,3615353878.9999995,0.006337981499708124
2019-08-12,240.8,243.6,239.06,243.31,22926102.0,573554738.0,3615353878.9999995,0.006341316166355842
2019-08-13,242.34,242.63,236.74,237.22,21915131.0,540706349.0,3615353878.9999995,0.006061683512448216
2019-08-14,240.41,240.6,232.58,236.54,34377951.0,836775150.0,3615353878.9999995,0.009508875797660195
2019-08-15,232.67,241.86,232.67,241.67,27679698.0,680149468.0,3615353878.9999995,0.00765615177003258
2019-08-16,241.76,242.92,233.06,235.96,35394749.0,867487060.0,3615353878.9999995,0.009790120188674345
2019-08-19,237.9,242.25,233.93,239.44,38485266.0,949377294.0,3615353878.9999995,0.010644951307130397
2019-08-20,238.86,239.15,234.22,237.8,35239317.0,861572579.0,3615353878.9999995,0.009747127993386676
2019-08-21,237.8,261.59,236.74,261.59,99192837.0,2606824097.0,3615353878.9999995,0.027436549870309395
2019-08-22,264.97,266.71,256.75,257.62,82065730.0,2218151786.0,3615353878.9999995,0.022699224680793693
2019-08-23,260.91,262.75,255.21,260.91,59606489.0,1597685099.0,3615353878.9999995,0.016487041378225206
2019-08-26,256.08,258.98,250.27,253.85,53596110.0,1412209802.0,3615353878.9999995,0.014824581989419135
2019-08-27,256.08,260.04,252.98,258.4,62444105.0,1660056699.0,3615353878.9999995,0.01727192056155563
2019-08-28,257.62,273.48,256.85,269.81,65498410.0,1800303177.0,3615353878.9999995,0.018116735509752298
2019-08-29,271.45,275.13,267.1,267.39,58721065.0,1638242213.0,3615353878.9999995,0.016242134785500482
2019-08-30,271.26,275.03,263.81,267.39,52604916.0,1467694518.0,3615353878.9999995,0.014550419616059943
2019-09-02,267.68,285.09,267.68,277.64,59521970.0,1700804160.0,3615353878.9999995,0.01646366358373296
2019-09-03,277.45,283.83,275.22,279.48,50097161.0,1446225100.0,3764032627.0,0.013309438563482462
2019-09-04,280.54,281.7,275.71,278.42,24708330.0,710433180.0,3764032627.0,0.00656432407699212
2019-09-05,280.45,281.22,277.54,279.96,37109024.0,1072171316.0,3764032627.0,0.009858847591758667
2019-09-06,280.74,281.9,266.81,271.26,65540532.0,1843673483.0,3764032627.0,0.017412317717404313
2019-09-09,270.58,276.0,263.23,270.49,61388011.0,1713575803.0,3764032627.0,0.0163091070358036
2019-09-10,273.68,274.84,264.97,268.36,38005616.0,1054582465.0,3764032627.0,0.010097047439860037
2019-09-11,270.78,271.45,264.01,267.1,32698746.0,901838292.0,3764032627.0,0.008687157960705955
2019-09-12,269.81,274.55,267.97,270.58,43682058.0,1223076416.0,3764032627.0,0.011605122040298404
2019-09-16,272.13,274.64,265.94,272.71,30759523.0,861664585.0,3764032627.0,0.008171959716649926
2019-09-17,274.06,274.06,264.68,266.52,27013649.0,746600975.0,3764032627.0,0.0071767839646837365
2019-09-18,266.42,266.91,258.3,263.14,42260876.0,1140976326.0,3764032627.0,0.011227553049582001
2019-09-19,262.65,267.78,260.23,262.75,31501670.0,857249326.0,3764032627.0,0.008369127773769428
2019-09-20,263.91,267.39,261.4,266.42,29770193.0,815685485.0,3764032627.0,0.007909121931211145
2019-09-23,265.94,266.42,257.33,261.69,34762598.0,936612195.0,3764032627.0,0.009235466704151924
2019-09-24,263.81,275.03,261.98,272.71,52239336.0,1464774999.0,3764032627.0,0.013878555575017867
2019-09-25,268.84,270.68,252.01,255.21,67467698.0,1815132725.0,3764032627.0,0.017924312747993616
2019-09-26,256.17,263.81,251.24,255.4,44332034.0,1182629598.0,3764032627.0,0.011777802796394305
2019-09-27,253.37,258.59,249.11,255.98,26217161.0,689339400.0,3764032627.0,0.006965178997636781
2019-09-30,255.69,259.56,251.43,253.66,19075723.0,501001596.0,3764032627.0,0.00506789523107925
2019-10-08,249.4,255.21,248.92,249.5,22117513.0,576228651.0,3764032627.0,0.005876015218717178
2019-10-09,249.4,256.27,246.5,254.43,21488925.0,561629997.0,3764032627.0,0.00570901666628938
2019-10-10,254.82,259.65,252.5,257.04,29746127.0,790670630.0,3764032627.0,0.007902728256558229
2019-10-11,259.17,260.72,252.4,256.46,28490737.0,753965516.0,3764032627.0,0.007569205642807516
2019-10-14,256.46,261.59,255.11,258.11,39219852.0,1046725065.0,3764032627.0,0.0104196365670876
2019-10-15,259.27,260.14,249.6,255.11,35248927.0,924409929.0,3764032627.0,0.009364670950818514
2019-10-16,253.27,253.27,229.77,233.16,145534637.0,3539474026.0,3764032627.0,0.03866455246855648
2019-10-17,232.09,237.9,231.13,234.03,49594551.0,1200495641.0,3764032627.0,0.013175908902662124
2019-10-18,234.12,234.51,222.42,225.81,78605943.0,1839646004.0,3764032627.0,0.020883438266753367
2019-10-21,222.42,225.42,221.46,225.23,39607663.0,914271847.0,3764032627.0,0.010522667289302432
2019-10-22,225.03,225.32,220.49,224.45,36230265.0,835684224.0,3764032627.0,0.009625385481548324
2019-10-23,224.16,228.81,223.0,225.32,37597916.0,879322230.0,3764032627.0,0.00998873275707129
2019-10-24,225.52,225.81,218.55,223.68,37926986.0,870182259.0,3764032627.0,0.010076157610309684
2019-10-25,224.26,226.1,221.46,224.94,28147664.0,651917902.0,3764032627.0,0.007478060577395734
2019-10-28,225.42,226.97,222.42,224.55,32305619.0,748644213.0,3764032627.0,0.008582714923421943
2019-10-29,224.36,224.55,219.91,220.01,42825310.0,981989695.0,3764032627.0,0.0113775076477306
2019-10-30,219.42,222.71,216.62,220.88,31445317.0,716153576.0,3764032627.0,0.008354156330749573
2019-10-31,224.36,225.32,219.62,220.88,31327572.0,717766620.0,3764032627.0,0.00832287472092627
2019-11-01,220.49,220.49,212.75,216.43,47770429.0,1066605940.0,3764032627.0,0.012691289830309965
2019-11-04,217.78,221.65,214.69,220.49,50043344.0,1128844380.0,3764032627.0,0.013295140865950841
2019-11-05,220.49,221.55,216.23,220.2,46940848.0,1063412740.0,3764032627.0,0.0124708929628521
2019-11-06,220.68,228.9,220.49,222.42,59841413.0,1389832554.0,3764032627.0,0.015898218461430993
2019-11-07,223.39,225.13,219.23,220.68,38076268.0,872260376.0,3764032627.0,0.010115817734116576
2019-11-08,221.65,222.71,217.59,218.07,37423237.0,848893301.0,3764032627.0,0.009942325348499164
2019-11-11,215.94,218.26,213.53,214.98,35144031.0,782865949.0,3764032627.0,0.009336802967090753
2019-11-12,215.65,216.14,204.05,207.05,59702189.0,1282279315.0,3764032627.0,0.015861230471741074
2019-11-13,208.79,214.01,207.14,213.24,47603478.0,1041390449.0,3764032627.0,0.012646935538903871
2019-11-14,215.65,219.23,214.49,215.65,31102363.0,697004993.0,3764032627.0,0.008263042880366616
2019-11-15,217.1,217.59,212.46,212.46,22653578.0,503258839.0,3764032627.0,0.006018432953397457
2019-11-18,211.3,215.27,209.85,213.82,21948514.0,483105586.0,3764032627.0,0.005831116830008286
2019-11-19,214.3,220.68,212.95,220.39,37720145.0,853221757.0,3764032627.0,0.010021205642434512
2019-11-20,219.42,223.0,217.59,217.78,25806700.0,586204197.0,3764032627.0,0.006856130793044797
2019-11-21,216.81,223.2,216.43,222.42,29599811.0,677121032.0,3764032627.0,0.007863856117419356
2019-11-22,222.33,226.1,218.55,221.84,39861400.0,917805280.0,3764032627.0,0.010590078235259676
2019-11-25,221.07,222.23,216.33,220.01,27551966.0,624588940.0,3764032627.0,0.007319799993859086
2019-11-26,220.49,224.84,218.36,224.84,46937012.0,1082592928.0,3764032627.0,0.012469873843099395
2019-11-27,222.91,226.87,222.13,223.49,31198854.0,724570177.0,3764032627.0,0.00828867788663831
2019-11-28,222.62,227.26,222.62,226.68,41986668.0,980638871.0,3764032627.0,0.011154703521649363
2019-11-29,227.16,233.35,226.58,230.64,49408525.0,1176059736.0,3767549777.0,0.013114232836849921
2019-12-02,235.19,238.67,232.87,233.83,48474764.0,1177742181.0,3767549777.0,0.012866389794217708
2019-12-03,234.61,237.12,231.71,236.44,31087548.0,756697623.0,3767549777.0,0.008251396753874925
2019-12-04,233.64,238.38,233.06,235.96,21560147.0,526052377.0,3767549777.0,0.005722591147068473
2019-12-05,237.7,242.05,237.03,241.18,35635032.0,885553723.0,3767549777.0,0.00945841040177981
2019-12-06,241.18,251.92,241.09,247.57,51736219.0,1323042301.0,3767549777.0,0.013732059843200315
2019-12-09,248.73,252.21,242.34,243.89,43137770.0,1096748008.0,3767549777.0,0.011449820852625725
2019-12-10,244.47,246.12,239.83,242.25,34749675.0,871243660.0,3767549777.0,0.009223414966442791
2019-12-11,244.08,246.31,238.19,239.64,36927645.0,917128920.0,3767549777.0,0.009801501555582499
2019-12-12,240.7,244.37,239.64,241.57,35806619.0,895906582.0,3767549777.0,0.00950395379474239
2019-12-13,243.89,247.76,241.67,241.76,43858544.0,1111215235.0,3767549777.0,0.011641131928168815
2019-12-16,243.5,246.99,242.25,246.99,39441982.0,999964661.0,3767549777.0,0.010468868186104393
2019-12-17,247.08,251.43,243.6,249.11,45449245.0,1159275294.0,3767549777.0,0.012063342939078573
2019-12-18,246.6,248.15,244.66,247.28,25285693.0,643882467.0,3767549777.0,0.0067114423157361245
2019-12-19,247.86,247.86,239.35,239.83,30709143.0,768043235.0,3767549777.0,0.008150958797537872
2019-12-20,239.83,242.44,236.93,237.41,23839803.0,589007175.0,3767549777.0,0.006327667691489136
2019-12-23,233.06,240.7,233.06,234.32,29359678.0,719067945.0,3767549777.0,0.007792777730299382
2019-12-24,234.51,237.41,233.25,236.15,16591890.0,404008052.0,3767549777.0,0.004403894037788051
2019-12-25,235.96,243.31,233.64,239.83,31975307.0,792299884.0,3767549777.0,0.00848702973885088
2019-12-26,240.02,241.76,234.99,236.35,29101227.0,713536711.0,3767549777.0,0.007724178503932743
2019-12-27,234.99,239.35,232.58,236.06,37565662.0,914607907.0,3767549777.0,0.009970846896125827
2019-12-30,236.25,241.67,233.06,241.57,33453436.0,823231969.0,3767549777.0,0.008879361383418292
2019-12-31,241.67,244.57,239.06,240.12,24612202.0,613393400.0,3767549777.0,0.006532681306628427
2020-01-02,242.54,260.23,242.25,256.56,77436790.0,2030589187.0,3767549777.0,0.020553620942909176
2020-01-03,259.17,263.52,255.59,260.91,61357482.0,1650919134.0,3767549777.0,0.0162857787240325
2020-01-06,258.88,272.52,258.2,266.91,62040753.0,1716774125.0,3767549777.0,0.016467135584709223
2020-01-07,266.91,270.2,262.94,267.2,35161009.0,970942770.0,3767549777.0,0.009332593086002377
2020-01-08,267.97,273.29,266.81,267.97,45767756.0,1276585641.0,3767549777.0,0.012147883560663571
2020-01-09,271.26,281.41,271.26,279.96,52586913.0,1504748429.0,3767549777.0,0.013957854869239065
2020-01-10,279.0,280.45,272.23,276.38,48453979.0,1383970128.0,3767549777.0,0.012860872946072292
2020-01-13,279.58,281.32,273.77,278.8,43925238.0,1264199638.0,3767549777.0,0.01165883414949238
2020-01-14,280.45,282.19,273.77,277.54,36617108.0,1048342533.0,3767549777.0,0.009719077428927093
2020-01-15,276.0,279.0,270.78,277.35,33237615.0,946253757.0,3767549777.0,0.008822077203308043
2020-01-16,276.38,277.64,272.52,275.13,35239514.0,1001975857.0,3767549777.0,0.009353430236045956
2020-01-17,282.86,286.83,274.74,279.29,52845044.0,1530882523.0,3767549777.0,0.014026369159767044
2020-01-20,278.8,281.32,275.13,280.35,30699627.0,884075524.0,3767549777.0,0.008148433018035743
2020-01-21,282.19,289.15,280.64,286.83,46709551.0,1380874180.0,3767549777.0,0.012397859023695123
2020-01-22,283.54,289.92,279.48,288.76,47105728.0,1386310033.0,3767549777.0,0.012503014104171714
2020-01-23,291.66,292.34,270.78,280.93,60602707.0,1785890009.0,3767549777.0,0.01608544295020737
2020-02-03,252.88,277.54,252.88,270.78,85337161.0,2334242454.0,3767549777.0,0.022650572932297584
2020-02-04,273.48,291.08,269.71,289.15,77601507.0,2254140032.0,3767549777.0,0.020597340869585545
2020-02-05,289.15,294.37,281.99,288.18,66526487.0,1975177579.0,3767549777.0,0.017657759269997828
2020-02-06,285.76,293.98,281.41,293.98,58022498.0,1733124259.0,3767549777.0,0.015400592277297469
2020-02-07,295.92,317.0,293.31,316.9,102674954.0,3277776358.0,3767549777.0,0.02725244789778394
2020-02-10,314.78,330.54,311.39,320.58,69744016.0,2322734947.0,3767549777.0,0.018511770282577476
2020-02-11,317.19,329.77,314.58,317.29,46772745.0,1548348842.0,3767549777.0,0.012414632259283352
2020-02-12,334.6,342.34,317.39,324.16,93313740.0,3165396036.0,3767549777.0,0.024767752391662696
2020-02-13,334.6,334.6,304.72,316.81,97626699.0,3229380333.0,3767549777.0,0.025912517359687692
2020-02-14,311.39,317.19,306.46,311.2,48510659.0,1566574500.0,3767549777.0,0.012875917206494815
2020-02-17,307.62,322.03,307.52,320.0,63068560.0,2061100961.0,3767549777.0,0.016739940739474404
2020-02-18,318.55,333.15,318.35,322.42,60683259.0,2038892440.0,3767549777.0,0.016106823424193874
2020-02-19,320.19,325.22,314.29,315.65,53714062.0,1770748590.0,3767549777.0,0.014257027824267018
2020-02-20,317.19,323.96,310.91,321.55,54117017.0,1785369045.0,3767549777.0,0.014363981951976211
2020-02-21,321.93,333.63,318.35,327.83,63833746.0,2163090556.0,3767549777.0,0.016943039847725414
2020-02-24,333.63,336.54,322.13,328.8,60600105.0,2053881315.0,3767549777.0,0.016084752315669273
2020-02-25,320.1,328.61,309.46,324.06,63592952.0,2115156381.0,3767549777.0,0.016879127221681296
2020-02-26,317.68,319.81,307.52,307.72,61217481.0,1981862862.0,3767549777.0,0.01624861902919458
2020-02-27,310.04,320.1,304.72,314.97,47378990.0,1530955562.0,3767549777.0,0.012575544532745798
2020-02-28,304.14,308.88,293.21,296.89,51978801.0,1617010251.0,3767549777.0,0.01379644704824294
2020-03-02,299.01,307.33,296.89,304.62,39261523.0,1232791205.0,3767549777.0,0.010420969947014982
2020-03-03,308.78,311.59,297.18,299.88,56608819.0,1785464569.0,3767549777.0,0.015025367241485022
2020-03-04,294.56,296.21,287.22,294.47,65017179.0,1957495372.0,3767549777.0,0.017257151955075548
2020-03-05,297.37,304.33,293.31,303.08,46030469.0,1428134476.0,3767549777.0,0.012217614026231352
2020-03-06,299.59,300.85,294.27,296.89,35125362.0,1080285596.0,3767549777.0,0.009323131499000232
2020-03-09,288.67,289.25,277.35,277.74,84462576.0,2464242547.0,3767549777.0,0.022418436649629433
2020-03-10,271.74,284.89,269.71,283.54,50351478.0,1449724577.0,3767549777.0,0.013364515661447623
2020-03-11,285.09,300.56,285.09,287.7,70324023.0,2132225615.0,3767549777.0,0.018665718348118854
2020-03-12,280.83,283.15,272.9,274.84,53165739.0,1521557260.0,3767549777.0,0.01411148946845089
2020-03-13,259.94,274.26,256.27,270.78,69261228.0,1897069326.0,3767549777.0,0.01838362652109427
2020-03-16,270.97,271.74,243.7,243.7,101805905.0,2658159790.0,3767549777.0,0.027021781005124593
2020-03-17,244.96,251.34,232.67,240.8,61204359.0,1521554496.0,3767549777.0,0.01624513612896056
2020-03-18,244.66,251.05,234.41,235.09,71981579.0,1811093144.0,3767549777.0,0.019105674313696003
2020-03-19,238.77,242.05,220.59,231.03,97959327.0,2311315097.0,3767549777.0,0.026000804978880045
2020-03-20,234.99,237.51,226.58,232.67,56516412.0,1356572788.0,3767549777.0,0.015000840160100691
2020-03-23,221.46,222.91,213.62,215.36,56629076.0,1276976943.0,3767549777.0,0.015030743945496649
2020-03-24,222.42,224.36,210.33,217.49,63987386.0,1432307906.0,3767549777.0,0.01698381966726169
2020-03-25,227.74,236.93,226.39,231.32,81204680.0,1947163887.0,3767549777.0,0.021553711246427416
2020-03-26,229.19,234.32,224.55,228.32,65182718.0,1548287454.0,3767549777.0,0.01730109006068747
2020-03-27,233.16,244.57,228.71,234.41,74286356.0,1806859611.0,3767549777.0,0.019717418586875913
2020-03-30,228.71,244.28,222.42,239.44,78783971.0,1900554399.0,3767549777.0,0.02091119578059924
2020-03-31,240.89,244.47,238.19,240.22,50978359.0,1270699548.0,3767549777.0,0.013530905234805608
2020-04-01,238.48,252.21,238.48,245.15,66288536.0,1697274479.0,3767549777.0,0.0175946012457953
2020-04-02,245.05,251.05,243.7,251.05,45151396.0,1159569882.0,3767549777.0,0.011984286518426004
2020-04-03,251.43,251.43,243.31,244.96,43756673.0,1112235614.0,3767549777.0,0.011614092869356135
2020-04-07,250.95,252.98,246.7,249.11,51885867.0,1338746442.0,3767549777.0,0.013771780088149317
2020-04-08,246.89,251.43,245.05,248.24,33300847.0,852599511.0,3767549777.0,0.008838860525027113
2020-04-09,246.5,248.92,241.57,242.63,45012336.0,1133252875.0,3767549777.0,0.01194737658803864
2020-04-10,241.09,244.18,238.38,239.35,24360444.0,607222579.0,3767549777.0,0.006465858566412247
2020-04-13,235.38,237.61,229.77,230.93,35099117.0,842194690.0,3767549777.0,0.009316165433107693
2020-04-14,236.35,244.66,233.35,244.47,50083352.0,1248299198.0,3767549777.0,0.013293348453084022
2020-04-15,246.21,249.31,243.21,244.08,39181357.0,997834842.0,3767549777.0,0.010399691926883864
2020-04-16,241.76,255.79,240.8,254.24,45680942.0,1179203532.0,3767549777.0,0.012124840998484305
2020-04-17,270.87,279.67,269.52,279.67,163880733.0,4709383809.0,3767549777.0,0.04349796092952855
2020-04-20,273.0,273.0,261.2,269.81,113856451.0,3143693273.0,3767549777.0,0.030220291101412035
2020-04-21,265.94,268.36,260.23,267.87,58169544.0,1586502170.0,3767549777.0,0.015439621887708373
2020-04-22,262.46,274.16,262.46,272.23,48617148.0,1352864825.0,3767549777.0,0.012904181995629146
2020-04-23,276.09,278.8,267.2,269.32,45624145.0,1278729349.0,3767549777.0,0.012109765683395774
2020-04-24,269.23,271.36,265.26,267.97,28566219.0,792425747.0,3767549777.0,0.007582174275278328
2020-04-27,267.58,276.48,264.49,274.06,41385013.0,1165598198.0,3767549777.0,0.010984596209622952
2020-04-28,275.61,290.12,268.16,288.18,67179327.0,1967967943.0,3767549777.0,0.01783103899784255
2020-04-29,286.93,291.95,283.54,289.92,43084490.0,1289273046.0,3767549777.0,0.011435679035488958
2020-04-30,289.92,303.85,289.92,297.95,56997343.0,1765933023.0,3767549777.0,0.015128491028295178
2020-05-06,294.08,301.33,289.15,295.24,64755598.0,1969447728.0,3767549777.0,0.017187721950037024
2020-05-07,297.76,305.49,295.05,301.62,47272089.0,1472036271.0,3767549777.0,0.012547170388719194
2020-05-08,303.17,305.69,299.79,301.72,30448994.0,952862041.0,3767549777.0,0.008081908880377348
2020-05-11,293.5,304.62,293.11,297.85,52947708.0,1635755438.0,3767549777.0,0.0140536187002049
2020-05-12,297.56,310.13,295.05,309.46,50416030.0,1588558289.0,3767549777.0,0.013381649343501162
2020-05-13,308.1,310.91,303.27,309.84,29077362.0,923707877.0,3767549777.0,0.007717844148340233
2020-05-14,307.23,307.33,294.86,295.24,49427234.0,1531466392.0,3767549777.0,0.013119198663742034
2020-05-15,297.66,303.85,294.95,296.4,34894830.0,1077126523.0,3767549777.0,0.009261942659132119
2020-05-18,299.5,317.58,297.08,306.94,61947608.0,1982394845.0,3767549777.0,0.016442412620046983
2020-05-19,312.55,322.03,312.07,313.52,46668636.0,1527923946.0,3767549777.0,0.012386999180449049
2020-05-20,317.19,317.97,306.46,308.1,31260748.0,1005749636.0,3767549777.0,0.00829736827654925
2020-05-21,308.1,310.52,302.78,307.04,29600786.0,939994831.0,3767549777.0,0.007856773699635184
2020-05-22,305.3,307.72,295.82,299.5,34566749.0,1073731581.0,3767549777.0,0.009174861925122218
2020-05-25,297.66,301.82,293.6,300.37,23532306.0,725454956.0,3767549777.0,0.006246050455300992
2020-05-26,301.91,306.07,296.21,304.33,40417920.0,1261776163.0,3767549777.0,0.010727906037696393
2020-05-27,303.66,308.49,301.04,302.49,21710609.0,683296057.0,3767549777.0,0.005762527447557065
2020-05-28,302.78,306.27,291.37,298.34,25746705.0,791462948.0,3767549777.0,0.006833806193398569
2020-05-29,297.76,314.29,295.15,313.42,40203090.0,1282991573.0,3767549777.0,0.010670884893261491
2020-06-01,318.16,320.1,309.46,319.03,39878863.0,1303423328.0,3767549777.0,0.010584827105258442
2020-06-02,316.13,317.97,308.78,310.04,33753656.0,1087101879.0,3767549777.0,0.008959047125550427
2020-06-03,310.04,311.49,306.36,309.65,23873411.0,762095472.0,3767549777.0,0.006336588077944325
2020-06-04,308.87,310.82,302.84,304.98,22445693.0,705754133.0,3767549777.0,0.005957636747635199
2020-06-05,303.62,307.02,301.09,304.69,20946768.0,653170357.0,3767549777.0,0.005559785335252918
2020-06-08,303.62,315.49,303.62,310.43,41362803.0,1318684242.0,3767549777.0,0.010978701131571008
2020-06-09,311.4,316.27,307.02,315.88,36796375.0,1186089249.0,3767549777.0,0.009766659282017497
2020-06-10,314.32,314.91,304.3,310.53,33869836.0,1074055620.0,3767549777.0,0.008989884143473653
2020-06-11,310.53,333.78,308.78,326.29,71914195.0,2405483805.0,3767549777.0,0.01908778894947033
2020-06-12,320.65,324.54,317.05,324.44,49553252.0,1633053986.0,3767549777.0,0.013152646927855042
2020-06-15,320.84,321.72,315.1,319.19,35697652.0,1166321573.0,3767549777.0,0.009475031283707443
2020-06-16,321.23,328.24,319.48,321.13,25850300.0,858113480.0,3767549777.0,0.006861302844042026
2020-06-17,326.97,328.04,318.12,323.57,26347026.0,872471586.0,3767549777.0,0.006993146092147836
2020-06-18,321.13,326.58,316.37,323.57,20871652.0,690508644.0,3767549777.0,0.005539847708825639
2020-06-19,326.49,333.3,324.54,330.38,47561201.0,1613390239.0,3767549777.0,0.012623907795551868
2020-06-22,330.77,341.57,328.24,337.48,43400368.0,1504121491.0,3767549777.0,0.011519520794376488
2020-06-23,337.48,352.76,334.17,350.33,59912485.0,2140768095.0,3767549777.0,0.015902241123860274
2020-06-24,354.22,369.79,353.83,369.79,65370858.0,2451092268.0,3767549777.0,0.0173510270253292
2020-06-29,379.52,399.28,379.52,392.17,85395112.0,3448248770.0,3767549777.0,0.02266595454725428
2020-06-30,398.21,400.25,384.58,396.36,44472742.0,1798968926.0,3767549777.0,0.01180415512264644
2020-07-01,401.13,407.84,393.63,405.12,40674124.0,1676870124.0,3767549777.0,0.010795908855220946
2020-07-02,404.63,416.5,395.09,398.4,60707545.0,2522995827.0,3767549777.0,0.01611326952349912
2020-07-03,395.09,414.36,395.09,405.8,49020189.0,2027133525.0,3767549777.0,0.013011158949844977
2020-07-06,412.9,441.32,412.61,432.66,58376356.0,2574875351.0,3767549777.0,0.015494514858535868
2020-07-07,435.48,454.06,425.45,430.12,74392143.0,3363136672.0,3767549777.0,0.019745497048014184
2020-07-08,431.58,449.39,431.1,448.91,56115460.0,2556978757.0,3767549777.0,0.014894417677656605
2020-07-09,448.61,460.58,445.31,451.05,56600375.0,2642634205.0,3767549777.0,0.0150231259970424
2020-07-10,443.75,457.47,442.39,449.68,41983226.0,1936221969.0,3767549777.0,0.011143376593535051
2020-07-13,448.71,467.69,447.15,463.21,51366511.0,2427848842.0,3767549777.0,0.013633930283703322
2020-07-14,463.21,484.43,460.29,475.76,57114984.0,2778240593.0,3767549777.0,0.015159715831406784
2020-07-15,482.67,495.13,471.0,473.53,76336324.0,3802311167.0,3767549777.0,0.020261530309702926
2020-07-16,477.81,483.65,444.82,445.7,80832505.0,3838065965.0,3767549777.0,0.02145492688469926
2020-07-17,439.95,464.18,434.02,450.17,51204079.0,2374205609.0,3767549777.0,0.013590816851999882
2020-07-20,463.21,472.75,455.04,464.48,52576431.0,2503420063.0,3767549777.0,0.013955072689673982
2020-07-21,469.05,486.18,465.94,473.92,74604070.0,3648731684.0,3767549777.0,0.01980174766513775
2020-07-22,472.94,478.3,464.87,466.33,65466656.0,3165397660.0,3767549777.0,0.017376454161178823
2020-07-23,470.12,512.94,470.12,512.94,99643581.0,5179381471.0,3767549777.0,0.02644784724764633
2020-07-24,515.76,532.99,491.72,498.24,102831257.0,5393239943.0,3767549777.0,0.02729393454275256
2020-07-27,518.29,537.36,512.65,523.55,89155050.0,4806268961.0,3767549777.0,0.023663934195181837
2020-07-28,523.55,526.27,503.01,516.44,57000117.0,3007849470.0,3767549777.0,0.015129227315846556
2020-07-29,523.55,541.26,507.1,530.16,71878462.0,3907025480.0,3767549777.0,0.019078304535961543
2020-07-30,533.86,560.72,520.72,557.8,86699418.0,4796791149.0,3767549777.0,0.02301214930968648
2020-07-31,544.95,564.13,535.71,552.74,68442942.0,3877601578.0,3767549777.0,0.018166433372115737
2020-08-03,566.36,582.81,558.77,561.5,57750056.0,3378813794.0,3767549777.0,0.015328279496809951
2020-08-04,561.98,573.56,554.1,569.38,40062756.0,2319835238.0,3767549777.0,0.010633636812066465
2020-08-05,567.82,569.28,540.87,563.64,50881229.0,2902694584.0,3767549777.0,0.013505124553527564
2020-08-06,559.55,562.37,533.67,540.09,59463074.0,3319178077.0,3767549777.0,0.015782956435773723
2020-08-07,540.19,577.55,540.19,566.36,75329908.0,4334283312.0,3767549777.0,0.019994402850327622
2020-08-10,564.42,584.95,554.49,571.03,57354877.0,3366979977.0,3767549777.0,0.015223389309980177
2020-08-11,574.15,582.42,549.63,554.69,45890328.0,2672887742.0,3767549777.0,0.012180417171964017
2020-08-12,554.69,554.69,525.59,538.73,61238800.0,3370903462.0,3767549777.0,0.01625427761402076
2020-08-13,549.82,555.66,538.92,545.83,34516941.0,1947171915.0,3767549777.0,0.009161641661834903
2020-08-14,539.7,551.86,532.5,548.36,30324163.0,1692248312.0,3767549777.0,0.008048775675140868
2020-08-17,543.11,553.62,538.24,545.15,45407556.0,2538416102.0,3767549777.0,0.012052277657272742
2020-08-18,545.15,567.34,541.84,552.74,46343112.0,2635906585.0,3767549777.0,0.012300597136874935
2020-08-19,556.53,557.61,521.02,521.02,55876056.0,3073200641.0,3767549777.0,0.014830873991661664
2020-08-20,520.82,531.14,499.22,500.39,61102510.0,3200701875.0,3767549777.0,0.01621810290948679
2020-08-21,515.37,535.42,513.81,525.49,60506949.0,3265198173.0,3767549777.0,0.01606002643133758
2020-08-24,535.22,571.52,532.21,567.34,79627428.0,4512003896.0,3767549777.0,0.02113506992956181
2020-08-25,567.82,580.18,561.5,572.69,43211817.0,2538451376.0,3767549777.0,0.011469474740266982
2020-08-26,566.36,575.9,548.85,560.52,42308238.0,2431459160.0,3767549777.0,0.011229642739767311
2020-08-27,563.64,592.15,561.69,589.72,58543845.0,3495231087.0,3767549777.0,0.015538970541914622
2020-08-28,613.07,619.4,579.11,612.68,79273838.0,4902063645.0,3767549777.0,0.021041218482088286
2020-08-31,612.98,639.06,606.36,615.8,54617444.0,3497798248.0,3767549777.0,0.014496807536141016
2020-09-01,615.99,654.72,615.02,654.72,53459193.0,3516669709.0,3767549777.0,0.014189379348444373
2020-09-02,661.73,666.5,642.17,661.83,43136276.0,2904928284.0,3767549777.0,0.011449424308428985
2020-09-03,661.24,663.68,639.84,646.65,42413895.0,2836005738.0,3767549777.0,0.011257686695721128
2020-09-04,632.54,655.21,621.64,646.16,47279377.0,3102108064.0,3767549777.0,0.012549104802444658
2020-09-07,642.27,652.0,602.37,608.4,49496517.0,3168745443.0,3767549777.0,0.013137588069085252
2020-09-08,607.14,635.36,598.48,617.94,47463816.0,3010739852.0,3767549777.0,0.012598059431027393
2020-09-09,601.59,619.2,581.16,611.61,52900839.0,3271746854.0,3767549777.0,0.014041178519510773
2020-09-10,618.72,636.82,610.54,621.93,40354402.0,2592634614.0,3767549777.0,0.010711046804571522
2020-09-11,630.2,682.17,624.36,679.44,77920876.0,5251141043.0,3767549777.0,0.020682109225387945
2020-09-14,697.74,725.28,693.84,708.64,86200846.0,6290525693.0,3767549777.0,0.022879816087961403
2020-09-15,699.68,710.39,689.47,700.36,42446810.0,3052536080.0,3767549777.0,0.01126642314300072
2020-09-16,710.29,741.53,699.2,712.33,65407809.0,4830262422.0,3767549777.0,0.01736083472587388
2020-09-17,701.82,734.62,696.76,724.98,51534654.0,3803223152.0,3767549777.0,0.013678559554702334
2020-09-18,722.06,727.03,691.9,701.14,65174259.0,4723911392.0,3767549777.0,0.017298844834877414
2020-09-21,710.0,716.81,681.29,692.77,49963183.0,3561680672.0,3767549777.0,0.013261452656847007
2020-09-22,690.92,694.91,674.77,681.1,37383857.0,2633542173.0,3767549777.0,0.009922591395665056
2020-09-23,692.0,749.22,680.22,749.22,80867791.0,5948487931.0,3767549777.0,0.02146429265345842
2020-09-24,738.51,743.47,677.4,678.18,95777268.0,6915747939.0,3767549777.0,0.02542163306897697
2020-09-25,690.54,710.58,669.03,692.09,54074175.0,3854105389.0,3767549777.0,0.014352610635726711
2020-09-28,707.27,739.58,702.12,720.12,60007877.0,4447064454.0,3767549777.0,0.015927560497364598
2020-09-29,730.82,738.61,713.4,730.73,41029327.0,3072972383.0,3767549777.0,0.010890188432406212
2020-09-30,725.57,746.49,725.57,729.95,38860738.0,2941760171.0,3767549777.0,0.010314591790461698
2020-10-09,781.13,802.93,769.75,797.97,88436151.0,7207571769.0,3767549777.0,0.02347312079056839
2020-10-12,805.95,808.67,783.37,805.07,58941421.0,4832335519.0,3767549777.0,0.015644496951260852
2020-10-13,796.02,810.33,773.74,804.68,44670525.0,3643901933.0,3767549777.0,0.011856651575701265
2020-10-14,777.34,795.05,763.91,776.76,73658391.0,5894438409.0,3767549777.0,0.01955074129336447
2020-10-15,787.75,788.24,729.95,758.07,63841823.0,4945880069.0,3767549777.0,0.016945183681378075
2020-10-16,756.32,764.49,738.41,742.7,43035664.0,3299249611.0,3767549777.0,0.01142271941905653
2020-10-19,744.25,747.27,686.25,695.79,103473845.0,7500260185.0,3767549777.0,0.027464493138666234
2020-10-20,698.03,715.06,691.9,711.26,56971335.0,4117928678.0,3767549777.0,0.015121587868008147
2020-10-21,720.02,723.52,688.01,700.66,48945237.0,3523062752.0,3767549777.0,0.012991264853035013
2020-10-22,697.35,697.35,671.75,686.06,50866651.0,3587022989.0,3767549777.0,0.013501255195227643
2020-10-23,691.9,701.92,656.87,661.24,56928956.0,3957170732.0,3767549777.0,0.015110339443300208
2020-10-26,653.73,695.49,641.05,686.03,73202207.0,5056808782.0,3767549777.0,0.019429658885167796
2020-10-27,680.08,698.61,670.12,696.08,47079397.0,3304922269.0,3767549777.0,0.012496025211772538
2020-10-28,683.0,711.79,683.0,704.08,53443834.0,3836261223.0,3767549777.0,0.014185302693613224
2020-10-29,692.76,734.23,687.88,723.98,54386853.0,3990578693.0,3767549777.0,0.01443560303622765
2020-10-30,731.69,749.45,715.79,741.45,63250613.0,4754890095.0,3767549777.0,0.016788262065210134
2020-11-02,687.98,738.23,684.17,719.4,90118712.0,6636313517.0,3767549777.0,0.02391971369566327
2020-11-03,723.01,727.11,683.2,692.37,71766587.0,5124332771.0,3767549777.0,0.01904861017049278
2020-11-04,692.37,700.86,663.2,681.05,77300522.0,5404993892.0,3767549777.0,0.020517452077714115
2020-11-05,702.52,724.08,700.57,721.93,84966622.0,6201404471.0,3767549777.0,0.022552222805044573
2020-11-06,736.67,743.5,688.17,695.98,73194101.0,5297353038.0,3767549777.0,0.01942750735420476
2020-11-09,697.15,724.08,681.34,704.18,73381973.0,5301783737.0,3767549777.0,0.01947737318508161
2020-11-10,706.42,742.42,686.22,729.74,73447787.0,5421538281.0,3767549777.0,0.01949484183284886
2020-11-11,722.03,750.33,712.27,712.27,63712003.0,4769818203.0,3767549777.0,0.016910726273331997
2020-11-12,727.79,729.84,681.05,683.49,87708343.0,6214710308.0,3767549777.0,0.02327994271912177
2020-11-13,683.69,684.86,625.14,649.44,142207143.0,9493407770.0,3767549777.0,0.03774525923138188
2020-11-16,650.71,662.02,625.44,652.46,65126385.0,4302979129.0,3767549777.0,0.017286137902564995
2020-11-17,652.95,656.56,629.34,636.07,51018579.0,3327658456.0,3767549777.0,0.013541580608027093
2020-11-18,633.24,638.31,604.95,612.17,88250937.0,5581719641.0,3767549777.0,0.0234239604580014
2020-11-19,615.68,634.22,608.17,632.56,58694643.0,3767211834.0,3767549777.0,0.015578996025033806
2020-11-20,642.8,656.46,633.14,652.66,51715043.0,3432420863.0,3767549777.0,0.013726439214077037
2020-11-23,659.49,667.39,641.92,660.56,56823514.0,3828114753.0,3767549777.0,0.015082352553612989
2020-11-24,659.98,659.98,640.75,652.56,36699801.0,2449920986.0,3767549777.0,0.009741026176759125
2020-11-25,654.32,668.95,645.73,651.58,35177193.0,2364771490.0,3767549777.0,0.00933688871604257
2020-11-26,647.88,659.59,635.19,658.32,38172903.0,2534575011.0,3767549777.0,0.0101320235323861
2020-11-27,657.34,682.03,651.78,678.12,55950524.0,3836510118.0,3771683290.9999995,0.014834364309831975
2020-11-30,673.34,678.61,661.54,670.32,41714973.0,2867889792.0,3771683290.9999995,0.011060041308224468
2020-12-01,672.76,687.78,668.95,682.22,43953172.0,3070193657.0,3771683290.9999995,0.011653463085005355
2020-12-02,687.88,695.69,672.07,680.27,33306008.0,2332341272.0,3771683290.9999995,0.00883054207639196
2020-12-03,683.0,686.32,673.34,677.44,24134177.0,1679295066.0,3771683290.9999995,0.006398781429392292
2020-12-04,677.64,679.69,659.59,675.59,37177216.0,2544614028.0,3771683290.9999995,0.00985692942159602
2020-12-07,680.86,704.96,675.2,699.79,55302553.0,3928961600.0,3771683290.9999995,0.014662565420581069
2020-12-08,702.52,716.96,697.64,707.79,44874562.0,3258636603.0,3771683290.9999995,0.011897754540281734
2020-12-09,708.18,723.01,703.49,715.88,45477908.0,3342658303.0,3771683290.9999995,0.012057721842265893
2020-12-10,712.27,734.23,700.08,723.01,57686786.0,4269499816.0,3771683290.9999995,0.015294705718704527
2020-12-11,731.79,732.57,702.71,710.32,52176438.0,3837048788.0,3771683290.9999995,0.013833727270925305
2020-12-14,722.03,756.08,715.2,739.3,64812554.0,4883935396.0,3771683290.9999995,0.017183986299871966
2020-12-15,739.3,746.91,723.49,744.57,49690071.0,3739938366.0,3771683290.9999995,0.013174507816860068
2020-12-16,761.06,761.06,736.28,741.55,43394743.0,3316647407.0,3771683290.9999995,0.011505404789301543
2020-12-17,734.42,736.37,712.27,729.93,45660247.0,3392596236.0,3771683290.9999995,0.012106066039254834
2020-12-18,729.35,759.11,726.32,757.65,49301851.0,3794209833.0,3771683290.9999995,0.013071577647477508
2020-12-21,819.6,833.46,800.19,833.46,104851998.0,8877337592.0,3771683290.9999995,0.02779978855865181
2020-12-22,844.0,887.32,839.12,857.66,124489504.0,11025683393.0,3771683290.9999995,0.033006351380842916
2020-12-23,876.98,912.69,869.27,899.61,93249498.0,8516037881.0,3771683290.9999995,0.024723575869297455
2020-12-24,887.71,901.27,872.97,884.0,59467376.0,5390501948.0,3771683290.9999995,0.015766799970162185
2020-12-25,892.78,916.49,880.1,911.81,77859333.0,7164351204.0,3771683290.9999995,0.02064312589177043
2020-12-28,912.0,924.01,885.95,899.12,63356777.0,5841807809.0,3771683290.9999995,0.01679801089110056
2020-12-29,901.47,901.56,854.73,862.53,87111987.0,7765578092.0,3771683290.9999995,0.02309631543238714
2020-12-30,878.15,900.78,863.9,885.37,75832989.0,6900215129.0,3771683290.9999995,0.02010587399555866
2020-12-31,895.71,914.54,869.66,899.61,85197903.0,7816656715.0,3771683290.9999995,0.02258882743503397
2021-01-04,899.61,989.57,899.61,976.69,113225943.0,11107838801.0,3771683290.9999995,0.030020002811524508
2021-01-05,966.06,1042.85,955.23,1023.24,99197922.0,10227506681.0,3771683290.9999995,0.026300702987630573
2021-01-06,1023.63,1056.7,1010.36,1044.02,86244761.0,9133467682.0,3771683290.9999995,0.0228663846738663
2021-01-07,1069.19,1119.93,1048.9,1107.93,98898721.0,10989799382.0,3771683290.9999995,0.02622137474691801
2021-01-08,1131.83,1141.59,1043.43,1077.19,126620017.0,14076783500.0,3771683290.9999995,0.033571221979889196
2021-01-11,1081.1,1081.1,1022.26,1035.72,98528650.0,10531442591.0,3771683290.9999995,0.026123256487391007
2021-01-12,1030.94,1079.34,1023.33,1072.8,85405608.0,9233938404.0,3771683290.9999995,0.02264389701112898
2021-01-13,1074.46,1115.93,1040.6,1055.53,87997639.0,9710763814.0,3771683290.9999995,0.02333113154277301
2021-01-14,1034.26,1035.43,975.62,985.38,120997501.0,12378368035.0,3771683290.9999995,0.03208050402554333
2021-01-15,974.74,1008.4,961.18,998.65,79002625.0,7994646885.0,3771683290.9999995,0.0209462510249777
2021-01-18,975.72,1017.67,969.57,1006.65,71245294.0,7286087238.0,3771683290.9999995,0.018889521866803
2021-01-19,1029.38,1042.75,986.26,1000.11,61573611.0,6385967870.0,3771683290.9999995,0.016325233655468133
2021-01-20,1007.92,1057.48,993.28,1056.8,73991177.0,7813323733.0,3771683290.9999995,0.019617547734338655
2021-01-21,1070.95,1128.52,1048.9,1112.51,95405837.0,10625267305.0,3771683290.9999995,0.02529529380890958
2021-01-22,1112.81,1189.5,1112.81,1167.93,88839728.0,10499090030.0,3771683290.9999995,0.02355439763778406
2021-01-25,1176.13,1219.65,1109.39,1139.35,115561885.0,13953031411.0,3771683290.9999995,0.03063933954257349
2021-01-26,1131.74,1138.66,1094.95,1113.1,71769132.0,8207925448.0,3771683290.9999995,0.01902840892586493
2021-01-27,1107.44,1200.13,1090.85,1200.13,98860511.0,11587186543.0,3771683290.9999995,0.026211243991747984
2021-01-28,1152.91,1171.64,1101.29,1104.9,92057688.0,10692473802.0,3771683290.9999995,0.024407586983686645
2021-01-29,1102.56,1102.56,1012.01,1049.38,137375758.0,14790282560.0,3771683290.9999995,0.03642293040028212
2021-02-01,1034.26,1058.07,1012.6,1043.24,75254208.0,7970232996.0,3771683290.9999995,0.01995241970066039
2021-02-02,1056.7,1088.32,1025.28,1063.63,71491418.0,7762243270.0,3771683290.9999995,0.018954777610992155
2021-02-03,1081.1,1111.34,1048.02,1061.78,78981935.0,8716825126.0,3771683290.9999995,0.02094076541062366
2021-02-04,1044.02,1100.71,1038.85,1080.51,72816416.0,8021496018.0,3771683290.9999995,0.01930607911161436
2021-02-05,1103.54,1157.3,1102.56,1118.37,100245606.0,11604988852.0,3771683290.9999995,0.02657847922682329
2021-02-08,1118.37,1118.37,1037.29,1094.76,83632954.0,9227796642.0,3771683290.9999995,0.02217390685998614
2021-02-09,1102.56,1150.18,1097.78,1145.59,81408616.0,9467527910.0,3771683290.9999995,0.021584160100148773
2021-02-10,1170.76,1202.08,1146.47,1190.18,80983414.0,9813001061.0,3771683290.9999995,0.02147142475966708
2021-02-18,1213.6,1226.28,1170.96,1193.3,77889570.0,9556334113.0,3771683290.9999995,0.020651142736682133
2021-02-19,1168.62,1177.69,1109.39,1141.59,77777512.0,9080595691.0,3771683290.9999995,0.02062143239481239
2021-02-22,1122.08,1165.01,1058.65,1062.36,88753703.0,10113635301.0,3771683290.9999995,0.02353158951913707
2021-02-23,1034.26,1107.93,1019.63,1085.68,65535311.0,7225816019.0,3771683290.9999995,0.017375613471147095
2021-02-24,1073.19,1088.8,985.57,1014.75,100515122.0,10619546981.0,3771683290.9999995,0.026649936976375892
2021-02-25,1044.02,1045.09,1007.14,1014.75,60249722.0,6342391915.0,3771683290.9999995,0.015974226188017443
2021-02-26,975.72,1039.04,965.96,1019.24,76398925.0,7876848195.0,3771683290.9999995,0.020255922649259368
2021-03-01,1048.9,1084.02,1034.36,1067.53,70236332.0,7666880794.0,3771683290.9999995,0.018622012131187717
2021-03-02,1082.85,1107.44,1044.31,1073.19,66514729.0,7372388197.0,3771683290.9999995,0.017635290099441175
2021-03-03,1065.29,1065.78,1026.07,1053.78,58829844.0,6283668160.0,3771683290.9999995,0.01559776881064747
2021-03-04,1019.63,1024.5,953.96,957.18,112907315.0,11368577224.0,3771683290.9999995,0.029935523820205086
2021-03-05,917.76,983.43,902.64,970.25,74392217.0,7246979183.0,3771683290.9999995,0.019723876916578575
2021-03-08,975.72,980.4,873.27,873.27,117406692.0,10921840485.0,3771683290.9999995,0.03112845987895011
2021-03-09,847.02,873.07,802.24,819.6,128754205.0,11022831928.0,3771683290.9999995,0.03413706694494567
2021-03-10,858.63,866.44,823.9,829.36,101546781.0,8772560886.0,3771683290.9999995,0.02692346444949691
2021-03-11,838.14,879.9,829.46,868.29,80542228.0,7091615570.0,3771683290.9999995,0.02135445152359162
2021-03-12,892.59,892.59,854.53,888.68,81926265.0,7375988790.0,3771683290.9999995,0.021721406247309435
2021-03-15,868.0,868.0,799.8,799.8,110187131.0,9238958127.0,3771683290.9999995,0.02921431162126704
2021-03-16,787.4,804.87,778.43,796.19,73154028.0,5942593516.0,3771683290.9999995,0.0193955913993522
2021-03-17,796.28,812.87,772.77,806.53,60705105.0,4964088163.0,3771683290.9999995,0.016094963525928777
2021-03-18,806.53,816.29,792.97,808.38,68075013.0,5606462993.0,3771683290.9999995,0.01804897382620666
2021-03-19,780.57,788.38,759.5,770.43,75484816.0,5972434766.0,3771683290.9999995,0.020013561631784426
2021-03-22,780.57,795.8,772.77,781.06,55205169.0,4434728211.0,3771683290.9999995,0.014636745649278325
2021-03-23,780.57,785.45,756.08,766.62,58049602.0,4541002790.0,3771683290.9999995,0.015390900433903905
2021-03-24,770.62,774.72,744.77,749.25,48389440.0,3746514555.0,3771683290.9999995,0.012829666826869321
2021-03-25,736.67,758.13,731.89,751.3,47345692.0,3623893918.0,3771683290.9999995,0.012552934153558548
2021-03-26,761.16,791.5,756.18,784.67,87221576.0,6951002456.0,3771683290.9999995,0.02312537115937819
2021-03-29,784.67,794.92,769.84,782.53,57740494.0,4637820542.0,3771683290.9999995,0.015308945514534721
2021-03-30,782.43,859.51,776.67,854.92,104460183.0,8887659620.0,3866309182.0,0.02701806246803156
2021-03-31,858.53,884.68,842.34,858.63,81182804.0,7161190354.0,3866309182.0,0.020997494038488926
2021-04-01,870.83,904.98,855.51,874.44,65377859.0,5894871561.0,3866309182.0,0.01690963032764512
2021-04-02,872.1,881.17,845.75,867.32,56409986.0,4984790631.0,3866309182.0,0.014590138383816403
2021-04-06,885.56,923.32,880.0,909.27,76607102.0,7082562610.0,3866309182.0,0.01981401341533994
2021-04-07,909.47,909.76,865.07,869.56,65815727.0,5907819803.0,3866309182.0,0.017022882522280392
2021-04-08,848.87,866.73,836.97,855.8,51570166.0,4514426142.0,3866309182.0,0.013338345065648193
2021-04-09,819.6,840.68,810.33,817.36,65257638.0,5500628414.0,3866309182.0,0.016878535814935248
2021-04-12,809.85,822.53,785.45,795.11,57856937.0,4742177442.0,3866309182.0,0.014964384449479343
2021-04-13,794.82,812.68,790.33,796.19,41493597.0,3399308664.0,3866309182.0,0.010732094886042149
2021-04-14,792.19,809.75,787.31,801.36,51578388.0,4217656634.0,3866309182.0,0.013340471641566714
2021-04-15,799.11,853.75,791.31,846.73,82360110.0,7021186720.0,3866309182.0,0.021301997880416798
2021-04-16,844.0,844.19,811.5,832.78,53880122.0,4556901793.0,3866309182.0,0.013935802716152254
2021-04-19,838.14,879.71,827.12,874.34,75210468.0,6647395645.0,3866309182.0,0.019452781570121206
2021-04-20,874.24,922.05,867.02,901.56,83943905.0,7759799161.0,3866309182.0,0.02171163790801043
2021-04-21,917.18,932.49,884.59,901.95,87086859.0,8130256251.0,3866309182.0,0.022524545994780196
2021-04-22,912.39,916.0,862.34,884.1,58328043.0,5283325129.0,3866309182.0,0.015086233473399439
2021-04-23,884.98,910.34,884.98,897.56,46036028.0,4246057601.0,3866309182.0,0.01190697014463444
2021-04-26,902.54,928.69,888.0,892.59,58306213.0,5456355919.0,3866309182.0,0.015080587261735449
2021-04-27,895.71,908.1,878.24,896.49,44338178.0,4055311102.0,3866309182.0,0.011467830406947523
2021-04-28,897.66,924.59,889.56,922.35,54504618.0,5101771058.0,3866309182.0,0.0140973252355895
2021-04-29,928.4,928.4,896.39,918.15,45202640.0,4237030075.0,3866309182.0,0.011691418836973912
2021-04-30,923.52,981.38,923.13,969.86,81083489.0,8006832808.0,3866309182.0,0.020971806749830697
2021-05-06,965.67,1011.82,956.5,975.72,72318413.0,7293459241.0,3866309182.0,0.018704767155375418
2021-05-07,975.82,1003.04,936.69,943.81,53589869.0,5300692479.0,3866309182.0,0.013860730344456968
2021-05-10,937.27,970.84,917.27,952.3,42820598.0,4159614960.0,3866309182.0,0.011075316531682386
2021-05-11,936.2,940.88,907.71,938.64,43506509.0,4120827652.0,3866309182.0,0.011252723709358018
2021-05-12,931.81,953.86,930.84,942.35,25541394.0,2470196189.0,3866309182.0,0.006606143688381309
2021-05-13,920.88,934.74,913.27,922.05,30315670.0,2864799428.0,3866309182.0,0.007840984404749035
2021-05-14,924.69,938.93,901.27,934.74,37096914.0,3505900046.0,3866309182.0,0.009594916560917708
2021-05-17,935.23,974.55,935.23,969.38,52381190.0,5177124822.0,3866309182.0,0.013548112045427205
2021-05-18,972.6,985.38,960.11,972.5,35040546.0,3487572157.0,3866309182.0,0.00906304807777269
2021-05-19,972.6,993.28,961.08,982.16,42186708.0,4240619496.0,3866309182.0,0.010911364304852948
2021-05-20,982.26,987.43,956.2,962.84,39598470.0,3923539886.0,3866309182.0,0.010241930517185421
2021-05-21,977.67,1004.89,952.01,961.77,54224665.0,5412352039.0,3866309182.0,0.014024916903295914
2021-05-24,951.33,951.33,918.15,939.23,54417852.0,5201493939.0,3866309182.0,0.014074883678043108
2021-05-25,927.91,956.2,910.93,956.2,78022517.0,7455623402.0,3866309182.0,0.020180102864830844
2021-05-26,956.2,965.38,934.84,936.3,47284604.0,4579287890.0,3866309182.0,0.012229907587354457
2021-05-27,931.81,945.28,924.69,928.1,45713761.0,4368723698.0,3866309182.0,0.011823617524647308
2021-05-28,928.1,970.64,919.13,948.89,65790679.0,6408757675.0,3866309182.0,0.01701640399228682
2021-05-31,956.2,1000.11,941.96,996.21,79134807.0,7942206489.0,3866309182.0,0.020467790669308143
2021-06-01,997.67,1001.09,964.99,986.45,50285909.0,5051251819.0,3866309182.0,0.013006178924880405
2021-06-02,1014.75,1029.38,980.89,988.3,55812004.0,5725840124.0,3866309182.0,0.014435473567359415
2021-06-03,975.72,983.52,941.96,943.52,67463131.0,6626517359.0,3866309182.0,0.017448974674369434
2021-06-04,932.88,947.03,915.22,933.08,57663394.0,5481255116.0,3866309182.0,0.0149143255972538
2021-06-07,933.37,933.76,903.32,915.22,52096770.0,4871897493.0,3866309182.0,0.013474548347696007
2021-06-08,912.1,935.71,903.51,931.03,42543978.0,4043160810.0,3866309182.0,0.011003770261847621
2021-06-09,931.81,951.81,917.18,947.62,40653944.0,3901269998.0,3866309182.0,0.010514923169949423
2021-06-10,961.86,1030.16,956.69,1011.33,130853491.0,13417585414.0,3866309182.0,0.03384454911397202
2021-06-11,1027.24,1092.8,1016.7,1068.41,122298381.0,13226970917.0,3866309182.0,0.031631816092042686
2021-06-15,1068.41,1083.05,1025.48,1034.36,77604600.0,8323894281.0,3866309182.0,0.020072010888652205
2021-06-16,1022.16,1034.26,966.94,981.87,78299030.0,7959864213.0,3866309182.0,0.020251621459693184
2021-06-17,991.82,1006.55,979.62,1001.28,49986866.0,5100039304.0,3866309182.0,0.012928833067132602
2021-06-18,1006.55,1059.53,997.18,1039.43,66276407.0,7032931926.0,3866309182.0,0.017142034917578923
2021-06-21,1036.21,1083.05,1014.55,1064.02,60488367.0,6565352165.0,3866309182.0,0.015644989614801066
2021-06-22,1077.19,1082.56,1039.04,1070.36,46905297.0,5092806482.0,3866309182.0,0.012131801879263156
2021-06-23,1085.44,1128.3,1078.87,1092.29,89935844.0,7269308582.0,3866309182.0,0.02326142058651325
2021-06-24,1117.21,1168.96,1090.1,1152.12,124449248.0,10301049890.0,5412832854.000001,0.022991518740142495
2021-06-25,1152.12,1208.94,1140.89,1179.64,105987416.0,9172484221.0,5412832854.000001,0.019580766459780283
2021-06-28,1180.19,1204.69,1166.22,1173.34,86729084.0,7484516048.0,5412832854.000001,0.016022863875412026
2021-06-29,1178.54,1234.27,1178.54,1215.78,124714629.0,11073919843.0,5412832854.000001,0.023040546856686658
2021-06-30,1198.53,1230.71,1187.99,1216.33,70711585.0,6236438217.0,5412832854.000001,0.013063692692403242
2021-07-01,1216.88,1225.23,1163.76,1165.4,99166054.0,8542296904.0,5412832854.000001,0.01832054613079689
2021-07-02,1143.08,1170.19,1117.21,1131.72,108676418.0,9032383081.0,5412832854.000001,0.020077549211535282
2021-07-05,1131.58,1161.16,1129.53,1150.89,71523453.0,5972121444.0,5412832854.000001,0.01321368217515626
2021-07-06,1151.98,1167.04,1107.76,1133.23,94982162.0,7858809845.0,5412832854.000001,0.01754758821525583
2021-07-07,1114.47,1230.57,1104.47,1230.57,147792735.0,12778774860.0,5412832854.000001,0.027304137959993244
2021-07-08,1232.21,1273.29,1218.52,1241.8,124701919.0,11369312638.0,5412832854.000001,0.023038198733191472
2021-07-09,1223.45,1273.15,1193.19,1258.64,116408575.0,10494977357.0,5412832854.000001,0.02150603540509769
2021-07-12,1260.28,1290.81,1241.25,1250.97,106693827.0,9849152814.0,5412832854.000001,0.019711273168384443
2021-07-13,1239.06,1270.55,1218.8,1223.45,98026598.0,8843854205.0,5412832854.000001,0.018110036028095685
2021-07-14,1221.81,1234.27,1186.76,1197.98,87699884.0,7727611558.0,5412832854.000001,0.01620221543238512
2021-07-15,1184.29,1278.08,1181.28,1275.07,127437372.0,11590975162.0,5412832854.000001,0.0235435631280995
2021-07-16,1273.29,1279.45,1216.88,1218.52,98078634.0,8926463820.0,5412832854.000001,0.018119649478465123
2021-07-19,1211.68,1243.17,1188.4,1206.47,82384913.0,7284720050.0,5412832854.000001,0.015220295032594403
2021-07-20,1193.19,1240.43,1189.22,1226.05,63820436.0,5701557030.0,5412832854.000001,0.011790579484241356
2021-07-21,1245.63,1293.82,1233.03,1276.44,109484636.0,10150943843.0,5412832854.000001,0.02022686437086128
2021-07-22,1286.98,1296.42,1254.12,1273.01,80130413.0,7439512377.0,5412832854.000001,0.014803784850068823
2021-07-23,1267.13,1306.83,1259.6,1263.57,80354063.0,7511485544.0,5412832854.000001,0.01484510332526148
2021-07-26,1250.7,1255.21,1152.94,1210.99,139085284.0,12280092219.0,5412832854.000001,0.02569546996028486
2021-07-27,1204.83,1231.94,1144.73,1145.82,108094386.0,9393704697.0,5412832854.000001,0.019970021043624116
2021-07-28,1122.68,1183.34,1099.82,1170.19,112052152.0,9416049095.0,5412832854.000001,0.020701203052519008
2021-07-29,1204.83,1238.1,1176.08,1228.11,109580977.0,9672878658.0,5412832854.000001,0.020244662999157885
2021-07-30,1223.72,1223.72,1168.69,1176.35,104609362.0,9115571578.0,5412832854.000001,0.01932617629652009
2021-08-02,1161.7,1218.52,1144.86,1185.94,88048808.0,7621433710.0,5412832854.000001,0.016266677796069995
2021-08-03,1202.09,1207.29,1148.01,1166.08,75226979.0,6457124460.0,5412832854.000001,0.013897894324301628
2021-08-04,1166.08,1267.54,1164.03,1259.32,171055501.0,15460749539.0,5412832854.000001,0.031601844286322754
2021-08-05,1255.21,1302.72,1232.35,1275.61,122497429.0,11373091051.0,5412832854.000001,0.022630927705346797
2021-08-06,1275.75,1305.05,1251.38,1258.23,80494615.0,7491539097.0,5412832854.000001,0.014871069765347678
2021-08-09,1256.72,1256.72,1185.66,1205.24,101955664.0,8965651868.0,5412832854.000001,0.018835915822646605
2021-08-10,1211.68,1219.62,1175.8,1194.97,86153189.0,7492294317.0,5412832854.000001,0.015916469494588976
2021-08-11,1195.25,1196.48,1163.76,1179.09,74832677.0,6423120943.0,5412832854.000001,0.013825048550076656
2021-08-12,1177.45,1192.37,1147.33,1186.21,87028916.0,7433154632.0,5412832854.000001,0.016078256681376548
2021-08-13,1163.76,1177.45,1149.24,1152.26,80445199.0,6800290559.0,5412832854.000001,0.01486194034987654
2021-08-16,1138.15,1170.47,1130.9,1160.61,60071260.0,5073982578.0,5412832854.000001,0.011097933673604617
2021-08-17,1166.49,1186.76,1149.79,1163.76,74163994.0,6350971129.0,5412832854.000001,0.013701511944008014
2021-08-18,1151.98,1170.6,1103.24,1122.41,97381793.0,8050117083.0,5412832854.000001,0.017990910790462767
2021-08-19,1121.31,1133.64,1055.73,1100.64,124239996.0,9902694459.0,5412832854.000001,0.022952860239936753
2021-08-20,1089.69,1114.47,1071.75,1083.25,70466882.0,5607786097.0,5412832854.000001,0.013018484756632758
2021-08-23,1089.14,1111.73,1061.07,1105.57,83060239.0,6605005820.0,5412832854.000001,0.015345058907300223
2021-08-24,1116.52,1177.45,1104.34,1151.98,119642734.0,10048701932.0,5412832854.000001,0.022103533810689507
2021-08-25,1163.89,1216.88,1154.04,1206.61,129419133.0,11228242129.0,5412832854.000001,0.023909685831950498
2021-08-26,1214.41,1229.47,1177.17,1177.45,90619690.0,7949342292.0,5412832854.000001,0.01674163833324974
2021-08-27,1177.45,1250.29,1177.45,1243.3,136577033.0,12300172718.0,5412832854.000001,0.025232080258874363
2021-08-30,1269.86,1349.68,1252.75,1332.16,181945339.0,17373353033.0,5412832854.000001,0.03361369986984637
2021-08-31,1299.03,1299.03,1207.29,1224.82,178754384.0,16270744090.0,5412832854.000001,0.033024183236676746
2021-09-01,1199.35,1213.05,1140.21,1164.17,130517219.0,11191296413.0,5412832854.000001,0.02411255298665832
2021-09-02,1173.07,1216.88,1173.07,1206.75,84470610.0,7404629660.0,5412832854.000001,0.015605619511708644
2021-09-03,1224.0,1250.01,1163.21,1171.83,94880563.0,8352280944.0,5412832854.000001,0.017528818191732028
2021-09-06,1191.14,1198.53,1138.98,1177.86,75698531.0,6448861515.0,5412832854.000001,0.013985011738180671
2021-09-07,1184.29,1198.12,1158.01,1198.12,65098548.0,5626859215.0,5412832854.000001,0.012026705748338999
2021-09-08,1203.32,1215.78,1150.07,1159.38,88382687.0,7571000404.0,5412832854.000001,0.016328360654012535
2021-09-09,1150.07,1156.91,1108.99,1133.5,109468059.0,9005172540.0,5412832854.000001,0.02022380183402574
2021-09-10,1122.68,1154.72,1111.87,1147.46,70163892.0,5823971111.0,5412832854.000001,0.012962508522344257
2021-09-13,1147.74,1147.74,1103.1,1114.47,86888306.0,7087003428.0,5412832854.000001,0.016052279526013975
2021-09-14,1111.18,1142.81,1103.79,1121.45,80055255.0,6562793676.0,5412832854.000001,0.014789899699348815
2021-09-15,1139.11,1159.65,1132.13,1151.43,86506197.0,7249086737.0,5412832854.000001,0.01598168636152754
2021-09-16,1163.76,1163.89,1109.13,1109.13,80257731.0,6573777930.0,5412832854.000001,0.014827306359680175
2021-09-17,1104.2,1118.3,1081.61,1098.04,68416951.0,5469904506.0,5412832854.000001,0.012639767908118743
2021-09-22,1078.6,1115.84,1075.04,1100.09,41437125.0,3329593451.0,5412832854.000001,0.007655349078325704
2021-09-23,1109.68,1113.65,1091.33,1097.9,51737388.0,4147301497.0,5412832854.000001,0.009558282953771029
2021-09-24,1098.72,1138.56,1076.41,1120.08,77635762.0,6315356336.0,5412832854.000001,0.014342907696222018
2021-09-27,1133.5,1143.08,1102.28,1136.1,80901232.0,6669234399.0,5412832854.000001,0.014946190688340806
2021-09-28,1135.69,1145.27,1109.81,1116.66,48331903.0,3970659443.0,5412832854.000001,0.008929132730245579
2021-09-29,1096.67,1129.53,1086.4,1109.95,55654775.0,4524582855.0,5412832854.000001,0.01028200509810163
2021-09-30,1110.36,1139.11,1110.36,1129.25,49199878.0,4061710412.0,5412832854.000001,0.009089487764921845
2021-10-08,1139.11,1141.17,1078.32,1089.14,81486954.0,6559348626.0,5412832854.000001,0.01505440056952477
2021-10-11,1090.51,1100.37,1060.25,1074.08,64577848.0,5090438826.0,5412832854.000001,0.011930508430955512
2021-10-12,1074.9,1084.9,1057.79,1069.97,49573740.0,3875041400.0,5412832854.000001,0.0091585573279555
2021-10-13,1079.97,1141.44,1079.97,1139.25,104191561.0,8514613645.0,5412832854.000001,0.019248989172648112
2021-10-14,1136.78,1145.0,1117.48,1123.37,53064401.0,4381512070.0,5412832854.000001,0.00980344348907545
2021-10-15,1122.68,1170.6,1113.37,1163.76,98494116.0,8300943441.0,5412832854.000001,0.01819640817602826
2021-10-18,1188.4,1204.83,1150.07,1177.86,70585359.0,6052956799.0,5412832854.000001,0.013040372925581564
2021-10-19,1195.52,1195.93,1159.38,1163.62,49006664.0,4189600311.0,5412832854.000001,0.00905379222337982
2021-10-20,1161.02,1232.08,1158.96,1202.91,106879779.0,9453783713.0,5412832854.000001,0.019745627083425914
2021-10-21,1191.28,1195.52,1144.59,1155.82,85008015.0,7224332995.0,5412832854.000001,0.015704903013434152
2021-10-22,1148.42,1171.29,1136.24,1158.55,56081487.0,4733585769.0,5412832854.000001,0.010360838494866258
2021-10-25,1158.55,1221.53,1156.91,1204.83,98362306.0,8657123837.0,5412832854.000001,0.018172056786736314
2021-10-26,1214.41,1224.41,1182.65,1182.92,60343209.0,5276105072.0,5412832854.000001,0.011148175202825131
2021-10-27,1184.29,1226.74,1177.45,1210.44,91967786.0,8130554230.0,5412832854.000001,0.01699069387151632
2021-10-28,1216.74,1233.58,1203.05,1220.16,91200205.0,8152928250.0,5412832854.000001,0.016848886241259867
2021-10-29,1222.63,1340.1,1195.38,1337.5,224362546.0,20935018521.0,5412832854.000001,0.04145011531885739
2021-11-01,1334.76,1414.31,1322.71,1371.86,194407246.0,19424256083.0,5412832854.000001,0.03591598913983387
2021-11-02,1369.13,1407.05,1351.87,1368.85,122523180.0,12328218343.0,5412832854.000001,0.022635685103310967
2021-11-03,1341.74,1355.71,1234.68,1245.9,199318453.0,18736269021.0,5412832854.000001,0.0368233156973814
2021-11-04,1273.29,1303.13,1251.11,1266.44,129788317.0,12132851485.0,5412832854.000001,0.023977891152520702
2021-11-05,1218.66,1260.96,1180.46,1232.21,120233589.0,10722588125.0,5412832854.000001,0.02221269199383262
2021-11-08,1218.25,1262.47,1211.68,1255.49,70095595.0,6370719745.0,5412832854.000001,0.012949890914920903
2021-11-09,1293.14,1299.3,1263.84,1275.07,71535416.0,6693126099.0,5412832854.000001,0.013215892293281588
2021-11-10,1260.96,1320.52,1256.86,1297.93,79183055.0,7439220804.0,5412832854.000001,0.014628764112212504
2021-11-11,1327.91,1341.74,1279.45,1311.49,75911472.0,7281845505.0,5412832854.000001,0.014024351766913065
2021-11-12,1329.56,1339.69,1293.82,1297.52,62762062.0,6029396184.0,5412832854.000001,0.01159504896841952
2021-11-15,1285.47,1285.47,1244.54,1263.57,64053394.0,5898307672.0,5412832854.000001,0.01183361757654599
2021-11-16,1263.7,1270.69,1228.79,1231.94,53349890.0,4844123957.0,5412832854.000001,0.009856186481090996
2021-11-17,1241.8,1275.75,1217.7,1249.87,85488154.0,7779495324.0,5412832854.000001,0.015793606842455066
2021-11-18,1248.64,1248.64,1200.18,1228.38,72448159.0,6466310692.0,5412832854.000001,0.013384518043349872
2021-11-19,1226.6,1268.22,1205.24,1258.09,87859209.0,7934764925.0,5412832854.000001,0.016231650111839937
2021-11-22,1270.55,1276.98,1237.14,1262.06,89945439.0,8255305045.0,5412832854.000001,0.016617073060649138
2021-11-23,1252.48,1304.09,1249.05,1270.27,81741151.0,7654805876.0,5412832854.000001,0.015101362485190086
2021-11-24,1281.64,1282.87,1227.69,1242.76,75053901.0,6839301494.0,5412832854.000001,0.013865918831123024
2021-11-25,1232.21,1232.21,1186.35,1197.16,106746305.0,9373395937.0,5412832854.000001,0.0197209682765497
2021-11-26,1191.14,1206.88,1181.01,1195.93,56355857.0,4907340358.0,5412832854.000001,0.010411527294502338
2021-11-29,1177.45,1207.02,1169.51,1204.69,54189843.0,4720275017.0,5412832854.000001,0.010011364559309186
2021-11-30,1207.43,1212.77,1183.47,1196.89,43095919.0,3772926278.0,5412832854.000001,0.007961804874161739
2021-12-01,1174.3,1180.32,1136.65,1150.89,119572152.0,10072294774.0,5412832854.000001,0.022090494058326225
2021-12-02,1140.48,1154.17,1133.09,1138.15,63510064.0,5291846726.0,5412832854.000001,0.011733239453914975
2021-12-03,1133.64,1133.77,1095.98,1125.97,102142477.0,8287662740.0,5412832854.000001,0.018870428804118395
2021-12-06,1122.68,1143.08,1116.52,1121.18,62961514.0,5185917704.0,5412832854.000001,0.011631896956410247
2021-12-07,1130.9,1149.79,1109.68,1149.65,74880332.0,6160668492.0,5412832854.000001,0.013833852627587526
2021-12-08,1156.91,1159.51,1130.76,1152.26,73079680.0,6125878363.0,5412832854.000001,0.013501189113200722
2021-12-09,1145.68,1171.97,1142.26,1163.76,61713502.0,5237739072.0,5412832854.000001,0.011401331551258722
2021-12-10,1157.18,1197.98,1149.93,1188.54,75287419.0,6483385137.0,5412832854.000001,0.013909060381268516
2021-12-13,1188.54,1221.67,1178.82,1200.45,80177405.0,7064169374.0,5412832854.000001,0.014812466440885963
2021-12-14,1202.09,1209.21,1177.58,1184.84,48498225.0,4216633690.0,5412832854.000001,0.00895986007847269
2021-12-15,1177.17,1195.25,1163.76,1167.86,49505407.0,4245867010.0,5412832854.000001,0.00914593306967095
2021-12-16,1164.44,1179.36,1161.16,1170.33,38149010.0,3254688183.0,5412832854.000001,0.007047882509767222
2021-12-17,1143.22,1154.58,1115.84,1121.31,82185580.0,6786065372.0,5412832854.000001,0.01518346902939486
2021-12-20,1109.4,1118.58,1083.94,1102.01,65710968.0,5268908782.0,5412832854.000001,0.012139847982085868
2021-12-21,1099.68,1108.99,1084.62,1108.72,48588211.0,3890425826.0,5412832854.000001,0.0089764846450217
2021-12-22,1119.94,1119.94,1094.89,1096.81,40272235.0,3234249928.0,5412832854.000001,0.007440140142188103
2021-12-23,1089.28,1108.99,1085.72,1098.04,44036998.0,3531361326.0,5412832854.000001,0.008135665590977436
2021-12-24,1095.44,1097.76,1065.18,1066.27,67551477.0,5289874960.0,5412832854.000001,0.012479874923549595
2021-12-27,1063.81,1085.03,1057.79,1069.83,40790172.0,3192025306.0,5412832854.000001,0.007535827005974641
2021-12-28,1067.92,1121.31,1062.44,1116.52,68694414.0,5504813491.0,5412832854.000001,0.01269102812757942
2021-12-29,1111.46,1135.69,1106.25,1122.82,52876370.0,4344087235.0,5412832854.000001,0.009768705486799794
2021-12-30,1126.79,1149.93,1102.28,1112.14,63287437.0,5210227414.0,5412832854.000001,0.011692109974028026
2021-12-31,1150.07,1195.66,1150.07,1180.19,121377167.0,10420525923.0,5412832854.000001,0.022423963620141
2022-01-04,1184.02,1205.1,1131.17,1161.84,88124334.0,7463050368.0,5412832854.000001,0.016280630933371138
2022-01-05,1161.02,1161.02,1111.59,1115.43,63103844.0,5206534639.0,5412832854.000001,0.01165819187514117
2022-01-06,1095.3,1119.94,1086.54,1102.83,43689283.0,3520049198.0,5412832854.000001,0.008071426585381125
2022-01-07,1105.02,1122.27,1090.65,1099.0,48117045.0,3880542651.0,5412832854.000001,0.008889438543154392
2022-01-10,1100.78,1112.69,1084.07,1091.19,40547853.0,3236932099.0,5412832854.000001,0.007491059505012381
2022-01-11,1087.09,1094.89,1062.44,1067.64,53476814.0,4183417242.0,5412832854.000001,0.009879635200721458
2022-01-12,1078.73,1104.34,1069.29,1098.04,49716404.0,3960998763.0,5412832854.000001,0.009184913951898651
2022-01-13,1102.15,1103.52,1074.76,1085.03,34884375.0,2766337478.0,5412832854.000001,0.006444753780678999
2022-01-14,1080.24,1102.01,1071.89,1085.03,35027029.0,2776847736.0,5412832854.000001,0.006471108557160704
2022-01-17,1107.35,1128.3,1096.67,1109.13,49900721.0,4056716936.0,5412832854.000001,0.009218965806994045
2022-01-18,1103.93,1113.1,1081.47,1088.59,43247028.0,3461272634.0,5412832854.000001,0.007989721679294255
2022-01-19,1084.21,1085.72,1066.41,1074.9,34566922.0,2707394711.0,5412832854.000001,0.006386105562904196
2022-01-20,1067.92,1075.86,1062.17,1070.66,28325086.0,2210017372.0,5412832854.000001,0.0052329504279941316
2022-01-21,1067.92,1067.92,1035.33,1040.54,58237198.0,4448835188.0,5412832854.000001,0.010759097790533767
2022-01-24,1033.69,1063.81,1010.83,1047.93,50896441.0,3867749416.0,5412832854.000001,0.009402921237885317
2022-01-25,1032.32,1054.23,1017.4,1019.31,44192785.0,3340132478.0,5412832854.000001,0.008164446638573405
2022-01-26,1029.72,1063.81,1024.24,1058.47,56634009.0,4329721561.0,5412832854.000001,0.010462914804056499
2022-01-27,1052.86,1054.23,1017.26,1019.04,52513701.0,3960290547.0,5412832854.000001,0.009701703787360287
2022-01-28,1027.53,1033.96,920.05,959.89,104046797.0,7340734965.0,5412832854.000001,0.019222244581801745
2022-02-07,980.29,1017.67,970.85,1002.47,65889467.0,4810433612.0,5412832854.000001,0.012172824984113206
2022-02-08,1002.2,1002.34,955.65,983.85,48666145.0,3466510961.0,5412832854.000001,0.008990882651038534
2022-02-09,986.87,991.66,962.22,974.54,46237959.0,3289853745.0,5412832854.000001,0.00854228464967856
2022-02-10,978.92,979.2,924.43,937.85,79541236.0,5474501841.0,5412832854.000001,0.014694936670955993
2022-02-11,917.31,932.92,887.19,891.99,102083118.0,6757660080.0,5412832854.000001,0.018859462457733595
2022-02-14,886.37,906.91,869.94,894.45,56197179.0,3668216729.0,5412832854.000001,0.01038221214580294
2022-02-15,903.08,942.1,897.19,938.81,71562138.0,4824525032.0,5412832854.000001,0.013220829079751958
2022-02-16,950.17,950.17,926.9,931.96,42037344.0,2871941998.0,5412832854.000001,0.0077662372243648805
2022-02-17,925.53,963.04,922.24,951.54,62247780.0,4334748980.0,5412832854.000001,0.011500037351790724
2022-02-18,944.7,948.8,927.17,938.54,42451477.0,2907300629.0,5412832854.000001,0.007842746699379236
2022-02-21,937.58,943.05,922.11,935.11,32603444.0,2218727040.0,5412832854.000001,0.006023360572811065
2022-02-22,925.12,960.85,911.84,945.93,63348967.0,4358814443.0,5412832854.000001,0.011703477404292298
2022-02-23,961.26,989.47,958.8,985.77,79090998.0,5649033257.0,5412832854.000001,0.014611756936398462
2022-02-24,980.98,1030.95,973.04,1000.15,108228722.0,7934986683.0,5412832854.000001,0.019994839101676792
2022-02-25,1026.84,1043.96,1006.31,1020.82,74417864.0,5582305873.0,5412832854.000001,0.013748413447684115
2022-02-28,1020.82,1065.86,1015.21,1063.4,86930420.0,6647010934.0,5412832854.000001,0.016060059925138783
2022-03-01,1102.15,1120.77,1085.99,1095.98,107707374.0,8664020971.0,5412832854.000001,0.01989852206879174
2022-03-02,1095.57,1101.87,1057.92,1095.98,67437341.0,5331833376.0,5412832854.000001,0.012458788737613583
2022-03-03,1100.09,1103.93,1070.52,1074.63,42857402.0,3389613931.0,5412832854.000001,0.007917739778040446
2022-03-04,1053.41,1087.09,1046.56,1065.18,41125759.0,3209014195.0,5412832854.000001,0.007597825410331799
2022-03-07,1053.68,1078.46,1033.55,1051.49,54183496.0,4167608872.0,5412832854.000001,0.010010191975530746
2022-03-08,1041.9,1093.66,1041.9,1064.36,86917816.0,6821768626.0,5412832854.000001,0.016057731384734902
2022-03-09,1095.16,1107.62,1013.15,1069.97,93353887.0,7257176498.0,5412832854.000001,0.017246770687000413
2022-03-10,1117.21,1134.05,1111.73,1119.12,116753823.0,9573904982.0,5412832854.000001,0.02156981864195579
2022-03-11,1096.94,1126.79,1076.95,1102.28,76791190.0,6184126516.0,5412832854.000001,0.014186876275562893
2022-03-14,1103.79,1133.36,1085.17,1090.92,64085028.0,5199609882.0,5412832854.000001,0.011839461836077599
2022-03-15,1073.12,1105.71,1049.57,1059.7,76187307.0,5967391277.0,5412832854.000001,0.014075311219650676
2022-03-16,1085.72,1111.73,1038.89,1108.99,97703716.0,7729154526.0,5412832854.000001,0.01805038482350299
2022-03-17,1136.37,1144.45,1100.09,1105.16,93895339.0,7686029331.0,5412832854.000001,0.017346801856372263
2022-03-18,1100.78,1111.46,1077.5,1104.61,44280287.0,3539321731.0,5412832854.000001,0.008180612295699755
2022-03-21,1106.12,1136.37,1102.15,1130.76,66953956.0,5494079065.0,5412832854.000001,0.012369485222607982
2022-03-22,1136.51,1141.58,1084.35,1102.01,50803758.0,4122897547.0,5412832854.000001,0.009385798410984887
2022-03-23,1109.13,1122.55,1087.5,1102.15,39980453.0,3233477340.0,5412832854.000001,0.007386234542685916
2022-03-24,1092.56,1092.56,1055.05,1079.01,52216889.0,4086884976.0,5412832854.000001,0.009646868914751822
2022-03-25,1078.87,1078.87,1037.8,1039.17,48868867.0,3755647628.0,5412832854.000001,0.009028334758921413
2022-03-28,1026.43,1058.06,1020.14,1038.48,47207869.0,3591873830.0,5412832854.000001,0.008721471782583146
2022-03-29,1047.11,1063.54,1004.94,1017.81,54570914.0,4105629836.0,5412832854.000001,0.010081765957297744
2022-03-30,1022.46,1032.18,1000.42,1032.18,64552201.0,4819761039.0,5412832854.000001,0.011925770246590361
2022-03-31,1030.95,1030.95,980.7,988.37,64970601.0,4718237571.0,5412832854.000001,0.012003068033402826
2022-04-01,972.08,1017.67,958.39,993.99,50523141.0,3661966027.0,5412832854.000001,0.009333955502184807
2022-04-06,958.39,959.48,931.01,939.22,86552235.0,5951088531.0,5412832854.000001,0.01599019170452293
2022-04-07,938.54,949.08,920.74,942.37,49737540.0,3406152306.0,5412832854.000001,0.009188818746406462
2022-04-08,942.37,953.73,915.12,929.64,44996101.0,3067662338.0,5412832854.000001,0.008312856172299606
2022-04-11,922.79,924.16,890.07,901.16,56560648.0,3736122338.0,5412832854.000001,0.01044936164215796
2022-04-12,917.04,920.87,896.78,915.4,42166729.0,2804527742.0,5412832854.000001,0.007790140604256684
2022-04-13,913.21,922.65,898.01,913.07,36988679.0,2468088457.0,5412832854.000001,0.00683351583130189
2022-04-14,924.16,929.36,900.88,917.72,40211512.0,2679158353.0,5412832854.000001,0.007428921802062354
2022-04-15,903.62,915.53,889.93,909.1,44969169.0,2962970249.0,5412832854.000001,0.008307880589138915
2022-04-18,902.66,954.55,894.59,947.43,63621996.0,4352382946.0,5412832854.000001,0.011753918459348752
2022-04-19,944.7,967.29,941.55,946.07,46731128.0,3252055445.0,5412832854.000001,0.008633395720960866
2022-04-20,920.05,937.17,912.66,914.58,49272843.0,3308356457.0,5412832854.000001,0.009102967767347207
2022-04-21,907.05,918.0,848.86,856.8,85058616.0,5436471738.0,5412832854.000001,0.015714251353086392
2022-04-22,835.17,854.33,832.43,848.86,57313598.0,3535533385.0,5412832854.000001,0.01058846625157585
2022-04-25,821.48,828.18,773.56,775.06,70046681.0,4085597518.0,5412832854.000001,0.012940854242014247
2022-04-26,775.06,806.0,769.45,782.73,58094819.0,3339825278.0,5412832854.000001,0.01073279381924177
2022-04-27,774.38,841.33,774.1,839.27,76161512.0,4523392247.0,5412832854.000001,0.014070545692856155
2022-04-28,821.48,903.62,780.95,884.18,106998805.0,6788961420.0,5412832854.000001,0.01976761667800799
2022-04-29,889.79,940.59,877.34,930.46,82860316.0,5518580028.0,5412832854.000001,0.01530812390387549
2022-05-05,935.39,970.85,930.46,945.79,65786742.0,4565492426.0,5412832854.000001,0.01215384693643082
2022-05-06,922.65,937.71,917.31,917.72,39039212.0,2637870701.0,5412832854.000001,0.007212343896994827
2022-05-09,913.07,958.39,909.1,949.21,46367327.0,3189375422.0,5412832854.000001,0.00856618488888591
2022-05-10,908.55,976.6,908.55,936.76,60685838.0,4199569357.0,5412832854.000001,0.01121147458953108
2022-05-11,943.33,999.46,942.92,977.56,80877961.0,5796750859.0,5412832854.000001,0.014941891460814724
2022-05-12,976.19,976.19,948.12,955.38,52691110.0,3687166181.0,5412832854.000001,0.009734479416090241
2022-05-13,970.3,972.49,947.71,955.1,30223755.0,2112679235.0,5412832854.000001,0.005583722205215538
2022-05-16,957.7,971.81,931.01,931.01,42243009.0,2907133788.0,5412832854.000001,0.007804233040150697
2022-05-17,937.85,972.08,933.74,962.63,56616843.0,3950175784.0,5412832854.000001,0.010459743451741913
2022-05-18,971.53,978.79,955.65,968.93,49397568.0,3488765919.0,5412832854.000001,0.009126010230206157
2022-05-19,961.13,1039.3,955.65,1029.17,105898776.0,7795093262.0,5412832854.000001,0.01956439056154162
2022-05-20,1035.06,1060.25,1030.81,1049.85,66173481.0,5051233566.0,5412832854.000001,0.012225295475565777
2022-05-23,1049.85,1054.23,1021.09,1039.17,42216430.0,3195763289.0,5412832854.000001,0.007799322672378975
2022-05-24,1039.44,1046.01,1004.39,1005.35,40964388.0,3063350429.0,5412832854.000001,0.0075680127402655605
2022-05-25,1001.79,1021.78,995.76,1012.88,34088060.0,2514086153.0,5412832854.000001,0.006297637654709667
2022-05-26,1013.15,1033.69,993.99,1028.21,43947822.0,3272632653.0,5412832854.000001,0.00811919066880538
2022-05-27,1040.67,1060.8,1022.46,1028.49,32885622.0,2500213779.0,5412832854.000001,0.006075491870342537
2022-05-30,1033.14,1052.58,1026.84,1044.78,41753881.0,3185049753.0,5412832854.000001,0.007713868528037868
2022-05-31,1070.25,1085.58,1056.55,1084.35,57834744.0,4545943820.0,5412832854.000001,0.010684745965739734
2022-06-01,1084.35,1088.18,1062.44,1077.5,33501535.0,2632366586.0,5412832854.000001,0.006189279422371758
2022-06-02,1081.61,1097.63,1067.92,1095.03,37722529.0,3003191420.0,5412832854.000001,0.006969091789361947
2022-06-06,1109.97,1198.05,1096.13,1165.74,106850203.0,6382247895.0,5412832854.000001,0.019740163031459458
2022-06-07,1205.74,1222.28,1165.35,1165.93,146726439.0,9075963991.0,7577965996.0,0.0193622456312748
2022-06-08,1174.58,1178.82,1134.78,1157.85,97431852.0,5842896395.0,7577965996.0,0.012857256426253301
2022-06-09,1157.85,1184.39,1151.89,1172.66,79466060.0,4828508525.0,7577965996.0,0.010486462995736039
2022-06-10,1153.82,1182.47,1114.97,1174.2,94122809.0,5680432226.0,7577965996.0,0.012420590043513306
2022-06-13,1154.01,1183.43,1151.89,1168.05,57838524.0,3502771215.0,7577965996.0,0.007632460218286786
2022-06-14,1156.12,1157.66,1107.66,1140.93,97331585.0,5729026686.0,7577965996.0,0.012844025039354372
2022-06-15,1140.93,1153.24,1105.74,1124.97,98114394.0,5740287899.0,7577965996.0,0.012947325714022642
2022-06-16,1124.78,1164.2,1123.05,1152.85,75299662.0,4512323107.0,7577965996.0,0.009936658733985694
2022-06-17,1139.97,1174.97,1134.78,1170.16,79561442.0,4821308216.0,7577965996.0,0.010499049750552615
2022-06-20,1181.89,1184.58,1154.78,1168.62,81262693.0,4952559763.0,7577965996.0,0.01072354943831817
2022-06-21,1169.2,1216.31,1148.05,1172.09,94543295.0,5784532703.0,7577965996.0,0.012476078020131565
2022-06-22,1172.09,1208.81,1163.43,1179.78,78396099.0,4842506223.0,7577965996.0,0.010345269303317153
2022-06-23,1183.62,1194.97,1164.97,1188.43,63082332.0,3877894445.0,7577965996.0,0.008324441153905647
2022-06-24,1210.55,1240.35,1202.08,1237.47,122096597.0,7805779997.0,7577965996.0,0.016112053955434507
2022-06-27,1259.2,1259.58,1228.43,1241.89,86273276.0,5579044599.0,7577965996.0,0.011384753645706383
2022-06-28,1243.04,1304.2,1221.12,1299.97,121405619.0,7984170241.0,7577965996.0,0.01602087144018375
2022-06-29,1286.51,1306.7,1230.35,1233.81,101455338.0,6694290261.0,7577965996.0,0.013388201801585387
2022-06-30,1232.66,1299.97,1214.97,1281.31,108237692.0,7087642427.0,7577965996.0,0.014283211623954614
2022-07-01,1297.66,1307.66,1232.66,1247.85,96494222.0,6383687588.0,7577965996.0,0.012733525335285762
2022-07-04,1205.74,1259.39,1205.35,1237.85,90995490.0,5835528469.0,7577965996.0,0.0120079042381599
2022-07-05,1240.35,1249.78,1213.43,1233.62,75624540.0,4829987096.0,7577965996.0,0.009979530132481212
2022-07-06,1233.62,1248.24,1205.35,1221.12,64482993.0,4104494368.0,7577965996.0,0.008509274524857606
2022-07-07,1219.78,1244.2,1194.58,1236.51,83172308.0,5292281990.0,7577965996.0,0.010975545158674792
2022-07-08,1252.28,1257.47,1193.82,1195.74,82311998.0,5200413615.0,7577965996.0,0.010862017333338268
2022-07-11,1178.82,1182.28,1143.82,1158.43,84187362.0,5065270866.0,7577965996.0,0.011109493239272645
2022-07-12,1164.59,1171.89,1127.47,1133.24,70807836.0,4204998300.0,7577965996.0,0.009343910494897396
2022-07-13,1133.24,1195.74,1129.59,1184.01,93418626.0,5684181899.0,7577965996.0,0.012327664976236455
2022-07-14,1184.01,1211.31,1172.09,1190.55,80066519.0,4969889431.0,7577965996.0,0.010565700485098879
2022-07-15,1185.93,1239.97,1182.85,1193.05,89454330.0,5650569124.0,7577965996.0,0.01180453040396567
2022-07-18,1205.55,1209.2,1169.2,1194.2,58142948.0,3594079180.0,7577965996.0,0.007672632475612919
2022-07-19,1194.39,1197.85,1148.05,1156.7,77031934.0,4654383895.0,7577965996.0,0.010165252000426105
2022-07-20,1170.74,1172.85,1144.39,1150.35,52961604.0,3177985545.0,7577965996.0,0.006988894385110144
2022-07-21,1149.59,1159.2,1134.78,1137.09,50010158.0,2981266274.0,7577965996.0,0.006599417050221348
2022-07-22,1153.24,1177.47,1144.2,1156.51,79303837.0,4778758043.0,7577965996.0,0.010465055800179127
2022-07-25,1163.43,1165.74,1126.89,1130.93,50360016.0,2974756362.0,7577965996.0,0.0066455848477787235
2022-07-26,1134.59,1163.24,1128.43,1147.09,53219150.0,3179138216.0,7577965996.0,0.007022880549753262
2022-07-27,1148.05,1187.47,1143.43,1178.05,80522567.0,4904723492.0,7577965996.0,0.010625881277707439
2022-07-28,1182.66,1203.81,1163.62,1176.51,73277563.0,4527758669.0,7577965996.0,0.00966981945269737
2022-07-29,1180.35,1209.2,1177.08,1182.66,72344973.0,4485751569.0,7577965996.0,0.009546753447849596
2022-08-01,1186.51,1188.43,1144.2,1177.08,65237086.0,3952084411.0,7577965996.0,0.008608785792181588
2022-08-02,1155.74,1162.85,1124.2,1145.93,87874031.0,5216848666.0,7577965996.0,0.011595991727382252
2022-08-03,1145.93,1165.35,1080.74,1093.43,115070431.0,6661195326.0,7577965996.0,0.015184870328098527
2022-08-04,1093.43,1099.97,1051.9,1072.28,109406674.0,6095707092.0,7577965996.0,0.01443747227920393
2022-08-05,1080.55,1092.09,1063.82,1090.93,60235290.0,3378928661.0,7577965996.0,0.007948741130772421
2022-08-08,1092.09,1095.93,1057.86,1087.47,66609898.0,3740454585.0,7577965996.0,0.008789944166437243
2022-08-09,1087.47,1131.89,1073.24,1116.89,90564517.0,5240197680.0,7577965996.0,0.011951032380958708
2022-08-10,1116.89,1130.74,1103.82,1110.36,52105837.0,3015462561.0,7577965996.0,0.006875966061012133
2022-08-11,1122.09,1124.78,1086.51,1115.36,61488470.0,3542737515.0,7577965996.0,0.008114112683067784
2022-08-12,1120.36,1135.93,1114.78,1126.51,55361683.0,3243473875.0,7577965996.0,0.007305612486150301
2022-08-15,1134.59,1170.74,1126.7,1154.97,64450812.0,3873562073.0,7577965996.0,0.00850502787080598
2022-08-16,1154.97,1179.2,1149.78,1161.32,66659274.0,4044248292.0,7577965996.0,0.008796459899026447
2022-08-17,1155.93,1177.47,1149.2,1165.55,56832242.0,3451521773.0,7577965996.0,0.007499669704245001
2022-08-18,1174.97,1187.28,1165.93,1171.7,59790895.0,3653974634.0,7577965996.0,0.007890098085892756
2022-08-19,1170.74,1170.74,1075.36,1079.2,206066211.0,11805893746.0,7577965996.0,0.02719281283510262
2022-08-22,1055.55,1055.74,1001.7,1027.09,215794850.0,11499256648.0,7578021867.0,0.028476408987379874
2022-08-23,1027.28,1068.24,1027.28,1042.28,121696910.0,6618376678.0,7578021867.0,0.016059192245136338
2022-08-24,1042.09,1042.09,1007.28,1013.05,80135382.0,4252953111.0,7578021867.0,0.010574709786595552
2022-08-25,1023.24,1032.67,999.97,1016.32,84850210.0,4488515436.0,7578021867.0,0.011196881124016952
2022-08-26,1021.7,1034.59,1016.13,1020.36,66788575.0,3556473102.0,7578021867.0,0.008813457676975583
2022-08-29,1003.24,1038.05,997.47,1027.09,62725578.0,3341097965.0,7578021867.0,0.008277302322542902
2022-08-30,1027.86,1034.2,1005.74,1015.36,56585732.0,2988106431.0,7578021867.0,0.007467084813573025
2022-08-31,1008.63,1020.55,977.47,984.59,89249489.0,4602954293.0,7578021867.0,0.011777412439076563
2022-09-01,986.51,1003.24,984.97,993.24,53374586.0,2763635597.0,7578021867.0,0.007043340193095804
2022-09-02,992.86,998.05,971.13,979.78,50214700.0,2563631969.0,7578021867.0,0.006626359870861534
2022-09-05,976.51,986.32,957.67,970.94,57716395.0,2910545446.0,7578021867.0,0.007616287734842452
2022-09-06,978.44,1024.97,962.67,1022.28,101490325.0,5304717802.0,7578021867.0,0.013392719997544445
2022-09-07,1019.2,1043.82,1013.63,1028.05,71398567.0,3842027239.0,7578021867.0,0.00942179479725695
2022-09-08,1029.97,1043.82,1019.2,1026.7,43317052.0,2318732972.0,7578021867.0,0.005716142386528693
2022-09-09,1033.63,1034.2,1007.47,1022.67,44094299.0,2332712620.0,7578021867.0,0.005818708334957091
2022-09-13,1031.13,1034.59,1005.36,1024.4,49046902.0,2596031517.0,7578021867.0,0.006472256594241892
2022-09-14,1010.55,1029.2,1009.01,1010.55,37889762.0,2001975750.0,7578021867.0,0.004999954165479317
2022-09-15,1013.44,1019.59,932.67,935.74,122774167.0,6114269592.0,7578021867.0,0.016201347680803675
2022-09-16,935.74,948.05,928.82,928.82,59273257.0,2894756037.0,7578021867.0,0.007821732114302435
2022-09-19,928.63,942.28,912.86,925.36,60166434.0,2885633078.0,7578021867.0,0.007939596250309948
2022-09-20,939.4,974.01,939.4,962.28,65014355.0,3251547769.0,7578021867.0,0.008579330614380768
2022-09-21,959.98,969.21,944.78,945.94,42638594.0,2117558887.0,7578021867.0,0.005626612689741398
2022-09-22,936.51,957.09,922.09,945.74,34740844.0,1704428786.0,7578021867.0,0.004584421186653723
2022-09-23,938.44,957.28,928.44,933.44,36464579.0,1780360928.0,7578021867.0,0.004811886220438641
2022-09-26,924.01,957.48,921.13,938.44,50841155.0,2489454332.0,7578021867.0,0.006709027222710705
2022-09-27,936.9,953.82,928.82,942.09,40924903.0,1998378065.0,7578021867.0,0.005400473067808845
2022-09-28,943.24,962.48,921.13,921.13,50513078.0,2470768789.0,7578021867.0,0.0066657339984685475
2022-09-29,933.82,967.28,928.82,963.05,100628860.0,4998200449.0,7578021867.0,0.013279040594776895
2022-09-30,957.28,964.4,919.21,921.32,68274527.0,3323563189.0,7578022905.0,0.00900954349912987
2022-10-10,927.86,930.75,879.98,882.48,57621863.0,2679649512.0,7578022905.0,0.007603812197767433
2022-10-11,881.71,903.05,874.02,894.4,45328397.0,2100616386.0,7578022905.0,0.0059815597772991955
2022-10-12,899.78,937.48,866.9,930.36,74735217.0,3497421394.0,7578022905.0,0.009862099644841334
2022-10-13,927.28,935.74,901.71,903.82,58610990.0,2790192907.0,7578022905.0,0.00773433793151091
2022-10-14,937.86,994.21,923.44,984.97,150922310.0,7588160635.0,7578022905.0,0.019915789631675705
2022-10-17,971.13,975.94,944.4,970.17,86232930.0,4313162734.0,7578022905.0,0.011379344069163909
2022-10-18,971.13,986.13,955.74,962.48,64050013.0,3224643601.0,7578022905.0,0.008452074347484437
2022-10-19,953.82,966.51,939.98,944.78,50767561.0,2508901791.0,7578022905.0,0.006699314799708962
2022-10-20,928.82,931.51,900.94,907.28,72871600.0,3454094001.0,7578022905.0,0.009616175737858897
2022-10-21,902.86,917.28,889.78,913.44,62850470.0,2957506854.0,7578022905.0,0.008293782004608495
2022-10-24,903.63,915.55,868.82,882.28,77594691.0,3590767689.0,7578022905.0,0.010239437380006176
2022-10-25,886.52,944.21,886.32,936.51,115276948.0,5528064606.0,7578022905.0,0.015212008388618086
2022-10-26,940.36,967.28,928.63,960.17,81521460.0,4040059324.0,7578022905.0,0.010757615940460133
2022-10-27,980.55,1003.44,968.24,968.24,90262457.0,4625099787.0,7578023789.0,0.01191108124139461
2022-10-28,966.32,978.24,940.36,947.09,57829728.0,2876476339.0,7578023789.0,0.007631241285352476
2022-10-31,942.28,952.86,915.75,922.67,64390895.0,3121113105.0,7578023789.0,0.008497056329312086
2022-11-01,932.86,982.67,932.28,981.71,96391307.0,4836044679.0,7578023789.0,0.012719847506934239
2022-11-02,970.94,1006.9,966.32,991.51,83932964.0,4319704412.0,7578023789.0,0.011075838020175421
2022-11-03,996.13,1026.13,959.78,963.82,111493020.0,5718115317.0,7578023789.0,0.014712677487478919
2022-11-04,969.59,1012.09,962.28,1007.67,103229337.0,5355406928.0,7578023789.0,0.013622197537812453
2022-11-07,999.59,1009.59,989.4,1002.09,70637200.0,3675547850.0,7578023789.0,0.009321322018351874
2022-11-08,1002.09,1004.4,978.63,986.9,48857938.0,2506862868.0,7578023789.0,0.00644731916399108
2022-11-09,987.09,987.09,953.82,960.74,61063667.0,3059615401.0,7578023789.0,0.008057993574609509
2022-11-10,942.48,948.24,923.44,929.98,76025138.0,3686003571.0,7578023789.0,0.010032317147163815
2022-11-11,964.97,968.63,919.21,929.59,119830448.0,5836039549.0,7578023789.0,0.01581288886608429
2022-11-14,929.59,934.21,903.82,910.55,93259158.0,4435893602.0,7578023789.0,0.012306527479548402
2022-11-15,912.09,927.86,906.9,922.48,105363039.0,5026287057.0,7578023789.0,0.013903761974585167
2022-11-16,920.17,920.17,894.21,897.09,109158342.0,5132416171.0,7578023789.0,0.01440459215217172
2022-11-17,897.28,898.44,879.21,893.63,83164309.0,3828332588.0,7578023789.0,0.010974405902594086
2022-11-18,901.9,921.13,886.9,903.82,91501342.0,4330786523.0,7578023789.0,0.012074565156791962
2022-11-21,914.98,921.9,903.82,918.25,71873987.0,3419607830.0,7578023789.0,0.00948452908056713
2022-11-22,918.25,918.25,892.28,895.36,70747270.0,3313857129.0,7578023789.0,0.009335846913372628
2022-11-23,892.09,919.21,885.36,915.17,84360067.0,3980504855.0,7578023789.0,0.011132198756416441
2022-11-24,919.21,919.21,905.75,906.71,46779147.0,2215107178.0,7578023789.0,0.0061730008116236065
2022-11-25,903.82,903.82,878.05,879.4,75284957.0,3456733207.0,7578023789.0,0.009934642473580127
2022-11-28,851.9,864.79,846.71,857.48,67861683.0,3016934257.0,7578023789.0,0.008955063337028012
2022-11-29,857.48,874.02,853.25,864.59,64797544.0,2910527222.0,7578023789.0,0.008550717944968436
2022-11-30,864.59,880.36,859.21,880.36,66644591.0,3025002653.0,7578023789.0,0.008794455237358717
2022-12-01,894.4,913.44,894.4,904.02,96543787.0,4543057814.0,7578023789.0,0.012739968847833344
2022-12-02,901.9,930.75,897.86,922.67,99617346.0,4774896836.0,7578023789.0,0.01314555730804133
2022-12-05,921.13,921.71,884.59,891.52,124350952.0,5786696452.0,7578023789.0,0.016409416948585408
2022-12-06,884.59,895.17,874.79,881.9,84968007.0,3897823765.0,7578023789.0,0.01121242283817275
2022-12-07,875.36,893.05,870.75,883.25,58811468.0,2710572713.0,7578023789.0,0.007760792211469264
2022-12-08,884.21,907.09,882.28,894.21,68925431.0,3214286025.0,7578023789.0,0.009095436081904334
2022-12-09,888.82,897.09,884.78,890.36,70575911.0,3260858385.0,7578023789.0,0.009313234289716216
2022-12-12,884.59,888.05,872.29,874.79,50667057.0,2312372333.0,7578023789.0,0.006686051457577445
2022-12-13,873.05,879.21,861.52,863.44,55034318.0,2480051237.0,7578023789.0,0.007262357513298643
2022-12-14,861.13,870.75,850.94,858.25,58962618.0,2628313251.0,7578023789.0,0.007780738044869708
2022-12-15,853.82,869.02,851.9,868.82,50811241.0,2275752113.0,7578023789.0,0.006705078053958587
2022-12-16,865.36,866.52,851.9,858.25,48531124.0,2162305373.0,7578023789.0,0.0064041926168727685
2022-12-19,855.75,870.55,853.05,857.67,45499456.0,2038604701.0,7578023789.0,0.006004132115030498
2022-12-20,856.71,863.05,846.9,861.52,51226348.0,2276086652.0,7578023789.0,0.006759855791738001
2022-12-21,857.67,859.4,837.48,838.63,51499534.0,2266710525.0,7578023789.0,0.006795905559805046
2022-12-22,837.48,838.44,778.44,785.75,148383137.0,6146677326.0,7578023789.0,0.01958071670550677
2022-12-23,773.06,790.17,766.9,779.6,70631987.0,2845628393.0,7578023789.0,0.00932063410813344
2022-12-26,773.25,812.09,759.6,807.67,84183458.0,3480750587.0,7578023789.0,0.011108893340002155
2022-12-27,807.67,822.09,803.25,815.17,62786689.0,2656951174.0,7578023789.0,0.00828536446284835
2022-12-28,808.25,828.82,802.09,823.06,68258322.0,2904246278.0,7578023789.0,0.009007404027826021
2022-12-29,819.21,834.21,815.56,819.59,41541943.0,1778084670.0,7578023789.0,0.005481896620633583
2022-12-30,824.02,832.48,808.63,812.67,53364259.0,2269837811.0,7578025229.0,0.007041974312223552
2023-01-03,808.83,814.98,787.48,808.25,73504032.0,3067024452.0,7578025229.0,0.009699628831890236
2023-01-04,809.98,811.33,777.48,781.71,92043169.0,3770403422.0,7578025229.0,0.012146062624305365
2023-01-05,786.13,800.94,780.94,789.79,88368211.0,3629623858.0,7578025229.0,0.01166111332828871
2023-01-06,791.33,838.06,791.33,820.56,158692569.0,6808257111.0,7578025229.0,0.02094115078855988
2023-01-09,824.98,828.44,809.79,812.86,78935081.0,3356704065.0,7578025229.0,0.010416312774722223
2023-01-10,824.59,834.59,812.67,818.63,95953738.0,4105434896.0,7578025229.0,0.012662103265742505
2023-01-11,826.13,829.98,813.44,815.36,76434176.0,3264290150.0,7578025229.0,0.010086292099886067
2023-01-12,819.02,844.79,816.9,834.4,120881361.0,5251753058.0,7578025229.0,0.015951564866451568
2023-01-13,850.94,851.9,823.25,834.59,85540860.0,3710122294.0,7578025229.0,0.011288014675993368
2023-01-16,834.59,854.79,824.21,846.13,96258196.0,4221534374.0,7578025229.0,0.01270227969572256
2023-01-17,848.05,856.71,840.36,851.52,66065670.0,2917159096.0,7578025229.0,0.008718058861453284
2023-01-18,859.59,874.98,850.55,860.17,85596377.0,3840111057.0,7578025229.0,0.011295340727084824
2023-01-19,852.09,865.17,850.36,860.17,62234261.0,2778735209.0,7578025229.0,0.008212464213214617
2023-01-20,868.25,906.71,867.86,906.71,145232876.0,6748289962.0,7578025229.0,0.01916500296729218
2023-01-30,929.78,933.82,913.44,923.05,142424836.0,6859257403.0,7578025229.0,0.018794452604216843
2023-01-31,924.98,938.82,922.67,925.94,92416260.0,4465740315.0,7578025229.0,0.012195295899297935
2023-02-01,932.28,938.05,919.78,936.32,87038364.0,4203974416.0,7578025229.0,0.011485626052934851
2023-02-02,936.51,951.51,929.21,935.55,85505962.0,4180582235.0,7578025229.0,0.011283409518456224
2023-02-03,930.17,930.17,888.44,904.02,112250452.0,5278838432.0,7578025229.0,0.014812625797342802
2023-02-06,895.75,900.94,880.75,892.28,65482739.0,3022893579.0,7578025229.0,0.00864113499509174
2023-02-07,898.44,899.78,880.94,885.36,51815895.0,2392084765.0,7578025229.0,0.006837651424240198
2023-02-08,885.75,893.05,880.94,882.28,39754530.0,1829622546.0,7578025229.0,0.0052460276653428384
2023-02-09,873.05,890.94,871.13,889.21,56488286.0,2597848804.0,7578025229.0,0.007454222477886132
2023-02-10,889.21,889.21,868.25,872.67,58748278.0,2673747825.0,7578025229.0,0.007752452152729564
2023-02-13,873.05,880.75,867.29,877.28,47668945.0,2170518460.0,7578025229.0,0.00629041782779739
2023-02-14,880.75,881.71,863.82,873.82,57853949.0,2615525826.0,7578025229.0,0.007634436050516348
2023-02-15,877.28,890.36,866.9,869.98,56625095.0,2581315291.0,7578025229.0,0.00747227586196256
2023-02-16,867.29,876.9,849.02,854.59,68909770.0,3099747920.0,7578025229.0,0.009093367720167035
2023-02-17,851.9,859.21,832.86,834.02,71372588.0,3127003785.0,7578030144.0,0.009418356306818091
2023-02-20,834.21,851.71,824.98,848.44,66480707.0,2893884679.0,7578030144.0,0.008772821661660574
2023-02-21,849.98,876.13,846.13,869.02,73357681.0,3288794928.0,7578030144.0,0.009680310002208405
2023-02-22,863.05,870.55,851.9,853.25,51384686.0,2294479330.0,7578030144.0,0.006780744471000088
2023-02-23,858.05,886.52,856.9,880.55,103269122.0,4707853471.0,7578030144.0,0.013627436159219374
2023-02-24,881.71,881.71,858.25,859.79,62764591.0,2824730568.0,7578030144.0,0.008282441453428982
2023-02-27,851.9,867.29,846.13,849.98,46065886.0,2047017354.0,7578030144.0,0.006078873417582436
2023-02-28,850.36,856.71,837.29,850.75,48597658.0,2137203053.0,7578030144.0,0.006412967100490858
2023-03-01,850.75,854.59,843.82,848.82,48180419.0,2126098694.0,7578030144.0,0.006357908069044493
2023-03-02,852.09,854.59,833.82,834.59,55478604.0,2426053947.0,7578030144.0,0.007320979587805662
2023-03-03,834.79,842.86,831.9,833.82,36838492.0,1600723964.0,7578030144.0,0.0048612226792430135
2023-03-06,836.9,871.9,828.82,865.75,108645926.0,4823252432.0,7578030144.0,0.014336961444528137
2023-03-07,863.44,870.75,850.55,854.59,63859730.0,2848335436.0,7578030144.0,0.00842695644996368
2023-03-08,850.94,867.86,837.09,843.44,58059610.0,2562340116.0,7578030144.0,0.007661570209768751
2023-03-09,845.94,848.05,826.9,827.29,55241472.0,2389827792.0,7578030144.0,0.007289687550759893
2023-03-10,813.06,818.25,806.71,809.98,57616674.0,2430854168.0,7578030144.0,0.007603120191547235
2023-03-13,806.13,822.67,802.09,807.48,54839711.0,2311789028.0,7578030144.0,0.007236671002611415
2023-03-14,811.9,812.48,786.13,805.36,72782609.0,3023175646.0,7578030144.0,0.009604423262637262
2023-03-15,812.09,833.63,806.9,812.29,58653805.0,2492932721.0,7578030144.0,0.007739980428349165
2023-03-16,803.83,806.71,766.71,769.21,114734454.0,4655310119.0,7578030144.0,0.015140406123990209
2023-03-17,777.67,782.29,753.44,756.33,95380266.0,3792663098.0,7578030144.0,0.012586419450379003
2023-03-20,751.52,764.02,738.44,754.02,80514820.0,3148980826.0,7578030144.0,0.010624769032325454
2023-03-21,750.75,759.6,742.67,758.63,71459004.0,2788823424.0,7578030144.0,0.009429759798010114
2023-03-22,765.36,768.63,750.94,757.29,71049725.0,2805450003.0,7578030144.0,0.009375751171464329
2023-03-23,750.17,759.98,750.17,759.79,41981681.0,1649362093.0,7578030144.0,0.005539920032284316
2023-03-24,761.33,774.79,754.02,770.17,70157845.0,2801708515.0,7578030144.0,0.009258058316850105
2023-03-27,773.06,782.67,764.21,774.79,65618957.0,2639927513.0,7578030144.0,0.008659104774339626
2023-03-28,780.56,780.56,766.33,766.33,42659242.0,1707068071.0,7578030144.0,0.0056293312627920845
2023-03-29,771.33,783.44,767.86,769.79,46043444.0,1851672596.0,7578030144.0,0.006075911961956957
2023-03-30,769.4,780.36,763.44,779.02,69791210.0,2813220439.0,7578030144.0,0.009209677010226472
2023-03-31,779.79,787.86,775.94,777.1,55930641.0,2270277549.0,7578030960.0,0.00738062978301688
2023-04-03,783.63,790.75,771.52,781.33,61996398.0,2518115664.0,7578030960.0,0.008181069505685947
2023-04-04,782.48,782.48,764.4,772.86,66944340.0,2678956498.0,7578030960.0,0.008834001913341352
2023-04-06,769.21,778.25,766.9,774.79,44238690.0,1774400429.0,7578030960.0,0.005837755247175712
2023-04-07,774.6,788.06,770.75,778.25,47116142.0,1912241528.0,7578030960.0,0.006217464965331839
2023-04-10,783.06,793.44,778.44,792.86,63590494.0,2604302777.0,7578030960.0,0.008391427052179792
2023-04-11,797.86,798.06,776.52,778.06,77047463.0,3134487790.0,7578030960.0,0.010167214070078173
2023-04-12,776.9,776.9,759.6,761.71,70316676.0,2794776310.0,7578030960.0,0.009279016722306977
2023-04-13,763.63,770.94,755.37,757.29,50323092.0,1993140281.0,7578030960.0,0.006640655371510913
2023-04-14,752.29,765.36,740.75,754.98,65955544.0,2587382887.0,7578030960.0,0.008703519997231577
2023-04-17,753.44,764.4,750.37,761.9,53645967.0,2118102885.0,7578030960.0,0.007079143287110561
2023-04-18,766.71,775.94,763.25,769.4,63250295.0,2532040966.0,7578030960.0,0.008346534255911775
2023-04-19,770.56,771.71,747.48,748.63,84715089.0,3316621785.0,7578030960.0,0.011179037067433676
2023-04-20,746.13,747.1,717.29,723.25,120177554.0,4547548371.0,7578030960.0,0.015858678149290643
2023-04-21,722.29,736.71,712.48,719.98,93891753.0,3534855794.0,7578030960.0,0.012389993323542715
2023-04-24,716.71,717.29,692.29,696.71,89548737.0,3258702229.0,7578030960.0,0.011816887193081618
2023-04-25,694.98,701.71,670.56,673.25,96318169.0,3400448225.0,7578030960.0,0.012710184150527673
2023-04-26,672.67,716.33,667.29,697.29,117170889.0,4241878374.0,7578030960.0,0.015461917431912947
2023-04-27,697.67,699.79,676.91,691.71,79208402.0,2825318697.0,7578030960.0,0.01045237244583651
2023-04-28,682.67,687.1,662.48,670.56,150595943.0,5256435706.0,7578031425.0,0.01987269972293629
2023-05-04,665.18,673.83,654.41,655.56,103790546.0,3566181762.0,7578031425.0,0.013696241171235312
2023-05-05,651.91,651.91,632.1,637.68,124302529.0,4134979218.0,7578031425.0,0.016403010495565477
2023-05-08,638.83,649.98,632.68,644.79,82477157.0,2752822163.0,7578031425.0,0.010883717996722348
2023-05-09,648.06,648.83,634.21,635.18,74279450.0,2467768797.0,7578031425.0,0.009801945364722476
2023-05-10,632.68,645.75,629.21,642.48,75643640.0,2511216032.0,7578031425.0,0.009981964412347366
2023-05-11,646.91,657.48,638.44,649.02,82717289.0,2794777595.0,7578031425.0,0.010915405909655488
2023-05-12,648.06,650.94,629.79,630.75,79579043.0,2632738662.0,7578031425.0,0.010501281736239303
2023-05-15,630.75,650.56,630.75,650.56,92095666.0,3088262127.0,7578031425.0,0.012152980218078206
2023-05-16,650.94,657.68,643.83,646.91,68947721.0,2329331018.0,7578031425.0,0.009098368314037441
2023-05-17,654.02,660.56,643.25,647.1,64493086.0,2177000579.0,7578031425.0,0.008510532931710559
2023-05-18,644.79,646.33,632.68,636.14,64558693.0,2139815414.0,7578031425.0,0.008519190457170742
2023-05-19,634.41,634.6,627.29,633.83,60420935.0,1982730804.0,7578031425.0,0.007973170288087054
2023-05-22,631.14,645.18,629.79,641.33,66584525.0,2210809614.0,7578031425.0,0.00878652004270357
2023-05-23,638.44,647.87,631.91,632.68,61042761.0,2024011562.0,7578031425.0,0.008055226691013623
2023-05-24,630.18,648.83,624.02,636.71,115322445.0,3820680994.0,7578031425.0,0.015217995087688622
2023-05-25,629.02,637.29,618.25,623.83,139412088.0,4544351658.0,7578031425.0,0.018396873829274202
2023-05-26,617.87,617.87,593.83,605.56,143373275.0,4489110018.0,7578031425.0,0.01891959361992221
2023-05-29,610.37,610.37,577.29,581.72,157555675.0,4791851635.0,7578031425.0,0.020791108688230333
2023-05-30,576.91,581.72,557.87,567.29,165612489.0,4881820766.0,7578031425.0,0.021854289024672395
2023-05-31,565.37,568.64,553.45,554.22,114333417.0,3313375499.0,7578031425.0,0.0150874825647744
2023-06-01,554.22,559.22,549.99,550.56,94846019.0,2733247894.0,7578031425.0,0.012515917879028853
2023-06-02,553.83,566.14,549.02,562.29,107596279.0,3136148389.0,7578031425.0,0.014198447191052656
2023-06-05,561.52,563.64,544.99,546.33,108063213.0,3095760290.0,7578031425.0,0.014260063984889057
2023-06-06,545.95,545.95,531.52,531.91,114212162.0,3185390666.0,7578031425.0,0.015071481707401338
2023-06-07,539.6,543.83,524.6,528.83,93772434.0,2591066173.0,7578031425.0,0.012374247181219626
2023-06-08,528.83,535.37,525.37,525.76,92243880.0,2541337212.0,7578031425.0,0.012172538595668334
2023-06-09,524.99,534.02,519.41,530.76,116106907.0,3196323205.0,7578031425.0,0.01532151300098363
2023-06-12,529.6,539.99,522.68,534.99,100009802.0,2771123739.0,7578031425.0,0.013197332709662127
2023-06-13,532.68,537.68,528.45,533.64,75198693.0,2080492205.0,7578033131.0,0.009923246797692048
2023-06-14,533.83,536.14,525.37,525.37,94396045.0,2600302020.0,7578033131.0,0.012456536329175889
2023-06-15,525.37,562.87,523.64,561.14,269027727.0,7642940566.0,7578033131.0,0.035500996412838194
2023-06-16,562.29,572.1,557.68,569.79,211363122.0,6219801113.0,7578033131.0,0.027891554226038128
2023-06-19,571.74,571.74,556.54,564.92,119855768.0,3462429940.0,7578033131.0,0.015816210608752483
2023-06-20,561.61,568.23,556.73,560.05,87968553.0,2533980105.0,7578033131.0,0.011608362154045062
2023-06-21,558.49,566.48,545.23,545.62,115369186.0,3281017932.0,7578033131.0,0.01522415962105669
2023-06-26,539.77,556.54,533.34,546.01,106561009.0,2969480797.0,7578033131.0,0.01406182939001458
2023-06-27,546.79,560.44,538.99,549.32,100090104.0,2823086142.0,7578033131.0,0.013207926419660832
2023-06-28,548.35,573.5,544.06,571.55,217675194.0,6310237819.0,7578033131.0,0.028724497536114033
2023-06-29,572.13,582.46,561.8,562.39,167319578.0,4897457037.0,7578033131.0,0.02207955218822334
2023-06-30,560.83,568.82,554.2,558.88,139580113.0,4017050293.0,7578033267.0,0.018419041997061215
2023-07-03,558.88,571.16,556.93,562.97,115034620.0,3329319984.0,7578033267.0,0.015180009897942824
2023-07-04,563.17,566.28,557.51,561.8,86753623.0,2497224482.0,7578033267.0,0.011448039345219728
2023-07-05,561.8,561.8,547.77,548.74,97080942.0,2753408960.0,7578033267.0,0.012810836081012944
2023-07-06,546.21,549.32,539.97,543.67,68420511.0,1910525414.0,7578033267.0,0.009028795280953733
2023-07-07,540.94,542.5,532.56,533.34,75908787.0,2087565631.0,7578033267.0,0.010016950879664172
2023-07-10,537.63,579.73,536.07,578.76,287700164.0,8392411402.0,7578033267.0,0.037965017289228006
2023-07-11,577.98,577.98,563.17,569.99,132139951.0,3853372340.0,7578033267.0,0.01743723553912448
2023-07-12,569.79,603.91,559.66,595.52,284773478.0,8599331681.0,7578033267.0,0.03757881075029068
2023-07-13,596.11,610.34,592.6,597.86,187284715.0,5750139118.0,7578033267.0,0.024714158463194826
2023-07-14,594.16,601.37,584.61,585.58,148801028.0,4501547319.0,7578034497.0,0.01963583407530112
2023-07-17,580.12,588.51,576.23,580.71,82001642.0,2442225177.0,7578034497.0,0.01082096446413155
2023-07-18,584.8,586.36,570.38,575.06,88232170.0,2600239433.0,7578034497.0,0.011643147050192162
2023-07-19,575.06,575.45,566.48,569.99,64572233.0,1886337313.0,7578034497.0,0.00852097374663086
2023-07-20,572.13,590.07,567.06,576.23,152913618.0,4533131818.0,7578034497.0,0.020178532845229934
2023-07-21,571.16,574.08,557.51,559.27,141951442.0,4108657000.0,7578034497.0,0.018731960385796064
2023-07-24,554.98,561.22,549.52,552.44,64768818.0,1841754220.0,7578034497.0,0.008546915169842621
2023-07-25,561.02,574.47,558.49,569.6,126207317.0,3680517625.0,7578034497.0,0.016654360315984718
2023-07-26,567.84,578.37,565.11,570.96,100655387.0,2952125389.0,7578034632.999999,0.01328251873667572
2023-07-27,568.82,572.72,556.93,558.49,111683288.0,3232654920.0,7578034632.999999,0.014737764263263432
2023-07-28,555.76,577.98,552.05,575.06,137567129.0,4011861437.0,7578034632.999999,0.018153404630923388
2023-07-31,580.9,594.35,578.95,581.88,142726346.0,4284580271.0,7578034632.999999,0.018834216642197817
2023-08-01,581.88,585.58,567.84,571.16,118055701.0,3477943851.0,7578034632.999999,0.015578670026909602
2023-08-02,571.35,574.47,565.31,567.06,73225752.0,2134347186.0,7578034632.999999,0.009662894872652664
2023-08-03,582.46,601.96,580.71,601.37,294502147.0,8985302113.0,7578034632.999999,0.03886260241112308
2023-08-04,607.61,608.19,593.77,599.62,187951466.0,5793661287.0,7578034632.999999,0.024802138694580447
2023-08-07,599.81,601.96,590.65,594.74,94648310.0,2879540930.0,7578034632.999999,0.012489822834516467
2023-08-08,600.59,602.35,582.46,589.29,115000012.0,3475408734.0,7578034632.999999,0.015175440278302567
2023-08-09,585.19,592.8,584.61,586.95,83830392.0,2528543708.0,7578034632.999999,0.011062286735263065
2023-08-10,585.19,594.16,585.19,588.9,81608964.0,2467101833.0,7578034632.999999,0.010769146348925113
2023-08-11,587.73,587.73,573.11,573.5,101319980.0,3011237243.0,7578034632.999999,0.013370218652575537
2023-08-14,565.7,571.55,560.83,571.35,87698275.0,2548216659.0,7578034632.999999,0.011572693877394161
2023-08-15,569.4,570.77,551.08,553.42,125272991.0,3581741597.0,7578034632.999999,0.01653106604375689
2023-08-16,549.71,556.93,544.06,544.65,89310530.0,2513336043.0,7578034632.999999,0.011785447589679815
2023-08-17,540.16,551.08,536.46,549.32,75107940.0,2097194770.0,7578034632.999999,0.009911269034444383
2023-08-18,547.77,555.17,543.87,544.06,89352082.0,2519992054.0,7578034632.999999,0.011790930805581079
2023-08-21,537.82,540.16,526.52,526.52,110615040.0,3020626559.0,7578034632.999999,0.01459679789774326
2023-08-22,529.25,531.2,494.94,503.71,244960434.0,6357169944.0,7578034632.999999,0.03232506129402906
2023-08-23,498.06,500.2,483.24,483.63,133432720.0,3364687283.0,7578034632.999999,0.0176078266281526
2023-08-24,483.63,508.58,483.63,502.15,153524018.0,3932404569.0,7578034632.999999,0.020259081072478917
2023-08-25,498.25,504.88,493.38,497.67,76417812.0,1954007718.0,7578034632.999999,0.010084120184305314
2023-08-28,536.07,537.04,512.29,516.19,188183985.0,5057315453.0,7578034632.999999,0.024832821980057585
2023-08-29,516.19,531.39,515.02,528.27,124133279.0,3348455115.0,7578034632.999999,0.016380669264750774
2023-08-30,528.86,534.9,521.45,523.4,101226157.0,2734086791.0,7578034632.999999,0.013357837737926318
2023-08-31,522.62,525.54,515.02,517.55,72665862.0,1935398295.0,7578034632.999999,0.009589011599862928
2023-09-01,520.67,522.42,515.21,518.14,48686646.0,1292837165.0,7578034632.999999,0.006424706188064211
2023-09-04,522.42,527.88,513.46,527.1,99568116.0,2673181359.0,7578034632.999999,0.013139042089674759
2023-09-05,523.98,554.59,520.08,547.77,220343826.0,6101814324.0,7578034632.999999,0.02907664541944302
2023-09-06,540.55,553.22,538.02,543.28,153774286.0,4290199689.0,7578034632.999999,0.020292106521968178
2023-09-07,538.99,538.99,521.25,521.25,118236730.0,3206173540.0,7578034632.999999,0.015602558674661577
2023-09-08,518.53,522.62,510.73,513.07,76072836.0,2009039339.0,7578034632.999999,0.010038597035269053
2023-09-11,509.75,523.79,506.83,519.69,93810277.0,2484803883.0,7578034632.999999,0.012379235717858194
2023-09-12,516.19,529.25,512.68,523.4,95325850.0,2549099537.0,7578034632.999999,0.012579231240892642
2023-09-13,520.67,526.13,512.87,514.82,59515509.0,1581734077.0,7578034632.999999,0.007853686593200347
2023-09-14,514.82,516.19,507.22,509.36,57496401.0,1506241855.0,7578034632.999999,0.007587244422138287
2023-09-15,512.48,520.47,508.19,511.9,84923298.0,2238194451.0,7578034632.999999,0.011206506978760071
2023-09-18,508.58,521.06,502.54,513.07,71963525.0,1895927723.0,7578034632.999999,0.009496330973023149
2023-09-19,511.51,512.09,503.91,505.85,62864890.0,1633045260.0,7578034632.999999,0.00829567203694779
2023-09-20,507.41,509.17,500.01,501.76,49699353.0,1283810819.0,7578034632.999999,0.006558343344536152
2023-09-21,498.84,502.74,494.74,494.74,61657192.0,1573694066.0,7578034632.999999,0.008136303802505993
2023-09-22,491.23,506.44,490.84,505.85,94814299.0,2430765787.0,7578034632.999999,0.012511726798807837
2023-09-25,502.93,513.65,501.37,510.34,85949750.0,2240496531.0,7578034632.999999,0.011341957930056878
2023-09-26,508.78,515.21,508.0,509.56,62986317.0,1651556553.0,7578034632.999999,0.008311695584725103
2023-09-27,509.56,545.43,508.97,540.75,239748843.0,6569522908.0,7578034632.999999,0.03163733799209202
2023-09-28,540.36,544.65,531.2,531.78,133371320.0,3669438036.0,7578034854.0,0.017599723750228082
2023-10-09,529.25,533.34,522.03,528.27,92318767.0,2499365827.0,7578034854.0,0.012182415201121745
2023-10-10,528.27,531.0,520.28,520.67,75115036.0,2018932509.0,7578034854.0,0.009912205135920057
2023-10-11,525.93,538.02,523.4,525.54,97900704.0,2659249558.0,7578034854.0,0.012919009464349977
2023-10-12,529.44,534.51,523.4,532.56,102125938.0,2775269446.0,7578034854.0,0.01347657274842088
2023-10-13,525.93,525.93,517.94,522.42,84795892.0,2264826037.0,7578034854.0,0.011189694113803293
2023-10-16,519.3,527.88,510.14,513.26,79521331.0,2109172218.0,7578034871.0,0.010493661266236208
2023-10-17,515.6,516.97,508.19,511.12,55629040.0,1461519893.0,7578034871.0,0.007340826605705389
2023-10-18,510.92,510.92,503.13,504.3,52581628.0,1362958248.0,7578034871.0,0.006938689105433123
2023-10-19,499.23,506.05,495.13,496.3,76849730.0,1967808636.0,7578034871.0,0.010141115910417931
2023-10-20,492.6,502.15,490.65,498.06,91872001.0,2344863075.0,7578034871.0,0.01212345978395802
2023-10-23,493.18,493.96,477.0,481.49,98435573.0,2443261753.0,7578034871.0,0.012989590926362472
2023-10-24,481.49,485.0,472.52,481.49,82216949.0,2019425714.0,7578034871.0,0.0108493759133561
2023-10-25,485.58,489.29,478.37,480.51,81609932.0,2025264429.0,7578034871.0,0.010769273748304978
2023-10-26,469.01,471.35,455.37,465.89,132566302.0,3144111382.0,7578034871.0,0.017493493267932998
2023-10-27,459.66,488.7,459.07,486.95,133811722.0,3272042799.0,7578034871.0,0.01765783930502581
2023-10-30,481.88,494.74,480.51,490.45,96013873.0,2406053716.0,7578034871.0,0.012670022589554273
2023-10-31,467.26,478.17,466.67,470.38,155497107.0,3760351672.0,7578034871.0,0.020519449916371335
2023-11-01,466.87,469.4,452.83,454.78,155287398.0,3653692188.0,7578034871.0,0.02049177664703834
2023-11-02,453.22,455.95,436.65,436.85,176863156.0,4032721244.0,7578034871.0,0.02333892084303131
2023-11-03,436.65,448.93,436.26,445.81,128526726.0,2933232088.0,7578034871.0,0.01696042947649297
2023-11-06,449.13,463.16,448.74,457.12,142217748.0,3334656164.0,7578034871.0,0.018767101289576527
2023-11-07,457.32,458.1,449.71,456.73,96384547.0,2241677535.0,7578034871.0,0.012718936853781074
2023-11-08,455.17,462.58,452.44,456.54,99070912.0,2323813301.0,7578034871.0,0.013073430471945898
2023-11-09,453.81,478.76,452.25,472.52,234394450.0,5675198292.0,7578034871.0,0.030930769518756413
2023-11-10,468.23,468.62,458.68,458.68,124791728.0,2954913312.0,7578034871.0,0.016467557899153933
2023-11-13,461.99,469.21,459.27,464.72,89379897.0,2125224008.0,7578034871.0,0.011794600911912326
2023-11-14,466.28,470.57,459.66,462.58,106310423.0,2528189498.0,7578034871.0,0.014028758749426452
2023-11-15,471.35,480.32,467.45,475.44,180220263.0,4388281024.0,7578034871.0,0.02378192579842511
2023-11-16,471.94,472.52,461.99,462.19,122351654.0,2919005575.0,7578034871.0,0.016145564923199466
2023-11-17,458.29,460.04,455.17,459.85,81540878.0,1913708561.0,7578034871.0,0.01076016135951613
2023-11-20,459.66,461.6,452.25,457.9,76748622.0,1796891969.0,7578034871.0,0.010127773665136517
2023-11-21,459.46,462.77,453.42,454.0,88626397.0,2083796038.0,7578034871.0,0.011695168801500228
2023-11-22,451.47,453.42,444.26,444.26,82250799.0,1889651351.0,7578034871.0,0.010853842770605535
2023-11-23,444.06,447.18,440.55,446.01,70521330.0,1605082333.0,7578034871.0,0.009306018143288642
2023-11-24,445.23,445.23,438.6,438.99,71101943.0,1606269172.0,7578034871.0,0.00938263602772487
2023-11-27,438.6,438.6,425.35,426.32,105333810.0,2314160457.0,7578034871.0,0.013899884573386784
2023-11-28,424.37,428.27,421.06,426.91,69585855.0,1516713166.0,7578034871.0,0.009182572551400443
2023-11-29,426.91,427.88,417.16,418.33,83308408.0,1795537037.0,7578034871.0,0.01099340520572276
2023-11-30,417.35,421.45,413.07,413.85,75831939.0,1619503172.0,7578034871.0,0.0100068078718135
2023-12-01,411.31,415.02,407.02,413.46,94275318.0,1987593611.0,7578034871.0,0.012440602293976961
2023-12-04,413.65,416.57,410.53,410.53,63928704.0,1352736166.0,7578034871.0,0.008436053025388619
2023-12-05,409.56,414.82,401.37,401.76,93581349.0,1960918832.0,7578034871.0,0.012349025914108913
2023-12-06,399.62,415.21,398.84,411.31,112859804.0,2375564526.0,7578034871.0,0.014893017242754781
2023-12-07,408.39,409.36,402.15,405.07,84114882.0,1747690036.0,7578034871.0,0.011099827782779808
2023-12-08,408.58,409.36,401.56,404.1,70311689.0,1462786866.0,7578034871.0,0.009278353847258246
2023-12-11,399.42,406.24,393.96,405.46,96010247.0,1964585569.0,7578034871.0,0.012669544101389237
2023-12-12,404.49,410.14,403.32,405.85,71017043.0,1479629370.0,7578034871.0,0.009371432595509892
2023-12-13,401.56,404.88,395.33,395.52,72573079.0,1486211330.0,7578034871.0,0.009576767623190315
2023-12-14,399.62,406.05,395.91,396.3,65268613.0,1338634084.0,7578034871.0,0.008612867862323143
2023-12-15,399.23,410.92,399.23,403.12,158029221.0,3286300138.0,7578034871.0,0.020853588521313627
2023-12-18,400.2,403.12,392.79,393.57,79044490.0,1607566044.0,7578034871.0,0.010430737169406725
2023-12-19,392.4,401.56,390.06,397.08,88068507.0,1791144879.0,7578034871.0,0.011621549451695575
2023-12-20,398.84,400.98,395.13,395.33,72312893.0,1474750757.0,7578034871.0,0.009542433392162203
2023-12-21,392.4,418.13,391.43,414.82,246619481.0,5202143498.0,7578034871.0,0.03254398867228438
2023-12-22,412.29,419.89,407.61,413.65,147876015.0,3135909898.0,7578034871.0,0.019513768083319234
2023-12-25,414.04,416.38,410.14,414.82,69229858.0,1466873184.0,7578034871.0,0.009135595068971278
2023-12-26,413.65,413.65,406.63,408.97,72784618.0,1529795804.0,7578034871.0,0.009604682379931477
2023-12-27,408.97,410.53,399.23,403.12,81230465.0,1676695270.0,7578034871.0,0.010719199156875983
2023-12-28,401.76,443.48,399.81,443.48,311857893.0,6888607315.0,7578034871.0,0.041152871200610765
2023-12-29,452.25,452.25,442.89,446.4,265105103.0,6085166247.0,7578035978.0,0.034983352384395344
2024-01-02,440.75,446.2,432.75,432.75,158862023.0,3561320754.0,7578035978.0,0.020963482287652976
2024-01-03,432.75,440.16,430.61,436.46,129243542.0,2882721820.0,7578035978.0,0.017055018262675237
2024-01-04,434.31,434.7,423.98,428.47,111338146.0,2444688691.0,7578035978.0,0.014692216601138971
2024-01-05,426.13,433.73,416.57,420.67,113427161.0,2472077498.0,7578035978.0,0.014967883674515856
2024-01-08,417.35,432.36,416.38,421.25,118135678.0,2572504539.0,7578035978.0,0.015589221051861309
2024-01-09,421.45,445.81,417.94,433.53,207367024.0,4612609293.0,7578035978.0,0.027364217404352895
2024-01-10,428.86,444.45,426.13,433.34,167731454.0,3755500025.0,7578035978.0,0.022133895179033948
2024-01-11,429.25,438.6,427.3,435.87,157721001.0,3504532528.0,7578035978.0,0.020812912667330173
2024-01-12,432.75,444.45,429.44,431.0,156650159.0,3505886714.0,7578035978.0,0.02067160402177758
2024-01-15,426.91,434.31,424.18,425.74,107490517.0,2358263661.0,7578035978.0,0.014184482273778934
2024-01-16,423.01,435.29,420.67,431.19,133489043.0,2938793848.0,7578035978.0,0.01761525590371115
2024-01-17,428.86,428.86,414.82,415.21,116013802.0,2507187825.0,7578035978.0,0.015309217630637119
2024-01-18,410.53,444.84,409.56,444.45,317669951.0,7033198433.0,7578035978.0,0.04191982618217124
2024-01-19,441.33,444.06,430.8,430.8,177203728.0,3958954246.0,7578035978.0,0.02338385942141802
2024-01-22,428.86,432.75,417.35,423.4,156563145.0,3418198049.0,7578035978.0,0.020660121627097402
2024-01-23,422.81,439.58,418.33,430.03,159178081.0,3518887773.0,7578035978.0,0.02100518940027656
2024-01-24,430.61,432.56,411.51,424.57,166323771.0,3595040079.0,7578035978.0,0.02194813688967155
2024-01-25,422.23,434.7,416.38,434.7,156629139.0,3424201706.0,7578035978.0,0.02066883021599716
2024-01-26,429.83,437.04,425.35,428.08,115554208.0,2551259029.0,7578035978.0,0.015248569462518855
2024-01-29,423.01,423.2,397.67,397.67,205640594.0,4295463545.0,7578035978.0,0.027136397161085107
2024-01-30,395.13,403.12,393.38,394.35,98092688.0,2001228177.0,7578035978.0,0.012944341816900252
2024-01-31,392.79,398.84,377.2,377.2,154970173.0,3060176664.0,7578035978.0,0.020449912543289327
2024-02-01,372.13,391.62,372.13,381.88,112429056.0,2212673585.0,7578035978.0,0.014836173426253955
2024-02-02,380.12,384.41,354.98,367.84,144909967.0,2748174116.0,7578035978.0,0.01912236461013012
2024-02-05,366.48,367.65,343.08,354.2,150172934.0,2740768426.0,7578035978.0,0.019816867383048997
2024-02-06,353.03,382.85,351.66,382.07,164509778.0,3142216366.0,7578035978.0,0.021708761805511713
2024-02-07,383.24,392.01,378.56,385.39,166356017.0,3295976579.0,7578035978.0,0.021952392081926324
2024-02-08,387.92,396.89,387.92,393.96,123119019.0,2478967593.0,7578035978.0,0.016246824290281826
2024-02-19,393.96,396.69,389.87,393.57,97520976.0,1962738592.0,7578035978.0,0.012868898522402871
2024-02-20,393.38,393.38,384.8,389.48,88467178.0,1757737151.0,7578035978.0,0.011674156503984864
2024-02-21,386.16,404.29,383.63,397.67,135713889.0,2757569346.0,7578035978.0,0.017908847278370627
2024-02-22,395.72,409.17,395.72,401.95,101104877.0,2082462224.0,7578035978.0,0.013341831220321504
2024-02-23,401.95,411.12,401.95,407.02,115406792.0,2411162032.0,7578035978.0,0.015229116401009518
2024-02-26,407.41,409.17,400.59,403.12,92406540.0,1917118519.0,7578035978.0,0.01219399594674239
2024-02-27,401.56,409.36,399.81,409.36,102484010.0,2128543456.0,7578035978.0,0.01352382204274618
2024-02-28,413.65,425.74,401.95,401.95,181017366.0,3852192703.0,7578036199.000001,0.0238871075891518
2024-02-29,398.64,414.24,396.89,414.04,139351275.0,2920787468.0,7578036199.000001,0.018388837337355135
2024-03-01,419.11,422.62,411.12,421.06,162120062.0,3475248721.0,7578036199.000001,0.02139341351013781
2024-03-04,420.28,428.47,416.57,419.69,141672831.0,3061363899.0,7578036199.000001,0.018695190584955924
2024-03-05,415.21,415.79,406.44,409.75,135556278.0,2850175247.0,7578036199.000001,0.01788804835979644
2024-03-06,409.36,425.74,404.29,417.74,155308871.0,3313587664.0,7578036199.000001,0.020494606639711564
2024-03-07,415.21,418.72,405.46,405.46,109826856.0,2315713399.0,7578036199.000001,0.01449278587696543
2024-03-08,405.85,422.03,405.85,419.69,167907180.0,3595525702.0,7578036199.000001,0.02215708339083377
2024-03-11,428.47,435.48,420.67,431.97,217045156.0,4767220656.0,7578036199.000001,0.028641345897587732
2024-03-12,433.14,439.77,430.03,435.09,171224489.0,3815728131.0,7578036199.000001,0.022594836512208113
2024-03-13,433.92,433.92,425.74,426.71,125699278.0,2764116455.0,7578036199.000001,0.016587315591945484
2024-03-14,426.71,428.47,415.79,420.08,110653657.0,2394231759.0,7578036199.000001,0.014601890792577881
2024-03-15,418.33,420.28,411.7,417.35,93310753.0,1987194354.0,7578036199.000001,0.012313315818194864
2024-03-18,417.94,422.42,415.4,422.42,108590171.0,2336927185.0,7578036199.000001,0.014329592541974077
2024-03-19,418.91,425.54,412.29,412.29,136318535.0,2916690370.0,7578036199.000001,0.017988636029211448
2024-03-20,411.7,416.96,407.8,411.51,93926679.0,1983439091.0,7578036199.000001,0.012394593603603343
2024-03-21,409.95,412.48,404.88,406.44,99508222.0,2079052565.0,7578036199.000001,0.013131135743734125
2024-03-22,403.9,405.07,391.23,391.62,136915125.0,2776339340.0,7578036199.000001,0.018067362230081107
2024-03-25,389.87,395.52,387.33,388.7,80229775.0,1609005780.0,7578036199.000001,0.010587145916588145
2024-03-26,389.87,396.5,387.92,394.16,85389396.0,1715647130.0,7578036199.000001,0.011268011099137795
2024-03-27,393.96,393.96,380.9,380.9,91370469.0,1811244817.0,7578036199.000001,0.012057275341605951
2024-03-28,380.9,386.55,380.32,382.27,70429251.0,1384672899.0,7578036199.000001,0.00929386573915995
2024-03-29,383.05,385.39,375.83,380.32,72830409.0,1420515920.0,7578037052.0,0.009610722209490722
2024-04-01,383.24,393.18,382.46,392.79,101911923.0,2038910511.0,7578037052.0,0.013448327357162148
2024-04-02,392.79,394.94,385.97,390.84,88354180.0,1766602099.0,7578037052.0,0.011659243600119574
2024-04-03,388.89,391.62,385.77,386.94,58842673.0,1170345857.0,7578037052.0,0.00776489644959841
2024-04-08,385.97,385.97,378.17,378.37,73266119.0,1431786921.0,7578037052.0,0.009668218629343276
2024-04-09,378.17,385.58,377.59,383.44,61760066.0,1213041343.0,7578037052.0,0.008149876488621845
2024-04-10,383.44,383.83,371.93,373.69,67519588.0,1302305275.0,7578037052.0,0.00890990470707453
2024-04-11,372.13,374.86,367.26,370.77,60596159.0,1154142990.0,7578037052.0,0.007996286978302307
2024-04-12,370.77,372.13,361.21,361.8,75958905.0,1421011642.0,7578037052.0,0.010023559462532963
2024-04-15,361.6,371.15,360.82,364.33,80228365.0,1506081290.0,7578037052.0,0.0105869586608614
2024-04-16,363.94,363.94,354.0,354.78,73071814.0,1339533054.0,7578037052.0,0.009642578084349013
2024-04-17,355.37,362.58,355.37,362.58,70902674.0,1309818550.0,7578037052.0,0.009356337731456107
2024-04-18,361.41,368.82,355.17,366.28,85820272.0,1602270218.0,7578037052.0,0.011324868354576105
2024-04-19,364.14,364.14,355.76,359.65,90072914.0,1658497546.0,7578037052.0,0.011886048244674114
2024-04-22,370.38,383.63,370.18,375.25,168203680.0,3255373716.0,7578037052.0,0.022196207124060917
2024-04-23,371.15,376.81,365.11,366.09,91924394.0,1739279979.0,7578037052.0,0.01213037009046284
2024-04-24,366.48,367.26,357.7,360.63,70340445.0,1300237522.0,7578037052.0,0.009282145827122303
2024-04-25,358.68,362.19,352.83,356.14,76537608.0,1399919826.0,7578037052.0,0.010099925280755939
2024-04-26,354.78,364.53,353.81,362.97,97796975.0,1814623706.0,7578037052.0,0.012905317607834784
2024-04-29,363.36,376.81,362.77,370.38,129473597.0,2460590224.0,7578037052.0,0.017085373971064084
2024-04-30,362.58,364.53,353.03,354.78,180880696.0,3306061395.0,7578037052.0,0.02386906988693884
2024-05-06,356.73,364.14,356.73,360.82,111996885.0,2074242531.0,7578037052.0,0.014779141911221153
2024-05-07,358.68,365.89,355.37,365.89,101616515.0,1886072659.0,7578037052.0,0.013409345230527912
2024-05-08,365.89,365.89,360.63,360.82,67601841.0,1255470468.0,7578037052.0,0.00892075883716595
2024-05-09,362.38,376.22,361.99,369.6,146389948.0,2789006257.0,7578037052.0,0.019317660628403063
2024-05-10,368.82,368.82,360.82,362.97,105445146.0,1965177639.0,7578037052.0,0.013914572504257004
2024-05-13,362.58,372.13,356.92,368.82,122782706.0,2308094699.0,7578037052.0,0.016202442025220122
2024-05-14,370.18,370.38,364.92,367.06,66436989.0,1250412006.0,7578037052.0,0.008767044624368248
2024-05-15,367.06,371.35,363.55,363.94,57277051.0,1075756255.0,7578037052.0,0.007558296509632848
2024-05-16,362.77,363.94,358.68,361.41,70768296.0,1311818671.0,7578037052.0,0.009338605171021537
2024-05-17,357.7,362.97,354.0,362.97,79274478.0,1456614251.0,7578037052.0,0.010461083451561883
2024-05-20,360.63,365.31,359.65,360.63,62363263.0,1157588691.0,7578037052.0,0.008229474542294703
2024-05-21,360.04,360.43,355.95,356.73,53146244.0,973606667.0,7578037052.0,0.007013194001997339
2024-05-22,360.82,387.14,360.82,381.29,300693205.0,5765513882.0,7578037052.0,0.03967956384175251
2024-05-23,380.12,381.1,367.65,369.01,177308015.0,3394936375.0,7578037052.0,0.023397617850549408
2024-05-24,367.65,376.22,364.92,365.7,113040047.0,2145871399.0,7578037052.0,0.014916797875799038
2024-05-27,366.09,367.65,356.34,361.21,97675581.0,1800967636.0,7578037052.0,0.012889298419862093
2024-05-28,359.46,364.53,358.09,360.43,67522872.0,1247997775.0,7578037052.0,0.008910338064681186
2024-05-29,364.33,377.98,364.33,370.38,190074122.0,3645745737.0,7578037052.0,0.025082237088011536
2024-05-30,372.52,376.22,367.06,368.43,97719717.0,1856844567.0,7578037052.0,0.01289512261941366
2024-05-31,368.82,369.4,361.99,362.38,83109102.0,1552557291.0,7578037052.0,0.010967101563335033
2024-06-03,361.41,361.8,357.7,361.02,69763786.0,1286583824.0,7578037052.0,0.009206049735740986
2024-06-04,359.46,363.55,356.73,363.16,66617027.0,1231272622.0,7578037052.0,0.008790802491842976
2024-06-05,358.68,359.07,354.98,356.34,72848417.0,1334767802.0,7578037052.0,0.009613098550471431
2024-06-06,355.76,359.65,333.53,334.9,192123427.0,3376060586.0,7578037052.0,0.02535266397903065
2024-06-07,332.36,336.85,322.42,326.32,163618929.0,2739495927.0,7578037052.0,0.021591202032565624
2024-06-11,323.79,325.35,319.89,323.4,76439093.0,1266989618.0,7578037052.0,0.01008692521235775
2024-06-12,324.57,325.15,320.86,324.57,67113587.0,1113468906.0,7578037052.0,0.00885632869560691
2024-06-13,324.57,326.13,321.25,321.84,65970756.0,1093118058.0,7578037052.0,0.008705520380451156
2024-06-14,322.03,327.29,316.77,325.93,83305395.0,1386972976.0,7578037052.0,0.01099300444539447
2024-06-17,325.93,329.05,320.67,325.93,66002552.0,1101457019.0,7578037052.0,0.008709716189970405
2024-06-18,325.35,330.22,324.57,326.32,57319469.0,961572891.0,7578037052.0,0.007563894001398714
2024-06-19,326.32,326.32,318.33,318.91,74791398.0,1229311837.0,7578037052.0,0.009869494895153754
2024-06-20,317.74,317.74,303.51,303.71,133603956.0,2114995523.0,7578037052.0,0.017630417360487722
2024-06-21,303.71,311.5,301.37,301.37,105776216.0,1656667322.0,7578037052.0,0.013958260598908458
2024-06-24,298.83,301.37,292.4,292.99,101494997.0,1541305225.0,7578037052.0,0.013393309679478722
2024-06-25,292.79,295.72,278.95,281.49,154008165.0,2251920621.0,7578037052.0,0.02032296278616823
2024-06-26,281.49,286.55,277.39,285.77,114266965.0,1654972376.0,7578037052.0,0.015078702336226053
2024-06-27,283.24,284.99,277.98,277.98,83292783.0,1197505307.0,7578037052.0,0.01099134016216209
2024-06-28,278.37,281.49,272.52,273.3,101795794.0,1445147114.0,7578037188.0,0.0134330026990625
2024-07-01,273.1,276.61,268.42,273.88,84507015.0,1180658759.0,7578037188.0,0.01115157037416217
2024-07-02,272.52,274.47,268.62,269.4,75838881.0,1053524534.0,7578037188.0,0.010007720880558972
2024-07-03,268.42,273.1,265.31,269.98,84253170.0,1163233797.0,7578037188.0,0.011118072913843294
2024-07-04,270.37,271.15,262.19,262.38,85024086.0,1154990920.0,7578037188.0,0.011219803214299032
2024-07-05,261.21,266.48,260.04,263.36,78547206.0,1060008206.0,7578037222.0,0.01036511219184402
2024-07-08,261.02,261.02,253.8,255.17,97012313.0,1275748237.0,7578037222.0,0.012801773092161779
2024-07-09,254.58,257.9,249.13,256.53,148944930.0,1937575320.0,7578037222.0,0.019654816364268315
2024-07-10,251.27,272.91,249.71,264.33,216412012.0,2942658170.0,7578037222.0,0.028557792164404863
2024-07-11,269.01,284.8,267.25,277.2,224628399.0,3193918854.0,7578037222.0,0.029642028987120223
2024-07-12,275.05,280.71,274.27,276.42,122187551.0,1737603228.0,7578037222.0,0.016123904834522862
2024-07-15,277.8,278.0,270.89,274.05,80608921.0,1118632993.0,7578037222.0,0.010637176704012763
2024-07-16,272.27,277.8,270.3,277.6,88603897.0,1233759733.0,7578037222.0,0.011692196066650569
2024-07-17,280.95,283.13,277.01,278.19,97903009.0,1387114496.0,7578037222.0,0.01291930959586411
2024-07-18,275.23,279.57,272.47,278.39,82913668.0,1160895097.0,7578037222.0,0.010941311789719261
2024-07-19,276.42,286.08,275.23,283.91,108092133.0,1542319214.0,7578037222.0,0.014263869367940668
2024-07-22,281.74,288.06,281.15,283.72,91263939.0,1316820492.0,7578037222.0,0.012043215984087443
2024-07-23,282.73,285.49,276.22,276.61,70437376.0,1001641776.0,7578037222.0,0.009294936661898597
2024-07-24,275.23,278.78,267.93,269.31,76165723.0,1048446683.0,7578037222.0,0.010050851001217212
2024-07-25,267.34,281.74,266.55,275.82,116835305.0,1636616592.0,7578037222.0,0.01541762089275734
2024-07-26,274.64,280.76,272.67,278.98,74002434.0,1042080400.0,7578037222.0,0.009765382754410546
2024-07-29,278.98,279.57,272.27,272.87,65220310.0,906148619.0,7578037222.0,0.008606491112323544
2024-07-30,272.87,277.4,271.09,273.85,54100945.0,749656952.0,7578037222.0,0.00713917646682153
2024-07-31,273.85,286.08,271.88,286.08,119831895.0,1711856167.0,7578037222.0,0.015813051782341853
2024-08-01,285.69,287.47,281.74,283.52,68484842.0,985603978.0,7578037222.0,0.009037279706304404
2024-08-02,282.34,286.87,279.77,280.56,68235196.0,977642917.0,7578037222.0,0.009004336347399377
2024-08-05,279.77,293.58,277.6,278.0,137818031.0,1996329778.0,7578037222.0,0.018186507529930947
2024-08-06,283.13,289.64,281.15,285.1,118874157.0,1718248810.0,7578037222.0,0.01568666839678397
2024-08-07,284.11,284.11,278.59,280.76,80946235.0,1151181241.0,7578037222.0,0.010681688757743607
2024-08-08,280.17,283.13,277.4,279.18,63903153.0,905747461.0,7578037222.0,0.008432678690793583
2024-08-09,280.17,281.35,272.47,272.47,74800994.0,1045273754.0,7578037222.0,0.009870760964705117
2024-08-12,277.21,280.76,273.46,274.84,66517081.0,930598240.0,7578037222.0,0.008777613391353174
2024-08-13,273.26,279.77,269.71,276.42,68789846.0,957666632.0,7578037222.0,0.009077528123020349
2024-08-14,276.61,282.14,272.47,272.67,53696263.0,748831833.0,7578037222.0,0.007085774512180141
2024-08-15,271.29,280.95,269.31,277.6,87214414.0,1219783240.0,7578037222.0,0.011508839485085338
2024-08-16,277.4,278.19,270.3,270.7,68626908.0,949536519.0,7578037222.0,0.009056026777061401
2024-08-19,270.5,270.5,265.76,265.96,54337660.0,735997544.0,7578037222.0,0.007170413447198557
2024-08-20,267.34,267.93,261.42,262.41,49785582.0,666636336.0,7578037222.0,0.0065697199078761665
2024-08-21,261.42,264.58,260.63,260.83,40856629.0,543335694.0,7578037222.0,0.005391452668164263
2024-08-22,261.42,262.8,253.33,254.12,62854835.0,816112102.0,7578037222.0,0.00829434234204135
2024-08-23,253.73,256.69,252.35,254.52,38021931.0,490883241.0,7578037222.0,0.0050173850940739015
2024-08-26,254.91,261.03,254.71,256.29,52978050.0,691398180.0,7578037222.0,0.006990998915418101
2024-08-27,256.88,267.54,250.57,261.03,118238712.0,1560061210.0,7578037222.0,0.015602814889419924
2024-08-28,256.49,263.0,252.54,259.25,88004042.0,1144573875.0,7578037222.0,0.011613039026057188
2024-08-29,258.46,271.48,257.48,267.54,125203217.0,1681021266.0,7578037222.0,0.01652185299862598
2024-08-30,264.78,276.81,263.59,272.47,147359160.0,2024480108.0,7578037222.0,0.01944555769298648
2024-09-02,269.51,273.46,260.24,260.24,103147438.0,1386609640.0,7578037222.0,0.013611365974892542
2024-09-03,260.24,268.72,258.46,266.55,83896692.0,1128573716.0,7578037222.0,0.011071031923205299
2024-09-04,265.57,274.25,265.17,269.71,96883427.0,1328252740.0,7578037222.0,0.012784765258045337
2024-09-05,269.51,277.01,269.51,271.48,91287801.0,1266618014.0,7578037222.0,0.012046364820560656
2024-09-06,271.48,271.48,265.96,266.95,45070111.0,611884045.0,7578037222.0,0.0059474649806622445
2024-09-09,265.17,268.13,261.42,262.61,56056204.0,750079454.0,7578037222.0,0.007397193014209769
2024-09-10,262.41,263.79,257.08,259.05,57679299.0,759058414.0,7578037222.0,0.007611377103367836
2024-09-11,257.08,265.37,257.08,263.59,74278751.0,986430133.0,7578037222.0,0.009801845626247307
2024-09-12,263.0,274.64,262.21,264.97,108466838.0,1483005238.0,7578037222.0,0.014313315548926979
2024-09-13,264.97,267.54,259.25,259.25,52844146.0,702573447.0,7578037222.0,0.00697332890455945
2024-09-18,259.05,260.24,253.92,255.7,55884229.0,724535112.0,7578037222.0,0.007374499143097506
2024-09-19,257.28,266.55,253.53,262.8,84957323.0,1126781661.0,7578037222.0,0.011210993099025452
2024-09-20,262.21,262.21,250.77,252.54,133902626.0,1723833529.0,7578037222.0,0.017669829545210434
2024-09-23,251.95,253.92,250.77,251.16,55858362.0,712384070.0,7578037222.0,0.00737108572624005
2024-09-24,256.09,268.33,253.53,268.13,230834270.0,3067870682.0,7578037222.0,0.030460957532625853
2024-09-25,272.27,278.19,270.5,271.09,173952523.0,2418916448.0,7578037222.0,0.022954825623578864
2024-09-26,269.71,287.47,269.31,287.27,178539557.0,2528859957.0,7578037222.0,0.02356013196684718
2024-09-27,292.0,315.68,291.81,314.89,201126291.0,3112951174.0,7578037222.0,0.02654068396709704
2024-09-30,333.44,346.46,325.74,346.46,395953400.0,6817840793.0,7578037613.0,0.052250123346016177
2024-10-08,381.18,381.18,355.34,380.39,491217898.0,9315052949.0,7578037613.0,0.06482125361285139
2024-10-09,366.98,366.98,342.31,342.31,333385539.0,5958697374.0,7578037613.0,0.04399365060264184
2024-10-10,336.0,348.83,327.12,334.42,202509769.0,3468415805.0,7578037613.0,0.026723246748287154
2024-10-11,329.49,331.86,315.48,319.63,160525512.0,2624754416.0,7578037613.0,0.021182992246517898
2024-10-14,322.58,333.83,318.24,330.48,169800138.0,2808827279.0,7578037613.0,0.022406874532888386
2024-10-15,325.15,331.27,321.6,321.6,118726288.0,1963020925.0,7578037613.0,0.01566715475208608
2024-10-16,316.67,319.63,311.93,314.3,112272848.0,1794073983.0,7578037613.0,0.014815556973140086
2024-10-17,314.69,317.65,307.59,307.98,108221616.0,1714793397.0,7578037613.0,0.014280955245504138
2024-10-18,306.8,326.33,304.83,324.56,181629574.0,2900552385.0,7578037613.0,0.023967890273917013
2024-10-21,327.12,355.14,327.12,345.47,298251162.0,5173065245.0,7578037613.0,0.03935730821503908
2024-10-22,341.33,370.53,333.63,362.64,341557297.0,6083088682.0,7578037613.0,0.045071998113873704
2024-10-23,362.64,398.94,353.96,386.31,495626116.0,9517227564.0,7578037613.0,0.06540296331463986
2024-10-24,388.68,389.27,365.79,366.98,282227937.0,5360615295.0,7578037613.0,0.037242878884085055
2024-10-25,366.98,403.68,366.78,403.68,480935416.0,9636191051.0,7578037613.0,0.06346437436190118
2024-10-28,411.96,411.96,387.3,396.18,425165388.0,8535400530.0,7578037613.0,0.05610494559576159
2024-10-29,404.46,417.29,378.03,379.6,364336232.0,7241822670.0,7578037613.0,0.04807791285899494
2024-10-30,374.87,391.64,371.91,379.8,206869055.0,3984188417.0,7578037613.0,0.027298499369430355
2024-10-31,390.65,396.57,382.76,389.47,305103822.0,6047425601.0,7578037613.0,0.04026158717879671
2024-11-01,387.3,390.65,372.9,375.07,213943923.0,4116409990.0,7578037613.0,0.028232100964104834
2024-11-04,375.07,383.16,373.49,380.0,133270993.0,2554980762.0,7578037613.0,0.017586478163076912
2024-11-05,378.82,390.46,374.87,387.3,170740823.0,3326352847.0,7578037613.0,0.02253100759319232
2024-11-06,387.3,394.01,376.45,379.01,215069589.0,4193886605.0,7578037613.0,0.028380644169811408
2024-11-07,369.15,378.62,362.83,378.42,204755080.0,3856961665.0,7578037613.0,0.02701953862682682
2024-11-08,379.8,389.67,377.04,379.41,173910153.0,3373517689.0,7578037613.0,0.02294923328193304
2024-11-11,376.45,398.15,375.46,394.99,240059554.0,4752825093.0,7578037613.0,0.03167832706295648
2024-11-12,395.98,417.68,392.82,396.57,292140868.0,5999069500.0,7578037613.0,0.038550992079906955
2024-11-13,390.65,398.15,388.29,396.18,154407796.0,3070609819.0,7578037613.0,0.020375696702153594
2024-11-14,400.52,401.31,378.03,378.62,141929945.0,2785287620.0,7578037613.0,0.01872911593319641
2024-11-15,378.62,382.37,365.0,365.4,142101284.0,2694306667.0,7578037613.0,0.018751725876396754
2024-11-18,364.81,370.13,357.31,359.28,108782288.0,1997738213.0,7578037613.0,0.014354941682182437
2024-11-19,361.85,369.54,352.97,367.77,98080366.0,1798205881.0,7578037613.0,0.012942713009466294
2024-11-20,367.96,369.15,362.04,366.98,74567709.0,1381754452.0,7578037613.0,0.009839976100419496
2024-11-21,374.47,377.83,364.02,367.17,96446881.0,1806966949.0,7578037613.0,0.012727157864002542
2024-11-22,365.0,366.39,349.42,350.21,104835783.0,1902125473.0,7578037613.0,0.013834159759270121
2024-11-25,349.22,353.56,346.26,351.39,71174377.0,1263982359.0,7578037613.0,0.009392191044011382
2024-11-26,354.94,365.99,353.17,355.14,93722756.0,1709683460.0,7578037613.0,0.012367681553760057
2024-11-27,356.13,362.83,352.57,362.04,75487903.0,1367008140.0,7578037613.0,0.009961405162532017
2024-11-28,359.09,370.13,357.9,360.47,68824250.0,1268653008.0,7578037613.0,0.009082067616282758
2024-11-29,361.06,367.77,358.69,365.0,81069399.0,1495120558.0,7578037613.0,0.010697940963096668
2024-12-02,358.69,364.02,350.6,363.62,102282432.0,1862712745.0,7578037613.0,0.013497218834667191
2024-12-03,365.99,368.75,360.07,364.61,77452289.0,1426455960.0,7578037613.0,0.010220626098124911
2024-12-04,362.24,365.0,353.17,353.76,84109629.0,1523541153.0,7578037613.0,0.011099130579097588
2024-12-05,350.8,355.14,350.8,353.96,52114950.0,931582332.0,7578037613.0,0.006877103633082746
2024-12-06,354.15,354.35,342.91,352.18,107096301.0,1896650647.0,7578037613.0,0.014132458357857454
2024-12-09,352.38,353.17,346.26,347.84,71200924.0,1260159814.0,7578037613.0,0.009395694193686235
2024-12-10,358.3,359.87,346.46,347.64,93592783.0,1673014321.0,7578037613.0,0.012350530279691817
2024-12-11,346.26,350.8,345.87,349.02,55553522.0,981421663.0,7578037613.0,0.00733085857276544
2024-12-12,346.66,352.57,345.67,350.8,61791364.0,1094649199.0,7578037613.0,0.008154005978275685
2024-12-13,349.02,349.02,335.61,335.8,126250329.0,2179286417.0,7578037613.0,0.016660029343668024
2024-12-16,337.19,338.57,330.28,332.65,74362004.0,1255440826.0,7578037613.0,0.009812831210079136
2024-12-17,330.48,332.45,327.52,329.1,66575973.0,1112520077.0,7578037613.0,0.008785384343539019
2024-12-18,331.27,332.06,327.12,328.11,48528898.0,810443880.0,7578037613.0,0.0064038871906295985
2024-12-19,323.57,330.28,320.61,327.91,64976901.0,1073593550.0,7578037613.0,0.008574370347348658
2024-12-20,328.11,329.29,321.8,322.39,75248402.0,1238069616.0,7578037613.0,0.009929800542413856
2024-12-23,321.8,327.52,319.63,320.41,82953216.0,1356910143.0,7578037613.0,0.010946529990520912
2024-12-24,320.02,327.32,319.63,323.37,80271169.0,1319262920.0,7578037613.0,0.010592606305133154
2024-12-25,328.5,329.29,321.8,322.78,55585923.0,914200229.0,7578037613.0,0.007335134217946247
2024-12-26,323.97,323.97,318.24,319.43,58244075.0,945650138.0,7578037613.0,0.0076859047123338685
2024-12-27,320.22,321.99,316.67,318.64,61083079.0,990279529.0,7578037613.0,0.008060540488109082
2024-12-30,319.03,321.01,316.07,320.41,57291361.0,925326617.0,7578037613.0,0.007560184301766674
2024-12-31,319.63,323.57,309.76,309.96,87113389.0,1390268494.0,7578040404.000001,0.011495503369712569
2025-01-02,309.76,311.73,301.87,304.43,82825307.0,1287616503.0,7578040404.000001,0.010929647057078424
2025-01-03,304.43,307.0,295.36,295.95,72200723.0,1101114343.0,7578040404.000001,0.009527624445217988
2025-01-06,295.95,301.47,294.17,299.3,64829229.0,979232009.0,7578040404.000001,0.008554880357431252
2025-01-07,296.94,301.28,296.34,300.68,46637103.0,707882488.0,7578040404.000001,0.0061542431174400995
2025-01-08,300.68,301.47,292.2,297.73,60062092.0,903552090.0,7578040404.000001,0.007925807833948306
2025-01-09,295.95,299.3,294.57,295.55,50701098.0,761659148.0,7578040404.000001,0.006690528856673538
2025-01-10,294.96,295.95,285.3,285.3,63916311.0,938941440.0,7578040404.000001,0.00843441148271819
2025-01-13,283.13,290.43,281.94,288.65,53287864.0,776602990.0,7578040404.000001,0.007031879108466151
2025-01-14,290.03,298.91,288.06,298.12,67300762.0,1004866708.0,7578040404.000001,0.008881024435350845
2025-01-15,297.13,310.75,293.58,301.08,110917934.0,1697709224.0,7578040404.000001,0.014636756745378787
2025-01-16,299.9,307.79,299.3,303.84,72388466.0,1112620997.0,7578040404.000001,0.00955239905580213
2025-01-17,299.7,308.38,297.73,299.11,74709947.0,1139120440.0,7578040404.000001,0.009858742236392012
2025-01-20,300.29,302.85,298.51,298.71,50221355.0,764214989.0,7578040404.000001,0.00662722185718238
2025-01-21,299.9,300.68,290.43,292.0,66324390.0,986145005.0,7578040404.000001,0.008752182155823723
2025-01-22,291.02,291.21,284.9,288.25,54116013.0,788366302.0,7578040404.000001,0.007141161845935177
2025-01-23,289.64,294.77,286.48,286.68,68503277.0,1008420686.0,7578040404.000001,0.009039708598523856
2025-01-24,286.08,296.74,285.3,295.16,87251250.0,1292681977.0,7578040404.000001,0.01151369553980541
2025-01-27,295.16,301.67,292.0,293.98,63660381.0,954286489.0,7578040404.000001,0.00840063889952308
2025-02-05,296.15,301.47,293.19,297.53,64403335.0,969896083.0,7578040404.000001,0.00849867928468754
2025-02-06,296.15,304.63,292.2,304.43,82076989.0,1250605841.0,7578040404.000001,0.010830898837208152
2025-02-07,304.63,326.53,303.84,320.22,198533145.0,3195290593.0,7578040404.000001,0.02619848066463278
2025-02-10,321.6,321.6,311.34,316.27,121138517.0,1929731046.0,7578040404.000001,0.015985467289941886
2025-02-11,317.26,318.44,307.39,309.37,98180582.0,1543449901.0,7578040404.000001,0.012955932769661171
2025-02-12,309.76,312.72,307.0,312.72,80259537.0,1260615368.0,7578040404.000001,0.010591067442400508
2025-02-13,311.73,313.9,309.76,310.16,70244018.0,1110070261.0,7578040404.000001,0.009269417191669013
2025-02-14,309.96,316.07,309.37,311.93,63170778.0,1001485234.0,7578040404.000001,0.00833603077210513
2025-02-17,309.96,318.84,309.96,316.47,101910124.0,1629038807.0,7578040404.000001,0.013448084012089412
2025-02-18,316.86,322.78,311.54,312.33,114096394.0,1838039504.0,7578040404.000001,0.015056187077041082
2025-02-19,309.76,328.7,309.37,322.58,147753489.0,2401647540.0,7578040404.000001,0.019497585275740893
2025-02-20,322.39,322.39,315.09,316.47,87543674.0,1407786861.0,7578040404.000001,0.011552283879852483
2025-02-21,317.46,320.61,314.89,318.64,74850146.0,1206176997.0,7578040404.000001,0.009877242929516583
2025-02-24,318.64,324.95,316.67,322.78,97591238.0,1590802955.0,7578040404.000001,0.01287816279634605
2025-02-25,320.22,329.49,318.84,324.56,128376030.0,2115512292.0,7578040404.000001,0.01694053121335139
2025-02-26,328.11,345.08,326.73,343.89,250774618.0,4279579459.0,7578040404.000001,0.03309227776980852
2025-02-27,345.08,345.27,332.25,337.38,150262991.0,2568978065.0,7578040404.000001,0.019828739751860523
2025-02-28,337.38,341.33,328.31,329.69,112993068.0,1915809517.0,7578040592.0,0.014910591547805212
2025-03-03,329.49,341.33,329.49,335.61,128477102.0,2196117440.0,7578040592.0,0.016953868277722207
2025-03-04,334.42,345.08,331.46,343.89,141920605.0,2454627943.0,7578040592.0,0.018727876062028886
2025-03-05,342.71,342.71,333.04,336.59,103316987.0,1761565352.0,7578040592.0,0.013633733647332249
2025-03-06,338.76,340.54,333.63,337.97,92256510.0,1577909152.0,7578040592.0,0.012174190528537618
2025-03-07,337.97,346.26,332.45,342.31,148750692.0,2563603535.0,7578040592.0,0.01962917593197289
2025-03-10,343.5,346.26,336.79,339.75,89986800.0,1554372682.0,7578040592.0,0.011874679068755244
2025-03-11,335.41,341.92,331.46,341.92,85021431.0,1452929871.0,7578040592.0,0.01121944782002825
2025-03-12,341.33,343.1,335.41,336.0,65633035.0,1124377462.0,7578040592.0,0.008660950572010342
2025-03-13,337.38,337.97,329.89,331.66,61605074.0,1039732835.0,7578040592.0,0.008129419901106806
2025-03-14,333.24,348.23,332.06,345.67,188600350.0,3280948686.0,7578040592.0,0.024887746075034484
2025-03-17,349.22,354.94,346.26,348.63,105926981.0,1878658779.0,7578040592.0,0.013978149062941836
2025-03-18,348.63,354.55,347.84,353.17,87154831.0,1551810019.0,7578040592.0,0.011500971780490036
2025-03-19,352.38,352.38,346.85,348.43,67185740.0,1188455117.0,7578040592.0,0.008865845885139065
2025-03-20,347.25,349.02,342.71,343.89,64635649.0,1131237530.0,7578040592.0,0.008529335283349456
2025-03-21,344.29,345.87,336.4,336.59,80968476.0,1394690756.0,7578040592.0,0.01068461893506838
2025-03-24,336.99,339.95,332.45,336.4,67638630.0,1151645829.0,7578040592.0,0.008925609354930728
2025-03-25,337.38,344.68,335.21,338.76,66999979.0,1155843974.0,7578040592.0,0.008841332820350772
2025-03-26,337.38,348.23,336.0,342.51,77109605.0,1342127283.0,7578040592.0,0.01017540141991364
2025-03-27,340.74,341.92,335.61,336.2,58344355.0,998057210.0,7578040592.0,0.007699134663067532
2025-03-28,335.61,340.34,332.65,332.84,48176585.0,818938803.0,7578040592.0,0.006357393367734021
2025-03-31,331.86,332.06,311.73,312.72,137934424.0,2227587397.0,7578042190.0,0.018201854851378176
2025-04-01,312.72,319.82,309.96,316.47,66493317.0,1063764206.0,7578042190.0,0.0087744717346315
2025-04-02,315.48,318.24,314.1,314.89,44738069.0,716440082.0,7578042190.0,0.005903644751283708
2025-04-03,308.77,317.46,307.0,310.94,51242757.0,811316063.0,7578042190.0,0.006762004712459908
2025-04-07,295.95,295.95,279.77,279.77,153699632.0,2208421130.0,7578042190.0,0.020282234929072097
2025-04-08,283.91,289.04,281.15,286.48,120651323.0,1736527369.0,7578042190.0,0.01592117330241467
2025-04-09,282.93,290.23,276.42,290.23,100811229.0,1453952422.0,7578042190.0,0.013303070433288258
2025-04-10,301.67,302.46,294.17,296.54,82702234.0,1243323650.0,7578042190.0,0.010913403742873593
2025-04-11,295.55,295.55,290.62,292.0,79030264.0,1172564272.0,7578042190.0,0.010428849829351505
2025-04-14,294.77,298.91,293.98,293.98,66135437.0,991448454.0,7578042190.0,0.008727245816508182
2025-04-15,293.78,294.17,289.24,290.62,48122381.0,709303445.0,7578042190.0,0.006350239256189731
2025-04-16,291.02,295.55,284.11,295.55,69318313.0,1008031182.0,7578042190.0,0.00914725878558351
2025-04-17,292.0,296.34,290.23,295.36,54062151.0,804286565.0,7578042190.0,0.007134052522344165
2025-04-18,293.58,294.96,291.41,292.99,32496418.0,482603371.0,7578042190.0,0.004288233977224664
2025-04-21,292.0,294.37,290.43,293.38,33240350.0,493156315.0,7578042190.0,0.00438640339636325
2025-04-22,293.19,294.57,289.24,292.0,39106385.0,578932672.0,7578042190.0,0.005160486576810679
2025-04-23,292.99,297.33,292.4,293.98,51057120.0,762252905.0,7578042190.0,0.00673750801590615
2025-04-24,294.37,298.51,290.23,290.23,55009842.0,818367524.0,7578042190.0,0.007259110020869388
2025-04-25,290.23,295.55,289.24,293.78,49858241.0,738475260.0,7578042190.0,0.006579303697436923
2025-04-28,293.78,300.88,292.6,294.96,70294672.0,1056992522.0,7578042190.0,0.009276099319262302
2025-04-29,294.96,298.12,292.6,293.19,37879393.0,566080849.0,7578042190.0,0.004998572461101592
2025-04-30,290.03,296.74,288.25,290.03,68110306.0,1008039346.0,7578042190.0,0.008987849934364116
2025-05-06,292.4,298.71,291.02,296.54,84579146.0,1269076687.0,7578042190.0,0.01116108143493986
2025-05-07,302.66,303.25,295.16,297.92,61118931.0,921366124.0,7578042190.0,0.008065266656954308
2025-05-08,296.15,302.85,295.55,301.28,66488295.0,1013941618.0,7578042190.0,0.008773809030482582
2025-05-09,301.47,301.47,294.37,294.37,53092116.0,797244309.0,7578042190.0,0.00700604650500105
2025-05-12,297.73,303.64,297.53,303.64,99346258.0,1517265367.0,7578042190.0,0.01310975255998146
2025-05-13,308.58,318.24,306.41,308.38,155788623.0,2465768378.0,7578042190.0,0.02055789860942962
2025-05-14,305.62,308.77,302.07,306.41,76118090.0,1176080371.0,7578042190.0,0.010044558751658257
2025-05-15,305.62,305.62,297.73,297.73,66450676.0,1010161820.0,7578042190.0,0.00876884481953511
2025-05-16,297.53,299.5,296.94,298.91,43780807.0,661757848.0,7578042190.0,0.005777324261637557
2025-05-19,297.92,298.51,294.17,297.73,36278046.0,545336701.0,7578042190.0,0.004787258382893749
2025-05-20,297.92,298.32,295.36,298.12,30116891.0,453421117.0,7578042190.0,0.0039742311067814205
2025-05-21,298.32,300.49,296.94,298.51,40698816.0,617024153.0,7578042190.0,0.005370624097831791
2025-05-22,297.53,298.32,295.36,296.15,30219036.0,454481130.0,7578042190.0,0.003987710181909135
2025-05-23,295.95,300.29,294.37,294.37,45995597.0,692593713.0,7578042190.0,0.006069588403809085
2025-05-26,294.57,298.91,293.98,295.75,36720120.0,550921118.0,7578042190.0,0.004845594558506938
2025-05-27,294.17,295.55,283.72,284.9,112400532.0,1633303771.0,7578042190.0,0.014832397231612667
2025-05-28,285.3,285.89,282.34,283.13,38955608.0,560052880.0,7578042190.0,0.005140590012999123
2025-05-29,283.13,286.87,282.34,286.68,43385098.0,626880166.0,7578042190.0,0.00572510642092374
2025-05-30,285.89,286.68,283.52,283.72,50510967.0,728441639.0,7578042190.0,0.006665437554129004
2025-06-03,282.53,284.51,280.95,283.13,32764258.0,469992048.0,7578042190.0,0.0043235781985003705
2025-06-04,284.11,287.07,283.91,285.69,38805343.0,561672358.0,7578042190.0,0.005120761012812466
2025-06-05,285.69,286.87,284.11,286.08,30876307.0,446328806.0,7578042190.0,0.004074443797732406
2025-06-06,286.28,286.87,284.31,285.49,35512024.0,513919733.0,7578042190.0,0.004686173962829309
2025-06-09,281.35,287.47,277.6,285.69,83383371.0,1197979083.0,7578042190.0,0.011003286720946588
2025-06-10,284.7,288.85,281.55,282.14,68546562.0,989361101.0,7578042190.0,0.0090454183655053
2025-06-11,282.53,290.43,282.53,290.43,97979745.0,1435315923.0,7578042190.0,0.012929427224526972
2025-06-12,288.25,291.81,287.66,290.82,51390170.0,756075947.0,7578042190.0,0.006781457362142239
2025-06-13,289.64,290.43,283.72,284.51,60291819.0,874908405.0,7578042190.0,0.007956120787973602
2025-06-16,284.7,289.83,284.31,288.85,51363319.0,748669103.0,7578042190.0,0.006777914098680941
2025-06-17,289.04,289.64,285.69,287.66,34222684.0,497606694.0,7578042190.0,0.004516032392266214
2025-06-18,286.87,289.64,285.89,287.86,36100991.0,526557421.0,7578042190.0,0.004763894168818292
2025-06-19,286.68,290.43,282.53,282.73,52158994.0,756133678.0,7578042190.0,0.006882911534700759
2025-06-20,285.1,291.81,280.17,280.95,83756030.0,1212495276.0,7578042190.0,0.011052462878937864
2025-06-23,279.18,284.7,277.8,281.94,50439486.0,717926979.0,7578042190.0,0.006656004906723804
2025-06-24,281.94,286.68,281.94,286.28,69402562.0,1002883775.0,7578042190.0,0.009158376300884648
2025-06-25,287.07,289.24,283.32,288.85,77500707.0,1125039221.0,7578042190.0,0.010227009174252169
2025-06-26,287.86,291.81,285.49,285.49,64464156.0,942710353.0,7578042190.0,0.00850670323333209
2025-06-27,285.69,293.58,285.69,287.47,72478796.0,1063024012.0,7578042190.0,0.009564316769790906
2025-06-30,292.2,299.9,292.2,296.34,108319500.0,1621976530.0,7578042646.0,0.014293862552644178
2025-07-01,294.57,294.96,291.02,293.19,63491858.0,942363553.0,7578042646.0,0.00837839808588483
2025-07-02,295.16,307.98,294.57,307.0,209882275.0,3215872899.0,7578042646.0,0.027696106343606343
2025-07-03,307.0,309.17,302.46,306.6,109059164.0,1687486007.0,7578042646.0,0.014391468759754984
2025-07-04,311.73,314.69,305.81,307.2,129398270.0,2028999626.0,7578042646.0,0.01707542119313642
2025-07-07,304.83,308.58,304.04,305.22,51664448.0,800112618.0,7578042646.0,0.006817650732972663
2025-07-08,304.04,325.54,303.84,324.95,222980267.0,3603593421.0,7578042646.0,0.029424519947469294
2025-07-09,322.58,330.48,321.01,322.98,148994088.0,2462427050.0,7578042646.0,0.019661289195653332
2025-07-10,321.6,331.86,321.6,324.76,165854856.0,2752068610.0,7578042646.0,0.021886239461524404
2025-07-11,326.14,326.73,320.41,320.61,117601029.0,1919925271.0,7578042646.0,0.015518654947405794
2025-07-14,319.63,323.18,317.06,318.84,89263490.0,1444926449.0,7578042646.0,0.011779227720118059
2025-07-15,318.64,320.81,313.11,316.07,93218572.0,1493745062.0,7578042646.0,0.012301141119759277
2025-07-16,316.07,317.06,310.75,313.9,84228181.0,1336311192.0,7578042646.0,0.01111476735281492
2025-07-17,319.23,322.78,314.89,319.82,120886920.0,1953775775.0,7578042646.0,0.01595226177089529
2025-07-18,317.65,323.57,315.68,317.06,80595606.0,1301639696.0,7578042646.0,0.010635412040408831
2025-07-21,317.65,322.78,316.47,321.8,80640345.0,1309532199.0,7578042646.0,0.010641315807659814
2025-07-22,321.2,328.5,319.23,326.93,122046160.0,2007611624.0,7578042646.0,0.016105235309598176
2025-07-23,328.7,329.89,322.39,322.78,104135028.0,1720972204.0,7578042646.0,0.013741678803426464
2025-07-24,321.01,333.04,320.61,333.04,124333839.0,2069868451.0,7578042646.0,0.016407117880977942
2025-07-25,333.04,333.04,324.95,325.94,91042684.0,1513165941.0,7578042646.0,0.01201401051075584
2025-07-28,323.57,327.32,320.61,323.77,75549999.0,1239477502.0,7578042646.0,0.009969592746997586
2025-07-29,323.77,326.73,320.81,326.73,78420198.0,1288865023.0,7578042646.0,0.010348344772299926
2025-07-30,326.93,329.89,321.8,323.18,85300086.0,1409445113.0,7578042646.0,0.01125621614771789
2025-07-31,320.81,321.6,309.37,310.94,128435942.0,2045926013.0,7578042646.0,0.016948432200733752
2025-08-01,311.14,319.03,311.14,314.1,73006498.0,1166848956.0,7578042646.0,0.00963395185411576
2025-08-04,311.34,313.11,307.59,311.34,66055488.0,1036215323.0,7578042646.0,0.008716695205570897
2025-08-05,311.14,314.1,309.56,314.1,55017401.0,869796099.0,7578042646.0,0.007260107071189475
2025-08-06,312.92,316.07,311.34,314.5,43235357.0,687706352.0,7578042646.0,0.005705346224571774
2025-08-07,315.68,317.46,311.14,312.52,47971614.0,762028498.0,7578042646.0,0.0063303436310590535
2025-08-08,312.52,316.27,310.94,312.13,61465129.0,976494489.0,7578042646.0,0.008110950527897043
2025-08-11,312.92,317.65,311.73,315.88,69100117.0,1103728328.0,7578042646.0,0.009118465048025806
2025-08-12,315.68,315.88,310.75,312.52,68997798.0,1091781724.0,7578042646.0,0.009104963012634913
2025-08-13,312.72,314.69,310.94,312.33,73335522.0,1161049476.0,7578042646.0,0.00967736992595436
2025-08-14,312.33,312.92,306.21,307.0,87492570.0,1374152542.0,7578042646.0,0.011545536768149773
2025-08-15,306.21,319.23,305.81,318.84,155680825.0,2488498436.0,7578042646.0,0.02054367232707178
2025-08-18,321.6,327.52,320.02,321.8,157541848.0,2587967729.0,7578042646.0,0.020789253288665117
2025-08-19,322.98,324.56,314.89,315.09,125239882.0,2023846783.0,7578042646.0,0.01652667949369574
2025-08-20,319.82,323.57,313.31,319.63,139107645.0,2244340968.0,7578042646.0,0.018356672230318827
2025-08-21,318.24,324.95,317.46,319.63,102652532.0,1669520799.0,7578052185.0,0.013546031287985911
2025-08-22,319.63,327.12,318.05,325.94,135135078.0,2220132731.0,7578052185.0,0.017832429059737333
2025-08-25,325.94,335.01,325.35,330.87,186489890.0,3121220247.0,7578052185.0,0.0246092116347705
2025-08-26,331.27,336.2,327.12,332.45,138440095.0,2339696846.0,7578052185.0,0.01826855920496673
2025-08-27,332.65,342.12,326.53,326.53,152330048.0,2580395397.0,7578052185.0,0.020101477831140063
2025-08-28,325.74,336.2,323.77,333.24,160517844.0,2692371996.0,7578052185.0,0.021181939643768764
2025-08-29,334.03,341.33,331.27,338.76,177731547.0,3040019681.0,7578052185.0,0.02345346042242912
2025-09-01,338.17,338.17,331.46,336.99,141622645.0,2399715327.0,7578052185.0,0.018688528601099888
2025-09-02,336.99,344.68,327.91,330.28,167230605.0,2840008508.0,7578052185.0,0.02206775579231512
2025-09-03,331.66,341.13,330.67,338.96,259791261.0,4450596885.0,7578052185.0,0.03428206281216049
2025-09-04,338.76,357.11,337.58,343.3,338670513.0,5975921430.0,7578052185.0,0.044690971338303076
2025-09-05,344.88,359.09,341.33,357.11,338285539.0,6071716055.0,7578052185.0,0.044640170157392495
2025-09-08,362.83,364.02,352.18,354.94,217614487.0,3922496632.0,7578052185.0,0.028716414414609894
2025-09-09,351.39,356.13,345.87,347.44,146856909.0,2603150424.0,7578052185.0,0.019379242239937148
2025-09-10,345.27,346.85,335.41,339.36,153766867.0,2648424099.0,7578052185.0,0.020291080510684026
2025-09-11,338.17,342.51,335.61,340.93,109961425.0,1891692039.0,7578052185.0,0.014510513033633854
2025-09-12,341.13,342.51,335.01,337.78,109656683.0,1881430322.0,7578052185.0,0.014470299269917207
2025-09-15,337.97,345.27,337.38,338.57,106744870.0,1843544711.0,7578052185.0,0.01408605633665216
2025-09-16,341.13,345.27,332.45,336.4,119800928.0,2045195615.0,7578052185.0,0.01580893415291254
2025-09-17,335.41,344.68,331.86,341.33,132376823.0,2279274111.0,7578052185.0,0.01746844964488721
2025-09-18,341.53,343.3,328.31,331.86,153904661.0,2622599869.0,7578052185.0,0.02030926381117287
2025-09-19,331.86,337.58,331.07,333.44,110138554.0,1869844831.0,7578052185.0,0.014533886981935583
2025-09-22,333.44,333.63,324.16,327.52,106842351.0,1771746495.0,7578052185.0,0.014098919932417964
2025-09-23,326.53,329.49,317.06,321.4,103434227.0,1687496776.0,7578052185.0,0.013649183784289287
2025-09-24,321.2,343.3,319.23,343.3,180419126.0,3038409287.0,7578052185.0,0.023808113430139964
2025-09-25,342.91,356.13,339.95,350.4,226022677.0,4013782259.0,7578052185.0,0.029825959426274393
2025-09-26,348.23,351.79,344.88,345.27,96418760.0,1698219493.0,7578052185.0,0.012723422542649064
2025-09-29,344.88,349.22,343.1,346.85,117091910.0,2053870973.0,7578052185.0,0.015451452054100628
2025-09-30,347.05,356.13,344.49,355.14,169237697.0,3014925216.0,7578052584.000001,0.022332610538665535
2025-10-09,356.13,377.04,352.57,372.5,275340655.0,5131257215.0,7578052584.000001,0.036333959410804736
2025-10-10,374.28,379.21,360.27,363.03,188872474.0,3528008334.0,7578052584.000001,0.024923616180597352
2025-10-13,348.23,360.86,347.84,357.7,157447206.0,2824417781.0,7578052584.000001,0.020776737064668538
2025-10-14,363.03,393.42,363.03,380.39,556940097.0,10927964906.0,7578052584.000001,0.07349382850363181
2025-10-15,380.2,399.33,371.71,389.07,461251232.0,9042907864.0,7578052584.000001,0.060866723592531875
2025-10-16,387.69,401.5,384.93,399.53,356063887.0,7120042855.0,7578052584.000001,0.04698619903374373
2025-10-17,396.38,409.2,385.13,388.68,339417902.0,6805387264.0,7578052584.000001,0.04478959445552456
2025-10-20,387.69,388.09,373.29,376.05,218274742.0,4185835833.0,7578052584.000001,0.02880354016820319
2025-10-21,376.45,380.0,373.49,375.07,140583302.0,2680751281.0,7578052584.000001,0.018551375890003982
2025-10-22,378.22,382.56,369.34,370.33,137123602.0,2597092644.0,7578052584.000001,0.01809483379536285
2025-10-23,367.96,377.04,362.64,375.66,174756453.0,3274446752.0,7578052584.000001,0.023060865712250907
2025-10-24,375.86,384.34,368.75,371.71,142630836.0,2710507388.0,7578052584.000001,0.018821568525553
2025-10-27,374.87,382.37,372.3,376.05,164710636.0,3152114268.0,7578052584.000001,0.021735219460968572
2025-10-28,378.62,379.21,370.13,372.9,116418558.0,2207676661.0,7578052584.000001,0.015362595694545789
2025-10-29,372.9,410.19,371.12,410.19,390006627.0,7852274544.0,7578052584.000001,0.05146528381492687
2025-10-30,414.53,436.82,414.33,424.39,492543812.0,10673662671.0,7578052584.000001,0.0649960931968112
2025-10-31,422.42,438.79,414.33,416.5,319061395.0,6863229668.0,7578052584.000001,0.04210334930555293
2025-11-03,421.63,431.69,418.28,429.32,289819163.0,6249206921.0,7578052584.000001,0.03824454367232984
2025-11-04,429.72,432.68,417.88,421.23,195737981.0,4212139097.0,7578052584.000001,0.025829588648312283
2025-11-05,414.53,444.32,409.0,431.1,330328825.0,7153463684.0,7578052584.000001,0.04359019963749568
2025-11-06,431.1,437.22,422.62,429.52,221645802.0,4818581107.0,7578052584.000001,0.029248385326326995
2025-11-07,426.96,459.71,426.96,442.54,422335016.0,9584105295.0,7578052584.000001,0.05573133879958835
2025-11-10,451.42,465.04,445.9,449.84,403103509.0,9280405739.0,7578052584.000001,0.05319354867648936
2025-11-11,449.84,455.56,442.15,442.74,280837054.0,6387793972.0,7578052584.000001,0.037059264354136076
2025-11-12,439.98,439.98,398.94,410.19,522345318.0,10945020730.0,7578052584.000001,0.06892870064043355
2025-11-13,410.38,426.96,408.21,420.25,321939600.0,6821922566.0,7578052584.000001,0.04248315730610401
2025-11-14,414.33,455.96,410.38,431.69,404831662.0,8888797854.0,7578052584.000001,0.053421595787649385
2025-11-17,434.06,436.03,419.46,427.94,231245721.0,4997065752.0,7578052584.000001,0.030515190866878258
2025-11-18,424.98,431.69,414.53,417.29,173462373.0,3693621417.0,7578052584.000001,0.022890098884539488
2025-11-19,417.29,423.01,407.23,418.28,196251424.0,4120662266.0,7578052584.000001,0.02589734259885679
2025-11-20,418.28,420.25,394.6,396.57,233883865.0,4822149607.0,7578052584.000001,0.03086332041213505
2025-11-21,388.68,392.63,371.12,371.71,287123974.0,5515259064.0,7578052584.000001,0.037888886467510416
2025-11-24,375.26,376.65,365.2,370.13,161506415.0,3026319105.0,7578052584.000001,0.021312390381270016
2025-11-25,373.09,379.41,370.92,374.47,137779698.0,2619061640.0,7578052584.000001,0.01818141223919488
2025-11-26,377.24,378.82,368.95,371.12,147489566.0,2791746110.0,7578052584.000001,0.019462726652412467
2025-11-27,370.13,376.25,365.4,366.58,157044053.0,2953523047.0,7578052584.000001,0.020723536985158504
2025-11-28,364.81,369.34,362.04,366.39,125989153.0,2337017110.0,7578052584.000001,0.016625531639356594
2025-12-01,368.95,371.91,365.0,369.94,127434712.0,2380406032.0,7578052584.000001,0.016816287639526358
2025-12-02,367.96,368.16,360.07,361.26,126276537.0,2319595364.0,7578052584.000001,0.016663454838861273
2025-12-03,361.06,361.85,354.74,355.53,112054210.0,2028587487.0,7578052584.000001,0.014786676228215518
2025-12-04,352.57,355.73,351.19,353.36,86869694.0,1555532232.0,7578052584.000001,0.011463326895278243
2025-12-05,353.56,356.52,351.39,355.53,102873797.0,1849427406.0,7578052584.000001,0.01357522870944491
2025-12-08,354.94,358.49,353.17,356.72,108315049.0,1956004320.0,7578052584.000001,0.01429325645333896
2025-12-09,356.32,360.27,353.17,359.09,150069026.0,2715269483.0,7578052584.000001,0.019803112255627493
2025-12-10,360.86,365.79,351.19,359.09,171883421.0,3112585783.0,7578052584.000001,0.02268174034090339
2025-12-11,358.3,360.27,352.38,352.77,100935567.0,1822141144.0,7578052584.000001,0.013319459832346815
2025-12-12,354.15,360.07,352.38,358.89,129753760.0,2349187324.0,7578052584.000001,0.017122309269000973
2025-12-15,358.1,362.44,354.35,355.14,120415202.0,2188971476.0,7578052584.000001,0.015889992932252787
2025-12-16,354.94,354.94,341.33,344.49,133384102.0,2338261249.0,7578052584.000001,0.017601369286038195
2025-12-17,345.08,351.59,344.09,350.8,91202372.0,1607351227.0,7578052584.000001,0.012035067187652019
2025-12-18,349.22,353.17,347.44,349.22,69934436.0,1243572701.0,7578052584.000001,0.00922854984506927
2025-12-19,349.42,363.23,349.42,356.72,138915627.0,2517253951.0,7578052584.000001,0.018331309457168578
2025-12-22,356.92,360.66,356.92,357.31,90095066.0,1635920071.0,7578052584.000001,0.01188894706144203
2025-12-23,357.51,358.69,353.56,355.53,85374901.0,1540542116.0,7578052584.000001,0.011266073975292435
2025-12-24,353.96,359.68,350.6,357.7,87031250.0,1570606116.0,7578052584.000001,0.011484645828897298
2025-12-25,355.93,361.26,354.15,360.47,95561755.0,1734543765.0,7578052584.000001,0.01261033147246369
2025-12-26,371.71,381.38,368.95,375.26,275273234.0,5236282801.0,7578052584.000001,0.036325062534034266
2025-12-29,375.46,378.42,367.17,368.95,152993339.0,2885659169.0,7578052584.000001,0.020189004668959946
2025-12-30,365.99,369.94,363.03,363.82,98250988.0,1817628693.0,7578052584.000001,0.012965202723380836
2025-12-31,363.43,365.79,358.49,359.09,102076729.0,1868825732.0,7578056692.999999,0.013470040293349916
2026-01-05,363.62,365.0,359.68,364.81,106353240.0,1958453795.0,7578056692.999999,0.014034368481069901
2026-01-06,364.81,372.5,364.02,371.52,147992462.0,2771718349.0,7578056692.999999,0.019529078231455246
2026-01-07,371.52,371.91,366.19,367.96,147104468.0,2746859052.0,7578056692.999999,0.019411898585541505
2026-01-08,365.6,373.49,362.83,370.33,153637712.0,2873301340.0,7578056692.999999,0.02027402515237425
2026-01-09,367.17,370.33,360.66,362.83,229018741.0,4231356213.0,7578056692.999999,0.030221302146175435
2026-01-12,357.11,383.75,355.53,379.41,364382289.0,6919241186.0,7578056692.999999,0.04808386948814821
2026-01-13,379.41,379.41,363.43,365.0,278558180.0,5201821676.0,7578056692.999999,0.03675852415531672
2026-01-14,363.62,376.25,362.44,366.78,255312684.0,4786478140.0,7578056692.999999,0.03369104961115392
2026-01-15,365.0,374.67,363.03,365.0,160109424.0,2981575224.0,7578056692.999999,0.02112803195941992
2026-01-16,367.17,373.88,364.41,369.54,194850570.0,3645110363.0,7578056692.999999,0.025712471929642242
2026-01-19,363.03,366.78,351.19,361.45,228742554.0,4184561250.0,7578056692.999999,0.030184856522819898
2026-01-20,359.68,362.83,341.33,342.91,316555022.0,5578437512.0,7578056692.999999,0.0417725856145162
2026-01-21,341.53,344.68,337.38,339.75,153578284.0,2658057827.0,7578056692.999999,0.020266183036326886
2026-01-22,339.36,353.76,338.37,347.05,191560397.0,3360706958.0,7578056692.999999,0.025278300857388428
2026-01-23,347.44,381.77,347.44,381.77,498597065.0,9394050972.0,7578056692.999999,0.06579484493175723
2026-01-26,391.25,395.59,374.47,376.65,536787523.0,10439391593.0,7578056692.999999,0.07083445594908801
2026-01-27,370.92,382.56,362.24,378.82,386428304.0,7306070379.0,7578056692.999999,0.05099306057672431
2026-01-28,378.03,383.55,370.92,371.32,258433969.0,4916577972.0,7578056692.999999,0.03410293423097779
2026-01-29,368.56,380.79,366.98,370.33,275455171.0,5210968053.0,7578056692.999999,0.03634905123558173
2026-01-30,366.58,371.32,349.42,352.77,291651273.0,5264912030.0,7578056692.999999,0.038486288083514085
2026-02-02,358.3,360.07,347.44,348.04,171096790.0,3067558742.0,7578056692.999999,0.022577924253066817
2026-02-03,351.79,366.58,351.79,366.39,283126265.0,5170147381.0,7578056692.999999,0.037361328434178824
2026-02-04,363.03,383.55,361.06,380.99,409458710.0,7779064977.0,7578056692.999999,0.05403215185473937
2026-02-05,375.07,375.07,358.3,359.68,325825007.0,6013712042.0,7578056692.999999,0.04299585239326212
2026-02-06,356.13,368.36,355.14,362.24,211197425.0,3887739122.0,7578056692.999999,0.02786960213626895
2026-02-09,370.53,389.67,369.74,378.42,428820049.0,8275472542.0,7578056692.999999,0.05658707322632062
2026-02-10,374.87,380.39,370.33,371.12,226249434.0,4280477047.0,7578056692.999999,0.02985586452645453
2026-02-11,370.92,374.67,365.99,366.78,158110407.0,2959090907.0,7578056692.999999,0.02086424177138312
2026-02-12,366.78,367.96,363.03,364.81,142980786.0,2647753652.0,7578056692.999999,0.01886773770537692
2026-02-13,363.03,363.82,357.11,357.7,148402387.0,2707298690.0,7578056692.999999,0.019583171914916157
2026-02-24,362.04,363.62,358.89,360.66,130471940.0,2391080125.0,7578056692.999999,0.017217070983451405
2026-02-25,361.45,367.37,360.86,366.39,142362468.0,2628915859.0,7578056692.999999,0.018786144491569064
2026-02-26,365.79,365.79,358.3,360.47,135456546.0,2475716261.0,7578056692.999999,0.017874839353620026
2026-02-27,358.49,365.0,358.3,361.45,115607932.0,2120773487.0,7578056692.999999,0.015255617196264754
2026-03-02,354.55,365.99,353.17,357.51,163628686.0,2976079934.0,7578056692.999999,0.021592433605194198
2026-03-03,359.09,369.54,353.17,354.94,227733841.0,4166800912.0,7578056692.999999,0.03005174680342023
2026-03-04,347.44,356.32,346.85,348.43,155940111.0,2771722872.0,7578056692.999999,0.020577849614670338
2026-03-05,353.76,355.14,349.42,350.4,119452315.0,2130166382.0,7578056692.999999,0.015762921793702134
2026-03-06,350.4,356.72,346.85,355.14,120323418.0,2154129920.0,7578056692.999999,0.015877872504060985
2026-03-09,355.34,364.81,353.56,362.83,206275509.0,3764605465.0,7578056692.999999,0.027220106335512213
2026-03-10,360.07,367.37,357.11,366.19,182834037.0,3357305878.0,7578056692.999999,0.024126770807730617
2026-03-11,365.99,373.88,362.83,370.73,231193577.0,4333875458.0,7578056692.999999,0.03050829340107182
2026-03-12,369.74,376.25,364.22,373.69,250082130.0,4690086895.0,7578056692.999999,0.03300082595462842
2026-03-13,373.29,384.14,370.53,372.3,341948340.0,6538240298.0,7578056692.999999,0.04512348664742301
2026-03-16,373.88,378.62,367.17,368.56,201316284.0,3784642047.0,7578056692.999999,0.02656568724089381
2026-03-17,370.33,383.35,370.13,370.73,271053214.0,5173834238.0,7578056692.999999,0.03576816919968113
2026-03-18,370.13,374.28,360.86,365.79,183500858.0,3402104019.0,7578056692.999999,0.024214764475106575
2026-03-19,362.04,370.73,361.26,365.4,171859699.0,3195484336.0,7578056692.999999,0.02267859768834274
2026-03-20,365.0,386.71,363.43,374.67,446958792.0,8522747284.0,7578056692.999999,0.058980660888016935
2026-03-23,375.86,382.76,368.75,371.12,402690738.0,7694518391.0,7578056692.999999,0.053139050592214944
2026-03-24,373.69,378.82,350.6,375.66,390051589.0,7216531581.0,7578056692.999999,0.05147118909262032
2026-03-25,371.12,378.42,369.54,372.7,263203670.0,4980370423.0,7578056692.999999,0.03473234374758986
2026-03-26,372.7,376.05,361.26,362.44,245895227.0,4577231092.0,7578056692.999999,0.03244832243431727
2026-03-27,357.11,369.74,356.72,365.4,207588734.0,3819551092.0,7578056692.999999,0.027393399443917308
2026-03-30,363.03,366.39,351.19,354.35,217317199.0,3916247299.0,7578056692.999999,0.028677167221609755
2026-03-31,353.17,355.53,345.87,346.06,160019139.0,2842679053.0,7578058517.999999,0.02111611286979508
2026-04-01,349.61,355.73,346.06,352.97,134902214.0,2398083291.0,7578058517.999999,0.01780168544219732
2026-04-02,351.19,351.19,341.53,342.51,134821843.0,2361042861.0,7578058517.999999,0.017791079691422358
2026-04-03,341.33,342.31,327.71,328.7,181112872.0,3057167201.0,7578058517.999999,0.023899640200693423
2026-04-07,328.7,330.28,323.37,329.49,112080260.0,1858517890.0,7578058517.999999,0.01479010220543668
2026-04-08,333.83,343.7,332.06,341.72,165925492.0,2846702533.0,7578058517.999999,0.021895514742447653
2026-04-09,336.59,339.75,332.84,333.83,111997124.0,1901557997.0,7578058517.999999,0.01477913158548138
2026-04-10,336.59,340.74,334.62,337.78,117060231.0,2007435124.0,7578058517.999999,0.015447258782965234
2026-04-13,335.41,355.53,334.42,348.83,216395314.0,3790707315.0,7578058517.999999,0.028555508444016484
2026-04-14,347.05,347.84,342.31,346.26,131676074.0,2303441650.0,7578058517.999999,0.017375964264096492
2026-04-15,347.05,348.43,342.51,342.91,98993635.0,1732878734.0,7578058517.999999,0.013063192210097422
2026-04-16,344.29,346.06,342.31,345.47,90707687.0,1584881031.0,7578058517.999999,0.011969779170290648
2026-04-17,344.29,345.67,339.95,344.09,107334437.0,1866684287.0,7578058517.999999,0.014163843779386346
2026-04-20,344.09,351.19,342.31,348.23,135147018.0,2376243054.0,7578058517.999999,0.017833989758588985
2026-04-21,348.23,351.0,344.88,347.05,90529742.0,1593667052.0,7578058517.999999,0.011946297562227403
2026-04-22,345.27,348.43,343.3,346.26,78820050.0,1382718187.0,7578058517.999999,0.010401087536178355
2026-04-23,349.02,351.0,342.71,345.87,125580645.0,2208322354.0,7578058517.999999,0.01657161193750497
2026-04-24,345.47,346.46,340.54,343.1,97503657.0,1695872844.0,7578058517.999999,0.012866574831588021
2026-04-27,341.33,343.89,337.78,338.17,109004163.0,1875866995.0,7578058517.999999,0.014384180689695754
2026-04-28,336.0,339.55,333.24,334.42,97787267.0,1664112757.0,7578058517.999999,0.012903999984656758
2026-04-29,321.2,327.32,312.13,326.53,245595378.0,3992226560.0,7578058517.999999,0.03240874656967119
2026-04-30,322.98,329.1,322.98,324.76,131505381.0,2167954847.0,7578058517.999999,0.017353439629377115
2026-05-06,326.14,328.5,323.37,326.53,145902230.0,2408376086.0,7578058517.999999,0.019253246679666245
2026-05-07,326.33,331.86,325.74,326.53,147596740.0,2453039029.0,7578058517.999999,0.0194768540846467
2026-05-08,326.33,326.53,320.02,322.78,160281637.0,2621482231.0,7578058517.999999,0.021150752085021048
2026-05-11,322.58,330.48,322.19,327.71,180960813.0,3002893118.0,7578058517.999999,0.02387957450713368
2026-05-12,328.5,333.63,323.18,329.49,197345160.0,3281304288.0,7578058517.999999,0.02604165163560697
2026-05-13,325.74,331.86,324.56,331.07,143368010.0,2393881568.0,7578058517.999999,0.018918831209796157
2026-05-14,331.27,336.2,321.6,321.6,209469059.0,3490763287.0,7578058517.999999,0.02764152038446954
2026-05-15,321.2,321.2,306.8,307.79,245767572.0,3870130809.0,7578058517.999999,0.03243146927623132
2026-05-18,304.83,305.03,296.94,298.71,155326289.0,2364623510.0,7578058517.999999,0.02049684475661633
2026-05-19,298.91,302.26,296.15,300.68,118854454.0,1798613429.0,7578058517.999999,0.015684024307504037
2026-05-20,301.08,308.77,297.53,302.85,137308724.0,2109013586.0,7578058517.999999,0.018119248310613272
2026-05-21,303.05,305.03,290.82,291.81,151848601.0,2300599121.0,7578058517.999999,0.020037929324419612
2026-05-22,294.96,297.92,290.62,296.74,108489399.0,1617887906.0,7578058517.999999,0.014316252473150935
2026-05-25,296.74,297.53,290.62,292.99,112444468.0,1667808837.0,7578058517.999999,0.014838163064182347
2026-05-26,291.41,292.79,283.91,288.06,146413694.0,2131353894.0,7578058517.999999,0.01932073942847323
2026-05-27,288.25,298.32,282.34,283.32,183559366.0,2691220296.0,7578058517.999999,0.024222479354572862
2026-05-28,281.35,284.51,278.19,283.13,123338139.0,1758281784.0,7578058517.999999,0.0162756910238998
2026-05-29,282.73,282.73,273.26,274.05,161446507.0,2265276517.0,7578058517.999999,0.021304468237678502
2026-06-01,273.46,277.8,269.31,269.91,139409406.0,1924818824.0,7578058517.999999,0.018396454140445582
2026-06-02,270.3,271.48,261.42,265.96,145534151.0,1950269645.0,7578058517.999999,0.019204675004068108
2026-06-03,265.96,272.47,263.99,264.78,143724194.0,1957606911.0,7578058517.999999,0.018965833222139288
2026-06-04,263.0,266.75,260.24,263.2,106096241.0,1416611361.0,7578058517.999999,0.014000451533594242
2026-06-05,263.2,264.97,257.08,259.05,125911445.0,1666002901.0,7578058517.999999,0.01661526427922472
2026-06-08,254.52,257.48,244.45,245.44,179366058.0,2275619620.0,7578058517.999999,0.023669130764028237
2026-06-09,249.98,255.7,241.1,255.31,171480801.0,2169128577.0,7578058517.999999,0.022628592876748753
2026-06-10,250.97,280.56,249.58,277.8,255495956.0,3396036389.0,7578058517.999999,0.033715226056004445
2026-06-11,271.29,274.25,264.78,269.12,241938761.0,3297899977.0,7578058517.999999,0.031926219680849396
2026-06-12,268.92,273.65,264.78,265.57,186973565.0,2557192087.0,7578058517.999999,0.024673016783373435
2026-06-15,264.78,265.96,260.44,263.99,129621818.0,1731258228.0,7578058517.999999,0.01710488480553589
2026-06-16,262.41,266.75,261.03,262.41,119130244.0,1591257809.0,7578058517.999999,0.01572041753399403
2026-06-17,263.4,265.37,256.69,257.87,125956142.0,1655192956.0,7578058517.999999,0.016621162491793788
2026-06-18,256.49,257.87,250.77,253.33,133777435.0,1725873116.0,7578058517.999999,0.01765325969471486
2026-06-22,251.95,263.2,247.81,261.03,175473634.0,2265816111.0,7578058517.999999,0.023155486802220022
2026-06-23,260.04,260.44,248.6,248.79,135682080.0,1746654003.0,7578058517.999999,0.017904596497601236
2026-06-24,248.2,249.98,242.88,245.64,108490640.0,1351641792.0,7578058517.999999,0.014316416235412344
2026-06-25,244.85,254.52,242.88,248.79,149916210.0,1886012644.0,7578058517.999999,0.0197829311615775
2026-06-26,252.54,264.97,249.19,249.98,226343931.0,2940941957.0,7578058517.999999,0.029868327152973304
2026-06-29,246.82,255.11,245.44,252.74,156382960.0,1990323021.0,7578058517.999999,0.0206362829778296
2026-06-30,251.16,263.2,250.57,258.86,168335873.0,2209286829.0,7578061602.0,0.022213579387580173
2026-07-01,259.05,267.14,251.75,260.24,204639191.0,2682552381.0,7578061602.0,0.027004160397164318
2026-07-02,256.69,260.63,251.75,252.15,154165076.0,2000344024.0,7578061602.0,0.0203436029022663
2026-07-03,252.54,253.53,247.22,247.61,124542928.0,1573591667.0,7578061602.0,0.016434668196301103
2026-07-06,246.62,249.19,243.47,243.67,98876720.0,1231836358.0,7578061602.0,0.01304775880601241
2026-07-07,243.86,245.05,240.9,240.9,85920272.0,1057095839.0,7578061602.0,0.011338027653051004
2026-07-08,239.72,240.51,231.43,231.63,123933574.0,1471499816.0,7578061602.0,0.016354257923595062
2026-07-09,230.84,233.8,227.09,233.41,103390172.0,1209059724.0,7578061602.0,0.01364335333097758
2026-07-10,234.59,245.05,232.81,238.93,137675099.0,1668151008.0,7578061602.0,0.018167587732945432
2026-07-13,239.52,239.52,229.26,229.46,105180763.0,1237628893.0,7578061602.0,0.013879639480924874
