date,开盘,最高,最低,收盘,成交量,成交额,流通股本,换手率
2016-10-27,17.27,20.72,17.27,20.72,379856.0,7844051.0,261750000.0,0.0014512168099331422
2016-10-28,22.79,22.79,22.79,22.79,263624.0,6007991.0,261750000.0,0.0010071595033428844
2016-10-31,25.07,25.07,25.07,25.07,7957939.0,199505531.0,261750000.0,0.030402823304680037
2016-11-01,26.5,27.58,26.18,27.58,95521601.0,2599903951.0,261750000.0,0.3649344832855778
2016-11-02,28.21,30.29,27.86,29.06,140100239.0,4070404683.0,261750000.0,0.5352444660936008
2016-11-03,28.0,28.49,27.6,27.76,79948334.0,2232413107.0,261750000.0,0.30543776122254057
2016-11-04,27.8,27.98,26.66,26.93,63667111.0,1723018686.0,261750000.0,0.24323633619866283
2016-11-07,26.67,27.16,26.21,26.76,36354494.0,967753808.0,261750000.0,0.1388901394460363
2016-11-08,26.86,26.93,26.47,26.72,31665944.0,845769194.0,261750000.0,0.12097781852913085
2016-11-09,26.5,26.59,25.51,25.75,45996900.0,1197431465.0,261750000.0,0.17572836676217765
2016-11-10,26.09,27.2,25.62,26.73,63473902.0,1690276420.0,261750000.0,0.2424981929321872
2016-11-11,26.5,26.87,26.25,26.57,44095247.0,1169257530.0,261750000.0,0.16846321680993315
2016-11-14,26.45,27.79,26.3,26.99,52252696.0,1414187362.0,261750000.0,0.19962825596943648
2016-11-15,26.78,26.79,26.5,26.67,25997867.0,691544695.0,261750000.0,0.0993232741165234
2016-11-16,26.77,26.91,26.5,26.53,22179318.0,590323363.0,261750000.0,0.08473473925501433
2016-11-17,26.4,26.5,25.92,26.05,23211852.0,606093342.0,261750000.0,0.08867947277936963
2016-11-18,26.01,26.02,25.56,25.59,25491189.0,656070753.0,261750000.0,0.09738754154727794
2016-11-21,25.52,25.8,25.31,25.45,19088361.0,486854747.0,261750000.0,0.07292592550143266
2016-11-22,25.38,25.6,25.33,25.53,18114835.0,461331302.0,261750000.0,0.06920662846227316
2016-11-23,25.54,25.94,25.38,25.45,23190006.0,595691391.0,261750000.0,0.08859601146131806
2016-11-24,25.36,25.37,24.71,24.75,28386713.0,708961182.0,261750000.0,0.10844971537726839
2016-11-25,24.75,24.97,24.37,24.63,14842160.0,365052411.0,261750000.0,0.056703572110792744
2016-11-28,24.64,24.96,24.52,24.76,14752874.0,365805557.0,261750000.0,0.056362460362941735
2016-11-29,24.62,24.64,23.94,23.95,23490292.0,569283073.0,261750000.0,0.08974323591212989
2016-11-30,23.92,23.95,23.23,23.29,17481605.0,411369392.0,261750000.0,0.06678741165234002
2016-12-01,23.3,23.65,23.3,23.46,11214541.0,263348480.0,261750000.0,0.042844473734479464
2016-12-02,23.4,23.46,23.12,23.16,12129588.0,281883586.0,261750000.0,0.0463403553008596
2016-12-05,23.1,23.35,22.93,23.33,9585203.0,222560708.0,261750000.0,0.036619686723973255
2016-12-06,23.27,23.62,23.24,23.45,9643609.0,226438409.0,261750000.0,0.036842823304680035
2016-12-07,23.39,23.52,23.16,23.5,9155777.0,213667879.0,261750000.0,0.03497909073543457
2016-12-08,23.5,24.29,23.45,24.01,27902136.0,669726466.0,261750000.0,0.10659841833810889
2016-12-09,23.88,24.27,23.75,23.97,18767412.0,452174362.0,261750000.0,0.07169975931232092
2016-12-12,23.85,24.24,22.7,22.75,20128486.0,470803944.0,261750000.0,0.0768996599808978
2016-12-13,22.58,22.7,21.81,22.32,17034098.0,377255521.0,261750000.0,0.06507773829990449
2016-12-14,22.3,22.49,22.12,22.15,10606553.0,236248110.0,261750000.0,0.04052169245463228
2016-12-15,22.09,22.33,21.99,22.24,9640535.0,213972196.0,261750000.0,0.036831079274116524
2016-12-16,22.14,22.29,22.01,22.16,8575243.0,190056379.0,261750000.0,0.03276119579751671
2016-12-19,22.14,22.22,21.74,21.77,8366011.0,183379880.0,261750000.0,0.0319618376313276
2016-12-20,21.7,21.88,21.41,21.54,7994103.0,172963442.0,261750000.0,0.030540985673352436
2016-12-21,21.63,21.94,21.5,21.83,9958199.0,216232795.0,261750000.0,0.0380446953199618
2016-12-22,21.75,21.77,21.51,21.61,6310354.0,136401457.0,261750000.0,0.024108324737344793
2016-12-23,21.53,21.75,21.37,21.38,6986125.0,150530101.0,261750000.0,0.026690066857688634
2016-12-26,21.21,21.48,20.82,21.45,9294161.0,196242362.0,261750000.0,0.03550777841451767
2016-12-27,21.36,21.42,21.18,21.21,5229911.0,111334975.0,261750000.0,0.019980557784145175
2016-12-28,21.29,21.29,20.98,21.03,4926000.0,104004996.0,261750000.0,0.01881948424068768
2016-12-29,21.03,21.23,20.95,21.01,4879056.0,102818785.0,261750000.0,0.018640137535816618
2016-12-30,21.01,21.13,20.9,20.95,5957698.0,125049185.0,261750000.0,0.02276102387774594
2017-01-03,20.95,21.25,20.94,21.13,6194919.0,130966180.0,261750000.0,0.023667312320916907
2017-01-04,21.15,21.32,21.12,21.31,7954356.0,168892125.0,261750000.0,0.030389134670487105
2017-01-05,21.33,21.33,21.18,21.2,5993224.0,127263490.0,261750000.0,0.022896748806112702
2017-01-06,21.17,21.23,20.85,20.88,8366693.0,175746533.0,261750000.0,0.03196444317096466
2017-01-09,20.82,20.97,20.73,20.94,5252655.0,109507175.0,261750000.0,0.020067449856733525
2017-01-10,20.88,20.93,20.77,20.78,4956306.0,103202138.0,261750000.0,0.0189352664756447
2017-01-11,20.81,20.81,20.28,20.29,9644373.0,197620863.0,261750000.0,0.03684574212034384
2017-01-12,20.27,20.33,19.93,19.96,7198518.0,144967417.0,261750000.0,0.027501501432664756
2017-01-13,19.97,19.99,19.52,19.64,8750652.0,172751768.0,261750000.0,0.03343133524355301
2017-01-16,19.53,19.98,19.17,19.63,11627980.0,226680724.0,261750000.0,0.0444239923591213
2017-01-17,19.5,19.78,19.23,19.72,8629084.0,168430177.0,261750000.0,0.03296689207258835
2017-01-18,19.6,19.68,19.37,19.38,6228772.0,121677393.0,261750000.0,0.02379664565425024
2017-01-19,19.3,19.69,19.04,19.45,8573878.0,166378634.0,261750000.0,0.032755980897803245
2017-01-20,19.36,19.86,19.32,19.74,9288431.0,182862620.0,261750000.0,0.03548588729703916
2017-01-23,19.7,19.93,19.67,19.76,7818031.0,154741777.0,261750000.0,0.029868313276026744
2017-01-24,19.77,19.78,19.62,19.69,3994088.0,78658974.0,261750000.0,0.015259170964660935
2017-01-25,19.63,19.75,19.6,19.7,3283230.0,64640788.0,261750000.0,0.012543381088825216
2017-01-26,19.68,20.24,19.68,20.15,11683539.0,234372349.0,261750000.0,0.044636252148997135
2017-02-03,20.17,20.17,19.87,19.89,4200527.0,83786083.0,261750000.0,0.016047858643744032
2017-02-06,19.91,20.11,19.87,20.1,4620617.0,92378168.0,261750000.0,0.017652787010506207
2017-02-07,20.08,20.12,19.84,19.92,5524159.0,110259027.0,261750000.0,0.021104714422158548
2017-02-08,19.88,20.15,19.67,20.1,9932754.0,197740335.0,261750000.0,0.03794748424068768
2017-02-09,20.06,20.19,20.01,20.11,7227023.0,145221207.0,261750000.0,0.02761040305635148
2017-02-10,20.18,20.77,20.12,20.53,20690094.0,425993901.0,261750000.0,0.07904524928366762
2017-02-13,20.5,21.86,20.5,21.24,29816962.0,635120542.0,261750000.0,0.11391389493791786
2017-02-14,21.27,21.35,20.8,21.03,15753689.0,330623313.0,261750000.0,0.06018601337153773
2017-02-15,20.95,22.18,20.93,21.64,42941593.0,932670960.0,261750000.0,0.1640557516714422
2017-02-16,21.55,22.22,21.44,21.93,28971795.0,632640820.0,261750000.0,0.11068498567335243
2017-02-17,21.72,22.12,21.2,21.23,24886460.0,538731443.0,261750000.0,0.09507721107927411
2017-02-20,21.12,23.26,21.11,23.13,57577612.0,1294653224.0,261750000.0,0.21997177459407832
2017-02-21,23.15,23.28,22.4,22.61,37909449.0,860172834.0,261750000.0,0.1448307507163324
2017-02-22,22.5,22.5,21.93,22.25,26555943.0,588481041.0,261750000.0,0.10145536962750716
2017-02-23,22.12,22.41,21.91,22.29,17312048.0,384234556.0,261750000.0,0.066139629417383
2017-02-24,22.13,22.44,22.03,22.34,15004423.0,333126668.0,261750000.0,0.05732348806112703
2017-02-27,22.28,22.28,21.8,21.81,16554014.0,363884687.0,261750000.0,0.06324360649474689
2017-02-28,21.78,23.16,21.72,22.95,43540768.0,990939137.0,261750000.0,0.16634486341929322
2017-03-01,22.72,23.22,22.53,22.59,28912846.0,660139662.0,261750000.0,0.11045977459407832
2017-03-02,22.63,23.3,22.58,23.14,38281762.0,881420800.0,261750000.0,0.1462531499522445
2017-03-03,22.9,22.97,22.48,22.57,24059239.0,545744300.0,261750000.0,0.09191686341929321
2017-03-06,22.5,22.98,22.21,22.67,16811458.0,380051678.0,261750000.0,0.06422715568290353
2017-03-07,22.58,23.0,22.53,22.98,20213397.0,460353473.0,261750000.0,0.07722405730659025
2017-03-08,22.86,23.18,22.63,22.81,19849612.0,454427252.0,261750000.0,0.07583423877745941
2017-03-09,22.66,22.9,22.33,22.49,16102099.0,363588733.0,261750000.0,0.06151709264565425
2017-03-10,22.38,22.68,22.24,22.26,12857628.0,288524140.0,261750000.0,0.049121787965616046
2017-03-13,22.1,22.61,21.83,22.58,16177446.0,359509965.0,261750000.0,0.06180495128939828
2017-03-14,22.47,22.78,22.31,22.39,9028774.0,203477798.0,261750000.0,0.03449388347659981
2017-03-15,22.3,22.52,22.16,22.2,7905590.0,176242728.0,261750000.0,0.03020282712511939
2017-03-16,22.26,22.98,22.26,22.79,27564486.0,627071215.0,261750000.0,0.10530844699140401
2017-03-17,22.68,22.82,22.27,22.32,17183748.0,387169985.0,261750000.0,0.06564946704871061
2017-03-20,22.31,22.56,22.18,22.55,10877239.0,243206799.0,261750000.0,0.041555831900668576
2017-03-21,22.4,22.6,22.37,22.57,8095106.0,181934672.0,261750000.0,0.030926861509073544
2017-03-22,22.37,22.49,21.88,21.92,16866540.0,373561800.0,261750000.0,0.06443759312320917
2017-03-23,21.93,22.12,21.51,21.88,12663596.0,276788689.0,261750000.0,0.04838050047755492
2017-03-24,21.79,21.92,21.51,21.83,10118300.0,219360674.0,261750000.0,0.03865635148042025
2017-03-27,21.78,22.24,21.72,21.99,10325029.0,227413159.0,261750000.0,0.039446147086915
2017-03-28,22.0,22.13,21.81,21.95,5730270.0,125593339.0,261750000.0,0.02189214899713467
2017-03-29,21.92,22.0,21.4,21.41,9938976.0,215018001.0,261750000.0,0.037971255014326646
2017-03-30,21.4,21.48,20.61,20.64,13731594.0,287075689.0,261750000.0,0.05246072206303725
2017-03-31,21.0,22.7,20.8,22.7,27403053.0,612248081.0,261750000.0,0.10469170200573066
2017-04-05,22.8,23.18,22.3,22.93,50206070.0,1143926915.0,261750000.0,0.19180924546322828
2017-04-06,22.63,22.78,22.32,22.72,24100848.0,545196870.0,261750000.0,0.09207582808022922
2017-04-07,22.58,23.18,22.58,22.7,26671252.0,610703581.0,261750000.0,0.10189590066857689
2017-04-10,22.47,22.62,21.93,22.11,22570236.0,501128619.0,261750000.0,0.08622821776504298
2017-04-11,21.96,22.91,21.84,22.77,27103398.0,608234350.0,261750000.0,0.103546888252149
2017-04-12,22.52,22.7,22.01,22.08,18794405.0,419616934.0,261750000.0,0.07180288443170965
2017-04-13,22.0,22.34,21.78,21.84,12731826.0,279816854.0,261750000.0,0.04864116905444126
2017-04-14,21.71,21.89,21.45,21.48,9633903.0,208426378.0,261750000.0,0.03680574212034384
2017-04-17,21.11,21.36,20.7,21.04,11534328.0,242391443.0,261750000.0,0.0440662005730659
2017-04-18,21.16,21.18,20.85,20.92,6799696.0,142723056.0,261750000.0,0.02597782617000955
2017-04-19,21.18,21.65,21.08,21.37,14007186.0,299277953.0,261750000.0,0.05351360458452722
2017-04-20,21.15,21.3,20.75,20.89,9196570.0,193057008.0,261750000.0,0.035134937917860556
2017-04-21,20.95,21.37,20.93,21.08,7740165.0,163918492.0,261750000.0,0.02957083094555874
2017-04-24,21.03,21.36,20.5,21.06,9169535.0,191813940.0,261750000.0,0.0350316523400191
2017-04-25,21.18,21.65,20.91,21.31,11116878.0,237071167.0,261750000.0,0.04247135816618911
2017-04-26,21.36,21.64,21.19,21.38,10808608.0,232082904.0,261750000.0,0.04129363132760267
2017-04-27,21.22,21.38,20.92,21.3,10404695.0,219875802.0,261750000.0,0.039750506208213944
2017-04-28,21.2,21.47,21.16,21.38,9000796.0,192030081.0,261750000.0,0.03438699522445081
2017-05-02,21.25,21.29,20.95,21.11,7716308.0,162927236.0,261750000.0,0.029479686723973258
2017-05-03,21.05,21.45,20.98,21.45,11069893.0,235938475.0,261750000.0,0.04229185482330468
2017-05-04,21.33,21.98,21.07,21.68,17482898.0,378158063.0,261750000.0,0.06679235148042025
2017-05-05,21.5,22.08,21.42,21.6,16265729.0,354151308.0,261750000.0,0.062142231136580704
2017-05-08,21.5,22.0,21.4,21.59,11882886.0,258208012.0,261750000.0,0.045397845272206305
2017-05-09,21.6,23.36,21.6,22.85,44592589.0,1011347436.0,261750000.0,0.1703632817574021
2017-05-10,22.59,24.44,22.42,23.22,60624104.0,1416611646.0,261750000.0,0.23161071251193888
2017-05-11,22.85,23.18,22.21,22.62,34631898.0,785402472.0,261750000.0,0.1323090659025788
2017-05-12,22.55,23.8,22.52,23.7,45196812.0,1056197852.0,261750000.0,0.17267167908309455
2017-05-15,23.46,23.99,23.26,23.56,29682031.0,698290710.0,261750000.0,0.11339839923591213
2017-05-16,23.37,23.45,22.68,23.3,27522224.0,633976742.0,261750000.0,0.1051469875835721
2017-05-17,23.1,23.15,22.62,22.85,25389041.0,580382717.0,261750000.0,0.09699729130850047
2017-05-18,22.66,22.98,21.9,22.06,28768808.0,644024015.0,261750000.0,0.10990948615090736
2017-05-19,21.96,22.18,21.48,21.62,20782400.0,451918885.0,261750000.0,0.0793978987583572
2017-05-22,21.51,21.88,21.23,21.56,12677687.0,273647940.0,261750000.0,0.04843433428844317
2017-05-23,21.56,22.1,21.43,21.68,17318342.0,377048508.0,261750000.0,0.06616367526265521
2017-05-24,21.49,21.49,20.0,20.54,22791795.0,468093750.0,261750000.0,0.08707467048710602
2017-05-25,20.52,21.2,20.4,21.11,20321718.0,425503613.0,261750000.0,0.07763789111747851
2017-05-26,20.95,21.19,20.91,20.94,11146827.0,234173922.0,261750000.0,0.04258577650429799
2017-05-31,21.32,21.78,21.21,21.35,15392450.0,330868004.0,261750000.0,0.058805921680993314
2017-06-01,21.24,21.94,21.22,21.6,16328667.0,353963873.0,261750000.0,0.06238268194842407
2017-06-02,21.63,22.3,21.6,22.29,27109610.0,597302256.0,261750000.0,0.10357062082139445
2017-06-05,22.15,22.37,21.85,22.07,15590674.0,343714449.0,261750000.0,0.059563224450811844
2017-06-06,22.14,22.27,21.62,21.91,11749840.0,181119562.0,261750000.0,0.044889551098376314
2017-06-07,21.66,22.41,21.56,22.27,29704250.0,462626009.0,366450000.0,0.08105948969845818
2017-06-08,22.14,22.25,21.81,22.13,20757074.0,321673049.0,366450000.0,0.056643673079547006
2017-06-09,22.08,22.25,21.86,21.98,17331708.0,269445902.0,366450000.0,0.047296242325010236
2017-06-12,21.86,22.24,21.72,21.8,14827122.0,229693168.0,366450000.0,0.040461514531313955
2017-06-13,21.72,21.93,21.62,21.83,11758980.0,180165902.0,366450000.0,0.03208890708145722
2017-06-14,21.77,21.84,21.3,21.33,17076763.0,258336207.0,366450000.0,0.04660052667485332
2017-06-15,21.35,21.63,21.29,21.49,13280208.0,200808961.0,366450000.0,0.036240163733115026
2017-06-16,21.4,21.49,21.2,21.22,11857935.0,178054063.0,366450000.0,0.032358943921408104
2017-06-19,21.28,21.39,21.19,21.3,7509608.0,112634898.0,366450000.0,0.020492858507299767
2017-06-20,21.33,21.36,21.2,21.32,7077055.0,106093390.0,366450000.0,0.019312471005594214
2017-06-21,21.42,21.46,21.23,21.32,7568714.0,113634054.0,366450000.0,0.020654151998908445
2017-06-22,21.29,21.96,21.22,21.52,28911296.0,441143554.0,366450000.0,0.07889560922363215
2017-06-23,21.35,21.46,20.88,21.22,21349444.0,317732656.0,366450000.0,0.05826018283531177
2017-06-26,21.12,21.33,21.01,21.28,9492547.0,141886177.0,366450000.0,0.02590407149679356
2017-06-27,21.19,21.3,21.12,21.25,10023846.0,149746128.0,366450000.0,0.027353925501432664
2017-06-28,21.16,21.52,21.1,21.36,13190574.0,197974065.0,366450000.0,0.03599556283258289
2017-06-29,21.29,21.36,21.18,21.26,8754261.0,130999636.0,366450000.0,0.02388937372083504
2017-06-30,21.23,21.23,21.02,21.08,7863332.0,116880208.0,366450000.0,0.021458130713603495
2017-07-03,21.09,21.15,21.01,21.12,5357854.0,79583226.0,366450000.0,0.014620968754263884
2017-07-04,21.08,21.12,20.88,20.93,8100064.0,119644831.0,366450000.0,0.02210414517669532
2017-07-05,20.93,20.98,20.75,20.95,8226589.0,120954080.0,366450000.0,0.022449417382999045
2017-07-06,20.93,20.93,20.79,20.85,7003612.0,102894433.0,366450000.0,0.019112053486150908
2017-07-07,20.85,20.93,20.79,20.92,7186948.0,105597263.0,366450000.0,0.0196123563924137
2017-07-10,20.86,20.86,20.72,20.75,7529527.0,110143503.0,366450000.0,0.020547215172601992
2017-07-11,20.74,21.18,20.68,20.93,18272406.0,270087693.0,366450000.0,0.049863299222267704
2017-07-12,20.95,21.32,20.88,21.18,22200071.0,330676950.0,366450000.0,0.0605814463091827
2017-07-13,21.09,21.47,21.05,21.43,18726760.0,280852059.0,366450000.0,0.05110317915131669
2017-07-14,21.45,21.57,21.18,21.3,16220874.0,244182435.0,366450000.0,0.044264903806794924
2017-07-17,21.37,22.27,20.86,21.74,46881265.0,717842007.0,366450000.0,0.12793359257743211
2017-07-18,21.47,21.73,21.32,21.67,20246712.0,307111501.0,366450000.0,0.05525095374539501
2017-07-19,21.54,22.21,21.53,22.17,33930306.0,526581468.0,366450000.0,0.09259191158411789
2017-07-20,22.14,22.14,21.86,21.98,20919387.0,323944021.0,366450000.0,0.05708660663119116
2017-07-21,21.98,22.08,21.56,21.66,16428703.0,252085350.0,366450000.0,0.04483204529949516
2017-07-24,21.56,22.0,21.45,21.86,15203551.0,232489709.0,366450000.0,0.041488746077227454
2017-07-25,21.74,21.9,21.39,21.43,14341566.0,218411760.0,366450000.0,0.039136487924682765
2017-07-26,21.37,21.66,21.16,21.26,12870553.0,193587478.0,366450000.0,0.03512226224587256
2017-07-27,21.19,21.29,20.95,21.28,12942873.0,192547412.0,366450000.0,0.0353196152271797
2017-07-28,21.13,21.35,21.06,21.13,7806243.0,116393508.0,366450000.0,0.021302341383544823
2017-07-31,21.12,21.12,20.88,21.08,9927671.0,146941080.0,366450000.0,0.027091474962477827
2017-08-01,21.02,21.79,20.96,21.47,20606144.0,311655343.0,366450000.0,0.05623180242870787
2017-08-02,21.3,21.6,21.2,21.43,15827087.0,238634597.0,366450000.0,0.043190304270705415
2017-08-03,21.37,21.46,21.12,21.16,10428147.0,156209171.0,366450000.0,0.028457216537044618
2017-08-04,21.13,21.25,20.96,20.99,9798746.0,145517434.0,366450000.0,0.026739653431573203
2017-08-07,20.92,21.18,20.92,21.09,6354200.0,94207581.0,366450000.0,0.017339882657934232
2017-08-08,21.05,21.08,20.95,21.02,5872881.0,86890686.0,366450000.0,0.016026418338108882
2017-08-09,21.01,21.03,20.78,20.81,9841638.0,144830138.0,366450000.0,0.026856700777732296
2017-08-10,20.85,21.12,20.79,20.86,8662000.0,127744242.0,366450000.0,0.02363760403875017
2017-08-11,20.82,20.99,20.42,20.47,14301637.0,208158560.0,366450000.0,0.039027526265520536
2017-08-14,20.42,20.54,20.35,20.52,7115252.0,102561130.0,366450000.0,0.019416706235502797
2017-08-15,20.52,20.86,20.51,20.65,7469715.0,108971997.0,366450000.0,0.02038399508800655
2017-08-16,20.65,20.72,20.4,20.58,6754037.0,97743845.0,366450000.0,0.018430991949788512
2017-08-17,20.55,20.78,20.49,20.72,7859614.0,114166343.0,366450000.0,0.021447984718242597
2017-08-18,20.64,20.92,20.59,20.74,9270002.0,135766924.0,366450000.0,0.025296771728748807
2017-08-21,20.75,20.84,20.59,20.75,5652979.0,82372574.0,366450000.0,0.01542633101378087
2017-08-22,20.75,20.81,20.62,20.66,5475706.0,79854806.0,366450000.0,0.014942573338791103
2017-08-23,20.66,20.95,20.62,20.84,10421176.0,152683951.0,366450000.0,0.028438193477964252
2017-08-24,20.84,20.86,20.57,20.58,7663804.0,111649408.0,366450000.0,0.020913641697366626
2017-08-25,20.58,20.86,20.54,20.82,9978364.0,145898797.0,366450000.0,0.0272298103424751
2017-08-28,20.79,21.76,20.74,21.42,29838497.0,447237246.0,366450000.0,0.0814258343566653
2017-08-29,21.3,21.37,21.12,21.16,13471611.0,201197625.0,366450000.0,0.03676248055669259
2017-08-30,21.15,21.36,21.06,21.09,9939745.0,148369516.0,366450000.0,0.027124423522990857
2017-08-31,21.08,21.35,21.02,21.22,9582824.0,143018897.0,366450000.0,0.026150427070541684
2017-09-01,21.15,21.25,21.02,21.13,8889909.0,132104690.0,366450000.0,0.024259541547277937
2017-09-04,21.03,21.1,20.88,20.99,9565887.0,141269279.0,366450000.0,0.026104207941056078
2017-09-05,20.99,21.12,20.89,20.99,8113900.0,120154109.0,366450000.0,0.022141902033019512
2017-09-06,20.93,21.06,20.81,21.03,8335671.0,122897051.0,366450000.0,0.022747089643880475
2017-09-07,20.98,21.03,20.86,20.88,5466406.0,80627818.0,366450000.0,0.014917194705962615
2017-09-08,20.84,20.93,20.78,20.85,4843342.0,71134082.0,366450000.0,0.013216924546322827
2017-09-11,20.88,20.92,20.79,20.88,5549483.0,81507724.0,366450000.0,0.015143902305908036
2017-09-12,20.89,20.89,20.68,20.74,8552714.0,125090089.0,366450000.0,0.023339375085277662
2017-09-13,20.74,20.85,20.58,20.68,10249380.0,149254627.0,366450000.0,0.02796938190749079
2017-09-14,20.64,20.68,20.55,20.57,9019090.0,130871051.0,366450000.0,0.02461206167280666
2017-09-15,20.52,20.66,20.52,20.62,5068325.0,73589646.0,366450000.0,0.013830877336607995
2017-09-18,20.62,20.66,20.55,20.65,5410570.0,78578894.0,366450000.0,0.014764824669122663
2017-09-19,20.66,20.85,20.62,20.71,7716443.0,112717449.0,366450000.0,0.021057287488061127
2017-09-20,20.68,20.72,20.58,20.68,5499855.0,79951273.0,366450000.0,0.015008473188702414
2017-09-21,20.65,20.78,20.59,20.61,5850714.0,85149058.0,366450000.0,0.015965927138763814
2017-09-22,20.59,20.66,20.55,20.55,5681661.0,82397420.0,366450000.0,0.015504600900532132
2017-09-25,20.52,20.54,20.21,20.21,9581654.0,137531546.0,366450000.0,0.026147234274798745
2017-09-26,20.24,20.3,20.01,20.08,6993319.0,99153004.0,366450000.0,0.019083965070268796
2017-09-27,20.04,20.08,19.9,20.03,6750084.0,94982178.0,366450000.0,0.01842020466639378
2017-09-28,20.03,20.05,19.86,19.87,5420759.0,76159664.0,366450000.0,0.014792629280938736
2017-09-29,19.86,20.0,19.7,19.77,8399707.0,117401650.0,366450000.0,0.0229218365397735
2017-10-09,20.18,20.28,19.81,19.86,10103064.0,142365640.0,366450000.0,0.02757010233319689
2017-10-10,19.8,19.83,19.6,19.83,9015760.0,125212940.0,366450000.0,0.02460297448492291
2017-10-11,19.8,19.83,19.71,19.8,4380450.0,61034513.0,366450000.0,0.01195374539500614
2017-10-12,19.76,19.78,19.66,19.69,4500060.0,62508094.0,366450000.0,0.01228014735980352
2017-10-13,19.67,19.8,19.66,19.78,4377356.0,60928503.0,366450000.0,0.01194530222404148
2017-10-16,19.78,19.84,19.69,19.8,7341689.0,102374769.0,366450000.0,0.02003462682494201
2017-10-17,19.8,19.8,19.7,19.73,3709838.0,51569501.0,366450000.0,0.010123722199481511
2017-10-18,19.74,19.77,19.52,19.54,5324640.0,73723952.0,366450000.0,0.014530331559557921
2017-10-19,19.53,19.53,18.96,18.98,11491822.0,154835408.0,366450000.0,0.03135986355573748
2017-10-20,18.89,19.02,18.89,18.99,3947314.0,52750762.0,366450000.0,0.010771766953199619
2017-10-23,18.96,18.96,18.75,18.78,7614141.0,100944789.0,366450000.0,0.020778117069177243
2017-10-24,18.66,18.71,18.41,18.41,11510179.0,150159864.0,366450000.0,0.03140995770227862
2017-10-25,18.41,18.64,18.25,18.52,8381958.0,108922776.0,366450000.0,0.022873401555464593
2017-10-26,18.41,18.48,18.32,18.44,8056684.0,104566807.0,366450000.0,0.021985766134534044
2017-10-27,18.17,18.83,18.04,18.58,24431734.0,317159565.0,1465657368.0000002,0.016669471687874048
2017-10-30,18.45,18.54,18.07,18.21,14888449.0,191611310.0,1465657368.0000002,0.010158205679623751
2017-10-31,18.22,18.29,18.08,18.25,8091037.0,103699560.0,1465657368.0000002,0.00552041505515087
2017-11-01,18.27,18.48,18.18,18.39,9424808.0,121940241.0,1465657368.0000002,0.0064304306079809494
2017-11-02,18.39,18.58,18.27,18.55,11916098.0,155218082.0,1465657368.0000002,0.008130207141291427
2017-11-03,18.55,18.56,18.25,18.35,8690058.0,112473618.0,1465657368.0000002,0.005929119717699259
2017-11-06,18.29,18.37,18.17,18.35,5431142.0,69812957.0,1465657368.0000002,0.0037056014035607805
2017-11-07,18.31,18.68,18.22,18.59,14420754.0,188349675.0,1465657368.0000002,0.009839103132049344
2017-11-08,18.55,18.66,18.51,18.55,11289335.0,147768212.0,1465657368.0000002,0.007702574453267442
2017-11-09,18.52,18.62,18.48,18.56,6001750.0,78424770.0,1465657368.0000002,0.004094920225584401
2017-11-10,18.56,18.56,18.34,18.37,7474198.0,96897581.0,1465657368.0000002,0.005099553390298242
2017-11-13,18.35,19.02,18.32,18.66,26359574.0,348313087.0,1465657368.0000002,0.017984813214543875
2017-11-14,18.68,18.68,18.31,18.39,12604572.0,163608372.0,1465657368.0000002,0.008599944485797446
2017-11-15,18.32,18.52,18.29,18.34,6561575.0,85042717.0,1465657368.0000002,0.004476881939299199
2017-11-16,18.27,18.27,17.47,17.49,24248842.0,302528699.0,1465657368.0000002,0.016544686725171908
2017-11-17,17.32,17.7,17.32,17.41,12500664.0,154194540.0,1465657368.0000002,0.008529049335083068
2017-11-20,17.17,17.43,17.07,17.32,11686409.0,142315705.0,1465657368.0000002,0.007973493160919994
2017-11-21,17.32,17.64,17.26,17.41,18554049.0,227800232.0,1465657368.0000002,0.012659199486247183
2017-11-22,17.46,17.6,17.36,17.44,18945258.0,233357655.0,1465657368.0000002,0.012926116576517628
2017-11-23,17.44,17.44,16.86,16.88,17149408.0,207541264.0,1465657368.0000002,0.011700830203857029
2017-11-24,16.9,17.09,16.79,16.86,8320090.0,99048659.0,1465657368.0000002,0.0056766951005427614
2017-11-27,16.82,16.83,16.46,16.49,10704211.0,125131946.0,1465657368.0000002,0.007303351542937147
2017-11-28,16.59,16.83,16.41,16.78,8958363.0,105141149.0,1465657368.0000002,0.006112180920036148
2017-11-29,16.75,17.24,16.58,17.0,16740325.0,199557009.0,1465657368.0000002,0.011421717903170939
2017-11-30,16.82,17.22,16.79,17.09,16840361.0,202065931.0,1465657368.0000002,0.011489971235896655
2017-12-01,17.05,17.13,16.92,16.97,10261332.0,123049593.0,1465657368.0000002,0.007001180647017358
2017-12-04,16.99,17.02,16.73,16.78,6551541.0,77813708.0,1465657368.0000002,0.004470035864480435
2017-12-05,16.79,16.97,16.62,16.73,10391766.0,122984006.0,1465657368.0000002,0.007090174161359654
2017-12-06,16.73,16.73,16.52,16.63,8495708.0,99354179.0,1465657368.0000002,0.005796517102488307
2017-12-07,16.65,16.75,16.59,16.66,7087527.0,83264579.0,1465657368.0000002,0.004835732521627114
2017-12-08,16.66,16.78,16.63,16.73,8818461.0,103942834.0,1465657368.0000002,0.006016727505715373
2017-12-11,16.75,16.82,16.63,16.75,14669491.0,173028518.0,1465657368.0000002,0.010008813328600548
2017-12-12,16.75,16.75,16.42,16.51,10230109.0,119587214.0,1465657368.0000002,0.006979877578045238
2017-12-13,16.46,16.55,16.39,16.46,9118911.0,105825353.0,1465657368.0000002,0.006221720846287178
2017-12-14,16.46,16.53,16.41,16.45,7826308.0,90758269.0,1465657368.0000002,0.005339793713642354
2017-12-15,16.41,16.45,16.25,16.27,7231712.0,83276077.0,1465657368.0000002,0.004934108174182767
2017-12-18,16.29,16.39,16.18,16.19,6098760.0,69908284.0,1465657368.0000002,0.004161108955718769
2017-12-19,16.19,16.46,16.17,16.25,18293504.0,209847275.0,1465657368.0000002,0.012481432836490879
2017-12-20,16.25,16.28,15.92,15.94,12810305.0,145327633.0,1465657368.0000002,0.00874031358193943
2017-12-21,15.92,16.0,15.83,15.91,12773500.0,143165586.0,1465657368.0000002,0.008715201983005348
2017-12-22,15.9,15.9,15.73,15.74,9472680.0,105598881.0,1465657368.0000002,0.006463093084931702
2017-12-25,15.68,15.91,15.65,15.88,13517958.0,150603962.0,1465657368.0000002,0.0092231365223144
2017-12-26,15.84,16.86,15.78,16.49,33535200.0,389423288.0,1465657368.0000002,0.02288065460057783
2017-12-27,16.42,16.86,16.28,16.56,31020089.0,363556637.0,1465657368.0000002,0.0211646252918779
2017-12-28,16.48,16.85,16.35,16.61,24167132.0,283139382.0,1465657368.0000002,0.016488936996903902
2017-12-29,16.56,16.66,16.34,16.36,15695651.0,182125662.0,1465657368.0000002,0.010708949678612741
2018-01-02,16.49,16.73,16.38,16.52,18414408.0,215148275.0,1465657368.0000002,0.012563924149017068
2018-01-03,16.55,16.71,16.42,16.63,24475073.0,285242672.0,1465657368.0000002,0.016699041354664
2018-01-04,16.61,17.05,16.51,16.95,39266517.0,465346115.0,1465657368.0000002,0.026791061715591903
2018-01-05,16.82,16.93,16.71,16.86,21409667.0,253807621.0,1465657368.0000002,0.014607552534065382
2018-01-08,16.83,16.92,16.72,16.86,17478879.0,207338509.0,1465657368.0000002,0.011925624215877444
2018-01-09,16.78,17.0,16.76,16.82,12060003.0,143215627.0,1465657368.0000002,0.008228391753290048
2018-01-10,16.75,16.96,16.63,16.8,24001560.0,284108790.0,1465657368.0000002,0.01637596925722956
2018-01-11,16.72,16.83,16.59,16.65,14953060.0,175598358.0,1465657368.0000002,0.010202288970446467
2018-01-12,16.65,16.75,16.55,16.56,9352860.0,109615968.0,1465657368.0000002,0.006381341372276306
2018-01-15,16.55,16.8,16.44,16.59,20190624.0,236603550.0,1465657368.0000002,0.013775814484903538
2018-01-16,16.55,16.99,16.49,16.97,26901629.0,318007219.0,1465657368.0000002,0.018354650675764212
2018-01-17,17.24,17.81,17.2,17.37,55081584.0,676766622.0,1465657368.0000002,0.03758148746262775
2018-01-18,17.23,17.73,17.23,17.66,43069280.0,531353175.0,1465657368.0000002,0.02938564015051572
2018-01-19,17.78,18.96,17.77,18.31,95977726.0,1237416026.0,1465657368.0000002,0.0654844222773354
2018-01-22,18.14,18.25,17.67,17.88,48048597.0,608462782.0,1465657368.0000002,0.03278296691235955
2018-01-23,17.76,18.59,17.63,18.35,53747939.0,691107380.0,1465657368.0000002,0.036671557878048336
2018-01-24,18.31,18.85,18.2,18.35,45036347.0,586123760.0,1465657368.0000002,0.030727745776937952
2018-01-25,18.25,18.25,17.78,17.93,37203014.0,470870742.0,1465657368.0000002,0.02538315899217722
2018-01-26,17.91,18.24,17.84,18.08,26845366.0,341448122.0,1465657368.0000002,0.01831626312269185
2018-01-29,18.04,18.52,17.98,18.14,42088664.0,541319912.0,1465657368.0000002,0.0287165779116801
2018-01-30,18.1,18.1,17.64,17.77,26471366.0,332516732.0,1465657368.0000002,0.0180610875215141
2018-01-31,17.61,17.88,17.47,17.77,22866095.0,285256313.0,1465657368.0000002,0.015601255449766208
2018-02-01,17.74,17.88,17.1,17.24,32122511.0,395014335.0,1465657368.0000002,0.021916794266748432
2018-02-02,17.17,17.56,16.93,17.51,19907598.0,242512884.0,1465657368.0000002,0.01358270932528072
2018-02-05,17.33,18.45,17.26,18.38,50363397.0,641241588.0,1465657368.0000002,0.03436232648884687
2018-02-06,18.15,18.73,17.66,17.7,49512812.0,634911585.0,1465657368.0000002,0.03378198280240897
2018-02-07,18.04,18.49,17.76,17.88,49493884.0,630552645.0,1465657368.0000002,0.03376906846075364
2018-02-08,17.78,17.78,17.1,17.32,32750684.0,401724107.0,1465657368.0000002,0.02234538898043461
2018-02-09,16.88,16.97,15.94,16.14,36894010.0,425639822.0,1465657368.0000002,0.025172329362588102
2018-02-12,16.18,16.45,16.11,16.25,16157554.0,184839889.0,1465657368.0000002,0.011024100415807413
2018-02-13,16.36,16.86,16.36,16.53,20440937.0,239234108.0,1465657368.0000002,0.013946599966875748
2018-02-14,16.59,16.65,16.38,16.62,11053673.0,128809838.0,1465657368.0000002,0.007541785168441904
2018-02-22,16.82,16.89,16.69,16.8,15375375.0,181766217.0,1465699368.0,0.010490128696023289
2018-02-23,16.75,16.89,16.62,16.86,13921051.0,164518712.0,1465699368.0,0.009497889747333234
2018-02-26,16.89,17.2,16.76,17.09,20675850.0,247612344.0,1465699368.0,0.014106473981914142
2018-02-27,17.02,17.1,16.69,16.75,16171401.0,192368355.0,1465699368.0,0.011033231884425565
2018-02-28,16.63,16.72,16.48,16.68,13952822.0,163208298.0,1465699368.0,0.00951956608880792
2018-03-01,16.56,16.78,16.51,16.73,11170924.0,131285589.0,1465699368.0,0.007621565679763601
2018-03-02,16.59,16.79,16.48,16.59,13403183.0,156836179.0,1465699368.0,0.009144564903708139
2018-03-05,16.58,16.68,16.45,16.52,8826297.0,102731702.0,1465699368.0,0.0060219013480532525
2018-03-06,16.59,16.69,16.41,16.68,15695592.0,183119996.0,1465699368.0,0.010708602557028598
2018-03-07,16.83,16.95,16.61,16.65,19678745.0,233268513.0,1465699368.0,0.013426180995665135
2018-03-08,16.65,16.69,16.55,16.63,10414235.0,121864799.0,1465699368.0,0.00710530087367821
2018-03-09,16.63,16.85,16.58,16.8,14219532.0,167381839.0,1465699368.0,0.009701533827774701
2018-03-12,16.86,16.96,16.75,16.9,17262992.0,205168586.0,1465699368.0,0.01177798965933647
2018-03-13,16.89,17.07,16.76,16.78,17062903.0,203440751.0,1465699368.0,0.011641475306960766
2018-03-14,16.69,16.73,16.52,16.56,13087225.0,153199008.0,1465699368.0,0.008928996822764544
2018-03-15,16.46,16.61,16.42,16.46,10230557.0,118816575.0,1465699368.0,0.006979983223954014
2018-03-16,16.51,16.58,16.41,16.42,7391072.0,85932206.0,1465729608.0,0.005042589001176812
2018-03-19,16.42,16.48,16.34,16.42,6976940.0,80637403.0,1465729608.0,0.004760045755997309
2018-03-20,16.36,16.49,16.29,16.45,7467015.0,86251059.0,1465729608.0,0.005094401422503024
2018-03-21,16.49,16.65,16.38,16.44,9077783.0,105820235.0,1465729608.0,0.006193354456683664
2018-03-22,16.45,16.48,16.25,16.34,8734888.0,100596466.0,1465729608.0,0.005959412945146701
2018-03-23,16.02,16.12,15.53,15.71,22551935.0,252254971.0,1465729608.0,0.015386149585101374
2018-03-26,15.6,15.7,15.36,15.68,10629469.0,116366378.0,1465729608.0,0.0072519985555207535
2018-03-27,15.83,15.88,15.71,15.81,9800665.0,108987450.0,1465729608.0,0.0066865436479604775
2018-03-28,15.64,16.21,15.64,15.94,12871798.0,144966408.0,1465729608.0,0.008781836656464675
2018-03-29,15.88,16.15,15.81,16.08,11374786.0,128214206.0,1465729608.0,0.00776049411700224
2018-03-30,16.07,16.15,15.95,16.02,8545836.0,96459748.0,1465729608.0,0.005830431447489734
2018-04-02,16.04,16.11,15.94,16.01,9241034.0,104340034.0,1465729608.0,0.006304733116914699
2018-04-03,15.84,15.92,15.71,15.73,9338767.0,103889352.0,1465729608.0,0.006371411854566289
2018-04-04,15.8,15.94,15.75,15.78,8375075.0,93443615.0,1465729608.0,0.005713929059144721
2018-04-09,15.74,15.85,15.67,15.84,6495466.0,72129535.0,1465729608.0,0.004431558156802956
2018-04-10,15.85,16.18,15.81,16.17,13710823.0,155035024.0,1465729608.0,0.009354264882940128
2018-04-11,16.24,16.38,16.11,16.25,17129777.0,196165476.0,1465729608.0,0.011686860186561777
2018-04-12,16.19,16.32,16.11,16.24,10970762.0,125249111.0,1465729608.0,0.0074848470960272775
2018-04-13,16.34,16.34,16.05,16.07,7758628.0,88432909.0,1465729608.0,0.005293355580492579
2018-04-16,15.98,16.02,15.75,15.75,9536401.0,106508252.0,1465729608.0,0.006506248456707166
2018-04-17,15.77,15.91,15.71,15.74,6724824.0,74866469.0,1465729608.0,0.004588038587264452
2018-04-18,15.98,16.0,15.68,15.83,8036797.0,89621753.0,1465729608.0,0.005483137514678629
2018-04-19,15.78,16.0,15.77,15.91,7798078.0,87145542.0,1465729608.0,0.005320270503807684
2018-04-20,15.88,15.9,15.6,15.63,7897038.0,87363899.0,1465729608.0,0.005387786367211053
2018-04-23,15.64,15.78,15.61,15.74,4798337.0,53082875.0,1474129608.0,0.003255030611935175
2018-04-24,15.75,16.02,15.74,15.91,11177216.0,125441055.0,1474129608.0,0.007582247815485163
2018-04-25,15.84,15.91,15.75,15.75,7091698.0,79048168.0,1474129608.0,0.004810769664698303
2018-04-26,15.8,15.84,15.63,15.67,5916660.0,65497836.0,1474129608.0,0.004013663363038564
2018-04-27,15.94,16.21,15.87,16.18,23028080.0,260296249.0,1474129608.0,0.015621475801739679
2018-05-02,16.39,16.41,16.19,16.32,20620146.0,236944069.0,1474129608.0,0.01398801427506502
2018-05-03,16.27,16.39,16.15,16.32,10079613.0,115545567.0,1474129608.0,0.006837670816255663
2018-05-04,16.25,16.31,16.04,16.14,8630272.0,98568860.0,1474129608.0,0.00585448657510446
2018-05-07,16.15,16.41,16.15,16.35,10094989.0,116038358.0,1474129608.0,0.006848101378070957
2018-05-08,16.31,16.52,16.28,16.42,10932209.0,126515071.0,1474129608.0,0.007416043298141258
2018-05-09,16.44,16.58,16.36,16.52,10010219.0,116211398.0,1474129608.0,0.0067905962580733946
2018-05-10,16.49,16.58,16.31,16.44,9101951.0,105362504.0,1474129608.0,0.006174457761789966
2018-05-11,16.48,16.56,16.36,16.41,7713888.0,89492004.0,1474129608.0,0.005232842457092823
2018-05-14,16.34,16.72,16.34,16.59,13445685.0,156870971.0,1474129608.0,0.009121100971740336
2018-05-15,16.66,16.8,16.55,16.68,12092344.0,141938007.0,1474129608.0,0.008203039905294406
2018-05-16,16.63,16.66,16.46,16.46,8129436.0,94865253.0,1474129608.0,0.0055147362592014365
2018-05-17,16.49,16.68,16.44,16.63,8007602.0,93282580.0,1474129608.0,0.005432088166836413
2018-05-18,16.59,16.83,16.55,16.82,11683251.0,137761083.0,1474185048.0,0.007925226901365235
2018-05-21,16.93,16.96,16.78,16.88,11444835.0,136093759.0,1474185048.0,0.007763499579328253
2018-05-22,16.86,16.88,16.73,16.85,8363164.0,98972904.0,1474185048.0,0.005673076125243674
2018-05-23,16.82,16.86,16.56,16.58,8978556.0,105754311.0,1474185048.0,0.0060905216832724245
2018-05-24,16.59,16.78,16.56,16.73,7940616.0,93413165.0,1474185048.0,0.00538644453813508
2018-05-25,16.71,16.78,16.45,16.56,7744925.0,90532495.0,1474185048.0,0.005253699330696237
2018-05-28,16.53,16.58,16.38,16.39,7100047.0,82444985.0,1474185048.0,0.004816252213134643
2018-05-29,16.41,16.68,16.29,16.65,10385343.0,120621023.0,1474185048.0,0.007044802831292859
2018-05-30,16.48,16.53,16.21,16.28,13194146.0,152424515.0,1474185048.0,0.0089501287629394
2018-05-31,16.34,16.65,16.31,16.63,12146673.0,141173637.0,1474185048.0,0.00823958499408142
2018-06-01,16.53,16.79,16.46,16.72,12129616.0,142401886.0,1474185048.0,0.008228014533491592
2018-06-04,16.73,16.88,16.66,16.76,11517528.0,136167514.0,1474185048.0,0.007812810213769039
2018-06-05,16.76,16.76,16.58,16.69,9458236.0,111072064.0,1474185048.0,0.006415908242205968
2018-06-06,16.62,16.66,16.52,16.63,6746289.0,78841988.0,1474185048.0,0.004576283695966505
2018-06-07,16.65,16.83,16.61,16.79,11387464.0,134386885.0,1486785048.0,0.007659119262275497
2018-06-08,16.76,16.79,16.53,16.56,15177482.0,178279427.0,1486785048.0,0.010208255739736227
2018-06-11,16.53,16.85,16.46,16.82,13442892.0,158664463.0,1486785048.0,0.009041584066293355
2018-06-12,16.82,16.92,16.69,16.83,10948569.0,129600190.0,1486785048.0,0.00736392191643832
2018-06-13,16.79,16.9,16.51,16.56,10344347.0,121766453.0,1486785048.0,0.0069575269228830715
2018-06-14,16.51,16.59,16.29,16.36,10960016.0,126699003.0,1486785048.0,0.00737162107914876
2018-06-15,16.34,16.48,16.32,16.39,12383191.0,142858908.0,1486785048.0,0.008328837458150171
2018-06-19,16.18,16.51,15.44,15.71,15985667.0,180002674.0,1486785048.0,0.010751834652563711
2018-06-20,15.65,15.91,15.46,15.63,14001475.0,154470415.0,1486785048.0,0.009417282625242005
2018-06-21,15.63,15.85,15.51,15.61,13179963.0,145570767.0,1486785048.0,0.008864740076401414
2018-06-22,15.51,15.67,15.34,15.67,14492487.0,158461538.0,1486785048.0,0.009747533457842522
2018-06-25,15.77,15.81,15.46,15.47,11142990.0,122672567.0,1486785048.0,0.007494687961107341
2018-06-26,15.46,15.54,15.26,15.36,13393388.0,145168785.0,1486785048.0,0.009008288062902284
2018-06-27,15.39,15.54,15.3,15.4,9628314.0,104530159.0,1486785048.0,0.006475928724836087
2018-06-28,15.31,15.5,15.29,15.43,8022717.0,87004077.0,1486785048.0,0.005396016734760706
2018-06-29,15.44,15.81,15.41,15.74,11230399.0,123456731.0,1486785048.0,0.007553478571167336
2018-07-02,15.75,15.91,15.39,15.5,11080905.0,122427024.0,1486785048.0,0.007452930075471138
2018-07-03,15.51,15.68,15.4,15.68,9846768.0,108044822.0,1486785048.0,0.0066228591774215905
2018-07-04,15.56,15.69,15.4,15.42,9032558.0,68769796.0,1486785048.0,0.006075227896695932
2018-07-05,15.32,15.38,14.91,14.93,15838117.0,117230495.0,2081499067.0,0.0076089954836381386
2018-07-06,15.11,15.28,14.87,15.18,12410634.0,91882335.0,2081499067.0,0.0059623538615787425
2018-07-09,15.16,15.54,15.16,15.48,10844363.0,81850213.0,2081499067.0,0.005209881268709692
2018-07-10,15.52,15.54,15.42,15.52,10399044.0,78844943.0,2081499067.0,0.004995939784391938
2018-07-11,15.38,15.48,15.11,15.44,10201263.0,76335382.0,2081499067.0,0.004900921245524633
2018-07-12,15.36,15.77,15.34,15.69,16378904.0,125733987.0,2081499067.0,0.007868801989715233
2018-07-13,15.73,15.75,15.56,15.62,7613048.0,58284285.0,2081499067.0,0.003657483263238955
2018-07-16,15.6,15.67,15.4,15.5,6737902.0,51090354.0,2081499067.0,0.0032370430075239617
2018-07-17,15.69,15.79,15.62,15.75,14828485.0,114166478.0,2081499067.0,0.007123945062042154
2018-07-18,15.77,15.83,15.62,15.69,11373991.0,87670025.0,2081499067.0,0.005464326734670595
2018-07-19,15.69,15.77,15.6,15.71,8257871.0,63443056.0,2081499067.0,0.003967271055231273
2018-07-20,15.73,16.52,15.58,16.34,34022166.0,270158203.0,2081499067.0,0.016345030626910197
2018-07-23,16.26,16.52,16.14,16.4,31916343.0,255924695.0,2081499067.0,0.015333344850353469
2018-07-24,16.56,17.01,16.56,16.77,44701016.0,367318540.0,2081499067.0,0.02147539564570941
2018-07-25,16.71,16.79,16.52,16.63,18483427.0,150674117.0,2081499067.0,0.008879863216388364
2018-07-26,16.73,16.77,16.54,16.63,12623406.0,102783521.0,2081499067.0,0.006064574421449885
2018-07-27,16.58,16.63,16.4,16.5,10829276.0,87511796.0,2081499067.0,0.005202633127099066
2018-07-30,16.52,16.73,16.48,16.58,12567167.0,102093243.0,2081499067.0,0.006037555913062535
2018-07-31,16.58,16.83,16.44,16.61,13491117.0,109662421.0,2081499067.0,0.0064814427322536965
2018-08-01,16.58,16.67,16.16,16.22,12419262.0,100224499.0,2081499067.0,0.005966498951113871
2018-08-02,16.22,16.28,15.65,16.03,14370249.0,112506432.0,2081499067.0,0.006903797953996393
2018-08-03,15.99,16.14,15.85,15.93,8453498.0,66228305.0,2081499067.0,0.004061254762983759
2018-08-06,15.91,16.16,15.89,15.99,13416275.0,105324842.0,2081499067.0,0.0064454869150320886
2018-08-07,15.97,16.32,15.81,16.28,13223785.0,104332663.0,2081499067.0,0.006353010294191018
2018-08-08,16.3,16.32,16.03,16.12,8400552.0,66580018.0,2081499067.0,0.004035818287493857
2018-08-09,16.05,16.46,15.99,16.4,13040962.0,104251092.0,2081499067.0,0.006265177922368965
2018-08-10,16.38,16.46,16.28,16.44,8490269.0,68098718.0,2081499067.0,0.004078920396652765
2018-08-13,16.32,16.36,16.07,16.28,9133851.0,72512263.0,2081499067.0,0.004388111983717743
2018-08-14,16.24,16.28,16.09,16.14,7422410.0,58719697.0,2081499067.0,0.0035658963857705156
2018-08-15,16.12,16.14,15.83,15.91,10544810.0,82416579.0,2081499067.0,0.005065969121570594
2018-08-16,15.83,15.97,15.71,15.87,7298271.0,56658798.0,2081499067.0,0.0035062571565399603
2018-08-17,15.93,16.01,15.67,15.75,7455410.0,57671449.0,2081499067.0,0.003581750344354106
2018-08-20,15.77,15.87,15.65,15.79,7078170.0,54532938.0,2081499067.0,0.003400515576594299
2018-08-21,15.77,16.01,15.75,15.85,9078086.0,70553543.0,2081499067.0,0.004361321195826412
2018-08-22,15.83,15.87,15.67,15.75,5037067.0,38804868.0,2081499067.0,0.002419922775780903
2018-08-23,15.71,15.83,15.62,15.75,7002387.0,54062814.0,2081499067.0,0.0033641076813415646
2018-08-24,15.73,16.32,15.69,16.07,17784934.0,139797951.0,2081499067.0,0.00854429112266328
2018-08-27,16.07,16.32,16.01,16.32,15630011.0,123761375.0,2081499067.0,0.007509016577426119
2018-08-28,16.3,16.36,16.14,16.22,9661771.0,76862958.0,2081499067.0,0.004641736887216198
2018-08-29,16.18,16.3,16.14,16.24,5932257.0,47103190.0,2081499067.0,0.0028499926298549715
2018-08-30,16.18,16.3,16.14,16.22,8398771.0,66661736.0,2081499067.0,0.00403496265415333
2018-08-31,16.2,16.42,16.07,16.38,13233995.0,105312419.0,2081499067.0,0.0063579154128921836
2018-09-03,16.3,16.3,15.91,16.09,15796031.0,124250728.0,2081499067.0,0.0075887764017912
2018-09-04,16.07,16.28,15.95,16.14,10664945.0,84158558.0,2081499067.0,0.0051236847371596735
2018-09-05,16.05,16.14,15.83,15.89,10392345.0,81439280.0,2081499067.0,0.004992721430799469
2018-09-06,15.83,15.99,15.77,15.87,7951542.0,61707168.0,2081499067.0,0.0038201035619296773
2018-09-07,15.83,16.03,15.81,15.89,8289455.0,64579714.0,2081499067.0,0.003982444734864731
2018-09-10,15.89,15.93,15.71,15.75,6114355.0,47276741.0,2081648301.0,0.002937266106413237
2018-09-11,15.77,15.89,15.69,15.85,6511608.0,50334144.0,2081648301.0,0.0031281018973627283
2018-09-12,15.81,15.95,15.77,15.89,4333229.0,33701403.0,2081648301.0,0.0020816335775444713
2018-09-13,15.99,16.05,15.89,16.01,7628151.0,59563172.0,2081648301.0,0.003664476365356974
2018-09-14,15.97,15.99,15.32,15.62,26473731.0,201528105.0,2081648301.0,0.01271767713464485
2018-09-17,15.5,15.5,15.34,15.34,8567520.0,64779797.0,2081648301.0,0.004115738473153348
2018-09-18,15.32,15.46,15.05,15.46,21774974.0,162272503.0,2081648301.0,0.010460448092763582
2018-09-19,15.36,15.54,15.26,15.48,21894326.0,165136478.0,2081648301.0,0.010517783426471328
2018-09-20,15.46,15.5,15.36,15.4,13461071.0,101704703.0,2081648301.0,0.006466544321407922
2018-09-21,15.44,15.93,15.38,15.85,26356982.0,201915593.0,2081648301.0,0.01266159225232159
2018-09-25,15.71,15.77,15.65,15.69,12111327.0,93027427.0,2081648301.0,0.005818142764165233
2018-09-26,15.69,15.97,15.69,15.77,20113477.0,155932064.0,2081648301.0,0.009662283965229725
2018-09-27,15.77,15.83,15.62,15.67,13820950.0,106345248.0,2081648301.0,0.006639426070849996
2018-09-28,15.75,16.03,15.71,15.97,21132550.0,164452486.0,2081648301.0,0.01015183496167348
2018-10-08,15.71,15.89,15.5,15.56,18097828.0,139350553.0,2081648301.0,0.008693989273455084
2018-10-09,15.56,15.75,15.56,15.73,8860386.0,67938763.0,2081648301.0,0.0042564279449816625
2018-10-10,15.77,15.85,15.65,15.83,8878456.0,68500936.0,2081648301.0,0.004265108566002668
2018-10-11,15.54,15.65,15.03,15.42,19801904.0,149184046.0,2081648301.0,0.009512607864876786
2018-10-12,15.3,15.62,15.11,15.54,14789625.0,111748110.0,2081648301.0,0.007104766445366988
2018-10-15,15.6,15.71,15.3,15.54,10933307.0,82798334.0,2081648301.0,0.005252235449546287
2018-10-16,15.48,15.71,15.44,15.54,12090863.0,92182090.0,2081648301.0,0.005808312092965794
2018-10-17,15.62,15.65,15.28,15.52,9510086.0,72061502.0,2081648301.0,0.0045685363831303605
2018-10-18,15.46,15.46,15.18,15.2,6865386.0,51506337.0,2081648301.0,0.0032980527962874167
2018-10-19,15.09,15.5,15.03,15.48,9723423.0,72915520.0,2081648301.0,0.0046710210343067935
2018-10-22,15.5,16.24,15.48,16.05,26305422.0,205639343.0,2081648301.0,0.01263682341890471
2018-10-23,16.01,16.12,15.71,15.77,14014454.0,108915088.0,2081648301.0,0.0067323831759993355
2018-10-24,15.75,16.95,15.71,16.32,44688944.0,358777618.0,2081648301.0,0.021468056817538266
2018-10-25,15.93,16.46,15.85,16.34,34922497.0,277170989.0,2081648301.0,0.016776367546440785
2018-10-26,16.36,16.38,16.09,16.24,18159676.0,144346390.0,2081648301.0,0.008723700344230242
2018-10-29,16.34,16.34,15.93,16.14,18051790.0,142517260.0,2081648301.0,0.008671873145587622
2018-10-30,16.03,16.54,15.99,16.42,46386123.0,372089804.0,2081648301.0,0.022283362169160197
2018-10-31,16.44,16.44,16.14,16.3,24983583.0,199589555.0,2081648301.0,0.012001827104030097
2018-11-01,16.26,16.46,16.2,16.22,24052203.0,192306989.0,2081648301.0,0.01155440282032541
2018-11-02,16.38,16.61,16.26,16.52,38516733.0,309944630.0,2081648301.0,0.01850299735142435
2018-11-05,16.4,16.46,16.18,16.28,24097130.0,192544378.0,2081648301.0,0.011575985236518586
2018-11-06,16.3,16.3,16.07,16.2,13306388.0,105301004.0,2081648301.0,0.006392236379991646
2018-11-07,16.2,16.28,16.09,16.14,13997245.0,110875128.0,2081648301.0,0.006724116169516188
2018-11-08,16.26,16.32,16.12,16.16,12575557.0,99889716.0,2081648301.0,0.006041153538740836
2018-11-09,16.12,16.14,15.77,15.79,21589670.0,167903282.0,2081648301.0,0.010371430173689076
2018-11-12,15.81,15.89,15.75,15.89,14897170.0,115373177.0,2081648301.0,0.007156429831515521
2018-11-13,15.75,16.05,15.71,16.03,22619578.0,175918580.0,2081648301.0,0.010866186180025614
2018-11-14,15.99,16.14,15.89,15.95,15146898.0,118844501.0,2081648301.0,0.007276396302258938
2018-11-15,15.97,16.14,15.93,16.09,15424641.0,121213641.0,2081648301.0,0.0074098208581104595
2018-11-16,16.05,16.42,16.01,16.26,24293650.0,192997105.0,2081648301.0,0.011670391193521791
2018-11-19,16.3,16.5,16.24,16.42,35382737.0,284078056.0,2081648301.0,0.016997461570719002
2018-11-20,16.34,16.38,16.14,16.16,21847044.0,173790343.0,2081648301.0,0.010495069695253002
2018-11-21,16.07,16.32,16.07,16.26,16220978.0,128762582.0,2081648301.0,0.00779237203143664
2018-11-22,16.26,16.26,16.14,16.16,12008019.0,95185795.0,2081648301.0,0.005768514784284879
2018-11-23,16.2,16.24,15.79,15.85,16316466.0,127790087.0,2081648301.0,0.00783824337288953
2018-11-26,15.87,16.07,15.83,15.91,9628467.0,75141200.0,2081648301.0,0.004625405259560222
2018-11-27,16.01,16.05,15.75,15.79,9765098.0,76088140.0,2081648301.0,0.004691041226949316
2018-11-28,15.81,15.97,15.79,15.89,8428260.0,65485007.0,2081648301.0,0.004048839564277578
2018-11-29,15.99,15.99,15.73,15.77,9883724.0,76741857.0,2081648301.0,0.004748027798572877
2018-11-30,15.73,15.85,15.69,15.77,8255759.0,63707427.0,2081648301.0,0.0039659720597538155
2018-12-03,16.03,16.09,15.87,15.97,15730255.0,123249858.0,2081648301.0,0.007556634323119504
2018-12-04,15.99,16.05,15.93,16.05,9431680.0,73939981.0,2081648301.0,0.004530871038815313
2018-12-05,15.91,15.95,15.85,15.89,7922590.0,61686207.0,2081648301.0,0.0038059214883676934
2018-12-06,15.87,15.87,15.73,15.75,8477358.0,65468526.0,2081648301.0,0.004072425681094916
2018-12-07,15.79,15.81,15.73,15.75,4159598.0,32103267.0,2081648301.0,0.0019982232339640547
2018-12-10,15.71,15.77,15.52,15.54,8484664.0,64797724.0,2081648301.0,0.004075935399809883
2018-12-11,15.58,15.65,15.54,15.58,6711403.0,51231240.0,2081648301.0,0.003224081126853138
2018-12-12,15.62,15.67,15.52,15.58,6517219.0,49764882.0,2081648301.0,0.003130797357492715
2018-12-13,15.58,15.81,15.5,15.73,10928140.0,83899456.0,2081648301.0,0.005249753281930596
2018-12-14,15.69,15.69,15.48,15.52,7711724.0,58809566.0,2081648301.0,0.0037046238772877127
2018-12-17,15.48,15.62,15.46,15.6,6315636.0,48134609.0,2081648301.0,0.0030339591932825737
2018-12-18,15.56,15.65,15.5,15.62,5202287.0,39700116.0,2081648301.0,0.0024991190863033305
2018-12-19,15.62,15.65,15.48,15.52,5441844.0,41422565.0,2081648301.0,0.0026141995251483165
2018-12-20,15.52,15.52,15.13,15.24,16468061.0,123045569.0,2081648301.0,0.00791106787447665
2018-12-21,15.22,15.24,15.05,15.2,9804380.0,72571635.0,2081648301.0,0.004709911849801952
2018-12-24,15.11,15.22,15.07,15.2,5306470.0,39350604.0,2081648301.0,0.0025491674061611813
2018-12-25,15.11,15.13,14.95,15.11,9515171.0,70031812.0,2081648301.0,0.004570979158885303
2018-12-26,15.11,15.16,15.03,15.09,3790131.0,27989242.0,2081648301.0,0.0018207355191457004
2018-12-27,15.24,15.26,14.99,15.05,9711358.0,71840091.0,2081648301.0,0.004665225146502786
2018-12-28,15.03,15.2,15.01,15.11,7212951.0,53390206.0,2081648301.0,0.0034650190411776
2019-01-02,15.13,15.13,14.91,15.03,8492301.0,62401127.0,2081648301.0,0.004079604127133481
2019-01-03,15.07,15.2,15.01,15.13,8708732.0,64478379.0,2081648301.0,0.004183575100470346
2019-01-04,15.03,15.52,14.99,15.46,20598829.0,154426038.0,2081648301.0,0.009895441506667844
2019-01-07,15.5,15.5,15.32,15.4,13986101.0,105289187.0,2081648301.0,0.00671876271956278
2019-01-08,15.34,15.38,15.26,15.3,8894741.0,66629564.0,2081648301.0,0.004272931693469578
2019-01-09,15.3,15.48,15.3,15.34,14799348.0,111740560.0,2081648301.0,0.00710943726319694
2019-01-10,15.32,15.44,15.28,15.38,9410885.0,70760481.0,2081648301.0,0.004520881359007244
2019-01-11,15.36,15.42,15.32,15.38,5879867.0,44228146.0,2081648301.0,0.002824620757106462
2019-01-14,15.42,15.42,15.24,15.3,6140184.0,46006978.0,2081648301.0,0.002949674062160417
2019-01-15,15.3,15.44,15.28,15.42,8503434.0,64011879.0,2081648301.0,0.004084952292812887
2019-01-16,15.4,15.48,15.38,15.4,5118125.0,38652987.0,2081648301.0,0.0024586886255191674
2019-01-17,15.42,15.52,15.36,15.42,8752579.0,66205378.0,2081648301.0,0.004204638697034154
2019-01-18,15.44,15.58,15.42,15.54,9370331.0,71165615.0,2081648301.0,0.004501399681924464
2019-01-21,15.56,15.65,15.46,15.54,9658718.0,73520672.0,2081648301.0,0.004639937493456537
2019-01-22,15.54,15.54,15.42,15.44,6110760.0,46318158.0,2081690637.0,0.002935479408605324
2019-01-23,15.4,15.5,15.38,15.42,4398557.0,33240879.0,2081690637.0,0.0021129734273767596
2019-01-24,15.42,15.48,15.36,15.46,6893065.0,52084036.0,2081690637.0,0.003311282126884063
2019-01-25,15.46,15.62,15.46,15.58,11000083.0,83900469.0,2081690637.0,0.00528420640631435
2019-01-28,15.65,15.73,15.44,15.48,9746592.0,74418651.0,2081690637.0,0.004682055934135424
2019-01-29,15.48,15.62,15.36,15.6,15421129.0,117235747.0,2081690637.0,0.007407983071982275
2019-01-30,15.67,15.81,15.6,15.69,19214923.0,147708886.0,2081690637.0,0.009230441189710746
2019-01-31,15.69,15.91,15.62,15.89,24697727.0,191091321.0,2081690637.0,0.011864263863718381
2019-02-01,15.89,15.95,15.79,15.93,16385636.0,127227557.0,2081690637.0,0.007871311763987148
2019-02-11,15.93,16.18,15.85,16.16,21119713.0,166037269.0,2081690637.0,0.010145461878253142
2019-02-12,16.18,16.24,16.07,16.24,20183797.0,159613486.0,2081690637.0,0.009695867695829963
2019-02-13,16.2,16.3,16.07,16.26,35793965.0,283745882.0,2081690637.0,0.017194661091229187
2019-02-14,16.22,16.32,16.14,16.32,33261791.0,264339179.0,2081690637.0,0.015978258444748917
2019-02-15,16.26,16.28,16.01,16.03,19105497.0,151044330.0,2081690637.0,0.009177875261779352
2019-02-18,16.05,16.3,16.03,16.28,27795612.0,220005568.0,2081690637.0,0.013352422067890581
2019-02-19,16.26,16.48,16.18,16.28,30362068.0,242195112.0,2081690637.0,0.01458529305956618
2019-02-20,16.24,16.32,16.14,16.2,16060263.0,127508073.0,2081690637.0,0.007715009480536949
2019-02-21,16.22,16.24,16.07,16.09,17129516.0,135462447.0,2081690637.0,0.008228655927802014
2019-02-22,16.05,16.5,15.97,16.5,32611141.0,259628404.0,2081690637.0,0.015665699994211003
2019-02-25,16.87,18.16,16.73,18.14,123073012.0,1050859193.0,2081690637.0,0.059121662850616936
2019-02-26,18.2,18.2,17.54,17.61,82833372.0,725906137.0,2081690637.0,0.039791393844848234
2019-02-27,17.57,19.06,17.46,18.42,117216725.0,1049634149.0,2081690637.0,0.05630842687025065
2019-02-28,18.2,18.59,17.91,17.99,53082624.0,472573434.0,2081690637.0,0.025499765938563904
2019-03-01,18.16,18.34,17.77,18.3,47046083.0,416307563.0,2081690637.0,0.02259993976232694
2019-03-04,18.55,19.28,18.18,18.38,104049713.0,948980253.0,2081690637.0,0.04998327376345883
2019-03-05,18.14,18.36,18.01,18.24,51034682.0,454145600.0,2081690637.0,0.024515978067494185
2019-03-06,18.18,18.55,18.12,18.44,56041715.0,502808386.0,2081690637.0,0.026921250450914144
2019-03-07,18.53,19.1,18.28,18.77,91202669.0,836324875.0,2081690637.0,0.04381182649283348
2019-03-08,18.3,18.3,17.34,17.34,81486917.0,714003092.0,2081690637.0,0.03914458544014674
2019-03-11,17.34,17.73,17.22,17.67,37900868.0,324255817.0,2081690637.0,0.018206772575304616
2019-03-12,17.77,18.01,17.52,17.69,39738914.0,347067672.0,2081690637.0,0.019089730862828492
2019-03-13,17.67,18.46,17.48,18.2,64160351.0,566003857.0,2081690637.0,0.030821270874554066
2019-03-14,18.06,18.16,17.48,17.61,43923366.0,381789415.0,2081690637.0,0.021099852792391648
2019-03-15,17.71,17.89,17.61,17.73,27608316.0,239882995.0,2081690637.0,0.013262449044680024
2019-03-18,17.79,18.18,17.52,18.01,41183997.0,361377921.0,2081690637.0,0.01978391806543923
2019-03-19,18.08,18.22,17.91,18.1,34585498.0,306231775.0,2081690637.0,0.016614139193056283
2019-03-20,17.97,18.22,17.87,18.08,29276797.0,258704513.0,2081690637.0,0.014063951905068784
2019-03-21,18.12,18.16,17.97,18.01,31084340.0,274988839.0,2081690637.0,0.014932257198791446
2019-03-22,18.03,18.06,17.57,17.83,27161204.0,236966466.0,2081690637.0,0.0130476659294308
2019-03-25,17.57,17.75,17.48,17.5,25343506.0,218365679.0,2081690637.0,0.012174482389238897
2019-03-26,17.57,17.59,17.03,17.05,30962077.0,261949379.0,2081690637.0,0.014873524648513851
2019-03-27,17.2,17.28,17.01,17.14,20931647.0,175669081.0,2081690637.0,0.010055118963385144
2019-03-28,17.07,17.14,16.91,16.99,23495038.0,195807927.0,2081690637.0,0.011286517594112616
2019-03-29,17.05,17.63,17.05,17.59,39224428.0,334328327.0,2081690637.0,0.01884258270793193
2019-04-01,17.75,17.97,17.63,17.87,46571537.0,407499343.0,2081690637.0,0.022371977935739737
2019-04-02,17.91,17.99,17.63,17.71,48315729.0,420468155.0,2081690637.0,0.0232098507536305
2019-04-03,17.57,17.81,17.5,17.81,35612541.0,307834353.0,2081690637.0,0.0171075088521907
2019-04-04,17.83,18.3,17.81,18.08,67464264.0,597125978.0,2081690637.0,0.03240840055716694
2019-04-08,18.2,18.75,18.1,18.28,80283381.0,724323417.0,2081690637.0,0.03856643228971779
2019-04-09,18.28,18.36,18.01,18.18,33377630.0,297011904.0,2081690637.0,0.016033905041770144
2019-04-10,18.06,18.1,17.87,17.95,28345484.0,249282597.0,2081690637.0,0.013616568906151063
2019-04-11,18.06,18.22,17.75,17.77,28264869.0,248698308.0,2081690637.0,0.01357784317113206
2019-04-12,17.71,17.87,17.65,17.77,20520662.0,178270804.0,2081690637.0,0.00985769049217278
2019-04-15,18.06,18.28,17.79,17.79,44708225.0,395846632.0,2081690637.0,0.021476882398064032
2019-04-16,17.75,18.59,17.63,18.48,82616360.0,739399362.0,2081690637.0,0.0396871458859331
2019-04-17,18.5,18.67,18.2,18.32,43963255.0,395678890.0,2081690637.0,0.021119014621383436
2019-04-18,18.46,18.55,18.22,18.32,27262113.0,244918252.0,2081690637.0,0.013096140471327873
2019-04-19,18.34,18.55,18.24,18.4,28369971.0,255071072.0,2081690637.0,0.013628331941236473
2019-04-22,18.46,18.55,17.97,18.01,33797107.0,301321020.0,2081690637.0,0.01623541288954743
2019-04-23,18.01,18.08,17.79,17.85,26215130.0,230241179.0,2081690637.0,0.012593192059402052
2019-04-24,17.89,17.97,17.67,17.85,20426452.0,178471195.0,2081690637.0,0.009812434007695449
2019-04-25,17.85,18.2,17.61,17.71,37841157.0,331823983.0,2081690637.0,0.018178088678216985
2019-04-26,17.63,17.69,17.4,17.44,29975263.0,257225625.0,2081690637.0,0.014399480147155025
2019-04-29,17.5,18.01,17.5,17.79,49241574.0,429032954.0,2081690637.0,0.02365460704140161
2019-04-30,17.79,18.16,17.71,18.14,39344261.0,346678902.0,2081690637.0,0.01890014793778409
2019-05-06,17.77,18.28,17.36,17.67,55462343.0,484207251.0,2081690637.0,0.026642932438764675
2019-05-07,17.77,17.81,17.5,17.65,31023330.0,267999628.0,2081690637.0,0.01490294928967392
2019-05-08,17.46,17.69,17.22,17.44,23096748.0,197409115.0,2081690637.0,0.011095187531460276
2019-05-09,17.28,17.44,16.97,17.07,19690292.0,165631533.0,2081690637.0,0.009458798368030513
2019-05-10,17.16,17.44,16.93,17.38,21971326.0,185766088.0,2081690637.0,0.010554558688731806
2019-05-13,17.22,17.26,17.03,17.1,12638097.0,105925216.0,2081690637.0,0.006071073566537831
2019-05-14,16.93,17.12,16.87,16.99,23224771.0,193014451.0,2081690637.0,0.011156687063487042
2019-05-15,17.01,17.26,16.99,17.2,17831844.0,149606063.0,2081690637.0,0.008566039392720774
2019-05-16,17.14,17.18,17.01,17.12,16950022.0,141777668.0,2081690637.0,0.008142430819801011
2019-05-17,17.16,17.18,16.75,16.81,17491708.0,145132099.0,2081690637.0,0.008402645277401994
2019-05-20,16.77,16.87,16.63,16.73,14547446.0,119026816.0,2081690637.0,0.006988284301919546
2019-05-21,16.69,16.99,16.69,16.87,12540330.0,103517535.0,2081690637.0,0.0060241083747546295
2019-05-22,16.85,16.95,16.77,16.87,10188425.0,84075710.0,2081690637.0,0.004894303129826682
2019-05-23,16.85,16.91,16.67,16.71,10329781.0,84794308.0,2081690637.0,0.004962207552072493
2019-05-24,16.73,16.99,16.73,16.87,11170332.0,92207483.0,2081690637.0,0.005365990412532177
2019-05-27,16.83,17.05,16.61,17.01,17539219.0,144712656.0,2081690637.0,0.008425468553423675
2019-05-28,17.05,17.1,16.79,16.97,20403996.0,169571775.0,2081690637.0,0.009801646621903887
2019-05-29,16.87,16.97,16.77,16.87,11835009.0,97686549.0,2081690637.0,0.005685287136159608
2019-05-30,16.85,16.85,16.65,16.79,8454646.0,69249539.0,2081690637.0,0.004061432496129347
2019-05-31,16.83,16.85,16.69,16.77,7479240.0,61430211.0,2081690637.0,0.003592868155845964
2019-06-03,16.83,16.89,16.65,16.75,12178890.0,99755289.0,2081690637.0,0.005850480269994124
2019-06-04,16.73,16.77,16.63,16.71,8265073.0,67480957.0,2081690637.0,0.00397036565044607
2019-06-05,16.77,16.83,16.56,16.73,8835794.0,72445220.0,2081690637.0,0.0042445279058052465
2019-06-06,16.75,16.75,16.63,16.69,8766959.0,71586421.0,2081690637.0,0.004211461032766321
2019-06-10,16.75,16.81,16.54,16.73,10552283.0,86447909.0,2081690637.0,0.005069092790467309
2019-06-11,16.75,17.05,16.71,16.99,18509351.0,153314214.0,2081690637.0,0.008891499376042973
2019-06-12,16.97,16.99,16.83,16.91,10858822.0,89832005.0,2081690637.0,0.005216347620052249
2019-06-13,16.89,17.03,16.83,16.93,9544546.0,79135489.0,2081690637.0,0.004584997323980374
2019-06-14,16.91,17.01,16.75,16.79,9913668.0,81975457.0,2081690637.0,0.004762315698497326
2019-06-17,16.85,16.97,16.81,16.89,7630876.0,63094197.0,2081690637.0,0.003665710871908005
2019-06-18,16.87,16.93,16.81,16.91,5908758.0,48840931.0,2081690637.0,0.0028384419351164137
2019-06-19,17.14,17.26,16.97,16.97,15879540.0,132629796.0,2081690637.0,0.007628193987020368
2019-06-20,16.97,17.42,16.91,17.3,33884694.0,285739402.0,2081690637.0,0.01627748782539199
2019-06-21,17.26,17.44,17.22,17.3,19645004.0,166355985.0,2081690637.0,0.009437042974027653
2019-06-24,17.28,17.32,17.2,17.22,12603107.0,106312717.0,2081690637.0,0.006054265113169167
2019-06-25,17.24,17.26,16.95,17.07,14715479.0,123008100.0,2081690637.0,0.007069003788769983
2019-06-26,17.01,17.16,16.97,17.1,8561265.0,71622992.0,2081690637.0,0.004112650000836796
2019-06-27,17.05,17.26,17.05,17.12,9743109.0,81857966.0,2081690637.0,0.0046803827748589715
2019-06-28,17.14,17.16,16.95,17.01,8409856.0,70104432.0,2081690637.0,0.004039916330756884
2019-07-01,17.16,17.38,17.16,17.32,19328987.0,163039003.0,2081690637.0,0.009285235114404754
2019-07-02,17.3,17.38,17.2,17.36,18535039.0,156893896.0,2081690637.0,0.008903839346038236
2019-07-03,17.32,17.38,17.26,17.38,20419067.0,173189176.0,2081690637.0,0.009808886410435442
2019-07-04,17.36,17.4,17.21,17.26,20184806.0,165898815.0,2081690637.0,0.009696352398014845
2019-07-05,17.26,17.3,17.15,17.23,8829037.0,72291353.0,2081690637.0,0.004241281986416505
2019-07-08,17.21,17.23,16.98,17.02,15322213.0,124352103.0,2081690637.0,0.007360465924985567
2019-07-09,17.0,17.04,16.86,16.94,12647736.0,101860133.0,2081690637.0,0.00607570393755871
2019-07-10,16.96,16.98,16.73,16.81,12713194.0,101884730.0,2081690637.0,0.00610714857147143
2019-07-11,16.86,16.9,16.75,16.79,8954799.0,71595104.0,2081690637.0,0.004301695382030966
2019-07-12,16.77,16.96,16.75,16.88,9642640.0,77289235.0,2081690637.0,0.004632119599623294
2019-07-15,16.86,17.0,16.71,16.96,10165590.0,81494687.0,2081690637.0,0.004883333680479056
2019-07-16,17.21,17.47,17.21,17.38,35741463.0,294469844.0,2081690637.0,0.017169440244737
2019-07-17,17.34,17.4,17.23,17.3,16049238.0,132002193.0,2081690637.0,0.007709713304532675
2019-07-18,17.26,17.3,17.04,17.15,11935822.0,97645842.0,2081690637.0,0.005733715561694194
2019-07-19,17.19,17.34,17.17,17.17,12226567.0,100194008.0,2081690637.0,0.005873383288892604
2019-07-22,17.26,17.4,17.11,17.26,17064793.0,140284842.0,2081690637.0,0.00819756437228958
2019-07-23,17.26,17.36,17.21,17.34,9890291.0,81290654.0,2081690637.0,0.004751085883853164
2019-07-24,17.4,17.53,17.34,17.36,16350229.0,135506754.0,2081690637.0,0.007854302992668934
2019-07-25,17.42,17.74,17.34,17.59,34976541.0,291953604.0,2081690637.0,0.01680198795071969
2019-07-26,17.55,17.65,17.49,17.63,20175149.0,168796385.0,2081690637.0,0.009691713380176
2019-07-29,17.68,18.03,17.63,17.84,41044762.0,348428205.0,2081690637.0,0.0197170325265771
2019-07-30,17.91,18.16,17.82,18.03,36003663.0,307673124.0,2081690637.0,0.017295395559777407
2019-07-31,17.99,18.03,17.82,17.82,20028202.0,170431881.0,2081690637.0,0.009621123160194143
2019-08-01,17.76,17.93,17.63,17.78,23811193.0,200907268.0,2081690637.0,0.011438391746006589
2019-08-02,17.57,17.68,17.51,17.63,16020373.0,133856238.0,2081690637.0,0.007695847171166385
2019-08-05,17.57,17.63,17.34,17.34,16022875.0,132977580.0,2081690637.0,0.007697049078863681
2019-08-06,17.15,17.23,16.92,17.15,24858848.0,201769791.0,2081690637.0,0.011941662972469813
2019-08-07,17.21,17.26,17.0,17.0,15522450.0,125936087.0,2081690637.0,0.007456655529935018
2019-08-08,17.09,17.28,16.94,17.13,19931671.0,162145275.0,2081690637.0,0.009574751716577953
2019-08-09,17.26,17.28,16.96,17.0,14952904.0,121409276.0,2081690637.0,0.007183057719637522
2019-08-12,16.98,17.19,16.94,17.19,11981879.0,97235710.0,2081690637.0,0.00575584036697572
2019-08-13,17.09,17.15,16.98,17.02,7937404.0,64300785.0,2081690637.0,0.0038129604173264098
2019-08-14,17.19,17.21,16.98,17.0,10706352.0,86866023.0,2081690637.0,0.005143104268091109
2019-08-15,16.75,16.96,16.67,16.92,12738131.0,101842958.0,2081690637.0,0.006119127777005994
2019-08-16,16.96,16.98,16.81,16.9,10769899.0,86571278.0,2081690637.0,0.0051736308981630875
2019-08-19,16.88,17.11,16.69,17.11,27271176.0,218947056.0,2081690637.0,0.013100494144173835
2019-08-20,17.04,17.04,16.94,16.96,12775220.0,103198233.0,2081690637.0,0.0061369445454252675
2019-08-21,16.96,17.09,16.92,16.96,8989166.0,72648404.0,2081690637.0,0.004318204559422246
2019-08-22,16.98,17.0,16.9,16.94,6660889.0,53644649.0,2081690637.0,0.0031997497042112123
2019-08-23,16.96,17.02,16.9,16.98,7915858.0,63872955.0,2081690637.0,0.0038026101762209156
2019-08-26,16.81,16.88,16.73,16.81,11094253.0,88529440.0,2081690637.0,0.005329443675640647
2019-08-27,16.79,17.04,16.79,16.94,18237444.0,146945999.0,2081690637.0,0.008760881024224927
2019-08-28,17.04,17.09,16.9,16.94,9225199.0,74403678.0,2081690637.0,0.004431589803033735
2019-08-29,16.98,17.02,16.9,16.96,7034120.0,56694127.0,2081690637.0,0.003379041955118329
2019-08-30,17.04,17.07,16.75,16.79,13891587.0,111413208.0,2081690637.0,0.006673223558337982
2019-09-02,16.77,16.98,16.77,16.94,15581273.0,125097939.0,2081690637.0,0.007484912850669655
2019-09-03,16.94,17.11,16.88,17.02,14284016.0,115249963.0,2081690637.0,0.006861738120984785
2019-09-04,17.0,17.38,17.0,17.19,19633377.0,160700248.0,2081690637.0,0.009431457610000289
2019-09-05,17.32,17.63,17.32,17.42,32157818.0,267491491.0,2081690637.0,0.015447933246384679
2019-09-06,17.47,17.72,17.4,17.68,23108470.0,192692925.0,2081690637.0,0.01110081853147135
2019-09-09,17.89,17.95,17.63,17.7,28091009.0,237052165.0,2081690637.0,0.013494324517154467
2019-09-10,17.7,17.82,17.59,17.78,17996880.0,151577379.0,2081690637.0,0.008645319184379845
2019-09-11,17.89,17.95,17.74,17.89,23997690.0,203579378.0,2081690637.0,0.011527980946575204
2019-09-12,17.91,17.93,17.76,17.89,12576271.0,106658366.0,2081690637.0,0.006041373668339173
2019-09-16,17.93,17.95,17.72,17.84,10772868.0,91198239.0,2081690637.0,0.005175057142748728
2019-09-17,17.8,17.82,17.42,17.49,14412208.0,120400284.0,2081690637.0,0.006923318837024677
2019-09-18,17.51,17.59,17.47,17.47,7442067.0,61954097.0,2081690637.0,0.0035750110356095144
2019-09-19,17.53,17.57,17.44,17.53,6118201.0,50889666.0,2081690637.0,0.0029390539070767796
2019-09-20,17.51,17.59,17.47,17.55,8468500.0,70577793.0,2081690637.0,0.004068087663690635
2019-09-23,17.55,17.57,17.3,17.4,9702146.0,80116726.0,2081690637.0,0.0046607050190618695
2019-09-24,17.44,17.55,17.36,17.36,7195357.0,59686181.0,2081690637.0,0.003456496787807765
2019-09-25,17.34,17.8,17.3,17.61,17180715.0,143658901.0,2081690637.0,0.008253250840749207
2019-09-26,17.63,18.05,17.55,17.76,35336749.0,298695615.0,2081690637.0,0.01697502422882829
2019-09-27,17.72,17.89,17.63,17.76,13630826.0,114919199.0,2081690637.0,0.006547959508356092
2019-09-30,17.72,17.95,17.72,17.78,18575116.0,157552940.0,2081690637.0,0.008923091486239893
2019-10-08,17.72,18.1,17.53,17.93,25687341.0,218243541.0,2081690637.0,0.012339653425649721
2019-10-09,17.89,18.45,17.78,18.08,35620703.0,307493157.0,2081690637.0,0.01711142970375958
2019-10-10,18.05,18.27,17.99,18.12,19786368.0,170464784.0,2081690637.0,0.009504951239303672
2019-10-11,18.24,18.39,18.14,18.29,22917530.0,198966071.0,2081690637.0,0.011009095008001422
2019-10-14,18.41,18.94,18.29,18.62,53487672.0,474474120.0,2081690637.0,0.025694342400983762
2019-10-15,18.54,18.69,18.43,18.6,20635129.0,181917573.0,2081690637.0,0.009912678009513476
2019-10-16,18.71,18.81,18.29,18.48,29458378.0,259260863.0,2081690637.0,0.014151179563575084
2019-10-17,18.43,18.48,18.22,18.37,17682397.0,154208647.0,2081690637.0,0.008494248225799172
2019-10-18,18.35,18.54,18.01,18.08,24796391.0,215418695.0,2081690637.0,0.011911659955263564
2019-10-21,18.08,18.33,17.93,18.24,20691103.0,178681012.0,2081690637.0,0.00993956673111558
2019-10-22,18.27,18.33,18.01,18.2,15345315.0,132477333.0,2081690637.0,0.007371563635466359
2019-10-23,18.16,18.33,18.08,18.16,11058898.0,95657944.0,2081690637.0,0.0053124598840187795
2019-10-24,18.1,18.39,18.01,18.2,27798890.0,240625846.0,2081690637.0,0.013353996749517974
2019-10-25,18.31,18.58,18.27,18.45,34504825.0,301747384.0,2081690637.0,0.01657538559606828
2019-10-28,18.41,18.94,18.33,18.85,45248038.0,403255597.0,4225191095.0,0.010709110424270646
2019-10-29,18.92,19.09,18.75,18.85,35423224.0,318223435.0,4225191095.0,0.008383815833068256
2019-10-30,18.79,19.32,18.73,19.15,42336996.0,384642092.0,4225191095.0,0.010020137562559168
2019-10-31,19.17,19.25,18.81,18.94,24292487.0,218724340.0,4225191095.0,0.005749441020252837
2019-11-01,18.88,19.59,18.73,19.51,43944875.0,403118844.0,4225191095.0,0.010400683427550394
2019-11-04,19.59,19.8,19.42,19.51,33156235.0,308859244.0,4225191095.0,0.00784727465681644
2019-11-05,19.53,19.99,19.44,19.82,41066160.0,386202835.0,4225191095.0,0.009719361580733428
2019-11-06,19.84,20.07,19.68,19.84,22706874.0,214343280.0,4225191095.0,0.005374164976081395
2019-11-07,19.89,19.97,19.57,19.65,30424974.0,285371996.0,4225191095.0,0.0072008515865718496
2019-11-08,19.8,19.82,19.51,19.59,25418006.0,237374707.0,4225191095.0,0.006015824001446732
2019-11-11,19.46,19.57,19.13,19.15,26497235.0,242619025.0,4225191095.0,0.006271251265145441
2019-11-12,19.15,19.32,19.11,19.19,21656932.0,197744695.0,4225191095.0,0.005125669233192399
2019-11-13,19.17,19.21,18.96,19.06,13494005.0,122353785.0,4225191095.0,0.0031937028874193443
2019-11-14,19.11,19.19,18.9,18.96,16562362.0,149696701.0,4225191095.0,0.003919908384640766
2019-11-15,19.0,19.02,18.73,18.83,16532038.0,148222396.0,4225191095.0,0.0039127314311448915
2019-11-18,18.79,19.11,18.66,19.09,20713705.0,185836162.0,4225191095.0,0.004902430336112407
2019-11-19,19.04,19.13,18.83,19.0,21097236.0,190099432.0,4225191095.0,0.004993202798558866
2019-11-20,18.92,18.94,18.54,18.56,23820292.0,211451834.0,4225191095.0,0.005637683944801555
2019-11-21,18.52,18.62,18.39,18.56,13046853.0,114816702.0,4225191095.0,0.0030878728811672834
2019-11-22,18.56,18.69,18.18,18.35,17690824.0,155022749.0,4225191095.0,0.004186987902377939
2019-11-25,18.39,18.69,18.37,18.58,16150694.0,142395746.0,4225191095.0,0.0038224765784232537
2019-11-26,18.66,18.79,18.37,18.79,28584091.0,252909678.0,4225191095.0,0.0067651593400889715
2019-11-27,18.64,18.75,18.41,18.48,22073537.0,194572390.0,4392183095.0,0.0050256413547805434
2019-11-28,18.48,18.54,18.2,18.31,13583515.0,118376979.0,4392183095.0,0.0030926568192166863
2019-11-29,18.31,18.45,18.22,18.33,12494994.0,108704676.0,4392183095.0,0.0028448253931454104
2019-12-02,18.35,18.5,18.31,18.39,11435268.0,100092470.0,4392183095.0,0.002603549932382771
2019-12-03,18.39,18.48,18.31,18.43,11449208.0,100114426.0,4392183095.0,0.0026067237527127723
2019-12-04,18.37,18.43,18.12,18.18,15181866.0,131413079.0,4392183095.0,0.003456564918088871
2019-12-05,18.24,18.33,18.14,18.27,13284976.0,115073209.0,4392183095.0,0.003024686292136462
2019-12-06,18.29,18.35,18.18,18.33,10520346.0,91359279.0,4392183095.0,0.0023952430425717487
2019-12-09,18.24,18.54,18.22,18.52,15217619.0,133302372.0,4392183095.0,0.003464705061435969
2019-12-10,18.52,18.62,18.45,18.52,13881154.0,122261618.0,4392183095.0,0.0031604224368064512
2019-12-11,18.54,18.83,18.48,18.75,17500807.0,155787368.0,4392183095.0,0.00398453493888328
2019-12-12,18.79,18.81,18.64,18.69,15793808.0,140510385.0,4392183095.0,0.003595890166322859
2019-12-13,18.79,19.13,18.77,19.04,23324913.0,209974948.0,4392183095.0,0.005310551153150413
2019-12-16,19.04,19.34,18.9,19.28,20275794.0,184528987.0,4392183095.0,0.004616336241328755
2019-12-17,19.28,19.76,19.21,19.46,27954781.0,258810833.0,4392183095.0,0.0063646665895652965
2019-12-18,19.36,19.59,19.28,19.34,18114376.0,167259461.0,4392183095.0,0.004124230617940576
2019-12-19,19.36,19.59,19.25,19.32,16465007.0,151849210.0,4392183095.0,0.0037487068830858927
2019-12-20,19.32,19.51,19.21,19.28,15657711.0,143947721.0,4392183095.0,0.003564903980852829
2019-12-23,19.32,19.46,19.02,19.04,17440708.0,159289716.0,4392183095.0,0.003970851766142049
2019-12-24,19.09,19.21,18.94,19.19,10374870.0,94041075.0,4392183095.0,0.002362121472533922
2019-12-25,19.13,19.19,19.0,19.06,8095684.0,73443107.0,4392183095.0,0.0018432027592875202
2019-12-26,19.09,19.28,19.0,19.28,8716099.0,79178526.0,4392183095.0,0.0019844571165355757
2019-12-27,19.23,19.42,19.09,19.15,15789628.0,144428195.0,4392183095.0,0.003594938475578282
2019-12-30,18.98,19.32,18.9,19.25,16600333.0,150822567.0,4392183095.0,0.003779517529425763
2019-12-31,19.17,19.3,19.13,19.28,9298865.0,84916794.0,4686183095.0,0.001984315339689048
2020-01-02,19.51,19.84,19.49,19.65,29697455.0,277632355.0,4686183095.0,0.0063372374484655086
2020-01-03,19.63,19.78,19.55,19.7,16071528.0,150038415.0,4686183095.0,0.0034295561385870262
2020-01-06,19.59,19.76,19.51,19.59,22991028.0,214922118.0,4686183095.0,0.0049061309671256026
2020-01-07,19.7,20.07,19.68,19.74,33910106.0,319981651.0,4686183095.0,0.007236188879640863
2020-01-08,19.7,19.91,19.42,19.49,28896911.0,270223627.0,4686183095.0,0.006166406735330515
2020-01-09,19.59,19.8,19.53,19.8,18871054.0,176476204.0,4686183095.0,0.004026956185330185
2020-01-10,19.78,20.05,19.74,19.97,27361651.0,258980688.0,4686183095.0,0.005838792562158735
2020-01-13,19.91,20.43,19.84,20.39,34637691.0,333856320.0,4686183095.0,0.007391450632169548
2020-01-14,20.37,20.58,20.2,20.29,19929486.0,192839324.0,4686183095.0,0.004252818465685665
2020-01-15,20.29,20.41,20.01,20.39,15351099.0,147835187.0,4686183095.0,0.003275821428398542
2020-01-16,20.45,20.47,20.14,20.22,14451113.0,139135701.0,4686183095.0,0.0030837704603174495
2020-01-17,20.35,20.35,19.84,19.97,17419620.0,165885153.0,4686183095.0,0.0037172299175817843
2020-01-20,19.99,20.18,19.97,20.18,10524771.0,100472284.0,4686183095.0,0.0022459154468867375
2020-01-21,20.18,20.24,19.82,19.86,15644327.0,148436110.0,4686183095.0,0.0033383943142750805
2020-01-22,19.76,19.93,19.61,19.78,17888780.0,168105500.0,4686183095.0,0.003817345510696483
2020-01-23,19.72,19.76,19.15,19.3,26992983.0,249843367.0,4686183095.0,0.00576012128693832
2020-02-03,17.49,18.39,17.36,17.8,43706405.0,368975672.0,4686183095.0,0.00932665329415602
2020-02-04,17.84,18.52,17.82,18.33,29829990.0,258524110.0,4686183095.0,0.006365519527358544
2020-02-05,18.33,18.52,18.1,18.18,21695357.0,188201672.0,4686183095.0,0.004629643477470656
2020-02-06,18.24,18.54,17.97,18.31,25892688.0,223797426.0,4686183095.0,0.00552532572353535
2020-02-07,18.2,18.31,17.91,18.2,21001608.0,180431895.0,4686183095.0,0.004481602100098908
2020-02-10,18.05,18.29,17.91,18.24,17047533.0,146671440.0,4686183095.0,0.0036378290507234224
2020-02-11,18.33,18.45,18.14,18.31,24213117.0,210404017.0,4686183095.0,0.005166916552158319
2020-02-12,18.22,18.31,18.1,18.29,18754985.0,162324565.0,4686183095.0,0.0040021878402512565
2020-02-13,18.24,18.33,18.01,18.05,18134437.0,156345018.0,4686183095.0,0.0038697670646605413
2020-02-14,18.05,18.24,18.01,18.18,16880690.0,145603003.0,4686183095.0,0.0036022258750434077
2020-02-17,18.14,18.83,18.1,18.79,38132789.0,334419405.0,4686183095.0,0.00813728107224116
2020-02-18,18.64,18.77,18.48,18.58,24380494.0,215179811.0,4686183095.0,0.005202633679851982
2020-02-19,18.52,18.64,18.45,18.48,20358865.0,179347149.0,4686183095.0,0.004344445060570131
2020-02-20,18.52,18.98,18.43,18.83,29192915.0,259492144.0,4686183095.0,0.006229572000963398
2020-02-21,18.77,19.09,18.71,18.83,24574735.0,220113976.0,4686183095.0,0.005244083404726635
2020-02-24,18.73,18.79,18.54,18.66,19812955.0,175678566.0,4686183095.0,0.004227951532909535
2020-02-25,18.41,18.56,18.22,18.35,22563610.0,197139284.0,4686183095.0,0.004814922836471032
2020-02-26,18.18,18.83,18.16,18.5,27952525.0,246561999.0,4686183095.0,0.005964881105440461
2020-02-27,18.41,18.69,18.35,18.52,15666748.0,137722087.0,4686183095.0,0.0033431788050953225
2020-02-28,18.31,18.5,17.87,18.08,23810736.0,204848601.0,4686183095.0,0.005081051149154896
2020-03-02,18.05,18.48,18.01,18.45,25242875.0,219761980.0,4686183095.0,0.005386659993488795
2020-03-03,18.62,18.66,18.41,18.52,23029774.0,202983087.0,4686183095.0,0.00491439910330691
2020-03-04,18.41,18.56,18.35,18.54,17258092.0,151452245.0,4686183095.0,0.003682760927206153
2020-03-05,18.64,19.21,18.54,19.09,38292737.0,344907808.0,4686183095.0,0.008171412901228095
2020-03-06,18.88,19.0,18.71,18.71,23547039.0,210774887.0,4686183095.0,0.005024779980347738
2020-03-09,18.48,18.48,18.01,18.03,26117001.0,226057840.0,4686183095.0,0.0055731926112460185
2020-03-10,18.1,18.35,18.01,18.29,22439231.0,194208817.0,4686183095.0,0.004788381193202183
2020-03-11,18.31,18.37,18.1,18.12,14982831.0,129606111.0,4686183095.0,0.0031972355104917215
2020-03-12,18.12,18.27,17.87,17.93,18232586.0,156076769.0,4686183095.0,0.003890711402090447
2020-03-13,17.3,17.72,17.0,17.72,28561664.0,235672577.0,4686183095.0,0.006094867277054185
2020-03-16,17.63,17.68,16.96,17.07,26310698.0,216277159.0,4686183095.0,0.005614526250174183
2020-03-17,17.15,17.34,16.92,17.09,14687929.0,119445923.0,4686183095.0,0.003134305404257791
2020-03-18,17.11,17.21,16.56,16.6,17765238.0,142867291.0,4686183095.0,0.00379098247760633
2020-03-19,16.6,16.73,16.01,16.29,24634910.0,191494362.0,4686183095.0,0.00525692434559047
2020-03-20,16.41,16.64,16.29,16.5,15752994.0,123279692.0,4686183095.0,0.0033615831222659474
2020-03-23,16.12,16.2,15.89,15.93,17539088.0,133514571.0,4686183095.0,0.0037427235864329793
2020-03-24,16.12,16.29,15.78,16.08,30379127.0,231092508.0,4686183095.0,0.0064827016751465615
2020-03-25,16.35,16.35,16.1,16.25,32387887.0,249824297.0,4686183095.0,0.006911357568285539
2020-03-26,16.18,16.5,16.1,16.27,20873425.0,161560981.0,4686183095.0,0.004454248708777778
2020-03-27,16.37,16.86,16.31,16.54,23537240.0,185282194.0,4686183095.0,0.005022688939557963
2020-03-30,16.29,16.58,16.22,16.41,15327882.0,119264285.0,4686183095.0,0.0032708670765242477
2020-03-31,16.56,16.56,16.12,16.2,14466792.0,112115261.0,4686183095.0,0.00308711625361706
2020-04-01,16.14,16.39,16.1,16.1,11059793.0,85218870.0,4686183095.0,0.002360085548471298
2020-04-02,16.01,16.25,16.01,16.25,8655531.0,66345508.0,4686183095.0,0.001847032184729436
2020-04-03,16.25,16.35,15.99,16.1,11908190.0,91340920.0,4686183095.0,0.0025411277704248557
2020-04-07,16.41,16.56,16.27,16.5,20384955.0,158984909.0,4686183095.0,0.004350012491349317
2020-04-08,16.46,16.56,16.35,16.41,9140751.0,71369092.0,4686183095.0,0.001950574873984944
2020-04-09,16.46,16.52,16.35,16.39,9490611.0,74101574.0,4686183095.0,0.002025232648320157
2020-04-10,16.39,16.56,16.35,16.41,11194501.0,87356663.0,4686183095.0,0.0023888313309704343
2020-04-13,16.31,16.39,16.18,16.2,7493806.0,57967489.0,4686183095.0,0.0015991278718912284
2020-04-14,16.25,16.35,16.22,16.31,8138536.0,62993720.0,4686183095.0,0.0017367089238752844
2020-04-15,16.31,16.35,16.22,16.25,7949786.0,61513062.0,4686183095.0,0.0016964309415229966
2020-04-16,16.22,16.29,16.16,16.25,7818517.0,60260733.0,4686183095.0,0.0016684190185274868
2020-04-17,16.27,16.5,16.25,16.35,15552375.0,120851820.0,4686183095.0,0.003318772375026034
2020-04-20,16.33,16.37,16.2,16.25,12408627.0,95834574.0,4686183095.0,0.0026479176652827734
2020-04-21,16.18,16.35,15.99,16.08,13322171.0,102134366.0,4686183095.0,0.0028428618195081427
2020-04-22,16.03,16.1,15.99,16.08,6661775.0,50769423.0,4686183095.0,0.0014215780444233794
2020-04-23,16.12,16.16,15.97,15.99,7815180.0,59553337.0,4686183095.0,0.0016677069251388266
2020-04-24,16.01,16.06,15.68,15.74,14702711.0,110624687.0,4686183095.0,0.0031374597837816663
2020-04-27,15.82,16.27,15.8,16.12,24035930.0,184145943.0,4686183095.0,0.005129106036348757
2020-04-28,16.16,16.31,15.91,16.27,17582883.0,134784365.0,4686183095.0,0.00375206914530513
2020-04-29,16.31,16.79,16.27,16.79,27574023.0,217807588.0,4686183095.0,0.005884111320665331
2020-04-30,17.44,17.7,17.32,17.42,56600021.0,471467646.0,4686183095.0,0.0120780643548457
2020-05-06,17.28,17.74,17.21,17.63,26939281.0,224197509.0,4686183095.0,0.005748661640801724
2020-05-07,17.63,17.7,17.3,17.3,16159268.0,133913396.0,4686183095.0,0.0034482792653239254
2020-05-08,17.53,18.01,17.49,17.82,25911188.0,218874753.0,4686183095.0,0.005529273499289084
2020-05-11,17.78,18.37,17.78,17.99,31031103.0,267039735.0,4686183095.0,0.0066218289748663775
2020-05-12,18.08,18.18,17.74,17.82,23127250.0,196929989.0,4686183095.0,0.0049351998270566935
2020-05-13,17.76,18.1,17.68,18.03,13052571.0,110952291.0,4686183095.0,0.0027853309901456165
2020-05-14,17.99,18.01,17.87,17.93,15240935.0,129943552.0,4686183095.0,0.003252313170661549
2020-05-15,18.03,18.41,18.03,18.12,23149369.0,200597323.0,4686183095.0,0.004939919873105172
2020-05-18,18.03,18.88,18.03,18.56,37066764.0,325726477.0,4686183095.0,0.007909798496680378
2020-05-19,18.73,18.81,18.41,18.45,15670404.0,138106197.0,4686183095.0,0.003343958970941574
2020-05-20,18.39,18.75,18.18,18.41,28561137.0,250266562.0,4686183095.0,0.006094754818793524
2020-05-21,18.54,18.81,18.45,18.66,22439956.0,199005464.0,4833535895.0,0.004642554950965146
2020-05-22,18.77,18.81,18.33,18.48,19766127.0,174237197.0,4833535895.0,0.00408937213447548
2020-05-25,18.37,18.58,18.16,18.33,19854566.0,173650527.0,4833535895.0,0.0041076690918005485
2020-05-26,18.52,18.58,18.22,18.35,15674712.0,136846059.0,4833535895.0,0.0032429079540331
2020-05-27,18.5,19.11,18.5,18.73,35998078.0,322799306.0,4833535895.0,0.007447566084538201
2020-05-28,18.81,19.3,18.79,19.0,29917633.0,271423533.0,4833535895.0,0.0061895957017611015
2020-05-29,18.83,19.15,18.77,19.15,15455359.0,139185613.0,4833535895.0,0.003197526476629176
2020-06-01,19.13,19.32,18.94,19.25,25181131.0,229443746.0,4833535895.0,0.005209670838701819
2020-06-02,19.3,19.44,19.11,19.19,16590797.0,151986665.0,4833535895.0,0.00343243483867828
2020-06-03,19.25,19.57,19.04,19.13,24541322.0,225535710.0,4833535895.0,0.0050773021103218685
2020-06-04,19.13,19.25,18.88,19.02,16756317.0,151351390.0,4833535895.0,0.0034666789207737953
2020-06-05,19.04,19.13,18.83,18.96,13310762.0,119931610.0,4833535895.0,0.0027538353472804818
2020-06-08,18.98,19.21,18.73,18.96,30954494.0,278973043.0,4833535895.0,0.0064041096771455756
2020-06-09,19.02,19.02,18.64,18.88,26074519.0,232933427.0,4833535895.0,0.0053945019891075
2020-06-10,18.9,18.9,18.54,18.69,24983318.0,221707842.0,4833535895.0,0.0051687457262588506
2020-06-11,18.71,18.96,18.62,18.69,20970371.0,187111565.0,4833535895.0,0.004338515624078137
2020-06-12,18.54,18.79,18.5,18.75,12802983.0,113475276.0,5022323095.0,0.002549215324825692
2020-06-15,18.75,18.79,18.27,18.27,25604977.0,224631277.0,5022323095.0,0.005098233728827835
2020-06-16,18.41,18.66,18.29,18.56,13416243.0,117944578.0,5022323095.0,0.0026713221643101
2020-06-17,18.62,19.06,18.48,19.04,25717729.0,230926370.0,5022323095.0,0.0051206838973787685
2020-06-18,18.75,19.13,18.56,19.02,22049073.0,197334123.0,5022323095.0,0.004390213967307493
2020-06-19,19.04,19.25,18.98,19.13,25744423.0,234420722.0,5022323095.0,0.005125998967615205
2020-06-22,19.15,19.23,18.73,18.75,17936265.0,161698667.0,5022323095.0,0.003571308468357311
2020-06-23,18.71,18.88,18.54,18.6,12107392.0,107481200.0,5022323095.0,0.0024107154738916693
2020-06-24,18.69,19.19,18.69,19.09,21492997.0,194557216.0,5022323095.0,0.004279493093822949
2020-06-29,19.25,19.28,18.64,18.75,17175646.0,153898604.0,5022323095.0,0.00341986082438609
2020-06-30,18.9,18.92,18.5,18.77,18164880.0,161148036.0,5022323095.0,0.0036168282399203153
2020-07-01,18.85,19.28,18.62,19.19,27601291.0,249647881.0,5022323095.0,0.005495721895606161
2020-07-02,19.19,20.05,19.17,20.05,55199541.0,514019207.0,5022323095.0,0.010990838294524338
2020-07-03,20.2,20.64,19.82,20.2,52237580.0,502486610.0,5022323095.0,0.010401079144431268
2020-07-06,20.41,22.22,20.39,22.22,99038261.0,1013313285.0,5022323095.0,0.019719611647167436
2020-07-07,22.64,23.46,21.88,21.95,99553866.0,1062207651.0,5022323095.0,0.019822274297547956
2020-07-08,21.84,23.21,21.57,22.89,79518668.0,848644423.0,5022323095.0,0.015833045086080827
2020-07-09,22.89,22.98,22.07,22.46,67322713.0,695098680.0,5022323095.0,0.013404695740706822
2020-07-10,22.31,22.61,21.29,21.31,67219144.0,673020379.0,5022323095.0,0.013384074008882536
2020-07-13,21.09,21.89,21.07,21.59,52938543.0,523244727.0,5022323095.0,0.010540648619899274
2020-07-14,21.63,21.85,21.13,21.61,33898402.0,335055807.0,5022323095.0,0.006749546247581668
2020-07-15,21.68,21.83,20.92,21.07,34749014.0,340066215.0,5022323095.0,0.00691891249182964
2020-07-16,21.18,21.85,21.0,21.05,43908087.0,432059760.0,5022323095.0,0.008742585088504746
2020-07-17,21.2,21.42,20.94,21.16,27549261.0,268739572.0,5022323095.0,0.00548536214793246
2020-07-20,21.39,22.2,21.29,22.2,54977096.0,553621853.0,5022323095.0,0.010946547038109263
2020-07-21,22.05,22.09,21.48,21.68,35015030.0,349567507.0,5022323095.0,0.006971879215588379
2020-07-22,21.7,21.89,21.31,21.37,35501609.0,351803782.0,5022323095.0,0.007068762468775419
2020-07-23,21.18,21.42,20.76,21.16,26042188.0,252443949.0,5022323095.0,0.005185287267943083
2020-07-24,21.09,21.39,20.24,20.35,32812460.0,313644929.0,5022323095.0,0.006533323201103214
2020-07-27,20.57,20.72,20.2,20.59,20861658.0,197135730.0,5022323095.0,0.00415378652575517
2020-07-28,20.74,20.79,20.2,20.39,25406924.0,238406409.0,5022323095.0,0.005058799189023501
2020-07-29,20.35,21.02,20.09,20.85,23009933.0,218739479.0,5022323095.0,0.004581531806049606
2020-07-30,20.87,20.98,20.63,20.63,14889024.0,141931078.0,5022323095.0,0.002964569128342787
2020-07-31,20.61,20.94,20.33,20.52,20350133.0,192976356.0,5022323095.0,0.004051936248438433
2020-08-03,20.61,21.16,20.61,21.09,29816804.0,287994387.0,5022323095.0,0.005936855004347346
2020-08-04,21.18,22.05,20.87,21.81,59164176.0,587176173.0,5022323095.0,0.011780240912597042
2020-08-05,21.59,21.79,21.24,21.44,36516007.0,360197647.0,5022323095.0,0.00727074031464716
2020-08-06,21.26,21.85,21.26,21.83,35512876.0,353585933.0,5022323095.0,0.007071005852919942
2020-08-07,21.68,22.26,21.35,21.83,38176207.0,383539654.0,5022323095.0,0.0076013044716311704
2020-08-10,21.74,22.98,21.57,22.59,62512438.0,645525459.0,5022323095.0,0.012446916858502112
2020-08-11,22.55,24.35,22.5,23.18,91684317.0,1000495836.0,5022323095.0,0.018255360172123692
2020-08-12,23.44,23.81,22.85,23.31,59821934.0,643088726.0,5022323095.0,0.01191120779536387
2020-08-13,23.35,24.09,22.94,23.83,48554130.0,529656094.0,5022323095.0,0.009667663565559596
2020-08-14,23.7,25.57,23.37,25.31,75479015.0,846894511.0,5022323095.0,0.015028705555630925
2020-08-17,25.61,27.83,25.37,26.96,118007762.0,1459003990.0,5022323095.0,0.02349664881526305
2020-08-18,26.55,26.9,25.44,25.94,88010325.0,1052162168.0,5022323095.0,0.017523827785516057
2020-08-19,25.74,26.33,25.48,25.48,50205406.0,597757501.0,5022323095.0,0.009996450855577621
2020-08-20,25.44,25.74,24.74,24.83,39529213.0,456736423.0,5022323095.0,0.007870702910243572
2020-08-21,25.16,25.66,24.7,25.07,36318784.0,419615622.0,5022323095.0,0.007231471037010214
2020-08-24,25.0,25.31,24.46,24.83,27402395.0,313818230.0,5022323095.0,0.005456119505190854
2020-08-25,24.81,25.72,24.74,25.07,32657086.0,378088185.0,5022323095.0,0.0065023865215903635
2020-08-26,25.07,25.18,24.22,24.42,32966589.0,372542244.0,5022323095.0,0.006564011987364982
2020-08-27,24.42,25.0,24.2,24.87,26076757.0,295800217.0,5022323095.0,0.00519217033765925
2020-08-28,25.26,27.35,25.26,27.35,103189523.0,1278877552.0,5022323095.0,0.020546173762243786
2020-08-31,27.83,29.48,27.55,28.16,106617973.0,1402772586.0,5022323095.0,0.02122881602462894
2020-09-01,28.44,28.63,27.59,27.92,58710289.0,756953724.0,5022323095.0,0.01168986699769462
2020-09-02,28.22,28.33,26.74,27.05,59354921.0,742300558.0,5022323095.0,0.011818220348884185
2020-09-03,27.29,28.16,27.05,27.24,39321699.0,497860138.0,5022323095.0,0.007829384580842065
2020-09-04,26.96,27.68,26.63,27.18,37342283.0,465901842.0,5022323095.0,0.007435260992502912
2020-09-07,27.16,27.29,26.03,26.22,33441793.0,410275230.0,5022323095.0,0.006658630352414633
2020-09-08,26.29,28.37,26.22,28.26,74501152.0,946461561.0,5022323095.0,0.014834002231789909
2020-09-09,27.57,28.2,27.29,27.72,41522943.0,529352781.0,5022323095.0,0.008267676574081501
2020-09-10,28.05,28.85,27.03,27.46,41625648.0,534799151.0,5022323095.0,0.008288126273962866
2020-09-11,27.33,27.74,26.53,27.16,38124122.0,473604814.0,5022323095.0,0.0075909337728499926
2020-09-14,27.16,27.63,26.59,27.37,37205946.0,464033264.0,5022323095.0,0.007408114789954587
2020-09-15,27.13,27.72,26.7,27.16,31743646.0,396592915.0,5022323095.0,0.006320510528604293
2020-09-16,27.35,27.96,27.09,27.55,31379707.0,397786277.0,5022323095.0,0.006248046253981595
2020-09-17,27.46,27.96,26.76,26.98,32763588.0,409650447.0,5022323095.0,0.006523592246109765
2020-09-18,26.94,28.2,26.66,28.11,48261456.0,610106850.0,5022323095.0,0.009609388939562041
2020-09-21,28.2,28.42,27.55,27.72,35085817.0,448121987.0,5022323095.0,0.006985973689133992
2020-09-22,27.31,28.0,26.98,27.07,27224199.0,343249954.0,5022323095.0,0.005420638713407983
2020-09-23,27.07,27.26,26.72,26.85,22174997.0,275166631.0,5022323095.0,0.004415286826543763
2020-09-24,26.79,26.9,25.92,26.22,33790842.0,407822673.0,5022323095.0,0.006728129863576609
2020-09-25,26.29,26.35,25.83,26.09,22497196.0,270046355.0,5022323095.0,0.004479440206146276
2020-09-28,26.05,26.53,25.94,26.31,16096963.0,194321217.0,5022323095.0,0.0032050831249836186
2020-09-29,26.5,26.53,25.76,25.83,20089209.0,241196519.0,5022323095.0,0.003999983398121064
2020-09-30,25.83,26.05,25.39,25.61,30132892.0,355589487.0,5022323095.0,0.005999791616353587
2020-10-09,25.7,25.89,25.33,25.48,30610770.0,359887108.0,5022323095.0,0.006094942404337688
2020-10-12,25.61,26.55,25.24,26.29,37666792.0,450242406.0,5022323095.0,0.007499874318619479
2020-10-13,26.11,26.85,25.96,26.68,26751606.0,325385481.0,5022323095.0,0.005326540227296945
2020-10-14,26.63,27.42,26.55,27.0,28643313.0,354602734.0,5022323095.0,0.0057031999849862305
2020-10-15,27.11,29.24,27.0,28.44,55043108.0,717587146.0,5022323095.0,0.010959690756414786
2020-10-16,28.0,29.46,27.94,28.81,49166182.0,651992250.0,5022323095.0,0.009789529878901589
2020-10-19,29.07,30.81,29.05,29.33,64430801.0,886219388.0,5022323095.0,0.01282888412020812
2020-10-20,29.53,29.7,28.83,29.61,34811010.0,469939643.0,5022323095.0,0.006931256580178261
2020-10-21,29.83,30.66,29.31,30.31,46677716.0,644685205.0,5022323095.0,0.009294048813082186
2020-10-22,30.2,30.66,28.79,29.4,47503396.0,643807745.0,5022323095.0,0.00945845082075509
2020-10-23,29.61,30.44,29.35,29.59,41225784.0,566514959.0,5022323095.0,0.00820850893504692
2020-10-26,29.44,29.94,28.33,28.61,31905900.0,423935291.0,5022323095.0,0.006352817092107054
2020-10-27,28.61,29.24,28.42,28.83,25754201.0,341440832.0,5041360267.0,0.0051085817390562616
2020-10-28,29.11,29.29,28.18,28.66,27840186.0,366600804.0,5041360267.0,0.00552235597646884
2020-10-29,28.22,29.44,27.79,28.98,40719249.0,535486397.0,5041360267.0,0.008077036125853213
2020-10-30,28.92,29.66,28.11,28.2,31364969.0,415743718.0,5041360267.0,0.0062215289800474005
2020-11-02,28.26,29.63,28.26,29.33,68346645.0,913838895.0,5041360267.0,0.01355718325615153
2020-11-03,29.46,30.61,28.74,29.31,55388693.0,758263369.0,5041360267.0,0.010986854750803311
2020-11-04,29.66,30.31,28.98,30.27,50771457.0,694355570.0,5041360267.0,0.01007098368516578
2020-11-05,30.18,30.33,29.16,29.5,45257212.0,614972822.0,5041360267.0,0.008977182665608532
2020-11-06,29.44,29.44,28.44,28.76,36936299.0,487591935.0,5041360267.0,0.0073266533323911726
2020-11-09,28.85,29.03,28.4,28.83,38776861.0,511921885.0,5041360267.0,0.0076917456690861015
2020-11-10,29.22,29.44,28.16,28.24,39802599.0,525779931.0,5041360267.0,0.007895210199624482
2020-11-11,28.26,28.98,27.66,28.57,41964566.0,545620349.0,5041360267.0,0.008324056162915762
2020-11-12,28.31,28.72,27.98,28.5,20253570.0,264345514.0,5041360267.0,0.004017481181136147
2020-11-13,28.31,28.4,27.42,27.81,27473863.0,351538226.0,5041360267.0,0.005449692453015082
2020-11-16,27.96,28.76,27.7,28.4,30541008.0,398008096.0,5041360267.0,0.006058088766223856
2020-11-17,28.29,29.5,28.16,29.27,41922554.0,559506739.0,5041360267.0,0.008315722697784337
2020-11-18,29.27,30.4,29.03,30.11,48236612.0,662989713.0,5041360267.0,0.009568173954111104
2020-11-19,30.29,32.35,29.85,32.18,76085522.0,1089743450.0,5041360267.0,0.015092260415912863
2020-11-20,31.72,32.05,30.94,31.85,37645830.0,544281902.0,5041360267.0,0.007467395307259441
2020-11-23,31.48,33.07,31.33,32.64,46181802.0,685350642.0,5041360267.0,0.009160583563586847
2020-11-24,32.5,32.61,31.81,32.22,26136770.0,385957651.0,5041360267.0,0.005184467805462632
2020-11-25,32.33,32.72,31.42,31.7,23379706.0,343168590.0,5041360267.0,0.004637578899695009
2020-11-26,31.81,32.18,31.27,31.83,23058508.0,336661496.0,5041360267.0,0.0045738663334452785
2020-11-27,32.16,33.05,31.79,33.03,38112383.0,569439352.0,5041360267.0,0.007559940369562166
2020-11-30,33.27,35.2,33.05,33.05,78848701.0,1242816677.0,5041360267.0,0.01564036228795866
2020-12-01,32.81,33.81,32.22,33.05,58251034.0,883733889.0,5041360267.0,0.011554626314112615
2020-12-02,32.77,33.05,31.96,32.31,39776204.0,593424620.0,5041360267.0,0.007889974509532507
2020-12-03,32.31,32.68,31.48,31.83,35418728.0,521437383.0,5041360267.0,0.007025629219924187
2020-12-04,31.61,32.0,31.11,31.81,26662291.0,386778856.0,5041360267.0,0.005288709710854711
2020-12-07,32.37,32.5,31.03,31.11,29930260.0,433363931.0,5041360267.0,0.005936941304496539
2020-12-08,31.07,31.68,30.87,31.13,16310447.0,234474235.0,5041360267.0,0.0032353266055524296
2020-12-09,31.31,32.46,31.31,31.72,33097411.0,485800154.0,5041360267.0,0.006565174724101899
2020-12-10,31.53,31.68,31.0,31.16,20339818.0,292361764.0,5041360267.0,0.004034589262176212
2020-12-11,31.53,31.92,31.18,31.46,29225890.0,423735779.0,5041360267.0,0.0057972230612655
2020-12-14,31.48,32.13,31.31,32.11,22223250.0,324168117.0,5041360267.0,0.004408185256163919
2020-12-15,31.96,31.96,30.27,31.68,42954448.0,614223553.0,5041360267.0,0.00852040832732655
2020-12-16,31.53,32.16,31.37,31.53,18166045.0,265156237.0,5041360267.0,0.003603401470613447
2020-12-17,31.55,31.87,31.03,31.74,19597225.0,283839556.0,5041360267.0,0.003887289136680142
2020-12-18,31.68,31.9,31.13,31.13,14537165.0,210092417.0,5041360267.0,0.002883579873304857
2020-12-21,31.11,31.81,30.66,31.22,24034024.0,345825361.0,5041360267.0,0.004767368870128797
2020-12-22,31.2,31.61,30.42,30.66,23425987.0,332949188.0,5041360267.0,0.00464675916009079
2020-12-23,30.66,30.79,30.31,30.61,25372628.0,355781124.0,5041360267.0,0.005032893238375658
2020-12-24,30.77,31.92,30.7,31.87,28525434.0,413890029.0,5041360267.0,0.005658281195796158
2020-12-25,31.92,32.55,31.27,32.4,28057043.0,413043937.0,5041360267.0,0.005565371549352912
2020-12-28,32.0,33.14,31.74,32.74,37525329.0,560727407.0,5041360267.0,0.007443492829829136
2020-12-29,33.03,33.57,32.03,32.16,31351103.0,468627505.0,5041360267.0,0.006218778531901338
2020-12-30,32.05,32.46,31.61,32.33,22873380.0,337711235.0,5041360267.0,0.004537144498425508
2020-12-31,32.35,32.92,32.0,32.44,28637743.0,427938104.0,5041360267.0,0.00568055871496795
2021-01-04,32.03,32.07,29.98,30.48,82401210.0,1156643284.0,5041360267.0,0.016345034997674368
2021-01-05,30.22,30.29,28.7,29.35,62689620.0,846840392.0,5041360267.0,0.012435060515384507
2021-01-06,29.44,30.44,29.18,30.4,48032902.0,659282724.0,5041360267.0,0.009527766209135317
2021-01-07,30.42,31.22,29.87,30.55,44887420.0,631740370.0,5041360267.0,0.008903831034220351
2021-01-08,30.24,31.42,30.05,31.2,42321876.0,603315975.0,5041360267.0,0.008394931875238664
2021-01-11,31.2,33.11,31.0,32.33,60177647.0,896076364.0,5041360267.0,0.011936787655092613
2021-01-12,32.44,33.07,32.03,32.77,45697220.0,684986321.0,5041360267.0,0.009064462283944922
2021-01-13,32.77,33.61,32.46,33.35,42271195.0,645074542.0,5041360267.0,0.008384878834528252
2021-01-14,33.57,34.11,32.64,32.98,33146747.0,507868219.0,5041360267.0,0.00657496097173886
2021-01-15,33.48,35.07,33.29,33.81,55975418.0,881816807.0,5041360267.0,0.011103237030371907
2021-01-18,33.83,35.4,33.81,34.85,43526892.0,695782705.0,5041360267.0,0.00863395783969668
2021-01-19,34.7,34.7,33.55,33.74,27415986.0,428525720.0,5041360267.0,0.005438212019771925
2021-01-20,33.5,33.94,32.53,32.83,29741536.0,451993112.0,5041360267.0,0.00589950616992872
2021-01-21,32.94,33.24,32.4,32.57,28522494.0,429039665.0,5041360267.0,0.005657698019858655
2021-01-22,32.79,32.79,31.53,31.74,30152121.0,442387004.0,5041360267.0,0.00598094946662934
2021-01-25,31.7,31.74,30.44,31.42,42736928.0,612382449.0,5041360267.0,0.008477261242317798
2021-01-26,31.29,32.16,31.18,31.55,28067797.0,408045941.0,5041360267.0,0.005567504703785535
2021-01-27,31.33,32.57,31.24,32.35,35346271.0,524960168.0,5041360267.0,0.007011256710093002
2021-01-28,32.11,32.5,31.42,31.61,28111445.0,412222212.0,5041360267.0,0.0055761626845066735
2021-01-29,31.94,32.46,31.18,31.96,30252692.0,442835535.0,5041360267.0,0.006000898645952692
2021-02-01,31.7,32.29,30.77,32.0,32750439.0,476186555.0,5041360267.0,0.006496349648800055
2021-02-02,32.07,34.0,32.0,33.42,45512573.0,697452261.0,5041360267.0,0.009027835859682273
2021-02-03,33.29,35.44,33.29,35.16,48734481.0,776400273.0,5041360267.0,0.009666930831944053
2021-02-04,35.0,36.77,34.96,35.74,50323681.0,828325501.0,5041360267.0,0.009982163212855742
2021-02-05,35.51,38.01,35.24,37.18,62528112.0,1063334573.0,5041360267.0,0.012403023923781006
2021-02-08,37.18,38.05,35.87,37.48,33372487.0,572432460.0,5041360267.0,0.006619738569062674
2021-02-09,37.51,37.87,36.74,37.7,28747233.0,495989749.0,5041360267.0,0.00570227705966089
2021-02-10,37.81,39.16,37.14,37.98,38750207.0,679415913.0,5041360267.0,0.007686458603971062
2021-02-18,38.53,39.05,37.31,38.33,29256724.0,516046546.0,5041360267.0,0.005803339267679439
2021-02-19,38.18,39.2,38.01,38.16,22777821.0,403362260.0,5041360267.0,0.004518189495224187
2021-02-22,37.96,37.96,35.77,35.9,47122049.0,793681162.0,5041360267.0,0.009347090170971111
2021-02-23,35.66,37.22,35.59,36.27,30975159.0,520427112.0,5041360267.0,0.006144206594945975
2021-02-24,36.96,37.57,35.44,35.79,33890971.0,567559429.0,5041360267.0,0.006722584621028831
2021-02-25,36.4,36.96,35.68,36.27,32363318.0,541251218.0,5041360267.0,0.006419560651486366
2021-02-26,35.98,36.27,34.46,34.83,33089612.0,535411212.0,5041360267.0,0.0065636277209942155
2021-03-01,35.61,36.64,35.42,36.33,27452498.0,454842285.0,5041360267.0,0.005445454509510062
2021-03-02,36.33,38.27,35.98,36.98,35338728.0,604642139.0,5041360267.0,0.007009760486930898
2021-03-03,36.72,40.11,36.72,39.57,53741067.0,967730314.0,5041360267.0,0.010660033037468299
2021-03-04,39.48,39.9,38.29,38.92,37212990.0,669763063.0,5041360267.0,0.00738153752739925
2021-03-05,38.4,38.81,36.61,37.77,41603640.0,717191917.0,5041360267.0,0.008252463183861563
2021-03-08,37.4,38.59,36.96,37.16,32142410.0,559093151.0,5041360267.0,0.006375741525635347
2021-03-09,37.61,37.81,35.33,35.42,35807311.0,598790536.0,5041360267.0,0.007102708218333328
2021-03-10,35.74,35.74,34.09,34.29,36525256.0,582434802.0,5041360267.0,0.007245119187194165
2021-03-11,34.77,36.77,34.61,36.61,39298585.0,651795085.0,5041360267.0,0.007795234404738486
2021-03-12,36.79,37.66,36.42,37.37,26385029.0,450534605.0,5041360267.0,0.005233712252764895
2021-03-15,37.18,38.61,36.77,37.09,27074593.0,467338687.0,5041360267.0,0.0053704935902372
2021-03-16,37.14,38.44,36.87,38.31,22730708.0,397008821.0,5041360267.0,0.004508844200005276
2021-03-17,37.85,38.09,37.09,37.87,17333709.0,299931615.0,5041360267.0,0.003438299998804668
2021-03-18,37.72,38.57,37.33,38.2,16428483.0,286127860.0,5041360267.0,0.003258740127647378
2021-03-19,37.94,38.7,36.46,36.85,24877945.0,425038553.0,5041360267.0,0.0049347683328341664
2021-03-22,35.98,37.68,35.94,37.35,16706630.0,285358417.0,5041360267.0,0.0033139131335959333
2021-03-23,37.18,37.57,36.48,37.18,15206148.0,258331419.0,5041360267.0,0.0030162787808554765
2021-03-24,36.85,37.18,35.77,35.96,21886728.0,365265971.0,5041360267.0,0.0043414330341093234
2021-03-25,36.42,36.98,36.07,36.18,29396163.0,494243136.0,5041360267.0,0.005830998270927579
2021-03-26,36.96,38.01,36.09,37.4,32490420.0,552420437.0,5041360267.0,0.006444772497747779
2021-03-29,36.96,37.14,35.29,36.96,41186659.0,687172697.0,5041360267.0,0.008169751181958129
2021-03-30,36.22,36.83,35.57,36.77,29954905.0,498538307.0,5041360267.0,0.005941829866054284
2021-03-31,36.44,37.03,36.03,36.72,15253179.0,255978842.0,5041360267.0,0.0030256078106230687
2021-04-01,37.05,37.14,36.51,37.07,10878445.0,184650084.0,5041360267.0,0.0021578392385897703
2021-04-02,37.07,37.16,35.96,35.98,17861120.0,298285187.0,5041360267.0,0.0035429168030137134
2021-04-06,35.51,35.94,35.31,35.57,15476602.0,252968626.0,5041360267.0,0.0030699258097675645
2021-04-07,35.37,35.96,35.29,35.87,13634797.0,223560529.0,5041360267.0,0.0027045869126337526
2021-04-08,35.74,36.03,35.55,35.72,7432995.0,122212094.0,5041360267.0,0.001474402662443168
2021-04-09,35.61,35.68,34.57,35.09,18156787.0,292638373.0,5041360267.0,0.0036015650614877985
2021-04-12,34.96,35.18,33.9,34.18,23379334.0,370245853.0,5041360267.0,0.004637505110086591
2021-04-13,34.55,34.9,33.68,33.9,15106088.0,237227790.0,5041360267.0,0.0029964309630641202
2021-04-14,33.57,34.11,33.05,33.37,22765910.0,350000680.0,5041360267.0,0.004515826839240648
2021-04-15,33.57,33.64,32.64,33.18,15553280.0,236418122.0,5041360267.0,0.0030851355936233073
2021-04-16,33.05,33.33,32.66,32.72,15065691.0,228022572.0,5041360267.0,0.0029884178479799963
2021-04-19,32.61,33.96,32.07,33.77,26105492.0,399923339.0,5041360267.0,0.0051782635275805814
2021-04-20,33.59,35.44,33.48,34.57,22571285.0,359885833.0,5041360267.0,0.004477221187255412
2021-04-21,34.77,35.74,34.77,35.55,28252372.0,460110770.0,5041360267.0,0.005604116846188489
2021-04-22,35.4,35.59,34.44,34.9,18177524.0,291388938.0,5041360267.0,0.0036056784354388215
2021-04-23,34.66,36.18,34.66,35.44,23886859.0,390708844.0,5041360267.0,0.0047381773439918295
2021-04-26,35.87,36.37,35.51,35.7,21064508.0,348351189.0,5041360267.0,0.004178338163587546
2021-04-27,35.66,36.35,35.55,36.35,14800210.0,245175402.0,5041360267.0,0.002935757259182604
2021-04-28,36.68,37.37,35.72,36.64,33722159.0,568932482.0,5041360267.0,0.006689099214103041
2021-04-29,36.59,36.83,35.66,36.48,27330307.0,455204935.0,5041360267.0,0.005421216805095275
2021-04-30,36.29,36.29,35.29,35.96,20734061.0,340855977.0,5041360267.0,0.004112790973444628
2021-05-06,35.68,37.11,35.57,36.96,23198889.0,391068903.0,5041360267.0,0.004601712191024415
2021-05-07,36.85,37.81,36.51,36.7,21601925.0,368635284.0,5041360267.0,0.004284939749575727
2021-05-10,36.74,36.96,35.2,35.87,24971676.0,409916383.0,5041360267.0,0.004953360735486591
2021-05-11,35.92,36.81,35.77,36.7,20268315.0,339220069.0,5041360267.0,0.0040204059869859725
2021-05-12,36.72,37.72,36.2,36.44,25378037.0,430119213.0,5041360267.0,0.005033966163085166
2021-05-13,36.05,36.79,35.98,36.16,15448587.0,257915629.0,5041360267.0,0.003064368777832477
2021-05-14,36.27,36.51,35.7,36.31,14304326.0,237872410.0,5041360267.0,0.002837394124287051
2021-05-17,36.37,37.05,36.01,36.9,17095792.0,288999771.0,5041360267.0,0.003391106981960113
2021-05-18,36.14,36.16,35.09,35.81,21474038.0,351706475.0,5041360267.0,0.004259572191371817
2021-05-19,35.66,36.33,35.44,36.11,14973978.0,247666293.0,5041360267.0,0.002970225734117327
2021-05-20,36.35,37.79,36.11,37.57,33106606.0,565164042.0,5041360267.0,0.006566998636600315
2021-05-21,37.55,37.66,35.79,35.79,29762366.0,495916526.0,5041360267.0,0.005903637991281848
2021-05-24,35.87,36.59,35.51,35.74,16798117.0,277109807.0,5041360267.0,0.003332060418287896
2021-05-25,35.66,37.37,35.64,37.16,32719412.0,550771941.0,5041360267.0,0.00649019515906777
2021-05-26,37.14,37.27,36.37,36.85,20496537.0,347293569.0,5041360267.0,0.004065675911750903
2021-05-27,36.57,36.72,36.09,36.31,22556522.0,377095424.0,5041360267.0,0.004474292810940663
2021-05-28,36.4,36.61,35.9,36.03,14483032.0,240956379.0,5041360267.0,0.0028728420967657855
2021-05-31,36.09,36.37,35.55,35.92,21670848.0,357470121.0,5041360267.0,0.004298611258126933
2021-06-01,35.72,35.85,35.11,35.37,21043788.0,342583531.0,5041360267.0,0.004174228161742284
2021-06-02,35.4,35.74,35.0,35.57,13069002.0,212759888.0,5041360267.0,0.002592356290334527
2021-06-03,35.51,35.74,35.0,35.0,11724604.0,190178551.0,5041360267.0,0.0023256826291006274
2021-06-04,34.96,35.87,34.83,35.57,16544771.0,268610482.0,5041360267.0,0.003281806917926423
2021-06-07,35.35,35.64,35.05,35.18,12867063.0,208749580.0,5041360267.0,0.002552299839435379
2021-06-08,35.07,35.42,34.31,34.57,19871697.0,316938797.0,5041360267.0,0.003941733172706818
2021-06-09,34.35,34.55,33.83,34.11,18436012.0,288763276.0,5041360267.0,0.0036569518986134383
2021-06-10,34.2,35.0,33.4,33.68,27699187.0,434665728.0,5041360267.0,0.005494387532927331
2021-06-11,33.92,34.03,32.85,33.37,24742135.0,379826095.0,5041360267.0,0.004907829174986434
2021-06-15,33.37,33.4,32.35,32.53,20154400.0,303251076.0,5041360267.0,0.003997809902999341
2021-06-16,32.61,33.37,32.44,32.46,21295195.0,321588062.0,5041360267.0,0.0042240970436878324
2021-06-17,32.61,32.94,31.87,31.87,20768084.0,308864345.0,5041360267.0,0.004119539747227512
2021-06-18,31.96,32.2,31.5,31.63,24482201.0,357856008.0,5041360267.0,0.004856268884462964
2021-06-21,31.66,31.94,30.59,31.77,35201649.0,505928974.0,5041360267.0,0.006982569611306059
2021-06-22,31.74,32.79,31.59,32.0,29434263.0,435593824.0,5041360267.0,0.005838555755015633
2021-06-23,32.07,32.31,31.31,32.24,23776691.0,348068087.0,5041360267.0,0.004716324511786771
2021-06-24,32.24,33.77,32.07,33.48,35142575.0,537220564.0,5041360267.0,0.006970851742145489
2021-06-25,33.82,33.91,32.86,33.04,32261766.0,482798389.0,5041360267.0,0.006399416881824685
2021-06-28,33.15,33.33,32.5,32.86,15687837.0,231782608.0,5041360267.0,0.0031118262074405325
2021-06-29,32.79,33.59,32.3,32.3,15209744.0,223631911.0,5041360267.0,0.003016992080403525
2021-06-30,32.28,33.02,32.28,32.82,16919079.0,248779809.0,5041360267.0,0.0033560543392920743
2021-07-01,32.93,33.17,32.3,32.5,24315674.0,356626593.0,5041360267.0,0.004823236728223296
2021-07-02,32.28,32.5,31.68,31.88,18961970.0,272506923.0,5041360267.0,0.0037612804869594932
2021-07-05,31.86,32.53,31.32,32.42,16510894.0,236942347.0,5041360267.0,0.0032750871045812524
2021-07-06,32.37,32.84,31.93,32.68,24132434.0,352278994.0,5041360267.0,0.004786889395302167
2021-07-07,32.59,33.55,32.53,33.51,30632291.0,458629923.0,5041360267.0,0.006076195585646686
2021-07-08,33.64,33.71,31.59,32.01,26623973.0,386608843.0,5041360267.0,0.0052811089844692505
2021-07-09,31.59,32.19,30.95,31.06,23523768.0,332012963.0,5041360267.0,0.004666154917351
2021-07-12,31.44,31.48,29.08,29.23,58511750.0,779925700.0,5041360267.0,0.011606341721501094
2021-07-13,29.19,30.03,28.46,29.81,35141657.0,465542879.0,5041360267.0,0.006970669648434392
2021-07-14,29.61,29.63,28.57,28.79,31777188.0,411785280.0,5041360267.0,0.006303296395619409
2021-07-15,28.7,29.66,28.54,29.59,27419770.0,361466799.0,5041360267.0,0.005438962610842507
2021-07-16,29.39,29.63,28.99,29.48,19862382.0,262380177.0,5041360267.0,0.003939885457108912
2021-07-19,29.48,30.59,29.06,30.32,32736896.0,440566355.0,5041360267.0,0.006493663270663454
2021-07-20,29.95,30.17,29.55,30.01,17989290.0,241151987.0,5041360267.0,0.0035683404968605867
2021-07-21,30.1,30.17,29.14,29.55,17415463.0,230846792.0,5041360267.0,0.003454516653768835
2021-07-22,29.41,30.15,29.3,29.83,18052014.0,242212605.0,5041360267.0,0.003580782376963975
2021-07-23,29.7,30.15,29.28,29.88,16618166.0,222094256.0,5041360267.0,0.003296365488651954
2021-07-26,29.79,29.79,28.37,28.61,23137203.0,298640019.0,5041360267.0,0.004589476207731614
2021-07-27,28.39,28.66,26.96,27.01,31567314.0,391262155.0,5041360267.0,0.006261665964766489
2021-07-28,27.01,27.34,26.68,27.1,19090124.0,231649014.0,5041360267.0,0.0037867010070597677
2021-07-29,27.25,27.39,26.9,27.23,18990403.0,231461211.0,5041360267.0,0.0037669204330244704
2021-07-30,27.03,27.14,26.45,26.92,19126894.0,230275845.0,5041360267.0,0.003793994673461808
2021-08-02,26.92,28.01,26.43,27.61,29467264.0,360053661.0,5041360267.0,0.005845101805734528
2021-08-03,26.81,27.36,26.36,27.21,31233836.0,376983209.0,5041360267.0,0.006195517548002288
2021-08-04,26.92,27.14,26.34,26.5,25998255.0,310992644.0,5041360267.0,0.0051569920860805646
2021-08-05,26.36,26.76,26.27,26.45,20546747.0,245329963.0,5041360267.0,0.004075635525295816
2021-08-06,26.36,26.52,25.83,26.21,15674412.0,184163868.0,5041360267.0,0.0031091632356850963
2021-08-09,26.14,28.41,26.07,27.63,36003902.0,447628952.0,5041360267.0,0.007141703844431874
2021-08-10,27.63,29.9,27.41,29.77,50754448.0,662827971.0,5041360267.0,0.010067609794172244
2021-08-11,29.77,31.28,29.77,30.19,43897475.0,600634764.0,5041360267.0,0.008707466373182331
2021-08-12,30.03,30.77,29.32,30.5,39967139.0,542753750.0,5041360267.0,0.007927848216208429
2021-08-13,30.64,30.66,29.72,30.15,20603510.0,278547784.0,5041360267.0,0.004086894986432042
2021-08-16,30.48,30.68,29.61,30.06,26395945.0,357077624.0,5041360267.0,0.005235877541381829
2021-08-17,30.03,30.7,29.61,29.68,21540994.0,291097405.0,5041360267.0,0.00427285352745055
2021-08-18,29.55,31.01,29.55,30.75,26764884.0,365724374.0,5041360267.0,0.005309059972404467
2021-08-19,30.3,30.37,29.48,30.03,25734155.0,345457672.0,5041360267.0,0.005104605431286468
2021-08-20,30.03,30.21,29.21,29.83,19120768.0,254556741.0,5041360267.0,0.0037927795252328473
2021-08-23,29.59,30.21,29.59,29.68,16717314.0,224590914.0,5041360267.0,0.0033160324028871867
2021-08-24,29.86,30.15,29.39,29.99,15362801.0,206459363.0,5041360267.0,0.003047352338725448
2021-08-25,29.9,30.21,29.28,29.37,13135483.0,175162342.0,5041360267.0,0.0026055434058111127
2021-08-26,29.55,29.55,28.7,28.83,14280258.0,185476852.0,5041360267.0,0.0028326200159660203
2021-08-27,28.81,29.37,28.54,28.61,11423559.0,148525065.0,5041360267.0,0.002265967595051068
2021-08-30,28.54,28.86,27.94,28.3,15382667.0,194872176.0,5041360267.0,0.0030512929418460067
2021-08-31,28.21,29.9,27.74,29.79,33206160.0,435663403.0,5041360267.0,0.0065867460846554884
2021-09-01,29.7,32.73,29.46,32.28,45465890.0,643189496.0,5041360267.0,0.009018575858903201
2021-09-02,32.28,32.57,31.64,32.55,26305733.0,381865453.0,5041360267.0,0.005217983164621946
2021-09-03,33.31,33.31,31.61,31.88,23091025.0,332068411.0,5041360267.0,0.004580316378329563
2021-09-06,31.41,32.15,31.28,31.39,15648513.0,221618285.0,5041360267.0,0.003104025931737681
2021-09-07,31.57,33.55,31.08,33.06,31988166.0,466525746.0,5041360267.0,0.0063451458149876355
2021-09-08,32.86,33.77,32.55,33.33,22074321.0,330062088.0,5041360267.0,0.00437864382446445
2021-09-09,32.95,33.79,32.82,33.71,15586557.0,233924034.0,5041360267.0,0.003091736391471028
2021-09-10,33.37,34.88,33.17,34.4,30015733.0,461903002.0,5041360267.0,0.005953895657185732
2021-09-13,34.37,34.42,33.37,33.82,15512592.0,235278229.0,5041360267.0,0.0030770647560229205
2021-09-14,33.93,34.04,33.06,33.31,17254556.0,258874653.0,5041360267.0,0.003422599276021945
2021-09-15,32.97,33.46,32.26,32.57,17474445.0,257396656.0,5041360267.0,0.003466216273886462
2021-09-16,32.59,33.15,32.28,32.5,11598810.0,169766225.0,5041360267.0,0.0023007302366236547
2021-09-17,32.64,34.17,32.26,33.82,22046290.0,331492311.0,5041360267.0,0.004373083618782764
2021-09-22,32.88,33.75,32.5,33.48,14650961.0,218150894.0,5041360267.0,0.002906152352551161
2021-09-23,33.62,34.04,32.7,33.22,15387970.0,230279442.0,5041360267.0,0.0030523448404842996
2021-09-24,33.19,33.35,32.62,32.9,7496224.0,110927587.0,5041360267.0,0.0014869447139235765
2021-09-27,32.77,33.55,32.3,32.79,12563629.0,185531739.0,5041360267.0,0.002492110925346808
2021-09-28,32.73,34.37,32.59,33.53,27040055.0,408133919.0,5041360267.0,0.005363642661485673
2021-09-29,33.15,34.84,32.84,34.13,24143377.0,367914572.0,5041360267.0,0.004789060039616487
2021-09-30,34.13,34.13,32.84,33.22,18071466.0,270856056.0,5041360267.0,0.0035846408593912934
2021-10-08,33.35,34.15,32.97,33.28,15031323.0,226271492.0,5041360267.0,0.0029816006402860794
2021-10-11,33.15,35.29,33.1,33.95,34151850.0,528204585.0,5041360267.0,0.006774332360960784
2021-10-12,33.71,34.64,33.28,34.24,30993635.0,474315136.0,5041360267.0,0.006147871478830775
2021-10-13,34.22,34.26,33.31,33.82,15225198.0,231175037.0,5041360267.0,0.0030200575228995037
2021-10-14,33.79,34.11,31.93,32.42,23521637.0,345634325.0,5041360267.0,0.004665732213975891
2021-10-15,32.64,33.75,32.08,33.35,22552241.0,336943684.0,5041360267.0,0.004473443635366359
2021-10-18,33.35,33.71,32.66,32.95,16764390.0,249156171.0,5041360267.0,0.003325370358817088
2021-10-19,32.79,33.71,32.79,33.42,15284517.0,229169255.0,5041360267.0,0.0030318239900548652
2021-10-20,33.51,33.64,32.95,33.35,12301976.0,183572535.0,5041360267.0,0.002440209655423144
2021-10-21,34.6,35.24,33.84,35.08,45517313.0,709141541.0,5041360267.0,0.009028776082112125
2021-10-22,35.2,35.6,34.06,34.26,33694199.0,524214216.0,5041360267.0,0.006683553091921887
2021-10-25,34.06,34.6,33.39,34.26,29699514.0,454821821.0,5041360267.0,0.00589117072120567
2021-10-26,34.13,34.66,33.71,33.97,21365039.0,327833669.0,5041360267.0,0.004237951241027623
2021-10-27,33.66,33.95,32.44,33.15,34104608.0,505497130.0,5060397440.0,0.006739511748705651
2021-10-28,32.93,33.28,31.84,32.24,19689676.0,287316826.0,5060397440.0,0.003890934700970839
2021-10-29,32.28,32.75,31.46,31.77,26289936.0,376160806.0,5060397440.0,0.005195231463874901
2021-11-01,31.73,33.19,31.37,32.93,30498987.0,447418917.0,5060397440.0,0.006026994393547081
2021-11-02,32.84,33.17,31.93,32.24,23787060.0,346004614.0,5060397440.0,0.004700630786818199
2021-11-03,32.26,33.08,31.81,32.5,21452291.0,314576951.0,5060397440.0,0.004239250227744957
2021-11-04,32.59,32.77,31.93,32.04,15079745.0,217902022.0,5060397440.0,0.0029799526971541587
2021-11-05,31.97,32.04,31.37,31.81,16904493.0,241218136.0,5060397440.0,0.003340546508536689
2021-11-08,31.41,31.77,31.12,31.53,17691149.0,249802743.0,5060397440.0,0.0034959999110267515
2021-11-09,31.66,31.68,30.21,30.99,26696551.0,369687010.0,5060397440.0,0.005275583848212523
2021-11-10,31.06,31.7,30.52,31.55,24465680.0,341884547.0,5060397440.0,0.004834734878057325
2021-11-11,31.53,33.08,31.37,32.73,32929049.0,481351944.0,5060397440.0,0.006507206082216341
2021-11-12,32.73,32.97,31.81,32.66,18759661.0,275780791.0,5060397440.0,0.00370715170545972
2021-11-15,32.66,33.19,32.44,32.9,18872265.0,279226507.0,5060397440.0,0.0037294037126064153
2021-11-16,33.31,33.33,32.37,32.55,15342048.0,225052324.0,5060397440.0,0.003031787163341858
2021-11-17,32.55,32.64,31.73,32.13,16241268.0,234465715.0,5060397440.0,0.0032094846684611396
2021-11-18,32.04,32.15,31.48,31.59,16369921.0,233610914.0,5060397440.0,0.0032349081656321446
2021-11-19,31.53,32.53,31.41,32.37,13913564.0,200581758.0,5060397440.0,0.002749500244787097
2021-11-22,32.15,32.44,31.88,31.99,13732008.0,198081669.0,5060397440.0,0.002713622430415268
2021-11-23,31.99,32.64,31.77,32.35,14932735.0,216815442.0,5060397440.0,0.002950901619300479
2021-11-24,32.37,32.46,31.24,31.39,25175132.0,356741048.0,5060397440.0,0.004974931771366954
2021-11-25,31.39,31.64,31.19,31.39,8423046.0,118938861.0,5060397440.0,0.001664502857704394
2021-11-26,31.28,31.3,30.66,31.12,15826845.0,220590122.0,5060397440.0,0.0031275893223122017
2021-11-29,30.81,31.01,30.48,30.57,13542805.0,186571880.0,5060397440.0,0.002676233469914964
2021-11-30,30.61,31.1,30.37,30.61,24123092.0,333185451.0,5060397440.0,0.004767035057230603
2021-12-01,30.44,30.75,30.23,30.35,19797948.0,270722546.0,5060397440.0,0.003912330648874884
2021-12-02,30.3,30.55,30.06,30.23,12483865.0,169862053.0,5060397440.0,0.0024669732265140028
2021-12-03,30.26,30.7,30.03,30.66,17087004.0,233541557.0,5060397440.0,0.003376613043263258
2021-12-06,30.81,31.55,30.44,30.61,37821237.0,526650220.0,5060397440.0,0.007473965720763624
2021-12-07,30.95,31.86,30.59,31.53,38540035.0,541945603.0,5060397440.0,0.0076160095045815215
2021-12-08,31.37,31.53,30.95,31.37,20221864.0,283584246.0,5060397440.0,0.003996101934633814
2021-12-09,31.26,32.1,31.04,31.81,23860097.0,339927366.0,5060397440.0,0.004715063842890569
2021-12-10,31.59,32.1,31.26,31.48,20590338.0,291653316.0,5060397440.0,0.004068917163945131
2021-12-13,31.35,32.15,31.26,31.32,22871727.0,325891260.0,5060397440.0,0.0045197491444466465
2021-12-14,31.32,31.32,30.61,30.81,19669808.0,273057172.0,5060397440.0,0.0038870085271405087
2021-12-15,30.79,30.81,30.26,30.39,18832660.0,257818365.0,5060397440.0,0.0037215772522404883
2021-12-16,30.59,30.68,30.28,30.68,12717806.0,174506374.0,5060397440.0,0.0025132029945853424
2021-12-17,30.68,30.79,30.08,30.12,15920900.0,216980915.0,5060397440.0,0.0031461758070923376
2021-12-20,30.06,30.44,29.83,30.03,11888035.0,161026274.0,5060397440.0,0.0023492295103208338
2021-12-21,30.06,30.39,29.99,30.26,13022498.0,176810815.0,5060397440.0,0.0025734140755552986
2021-12-22,30.39,30.41,29.7,29.79,16154850.0,217193592.0,5060397440.0,0.0031924073536801095
2021-12-23,29.88,29.99,29.23,29.5,28086285.0,371784009.0,5060397440.0,0.005550213265462406
2021-12-24,29.59,29.59,29.17,29.26,10056092.0,132518008.0,5060397440.0,0.001987213873857307
2021-12-27,29.19,29.32,28.61,28.99,16806795.0,218672004.0,5060397440.0,0.0033212401198274262
2021-12-28,28.97,29.26,28.83,29.14,12460861.0,162595083.0,5060397440.0,0.0024624273385135537
2021-12-29,29.14,29.14,28.39,28.61,19044271.0,244772973.0,5060397440.0,0.003763394323430849
2021-12-30,28.48,28.79,28.43,28.72,13367398.0,171879412.0,5060397440.0,0.002641570777492133
2021-12-31,28.68,28.68,28.19,28.52,19132621.0,243780969.0,5060452059.0,0.0037808126185036547
2022-01-04,28.37,28.59,28.1,28.43,25082998.0,320317793.0,5060452059.0,0.004956671401597404
2022-01-05,28.48,29.14,28.37,28.97,27319923.0,354809898.0,5060452059.0,0.005398711949342864
2022-01-06,28.9,29.08,28.61,28.63,15390199.0,198792282.0,5060452059.0,0.0030412695981633844
2022-01-07,28.77,29.61,28.66,29.48,31796286.0,418553233.0,5060452059.0,0.006283289640784244
2022-01-10,29.55,30.19,29.37,29.83,33607708.0,449830094.0,5060452059.0,0.006641246198593816
2022-01-11,29.9,31.06,29.83,30.77,48303351.0,664301717.0,5060452059.0,0.009545264027171768
2022-01-12,30.9,30.9,30.03,30.68,35142916.0,482308717.0,5060452059.0,0.006944619885786374
2022-01-13,30.35,31.08,30.32,30.61,23472293.0,324505585.0,5060452059.0,0.004638378691534997
2022-01-14,30.55,30.68,29.79,29.99,19534783.0,264178061.0,5060452059.0,0.0038602841746632976
2022-01-17,29.86,30.35,29.68,29.9,16137166.0,216829930.0,5060452059.0,0.0031888783475974435
2022-01-18,29.88,30.88,29.83,30.75,20437850.0,280368518.0,5060452059.0,0.004038739970602299
2022-01-19,30.57,31.88,30.57,31.64,37199325.0,526342303.0,5060452059.0,0.007350988521636344
2022-01-20,31.7,32.99,31.57,32.7,49275351.0,718068619.0,5060452059.0,0.009737341728663139
2022-01-21,32.7,32.9,32.04,32.5,28638326.0,417509718.0,5060452059.0,0.005659242626173449
2022-01-24,32.5,32.84,32.06,32.42,20378429.0,296758536.0,5060452059.0,0.0040269977390176084
2022-01-25,32.26,32.39,31.41,31.48,22258949.0,318271284.0,5060452059.0,0.004398608808162212
2022-01-26,31.59,31.86,31.04,31.48,19633820.0,277223984.0,5060452059.0,0.0038798549558593893
2022-01-27,31.46,32.15,30.99,31.5,25972742.0,369330054.0,5060452059.0,0.005132494428794667
2022-01-28,31.81,31.99,31.04,31.37,21141693.0,299619953.0,5060452059.0,0.004177826951724512
2022-02-07,31.59,32.93,31.53,32.64,26094346.0,379259628.0,5060452059.0,0.005156524693004705
2022-02-08,32.64,33.24,32.21,32.62,22064430.0,323640212.0,5060452059.0,0.004360169752178261
2022-02-09,32.75,33.04,32.17,32.26,22343798.0,326470842.0,5060452059.0,0.004415375887271102
2022-02-10,32.24,33.17,31.73,33.13,22788467.0,333744046.0,5060452059.0,0.0045032472858765205
2022-02-11,33.1,34.02,33.08,33.57,32630800.0,492774356.0,5060452059.0,0.006448198623276395
2022-02-14,33.39,33.53,32.5,32.59,14154501.0,209064212.0,5060452059.0,0.0027970823228779056
2022-02-15,32.5,32.86,31.93,32.13,16453334.0,238444034.0,5060452059.0,0.003251356560277612
2022-02-16,32.35,33.17,32.19,32.79,20079680.0,296335734.0,5060452059.0,0.003967961708932376
2022-02-17,32.88,33.02,32.66,32.79,19156680.0,282678749.0,5060452059.0,0.003785566936837174
2022-02-18,32.7,33.91,32.64,33.75,24484880.0,368037641.0,5060452059.0,0.004838476822728457
2022-02-21,33.75,34.6,33.39,34.57,22734115.0,349150248.0,5060452059.0,0.004492506743457324
2022-02-22,33.15,33.97,32.64,32.88,44633561.0,666057532.0,5060452059.0,0.008820073874747876
2022-02-23,33.13,33.13,32.53,32.86,24690271.0,363641877.0,5060452059.0,0.0048790643033735336
2022-02-24,32.9,32.93,32.1,32.3,19115669.0,279333564.0,5060452059.0,0.0037774627201541877
2022-02-25,32.42,32.64,31.48,31.84,26163757.0,375129439.0,5060452059.0,0.005170241056521389
2022-02-28,31.75,32.13,31.48,31.86,20198423.0,288227861.0,5060452059.0,0.00399142660863216
2022-03-01,31.95,32.53,31.1,32.37,26971867.0,386697319.0,5060452059.0,0.005329932323344632
2022-03-02,32.26,33.15,32.21,32.5,17402658.0,255373559.0,5060452059.0,0.003438953239177401
2022-03-03,32.59,33.73,32.53,33.44,26553436.0,397359274.0,5060452059.0,0.0052472458370146574
2022-03-04,33.39,33.42,32.75,33.02,17084533.0,253513444.0,5060452059.0,0.003376088302153798
2022-03-07,32.9,32.93,32.1,32.33,17586732.0,256714073.0,5060452059.0,0.0034753282503135357
2022-03-08,32.46,32.68,30.99,31.04,29212646.0,416394034.0,5060452059.0,0.005772734463128722
2022-03-09,31.37,31.41,29.41,30.15,24952512.0,341256312.0,5060452059.0,0.004930885958226208
2022-03-10,30.81,30.95,29.55,29.63,38096895.0,514180917.0,5060452059.0,0.007528358050985737
2022-03-11,29.99,31.61,29.61,31.26,61668145.0,846509674.0,5060452059.0,0.012186291714852505
2022-03-14,30.9,32.19,30.57,30.59,31152560.0,437783512.0,5060452059.0,0.006156082428366307
2022-03-15,30.48,30.57,28.61,28.63,41505212.0,548402854.0,5060452059.0,0.008201878313654428
2022-03-16,28.97,30.44,28.21,30.06,49913177.0,660855892.0,5060452059.0,0.009863383037337456
2022-03-17,30.44,30.57,29.77,29.81,26532621.0,359686813.0,5060452059.0,0.005243132568129325
2022-03-18,29.63,30.88,29.61,30.61,26073751.0,355829155.0,5060452059.0,0.005152454898496253
2022-03-21,30.5,30.5,29.55,29.7,29647606.0,399561284.0,5060452059.0,0.005858687258438071
2022-03-22,29.59,30.61,29.5,30.55,35197147.0,477747785.0,5060452059.0,0.006955336517298286
2022-03-23,30.28,30.77,30.15,30.52,26934040.0,369115653.0,5060452059.0,0.005322457299461594
2022-03-24,30.52,31.46,30.1,31.04,30005637.0,419293598.0,5060452059.0,0.005929438052206236
2022-03-25,31.04,31.32,30.03,30.32,23058791.0,316539629.0,5060452059.0,0.004556666228857954
2022-03-28,30.06,30.41,29.68,30.08,20030492.0,270781969.0,5060452059.0,0.003958241628705053
2022-03-29,30.19,30.48,30.03,30.21,10895211.0,148082189.0,5060452059.0,0.0021530114054974393
2022-03-30,30.15,30.75,29.83,30.64,21720807.0,296576850.0,5060452059.0,0.004292266134874177
2022-03-31,30.32,31.59,30.3,31.35,32300462.0,452917961.0,5060462058.0,0.006382907653449696
2022-04-01,30.99,33.17,30.99,33.15,39129415.0,572578305.0,5060462058.0,0.007732379879845351
2022-04-06,32.9,33.88,32.82,33.48,24318710.0,364444760.0,5060462058.0,0.004805630339932093
2022-04-07,33.26,34.15,32.86,32.99,21713855.0,325806412.0,5060462058.0,0.004290883866162563
2022-04-08,32.97,33.53,32.73,33.39,17751209.0,264595881.0,5060462058.0,0.00350782375137808
2022-04-11,33.15,33.15,32.44,32.75,17735320.0,261397300.0,5060462058.0,0.0035046839195172954
2022-04-12,32.84,34.04,32.37,33.55,31303938.0,469513031.0,5060462058.0,0.00618598413370418
2022-04-13,33.42,33.99,33.17,33.46,16380131.0,247172765.0,5060462058.0,0.003236884460798382
2022-04-14,33.79,34.26,32.88,32.97,22168421.0,332866322.0,5060462058.0,0.004380710841405146
2022-04-15,32.97,34.31,32.53,34.04,24870096.0,376485658.0,5060462058.0,0.004914589955413909
2022-04-18,33.66,35.06,33.22,34.48,37497408.0,578573625.0,5060462058.0,0.007409878301670294
2022-04-19,34.28,34.64,33.42,34.24,26515351.0,406215371.0,5060462058.0,0.005239709476347584
2022-04-20,34.37,34.6,33.22,33.39,20227748.0,306422228.0,5060462058.0,0.003997213647323428
2022-04-21,33.15,33.88,32.84,32.95,17199071.0,257549210.0,5060462058.0,0.0033987155328652797
2022-04-22,32.84,34.22,32.7,33.97,23962365.0,363667180.0,5060462058.0,0.004735212857118116
2022-04-25,33.42,34.15,32.79,32.79,35258450.0,531643181.0,5060462058.0,0.006967436885384904
2022-04-26,33.64,34.73,33.1,33.31,47116914.0,718954760.0,5060462058.0,0.009310792860409586
2022-04-27,33.37,34.37,32.73,33.44,30982202.0,468771075.0,5060462058.0,0.006122405749692511
2022-04-28,33.57,34.33,33.33,33.93,30349002.0,460915431.0,5060462058.0,0.005997278835837089
2022-04-29,33.82,34.35,32.93,33.99,40266731.0,608674217.0,5060462058.0,0.007957125364934413
2022-05-05,33.91,34.71,33.77,34.46,28543103.0,439762206.0,5060462058.0,0.005640414387630213
2022-05-06,33.97,34.26,32.73,32.97,24702088.0,370487555.0,5060462058.0,0.004881389825055378
2022-05-09,32.53,32.84,31.5,31.68,25287399.0,363641294.0,5060462058.0,0.00499705337381664
2022-05-10,31.41,32.97,31.1,32.9,26447176.0,383988349.0,5060462058.0,0.005226237386404291
2022-05-11,32.82,33.24,32.15,32.24,24410366.0,355342960.0,5060462058.0,0.004823742519995789
2022-05-12,32.06,32.48,31.61,31.84,12733818.0,182857888.0,5060462058.0,0.0025163350409611943
2022-05-13,31.95,32.37,31.7,32.13,21493966.0,309223278.0,5060462058.0,0.004247431509939008
2022-05-16,31.93,32.04,31.15,31.37,25410391.0,359333814.0,5060462058.0,0.0050213578737991205
2022-05-17,31.48,31.61,30.66,31.37,29149787.0,408020681.0,5060462058.0,0.00576030146376013
2022-05-18,31.55,31.55,30.46,30.68,28047641.0,387496261.0,5060462058.0,0.005542505936915376
2022-05-19,30.26,30.64,30.03,30.26,27156333.0,369462243.0,5060462058.0,0.0053663741944411985
2022-05-20,30.32,30.64,30.15,30.41,28521494.0,389725327.0,5060462058.0,0.005636144224203963
2022-05-23,30.3,30.57,29.61,29.81,34431237.0,463189764.0,5060462058.0,0.006803970982366765
2022-05-24,29.99,30.28,29.66,29.75,26888730.0,362588745.0,5060462058.0,0.005313493054945853
2022-05-25,29.63,29.95,29.63,29.81,14189032.0,190009748.0,5060462058.0,0.002803900481294746
2022-05-26,29.81,30.15,29.26,30.06,29054973.0,387701092.0,5060462058.0,0.005741565230010464
2022-05-27,29.81,30.48,29.81,30.23,24655148.0,333908252.0,5060462058.0,0.00487211399224367
2022-05-30,30.32,30.32,29.52,29.61,19365899.0,259200368.0,5060462058.0,0.0038269033100218138
2022-05-31,29.61,30.52,29.32,30.3,37587502.0,508855347.0,5060462058.0,0.007427681814268036
2022-06-01,30.15,30.28,29.32,29.5,35851666.0,476538663.0,5060462058.0,0.007084662544465223
2022-06-02,29.32,29.99,29.3,29.77,25328481.0,337848573.0,5060462058.0,0.005005171604825814
2022-06-06,29.88,30.39,29.37,30.35,35990974.0,485586849.0,5060462058.0,0.00711219125595507
2022-06-07,30.35,31.26,30.15,30.92,28817136.0,400319164.0,5060462058.0,0.00569456616208464
2022-06-08,30.86,31.04,30.3,30.7,24209748.0,332982637.0,5060462058.0,0.004784098314051622
2022-06-09,30.88,31.04,30.5,30.72,19746989.0,273536862.0,5060462058.0,0.0039022106625189127
2022-06-10,30.59,31.04,30.46,30.79,29526158.0,407558696.0,5060462058.0,0.005834676292715719
2022-06-13,30.79,30.79,29.68,29.92,25984690.0,350974048.0,5060462058.0,0.005134845336686447
2022-06-14,29.66,30.68,29.52,30.64,20113093.0,273277586.0,5060462058.0,0.003974556625358656
2022-06-15,30.59,31.77,30.5,31.21,29130952.0,410319691.0,5060462058.0,0.005756579471621048
2022-06-16,31.15,31.17,30.39,30.44,20933110.0,288279984.0,5060462058.0,0.00413660052384094
2022-06-17,30.35,30.59,30.12,30.26,17566106.0,239286735.0,5060462058.0,0.003471245471000032
2022-06-20,30.23,30.52,30.03,30.19,18930870.0,257421684.0,5060462058.0,0.00374093704942862
2022-06-21,30.19,31.41,30.19,31.28,34741721.0,485876463.0,5060462058.0,0.006865325854005247
2022-06-22,31.41,31.41,30.7,30.81,16226583.0,225289577.0,5060462058.0,0.003206541777019683
2022-06-23,30.77,31.1,30.64,31.01,15206069.0,211108161.0,5060462058.0,0.0030048775834532696
2022-06-24,31.08,31.24,30.55,31.06,19155494.0,265535364.0,5060462058.0,0.0037853250909603005
2022-06-27,30.92,31.93,30.84,31.9,33395793.0,474012972.0,5060462058.0,0.006599356465326155
2022-06-28,31.88,32.57,31.68,32.44,27323603.0,395631942.0,5060462058.0,0.005399428488314535
2022-06-29,32.42,33.1,32.26,32.93,27175555.0,401679868.0,5060462058.0,0.005370172661810322
2022-06-30,32.79,33.68,32.66,33.33,27011042.0,405356238.0,5060471640.0,0.0053376530729851105
2022-07-01,33.35,33.64,32.88,33.06,22107372.0,329232084.0,5060471640.0,0.0043686386512384445
2022-07-04,33.1,33.46,32.7,33.19,29893336.0,444549068.0,5060471640.0,0.0059072233037946635
2022-07-05,33.19,33.28,32.62,32.84,21427399.0,316504991.0,5060471640.0,0.004234269159939409
2022-07-06,32.93,33.02,32.24,32.39,13515754.0,197191145.0,5060471868.0,0.0026708485596900863
2022-07-07,32.57,32.59,32.13,32.19,12943419.0,187998572.0,5060471868.0,0.002557749422904212
2022-07-08,32.46,32.57,31.93,32.21,10958795.0,159006499.0,5060471868.0,0.0021655678138037225
2022-07-11,32.86,33.53,32.7,32.88,34844125.0,516317960.0,5060471868.0,0.0068855486027572955
2022-07-12,33.19,33.88,33.04,33.19,33172729.0,498375051.0,5060471868.0,0.0065552639882791265
2022-07-13,33.1,33.33,32.31,32.42,27355628.0,392782197.0,5060471868.0,0.005405746482454312
2022-07-14,32.42,32.85,31.53,32.69,38538379.0,547524892.0,5060471868.0,0.007615570248240732
2022-07-15,32.92,33.99,32.69,33.03,36888629.0,540596618.0,5060471868.0,0.007289563100481997
2022-07-18,33.26,33.56,32.4,32.6,32131528.0,464349924.0,5060471868.0,0.006349512226949505
2022-07-19,32.58,32.92,32.49,32.72,15745771.0,226254485.0,5060471868.0,0.0031115222869963397
2022-07-20,32.81,33.33,32.58,33.08,16944802.0,245060741.0,5060471868.0,0.0033484628394341662
2022-07-21,33.15,33.15,31.74,31.78,21582472.0,304824583.0,5060471868.0,0.004264912949418258
2022-07-22,31.94,32.12,31.28,31.62,20071634.0,278469746.0,5060471868.0,0.0039663562062114
2022-07-25,31.64,32.08,31.37,31.92,16132219.0,225160194.0,5060471868.0,0.003187888288049268
2022-07-26,32.01,32.53,31.9,32.4,13215430.0,187467989.0,5060471868.0,0.002611501524900879
2022-07-27,32.4,32.87,32.12,32.69,10706805.0,153156220.0,5060471868.0,0.0021157720622269846
2022-07-28,32.81,33.22,32.53,32.65,12554293.0,180861605.0,5060471868.0,0.0024808542221897005
2022-07-29,32.58,33.08,32.4,32.58,17929247.0,257225490.0,5060471868.0,0.0035429990458747474
2022-08-01,32.37,32.72,31.92,32.49,18854539.0,267627622.0,5060471868.0,0.0037258460261832644
2022-08-02,32.12,32.31,31.33,31.64,22921558.0,318468046.0,5060471868.0,0.004529529774672783
2022-08-03,31.74,31.83,30.96,30.96,18117696.0,249230364.0,5060471868.0,0.0035802384585057433
2022-08-04,31.26,31.39,30.98,31.14,10863403.0,148738722.0,5060471868.0,0.0021467173977776574
2022-08-05,31.17,31.55,30.98,31.37,13581502.0,186618637.0,5060471868.0,0.0026838410239730633
2022-08-08,31.51,31.74,31.12,31.19,13675339.0,188248911.0,5060471868.0,0.0027023841564017565
2022-08-09,31.1,31.1,30.66,30.76,21505100.0,291127236.0,5060471868.0,0.004249623466141162
2022-08-10,30.82,31.03,30.48,30.48,11273619.0,151719516.0,5060471868.0,0.002227780194034664
2022-08-11,30.48,30.87,30.37,30.69,15411870.0,207065415.0,5060471868.0,0.0030455401002142278
2022-08-12,30.64,30.96,30.46,30.85,14223890.0,192118838.0,5060471868.0,0.002810783336223064
2022-08-15,30.55,30.71,29.8,30.23,28850239.0,382848646.0,5060471868.0,0.005701096607696822
2022-08-16,30.07,30.48,29.98,30.21,11403318.0,151091018.0,5060471868.0,0.0022534100173758737
2022-08-17,30.25,30.71,29.98,30.62,15320188.0,204818440.0,5060471868.0,0.0030274228174011855
2022-08-18,30.62,30.69,29.82,29.91,20719420.0,273342073.0,5060471868.0,0.0040943652174058485
2022-08-19,29.94,30.55,29.89,30.28,17679788.0,235329760.0,5060471868.0,0.0034937034452851147
2022-08-22,30.28,31.17,30.19,30.21,35035648.0,469749117.0,5060471868.0,0.00692339546862194
2022-08-23,30.21,30.32,29.73,29.96,26163723.0,343790325.0,5060471868.0,0.005170214099093575
2022-08-24,29.91,30.44,29.91,30.28,24333612.0,322944789.0,5060471868.0,0.00480856580863024
2022-08-25,30.41,31.33,30.1,31.21,35001860.0,473531291.0,5060471868.0,0.006916718620912607
2022-08-26,31.49,32.69,31.49,32.58,56750752.0,803353790.0,5060471868.0,0.011214517831600759
2022-08-29,32.33,32.92,31.69,31.96,28379261.0,398475463.0,5060471868.0,0.005608026630768734
2022-08-30,31.69,32.33,31.6,31.96,20812132.0,291660755.0,5060471868.0,0.004112686038550269
2022-08-31,31.85,32.76,31.83,32.65,36833364.0,526098212.0,5060471868.0,0.007278642182148378
2022-09-01,32.62,32.69,31.94,32.21,21695863.0,308444505.0,5060471868.0,0.004287320148382652
2022-09-02,32.26,32.67,32.03,32.31,15529879.0,220395217.0,5060471868.0,0.0030688598622993076
2022-09-05,32.44,32.67,32.03,32.62,15903816.0,226000609.0,5060471868.0,0.0031427535642610947
2022-09-06,32.6,33.01,32.44,32.78,18648965.0,268266656.0,5060471868.0,0.003685222541780564
2022-09-07,32.85,32.9,32.31,32.58,18214522.0,260455220.0,5060471868.0,0.003599372247315495
2022-09-08,32.62,33.1,32.58,32.9,20782306.0,300290629.0,5060471868.0,0.004106792121781637
2022-09-09,33.01,33.56,32.69,33.06,21712105.0,316720437.0,5060471868.0,0.004290529730497456
2022-09-13,32.97,33.6,32.69,33.13,26412844.0,384704666.0,5060471868.0,0.00521944290749291
2022-09-14,32.92,33.28,32.67,32.9,13028150.0,188777285.0,5060471868.0,0.002574493118395496
2022-09-15,33.06,33.72,33.06,33.35,29376061.0,431950378.0,5060471868.0,0.005805004309135703
2022-09-16,33.33,33.4,32.37,32.46,19369555.0,278591953.0,5060471868.0,0.0038276183536329464
2022-09-19,32.53,32.76,32.31,32.58,14167438.0,202176179.0,5060471868.0,0.0027996278547832844
2022-09-20,32.53,32.76,31.92,32.05,15539678.0,219240608.0,5060471868.0,0.003070796242987829
2022-09-21,32.01,32.4,31.76,32.08,9566385.0,134964647.0,5060471868.0,0.0018904136312847101
2022-09-22,32.08,32.51,31.74,32.15,14411931.0,202732463.0,5060471868.0,0.0028479421239616305
2022-09-23,32.05,32.99,32.05,32.31,15930788.0,226732544.0,5060471868.0,0.003148083502002782
2022-09-26,31.94,32.53,31.42,31.55,15179475.0,212168693.0,5060471868.0,0.0029996165171844408
2022-09-27,31.39,31.94,31.17,31.87,12910193.0,179130983.0,5060471868.0,0.002551183632032
2022-09-28,31.74,32.78,31.71,32.42,24319906.0,346157447.0,5060471868.0,0.004805857365552694
2022-09-29,32.6,33.01,32.08,32.31,17754683.0,253795658.0,5060471868.0,0.0035085034485167503
2022-09-30,32.31,32.81,32.28,32.46,11140992.0,159276674.0,5060474555.0,0.002201570599538367
2022-10-10,32.46,32.58,31.92,32.01,20689737.0,292900936.0,5060474555.0,0.004088497387968785
2022-10-11,32.17,32.28,31.49,31.74,13547222.0,188919664.0,5060474555.0,0.0026770655306654336
2022-10-12,31.9,32.44,31.67,32.35,20538565.0,289472586.0,5060474555.0,0.004058624300305369
2022-10-13,32.35,32.35,30.55,31.17,44014921.0,603023483.0,5060474555.0,0.008697785261366659
2022-10-14,31.21,31.87,31.1,31.53,19876914.0,275538862.0,5060474555.0,0.003927875495463291
2022-10-17,31.28,31.76,31.26,31.64,12405740.0,171850003.0,5060474555.0,0.002451497357642578
2022-10-18,32.01,32.33,31.55,31.62,28365483.0,398227501.0,5060474555.0,0.0056053009834766375
2022-10-19,31.3,32.65,31.3,31.94,22910569.0,322861303.0,5060474555.0,0.004527355834120976
2022-10-20,31.85,32.05,31.64,31.78,14879181.0,207765267.0,5060474555.0,0.0029402738494749728
2022-10-21,31.74,32.08,31.46,31.76,14546696.0,202938224.0,5060474555.0,0.0028745715133825034
2022-10-24,31.76,31.85,30.19,30.23,25897937.0,348684158.0,5060474713.0,0.0051176892423689105
2022-10-25,30.23,30.64,29.73,29.91,18957433.0,249417696.0,5060474713.0,0.0037461768065552626
2022-10-26,29.91,30.07,28.43,28.66,38887164.0,497142969.0,5060474713.0,0.007684489342492245
2022-10-27,28.96,28.98,28.04,28.27,31325436.0,391052971.0,5066820452.0,0.0061824641896744284
2022-10-28,28.14,28.66,27.63,28.27,23687630.0,294716151.0,5066820452.0,0.0046750482327926
2022-10-31,28.14,28.2,27.34,27.59,30025977.0,364946364.0,5066820452.0,0.005925999802923351
2022-11-01,27.63,28.09,27.52,28.09,24669609.0,300832073.0,5066820452.0,0.004868853995065543
2022-11-02,27.89,28.11,27.25,27.66,47723702.0,576895529.0,5066820452.0,0.009418865825640667
2022-11-03,27.48,27.54,26.97,27.43,26169434.0,313421574.0,5066820452.0,0.005164863102593319
2022-11-04,27.25,28.25,27.18,28.09,25517693.0,312292733.0,5066820452.0,0.005036233914688556
2022-11-07,27.91,28.36,27.77,28.16,19388064.0,238656359.0,5066820452.0,0.00382647543635517
2022-11-08,28.0,28.36,27.77,27.95,16815034.0,206582107.0,5066820452.0,0.0033186559814573037
2022-11-09,27.98,28.36,27.89,27.93,11714324.0,144349962.0,5066820452.0,0.002311967457890888
2022-11-10,27.77,28.02,27.38,27.93,14393327.0,175251966.0,5066820452.0,0.002840702001650482
2022-11-11,28.25,30.12,28.02,29.64,56373997.0,722413604.0,5066820452.0,0.011126109072554126
2022-11-14,29.96,30.89,29.84,29.98,39038600.0,518517420.0,5066820452.0,0.007704752984604081
2022-11-15,29.84,30.07,29.43,29.89,20252982.0,265273367.0,5066820452.0,0.0039971777551355
2022-11-16,29.73,30.03,29.14,29.39,30071404.0,388859257.0,5066820452.0,0.005934965386059826
2022-11-17,29.39,29.57,29.21,29.48,12914831.0,166447595.0,5066820452.0,0.0025489024374057293
2022-11-18,29.5,29.55,28.68,28.93,21488893.0,273964838.0,5066820452.0,0.0042411001541445585
2022-11-21,28.71,29.18,28.5,29.07,15470365.0,196116221.0,5066820452.0,0.0030532688392171984
2022-11-22,29.07,29.66,28.96,29.39,16929262.0,217979582.0,5066820452.0,0.003341200297183927
2022-11-23,29.41,29.73,29.16,29.23,14924395.0,192854399.0,5066820452.0,0.0029455148729631755
2022-11-24,29.43,29.59,29.21,29.37,11344793.0,146305511.0,5066820452.0,0.002239035921535749
2022-11-25,29.28,29.98,29.12,29.84,22727306.0,295988742.0,5066820452.0,0.004485516353955066
2022-11-28,29.41,29.46,28.98,29.32,14429970.0,184916983.0,5066820452.0,0.002847933953196256
2022-11-29,29.84,31.1,29.64,30.55,49978729.0,669858948.0,5066820452.0,0.009863923435509177
2022-11-30,30.53,30.73,29.98,30.12,23641930.0,314601240.0,5066820452.0,0.00466602876971256
2022-12-01,30.55,31.17,29.87,29.96,24404691.0,325641587.0,5066820452.0,0.004816569134666468
2022-12-02,30.05,30.12,29.32,29.59,17003708.0,220644841.0,5066820452.0,0.003355893140695012
2022-12-05,29.96,30.87,29.84,30.6,28781414.0,384468079.0,5066820452.0,0.005680369824164434
2022-12-06,30.53,30.82,30.21,30.71,16895234.0,226579334.0,5066820452.0,0.003334484448394265
2022-12-07,30.51,30.82,29.96,30.07,20804642.0,276998000.0,5066820452.0,0.004106054713619838
2022-12-08,29.98,30.51,29.98,30.28,12145596.0,161405388.0,5066820452.0,0.0023970843480758887
2022-12-09,30.19,30.92,30.19,30.76,22050694.0,296581340.0,5066820452.0,0.004351978565037971
2022-12-12,30.55,30.64,30.03,30.19,22409855.0,297988272.0,5066820452.0,0.00442286345298742
2022-12-13,30.21,30.53,30.03,30.14,11563104.0,153376938.0,5066820452.0,0.002282122311130199
2022-12-14,30.21,30.37,29.98,30.12,9977603.0,132150163.0,5066820452.0,0.001969203979995303
2022-12-15,30.16,30.19,29.41,29.53,14838262.0,192777715.0,5066820452.0,0.0029285154547252544
2022-12-16,29.64,30.16,29.5,29.91,13750862.0,180416908.0,5066820452.0,0.002713903547652294
2022-12-19,29.96,30.25,28.98,29.21,23175711.0,300060203.0,5066820452.0,0.004574014654664144
2022-12-20,29.25,29.48,28.66,28.8,15930170.0,202726699.0,5066820452.0,0.00314401707163552
2022-12-21,28.77,29.39,28.75,29.09,9859908.0,125906092.0,5066820452.0,0.0019459754087216667
2022-12-22,29.34,29.59,28.93,29.07,8297446.0,106482649.0,5066820452.0,0.00163760411062618
2022-12-23,28.93,29.05,28.64,28.84,8397512.0,106184464.0,5066820452.0,0.0016573533796101446
2022-12-26,28.84,28.96,28.43,28.71,13315761.0,167587377.0,5066820452.0,0.0026280309567203904
2022-12-27,28.84,29.55,28.84,29.43,14697191.0,188785112.0,5066820452.0,0.0029006733392730848
2022-12-28,29.55,29.82,29.28,29.53,11262131.0,146057278.0,5066820452.0,0.0022227215482945634
2022-12-29,29.41,29.55,28.93,29.39,11471887.0,147474601.0,5066820452.0,0.0022641195022949276
2022-12-30,29.5,30.03,29.43,29.8,15056358.0,196559067.0,5066821084.0,0.0029715590407454772
2023-01-03,29.87,30.46,29.37,30.3,21241613.0,280327105.0,5066821084.0,0.004192295849379157
2023-01-04,30.48,31.05,30.14,30.82,21629567.0,292345356.0,5066821084.0,0.00426886338424339
2023-01-05,30.94,31.26,30.69,30.94,16416097.0,223308018.0,5066821084.0,0.003239920401341726
2023-01-06,30.94,31.08,30.48,30.87,13289351.0,179285525.0,5066821084.0,0.0026228182877751677
2023-01-09,30.87,31.14,30.62,30.96,12475614.0,169382934.0,5066821084.0,0.0024622171955894544
2023-01-10,30.8,31.03,30.35,30.48,13293174.0,178715508.0,5066821084.0,0.0026235728042533738
2023-01-11,30.51,30.85,30.35,30.41,13517476.0,181181827.0,5066821084.0,0.0026678415866479804
2023-01-12,30.53,30.64,30.19,30.48,13240083.0,176774895.0,5066821084.0,0.0026130946367554824
2023-01-13,30.41,30.87,30.41,30.87,10462174.0,141101005.0,5066821084.0,0.0020648398328169584
2023-01-16,30.92,31.21,30.44,30.53,20216355.0,273032375.0,5066821084.0,0.00398994846371015
2023-01-17,30.66,30.66,30.19,30.44,16856549.0,224516889.0,5066821084.0,0.003326849067797082
2023-01-18,30.3,30.66,30.19,30.53,14399751.0,192650840.0,5066821084.0,0.0028419695034173423
2023-01-19,30.6,30.62,30.1,30.32,11672791.0,154956541.0,5066821084.0,0.0023037701167030193
2023-01-20,30.37,30.44,30.0,30.25,15710667.0,208635675.0,5066821084.0,0.0031006950392645834
2023-01-30,30.55,30.57,29.94,29.98,24107502.0,319799180.0,5066821084.0,0.004757914597799127
2023-01-31,30.1,30.3,29.62,29.66,20516139.0,268736405.0,5066821084.0,0.0040491145552357935
2023-02-01,29.71,29.84,29.28,29.71,26484769.0,343077827.0,5066821084.0,0.005227097732665865
2023-02-02,29.71,29.75,29.34,29.41,20172796.0,260860566.0,5066821084.0,0.003981351554666421
2023-02-03,29.37,29.39,28.87,29.02,15812141.0,201564496.0,5066821084.0,0.003120722192052835
2023-02-06,28.87,29.23,28.68,28.96,17494819.0,222694679.0,5066821084.0,0.0034528195706860685
2023-02-07,29.07,29.18,28.82,29.0,15005864.0,190896022.0,5066821084.0,0.0029615934234160143
2023-02-08,29.0,29.0,28.71,28.75,19405386.0,245710710.0,5066821084.0,0.0038298936706642945
2023-02-09,28.75,29.0,28.66,28.82,25675136.0,324346569.0,5066821084.0,0.005067306615794449
2023-02-10,28.75,28.77,28.36,28.52,32205861.0,402628286.0,5066821084.0,0.006356226214835101
2023-02-13,28.48,28.5,28.07,28.41,26076492.0,324189195.0,5066821084.0,0.005146519201624132
2023-02-14,28.48,28.48,27.82,27.98,47515067.0,586576167.0,5066821084.0,0.009377687945217369
2023-02-15,28.09,28.18,27.82,27.86,32571222.0,399846261.0,5066821084.0,0.006428334740860173
2023-02-16,27.93,28.04,27.43,27.54,44143472.0,539076019.0,5066821084.0,0.008712261843899756
2023-02-17,27.48,27.59,27.11,27.11,38173375.0,457636611.0,5066821084.0,0.007533989135820056
2023-02-20,27.32,28.07,27.2,28.07,55362282.0,675698334.0,5066821084.0,0.010926433178156406
2023-02-21,28.02,28.14,27.75,27.98,30624454.0,375582189.0,5066821084.0,0.006044115924421696
2023-02-22,27.84,28.0,27.7,27.98,16720078.0,204606262.0,5066821084.0,0.0032999148228854257
2023-02-23,27.95,28.2,27.86,28.0,21037111.0,258913522.0,5066821084.0,0.004151934842623703
2023-02-24,28.02,28.04,27.77,27.91,16114686.0,197349979.0,5066821084.0,0.0031804332011814923
2023-02-27,27.75,27.93,27.66,27.84,14334359.0,174837730.0,5066821084.0,0.0028290635809630257
2023-02-28,27.79,27.95,27.36,27.63,27528752.0,333202768.0,5066821084.0,0.005433140729387554
2023-03-01,27.61,27.91,27.5,27.89,20828138.0,254281049.0,5066821084.0,0.0041106914285509435
2023-03-02,27.91,28.09,27.75,28.0,21597578.0,265127942.0,5066821084.0,0.0042625499582372856
2023-03-03,28.0,28.2,27.91,28.18,19070325.0,234926103.0,5066821084.0,0.0037637652255415616
2023-03-06,28.18,28.18,27.63,27.66,23706292.0,289284261.0,5066821084.0,0.004678730826880723
2023-03-07,27.68,28.07,27.52,27.57,24541697.0,299053481.0,5066821084.0,0.00484360836768003
2023-03-08,27.48,27.48,27.18,27.34,19164023.0,229396151.0,5066821084.0,0.0037822576882606184
2023-03-09,27.36,27.5,27.16,27.18,15692074.0,187610717.0,5066821084.0,0.0030970254800494943
2023-03-10,27.02,27.09,26.63,26.68,24505980.0,288226336.0,5066821084.0,0.004836559174624292
2023-03-13,26.45,26.68,26.25,26.52,18016871.0,208929269.0,5066821084.0,0.0035558530094724774
2023-03-14,26.2,26.34,25.63,25.86,29270447.0,333593896.0,5066821084.0,0.005776885845136742
2023-03-15,26.09,26.36,25.88,25.99,23607409.0,270657909.0,5066821084.0,0.004659215040086464
2023-03-16,25.93,26.29,25.84,26.02,17509188.0,200505074.0,5066821084.0,0.0034556554710981385
2023-03-17,26.2,26.25,25.74,26.02,28494615.0,324298113.0,5066821084.0,0.005623765774951133
2023-03-20,26.02,26.15,25.86,25.93,17216680.0,196115805.0,5066821084.0,0.0033979253884386814
2023-03-21,25.99,26.63,25.88,26.45,21456834.0,246953734.0,5066821084.0,0.004234772383764716
2023-03-22,26.61,26.84,26.5,26.75,13621368.0,159337125.0,5066821084.0,0.0026883459617339824
2023-03-23,26.61,27.18,26.43,27.0,20519620.0,242130609.0,5066821084.0,0.004049801573771141
2023-03-24,27.16,27.16,26.75,26.79,13515427.0,159357331.0,5066821084.0,0.00266743719107805
2023-03-27,26.66,26.75,26.04,26.18,17529762.0,202023634.0,5066821084.0,0.0034597160052395486
2023-03-28,26.27,26.38,26.09,26.2,10193266.0,117188409.0,5066821084.0,0.0020117675029395214
2023-03-29,26.2,26.22,25.86,26.09,11831591.0,135136213.0,5066821084.0,0.0023351112667786473
2023-03-30,26.09,26.47,25.88,26.4,13219101.0,151941517.0,5066821084.0,0.002608953578752417
2023-03-31,26.36,26.56,26.18,26.45,16173502.0,187012031.0,5066825986.0,0.003192038180251016
2023-04-03,26.43,26.77,26.29,26.61,15875085.0,185167147.0,5066825986.0,0.0031331419401147754
2023-04-04,26.63,26.7,26.27,26.52,13255207.0,154059103.0,5066825986.0,0.002616077014806721
2023-04-06,26.45,26.68,26.2,26.56,12171744.0,140846182.0,5066825986.0,0.0024022423571741745
2023-04-07,26.52,26.77,26.31,26.68,10463572.0,122168432.0,5066825986.0,0.002065113747523912
2023-04-10,26.68,26.79,26.47,26.68,11621096.0,136039231.0,5066825986.0,0.0022935652481671787
2023-04-11,26.59,26.72,26.47,26.7,13670718.0,159830794.0,5066825986.0,0.0026980831861550337
2023-04-12,26.72,26.84,26.54,26.68,11068319.0,129708629.0,5066825986.0,0.002184467955004287
2023-04-13,26.61,27.29,26.56,27.13,23489882.0,278760367.0,5066825986.0,0.004636015143386454
2023-04-14,27.07,27.45,27.0,27.45,21023397.0,252552075.0,5066825986.0,0.004149224200335503
2023-04-17,27.45,27.86,27.34,27.79,32949251.0,399082373.0,5066825986.0,0.006502937162444718
2023-04-18,27.7,28.0,27.61,27.66,24335272.0,296792846.0,5066826065.0,0.004802863111504894
2023-04-19,27.61,27.66,27.18,27.45,16386660.0,197278328.0,5066826065.0,0.0032341074648671603
2023-04-20,27.45,27.52,27.11,27.45,27403809.0,329014815.0,5066826065.0,0.005408476361424102
2023-04-21,27.54,27.61,27.02,27.04,13307320.0,159500931.0,5066826065.0,0.0026263621109717332
2023-04-24,27.09,27.48,26.95,27.04,14993372.0,179138466.0,5362743064.999999,0.0027958400800244198
2023-04-25,27.18,27.75,27.09,27.73,25157639.0,303419722.0,5362743064.999999,0.0046911885755242695
2023-04-26,27.5,27.57,26.88,27.43,24403398.0,292342387.0,5362743064.999999,0.00455054394816508
2023-04-27,27.29,27.48,27.16,27.41,23763794.0,284824343.0,5362743064.999999,0.004431275881012212
2023-04-28,28.48,29.37,28.39,28.61,85022493.0,1078188380.0,5362743064.999999,0.015854291725236704
2023-05-04,28.34,29.12,28.16,29.0,38733702.0,489173035.0,5362743064.999999,0.0072227405882627355
2023-05-05,29.28,30.03,29.25,29.39,43903642.0,570491041.0,5362743064.999999,0.008186788266351525
2023-05-08,29.5,30.3,29.21,29.78,51575994.0,675995140.0,5362743064.999999,0.00961746505004338
2023-05-09,30.03,30.32,29.34,29.5,45491344.0,594886918.0,5362743064.999999,0.008482849811862096
2023-05-10,29.21,29.43,28.61,28.84,33186233.0,421300496.0,5362743064.999999,0.006188294422790887
2023-05-11,28.68,29.14,28.61,28.82,18896271.0,239291874.0,5362743064.999999,0.0035236204253988445
2023-05-12,28.82,28.93,28.43,28.66,15794461.0,198342556.0,5362743064.999999,0.0029452205351926555
2023-05-15,28.55,29.07,28.16,28.93,21505127.0,269490672.0,5362743064.999999,0.004010098328289014
2023-05-16,28.93,29.37,28.93,29.07,19764681.0,252942685.0,5362743064.999999,0.0036855543441926962
2023-05-17,28.96,29.14,28.75,28.82,13670878.0,173475591.0,5362743064.999999,0.002549232330227255
2023-05-18,28.87,29.3,28.82,28.84,12668852.0,161428350.0,5362743064.999999,0.0023623828041815765
2023-05-19,28.75,28.98,28.52,28.77,12375262.0,156237984.0,5362743064.999999,0.0023076365677049274
2023-05-22,28.71,29.37,28.71,29.09,12734942.0,162858871.0,5362743064.999999,0.002374706721102254
2023-05-23,29.14,29.25,28.5,28.5,10447919.0,132011319.0,5362743064.999999,0.0019482415758809064
2023-05-24,28.5,28.55,27.82,27.84,17571074.0,216288156.0,5362743064.999999,0.0032765086425038344
2023-05-25,27.79,27.91,27.29,27.61,30460951.0,368541628.0,5362743064.999999,0.0056801063617617125
2023-05-26,27.52,27.68,27.0,27.43,15350280.0,184229093.0,5362743064.999999,0.002862393333774234
2023-05-29,27.43,27.77,27.0,27.02,14481173.0,172461449.0,5362743064.999999,0.002700329444181567
2023-05-30,27.02,27.07,26.4,26.75,16840765.0,196993288.0,5362743064.999999,0.0031403266566901993
2023-05-31,26.68,26.68,26.36,26.45,14292624.0,166115122.0,5362743064.999999,0.0026651703851487806
2023-06-01,26.45,26.66,26.25,26.36,16361448.0,189754603.0,5362743064.999999,0.0030509475844149926
2023-06-02,26.38,27.36,26.38,27.2,20216649.0,239198411.0,5362743064.999999,0.003769833601006205
2023-06-05,27.16,27.27,26.77,27.04,9353800.0,111036426.0,5362743064.999999,0.0017442193084072361
2023-06-06,27.07,27.36,26.93,27.0,10114780.0,120692310.0,5362743064.999999,0.0018861205687839533
2023-06-07,27.07,27.32,26.97,27.09,8275249.0,98429921.0,5362743064.999999,0.0015431000328933345
2023-06-08,27.07,28.18,26.97,28.02,21049717.0,256123855.0,5362743064.999999,0.003925177235766003
2023-06-09,28.0,28.09,27.68,27.82,13257582.0,162284654.0,5362743064.999999,0.0024721643083230583
2023-06-12,27.7,28.09,27.59,27.84,9860384.0,120779765.0,5362743064.999999,0.0018386829054619273
2023-06-13,27.79,28.07,27.79,27.95,7069592.0,86603406.0,5362743064.999999,0.0013182790811179766
2023-06-14,27.93,28.02,27.48,27.59,10410839.0,126678066.0,5362743064.999999,0.0019413272039726188
2023-06-15,27.68,27.7,27.25,27.63,12032929.0,145049135.0,5362743064.999999,0.0022438011394827102
2023-06-16,27.59,27.73,27.38,27.43,11188961.0,135169759.0,5362743064.999999,0.0020864249628189118
2023-06-19,27.48,27.52,27.25,27.29,9359650.0,112359562.0,5362743064.999999,0.001745310168052961
2023-06-20,27.25,27.34,27.04,27.2,9348189.0,111451455.0,5362743064.999999,0.0017431730155060116
2023-06-21,27.16,27.32,26.91,26.95,7805081.0,92851579.0,5362743064.999999,0.0014554269905153476
2023-06-26,26.84,26.84,26.5,26.66,9093642.0,106474031.0,5362743064.999999,0.0016957071949521044
2023-06-27,26.31,26.97,26.2,26.84,12968465.0,151910324.0,5362743064.999999,0.0024182521599139866
2023-06-28,27.0,27.09,26.61,26.7,9679776.0,113758502.0,5362743064.999999,0.0018050046184713124
2023-06-29,26.75,26.88,26.5,26.66,9996162.0,117133921.0,5362743064.999999,0.001864001664603337
2023-06-30,26.68,26.88,26.56,26.77,8090628.0,95062240.0,5362743855.0,0.0015086732125862462
2023-07-03,26.79,27.32,26.31,27.16,16159296.0,190816577.0,5362743855.0,0.003013251506490235
2023-07-04,27.04,27.16,26.79,27.09,13762400.0,162882940.0,5362743855.0,0.0025662982182467113
2023-07-05,26.93,27.07,26.63,26.91,12723050.0,149988978.0,5362743855.0,0.0023724888497401488
2023-07-06,26.91,27.0,26.54,26.7,18257736.0,214396308.0,5362743855.0,0.003404551194996428
2023-07-07,26.63,26.81,26.43,26.63,11766643.0,137564921.0,5362743855.0,0.002194146004014208
2023-07-10,26.63,26.86,26.59,26.66,10876495.0,127455586.0,5362743855.0,0.002028158587111933
2023-07-11,26.77,26.97,26.59,26.91,14115269.0,165908132.0,5362743855.0,0.002632098302968453
2023-07-12,26.91,27.2,26.86,26.95,13847100.0,164113099.0,5362743855.0,0.0025820923718162555
2023-07-13,27.12,27.33,27.0,27.31,19017936.0,219522830.0,5362743855.0,0.0035463069865379576
2023-07-14,27.28,27.47,27.02,27.12,14420682.0,166193187.0,5362743855.0,0.0026890491863702857
2023-07-17,27.14,27.16,26.67,26.76,12747297.0,144946237.0,5362743855.0,0.002377010229215954
2023-07-18,26.83,26.9,26.46,26.6,17414969.0,196373764.0,5362743855.0,0.0032473989940360482
2023-07-19,26.64,26.72,26.41,26.69,9624706.0,108539412.0,5362743855.0,0.001794735355675495
2023-07-20,26.74,26.98,26.67,26.74,9088750.0,103404553.0,5362743855.0,0.0016947947255631138
2023-07-21,26.67,26.86,26.57,26.72,9027546.0,102192351.0,5362743855.0,0.0016833819112175366
2023-07-24,26.64,26.81,26.46,26.67,9949789.0,112277672.0,5362743855.0,0.001855354137550916
2023-07-25,26.98,27.59,26.93,27.47,30013567.0,348257349.0,5362743855.0,0.0055966810669162564
2023-07-26,27.49,27.56,27.09,27.23,13975674.0,161681435.0,5362743855.0,0.0026060677850517997
2023-07-27,27.35,27.54,27.16,27.26,13553150.0,157380254.0,5362743855.0,0.0025272790135899563
2023-07-28,27.26,28.63,27.16,28.58,35068738.0,418900108.0,5362743855.0,0.0065393274316660425
2023-07-31,28.63,29.26,28.58,28.91,29325716.0,359332776.0,5362743855.0,0.0054684163168930615
2023-08-01,28.81,28.91,28.46,28.55,21237017.0,257982437.0,5362743855.0,0.003960102808229314
2023-08-02,28.34,28.55,27.89,28.15,21308455.0,254618693.0,5362743855.0,0.003973423974022716
2023-08-03,28.18,28.48,27.94,28.44,17957229.0,215124729.0,5362743855.0,0.0033485151417883634
2023-08-04,28.6,28.84,28.15,28.32,25752723.0,310761851.0,5362743855.0,0.004802154213647409
2023-08-07,28.22,28.22,27.68,27.87,18557368.0,219585402.0,5362743855.0,0.003460424085461005
2023-08-08,27.85,28.01,27.61,27.82,10111893.0,119364311.0,5362743855.0,0.001885581947116883
2023-08-09,27.68,28.08,27.66,27.8,10544425.0,124692697.0,5362743855.0,0.0019662369274208043
2023-08-10,27.75,27.87,27.64,27.82,8112305.0,95610461.0,5362743855.0,0.001512715359775467
2023-08-11,27.82,28.01,27.31,27.31,13274164.0,154960543.0,5362743855.0,0.0024752560179848457
2023-08-14,27.14,27.16,26.88,26.95,13364130.0,153013563.0,5362743855.0,0.0024920321315626214
2023-08-15,26.95,27.16,26.72,27.07,13480974.0,154243111.0,5362743855.0,0.0025138202316769055
2023-08-16,27.28,28.01,27.09,27.66,24640646.0,288162488.0,5362743855.0,0.004594783317317325
2023-08-17,27.54,27.71,26.86,27.05,26613941.0,306536798.0,5362743855.0,0.004962747004070736
2023-08-18,27.09,27.8,27.09,27.42,26664324.0,311754512.0,5362743855.0,0.004972142008076573
2023-08-21,27.49,27.64,26.98,27.26,21160429.0,245198870.0,5362743855.0,0.003945821313145675
2023-08-22,27.33,27.54,27.02,27.35,18017526.0,208689917.0,5362743855.0,0.0033597588262958347
2023-08-23,27.35,27.59,27.14,27.19,13534304.0,156930287.0,5362743855.0,0.002523764767802806
2023-08-24,27.19,27.26,26.74,26.98,16380300.0,187118679.0,5362743855.0,0.0030544624995892146
2023-08-25,26.86,27.23,26.83,27.07,14184456.0,162600269.0,5362743855.0,0.0026449997209497525
2023-08-28,28.44,28.53,27.19,27.33,45333652.0,532681353.0,5362743855.0,0.008453443465835644
2023-08-29,27.21,27.4,26.57,26.93,39462598.0,449520924.0,5362743855.0,0.007358658005492228
2023-08-30,26.79,26.88,26.55,26.55,28570599.0,322752590.0,5362743855.0,0.005327608361037412
2023-08-31,26.48,26.76,26.41,26.41,24349435.0,273828476.0,5362743855.0,0.004540480705096067
2023-09-01,26.6,27.05,26.55,26.9,25095695.0,285582601.0,5362743855.0,0.004679637081044215
2023-09-04,27.05,28.3,26.93,27.82,53945009.0,636956611.0,5362743855.0,0.010059217903854183
2023-09-05,27.82,27.85,27.26,27.31,22279394.0,259272241.0,5362743855.0,0.004154476626592489
2023-09-06,27.35,27.54,27.16,27.33,12259009.0,141988930.0,5362743855.0,0.0022859583324253327
2023-09-07,27.33,27.47,27.12,27.14,12804996.0,147967842.0,5362743855.0,0.002387769460229049
2023-09-08,27.12,27.16,26.9,26.98,12442268.0,142294315.0,5362743855.0,0.002320130950949549
2023-09-11,27.05,27.23,26.93,27.12,13007520.0,149480855.0,5362743855.0,0.002425534456185583
2023-09-12,27.16,27.21,26.93,27.05,9513667.0,109032623.0,5362743855.0,0.001774029723819431
2023-09-13,27.05,27.09,26.88,26.95,9608712.0,109851155.0,5362743855.0,0.001791752927196259
2023-09-14,26.95,27.14,26.83,27.09,16561933.0,189621576.0,5362743855.0,0.003088331915118105
2023-09-15,27.14,27.28,26.67,26.67,26525201.0,302732151.0,5362743855.0,0.004946199504805549
2023-09-18,26.64,26.67,26.43,26.6,21416634.0,241146927.0,5362743855.0,0.003993596296797211
2023-09-19,26.55,26.74,26.5,26.69,13341647.0,150658080.0,5362743855.0,0.0024878396881776858
2023-09-20,26.69,26.86,26.57,26.81,14418910.0,163717031.0,5362743855.0,0.0026887187585057613
2023-09-21,26.81,26.9,26.55,26.6,17825973.0,201603400.0,5362743855.0,0.0033240396114350684
2023-09-22,26.64,26.69,26.34,26.57,33225630.0,373266043.0,5362743855.0,0.006195639937011312
2023-09-25,26.53,26.62,26.36,26.48,23498262.0,263947165.0,5362743855.0,0.004381761022967971
2023-09-26,26.5,26.57,26.24,26.27,25378242.0,284025370.0,5362743855.0,0.004732324102397391
2023-09-27,26.29,26.41,26.27,26.29,14152214.0,157944248.0,5362743855.0,0.0026389875001777423
2023-09-28,26.36,26.43,26.27,26.31,12254944.0,136920051.0,5362743935.999999,0.002285200290420878
2023-10-09,26.2,26.27,26.01,26.13,18628739.0,206368853.0,5362743935.999999,0.0034737327051820666
2023-10-10,26.17,26.36,25.98,26.01,10621184.0,117711332.0,5362743935.999999,0.00198055027925167
2023-10-11,26.1,26.17,25.73,25.75,22515314.0,246912211.0,5362743935.999999,0.0041984689682561796
2023-10-12,25.91,26.13,25.82,25.96,15162485.0,166933582.0,5362743935.999999,0.002827374415215786
2023-10-13,25.82,25.87,25.7,25.75,13261024.0,144964490.0,5362743935.999999,0.002472805742407165
2023-10-16,25.73,25.75,25.37,25.47,19601235.0,211973300.0,5362743935.999999,0.003655075691460351
2023-10-17,25.47,25.51,25.09,25.3,21415876.0,229404918.0,5362743935.999999,0.003993454890925451
2023-10-18,25.28,25.37,25.09,25.14,14228291.0,152215559.0,5362743935.999999,0.0026531736681450983
2023-10-19,25.07,25.07,24.36,24.45,22045290.0,230487493.0,5362743935.999999,0.0041108227920431525
2023-10-20,24.64,25.25,24.5,25.18,28899491.0,306126400.0,5362743935.999999,0.0053889373322485645
2023-10-23,25.02,25.04,24.55,24.71,18516520.0,194819989.0,5362743935.999999,0.0034528070370279944
2023-10-24,24.83,24.9,24.52,24.71,18976928.0,198443003.0,5362743935.999999,0.0035386601013351095
2023-10-25,24.95,25.25,24.71,25.18,23890033.0,254005779.0,5362743935.999999,0.004454815162742837
2023-10-26,25.09,25.49,25.04,25.23,16408758.0,175724601.0,5362743935.999999,0.0030597690652071443
2023-10-27,25.18,25.56,24.9,25.51,23816106.0,255243906.0,5362743935.999999,0.0044410298690793215
2023-10-30,25.44,25.44,25.04,25.25,19820945.0,211788326.0,5362743935.999999,0.0036960453895518615
2023-10-31,25.11,25.35,25.09,25.23,12605961.0,134848121.0,5362743935.999999,0.002350655028552906
2023-11-01,25.35,25.4,25.09,25.14,15160561.0,161915755.0,5362743935.999999,0.0028270156436572404
2023-11-02,25.14,25.3,25.07,25.09,12797120.0,136642329.0,5362743935.999999,0.0023863007730227756
2023-11-03,25.14,25.28,25.07,25.23,14141461.0,151024495.0,5362743935.999999,0.0026369823300845373
2023-11-06,25.23,25.35,25.09,25.35,18255560.0,195492585.0,5362743935.999999,0.003404145381145419
2023-11-07,25.3,25.32,25.11,25.14,12046497.0,128637880.0,5362743935.999999,0.00224633082313181
2023-11-08,25.16,25.16,24.88,24.97,13905721.0,147402245.0,5362743935.999999,0.002593023490577493
2023-11-09,24.9,25.23,24.9,25.14,16116747.0,171813046.0,5362743935.999999,0.003005317276442864
2023-11-10,25.07,25.18,24.9,24.95,9244225.0,97886056.0,5362743935.999999,0.0017237863881479948
2023-11-13,24.97,25.04,24.64,24.83,11550272.0,121225635.0,5362743935.999999,0.0021537989018016023
2023-11-14,24.83,25.18,24.76,25.07,13701835.0,145450357.0,5362743935.999999,0.0025550045207304866
2023-11-15,25.18,25.23,24.97,25.04,9054253.0,96329245.0,5362743935.999999,0.0016883619855908036
2023-11-16,25.04,25.07,24.81,24.85,9718287.0,102534448.0,5362743935.999999,0.0018121855371018784
2023-11-17,24.81,24.85,24.59,24.71,11818838.0,123677985.0,5362743935.999999,0.002203878861464998
2023-11-20,24.66,24.76,24.52,24.71,10090553.0,105487386.0,5362743935.999999,0.0018816026124727507
2023-11-21,24.76,24.99,24.73,24.78,13755722.0,145162284.0,5362743935.999999,0.0025650529214453254
2023-11-22,24.73,24.88,24.64,24.64,9001873.0,94494404.0,5362743935.999999,0.0016785945977339316
2023-11-23,24.64,24.66,24.43,24.55,15486419.0,161110069.0,5362743935.999999,0.0028877789401876826
2023-11-24,24.52,24.71,24.48,24.62,8525987.0,88990487.0,5362743935.999999,0.001589855324391905
2023-11-27,24.64,24.66,24.31,24.4,11302582.0,116928898.0,5362743935.999999,0.0021076117254314494
2023-11-28,24.38,24.43,24.0,24.12,15848161.0,162381679.0,5362743935.999999,0.0029552335873453874
2023-11-29,24.05,24.12,23.51,23.51,21365583.0,214459080.0,5362743935.999999,0.003984076669514881
2023-11-30,23.53,23.63,23.39,23.44,13949373.0,138938548.0,5362743935.999999,0.0026011633534016275
2023-12-01,23.46,23.6,23.39,23.51,14624900.0,145877522.0,5362743935.999999,0.0027271300242070707
2023-12-04,23.56,23.65,23.39,23.41,10878313.0,108404464.0,5362743935.999999,0.0020284975620361227
2023-12-05,23.39,23.39,22.9,22.9,16302786.0,159824088.0,5362743935.999999,0.0030400082857881213
2023-12-06,22.92,23.2,22.73,23.11,14057306.0,137292877.0,5362743935.999999,0.0026212898038322453
2023-12-07,23.06,23.3,22.92,23.13,15408794.0,151266272.0,5362743935.999999,0.002873304074162679
2023-12-08,23.08,23.32,22.99,23.16,21220582.0,208274772.0,5362743935.999999,0.003957038085959434
2023-12-11,23.01,23.18,22.59,23.18,18407197.0,178545567.0,5362743935.999999,0.0034324213909287804
2023-12-12,23.13,23.51,23.06,23.46,13961720.0,138448776.0,5362743935.999999,0.002603465719531234
2023-12-13,23.41,23.41,23.04,23.06,12921546.0,127075167.0,5362743935.999999,0.002409502701267891
2023-12-14,23.13,23.18,22.92,22.94,6892255.0,67268387.0,5362743935.999999,0.0012852105344304103
2023-12-15,23.06,23.3,22.9,22.9,11741173.0,114810765.0,5362743935.999999,0.0021893965365718335
2023-12-18,22.87,23.01,22.68,22.8,9279604.0,89966704.0,5362743935.999999,0.001730383570564724
2023-12-19,22.83,22.87,22.64,22.75,6874495.0,66319091.0,5362743935.999999,0.0012818987969669118
2023-12-20,22.8,22.97,22.71,22.73,7337281.0,71058351.0,5362743935.999999,0.0013681952909862004
2023-12-21,22.71,22.78,22.54,22.73,13411655.0,129114348.0,5362743935.999999,0.002500894161656277
2023-12-22,22.75,22.85,22.64,22.8,14505835.0,139935037.0,5362743935.999999,0.002704927770767238
2023-12-25,22.8,22.85,22.71,22.83,8775200.0,84794110.0,5362743935.999999,0.0016363264971672893
2023-12-26,22.8,22.9,22.59,22.61,7560881.0,72848097.0,5362743935.999999,0.0014098903640063715
2023-12-27,22.61,23.01,22.52,22.9,11073502.0,106915602.0,5362743935.999999,0.0020648947874732167
2023-12-28,22.99,23.74,22.87,23.58,26919231.0,268175943.0,5362743935.999999,0.005019674875634413
2023-12-29,23.58,23.82,23.51,23.6,19390879.0,194546110.0,5362744503.0,0.003615849867386457
2024-01-02,23.67,23.67,23.16,23.23,21597154.0,213692312.0,5362744503.0,0.0040272576826880764
2024-01-03,23.16,23.32,23.08,23.16,12692909.0,124706570.0,5362744503.0,0.0023668681200268624
2024-01-04,23.16,23.23,22.78,23.01,19271318.0,187448012.0,5362744503.0,0.003593555126338638
2024-01-05,22.97,23.98,22.83,23.86,52821544.0,530141271.0,5362744503.0,0.009849722277548526
2024-01-08,23.63,23.96,23.39,23.46,24075800.0,240647436.0,5362744503.0,0.004489454977116966
2024-01-09,23.56,23.65,23.2,23.58,17877391.0,177755585.0,5362744503.0,0.0033336272108430895
2024-01-10,23.53,23.77,23.51,23.6,13469145.0,134988651.0,5362744503.0,0.0025116141543691213
2024-01-11,23.65,24.0,23.46,23.84,19100699.0,193029790.0,5362744503.0,0.0035617395140333055
2024-01-12,23.84,24.52,23.77,24.03,29485439.0,301986611.0,5362744503.0,0.0054981994729574385
2024-01-15,24.36,24.52,24.1,24.29,21806873.0,224547204.0,5362744503.0,0.00406636433784994
2024-01-16,24.22,24.83,24.22,24.81,32700894.0,341110315.0,5362744503.0,0.006097790782631287
2024-01-17,24.76,25.14,24.64,24.69,32097749.0,339274644.0,5362744503.0,0.0059853213185979744
2024-01-18,24.55,24.85,24.03,24.71,32620739.0,338229596.0,5362744503.0,0.006082844144775398
2024-01-19,24.64,24.78,24.43,24.64,24554168.0,256310591.0,5362744503.0,0.004578657063797097
2024-01-22,24.59,25.04,24.29,24.48,33871916.0,355225554.0,5362744503.0,0.006316153227335656
2024-01-23,24.24,24.78,24.03,24.57,21494760.0,222904191.0,5362744503.0,0.004008164101044811
2024-01-24,24.59,25.02,24.43,24.9,21944669.0,230080323.0,5362744503.0,0.0040920593900611564
2024-01-25,24.95,25.14,24.83,24.92,26354060.0,278932818.0,5362744503.0,0.00491428595661366
2024-01-26,25.11,25.58,24.95,25.21,39089652.0,418196018.0,5362744503.0,0.0072891132475419364
2024-01-29,25.56,26.08,25.28,25.68,50595055.0,551684316.0,5362744503.0,0.009434545123620259
2024-01-30,25.58,26.17,25.28,25.63,36332335.0,396847205.0,5362744503.0,0.006774951702374622
2024-01-31,25.51,26.01,25.44,25.73,29569026.0,322633479.0,5362744503.0,0.00551378608163388
2024-02-01,25.58,25.7,25.09,25.16,34054013.0,365809166.0,5362744503.0,0.006350109161633501
2024-02-02,25.23,25.51,24.48,25.14,33414186.0,356556901.0,5362744503.0,0.006230799543276321
2024-02-05,24.88,25.42,24.78,25.18,35762179.0,381570461.0,5362744503.0,0.006668633752735022
2024-02-06,25.18,25.54,24.97,25.23,42933939.0,459904062.0,5362744503.0,0.008005963919403974
2024-02-07,25.3,25.32,24.73,25.21,41811024.0,442786912.0,5362744503.0,0.007796572068016719
2024-02-08,25.21,25.4,24.83,25.23,36732620.0,392025551.0,5362744503.0,0.006849593520528756
2024-02-19,25.25,25.7,25.23,25.65,29051292.0,314695247.0,5362744503.0,0.005417243350629192
2024-02-20,25.61,26.27,25.44,26.2,32006305.0,351812083.0,5362744503.0,0.005968269601897907
2024-02-21,26.2,27.33,26.06,26.88,42475614.0,483998461.0,5362744503.0,0.007920499284692474
2024-02-22,26.74,27.05,26.64,26.95,23664779.0,269661255.0,5362744503.0,0.0044128111989600784
2024-02-23,27.02,27.49,26.86,26.98,29255275.0,336713284.0,5362744503.0,0.005455280404209852
2024-02-26,26.74,27.02,26.29,26.31,32328487.0,364732106.0,5362744503.0,0.006028347422092356
2024-02-27,26.24,26.55,26.01,26.22,31137413.0,346111963.0,5362744503.0,0.005806245847174196
2024-02-28,26.08,26.36,26.01,26.08,29267308.0,324911459.0,5362744503.0,0.005457524217987157
2024-02-29,26.08,26.2,25.91,26.13,26663178.0,294901565.0,5362744503.0,0.004971927710724279
2024-03-01,26.1,26.13,25.75,25.94,30899929.0,339683658.0,5362744503.0,0.005761961805697459
2024-03-04,25.77,25.98,25.56,25.58,35084830.0,382849461.0,5362744503.0,0.006542327343839151
2024-03-05,25.58,26.15,25.49,26.13,34771247.0,381698105.0,5362744503.0,0.006483852993658087
2024-03-06,26.06,26.55,25.98,26.24,35643759.0,397748215.0,5362744503.0,0.0066465517758790005
2024-03-07,26.06,26.53,26.06,26.2,22520368.0,251135701.0,5362744503.0,0.004199410952246889
2024-03-08,26.24,26.43,26.1,26.29,16886004.0,187796740.0,5362744503.0,0.0031487616071497935
2024-03-11,26.2,26.43,26.06,26.22,18346140.0,203938777.0,5362744503.0,0.0034210356263918397
2024-03-12,26.2,26.22,25.94,26.03,21208539.0,234147387.0,5362744503.0,0.003954791989089845
2024-03-13,25.96,25.98,25.47,25.58,24224068.0,263102515.0,5362744503.0,0.004517102760806279
2024-03-14,25.51,25.73,25.42,25.49,15905004.0,172359592.0,5362744503.0,0.002965832884841428
2024-03-15,25.75,25.89,25.56,25.73,17535538.0,191270264.0,5362744503.0,0.003269881306146574
2024-03-18,25.82,25.84,25.63,25.8,14133844.0,154295677.0,5362744503.0,0.002635561696458467
2024-03-19,25.77,25.84,25.51,25.58,11791193.0,128298223.0,5362744503.0,0.0021987236187373514
2024-03-20,25.56,25.77,25.44,25.61,13954712.0,151471460.0,5362744503.0,0.0026021586507046016
2024-03-21,25.61,25.87,25.51,25.84,15373259.0,167826251.0,5362744503.0,0.0028666774990678684
2024-03-22,25.77,25.89,25.42,25.54,18927965.0,205448854.0,5362744503.0,0.0035295295141156567
2024-03-25,25.47,25.96,25.47,25.7,19211069.0,210114877.0,5362744503.0,0.0035823203938306286
2024-03-26,25.8,26.15,25.73,26.13,23641896.0,260603150.0,5362744503.0,0.004408544167408007
2024-03-27,26.13,26.41,26.1,26.17,27044671.0,301470086.0,5362744503.0,0.005043065352986853
2024-03-28,26.08,26.17,25.73,26.08,21544293.0,237309018.0,5362744503.0,0.0040174006029837514
2024-03-29,25.94,26.34,25.91,26.2,18231596.0,202418010.0,5362745560.0,0.0033996757437061774
2024-04-01,26.29,26.64,26.24,26.62,22252231.0,250314224.0,5362745560.0,0.004149410176379877
2024-04-02,26.69,26.95,26.55,26.86,21589607.0,245526898.0,5362745560.0,0.0040258495873893374
2024-04-03,26.86,26.93,26.48,26.69,17199956.0,194839475.0,5362745560.0,0.0032073041332208946
2024-04-08,26.69,26.98,26.5,26.81,17705862.0,201175893.0,5362745560.0,0.0033016412585496597
2024-04-09,26.79,27.02,26.67,26.76,19425570.0,220968194.0,5362745560.0,0.003622318042625912
2024-04-10,26.76,27.07,26.67,26.83,21568250.0,246175557.0,5362745560.0,0.004021867112412471
2024-04-11,26.72,26.95,26.57,26.83,12164971.0,138285758.0,5362745560.0,0.002268422184848166
2024-04-12,26.83,27.05,26.74,26.76,17423690.0,198761492.0,5362745560.0,0.003249024180815321
2024-04-15,26.86,27.26,26.81,27.12,25534999.0,293416819.0,5362745560.0,0.004761553333885936
2024-04-16,27.14,27.4,26.93,27.19,27088794.0,312156104.0,5362745560.0,0.005051292047501131
2024-04-17,27.26,27.97,26.88,27.92,32788123.0,382620689.0,5362745560.0,0.006114055316098196
2024-04-18,27.8,28.65,27.71,28.3,37559023.0,450230351.0,5362745560.0,0.007003692899425942
2024-04-19,28.18,28.48,28.08,28.41,24323973.0,292251640.0,5362745560.0,0.004535731320432066
2024-04-22,29.12,30.02,28.96,29.57,94011940.0,1172775603.0,5362745560.0,0.017530561341791498
2024-04-23,29.26,29.95,29.24,29.45,42556313.0,534060442.0,5362745560.0,0.007935545799044026
2024-04-24,29.31,29.38,28.72,28.96,43902465.0,539099917.0,5362745560.0,0.008186564980345628
2024-04-25,29.1,29.99,29.05,29.9,45381852.0,571507026.0,5362745560.0,0.008462428711609432
2024-04-26,29.62,29.92,29.07,29.17,55126086.0,687532875.0,5362745560.0,0.010279452079766395
2024-04-29,29.05,30.18,29.05,30.11,43453556.0,549798532.0,5362745560.0,0.008102856179512645
2024-04-30,30.04,30.65,29.92,30.42,31552658.0,407015873.0,5362745560.0,0.0058836761220496915
2024-05-06,30.58,30.77,30.23,30.35,32701083.0,422110198.0,5362745560.0,0.006097824823894871
2024-05-07,30.28,30.46,29.97,30.18,23921376.0,306117562.0,5362745560.0,0.004460658394540725
2024-05-08,30.18,30.79,30.13,30.51,31163184.0,404041289.0,5362745560.0,0.005811050263589235
2024-05-09,30.54,31.03,30.49,30.87,24035553.0,314359896.0,5362745560.0,0.004481949167843793
2024-05-10,30.94,31.64,30.89,31.55,34169915.0,453264503.0,5362745560.0,0.006371720346918715
2024-05-13,31.5,32.33,31.38,32.21,34403595.0,465356048.0,5362745560.0,0.00641529504151974
2024-05-14,32.21,32.37,31.97,32.07,30434314.0,414580326.0,5362745560.0,0.005675136673834662
2024-05-15,32.02,32.94,31.97,32.68,32015158.0,441969379.0,5362745560.0,0.005969919259044615
2024-05-16,32.73,33.18,32.49,32.66,43805845.0,609292362.0,5362745560.0,0.008168548089758709
2024-05-17,32.54,32.87,32.26,32.87,36180199.0,499181340.0,5362745560.0,0.006746581316455372
2024-05-20,32.8,32.96,32.26,32.52,29181028.0,402465352.0,5362745560.0,0.00544143436855505
2024-05-21,32.45,33.18,32.4,33.01,28726229.0,400237863.0,5362745560.0,0.00535662724971796
2024-05-22,32.99,33.55,32.8,32.89,28475009.0,400409781.0,5362745560.0,0.005309781842418792
2024-05-23,32.78,33.18,32.56,32.78,24051445.0,335140789.0,5362745560.0,0.004484912575266763
2024-05-24,32.78,33.18,32.37,32.45,25021889.0,347794119.0,5362745560.0,0.004665872866808173
2024-05-27,32.54,32.99,32.42,32.99,25351336.0,352058763.0,5362745560.0,0.00472730539168075
2024-05-28,33.01,33.13,32.68,32.82,18500989.0,258049946.0,5362745560.0,0.0034499099002563904
2024-05-29,32.89,32.96,32.37,32.45,21303906.0,294803718.0,5362745560.0,0.003972574451210771
2024-05-30,32.42,32.7,31.88,32.04,22731353.0,310767369.0,5362745560.0,0.004238752845100486
2024-05-31,32.04,32.3,31.93,32.04,18629904.0,253301609.0,5362745560.0,0.0034739488927011484
2024-06-03,32.12,32.12,31.22,31.53,35149613.0,469138963.0,5362745560.0,0.006554406247086614
2024-06-04,31.69,31.71,31.34,31.53,19628264.0,262574718.0,5362745560.0,0.003660114726755748
2024-06-05,31.62,31.62,30.94,31.03,18566688.0,245718984.0,5362745560.0,0.003462160901029211
2024-06-06,30.98,31.15,30.49,30.94,21831558.0,285755410.0,5362745560.0,0.004070966588987302
2024-06-07,31.03,31.27,30.68,31.15,20384862.0,268113317.0,5362745560.0,0.0038011988023537707
2024-06-11,31.1,31.36,30.58,30.75,18518495.0,242012417.0,5362745560.0,0.003453174272918516
2024-06-12,30.84,31.03,30.39,30.87,18883001.0,245908869.0,5362745560.0,0.0035211443072827794
2024-06-13,31.05,31.13,30.56,30.65,13282008.0,173183195.0,5362745560.0,0.002476717914619839
2024-06-14,30.63,31.08,30.37,30.98,26500268.0,345869594.0,5362745560.0,0.00494154863465124
2024-06-17,30.68,30.94,30.21,30.46,24749874.0,319862387.0,5362745560.0,0.0046151497815980665
2024-06-18,30.37,30.65,30.23,30.42,13662014.0,176370256.0,5362745560.0,0.002547578259521229
2024-06-19,30.44,31.13,30.35,30.96,23863389.0,312278867.0,5362745560.0,0.004449845463113861
2024-06-20,30.89,31.08,30.44,30.49,16278987.0,211620670.0,5362745560.0,0.0030355695264423473
2024-06-21,30.51,30.65,30.3,30.44,17736935.0,229227293.0,5362745560.0,0.0033074354920541857
2024-06-24,30.35,30.54,29.66,29.97,31367348.0,398201405.0,5362745560.0,0.005849121061040979
2024-06-25,29.97,30.42,29.88,30.23,22687283.0,290673654.0,5362745560.0,0.004230535039592667
2024-06-26,30.21,30.3,29.76,30.11,17708002.0,225494208.0,5362745560.0,0.003302040307875431
2024-06-27,29.99,30.7,29.9,30.56,25284982.0,326521882.0,5362745560.0,0.00471493225197878
2024-06-28,30.58,31.2,30.37,30.77,27408043.0,358513248.0,5362746289.0,0.005110822239757835
2024-07-01,30.98,31.88,30.87,31.83,34269453.0,458613379.0,5362746452.0,0.006390280298860566
2024-07-02,31.83,32.09,31.69,32.07,20461391.0,276973854.0,5362746452.0,0.0038154686564323887
2024-07-03,31.95,32.16,31.46,31.81,16969380.0,228341494.0,5362746452.0,0.0031643077202860082
2024-07-04,31.79,32.09,31.6,31.76,18257780.0,246734516.0,5362746452.0,0.0034045577510364833
2024-07-05,31.86,32.09,30.84,30.96,24610600.0,326622108.0,5362746452.0,0.004589178366025797
2024-07-08,30.82,31.24,30.72,30.77,17819900.0,233848117.0,5362746452.0,0.003322905559585833
2024-07-09,30.82,31.53,30.63,31.46,23127368.0,305090909.0,5362746452.0,0.00431259769728155
2024-07-10,31.5,31.6,31.22,31.41,16829653.0,224365875.0,5362746452.0,0.003138252600721687
2024-07-11,31.85,32.0,31.04,31.24,25423130.0,325117198.0,5362746452.0,0.004740692148613257
2024-07-12,31.24,31.92,31.16,31.92,18362820.0,237016482.0,5362746452.0,0.0034241447296378723
2024-07-15,31.8,32.05,31.6,32.02,18083008.0,234739108.0,5362746452.0,0.0033719677336705085
2024-07-16,32.05,32.36,31.65,31.83,16125832.0,209701428.0,5362746452.0,0.003007009961096703
2024-07-17,31.7,31.97,31.51,31.73,19893453.0,256910616.0,5362746452.0,0.003709564339477745
2024-07-18,31.68,31.95,31.24,31.75,19085153.0,245707874.0,5362746452.0,0.0035588393318282505
2024-07-19,31.65,31.8,31.33,31.8,17466063.0,224634005.0,5362746452.0,0.003256925002204076
2024-07-22,31.68,31.68,31.06,31.36,19808041.0,252797990.0,5362746452.0,0.003693637425765808
2024-07-23,31.36,32.05,31.29,31.6,23602471.0,305815538.0,5362746452.0,0.004401190921714678
2024-07-24,31.65,32.1,31.56,32.02,27416575.0,356613652.0,5362746452.0,0.0051124130602473615
2024-07-25,32.0,32.44,31.6,32.02,31177366.0,406474474.0,5362746452.0,0.0058136938374874336
2024-07-26,32.59,32.78,31.7,32.02,34534344.0,453477826.0,5362746452.0,0.006439674951837533
2024-07-29,32.02,33.57,31.92,33.57,47035087.0,632193359.0,5362746452.0,0.00877070870700191
2024-07-30,33.4,33.64,32.54,33.1,36549916.0,491814807.0,5362746452.0,0.0068155219209308235
2024-07-31,33.1,33.35,32.83,33.03,28095144.0,378521915.0,5362746452.0,0.005238946918611471
2024-08-01,32.93,33.44,32.63,32.95,25027978.0,336483661.0,5362746452.0,0.004667007516394139
2024-08-02,32.78,33.08,32.61,32.78,17273685.0,231139670.0,5362746452.0,0.0032210519655572934
2024-08-05,32.78,32.93,32.22,32.29,25511612.0,337767811.0,5362746452.0,0.0047571915301879725
2024-08-06,32.49,32.56,31.53,31.9,25029207.0,325383179.0,5362746452.0,0.004667236690010867
2024-08-07,31.92,32.27,31.53,31.73,29011795.0,376588735.0,5362746452.0,0.00540987631238472
2024-08-08,31.7,31.8,31.38,31.56,18806011.0,241758007.0,5362746452.0,0.0035067872718439683
2024-08-09,31.7,32.07,31.53,31.65,12205116.0,158059871.0,5362746452.0,0.002275907710581429
2024-08-12,31.65,31.75,31.48,31.58,10018216.0,128987704.0,5362746452.0,0.0018681129323695276
2024-08-13,31.51,31.92,31.46,31.63,14349116.0,185274612.0,5362746452.0,0.0026757028564437526
2024-08-14,31.68,32.02,31.51,31.51,13726490.0,177385406.0,5362746452.0,0.0025596007797237547
2024-08-15,31.58,31.9,31.41,31.78,20959461.0,270379016.0,5362746452.0,0.003908344574482598
2024-08-16,31.75,32.59,31.7,32.51,25905392.0,341053444.0,5362746452.0,0.004830620323349197
2024-08-19,32.61,33.27,32.39,33.25,25479053.0,341975465.0,5362746452.0,0.004751120200825038
2024-08-20,33.25,33.49,33.08,33.2,21456751.0,290800436.0,5362746452.0,0.004001075044671905
2024-08-21,32.41,32.41,31.46,31.9,72856134.0,943895804.0,5362746452.0,0.01358560108185402
2024-08-22,31.83,32.83,31.8,32.76,54577527.0,722492847.0,5362746452.0,0.01017715968645985
2024-08-23,32.78,32.86,32.36,32.61,27685402.0,367418227.0,5362746452.0,0.005162541665507031
2024-08-26,32.56,32.86,32.1,32.78,18223665.0,241626629.0,5362746452.0,0.003398196271838212
2024-08-27,32.78,33.1,32.54,32.81,20841914.0,278738365.0,5362746452.0,0.0038864253953731394
2024-08-28,32.63,32.86,32.32,32.54,22635642.0,300587303.0,5362746452.0,0.004220904755166672
2024-08-29,32.56,32.61,31.43,31.58,29102707.0,377633770.0,5362746452.0,0.005426828819987628
2024-08-30,31.63,31.9,31.24,31.26,36569960.0,468895718.0,5362746452.0,0.006819259558012757
2024-09-02,31.31,31.83,31.16,31.41,34148260.0,438954087.0,5362746452.0,0.006367681244237202
2024-09-03,31.31,31.43,30.62,30.89,34711194.0,437815365.0,5362746452.0,0.006472652457222679
2024-09-04,30.75,30.97,30.4,30.5,26731889.0,333919012.0,5362746452.0,0.004984738555004875
2024-09-05,30.55,30.62,29.89,30.25,31631730.0,388344974.0,5362746452.0,0.005898419827065134
2024-09-06,30.3,30.89,30.16,30.25,23689656.0,295217462.0,5362746452.0,0.004417448449602741
2024-09-09,30.18,30.3,29.47,29.62,22865706.0,277106988.0,5362746452.0,0.004263805161154391
2024-09-10,29.62,29.89,29.44,29.59,23417636.0,282686721.0,5362746452.0,0.0043667244404714586
2024-09-11,29.57,29.62,28.91,29.05,19414999.0,230852633.0,5362746452.0,0.0036203462486575897
2024-09-12,28.93,29.49,28.76,29.2,14221183.0,169405271.0,5362746452.0,0.0026518469831249072
2024-09-13,29.27,29.54,29.08,29.15,15154350.0,180837301.0,5362746452.0,0.002825856142116935
2024-09-18,29.27,29.54,29.13,29.52,13843166.0,165731288.0,5362746452.0,0.0025813575420552065
2024-09-19,29.59,29.76,29.18,29.52,18630812.0,224198697.0,5362746452.0,0.0034741176310977306
2024-09-20,29.52,29.89,29.49,29.76,21251415.0,257081700.0,5362746452.0,0.003962785708817994
2024-09-23,29.69,30.52,29.62,30.3,22813585.0,281003299.0,5362746452.0,0.004254086074028696
2024-09-24,30.35,31.09,30.08,31.09,30681601.0,383875098.0,5362746452.0,0.00572124773651335
2024-09-25,31.41,32.22,31.41,31.87,47851943.0,620789860.0,5362746452.0,0.008923029165802523
2024-09-26,31.85,33.08,31.68,33.05,38553555.0,508822013.0,5362746452.0,0.00718914372422394
2024-09-27,33.57,33.81,32.29,33.0,37760779.0,506159926.0,5362746452.0,0.007041313501949616
2024-09-30,33.37,34.75,33.0,34.6,81375259.0,1125567341.0,5362748154.0,0.01517417127621466
2024-10-08,37.79,37.93,34.4,35.21,95589778.0,1389731298.0,5362748154.0,0.017824774771252477
2024-10-09,34.4,34.79,33.17,33.2,54669902.0,758100222.0,5362748154.0,0.010194381766598992
2024-10-10,33.37,34.99,33.37,34.4,61850240.0,868747251.0,5362748154.0,0.011533310575822353
2024-10-11,34.45,34.97,33.79,34.21,37602405.0,526786885.0,5362748154.0,0.007011779020790466
2024-10-14,35.14,36.22,34.84,35.78,115544957.0,1679616346.0,5362748154.0,0.021545848076758297
2024-10-15,35.55,36.12,34.75,34.75,52047056.0,751364373.0,5362748154.0,0.009705295588266404
2024-10-16,34.55,35.9,34.52,35.63,40498668.0,585179603.0,5362748154.0,0.007551849692921455
2024-10-17,35.58,35.87,35.24,35.33,30732493.0,445161213.0,5362748154.0,0.005730735831231802
2024-10-18,35.46,36.05,34.72,35.8,44267433.0,640689558.0,5431522356.0,0.00815009680501442
2024-10-21,35.68,35.82,34.94,35.58,36082355.0,519154713.0,5431522356.0,0.006643138449046642
2024-10-22,35.7,35.75,34.87,35.14,56414656.0,807275807.0,5431522356.0,0.010386527441552522
2024-10-23,35.14,35.58,35.06,35.24,31830410.0,457368023.0,5431522356.0,0.00586031096140811
2024-10-24,35.16,35.75,35.11,35.19,27460989.0,396381244.0,5431522356.0,0.005055854915089297
2024-10-25,35.21,35.26,34.45,34.7,28706180.0,407076261.0,5431522356.0,0.00528510758466995
2024-10-28,34.48,34.72,34.33,34.4,26190538.0,367665794.0,5494979608.999999,0.004766266640390003
2024-10-29,34.4,34.94,34.35,34.43,26015780.0,366388572.0,5494979608.999999,0.004734463428652189
2024-10-30,34.4,34.65,33.86,34.03,23076338.0,320838894.0,5494979608.999999,0.0041995311433374975
2024-10-31,34.01,34.3,33.76,33.96,22508494.0,311890074.0,5495045126.0,0.004096143613725803
2024-11-01,33.96,34.45,33.89,34.21,26214121.0,365389190.0,5495045126.0,0.004770501497060863
2024-11-04,34.33,34.55,33.74,34.55,25132461.0,350203497.0,5495045126.0,0.004573658709568166
2024-11-05,34.5,34.7,34.18,34.67,27982332.0,393636498.0,5495045126.0,0.0050922842958287294
2024-11-06,34.8,35.28,34.5,34.62,32245839.0,445296934.0,5495045126.0,0.005868166368175518
2024-11-07,34.57,35.53,34.44,35.53,37270006.0,520351143.0,5495045126.0,0.006782474965247446
2024-11-08,35.58,35.7,35.07,35.25,28488487.0,398956040.0,5495045126.0,0.0051843954593212924
2024-11-11,35.0,35.05,34.72,34.95,25630032.0,354561244.0,5495045126.0,0.004664207738482547
2024-11-12,34.87,35.38,34.22,34.29,36746981.0,505870761.0,5495045126.0,0.006687293763272364
2024-11-13,34.22,35.23,34.17,35.05,38836236.0,537332423.0,5495045126.0,0.0070675008320213745
2024-11-14,35.02,35.88,34.95,35.55,45343500.0,639510827.0,5495045126.0,0.008251706575703196
2024-11-15,35.5,35.86,35.02,35.23,30273050.0,426112378.0,5495045126.0,0.005509154029829891
2024-11-18,35.55,36.06,34.97,35.07,49383045.0,696338465.0,5495045126.0,0.008986831566922423
2024-11-19,35.02,35.45,34.57,35.05,28674581.0,397601455.0,5495045126.0,0.0052182612412635535
2024-11-20,34.97,35.15,34.67,34.77,18792973.0,259617508.0,5495045126.0,0.0034199851992261876
2024-11-21,34.77,34.87,34.62,34.67,15640006.0,215433878.0,5495045126.0,0.002846201558199906
2024-11-22,34.77,34.85,33.89,33.89,24295924.0,331195631.0,5495053495.0,0.0044214171931368975
2024-11-25,33.92,34.09,33.59,34.02,31577415.0,424163135.0,5495053495.0,0.0057465163949236495
2024-11-26,34.02,34.12,33.71,33.92,17618169.0,237244482.0,5495053495.0,0.0032061869854462625
2024-11-27,33.92,35.33,33.69,35.3,51598892.0,709847245.0,5495053495.0,0.009390061815949619
2024-11-28,35.15,35.6,34.82,35.43,28485674.0,399104616.0,5495053495.0,0.005183875648511771
2024-11-29,35.55,35.78,35.35,35.65,33693981.0,476063497.0,5495053495.0,0.006131692990916006
2024-12-02,35.75,36.01,35.3,35.53,31105877.0,438265666.0,5495053495.0,0.0056607050374129254
2024-12-03,35.53,35.73,35.35,35.73,17867195.0,252219863.0,5495053495.0,0.0032515051975849783
2024-12-04,35.63,36.08,35.38,35.98,26391179.0,375233119.0,5495053495.0,0.0048027155739272746
2024-12-05,35.81,36.23,35.78,35.93,16015304.0,228566296.0,5495053495.0,0.0029144946476995126
2024-12-06,35.98,36.44,35.81,36.08,22574255.0,323634846.0,5495053495.0,0.004108104683701537
2024-12-09,36.03,36.16,35.65,35.91,18919340.0,269696301.0,5495053495.0,0.003442976490986827
2024-12-10,36.16,36.54,35.7,36.01,38052005.0,544722848.0,5495053495.0,0.0069247742600911655
2024-12-11,36.01,36.13,35.7,35.83,22648245.0,322397296.0,5495053495.0,0.004121569520771335
2024-12-12,35.81,36.21,35.75,36.06,21986258.0,314612145.0,5495053495.0,0.004001099901940081
2024-12-13,36.18,36.18,35.6,35.6,27005321.0,384953677.0,5495053495.0,0.004914478271152845
2024-12-16,35.6,36.06,35.6,35.7,18342047.0,260670961.0,5495053495.0,0.0033379196429460783
2024-12-17,35.7,35.98,35.65,35.75,15394360.0,218876758.0,5495053495.0,0.0028014941099313174
2024-12-18,35.78,36.36,35.78,36.28,24055786.0,345611991.0,5495053495.0,0.004377716435679577
2024-12-19,36.06,36.46,35.75,35.81,21245360.0,303419299.0,5495053495.0,0.003866269913355957
2024-12-20,35.86,36.08,35.78,35.81,13563655.0,193248194.0,5495053495.0,0.002468339027516601
2024-12-23,35.88,36.46,35.81,36.26,25659451.0,368883841.0,5495053495.0,0.0046695543589062
2024-12-24,36.16,36.71,36.16,36.61,26466199.0,383540987.0,5495053495.0,0.004816367852302409
2024-12-25,36.66,37.12,36.61,37.12,37432747.0,548686259.0,5495053495.0,0.006812080543721804
2024-12-26,37.07,37.07,36.61,36.91,22158178.0,324121010.0,5495053495.0,0.004032386221564891
2024-12-27,36.96,37.07,36.36,36.91,24907983.0,363167376.0,5495053495.0,0.004532800822169248
2024-12-30,36.76,37.57,36.76,37.32,60707200.0,898270986.0,5495053495.0,0.011047608554718901
2024-12-31,37.27,37.42,36.79,36.81,46878837.0,690032153.0,5545172401.000001,0.008453990896936946
2025-01-02,36.86,37.14,36.08,36.18,38655140.0,561276257.0,5545172401.000001,0.006970953688117802
2025-01-03,36.23,36.59,35.88,35.93,24549623.0,351527106.0,5545172401.000001,0.004427206446380782
2025-01-06,36.08,36.38,35.45,36.28,30730775.0,438196360.0,5545172401.000001,0.005541897127392847
2025-01-07,36.18,36.59,36.08,36.51,15843524.0,228600451.0,5545172401.000001,0.002857174286798157
2025-01-08,36.54,36.91,36.38,36.79,20776026.0,302715327.0,5545172401.000001,0.003746687117654504
2025-01-09,36.81,37.14,36.41,36.54,24356770.0,354930244.0,5545172401.000001,0.0043924279064087475
2025-01-10,36.54,36.79,35.81,36.21,18138553.0,261128033.0,5545172401.000001,0.0032710530328559206
2025-01-13,36.06,36.21,35.55,35.73,23088863.0,328306725.0,5545172401.000001,0.004163777305794175
2025-01-14,35.78,36.18,35.53,36.06,42205965.0,600374464.0,5545172401.000001,0.007611298972848652
2025-01-15,35.96,36.66,35.96,36.33,25251691.0,364503321.0,5545172401.000001,0.004553815314280613
2025-01-16,36.51,36.91,36.26,36.86,28680192.0,417564646.0,5545172401.000001,0.0051721010504250315
2025-01-17,36.79,37.12,36.61,36.91,18042811.0,264281448.0,5545172401.000001,0.003253787203576612
2025-01-20,36.91,37.22,36.66,36.84,20454586.0,300148133.0,5545172401.000001,0.003688719578188638
2025-01-21,36.99,37.17,36.71,36.99,16496934.0,242241935.0,5545172401.000001,0.0029750083148046016
2025-01-22,37.09,37.12,36.23,36.33,22641718.0,327098753.0,5545172401.000001,0.004083140498195666
2025-01-23,36.54,36.94,36.33,36.66,21812694.0,317421699.0,5545624804.999999,0.003933315860159423
2025-01-24,36.49,36.94,35.96,36.76,21968271.0,318443449.0,5545624804.999999,0.003961369867682566
2025-01-27,36.91,37.42,36.79,37.19,40873032.0,604256159.0,5545624804.999999,0.007370320466532176
2025-02-05,37.42,37.42,36.69,36.74,27797884.0,407349628.0,5545624804.999999,0.005012579281407048
2025-02-06,37.17,37.87,37.04,37.22,50113892.0,742683158.0,5545624804.999999,0.009036653896025698
2025-02-07,37.19,37.59,36.91,37.04,42711239.0,629592971.0,5545624804.999999,0.007701790240387531
2025-02-10,37.14,37.29,36.86,36.94,27189373.0,399847363.0,5545624804.999999,0.004902851158535959
2025-02-11,36.91,37.27,36.91,37.17,35627391.0,524704686.0,5545624804.999999,0.006424414245961597
2025-02-12,37.12,37.34,36.99,37.24,35460054.0,522889721.0,5545624804.999999,0.00639423964780827
2025-02-13,37.19,37.32,36.99,36.99,33851411.0,498843824.0,5545624804.999999,0.006104165389890635
2025-02-14,36.99,37.09,36.66,36.91,25194062.0,368123864.0,5545624804.999999,0.004543052024955735
2025-02-17,37.01,37.09,36.51,36.79,31856585.0,464042900.0,5545624804.999999,0.005744453712641673
2025-02-18,36.69,37.17,36.69,36.86,39915930.0,585919037.0,5545624804.999999,0.007197733601453048
2025-02-19,36.91,37.04,36.69,36.89,33289471.0,487309255.0,5545624804.999999,0.006002835058366341
2025-02-20,36.84,36.96,36.69,36.79,20313338.0,296774566.0,5545624804.999999,0.003662948488993569
2025-02-21,36.74,36.76,36.26,36.31,41534606.0,599995077.0,5545624804.999999,0.007489617033332641
2025-02-24,36.28,36.41,36.13,36.18,30087073.0,432831251.0,5545624804.999999,0.005425371181417313
2025-02-25,36.16,36.18,35.53,35.6,36807284.0,522329702.0,5545624804.999999,0.006637175303820434
2025-02-26,35.58,36.21,35.58,36.03,21399838.0,305846463.0,5545624804.999999,0.0038588687032533576
2025-02-27,36.03,36.54,35.73,36.54,27160335.0,391242971.0,5545624804.999999,0.004897614958644864
2025-02-28,36.49,36.71,36.31,36.31,23434236.0,339619000.0,5545624804.999999,0.004225716095843957
2025-03-03,36.31,36.76,36.16,36.71,27382490.0,397093954.0,5545624804.999999,0.004937674466421103
2025-03-04,36.61,36.81,36.51,36.71,19091358.0,277801110.0,5545624804.999999,0.003442598205126862
2025-03-05,36.69,37.07,36.56,37.01,32384747.0,474326084.0,5545624804.999999,0.005839693116418828
2025-03-06,36.96,37.01,36.61,36.94,24564577.0,359415158.0,5545624804.999999,0.00442954182148282
2025-03-07,36.99,37.27,36.91,37.19,63252587.0,933081072.0,5545624804.999999,0.011405854024414118
2025-03-10,37.12,37.12,36.79,36.91,23229985.0,340478845.0,5545624804.999999,0.004188885079108774
2025-03-11,36.81,37.12,36.74,37.12,19483143.0,285747991.0,5545624804.999999,0.0035132457901648475
2025-03-12,37.12,37.12,36.84,36.89,16646103.0,244339087.0,5545624804.999999,0.0030016641199728626
2025-03-13,36.86,37.19,36.84,37.04,36046863.0,530235298.0,5545624804.999999,0.006500054415419473
2025-03-14,37.01,37.22,36.79,36.94,46265802.0,679560925.0,5545624804.999999,0.00834275733156095
2025-03-17,36.96,37.27,36.86,37.09,45142941.0,665288996.0,5545624804.999999,0.008140280416969176
2025-03-18,37.09,37.17,36.91,37.01,27798515.0,408574317.0,5545624804.999999,0.005012693064798855
2025-03-19,37.07,37.39,36.89,37.34,56998649.0,841607268.0,5545624804.999999,0.010278129336952144
2025-03-20,37.27,37.52,37.07,37.19,41904853.0,618921917.0,5545624804.999999,0.007556380835973271
2025-03-21,37.19,37.37,36.86,36.94,36390434.0,535453990.0,5545624804.999999,0.006562007939518369
2025-03-24,36.89,37.37,36.84,37.24,56481718.0,834077923.0,5545624804.999999,0.010184915133291282
2025-03-25,37.24,37.32,37.09,37.12,27238203.0,401774203.0,5545624804.999999,0.004911656298031869
2025-03-26,37.09,37.24,36.84,36.84,36750120.0,539515396.0,5545624804.999999,0.00662686735800548
2025-03-27,36.89,37.04,36.79,36.86,19407467.0,284359204.0,5545624804.999999,0.003499599717330679
2025-03-28,36.86,36.91,36.64,36.79,29356247.0,428105199.0,5545624804.999999,0.005293586932446651
2025-03-31,36.79,36.94,36.36,36.38,42915654.0,623085754.0,5808276446.0,0.007388707200662742
2025-04-01,36.38,36.84,36.33,36.79,32320340.0,470307355.0,5808276446.0,0.0055645319744135335
2025-04-02,36.81,37.07,36.74,37.01,37004042.0,542596834.0,5808276446.0,0.006370916113244518
2025-04-03,36.91,36.99,36.44,36.89,52582849.0,768142466.0,5808276446.0,0.009053089929321866
2025-04-07,35.88,36.01,34.22,35.02,100647619.0,1406315533.0,5808276446.0,0.017328310719320745
2025-04-08,35.02,36.08,34.95,36.03,63843624.0,902109350.0,5808276446.0,0.010991836320732865
2025-04-09,35.86,36.16,35.3,36.16,48680469.0,690203403.0,5808276446.0,0.008381224525482924
2025-04-10,36.26,36.54,35.93,36.44,34754340.0,500658661.0,5808276446.0,0.005983589163345411
2025-04-11,36.33,36.44,36.03,36.36,24062767.0,346119181.0,5808276446.0,0.004142841206632195
2025-04-14,36.44,36.56,36.03,36.06,35481109.0,510335405.0,5808276446.0,0.006108715611226608
2025-04-15,36.03,36.69,36.03,36.66,38576919.0,558658209.0,5808276446.0,0.006641715379536878
2025-04-16,36.64,36.91,36.54,36.89,47081674.0,687066947.0,5850381047.0,0.008047625209667817
2025-04-17,36.81,36.86,36.51,36.79,30827717.0,448805892.0,5850381047.0,0.005269351987903088
2025-04-18,36.66,36.89,36.59,36.76,30942163.0,451771502.0,5850381047.0,0.005288914132501975
2025-04-21,36.71,36.84,36.36,36.36,31271501.0,454257238.0,5850381047.0,0.005345207559776918
2025-04-22,36.41,36.66,36.41,36.56,25457663.0,369410935.0,5850381047.0,0.004351453827619376
2025-04-23,36.64,36.76,36.49,36.49,24668820.0,358555323.0,6354464047.0,0.0038821244116797504
2025-04-24,36.49,36.84,36.46,36.66,31862891.0,464485306.0,6354464047.0,0.005014253092681004
2025-04-25,36.71,36.84,36.49,36.71,27291493.0,397011914.0,6354464047.0,0.004294853633310674
2025-04-28,36.74,37.12,36.71,37.01,57051602.0,837554076.0,6354464047.0,0.008978192586821634
2025-04-29,37.14,37.8,37.04,37.32,91618527.0,1357983636.0,6354464047.0,0.014417978656005448
2025-04-30,37.24,37.29,36.84,37.04,53331160.0,783742526.0,6354464047.0,0.008392707804394318
2025-05-06,37.09,37.17,36.74,36.91,44480926.0,650641660.0,6354464047.0,0.006999949275187079
2025-05-07,37.12,37.19,36.91,37.19,46395156.0,683269052.0,6354464047.0,0.007301191045671834
2025-05-08,37.14,37.49,37.07,37.49,64718090.0,959495420.0,6568227267.999999,0.00985320503681451
2025-05-09,37.47,38.75,37.44,38.45,138223662.0,2094849277.0,6568227267.999999,0.02104428734879763
2025-05-12,38.35,38.58,37.95,37.97,89310557.0,1354121996.0,6568227267.999999,0.013597360955385263
2025-05-13,37.97,38.5,37.8,38.45,82609489.0,1252962331.0,6568227267.999999,0.012577136208801479
2025-05-14,38.35,38.88,38.12,38.58,84981437.0,1297503964.0,6568227267.999999,0.012938260741071546
2025-05-15,38.68,39.41,38.63,38.63,84412856.0,1304582706.0,6568227267.999999,0.012851695374679598
2025-05-16,38.6,38.98,38.1,38.55,61044462.0,930719393.0,6568227267.999999,0.009293902221898576
2025-05-19,38.5,38.73,38.17,38.17,55412057.0,844249725.0,6568227267.999999,0.008436379366768283
2025-05-20,38.3,38.65,38.17,38.22,61026805.0,929190042.0,6568227267.999999,0.009291213977524629
2025-05-21,38.25,38.98,38.22,38.83,74070747.0,1137745520.0,6568227267.999999,0.01127712912140969
2025-05-22,38.83,39.74,38.7,39.61,94935794.0,1483020596.0,6568227267.999999,0.01445379249626781
2025-05-23,39.64,39.99,39.23,39.33,66579216.0,1045874830.0,6568227267.999999,0.010136557899628392
2025-05-26,39.43,39.84,39.13,39.26,74957917.0,1174422107.0,6568227267.999999,0.011412199051818804
2025-05-27,39.43,40.77,39.43,40.37,127843023.0,2039608819.0,6568227267.999999,0.019463854976949926
2025-05-28,40.37,41.65,40.32,41.37,115684467.0,1891545454.0,6568227267.999999,0.017612738152896695
2025-05-29,41.27,41.53,40.92,41.07,70846697.0,1157488996.0,6568227267.999999,0.010786273694450368
2025-05-30,41.22,42.1,41.2,41.98,77384293.0,1280694550.0,6568227267.999999,0.011781610142665364
2025-06-03,42.33,42.53,41.88,42.33,91180156.0,1527883594.0,6568227267.999999,0.013882003816193166
2025-06-04,42.28,42.53,41.8,42.51,67973004.0,1138948251.0,6568227267.999999,0.010348759448559326
2025-06-05,42.53,42.63,41.45,41.6,74528668.0,1237700273.0,6568227267.999999,0.011346846715109738
2025-06-06,41.75,42.03,41.32,41.6,64905666.0,1070893792.0,7116200993.0,0.009120830912989363
2025-06-09,41.75,41.83,41.1,41.65,74884453.0,1232490085.0,7116200993.0,0.010523094144426452
2025-06-10,41.65,42.38,41.5,41.7,67673192.0,1126041147.0,7116200993.0,0.009509735892306604
2025-06-11,41.7,41.83,41.27,41.4,46127722.0,759559426.0,7116200993.0,0.006482071268837755
2025-06-12,41.25,42.21,41.2,42.13,71092927.0,1180853055.0,7165882678.0,0.009921028601021146
2025-06-13,42.13,42.28,41.47,41.63,85883349.0,1424868537.0,7165882678.0,0.0119850342043236
2025-06-16,41.8,41.98,41.45,41.8,38430753.0,636536431.0,7165882678.0,0.005363017331833576
2025-06-17,41.83,42.21,41.32,41.37,56106557.0,925579398.0,7165882678.0,0.007829678424997513
2025-06-18,41.37,41.9,41.25,41.75,43348459.0,715432327.0,7165882678.0,0.006049283940007035
2025-06-19,41.83,42.31,41.6,42.1,53763219.0,896399177.0,7165882678.0,0.007502665256446165
2025-06-20,42.21,43.36,42.13,43.21,77467129.0,1320568485.0,7165882678.0,0.010810549443941091
2025-06-23,43.21,43.39,42.61,43.21,55915377.0,955520669.0,7165882678.0,0.007802999227389807
2025-06-24,43.09,43.41,42.71,43.24,67214315.0,1148973329.0,7165882678.0,0.009379767716035164
2025-06-25,43.19,44.2,42.99,43.87,61368915.0,1061841138.0,7165882678.0,0.008564041271343852
2025-06-26,43.89,44.98,43.52,44.75,66289809.0,1166055557.0,7165882678.0,0.009250752765394355
2025-06-27,44.52,44.83,42.58,42.71,113037049.0,1950911795.0,7165882678.0,0.01577433710253664
2025-06-30,42.58,42.78,42.03,42.38,66515962.0,1117134939.0,7241452497.0,0.009185444774726664
2025-07-01,42.36,43.94,42.33,43.67,73969252.0,1271722141.0,7241452497.0,0.010214698229484223
2025-07-02,43.57,44.02,43.52,43.57,40641106.0,705459949.0,7241452497.0,0.005612286487667614
2025-07-03,43.57,43.89,43.29,43.54,33872520.0,584976482.0,7241452497.0,0.004677586439189204
2025-07-04,43.54,44.32,43.36,44.02,48669135.0,849291992.0,7249002548.0,0.006713907834592749
2025-07-07,44.02,44.07,43.31,43.69,37047924.0,642582439.0,7249002548.0,0.005110761619227396
2025-07-08,43.64,43.77,42.89,43.11,50915812.0,872334326.0,7249002548.0,0.007023836957271821
2025-07-09,43.09,43.92,43.04,43.59,51758972.0,895389412.0,7249002548.0,0.007140150890729139
2025-07-10,43.67,44.32,43.52,43.74,65243866.0,1138555329.0,7249002548.0,0.009000392201269233
2025-07-11,44.04,44.47,43.04,43.16,88758467.0,1540959254.0,7249002548.0,0.012244231728748455
2025-07-14,43.09,43.82,43.04,43.24,44819004.0,772026437.0,7249002548.0,0.00618278221082507
2025-07-15,43.29,43.72,42.63,42.63,49428958.0,844293097.0,7249002548.0,0.0068187254277676385
2025-07-16,42.08,42.71,41.45,42.68,86360194.0,1445208554.0,7249002548.0,0.011913389935809414
2025-07-17,42.61,42.91,42.1,42.46,36317600.0,611078274.0,7249002548.0,0.0050100134135033555
2025-07-18,42.84,43.52,42.84,43.47,58249763.0,1001410775.0,7249002548.0,0.008035555597379547
2025-07-21,43.54,43.85,42.77,43.18,61196510.0,1031790317.0,7249002548.0,0.008442059386071553
2025-07-22,43.03,43.18,42.06,42.44,67079404.0,1110702693.0,7249002548.0,0.009253604693311525
2025-07-23,42.39,42.9,42.29,42.52,52561171.0,874447407.0,7249002548.0,0.007250814253679857
2025-07-24,42.54,42.54,41.9,41.98,61962495.0,1019648834.0,7249002548.0,0.008547727027230174
2025-07-25,41.93,42.42,41.88,41.93,58597968.0,964074258.0,7249002548.0,0.008083590481861146
2025-07-28,42.01,42.9,42.01,42.47,56210476.0,934499934.0,7249002548.0,0.007754235928018603
2025-07-29,42.44,42.75,41.67,41.75,55307308.0,907141609.0,7249002548.0,0.007629643890145864
2025-07-30,41.75,42.34,41.7,41.9,44394031.0,728224593.0,7249002548.0,0.006124157179700304
2025-07-31,41.9,42.08,40.78,41.11,74053574.0,1190324953.0,7249002548.0,0.01021569153958035
2025-08-01,41.29,41.72,40.7,41.65,57320811.0,925534486.0,7249002548.0,0.00790740665635644
2025-08-04,41.47,42.24,41.44,41.62,44948162.0,733902675.0,7249002548.0,0.006200599558680139
2025-08-05,41.62,42.18,41.57,42.08,46044219.0,752838534.0,7249002548.0,0.006351800636723959
2025-08-06,42.08,42.18,41.62,41.9,41821583.0,684051608.0,7249002548.0,0.005769287943144478
2025-08-07,41.95,42.21,41.7,42.01,35795801.0,586494746.0,7249002548.0,0.004938031234362866
2025-08-08,42.08,42.47,41.9,41.98,34263369.0,563649935.0,7249002548.0,0.004726632219139344
2025-08-11,41.98,42.03,41.49,41.6,36964601.0,601073269.0,7249002548.0,0.005099267210245157
2025-08-12,41.65,41.85,41.42,41.47,33829409.0,548958612.0,7249002548.0,0.004666767431242459
2025-08-13,41.49,41.62,40.72,40.8,66270769.0,1062383843.0,7249002548.0,0.009142053484073352
2025-08-14,40.85,40.98,40.49,40.52,50244968.0,798762828.0,7249002548.0,0.006931294018356027
2025-08-15,40.62,40.78,39.83,40.65,74372595.0,1167933292.0,7249002548.0,0.010259700490865381
2025-08-18,40.85,41.24,40.19,40.78,86101337.0,1369000608.0,7249002548.0,0.011877680609141924
2025-08-19,40.85,41.11,40.42,40.93,49089655.0,779630815.0,7249002548.0,0.006771918574307004
2025-08-20,40.8,42.01,40.72,41.65,93870504.0,1526494552.0,7249002548.0,0.012949437302363602
2025-08-21,41.67,42.16,41.34,41.9,52610462.0,858871209.0,7249002548.0,0.00725761394779965
2025-08-22,41.88,42.06,40.98,41.21,83707993.0,1347461913.0,7249002548.0,0.011547518771819861
2025-08-25,41.11,41.49,40.78,41.44,93487269.0,1505994106.0,7249002548.0,0.012896570028905997
2025-08-26,41.52,41.52,40.93,40.93,58984423.0,945380552.0,7249002548.0,0.008136901954362508
2025-08-27,40.88,41.16,40.6,40.62,59601507.0,950777052.0,7249002548.0,0.008222028700547782
2025-08-28,40.52,41.31,40.49,41.19,62820899.0,1003499462.0,7249002548.0,0.008666143870694636
2025-08-29,41.19,41.54,40.65,40.65,71815922.0,1151378215.0,7249002548.0,0.009907007415773914
2025-09-01,40.62,40.88,40.16,40.19,58944015.0,930105578.0,7249002548.0,0.008131327670213422
2025-09-02,40.21,40.93,40.16,40.93,75616280.0,1200018589.0,7249002548.0,0.010431266853515251
2025-09-03,40.8,40.88,39.93,40.14,65321868.0,1027253791.0,7249002548.0,0.009011152578229167
2025-09-04,40.01,40.11,39.5,40.06,62759632.0,976184512.0,7249002548.0,0.008657692087212107
2025-09-05,40.16,40.16,39.62,40.03,43193357.0,672915052.0,7249002548.0,0.005958524185084892
2025-09-08,39.91,40.62,39.8,40.31,59874523.0,943649874.0,7249002548.0,0.008259691261457673
2025-09-09,40.34,41.08,40.31,41.08,59489696.0,947484075.0,7249002548.0,0.008206604371578432
2025-09-10,40.9,41.19,40.65,40.85,34703969.0,553990593.0,7249002548.0,0.004787412995126457
2025-09-11,40.83,41.13,40.65,40.96,38512134.0,614060478.0,7249002548.0,0.00531274940862388
2025-09-12,40.9,41.06,40.16,40.26,49783559.0,787275273.0,7249002548.0,0.00686764264053615
2025-09-15,40.26,40.52,39.85,40.11,39136902.0,613795457.0,7249002548.0,0.005398936162713568
2025-09-16,40.11,40.26,39.57,39.62,40065647.0,622710736.0,7249002548.0,0.005527056548083862
2025-09-17,39.62,39.83,39.44,39.5,35100211.0,542256907.0,7249002548.0,0.00484207458441081
2025-09-18,39.6,39.78,38.75,38.8,51127553.0,781963181.0,7249002548.0,0.0070530466310990735
2025-09-19,38.83,39.55,38.47,39.47,52702998.0,803404072.0,7249002548.0,0.007270379290257079
2025-09-22,39.21,39.32,38.45,38.57,76585760.0,1158723084.0,7249002548.0,0.010565006632689075
2025-09-23,38.6,39.57,38.24,38.98,98215979.0,1500787682.0,7249002548.0,0.013548895637662286
2025-09-24,39.03,39.52,38.88,39.24,45162256.0,690865041.0,7249002548.0,0.006230133828889365
2025-09-25,39.09,39.16,38.52,38.73,69294924.0,1047279749.0,7249002548.0,0.009559235707417218
2025-09-26,38.73,39.29,38.5,39.21,46591074.0,708511336.0,7249002548.0,0.006427239291404923
2025-09-29,39.21,39.7,38.88,39.42,54613729.0,837677072.0,7249002548.0,0.007533964657671134
2025-09-30,39.44,39.47,38.75,39.11,57989607.0,883297572.0,7249002548.0,0.007999667073644405
2025-10-09,38.93,39.11,38.6,39.09,48654828.0,738971897.0,7249002548.0,0.006711934183748338
2025-10-10,39.06,39.93,38.93,39.8,66869216.0,1036934070.0,7249002548.0,0.009224609255855375
2025-10-13,39.57,40.67,39.26,40.34,85546574.0,1337087399.0,7249002548.0,0.011801151045753503
2025-10-14,40.16,41.39,39.91,41.21,91347950.0,1460244213.0,7249002548.0,0.012601450943785763
2025-10-15,41.03,41.57,40.98,41.21,53841261.0,866070910.0,7249002548.0,0.007427402686574418
2025-10-16,41.29,41.75,41.24,41.72,55162285.0,894682918.0,7249002548.0,0.007609637965325212
2025-10-17,41.7,42.44,41.65,42.01,72224514.0,1186637441.0,7249002548.0,0.009963372687726086
2025-10-20,42.03,42.11,41.26,41.98,47809174.0,779459029.0,7249002548.0,0.00659527620295713
2025-10-21,41.88,42.13,41.54,41.98,48533422.0,793186288.0,7249002548.0,0.006695186224398607
2025-10-22,41.85,42.36,41.83,42.03,27231764.0,447340016.0,7249002548.0,0.0037566222138400605
2025-10-23,42.03,42.47,41.93,42.39,42526576.0,701260128.0,7249002548.0,0.005866541737074307
2025-10-24,42.31,42.34,41.57,41.75,52453137.0,857652050.0,7249002548.0,0.007235910961911832
2025-10-27,41.52,41.85,41.19,41.44,48370183.0,783032355.0,7249002548.0,0.006672667402130426
2025-10-28,41.39,41.7,41.13,41.42,32989084.0,533571772.0,7249002548.0,0.0045508445860736645
2025-10-29,41.21,41.34,40.11,40.21,66333617.0,1048024921.0,7249002548.0,0.009150723366527364
2025-10-30,40.26,40.7,40.14,40.21,43208145.0,681368745.0,7249002548.0,0.005960564189885839
2025-10-31,39.88,40.34,39.44,40.21,70954544.0,1107811821.0,7249002548.0,0.00978818030896904
2025-11-03,40.21,40.7,40.11,40.47,45549636.0,719179516.0,7249002548.0,0.0062835729051532955
2025-11-04,40.55,41.13,40.39,40.98,53315859.0,850307250.0,7249002548.0,0.007354923473534969
2025-11-05,41.16,41.21,40.75,41.03,38132392.0,611125919.0,7249002548.0,0.005260363994563738
2025-11-06,40.98,41.31,40.72,40.96,46800118.0,748821131.0,7249002548.0,0.006456076914045527
2025-11-07,40.96,41.21,40.75,40.75,38953288.0,622536733.0,7249002548.0,0.005373606608918521
2025-11-10,40.67,41.42,40.47,41.26,42962198.0,690171156.0,7249002548.0,0.005926635797893777
2025-11-11,41.24,41.62,41.13,41.54,36896438.0,596946271.0,7249002548.0,0.005089864123468922
2025-11-12,41.67,41.9,41.37,41.37,34401003.0,558851629.0,7249002548.0,0.00474561883130959
2025-11-13,41.47,41.57,41.06,41.31,43604074.0,702661375.0,7249002548.0,0.006015182600815938
2025-11-14,41.37,41.85,41.21,41.24,36403953.0,590517070.0,7249002548.0,0.005021925811026767
2025-11-17,41.21,41.34,40.21,40.21,65460158.0,1035025425.0,7249002548.0,0.009030229685608326
2025-11-18,40.53,40.76,40.16,40.26,40288347.0,620895658.0,7249002548.0,0.005557778016110031
2025-11-19,40.21,40.68,40.21,40.45,22978696.0,354239779.0,7249002548.0,0.003169911425447053
2025-11-20,40.45,41.34,40.34,40.89,43289310.0,675169091.0,7249002548.0,0.005971760902738753
2025-11-21,40.84,41.24,40.19,40.24,47726125.0,739306419.0,7249002548.0,0.0065838195922786145
2025-11-24,40.26,40.5,39.9,40.11,33548978.0,513811162.0,7249002548.0,0.00462808197098181
2025-11-25,40.13,40.66,39.9,40.66,28079130.0,431202086.0,7249002548.0,0.0038735163650545318
2025-11-26,40.55,40.79,40.34,40.37,24117593.0,372398738.0,7249002548.0,0.0033270222820730067
2025-11-27,40.4,40.92,40.13,40.87,26940534.0,416818341.0,7249002548.0,0.0037164470313826685
2025-11-28,40.87,41.05,40.74,40.92,29555968.0,460712730.0,7249002548.0,0.004077246187222612
2025-12-01,40.95,41.37,40.82,41.34,43124196.0,676252602.0,7249002548.0,0.005948983424195094
2025-12-02,41.34,41.6,41.1,41.39,30718741.0,484400275.0,7249002548.0,0.004237650738373006
2025-12-03,41.39,41.87,41.26,41.5,44701752.0,709832034.0,7249002548.0,0.0061666072958317854
2025-12-04,41.52,41.66,41.29,41.45,25771478.0,407109295.0,7249002548.0,0.003555175740296898
2025-12-05,41.45,41.81,40.74,40.97,43142801.0,676798178.0,7249002548.0,0.0059515499841979085
2025-12-08,40.95,41.29,40.82,41.13,32430567.0,507944549.0,7249002548.0,0.004473797158334231
2025-12-09,41.08,41.71,41.0,41.1,45986239.0,723889592.0,7249002548.0,0.006343802294936095
2025-12-10,41.1,41.39,39.84,40.03,62959107.0,968258557.0,7249002548.0,0.008685209666172682
2025-12-11,40.11,40.42,39.95,40.05,38008376.0,581453424.0,7249002548.0,0.005243255985678542
2025-12-12,40.0,40.13,39.56,39.69,54357923.0,824081085.0,7249002548.0,0.007498676216495103
2025-12-15,39.58,40.03,39.5,39.95,37273739.0,565177111.0,7249002548.0,0.005141912801545893
2025-12-16,39.92,40.37,39.87,40.11,39239658.0,599694265.0,7249002548.0,0.005413111354309873
2025-12-17,40.11,40.21,39.84,39.98,32499812.0,495317638.0,7249002548.0,0.004483349507025169
2025-12-18,40.03,41.03,39.79,40.95,64261371.0,993201238.0,7249002548.0,0.008864857002668555
2025-12-19,40.76,41.16,40.58,41.1,42940378.0,669912819.0,7249002548.0,0.005923625728597275
2025-12-22,40.92,40.97,40.24,40.29,47055683.0,724936838.0,7249002548.0,0.0064913321092682835
2025-12-23,40.37,40.74,40.29,40.4,32170859.0,496509811.0,7249002548.0,0.004437970436205177
2025-12-24,40.45,40.47,39.98,40.21,34984159.0,535187877.0,7249002548.0,0.004826065209433831
2025-12-25,40.29,40.68,40.03,40.32,34376814.0,529351853.0,7249002548.0,0.004742281958430896
2025-12-26,40.24,40.37,39.92,40.03,35231159.0,537617909.0,7249002548.0,0.004860138862790202
2025-12-29,40.0,40.21,39.82,40.11,36630072.0,558053029.0,7249002548.0,0.0050531189301493955
2025-12-30,40.03,40.4,39.82,40.32,36512964.0,558991328.0,7249002548.0,0.0050369638799580676
2025-12-31,40.29,40.61,40.05,40.11,40789843.0,626367373.0,7249002548.0,0.005626959396124632
2026-01-05,40.11,40.58,40.08,40.55,58037789.0,892639196.0,7249002548.0,0.008006313781199129
2026-01-06,40.63,40.89,40.13,40.82,54056720.0,834280202.0,7249002548.0,0.007457125258552192
2026-01-07,40.71,41.6,40.71,41.47,81743779.0,1287878449.0,7249002548.0,0.011276555423829049
2026-01-08,41.42,41.63,41.08,41.34,41240009.0,649217110.0,7249002548.0,0.005689059801941733
2026-01-09,41.37,41.37,40.19,40.53,73374086.0,1130385033.0,7249002548.0,0.010121956160747096
2026-01-12,40.32,40.55,40.16,40.4,44259495.0,680602663.0,7249002548.0,0.006105597936672156
2026-01-13,40.4,42.05,40.32,41.89,120839688.0,1912333814.0,7249002548.0,0.016669836601635582
2026-01-14,41.68,41.68,40.95,41.0,73837918.0,1159479601.0,7249002548.0,0.010185941791449899
2026-01-15,40.97,41.6,40.82,41.16,62626433.0,984966533.0,7249002548.0,0.008639317283352125
2026-01-16,41.18,41.29,40.24,40.34,76246952.0,1183183100.0,7249002548.0,0.010518268064485166
2026-01-19,40.21,40.24,39.43,39.53,75128716.0,1137369878.0,7249002548.0,0.010364007393089967
2026-01-20,39.53,40.11,39.43,40.0,47196197.0,716383500.0,7249002548.0,0.006510716017477664
2026-01-21,39.95,40.34,39.69,39.84,52816834.0,805309412.0,7249002548.0,0.007286082968003945
2026-01-22,39.87,40.74,39.69,40.55,68129439.0,1050706932.0,7249002548.0,0.009398457035829973
2026-01-23,40.68,40.71,39.84,40.11,62307460.0,952016269.0,7249002548.0,0.008595314953667747
2026-01-26,39.71,41.39,39.5,40.89,116223532.0,1806266572.0,7249002548.0,0.016033037818708736
2026-01-27,40.89,41.84,40.82,41.18,83786582.0,1323350070.0,7249002548.0,0.011558360125437771
2026-01-28,41.13,42.31,40.89,41.47,89311724.0,1420802290.0,7249002548.0,0.012320553539416414
2026-01-29,41.63,42.23,41.42,42.08,57178730.0,912915737.0,7249002548.0,0.007887806580475767
2026-01-30,42.26,42.76,42.1,42.42,55850144.0,903422802.0,7249002548.0,0.007704528123722215
2026-02-02,42.5,42.76,41.68,41.79,52183805.0,840199127.0,7249002548.0,0.0071987566088520015
2026-02-03,42.0,42.05,41.34,41.58,54274891.0,860931148.0,7249002548.0,0.007487221950966819
2026-02-04,41.55,42.5,41.55,42.36,39185287.0,629981207.0,7249002548.0,0.00540561087412105
2026-02-05,42.44,43.76,42.42,43.55,64716495.0,1065760470.0,7249002548.0,0.008927641364653028
2026-02-06,43.68,43.81,43.05,43.2,41955002.0,693315523.0,7249002548.0,0.0057876930960074485
2026-02-09,43.02,43.41,42.68,43.07,41455855.0,679891693.0,7249002548.0,0.005718835760574767
2026-02-10,43.2,43.49,42.86,43.05,38616250.0,634808321.0,7249002548.0,0.005327112212238665
2026-02-11,43.07,43.44,42.97,43.36,24840983.0,409380479.0,7249002548.0,0.0034268139424028245
2026-02-12,43.31,43.47,42.84,42.99,34625121.0,568687266.0,7249002548.0,0.0047765359124550275
2026-02-13,42.99,43.15,42.55,42.6,21420991.0,349197317.0,7249002548.0,0.002955025999530108
2026-02-24,42.65,43.07,42.57,42.76,29629834.0,483356914.0,7249002548.0,0.004087436002926344
2026-02-25,43.02,43.02,42.21,42.5,32502994.0,527790217.0,7249002548.0,0.004483788463968409
2026-02-26,42.47,43.05,42.26,42.73,22878024.0,371328528.0,7249002548.0,0.003156023721679067
2026-02-27,42.71,43.1,42.57,42.65,28021293.0,457485989.0,7249002548.0,0.0038655377501186114
2026-03-02,42.44,43.47,42.26,43.23,41746725.0,684478229.0,7249002548.0,0.0057589612810272665
2026-03-03,43.23,43.97,42.65,43.26,65362528.0,1078889612.0,7249002548.0,0.009016761625781676
2026-03-04,43.07,43.52,42.55,43.28,40088819.0,658263757.0,7249002548.0,0.005530253125798736
2026-03-05,42.94,43.65,42.94,43.49,23220395.0,384011711.0,7249002548.0,0.003203253805781391
2026-03-06,43.41,43.62,43.07,43.44,19560729.0,322973075.0,7249002548.0,0.0026984028313518536
2026-03-09,43.1,43.68,42.84,43.02,35432716.0,582544288.0,7249002548.0,0.004887943653679069
2026-03-10,43.15,43.18,42.65,43.15,19848621.0,324464739.0,7249002548.0,0.002738117536663887
2026-03-11,43.05,43.86,42.92,43.83,35712233.0,592071054.0,7249002548.0,0.0049265030276272985
2026-03-12,43.76,44.81,43.57,44.62,47624120.0,805686513.0,7249002548.0,0.006569748001142515
2026-03-13,44.54,45.28,44.36,45.04,36910663.0,632281307.0,7249002548.0,0.005091826462412219
2026-03-16,45.02,45.72,45.02,45.46,46906623.0,812317611.0,7249002548.0,0.006470769280242775
2026-03-17,45.33,45.75,45.02,45.04,28632650.0,494169308.0,7249002548.0,0.003949874456576063
2026-03-18,45.07,45.15,44.49,44.94,28498902.0,486489228.0,7249002548.0,0.003931423918158623
2026-03-19,44.73,45.04,43.97,44.1,31449773.0,532395594.0,7249002548.0,0.004338496612706667
2026-03-20,44.04,44.41,43.83,43.89,29054296.0,487410533.0,7249002548.0,0.004008040528005619
2026-03-23,43.62,43.7,42.13,42.36,40922405.0,666035185.0,7249002548.0,0.005645246325825957
2026-03-24,42.68,43.36,42.57,43.13,30320300.0,496870708.0,7249002548.0,0.004182685797008773
2026-03-25,43.23,44.02,42.86,43.76,24565540.0,407712206.0,7249002548.0,0.0033888165768099546
2026-03-26,43.83,44.31,43.62,43.81,23032943.0,385405492.0,7249002548.0,0.003177394799834191
2026-03-27,43.7,43.99,43.44,43.49,20403169.0,339141754.0,7249002548.0,0.0028146174407993876
2026-03-30,43.34,43.97,43.31,43.62,17808669.0,296330909.0,7249002548.0,0.0024567061305439068
2026-03-31,43.76,44.49,43.52,43.97,24699584.0,414692978.0,7249002548.0,0.0034073079484314176
2026-04-01,44.12,44.49,43.86,44.02,23372641.0,393353207.0,7249002548.0,0.0032242561435501926
2026-04-02,44.07,44.46,43.94,44.2,17147122.0,288524914.0,7249002548.0,0.0023654457129044454
2026-04-03,44.1,44.57,43.78,44.31,22026125.0,370998484.0,7249002548.0,0.0030385042430529988
2026-04-07,44.1,44.62,43.99,44.2,19549717.0,329401394.0,7249002548.0,0.0026968837258022163
2026-04-08,44.23,44.7,43.94,44.62,34738268.0,588058207.0,7249002548.0,0.004792144542642531
2026-04-09,44.54,45.36,44.52,44.96,49555393.0,850993340.0,7249002548.0,0.006836167137735706
2026-04-10,45.09,45.15,44.81,45.02,21230829.0,363762895.0,7249002548.0,0.002928793149046083
2026-04-13,44.99,45.15,44.6,45.09,17490813.0,299098145.0,7249002548.0,0.002412857891024706
2026-04-14,45.15,45.44,44.96,45.36,22766973.0,392300044.0,7249002548.0,0.0031407042347200457
2026-04-15,45.3,45.57,45.2,45.36,27185707.0,470370159.0,7249002548.0,0.003750268650064213
2026-04-16,45.36,45.54,44.67,44.7,26978556.0,462600215.0,7249002548.0,0.003721692166799332
2026-04-17,44.75,44.86,44.57,44.6,15327396.0,260914986.0,7249002548.0,0.002114414486477016
2026-04-20,44.54,45.36,44.54,45.3,21105383.0,362942914.0,7249002548.0,0.0029114878716414543
2026-04-21,45.36,46.12,45.28,45.62,26328663.0,459489945.0,7249002548.0,0.0036320394186182318
2026-04-22,45.8,45.93,45.44,45.72,16836886.0,293204325.0,7249002548.0,0.002322648652488789
2026-04-23,44.65,45.44,43.91,45.23,49494959.0,846255099.0,7249002548.0,0.006827830266614496
2026-04-24,45.23,45.3,44.62,44.91,29102710.0,497412382.0,7249002548.0,0.004014719239963495
2026-04-27,44.83,45.49,44.6,44.7,28405100.0,486493299.0,7249002548.0,0.00391848393098399
2026-04-28,44.81,45.8,44.65,45.75,31890370.0,551820886.0,7249002548.0,0.004399276974843739
2026-04-29,45.67,45.96,45.28,45.67,25727615.0,446679252.0,7249002548.0,0.0035491248388508636
2026-04-30,45.46,46.17,45.41,45.67,26906752.0,469684505.0,7249002548.0,0.00371178680402362
2026-05-06,45.67,45.67,44.88,45.12,32137064.0,553251209.0,7249002548.0,0.004433308415495952
2026-05-07,45.23,45.3,44.33,44.46,34166077.0,580765870.0,7249002548.0,0.004713210786417287
2026-05-08,44.31,44.62,43.91,44.07,23147143.0,389307237.0,7249002548.0,0.003193148691386003
2026-05-11,44.07,44.18,43.6,44.15,34111077.0,569989138.0,7249002548.0,0.004705623535669917
2026-05-12,44.02,44.31,43.47,43.6,35901862.0,598370955.0,7249002548.0,0.00495266235075408
2026-05-13,43.6,44.2,43.55,43.7,28987160.0,483460772.0,7249002548.0,0.003998779115893338
2026-05-14,43.65,44.02,43.55,43.65,23232245.0,387963657.0,7249002548.0,0.0032048885134424152
2026-05-15,43.65,43.89,43.18,43.34,25687962.0,425108547.0,7249002548.0,0.003543654706962037
2026-05-18,43.18,43.28,42.5,42.63,27910895.0,454452332.0,7249002548.0,0.003850308344518463
2026-05-19,42.57,43.31,42.57,42.89,23980226.0,392160233.0,7249002548.0,0.003308072502556389
2026-05-20,42.92,42.99,42.42,42.5,21212260.0,344689524.0,7249002548.0,0.0029262315552437573
2026-05-21,42.5,42.71,42.29,42.34,26612061.0,430916083.0,7249002548.0,0.0036711341765691984
2026-05-22,42.36,42.47,41.76,42.13,30087068.0,482772154.0,7249002548.0,0.004150511439439488
2026-05-25,42.13,42.84,41.92,42.36,30744072.0,496549815.0,7249002548.0,0.004241145150167217
2026-05-26,42.36,42.57,42.02,42.18,22111424.0,356059799.0,7249002548.0,0.0030502712412620882
2026-05-27,42.23,42.29,41.55,41.92,28194676.0,450244859.0,7249002548.0,0.003889455937324634
2026-05-28,41.81,42.21,41.45,41.52,33005765.0,525820018.0,7249002548.0,0.004553145730250335
2026-05-29,41.58,42.57,41.45,42.02,60550832.0,972416822.0,7249002548.0,0.008352988097197728
2026-06-01,42.15,42.97,41.79,42.97,62522044.0,1010867566.0,7249002548.0,0.008624916819383632
2026-06-02,42.86,43.15,42.44,42.6,45471369.0,740306465.0,7249002548.0,0.006272775971439761
2026-06-03,42.57,42.65,41.89,42.05,43516217.0,698458894.0,7249002548.0,0.006003062726472089
2026-06-04,42.0,42.1,41.0,41.16,59706590.0,943534854.0,7249002548.0,0.008236524901825706
2026-06-05,41.37,42.02,41.26,41.6,35278604.0,560623611.0,7249002548.0,0.004866683901184911
2026-06-08,41.47,42.57,41.42,42.34,48723540.0,782029443.0,7249002548.0,0.006721413005082034
2026-06-09,42.15,43.07,42.13,42.73,54095927.0,880367129.0,7249002548.0,0.0074625338647349585
2026-06-10,42.65,43.65,42.57,43.6,50435456.0,831484448.0,7249002548.0,0.006957571840544482
2026-06-11,43.6,43.89,43.18,43.6,45024823.0,748209291.0,7249002548.0,0.00621117494467185
2026-06-12,43.23,44.02,43.1,43.94,65464168.0,1089489538.0,7249002548.0,0.009030782865162817
2026-06-15,44.07,44.1,43.35,43.46,44866795.0,734795740.0,7249002548.0,0.006189374979924479
2026-06-16,43.57,43.7,42.87,43.01,27706074.0,447681747.0,7249002548.0,0.0038220532847852437
2026-06-17,43.11,43.33,42.39,42.71,34723764.0,555315260.0,7249002548.0,0.004790143715645442
2026-06-18,42.74,42.79,41.72,41.75,41203922.0,648734390.0,7249002548.0,0.005684081599801364
2026-06-22,41.64,42.07,40.79,41.62,54394152.0,845187276.0,7249002548.0,0.007503674007537402
2026-06-23,41.67,42.44,41.54,41.75,42452407.0,666300021.0,7249002548.0,0.005856310122516459
2026-06-24,41.8,41.86,40.55,40.6,47603850.0,730447007.0,7249002548.0,0.0065669517543670754
2026-06-25,40.39,40.82,40.04,40.12,45423354.0,686736692.0,7249002548.0,0.006266152301537307
2026-06-26,40.31,40.36,39.51,39.64,36058450.0,537652155.0,7249002548.0,0.004974263667481884
2026-06-29,39.51,39.99,38.79,39.88,49204143.0,727120050.0,7249002548.0,0.00678771219546273
2026-06-30,39.88,39.88,38.28,38.57,58590183.0,851735968.0,7249002548.0,0.00808251654100536
2026-07-01,38.57,39.4,38.41,39.13,54562368.0,797923809.0,7249002548.0,0.007526879407023213
2026-07-02,39.21,40.02,39.21,39.75,67836127.0,1006155266.0,7249002548.0,0.00935799464144429
2026-07-03,39.86,40.28,39.59,40.04,44585595.0,667658730.0,7249002548.0,0.00615058343610338
2026-07-06,40.07,41.08,39.83,40.95,40003334.0,608777516.0,7249002548.0,0.005518460468887119
2026-07-07,41.06,41.38,40.68,40.95,37100102.0,568874435.0,7249002548.0,0.00511795957503642
2026-07-08,40.98,41.4,40.47,41.11,24451716.0,376614011.0,7249002548.0,0.003373114554463252
2026-07-09,40.92,40.95,40.39,40.63,32284853.0,491737988.0,7249002548.0,0.00445369591005419
2026-07-10,40.71,40.71,40.12,40.42,37144115.0,561747230.0,7249002548.0,0.005124031168984492
2026-07-13,40.39,41.27,40.18,41.27,43125341.0,660873108.0,7249002548.0,0.005949141376960653
