date,开盘,最高,最低,收盘,成交量,成交额,流通股本,换手率
2010-09-28,3.72,3.75,3.54,3.57,326372960.0,1190050688.0,1100000000.0,0.2967026909090909
2010-09-29,3.45,3.54,3.43,3.47,115421296.0,401337440.0,1100000000.0,0.1049284509090909
2010-09-30,3.47,3.56,3.45,3.55,76494240.0,269854240.0,1100000000.0,0.06954021818181819
2010-10-08,3.56,3.66,3.52,3.59,128202488.0,461577088.0,1100000000.0,0.11654771636363637
2010-10-11,3.59,3.73,3.57,3.72,183771872.0,672264064.0,1100000000.0,0.16706533818181818
2010-10-12,3.7,3.72,3.64,3.68,105058336.0,386490720.0,1100000000.0,0.09550757818181818
2010-10-13,3.67,3.71,3.6,3.69,92866664.0,339165312.0,1100000000.0,0.08442424
2010-10-14,3.7,3.85,3.67,3.73,269133888.0,1011656320.0,1100000000.0,0.2446671709090909
2010-10-15,3.72,3.82,3.67,3.8,232780928.0,874536960.0,1100000000.0,0.21161902545454545
2010-10-18,3.9,4.18,3.85,4.18,405817920.0,1653685760.0,1100000000.0,0.3689253818181818
2010-10-19,4.1,4.14,3.98,4.05,266893904.0,1078665472.0,1100000000.0,0.24263082181818182
2010-10-20,3.96,4.01,3.86,3.94,166983184.0,657299456.0,1100000000.0,0.15180289454545454
2010-10-21,3.95,3.95,3.82,3.88,99521040.0,385614432.0,1100000000.0,0.09047367272727273
2010-10-22,3.88,3.91,3.83,3.88,65463920.0,253800288.0,1100000000.0,0.05951265454545455
2010-10-25,3.88,3.98,3.88,3.96,103334200.0,406898240.0,1100000000.0,0.09394018181818181
2010-10-26,3.98,3.99,3.88,3.9,74838824.0,292520384.0,1100000000.0,0.06803529454545454
2010-10-27,3.88,3.95,3.86,3.86,58781808.0,229046880.0,1100000000.0,0.053438007272727274
2010-10-28,3.87,3.89,3.83,3.84,54640116.0,210400208.0,1100000000.0,0.04967283272727273
2010-10-29,3.84,3.86,3.76,3.8,58398672.0,221819488.0,1100000000.0,0.05308970181818182
2010-11-01,3.8,3.84,3.79,3.83,51418168.0,196299088.0,1100000000.0,0.046743789090909094
2010-11-02,3.84,3.91,3.77,3.86,88499744.0,339205984.0,1100000000.0,0.08045431272727273
2010-11-03,3.84,3.88,3.79,3.81,49817904.0,190446032.0,1100000000.0,0.04528900363636364
2010-11-04,3.83,3.88,3.81,3.86,49251188.0,189583296.0,1100000000.0,0.04477380727272727
2010-11-05,3.88,3.97,3.86,3.92,98169200.0,385259328.0,1100000000.0,0.08924472727272727
2010-11-08,3.93,3.96,3.9,3.94,77230296.0,303668064.0,1100000000.0,0.07020936
2010-11-09,3.94,3.94,3.85,3.87,65961056.0,256429200.0,1100000000.0,0.059964596363636366
2010-11-10,3.85,3.86,3.78,3.82,48751656.0,186068800.0,1100000000.0,0.044319687272727275
2010-11-11,3.8,3.89,3.79,3.84,47827072.0,183857248.0,1100000000.0,0.04347915636363636
2010-11-12,3.83,3.83,3.64,3.67,80275184.0,299913440.0,1100000000.0,0.07297744
2010-11-15,3.67,3.75,3.66,3.73,40610680.0,150276288.0,1100000000.0,0.0369188
2010-11-16,3.72,3.72,3.62,3.63,35272764.0,129420008.0,1100000000.0,0.03206614909090909
2010-11-17,3.62,3.66,3.6,3.62,22547272.0,81669776.0,1100000000.0,0.02049752
2010-11-18,3.63,3.65,3.61,3.64,19014028.0,69060616.0,1100000000.0,0.01728548
2010-11-19,3.65,3.67,3.6,3.66,23155174.0,84061000.0,1100000000.0,0.02105015818181818
2010-11-22,3.63,3.67,3.62,3.65,21566156.0,78640376.0,1100000000.0,0.019605596363636364
2010-11-23,3.63,3.63,3.54,3.57,28737044.0,102951744.0,1100000000.0,0.026124585454545456
2010-11-24,3.56,3.61,3.55,3.6,18180568.0,65144480.0,1100000000.0,0.01652778909090909
2010-11-25,3.61,3.64,3.58,3.63,23508450.0,84963544.0,1100000000.0,0.021371318181818182
2010-11-26,3.62,3.63,3.58,3.59,16284371.0,58643592.0,1100000000.0,0.014803973636363637
2010-11-29,3.58,3.59,3.56,3.58,14631003.0,52273112.0,1100000000.0,0.013300911818181818
2010-11-30,3.57,3.6,3.49,3.52,31783388.0,112246920.0,1100000000.0,0.02889398909090909
2010-12-01,3.53,3.53,3.5,3.52,14099866.0,49529760.0,1100000000.0,0.01281806
2010-12-02,3.57,3.65,3.54,3.61,33990000.0,121964904.0,1100000000.0,0.0309
2010-12-03,3.6,3.61,3.55,3.58,14036499.0,50217292.0,1100000000.0,0.012760453636363637
2010-12-06,3.6,3.62,3.56,3.6,21954160.0,78977648.0,1100000000.0,0.019958327272727273
2010-12-07,3.57,3.58,3.51,3.57,16168345.0,57359840.0,1100000000.0,0.014698495454545454
2010-12-08,3.56,3.57,3.53,3.55,10890960.0,38693336.0,1100000000.0,0.009900872727272728
2010-12-09,3.54,3.57,3.49,3.52,17619960.0,62207884.0,1100000000.0,0.016018145454545454
2010-12-10,3.5,3.55,3.5,3.53,12954454.0,45698440.0,1100000000.0,0.011776776363636363
2010-12-13,3.53,3.6,3.53,3.6,25068558.0,89726808.0,1100000000.0,0.022789598181818183
2010-12-14,3.6,3.66,3.57,3.63,27983772.0,101168352.0,1100000000.0,0.025439792727272727
2010-12-15,3.61,3.63,3.58,3.6,14520819.0,52335580.0,1100000000.0,0.013200744545454545
2010-12-16,3.6,3.62,3.57,3.58,12449806.0,44713752.0,1100000000.0,0.011318005454545454
2010-12-17,3.57,3.59,3.51,3.57,17425720.0,62016928.0,1100000000.0,0.015841563636363635
2010-12-20,3.56,3.57,3.5,3.53,18634620.0,65771584.0,1100000000.0,0.016940563636363638
2010-12-21,3.53,3.57,3.52,3.56,14065591.0,49863292.0,1100000000.0,0.012786900909090909
2010-12-22,3.56,3.56,3.52,3.53,12883284.0,45559632.0,1100000000.0,0.011712076363636364
2010-12-23,3.53,3.54,3.51,3.52,14484187.0,51015004.0,1100000000.0,0.013167442727272728
2010-12-24,3.53,3.53,3.5,3.52,12504539.0,43898384.0,1100000000.0,0.011367762727272726
2010-12-27,3.53,3.54,3.45,3.47,22012236.0,77066856.0,1100000000.0,0.020011123636363638
2010-12-28,3.43,3.44,3.12,3.2,295855680.0,947545536.0,2000000000.0,0.14792784
2010-12-29,3.16,3.19,3.1,3.16,96143992.0,302168128.0,2000000000.0,0.048071996
2010-12-30,3.16,3.16,3.06,3.09,102763576.0,318798592.0,2000000000.0,0.051381788
2010-12-31,3.08,3.12,3.08,3.12,79554832.0,246512304.0,2000000000.0,0.039777416
2011-01-04,3.12,3.16,3.1,3.15,99758600.0,311400960.0,2000000000.0,0.0498793
2011-01-05,3.13,3.14,3.1,3.11,50268712.0,156750992.0,2000000000.0,0.025134356
2011-01-06,3.11,3.12,3.07,3.09,93946048.0,290436128.0,2000000000.0,0.046973024
2011-01-07,3.08,3.15,3.07,3.12,80020488.0,249175552.0,2000000000.0,0.040010244
2011-01-10,3.1,3.13,3.08,3.09,45563100.0,141448288.0,2000000000.0,0.02278155
2011-01-11,3.08,3.13,3.05,3.12,102524032.0,316953408.0,2000000000.0,0.051262016
2011-01-12,3.1,3.13,3.09,3.12,46218892.0,143513904.0,2000000000.0,0.023109446
2011-01-13,3.12,3.12,3.09,3.09,35485176.0,110065464.0,2000000000.0,0.017742588
2011-01-14,3.09,3.1,3.07,3.08,32742526.0,100919840.0,2000000000.0,0.016371263
2011-01-17,3.07,3.08,3.0,3.01,62935120.0,190939664.0,2000000000.0,0.03146756
2011-01-18,3.01,3.01,2.97,3.01,30343904.0,90774288.0,2000000000.0,0.015171952
2011-01-19,3.01,3.05,2.99,3.05,43398468.0,131021016.0,2000000000.0,0.021699234
2011-01-20,3.04,3.04,2.96,2.98,46518396.0,139646816.0,2000000000.0,0.023259198
2011-01-21,2.97,3.06,2.96,3.03,61113912.0,184303904.0,2000000000.0,0.030556956
2011-01-24,3.03,3.07,3.01,3.04,39447964.0,119922576.0,2000000000.0,0.019723982
2011-01-25,3.03,3.05,3.01,3.03,27650772.0,83643264.0,2000000000.0,0.013825386
2011-01-26,3.03,3.05,3.02,3.05,25401956.0,77107512.0,2000000000.0,0.012700978
2011-01-27,3.03,3.18,3.01,3.15,136649600.0,427146240.0,2000000000.0,0.0683248
2011-01-28,3.13,3.14,3.1,3.12,52063412.0,162395296.0,2000000000.0,0.026031706
2011-01-31,3.12,3.16,3.11,3.14,51190872.0,160281360.0,2000000000.0,0.025595436
2011-02-01,3.14,3.14,3.1,3.13,30396928.0,94776888.0,2000000000.0,0.015198464
2011-02-09,3.11,3.13,3.1,3.11,29679802.0,92467104.0,2000000000.0,0.014839901
2011-02-10,3.11,3.16,3.1,3.15,41009864.0,128509936.0,2000000000.0,0.020504932
2011-02-11,3.15,3.2,3.14,3.17,59777056.0,189691920.0,2000000000.0,0.029888528
2011-02-14,3.18,3.29,3.17,3.27,132376360.0,430300960.0,2000000000.0,0.06618818
2011-02-15,3.28,3.33,3.26,3.28,108899616.0,358462432.0,2000000000.0,0.054449808
2011-02-16,3.27,3.39,3.25,3.38,103730456.0,345952608.0,2000000000.0,0.051865228
2011-02-17,3.39,3.43,3.33,3.4,119812336.0,405877440.0,2000000000.0,0.059906168
2011-02-18,3.39,3.41,3.3,3.32,84332088.0,282835840.0,2000000000.0,0.042166044
2011-02-21,3.29,3.34,3.28,3.34,51477024.0,170622912.0,2000000000.0,0.025738512
2011-02-22,3.34,3.34,3.2,3.21,91028000.0,295955744.0,2000000000.0,0.045514
2011-02-23,3.18,3.23,3.18,3.22,42281368.0,135596048.0,2000000000.0,0.021140684
2011-02-24,3.2,3.26,3.2,3.26,40535784.0,130983192.0,2000000000.0,0.020267892
2011-02-25,3.25,3.26,3.19,3.24,32581980.0,105092120.0,2000000000.0,0.01629099
2011-02-28,3.24,3.32,3.21,3.3,71419712.0,233343664.0,2000000000.0,0.035709856
2011-03-01,3.31,3.34,3.29,3.32,62202060.0,206073520.0,2000000000.0,0.03110103
2011-03-02,3.45,3.65,3.41,3.51,319815424.0,1121862912.0,2000000000.0,0.159907712
2011-03-03,3.46,3.66,3.45,3.53,232144800.0,828760512.0,2000000000.0,0.1160724
2011-03-04,3.51,3.51,3.42,3.46,104848512.0,362151008.0,2000000000.0,0.052424256
2011-03-07,3.47,3.49,3.42,3.46,88138576.0,303592288.0,2000000000.0,0.044069288
2011-03-08,3.46,3.46,3.4,3.44,66418404.0,227203792.0,2000000000.0,0.033209202
2011-03-09,3.44,3.52,3.43,3.46,69356688.0,241226304.0,2000000000.0,0.034678344
2011-03-10,3.46,3.47,3.42,3.43,45486004.0,156134048.0,2000000000.0,0.022743002
2011-03-11,3.41,3.45,3.4,3.43,44712380.0,153289264.0,2000000000.0,0.02235619
2011-03-14,3.4,3.43,3.36,3.4,49845688.0,168834064.0,2000000000.0,0.024922844
2011-03-15,3.39,3.39,3.28,3.32,72071288.0,239187584.0,2000000000.0,0.036035644
2011-03-16,3.32,3.36,3.31,3.35,43242188.0,144292512.0,2000000000.0,0.021621094
2011-03-17,3.33,3.33,3.28,3.3,40502368.0,133647032.0,2000000000.0,0.020251184
2011-03-18,3.31,3.33,3.29,3.31,23399256.0,77303760.0,2000000000.0,0.011699628
2011-03-21,3.3,3.31,3.27,3.28,31349824.0,103191912.0,2000000000.0,0.015674912
2011-03-22,3.3,3.3,3.26,3.29,33724640.0,110486304.0,2000000000.0,0.01686232
2011-03-23,3.29,3.31,3.27,3.31,39300960.0,129483736.0,2000000000.0,0.01965048
2011-03-24,3.31,3.37,3.3,3.34,51935876.0,173441904.0,2000000000.0,0.025967938
2011-03-25,3.34,3.37,3.32,3.36,35386540.0,118353456.0,2000000000.0,0.01769327
2011-03-28,3.36,3.39,3.35,3.36,41744888.0,140463200.0,2000000000.0,0.020872444
2011-03-29,3.36,3.38,3.34,3.36,47405224.0,159438656.0,2000000000.0,0.023702612
2011-03-30,3.35,3.37,3.32,3.33,33284696.0,111214176.0,2000000000.0,0.016642348
2011-03-31,3.33,3.34,3.28,3.28,35562424.0,117374240.0,2000000000.0,0.017781212
2011-04-01,3.28,3.32,3.27,3.31,18706392.0,61614452.0,2000000000.0,0.009353196
2011-04-06,3.32,3.36,3.3,3.35,34397848.0,114608440.0,2000000000.0,0.017198924
2011-04-07,3.36,3.37,3.33,3.35,30873204.0,103388328.0,2000000000.0,0.015436602
2011-04-08,3.35,3.37,3.34,3.37,30216248.0,101478128.0,2000000000.0,0.015108124
2011-04-11,3.39,3.4,3.36,3.36,43150860.0,145876304.0,2000000000.0,0.02157543
2011-04-12,3.36,3.47,3.35,3.43,89339552.0,306010496.0,2000000000.0,0.044669776
2011-04-13,3.41,3.49,3.4,3.47,61085408.0,211455904.0,2000000000.0,0.030542704
2011-04-14,3.47,3.49,3.43,3.44,51897244.0,179589168.0,2000000000.0,0.025948622
2011-04-15,3.44,3.47,3.41,3.47,44340748.0,152528768.0,2000000000.0,0.022170374
2011-04-18,3.46,3.5,3.44,3.48,47438120.0,164789184.0,2000000000.0,0.02371906
2011-04-19,3.46,3.47,3.4,3.41,43926912.0,150486160.0,2000000000.0,0.021963456
2011-04-20,3.43,3.52,3.41,3.47,58651040.0,203483056.0,2000000000.0,0.02932552
2011-04-21,3.46,3.48,3.41,3.44,44040376.0,151435168.0,2000000000.0,0.022020188
2011-04-22,3.45,3.51,3.42,3.48,70198424.0,244366272.0,2000000000.0,0.035099212
2011-04-25,3.47,3.49,3.4,3.41,54768456.0,188462688.0,2000000000.0,0.027384228
2011-04-26,3.4,3.41,3.33,3.34,47149652.0,158453648.0,2000000000.0,0.023574826
2011-04-27,3.35,3.38,3.31,3.33,25373488.0,84882768.0,2000000000.0,0.012686744
2011-04-28,3.33,3.35,3.27,3.28,31482728.0,104232256.0,2000000000.0,0.015741364
2011-04-29,3.27,3.33,3.27,3.33,19097550.0,62981228.0,2000000000.0,0.009548775
2011-05-03,3.33,3.4,3.32,3.39,31734018.0,106892504.0,2000000000.0,0.015867009
2011-05-04,3.37,3.43,3.34,3.36,48136280.0,163126784.0,2000000000.0,0.02406814
2011-05-05,3.34,3.37,3.31,3.35,23847136.0,79707696.0,2000000000.0,0.011923568
2011-05-06,3.33,3.36,3.3,3.35,22964116.0,76648584.0,2000000000.0,0.011482058
2011-05-09,3.35,3.38,3.33,3.35,16522694.0,55343496.0,2000000000.0,0.008261347
2011-05-10,3.34,3.36,3.33,3.34,12601510.0,42071536.0,2000000000.0,0.006300755
2011-05-11,3.35,3.38,3.33,3.37,29266282.0,98502400.0,2000000000.0,0.014633141
2011-05-12,3.35,3.38,3.33,3.33,29643272.0,99520920.0,2000000000.0,0.014821636
2011-05-13,3.34,3.35,3.3,3.34,26708448.0,88724352.0,2000000000.0,0.013354224
2011-05-16,3.34,3.34,3.29,3.29,25622844.0,84822544.0,2000000000.0,0.012811422
2011-05-17,3.29,3.32,3.28,3.31,17711268.0,58392376.0,2000000000.0,0.008855634
2011-05-18,3.3,3.32,3.28,3.31,14986441.0,49507760.0,2000000000.0,0.0074932205
2011-05-19,3.31,3.32,3.27,3.28,19558328.0,64298996.0,2000000000.0,0.009779164
2011-05-20,3.28,3.29,3.26,3.27,16063325.0,52557348.0,2000000000.0,0.0080316625
2011-05-23,3.27,3.27,3.16,3.17,30648160.0,98020088.0,2000000000.0,0.01532408
2011-05-24,3.16,3.17,3.12,3.15,15444820.0,48565448.0,2000000000.0,0.00772241
2011-05-25,3.15,3.15,3.1,3.11,13646922.0,42626416.0,2000000000.0,0.006823461
2011-05-26,3.1,3.14,3.1,3.1,11887820.0,37038620.0,2000000000.0,0.00594391
2011-05-27,3.09,3.11,3.03,3.06,20877358.0,64099112.0,2000000000.0,0.010438679
2011-05-30,3.04,3.08,3.04,3.05,11440596.0,34959132.0,2000000000.0,0.005720298
2011-05-31,3.05,3.09,3.04,3.09,18591040.0,56936336.0,2000000000.0,0.00929552
2011-06-01,3.08,3.09,3.06,3.09,11115588.0,34190016.0,2000000000.0,0.005557794
2011-06-02,3.06,3.07,3.02,3.04,16765101.0,50935112.0,2000000000.0,0.0083825505
2011-06-03,3.04,3.08,3.04,3.08,9878542.0,30244324.0,2000000000.0,0.004939271
2011-06-08,3.08,3.09,3.04,3.09,11432079.0,35021696.0,2000000000.0,0.0057160395
2011-06-09,3.08,3.12,3.05,3.05,16330920.0,50389480.0,2000000000.0,0.00816546
2011-06-10,3.05,3.07,3.03,3.05,11396642.0,34693960.0,2000000000.0,0.005698321
2011-06-13,3.05,3.06,3.03,3.05,9532287.0,28990688.0,2000000000.0,0.0047661435
2011-06-14,3.05,3.09,3.03,3.09,13324298.0,40955832.0,2000000000.0,0.006662149
2011-06-15,3.08,3.18,3.06,3.1,24859796.0,77528384.0,2000000000.0,0.012429898
2011-06-16,3.07,3.13,3.05,3.07,19652124.0,60556288.0,2000000000.0,0.009826062
2011-06-17,3.06,3.1,3.06,3.06,8672059.0,26705028.0,2000000000.0,0.0043360295
2011-06-20,3.07,3.08,3.04,3.06,12408416.0,37959352.0,2000000000.0,0.006204208
2011-06-21,3.07,3.1,3.06,3.09,12858990.0,39651872.0,2000000000.0,0.006429495
2011-06-22,3.09,3.11,3.08,3.1,10920451.0,33792360.0,2000000000.0,0.0054602255
2011-06-23,3.09,3.14,3.08,3.12,21644744.0,67397712.0,2000000000.0,0.010822372
2011-06-24,3.11,3.17,3.11,3.16,29021420.0,91394784.0,2000000000.0,0.01451071
2011-06-27,3.17,3.18,3.14,3.15,19121634.0,60385336.0,2000000000.0,0.009560817
2011-06-28,3.15,3.24,3.13,3.21,33069200.0,105121200.0,2000000000.0,0.0165346
2011-06-29,3.18,3.2,3.16,3.16,24194772.0,76920328.0,2000000000.0,0.012097386
2011-06-30,3.16,3.21,3.16,3.2,22532576.0,72006552.0,2000000000.0,0.011266288
2011-07-01,3.2,3.24,3.19,3.2,16069761.0,51579480.0,2000000000.0,0.0080348805
2011-07-04,3.21,3.24,3.21,3.24,14520509.0,46418056.0,2000000000.0,0.0072602545
2011-07-05,3.23,3.29,3.21,3.28,37482344.0,120941480.0,2000000000.0,0.018741172
2011-07-06,3.27,3.33,3.24,3.3,33885864.0,110771664.0,2000000000.0,0.016942932
2011-07-07,3.3,3.33,3.27,3.28,31931000.0,104237096.0,2000000000.0,0.0159655
2011-07-08,3.31,3.31,3.25,3.26,22522444.0,73011936.0,2000000000.0,0.011261222
2011-07-11,3.26,3.39,3.26,3.33,56169952.0,185705776.0,2000000000.0,0.028084976
2011-07-12,3.3,3.34,3.25,3.26,33954328.0,110696072.0,2000000000.0,0.016977164
2011-07-13,3.26,3.29,3.24,3.28,18804126.0,60831136.0,2000000000.0,0.009402063
2011-07-14,3.28,3.35,3.24,3.32,44427504.0,145101456.0,2000000000.0,0.022213752
2011-07-15,3.3,3.3,3.27,3.29,31132120.0,101201880.0,2000000000.0,0.01556606
2011-07-18,3.29,3.29,3.26,3.26,14371211.0,46567672.0,2000000000.0,0.0071856055
2011-07-19,3.26,3.26,3.21,3.22,18693518.0,59851856.0,2000000000.0,0.009346759
2011-07-20,3.23,3.25,3.21,3.22,9942124.0,31781514.0,2000000000.0,0.004971062
2011-07-21,3.23,3.24,3.18,3.18,12939918.0,41100552.0,2000000000.0,0.006469959
2011-07-22,3.19,3.22,3.18,3.19,8836133.0,27989592.0,2000000000.0,0.0044180665
2011-07-25,3.18,3.22,3.13,3.14,23807904.0,74940376.0,2000000000.0,0.011903952
2011-07-26,3.14,3.16,3.13,3.15,9510451.0,29590132.0,2000000000.0,0.0047552255
2011-07-27,3.15,3.17,3.13,3.17,9175150.0,28629504.0,2000000000.0,0.004587575
2011-07-28,3.15,3.16,3.13,3.14,9285667.0,28850058.0,2000000000.0,0.0046428335
2011-07-29,3.14,3.15,3.09,3.13,13924694.0,42941976.0,2000000000.0,0.006962347
2011-08-01,3.13,3.13,3.1,3.12,6677357.0,20619068.0,2000000000.0,0.0033386785
2011-08-02,3.12,3.14,3.08,3.14,12570423.0,38734804.0,2000000000.0,0.0062852115
2011-08-03,3.12,3.14,3.1,3.12,7368082.0,22787520.0,2000000000.0,0.003684041
2011-08-04,3.13,3.14,3.1,3.11,6494800.0,20061502.0,2000000000.0,0.0032474
2011-08-05,3.07,3.1,3.03,3.08,19868968.0,60458452.0,2000000000.0,0.009934484
2011-08-08,3.05,3.07,2.95,2.98,29795164.0,88667720.0,2000000000.0,0.014897582
2011-08-09,2.93,2.97,2.9,2.95,24631248.0,71488344.0,2000000000.0,0.012315624
2011-08-10,2.98,3.02,2.96,2.96,16651160.0,49233028.0,2000000000.0,0.00832558
2011-08-11,2.94,3.01,2.92,3.01,14169904.0,41820776.0,2000000000.0,0.007084952
2011-08-12,3.02,3.12,3.01,3.08,30844748.0,93854256.0,2000000000.0,0.015422374
2011-08-15,3.08,3.08,3.03,3.06,19921756.0,60236624.0,2000000000.0,0.009960878
2011-08-16,3.06,3.07,3.04,3.04,11473704.0,34672028.0,2000000000.0,0.005736852
2011-08-17,3.05,3.06,3.03,3.03,10476603.0,31520770.0,2000000000.0,0.0052383015
2011-08-18,3.03,3.04,2.99,2.99,10360143.0,30867496.0,2000000000.0,0.0051800715
2011-08-19,2.96,2.98,2.94,2.97,11810654.0,34569952.0,2000000000.0,0.005905327
2011-08-22,2.97,2.99,2.95,2.97,7840781.0,23027500.0,2000000000.0,0.0039203905
2011-08-23,2.97,3.01,2.96,3.01,8845697.0,26171946.0,2000000000.0,0.0044228485
2011-08-24,3.01,3.03,2.97,2.99,9222200.0,27368128.0,2000000000.0,0.0046111
2011-08-25,2.99,3.07,2.97,3.06,26667974.0,79990208.0,2000000000.0,0.013333987
2011-08-26,3.04,3.05,3.02,3.03,14270911.0,42840416.0,2000000000.0,0.0071354555
2011-08-29,3.03,3.03,2.99,3.0,9222169.0,27431072.0,2000000000.0,0.0046110845
2011-08-30,3.02,3.04,2.99,3.0,11906167.0,35560408.0,2000000000.0,0.0059530835
2011-08-31,2.99,3.01,2.98,3.01,7166650.0,21229078.0,2000000000.0,0.003583325
2011-09-01,3.01,3.02,2.98,2.99,6361553.0,18875810.0,2000000000.0,0.0031807765
2011-09-02,2.98,3.0,2.96,2.97,6412092.0,18877084.0,2000000000.0,0.003206046
2011-09-05,2.96,2.96,2.93,2.94,11852443.0,34483668.0,2000000000.0,0.0059262215
2011-09-06,2.92,2.95,2.92,2.94,6353634.0,18453440.0,2000000000.0,0.003176817
2011-09-07,2.94,2.98,2.93,2.97,6599386.0,19307280.0,2000000000.0,0.003299693
2011-09-08,2.97,2.98,2.94,2.97,7060267.0,20706594.0,2000000000.0,0.0035301335
2011-09-09,2.97,2.99,2.96,2.98,7610931.0,22425058.0,2000000000.0,0.0038054655
2011-09-13,2.96,3.0,2.94,2.99,9283417.0,27220824.0,2000000000.0,0.0046417085
2011-09-14,3.01,3.02,2.95,3.0,10417599.0,30732750.0,2000000000.0,0.0052087995
2011-09-15,2.99,3.08,2.96,3.07,28338416.0,84505768.0,2000000000.0,0.014169208
2011-09-16,3.05,3.05,3.01,3.04,17736678.0,53264712.0,2000000000.0,0.008868339
2011-09-19,3.03,3.03,2.98,3.02,13249316.0,39354428.0,2000000000.0,0.006624658
2011-09-20,3.0,3.03,2.99,3.02,9283826.0,27731266.0,2000000000.0,0.004641913
2011-09-21,3.01,3.07,2.99,3.04,38519740.0,115859280.0,2000000000.0,0.01925987
2011-09-22,3.03,3.04,2.96,2.98,23380038.0,69331296.0,2000000000.0,0.011690019
2011-09-23,2.94,2.98,2.93,2.96,11264537.0,32946262.0,2000000000.0,0.0056322685
2011-09-26,2.94,2.98,2.93,2.94,9210353.0,26853688.0,2000000000.0,0.0046051765
2011-09-27,2.95,2.97,2.93,2.95,8837613.0,25744648.0,2000000000.0,0.0044188065
2011-09-28,2.95,2.97,2.9,2.92,13529446.0,39163432.0,2000000000.0,0.006764723
2011-09-29,2.91,2.92,2.88,2.9,12397047.0,35496808.0,2000000000.0,0.0061985235
2011-09-30,2.9,2.91,2.86,2.88,8732943.0,24902364.0,2000000000.0,0.0043664715
2011-10-10,2.9,2.9,2.86,2.87,7171893.0,20402448.0,2000000000.0,0.0035859465
2011-10-11,2.91,2.93,2.85,2.87,8729880.0,24987680.0,2000000000.0,0.00436494
2011-10-12,2.87,2.93,2.85,2.92,21600896.0,62089672.0,2000000000.0,0.010800448
2011-10-13,2.92,2.95,2.91,2.92,29017454.0,84030528.0,3080000000.0,0.009421251298701298
2011-10-14,2.9,2.93,2.9,2.92,10774447.0,31065368.0,3080000000.0,0.003498197077922078
2011-10-17,2.93,2.94,2.9,2.92,7280947.0,21021764.0,3080000000.0,0.002363943831168831
2011-10-18,2.9,2.92,2.86,2.89,9938271.0,28375504.0,3080000000.0,0.003226711363636364
2011-10-19,2.89,2.9,2.86,2.89,9420980.0,26811480.0,3080000000.0,0.00305875974025974
2011-10-20,2.88,2.88,2.81,2.84,15376395.0,43147964.0,3080000000.0,0.004992336038961039
2011-10-21,2.84,2.84,2.77,2.78,16008221.0,44309412.0,3080000000.0,0.00519747435064935
2011-10-24,2.79,2.81,2.73,2.81,13361112.0,36684964.0,3080000000.0,0.0043380233766233765
2011-10-25,2.79,2.86,2.78,2.82,26279724.0,73390816.0,3080000000.0,0.008532377922077922
2011-10-26,2.81,2.85,2.8,2.82,35896616.0,100515024.0,3080000000.0,0.011654745454545454
2011-10-27,2.82,2.86,2.81,2.84,22979402.0,64570504.0,3080000000.0,0.007460844805194805
2011-10-28,2.86,2.88,2.83,2.86,31456508.0,88864264.0,3080000000.0,0.010213151948051948
2011-10-31,2.86,2.87,2.82,2.85,20455744.0,57407352.0,3080000000.0,0.006641475324675325
2011-11-01,2.83,2.86,2.82,2.84,16383996.0,45972568.0,3080000000.0,0.005319479220779221
2011-11-02,2.81,2.86,2.8,2.86,23648888.0,66137636.0,3080000000.0,0.0076782103896103895
2011-11-03,2.86,2.89,2.86,2.88,31042060.0,88243800.0,3080000000.0,0.010078590909090909
2011-11-04,2.88,2.9,2.86,2.89,24189420.0,68974056.0,3080000000.0,0.007853707792207792
2011-11-07,2.88,2.89,2.86,2.88,16226060.0,46137488.0,3080000000.0,0.005268201298701299
2011-11-08,2.88,2.88,2.85,2.87,14143207.0,40078736.0,3080000000.0,0.004591950324675325
2011-11-09,2.87,2.87,2.84,2.87,12689199.0,35826188.0,3080000000.0,0.004119869805194805
2011-11-10,2.85,2.85,2.82,2.83,14359669.0,40236080.0,3080000000.0,0.004662230194805194
2011-11-11,2.83,2.84,2.82,2.83,7588717.0,21243094.0,3080000000.0,0.0024638691558441558
2011-11-14,2.84,2.86,2.83,2.86,12555415.0,35410036.0,3080000000.0,0.004076433441558442
2011-11-15,2.85,2.86,2.83,2.85,14507201.0,40796144.0,3080000000.0,0.004710130194805194
2011-11-16,2.83,2.85,2.79,2.81,17613212.0,49040012.0,3080000000.0,0.005718575324675325
2011-11-17,2.8,2.82,2.79,2.81,10559070.0,29271908.0,3080000000.0,0.0034282694805194804
2011-11-18,2.79,2.8,2.75,2.76,16549242.0,45315540.0,3080000000.0,0.00537313051948052
2011-11-21,2.76,2.77,2.75,2.77,9273027.0,25277098.0,3080000000.0,0.003010723051948052
2011-11-22,2.75,2.76,2.74,2.76,6180235.0,16811130.0,3080000000.0,0.002006569805194805
2011-11-23,2.76,2.78,2.75,2.77,12856224.0,35099756.0,3080000000.0,0.004174098701298702
2011-11-24,2.75,2.77,2.74,2.76,7088813.0,19290680.0,3080000000.0,0.002301562662337662
2011-11-25,2.75,2.76,2.73,2.75,9061315.0,24611236.0,3080000000.0,0.00294198538961039
2011-11-28,2.75,2.75,2.73,2.75,6728052.0,18240412.0,3080000000.0,0.0021844324675324676
2011-11-29,2.76,2.77,2.74,2.77,8875827.0,24162564.0,3080000000.0,0.002881762012987013
2011-11-30,2.75,2.76,2.64,2.69,18510368.0,49432796.0,3080000000.0,0.00600985974025974
2011-12-01,2.72,2.74,2.7,2.72,18351028.0,49359936.0,3080000000.0,0.005958125974025974
2011-12-02,2.7,2.71,2.65,2.7,9547612.0,25316336.0,3080000000.0,0.003099874025974026
2011-12-05,2.69,2.69,2.63,2.65,9126001.0,23980476.0,3080000000.0,0.0029629873376623376
2011-12-06,2.63,2.64,2.62,2.64,6247714.0,16299644.0,3080000000.0,0.0020284785714285714
2011-12-07,2.63,2.65,2.62,2.64,5057210.0,13214773.0,3080000000.0,0.0016419512987012987
2011-12-08,2.64,2.64,2.6,2.63,7641999.0,19870350.0,3080000000.0,0.0024811685064935066
2011-12-09,2.61,2.62,2.6,2.61,6973907.0,18055178.0,3080000000.0,0.0022642555194805195
2011-12-12,2.61,2.61,2.58,2.59,4549000.0,11730678.0,3080000000.0,0.001476948051948052
2011-12-13,2.58,2.59,2.53,2.55,11208739.0,28401534.0,3080000000.0,0.003639200974025974
2011-12-14,2.54,2.54,2.5,2.52,9227589.0,23072384.0,3080000000.0,0.0029959704545454544
2011-12-15,2.51,2.51,2.45,2.47,11899656.0,29166346.0,3080000000.0,0.003863524675324675
2011-12-16,2.46,2.57,2.45,2.55,13857311.0,34094920.0,3080000000.0,0.004499126948051948
2011-12-19,2.5,2.51,2.46,2.5,10115162.0,24878380.0,3080000000.0,0.0032841435064935066
2011-12-20,2.49,2.51,2.48,2.49,5873509.0,14513514.0,3080000000.0,0.0019069834415584416
2011-12-21,2.5,2.51,2.47,2.49,7506100.0,18562960.0,3080000000.0,0.0024370454545454548
2011-12-22,2.47,2.48,2.42,2.47,11388618.0,27663916.0,3080000000.0,0.0036976032467532466
2011-12-23,2.45,2.5,2.44,2.47,6610732.0,16194921.0,3080000000.0,0.0021463415584415586
2011-12-26,2.45,2.49,2.44,2.47,10166495.0,24837900.0,3080000000.0,0.003300810064935065
2011-12-27,2.46,2.47,2.4,2.44,15499042.0,37324696.0,3080000000.0,0.005032156493506494
2011-12-28,2.43,2.43,2.37,2.41,9682764.0,22942864.0,3080000000.0,0.0031437545454545456
2011-12-29,2.39,2.4,2.37,2.39,12530210.0,29564148.0,3080000000.0,0.00406825
2011-12-30,2.39,2.42,2.38,2.41,8798901.0,20948084.0,3080000000.0,0.002856786038961039
2012-01-04,2.42,2.43,2.37,2.4,10483642.0,24929204.0,3080000000.0,0.00340377987012987
2012-01-05,2.38,2.39,2.35,2.38,9276016.0,21812804.0,3080000000.0,0.0030116935064935066
2012-01-06,2.37,2.38,2.34,2.38,7339796.0,17195460.0,3080000000.0,0.0023830506493506495
2012-01-09,2.37,2.45,2.36,2.44,19237116.0,45895240.0,3080000000.0,0.006245816883116883
2012-01-10,2.42,2.51,2.42,2.5,27139576.0,66556408.0,3080000000.0,0.00881155064935065
2012-01-11,2.5,2.51,2.47,2.5,17624932.0,43551512.0,3080000000.0,0.005722380519480519
2012-01-12,2.48,2.51,2.47,2.49,12806230.0,31564138.0,3080000000.0,0.004157866883116883
2012-01-13,2.48,2.49,2.41,2.44,13015980.0,31538892.0,3080000000.0,0.0042259675324675325
2012-01-16,2.42,2.43,2.41,2.43,7738437.0,18566154.0,3080000000.0,0.0025124795454545454
2012-01-17,2.42,2.53,2.41,2.53,26175216.0,64782544.0,3080000000.0,0.008498446753246753
2012-01-18,2.52,2.54,2.48,2.5,18780900.0,46753900.0,3080000000.0,0.006097694805194805
2012-01-19,2.49,2.53,2.47,2.52,15212063.0,37860136.0,3080000000.0,0.004938981493506494
2012-01-20,2.52,2.54,2.5,2.54,12812455.0,32071368.0,3080000000.0,0.004159887987012987
2012-01-30,2.53,2.54,2.49,2.5,10991256.0,27369462.0,3080000000.0,0.0035685896103896104
2012-01-31,2.49,2.51,2.48,2.5,5170672.0,12778692.0,3080000000.0,0.0016787896103896104
2012-02-01,2.49,2.52,2.48,2.5,5643264.0,13975344.0,3080000000.0,0.0018322285714285713
2012-02-02,2.5,2.53,2.48,2.53,8716993.0,21683972.0,3080000000.0,0.0028301925324675323
2012-02-03,2.52,2.54,2.51,2.54,13968284.0,35016632.0,3080000000.0,0.0045351571428571425
2012-02-06,2.54,2.54,2.52,2.54,11979161.0,30065930.0,3080000000.0,0.003889337987012987
2012-02-07,2.52,2.53,2.48,2.5,8344054.0,20687980.0,3080000000.0,0.0027091084415584417
2012-02-08,2.49,2.54,2.48,2.54,12721490.0,31792358.0,3080000000.0,0.004130353896103896
2012-02-09,2.53,2.59,2.51,2.58,38003000.0,96461296.0,3080000000.0,0.012338636363636364
2012-02-10,2.57,2.62,2.56,2.62,28557144.0,73533880.0,3080000000.0,0.0092718
2012-02-13,2.59,2.66,2.58,2.64,24609824.0,64360288.0,3080000000.0,0.007990202597402598
2012-02-14,2.62,2.63,2.57,2.61,14841999.0,38174028.0,3080000000.0,0.004818830844155844
2012-02-15,2.59,2.65,2.57,2.63,15952846.0,41454144.0,3080000000.0,0.005179495454545454
2012-02-16,2.62,2.63,2.59,2.61,11367913.0,29483632.0,3080000000.0,0.0036908808441558443
2012-02-17,2.62,2.63,2.59,2.62,7445513.0,19278022.0,3080000000.0,0.0024173743506493506
2012-02-20,2.63,2.65,2.61,2.62,12209719.0,31811780.0,3080000000.0,0.003964194480519481
2012-02-21,2.62,2.62,2.58,2.62,7866929.0,20322168.0,3080000000.0,0.002554197727272727
2012-02-22,2.61,2.64,2.6,2.64,18043260.0,46925800.0,3080000000.0,0.0058582012987012985
2012-02-23,2.63,2.68,2.62,2.65,17045228.0,44694604.0,3080000000.0,0.0055341649350649355
2012-02-24,2.65,2.85,2.63,2.75,54298140.0,146191536.0,3080000000.0,0.017629266233766233
2012-02-27,2.76,2.77,2.72,2.74,43899856.0,119075464.0,3080000000.0,0.0142532
2012-02-28,2.73,2.75,2.72,2.75,18011760.0,48736428.0,3080000000.0,0.005847974025974026
2012-02-29,2.75,2.75,2.7,2.72,14911054.0,40050832.0,3080000000.0,0.0048412512987012985
2012-03-01,2.71,2.73,2.7,2.72,6048620.0,16223843.0,3080000000.0,0.0019638376623376625
2012-03-02,2.72,2.76,2.71,2.75,14141753.0,38270072.0,3080000000.0,0.004591478246753247
2012-03-05,2.75,2.77,2.74,2.75,12544499.0,34108400.0,3080000000.0,0.004072889285714286
2012-03-06,2.74,2.75,2.7,2.72,10978214.0,29489796.0,3080000000.0,0.003564355194805195
2012-03-07,2.7,2.72,2.69,2.69,11697767.0,31253340.0,3080000000.0,0.0037979762987012987
2012-03-08,2.69,2.72,2.69,2.72,15662815.0,41873516.0,3080000000.0,0.005085329545454546
2012-03-09,2.71,2.73,2.7,2.73,10994848.0,29489856.0,3080000000.0,0.003569755844155844
2012-03-12,2.72,2.73,2.7,2.72,10750032.0,28842820.0,3080000000.0,0.00349027012987013
2012-03-13,2.71,2.73,2.7,2.72,12327906.0,33063312.0,3080000000.0,0.004002566883116883
2012-03-14,2.73,2.75,2.64,2.68,32228336.0,86373808.0,3080000000.0,0.010463745454545455
2012-03-15,2.69,2.77,2.69,2.73,50471560.0,136689456.0,3080000000.0,0.01638687012987013
2012-03-16,2.72,2.73,2.68,2.72,20675906.0,55236060.0,3080000000.0,0.0067129564935064934
2012-03-19,2.71,2.72,2.68,2.71,13797074.0,36744660.0,3080000000.0,0.00447956948051948
2012-03-20,2.69,2.7,2.64,2.66,20813440.0,54833864.0,3080000000.0,0.00675761038961039
2012-03-21,2.66,2.68,2.61,2.65,12365023.0,32385014.0,3080000000.0,0.004014617857142857
2012-03-22,2.63,2.66,2.63,2.65,6766563.0,17763472.0,3080000000.0,0.002196936038961039
2012-03-23,2.64,2.64,2.59,2.62,9947232.0,25802628.0,3080000000.0,0.0032296207792207794
2012-03-26,2.6,2.61,2.58,2.61,5807508.0,14965234.0,3080000000.0,0.0018855545454545455
2012-03-27,2.61,2.61,2.58,2.6,7557791.0,19467706.0,3080000000.0,0.0024538282467532467
2012-03-28,2.59,2.59,2.52,2.55,12316390.0,31191510.0,3080000000.0,0.003998827922077922
2012-03-29,2.53,2.53,2.47,2.49,9649249.0,23900858.0,3080000000.0,0.0031328730519480518
2012-03-30,2.49,2.5,2.46,2.48,7486111.0,18413072.0,3080000000.0,0.0024305555194805194
2012-04-05,2.48,2.52,2.46,2.52,12476486.0,30888148.0,3080000000.0,0.004050807142857143
2012-04-06,2.5,2.52,2.48,2.52,9876160.0,24472200.0,3080000000.0,0.0032065454545454545
2012-04-09,2.5,2.52,2.49,2.52,11658640.0,29010140.0,3080000000.0,0.0037852727272727274
2012-04-10,2.51,2.53,2.49,2.53,8301592.0,20640280.0,3080000000.0,0.002695322077922078
2012-04-11,2.51,2.57,2.5,2.55,13770784.0,34628720.0,3080000000.0,0.004471033766233767
2012-04-12,2.53,2.58,2.53,2.58,15285367.0,38757696.0,3080000000.0,0.004962781493506494
2012-04-13,2.58,2.59,2.56,2.58,14258924.0,36367680.0,3080000000.0,0.004629520779220779
2012-04-16,2.57,2.61,2.56,2.58,22327248.0,57113552.0,3080000000.0,0.0072491064935064934
2012-04-17,2.81,2.81,2.6,2.62,90566384.0,240408416.0,3080000000.0,0.02940467012987013
2012-04-18,2.6,2.64,2.55,2.64,41515040.0,107098360.0,3080000000.0,0.013478909090909092
2012-04-19,2.65,2.74,2.65,2.69,50816320.0,135411600.0,3080000000.0,0.016498805194805195
2012-04-20,2.66,2.73,2.64,2.7,31022732.0,82362376.0,3080000000.0,0.010072315584415584
2012-04-23,2.68,2.7,2.65,2.66,20806706.0,55181568.0,3080000000.0,0.006755424025974026
2012-04-24,2.64,2.72,2.6,2.68,30570466.0,80483792.0,3080000000.0,0.009925475974025974
2012-04-25,2.65,2.71,2.64,2.7,28316800.0,75138112.0,3080000000.0,0.009193766233766235
2012-04-26,2.69,2.7,2.64,2.68,22042512.0,58196332.0,3080000000.0,0.00715665974025974
2012-04-27,2.66,2.69,2.64,2.65,14404631.0,37946048.0,3080000000.0,0.004676828246753246
2012-05-02,2.68,2.71,2.66,2.69,26985768.0,71860968.0,3080000000.0,0.008761612987012987
2012-05-03,2.69,2.72,2.66,2.69,25237556.0,67193368.0,3080000000.0,0.008194011688311688
2012-05-04,2.69,2.7,2.65,2.69,29023564.0,76891392.0,3080000000.0,0.009423235064935065
2012-05-07,2.68,2.71,2.66,2.71,28031032.0,74577776.0,3080000000.0,0.009100984415584415
2012-05-08,2.7,2.72,2.69,2.71,24771326.0,66245208.0,3080000000.0,0.008042638311688312
2012-05-09,2.69,2.7,2.65,2.66,14047413.0,37181344.0,3080000000.0,0.004560848376623377
2012-05-10,2.66,2.68,2.63,2.64,15468056.0,40582428.0,3080000000.0,0.005022096103896104
2012-05-11,2.63,2.64,2.61,2.62,11605379.0,30242764.0,3080000000.0,0.0037679801948051947
2012-05-14,2.64,2.64,2.59,2.59,15870929.0,41067820.0,3080000000.0,0.005152899025974026
2012-05-15,2.58,2.58,2.56,2.57,11812946.0,30103004.0,3080000000.0,0.0038353720779220777
2012-05-16,2.57,2.65,2.55,2.58,23792144.0,61477164.0,3080000000.0,0.007724722077922078
2012-05-17,2.58,2.71,2.56,2.69,61817336.0,163188208.0,3080000000.0,0.020070563636363635
2012-05-18,2.66,2.88,2.64,2.85,189399312.0,523657152.0,3080000000.0,0.06149328311688312
2012-05-21,2.78,2.81,2.66,2.69,86235792.0,231554272.0,3080000000.0,0.027998633766233766
2012-05-22,2.69,2.7,2.63,2.66,55334236.0,145492432.0,3080000000.0,0.01796566103896104
2012-05-23,2.65,2.66,2.6,2.64,31147176.0,81095040.0,3080000000.0,0.010112719480519481
2012-05-24,2.62,2.7,2.61,2.66,40684308.0,107629680.0,3080000000.0,0.01320919090909091
2012-05-25,2.66,2.69,2.61,2.62,21346204.0,55735636.0,3080000000.0,0.006930585714285714
2012-05-28,2.62,2.71,2.59,2.69,32970028.0,86763952.0,3080000000.0,0.010704554545454546
2012-05-29,2.68,2.71,2.65,2.69,31317384.0,83133088.0,3080000000.0,0.010167981818181819
2012-05-30,2.68,2.73,2.66,2.69,21890400.0,58479292.0,3080000000.0,0.007107272727272728
2012-05-31,2.66,2.68,2.63,2.64,19006806.0,49944144.0,3080000000.0,0.006171040909090909
2012-06-01,2.66,2.72,2.65,2.66,24715894.0,65764852.0,3080000000.0,0.00802464090909091
2012-06-04,2.63,2.63,2.59,2.59,22910694.0,59399632.0,3080000000.0,0.007438537012987013
2012-06-06,2.61,2.63,2.59,2.6,10869118.0,28131536.0,3080000000.0,0.0035289344155844155
2012-06-07,2.62,2.63,2.57,2.58,12615588.0,32553900.0,3080000000.0,0.00409597012987013
2012-06-08,2.6,2.61,2.54,2.55,14692210.0,37483428.0,3080000000.0,0.0047701980519480516
2012-06-11,2.54,2.58,2.54,2.58,11419282.0,29044352.0,3080000000.0,0.003707559090909091
2012-06-12,2.56,2.57,2.53,2.53,13496600.0,34149004.0,3080000000.0,0.004382012987012987
2012-06-13,2.54,2.57,2.54,2.56,9164572.0,23232422.0,3080000000.0,0.0029755103896103897
2012-06-14,2.56,2.59,2.56,2.57,9666697.0,24687250.0,3080000000.0,0.003138537987012987
2012-06-15,2.58,2.59,2.56,2.59,7653314.0,19595926.0,3080000000.0,0.0024848422077922076
2012-06-18,2.62,2.64,2.6,2.61,12735451.0,33136944.0,3080000000.0,0.004134886688311688
2012-06-19,2.61,2.62,2.59,2.59,6823206.0,17600648.0,3080000000.0,0.0022153266233766234
2012-06-20,2.59,2.61,2.59,2.59,4884090.0,12589170.0,3080000000.0,0.0015857435064935066
2012-06-21,2.59,2.6,2.55,2.56,7062738.0,18010108.0,3080000000.0,0.0022930967532467533
2012-06-25,2.55,2.57,2.53,2.54,9395486.0,23832958.0,3080000000.0,0.0030504824675324674
2012-06-26,2.54,2.55,2.52,2.55,7833576.0,19713604.0,3080000000.0,0.002543368831168831
2012-06-27,2.55,2.55,2.52,2.53,10358996.0,26038760.0,3080000000.0,0.0033633103896103895
2012-06-28,2.53,2.54,2.5,2.5,12543753.0,31355802.0,3080000000.0,0.004072647077922078
2012-06-29,2.51,2.56,2.48,2.55,20554494.0,51337844.0,3080000000.0,0.006673537012987013
2012-07-02,2.55,2.57,2.54,2.56,12179255.0,30880424.0,3080000000.0,0.003954303571428571
2012-07-03,2.56,2.6,2.55,2.57,10568488.0,27080944.0,3080000000.0,0.0034313272727272727
2012-07-04,2.57,2.59,2.55,2.57,9234773.0,23491088.0,3080000000.0,0.0029983029220779223
2012-07-05,2.56,2.58,2.54,2.55,10360943.0,26255060.0,3080000000.0,0.0033639425324675323
2012-07-06,2.57,2.59,2.54,2.59,8933971.0,22062080.0,3080000000.0,0.002900639935064935
2012-07-09,2.58,2.59,2.54,2.54,8758382.0,21729856.0,3080000000.0,0.0028436305194805196
2012-07-10,2.55,2.58,2.52,2.57,9823383.0,24093684.0,3080000000.0,0.003189410064935065
2012-07-11,2.55,2.6,2.54,2.59,9859057.0,24424460.0,3080000000.0,0.0032009925324675325
2012-07-12,2.57,2.61,2.55,2.61,13417733.0,33470880.0,3080000000.0,0.0043564068181818185
2012-07-13,2.59,2.62,2.59,2.6,5559700.0,13953815.0,3080000000.0,0.0018050974025974025
2012-07-16,2.6,2.6,2.56,2.58,10239359.0,25445996.0,3080000000.0,0.0033244672077922077
2012-07-17,2.58,2.6,2.56,2.58,6657739.0,16589963.0,3080000000.0,0.0021616035714285713
2012-07-18,2.58,2.61,2.56,2.6,8770674.0,21865228.0,3080000000.0,0.0028476214285714286
2012-07-19,2.6,2.63,2.58,2.61,13743425.0,34596248.0,3080000000.0,0.004462150974025974
2012-07-20,2.6,2.72,2.58,2.64,35692116.0,91254848.0,3080000000.0,0.011588349350649351
2012-07-23,2.62,2.63,2.58,2.61,20713724.0,51916512.0,3080000000.0,0.006725235064935065
2012-07-24,2.59,2.62,2.58,2.61,11254793.0,28228856.0,3080000000.0,0.0036541535714285714
2012-07-25,2.59,2.61,2.58,2.59,5962033.0,14934615.0,3080000000.0,0.001935725
2012-07-26,2.59,2.6,2.57,2.58,8267159.0,20612428.0,3080000000.0,0.0026841425324675323
2012-07-27,2.59,2.59,2.57,2.59,6388810.0,15918624.0,3080000000.0,0.002074288961038961
2012-07-30,2.59,2.62,2.58,2.6,11492542.0,28836260.0,3080000000.0,0.003731344805194805
2012-07-31,2.59,2.6,2.57,2.59,8819372.0,21986816.0,3080000000.0,0.0028634324675324676
2012-08-01,2.58,2.61,2.58,2.6,7235840.0,18127206.0,3080000000.0,0.0023492987012987015
2012-08-02,2.59,2.6,2.58,2.58,5175630.0,12912006.0,3080000000.0,0.0016803993506493507
2012-08-03,2.59,2.6,2.57,2.59,7001401.0,17468724.0,3080000000.0,0.0022731821428571427
2012-08-06,2.58,2.61,2.58,2.61,12627921.0,31613424.0,3080000000.0,0.004099974350649351
2012-08-07,2.6,2.61,2.59,2.61,11552667.0,28976748.0,3080000000.0,0.0037508659090909093
2012-08-08,2.6,2.62,2.6,2.62,13385689.0,33716300.0,3080000000.0,0.004346002922077922
2012-08-09,2.61,2.62,2.59,2.61,9468490.0,23810614.0,3080000000.0,0.003074185064935065
2012-08-10,2.61,2.61,2.59,2.6,7966858.0,20002480.0,3080000000.0,0.0025866422077922076
2012-08-13,2.6,2.6,2.58,2.58,10285337.0,25736880.0,3080000000.0,0.00333939512987013
2012-08-14,2.59,2.59,2.55,2.58,10226082.0,25409512.0,3080000000.0,0.0033201564935064934
2012-08-15,2.57,2.58,2.56,2.57,7304271.0,18115408.0,3080000000.0,0.0023715165584415583
2012-08-16,2.57,2.58,2.56,2.58,7020075.0,17413248.0,3080000000.0,0.00227924512987013
2012-08-17,2.58,2.58,2.56,2.58,8512379.0,21124012.0,3080000000.0,0.0027637594155844156
2012-08-20,2.57,2.58,2.55,2.58,8583052.0,21239892.0,3080000000.0,0.002786705194805195
2012-08-21,2.57,2.58,2.56,2.58,7317263.0,18170560.0,3080000000.0,0.0023757347402597402
2012-08-22,2.58,2.58,2.55,2.57,7949034.0,19664988.0,3080000000.0,0.002580855194805195
2012-08-23,2.56,2.57,2.55,2.57,6983568.0,17260634.0,3080000000.0,0.002267392207792208
2012-08-24,2.56,2.57,2.55,2.57,9720971.0,23996068.0,3080000000.0,0.003156159415584416
2012-08-27,2.56,2.57,2.55,2.57,12920652.0,31932448.0,3080000000.0,0.004195016883116883
2012-08-28,2.56,2.59,2.55,2.58,17177092.0,42481480.0,3080000000.0,0.005576977922077922
2012-08-29,2.57,2.58,2.56,2.57,4534053.0,11223889.0,3080000000.0,0.00147209512987013
2012-08-30,2.57,2.57,2.55,2.57,9648450.0,23853908.0,3080000000.0,0.0031326136363636365
2012-08-31,2.56,2.57,2.55,2.57,13246295.0,32745672.0,3080000000.0,0.00430074512987013
2012-09-03,2.56,2.57,2.55,2.57,14078773.0,34707308.0,3080000000.0,0.004571030194805195
2012-09-04,2.55,2.56,2.53,2.56,16121952.0,39651924.0,3080000000.0,0.0052344
2012-09-05,2.55,2.55,2.53,2.54,9746799.0,23889784.0,3080000000.0,0.00316454512987013
2012-09-06,2.54,2.57,2.53,2.57,17404372.0,42845032.0,3080000000.0,0.00565077012987013
2012-09-07,2.56,2.63,2.56,2.62,40037888.0,100667864.0,3080000000.0,0.012999314285714285
2012-09-10,2.61,2.62,2.57,2.6,24301164.0,60762896.0,3080000000.0,0.007889988311688311
2012-09-11,2.58,2.59,2.56,2.58,9911665.0,24628856.0,3080000000.0,0.003218073051948052
2012-09-12,2.58,2.59,2.56,2.57,9514978.0,23591336.0,3080000000.0,0.0030892785714285716
2012-09-13,2.57,2.6,2.56,2.59,14813864.0,36926936.0,3080000000.0,0.004809696103896104
2012-09-14,2.6,2.6,2.57,2.59,15335452.0,38247020.0,3080000000.0,0.004979042857142857
2012-09-17,2.58,2.58,2.54,2.57,13070875.0,32300642.0,3080000000.0,0.004243790584415584
2012-09-18,2.56,2.56,2.54,2.55,8879756.0,21816668.0,3080000000.0,0.0028830376623376623
2012-09-19,2.55,2.55,2.53,2.54,7243268.0,17732348.0,3080000000.0,0.0023517103896103894
2012-09-20,2.53,2.54,2.49,2.53,16301292.0,39515968.0,3080000000.0,0.0052926272727272725
2012-09-21,2.51,2.54,2.51,2.53,12109798.0,29431648.0,3080000000.0,0.003931752597402597
2012-09-24,2.51,2.54,2.49,2.53,10981624.0,26556058.0,3080000000.0,0.0035654623376623375
2012-09-25,2.51,2.53,2.49,2.53,8264519.0,20015562.0,3080000000.0,0.0026832853896103896
2012-09-26,2.52,2.53,2.49,2.52,11937150.0,28878758.0,3080000000.0,0.003875698051948052
2012-09-27,2.51,2.55,2.5,2.54,18315924.0,44573576.0,3080000000.0,0.005946728571428571
2012-09-28,2.51,2.56,2.5,2.56,20389836.0,49726112.0,3080000000.0,0.006620076623376624
2012-10-08,2.54,2.56,2.52,2.55,9065652.0,22173824.0,3080000000.0,0.0029433935064935063
2012-10-09,2.54,2.58,2.54,2.58,19466152.0,48173376.0,3080000000.0,0.006320179220779221
2012-10-10,2.57,2.59,2.56,2.58,12814082.0,31853324.0,3080000000.0,0.004160416233766234
2012-10-11,2.57,2.58,2.55,2.57,14254466.0,35201608.0,3080000000.0,0.0046280733766233765
2012-10-12,2.56,2.58,2.55,2.57,10916656.0,27016444.0,3080000000.0,0.0035443688311688312
2012-10-15,2.57,2.57,2.54,2.57,7605789.0,18731920.0,3080000000.0,0.002469412012987013
2012-10-16,2.56,2.57,2.55,2.57,8436559.0,20814956.0,3080000000.0,0.0027391425324675323
2012-10-17,2.57,2.57,2.54,2.57,8967480.0,22099068.0,3080000000.0,0.0029115194805194805
2012-10-18,2.56,2.59,2.55,2.59,21112290.0,52519680.0,3080000000.0,0.00685463961038961
2012-10-19,2.58,2.58,2.56,2.58,8416915.0,20880806.0,3080000000.0,0.0027327646103896103
2012-10-22,2.56,2.58,2.55,2.58,7524894.0,18633980.0,3080000000.0,0.0024431474025974026
2012-10-23,2.57,2.58,2.56,2.57,7042020.0,17430306.0,3080000000.0,0.00228637012987013
2012-10-24,2.56,2.59,2.55,2.59,17281800.0,42977128.0,3080000000.0,0.005610974025974026
2012-10-25,2.58,2.64,2.57,2.61,42002800.0,105909768.0,3080000000.0,0.013637272727272727
2012-10-26,2.59,2.59,2.54,2.56,22615868.0,55912616.0,3080000000.0,0.007342814285714286
2012-10-29,2.55,2.56,2.53,2.55,11260273.0,27657140.0,3080000000.0,0.003655932792207792
2012-10-30,2.55,2.55,2.53,2.55,10302738.0,25242252.0,3080000000.0,0.003345044805194805
2012-10-31,2.55,2.55,2.53,2.54,6077323.0,14879514.0,3080000000.0,0.001973156818181818
2012-11-01,2.54,2.57,2.54,2.56,12841826.0,31680680.0,3080000000.0,0.004169424025974026
2012-11-02,2.58,2.59,2.56,2.58,10123503.0,25172412.0,3080000000.0,0.0032868516233766232
2012-11-05,2.58,2.58,2.55,2.57,7933778.0,19625336.0,3080000000.0,0.002575901948051948
2012-11-06,2.57,2.57,2.54,2.57,9522246.0,23464764.0,3080000000.0,0.0030916383116883117
2012-11-07,2.56,2.57,2.54,2.57,7482850.0,18444672.0,3080000000.0,0.0024294967532467533
2012-11-08,2.55,2.56,2.53,2.56,13803210.0,33914432.0,3080000000.0,0.004481561688311688
2012-11-09,2.54,2.56,2.53,2.56,8999841.0,22086662.0,3080000000.0,0.002922026298701299
2012-11-12,2.55,2.57,2.54,2.57,11817603.0,29149044.0,3080000000.0,0.003836884090909091
2012-11-13,2.56,2.56,2.54,2.56,11806905.0,29020408.0,3080000000.0,0.003833410714285714
2012-11-14,2.55,2.57,2.54,2.57,11230142.0,27675040.0,3080000000.0,0.00364615
2012-11-15,2.55,2.57,2.54,2.57,11683657.0,28776118.0,3080000000.0,0.00379339512987013
2012-11-16,2.55,2.56,2.53,2.55,11767173.0,28825468.0,3080000000.0,0.0038205107142857144
2012-11-19,2.55,2.55,2.53,2.55,7750003.0,18946696.0,3080000000.0,0.0025162347402597402
2012-11-20,2.54,2.55,2.52,2.54,6525919.0,15942451.0,3080000000.0,0.0021188048701298702
2012-11-21,2.53,2.57,2.53,2.56,12187448.0,29991784.0,3080000000.0,0.003956963636363636
2012-11-22,2.55,2.55,2.53,2.55,6434183.0,15752519.0,3080000000.0,0.0020890204545454547
2012-11-23,2.54,2.55,2.53,2.55,4164041.0,10209279.0,3080000000.0,0.0013519613636363637
2012-11-26,2.54,2.55,2.53,2.55,6090865.0,14909179.0,3080000000.0,0.0019775535714285715
2012-11-27,2.54,2.54,2.52,2.54,10270916.0,25058366.0,3080000000.0,0.003334712987012987
2012-11-28,2.53,2.54,2.5,2.54,15254081.0,37052848.0,3080000000.0,0.004952623701298701
2012-11-29,2.53,2.54,2.51,2.54,9832926.0,23933886.0,3080000000.0,0.0031925084415584414
2012-11-30,2.52,2.54,2.51,2.54,11308742.0,27502964.0,3080000000.0,0.0036716694805194803
2012-12-03,2.53,2.54,2.51,2.54,10370324.0,25289956.0,3080000000.0,0.003366988311688312
2012-12-04,2.53,2.54,2.52,2.54,7642182.0,18618032.0,3080000000.0,0.002481227922077922
2012-12-05,2.53,2.58,2.52,2.57,32925130.0,81129784.0,3080000000.0,0.010689977272727273
2012-12-06,2.56,2.56,2.54,2.56,15140816.0,37257492.0,3080000000.0,0.004915849350649351
2012-12-07,2.55,2.57,2.54,2.57,24452256.0,60225676.0,3080000000.0,0.007939044155844156
2012-12-10,2.57,2.58,2.55,2.57,37147476.0,91817752.0,3080000000.0,0.01206086883116883
2012-12-11,2.56,2.57,2.55,2.56,15653781.0,38647788.0,3080000000.0,0.005082396428571429
2012-12-12,2.56,2.57,2.55,2.56,12283405.0,30330104.0,3080000000.0,0.0039881185064935066
2012-12-13,2.56,2.57,2.55,2.55,8894570.0,21933768.0,3080000000.0,0.0028878474025974027
2012-12-14,2.56,2.62,2.55,2.61,46965672.0,117446576.0,3080000000.0,0.015248594805194806
2012-12-17,2.61,2.63,2.59,2.61,26494708.0,66740712.0,3080000000.0,0.008602177922077922
2012-12-18,2.61,2.66,2.59,2.64,64869864.0,164519984.0,3080000000.0,0.021061644155844154
2012-12-19,2.63,2.64,2.61,2.62,21623856.0,54850420.0,3080000000.0,0.007020732467532468
2012-12-20,2.62,2.62,2.6,2.61,15048658.0,37894364.0,3080000000.0,0.004885927922077922
2012-12-21,2.61,2.62,2.6,2.61,16874028.0,42506472.0,3080000000.0,0.00547858051948052
2012-12-24,2.61,2.62,2.6,2.61,13659906.0,34451064.0,3080000000.0,0.004435034415584416
2012-12-25,2.61,2.66,2.6,2.64,34192456.0,87087240.0,3080000000.0,0.011101446753246754
2012-12-26,2.64,2.66,2.63,2.65,22938124.0,58720156.0,3080000000.0,0.007447442857142857
2012-12-27,2.66,2.69,2.64,2.65,40660008.0,104653168.0,3080000000.0,0.013201301298701298
2012-12-28,2.66,2.66,2.64,2.65,21305370.0,54569816.0,3080000000.0,0.006917327922077922
2012-12-31,2.66,2.67,2.64,2.66,32070264.0,82375416.0,3080000000.0,0.010412423376623377
2013-01-04,2.67,2.68,2.61,2.63,66623364.0,170229040.0,3080000000.0,0.02163096233766234
2013-01-07,2.63,2.64,2.6,2.61,47878748.0,120680144.0,3080000000.0,0.015545048051948052
2013-01-08,2.61,2.63,2.6,2.62,29893912.0,75385600.0,3080000000.0,0.009705815584415585
2013-01-09,2.61,2.63,2.6,2.62,26506580.0,66958904.0,3080000000.0,0.008606032467532467
2013-01-10,2.62,2.63,2.61,2.62,21682844.0,54828256.0,3080000000.0,0.0070398844155844156
2013-01-11,2.62,2.62,2.58,2.59,28772676.0,72227136.0,3080000000.0,0.009341777922077922
2013-01-14,2.59,2.63,2.58,2.63,31470442.0,79312704.0,3080000000.0,0.010217675974025973
2013-01-15,2.63,2.68,2.61,2.66,50499456.0,128787360.0,3080000000.0,0.016395927272727272
2013-01-16,2.65,2.66,2.62,2.64,26484868.0,67586312.0,3080000000.0,0.008598983116883117
2013-01-17,2.64,2.64,2.61,2.62,18511120.0,46883040.0,3080000000.0,0.006010103896103896
2013-01-18,2.63,2.65,2.62,2.65,22838176.0,58111256.0,3080000000.0,0.0074149922077922075
2013-01-21,2.65,2.69,2.63,2.66,35921624.0,92463456.0,3080000000.0,0.011662864935064935
2013-01-22,2.66,2.68,2.64,2.65,43062104.0,110421344.0,3080000000.0,0.013981202597402598
2013-01-23,2.65,2.67,2.64,2.67,27609660.0,70813800.0,3080000000.0,0.008964175324675324
2013-01-24,2.68,2.74,2.66,2.67,81276832.0,212238256.0,3080000000.0,0.02638858181818182
2013-01-25,2.67,2.69,2.66,2.67,26032778.0,67321064.0,3080000000.0,0.00845220064935065
2013-01-28,2.68,2.71,2.67,2.69,27123078.0,70474632.0,3080000000.0,0.008806194155844155
2013-01-29,2.71,2.71,2.66,2.68,44987552.0,116409000.0,3080000000.0,0.014606348051948052
2013-01-30,2.67,2.72,2.67,2.71,39873816.0,103619352.0,3080000000.0,0.012946044155844156
2013-01-31,2.71,2.72,2.68,2.71,24610220.0,64120736.0,3080000000.0,0.00799033116883117
2013-02-01,2.69,2.73,2.68,2.72,34749116.0,90572352.0,3080000000.0,0.011282180519480519
2013-02-04,2.72,2.73,2.69,2.71,31351296.0,81829584.0,3080000000.0,0.010178992207792208
2013-02-05,2.71,2.78,2.68,2.75,45521848.0,119758080.0,3080000000.0,0.014779820779220779
2013-02-06,2.74,2.76,2.73,2.74,18007034.0,47577156.0,3080000000.0,0.0058464396103896105
2013-02-07,2.74,2.76,2.73,2.74,21128160.0,55856060.0,3080000000.0,0.006859792207792208
2013-02-08,2.74,2.77,2.74,2.75,19646390.0,52199008.0,3080000000.0,0.006378698051948052
2013-02-18,2.76,2.76,2.73,2.74,19794378.0,52401192.0,3080000000.0,0.006426746103896104
2013-02-19,2.74,2.75,2.69,2.71,23962204.0,62731752.0,3080000000.0,0.0077799363636363635
2013-02-20,2.71,2.72,2.69,2.72,16865740.0,44028696.0,3080000000.0,0.005475889610389611
2013-02-21,2.69,2.69,2.63,2.65,34593524.0,88625824.0,3080000000.0,0.011231663636363637
2013-02-22,2.65,2.66,2.63,2.64,14835433.0,37843676.0,3080000000.0,0.004816699025974026
2013-02-25,2.65,2.66,2.63,2.64,15070357.0,38496140.0,3080000000.0,0.004892973051948052
2013-02-26,2.63,2.65,2.6,2.6,19195840.0,48660088.0,3080000000.0,0.006232415584415584
2013-02-27,2.6,2.62,2.6,2.61,11611805.0,29216640.0,3080000000.0,0.0037700665584415585
2013-02-28,2.61,2.64,2.6,2.64,18240246.0,46201836.0,3080000000.0,0.005922157792207792
2013-03-01,2.63,2.64,2.61,2.63,14159374.0,35883388.0,3080000000.0,0.00459719935064935
2013-03-04,2.62,2.63,2.58,2.59,26600548.0,66963176.0,3080000000.0,0.008636541558441558
2013-03-05,2.59,2.6,2.57,2.6,25918720.0,64568672.0,3080000000.0,0.00841516883116883
2013-03-06,2.6,2.63,2.57,2.62,30185150.0,76023808.0,3080000000.0,0.009800373376623376
2013-03-07,2.62,2.65,2.61,2.64,39134152.0,99617552.0,3080000000.0,0.012705893506493506
2013-03-08,2.64,2.65,2.63,2.64,15993950.0,40793640.0,3080000000.0,0.005192840909090909
2013-03-11,2.63,2.64,2.62,2.63,10248991.0,26046622.0,3080000000.0,0.0033275944805194807
2013-03-12,2.63,2.64,2.57,2.6,24351060.0,61168136.0,3080000000.0,0.007906188311688312
2013-03-13,2.6,2.6,2.57,2.57,10749723.0,26768310.0,3080000000.0,0.0034901698051948054
2013-03-14,2.57,2.65,2.57,2.63,62268064.0,157396656.0,3080000000.0,0.020216903896103897
2013-03-15,2.62,2.64,2.59,2.61,35216500.0,88976136.0,3080000000.0,0.01143392857142857
2013-03-18,2.6,2.62,2.57,2.58,13299700.0,33322434.0,3080000000.0,0.004318084415584416
2013-03-19,2.59,2.59,2.57,2.58,11014484.0,27432460.0,3080000000.0,0.003576131168831169
2013-03-20,2.58,2.62,2.58,2.61,34490784.0,86725552.0,3080000000.0,0.011198306493506494
2013-03-21,2.61,2.63,2.59,2.6,21025008.0,52999684.0,3080000000.0,0.006826301298701299
2013-03-22,2.61,2.61,2.59,2.61,10985867.0,27603780.0,3080000000.0,0.0035668399350649352
2013-03-25,2.61,2.62,2.6,2.6,9313134.0,23415786.0,3080000000.0,0.003023744805194805
2013-03-26,2.6,2.61,2.58,2.59,12130049.0,30265280.0,3080000000.0,0.003938327597402597
2013-03-27,2.59,2.6,2.57,2.58,13961823.0,34834992.0,3080000000.0,0.004533059415584416
2013-03-28,2.57,2.58,2.54,2.55,19634094.0,48422864.0,3080000000.0,0.006374705844155844
2013-03-29,2.56,2.57,2.55,2.56,10272458.0,25354832.0,3080000000.0,0.0033352136363636363
2013-04-01,2.55,2.56,2.54,2.55,9583109.0,23573676.0,3080000000.0,0.003111399025974026
2013-04-02,2.56,2.59,2.55,2.57,14420966.0,35770160.0,3080000000.0,0.004682131818181818
2013-04-03,2.57,2.57,2.54,2.55,11116551.0,27418624.0,3080000000.0,0.0036092698051948054
2013-04-08,2.54,2.6,2.53,2.59,27041488.0,66748992.0,3080000000.0,0.008779703896103896
2013-04-09,2.6,2.62,2.58,2.6,35868968.0,89901208.0,3080000000.0,0.01164576883116883
2013-04-10,2.59,2.64,2.58,2.63,30550448.0,76849600.0,3080000000.0,0.009918976623376624
2013-04-11,2.63,2.64,2.6,2.6,10403110.0,26257788.0,3080000000.0,0.003377633116883117
2013-04-12,2.6,2.61,2.58,2.59,5893304.0,14761341.0,3080000000.0,0.0019134103896103897
2013-04-15,2.58,2.6,2.56,2.56,8561860.0,21296672.0,3080000000.0,0.0027798246753246753
2013-04-16,2.56,2.59,2.56,2.58,8340187.0,20724630.0,3080000000.0,0.002707852922077922
2013-04-17,2.58,2.59,2.56,2.57,6923909.0,17142772.0,3080000000.0,0.0022480224025974026
2013-04-18,2.56,2.57,2.55,2.57,6337872.0,15673290.0,3080000000.0,0.0020577506493506493
2013-04-19,2.57,2.6,2.56,2.6,18195164.0,45401468.0,3080000000.0,0.005907520779220779
2013-04-22,2.59,2.6,2.58,2.59,10016956.0,25019198.0,3080000000.0,0.0032522584415584413
2013-04-23,2.58,2.6,2.55,2.56,12971406.0,32092536.0,3080000000.0,0.004211495454545454
2013-04-24,2.55,2.57,2.55,2.56,12101031.0,29874404.0,3080000000.0,0.003928906168831169
2013-04-25,2.56,2.56,2.54,2.54,11019099.0,27110192.0,3080000000.0,0.0035776295454545454
2013-04-26,2.55,2.56,2.53,2.55,9104940.0,22355348.0,3080000000.0,0.0029561493506493506
2013-05-02,2.54,2.55,2.53,2.53,8673086.0,21207392.0,3080000000.0,0.002815937012987013
2013-05-03,2.53,2.57,2.53,2.55,14928399.0,36690552.0,3080000000.0,0.004846882792207792
2013-05-06,2.55,2.56,2.54,2.55,11539307.0,28390096.0,3080000000.0,0.0037465282467532466
2013-05-07,2.55,2.55,2.54,2.54,8516601.0,20889190.0,3080000000.0,0.0027651301948051947
2013-05-08,2.55,2.56,2.54,2.56,8420164.0,20751824.0,3080000000.0,0.0027338194805194807
2013-05-09,2.55,2.56,2.54,2.54,9442806.0,23165132.0,3080000000.0,0.003065846103896104
2013-05-10,2.54,2.55,2.54,2.55,7378566.0,18115916.0,3080000000.0,0.0023956383116883117
2013-05-13,2.55,2.56,2.54,2.54,6810304.0,16708504.0,3080000000.0,0.0022111376623376623
2013-05-14,2.54,2.55,2.52,2.52,10311662.0,25143308.0,3080000000.0,0.003347942207792208
2013-05-15,2.52,2.53,2.51,2.52,10321011.0,25088424.0,3080000000.0,0.0033509775974025972
2013-05-16,2.52,2.54,2.51,2.53,9638359.0,23485184.0,3080000000.0,0.0031293373376623376
2013-05-17,2.53,2.56,2.52,2.55,14271908.0,35017816.0,3080000000.0,0.0046337363636363635
2013-05-20,2.54,2.56,2.54,2.56,14771849.0,36371100.0,3080000000.0,0.00479605487012987
2013-05-21,2.55,2.56,2.54,2.55,11759165.0,28918502.0,3080000000.0,0.0038179107142857142
2013-05-22,2.55,2.56,2.54,2.55,9374933.0,23056352.0,3080000000.0,0.0030438094155844156
2013-05-23,2.54,2.56,2.54,2.54,11125634.0,27321708.0,3080000000.0,0.003612218831168831
2013-05-24,2.54,2.55,2.54,2.55,8311709.0,20397408.0,3080000000.0,0.0026986068181818184
2013-05-27,2.54,2.55,2.54,2.54,9067150.0,22230716.0,3080000000.0,0.00294387987012987
2013-05-28,2.54,2.56,2.53,2.56,14657277.0,35972124.0,3080000000.0,0.004758856168831169
2013-05-29,2.56,2.56,2.55,2.55,10620275.0,26166892.0,3080000000.0,0.003448141233766234
2013-05-30,2.55,2.55,2.54,2.54,10668218.0,26162628.0,3080000000.0,0.0034637071428571427
2013-05-31,2.54,2.55,2.53,2.53,12949695.0,31747020.0,3080000000.0,0.004204446428571429
2013-06-03,2.54,2.55,2.53,2.54,8225454.0,20135044.0,3080000000.0,0.002670601948051948
2013-06-04,2.54,2.54,2.51,2.51,13981230.0,34002612.0,3080000000.0,0.004539360389610389
2013-06-05,2.52,2.53,2.51,2.52,5576088.0,13519483.0,3080000000.0,0.0018104181818181819
2013-06-06,2.52,2.52,2.5,2.5,8034107.0,19448904.0,3080000000.0,0.0026084762987012987
2013-06-07,2.51,2.51,2.48,2.48,11400413.0,27395722.0,3080000000.0,0.003701432792207792
2013-06-13,2.48,2.48,2.42,2.44,17073898.0,40241360.0,3080000000.0,0.005543473376623377
2013-06-14,2.44,2.45,2.43,2.45,11672302.0,27390168.0,3080000000.0,0.0037897084415584414
2013-06-17,2.44,2.45,2.43,2.45,7848525.0,18465020.0,3080000000.0,0.0025482224025974026
2013-06-18,2.45,2.45,2.43,2.44,9141783.0,21428660.0,3080000000.0,0.0029681113636363635
2013-06-19,2.45,2.45,2.37,2.4,12180297.0,27285328.0,3080000000.0,0.0039546418831168835
2013-06-20,2.39,2.4,2.34,2.34,9300139.0,20430952.0,3080000000.0,0.0030195256493506495
2013-06-21,2.31,2.34,2.3,2.31,8837826.0,19058768.0,3080000000.0,0.002869424025974026
2013-06-24,2.3,2.31,2.21,2.22,14030370.0,29505124.0,3080000000.0,0.004555314935064935
2013-06-25,2.22,2.22,2.13,2.2,22741542.0,46077996.0,3080000000.0,0.007383617532467532
2013-06-26,2.18,2.2,2.15,2.17,17883914.0,36059496.0,3080000000.0,0.005806465584415585
2013-06-27,2.17,2.2,2.15,2.17,13878654.0,28078044.0,3080000000.0,0.004506056493506493
2013-06-28,2.16,2.2,2.15,2.17,12770493.0,25818040.0,3080000000.0,0.004146263961038961
2013-07-01,2.17,2.23,2.16,2.2,14671935.0,29951080.0,3080000000.0,0.004763615259740259
2013-07-02,2.21,2.21,2.18,2.2,8620944.0,17573764.0,3080000000.0,0.002799007792207792
2013-07-03,2.2,2.2,2.16,2.18,10691571.0,21593800.0,3080000000.0,0.003471289285714286
2013-07-04,2.17,2.21,2.16,2.2,12217956.0,24806704.0,3080000000.0,0.003966868831168831
2013-07-05,2.2,2.22,2.18,2.21,9517479.0,19440886.0,3080000000.0,0.0030900905844155843
2013-07-08,2.18,2.2,2.16,2.16,10291318.0,20759528.0,3080000000.0,0.003341337012987013
2013-07-09,2.16,2.18,2.15,2.16,5685468.0,11470711.0,3080000000.0,0.0018459311688311688
2013-07-10,2.16,2.21,2.16,2.2,8979249.0,18214912.0,3080000000.0,0.0029153405844155843
2013-07-11,2.2,2.28,2.18,2.26,29382324.0,61177784.0,3080000000.0,0.009539715584415584
2013-07-12,2.25,2.26,2.22,2.22,11560040.0,24024756.0,3080000000.0,0.0037532597402597403
2013-07-15,2.23,2.24,2.22,2.23,10405532.0,21536200.0,3080000000.0,0.0033784194805194807
2013-07-16,2.22,2.23,2.21,2.23,10427385.0,21474926.0,3080000000.0,0.0033855146103896104
2013-07-17,2.22,2.24,2.22,2.22,11662843.0,24152728.0,3080000000.0,0.0037866373376623376
2013-07-18,2.22,2.23,2.2,2.21,8536667.0,17505124.0,3080000000.0,0.00277164512987013
2013-07-19,2.2,2.22,2.17,2.17,9261553.0,18902664.0,3080000000.0,0.0030069977272727273
2013-07-22,2.17,2.18,2.16,2.17,7272109.0,14689791.0,3080000000.0,0.0023610743506493506
2013-07-23,2.17,2.22,2.17,2.21,11339565.0,23199932.0,3080000000.0,0.003681676948051948
2013-07-24,2.21,2.22,2.17,2.2,10437692.0,21271662.0,3080000000.0,0.0033888610389610388
2013-07-25,2.2,2.21,2.18,2.2,9264907.0,18891616.0,3080000000.0,0.003008086688311688
2013-07-26,2.18,2.21,2.18,2.2,7905139.0,16095930.0,3080000000.0,0.0025666035714285713
2013-07-29,2.18,2.21,2.17,2.18,14760730.0,30036962.0,3080000000.0,0.004792444805194805
2013-07-30,2.2,2.21,2.18,2.2,8685647.0,17737750.0,3080000000.0,0.0028200152597402596
2013-07-31,2.2,2.21,2.18,2.18,5561323.0,11347290.0,3080000000.0,0.0018056243506493507
2013-08-01,2.2,2.22,2.18,2.21,9339206.0,19143362.0,3080000000.0,0.0030322097402597403
2013-08-02,2.22,2.23,2.21,2.21,8087421.0,16648065.0,3080000000.0,0.002625786038961039
2013-08-05,2.21,2.23,2.2,2.23,9107809.0,18735238.0,3080000000.0,0.002957080844155844
2013-08-06,2.23,2.24,2.21,2.23,10784114.0,22267248.0,3080000000.0,0.0035013357142857143
2013-08-07,2.23,2.24,2.21,2.22,7542099.0,15576946.0,3080000000.0,0.0024487334415584415
2013-08-08,2.22,2.23,2.21,2.21,5700551.0,11724075.0,3080000000.0,0.0018508282467532469
2013-08-09,2.22,2.23,2.2,2.21,10002666.0,20500906.0,3080000000.0,0.003247618831168831
2013-08-12,2.22,2.26,2.21,2.25,18315680.0,38002248.0,3080000000.0,0.005946649350649351
2013-08-13,2.24,2.28,2.24,2.27,18121528.0,38057608.0,3080000000.0,0.005883612987012987
2013-08-14,2.26,2.31,2.25,2.28,27051096.0,57556832.0,3080000000.0,0.008782823376623377
2013-08-15,2.28,2.28,2.23,2.24,14963120.0,31336052.0,3080000000.0,0.0048581558441558445
2013-08-16,2.24,2.3,2.23,2.24,23008038.0,48360152.0,3080000000.0,0.007470142207792208
2013-08-19,2.24,2.28,2.23,2.27,12061213.0,25299872.0,3080000000.0,0.003915978246753247
2013-08-20,2.26,2.28,2.24,2.25,9407926.0,19710748.0,3080000000.0,0.0030545214285714285
2013-08-21,2.25,2.26,2.23,2.25,7175924.0,14959286.0,3080000000.0,0.0023298454545454548
2013-08-22,2.25,2.26,2.23,2.24,8893598.0,18543764.0,3080000000.0,0.0028875318181818183
2013-08-23,2.24,2.26,2.22,2.24,11004587.0,22903918.0,3080000000.0,0.0035729178571428572
2013-08-26,2.24,2.34,2.23,2.31,36113656.0,77247232.0,3080000000.0,0.011725212987012987
2013-08-27,2.31,2.4,2.28,2.39,46377000.0,101810288.0,3080000000.0,0.015057467532467533
2013-08-28,2.37,2.56,2.34,2.53,99332552.0,227218384.0,3080000000.0,0.03225082857142857
2013-08-29,2.5,2.64,2.42,2.59,118642816.0,281945920.0,3080000000.0,0.038520394805194806
2013-08-30,2.56,2.85,2.54,2.85,286774208.0,738237760.0,3080000000.0,0.09310850909090909
2013-09-02,2.84,2.84,2.57,2.57,150192688.0,365235168.0,3080000000.0,0.04876385974025974
2013-09-03,2.5,2.5,2.42,2.46,74753344.0,171020576.0,3080000000.0,0.024270566233766232
2013-09-04,2.46,2.57,2.46,2.5,58835636.0,137519904.0,3080000000.0,0.01910247922077922
2013-09-05,2.49,2.49,2.4,2.44,39278184.0,89054608.0,3080000000.0,0.012752657142857143
2013-09-06,2.42,2.52,2.42,2.49,45525872.0,105165864.0,3080000000.0,0.014781127272727273
2013-09-09,2.5,2.64,2.49,2.57,81008456.0,193778448.0,3080000000.0,0.026301446753246752
2013-09-10,2.57,2.78,2.55,2.69,103639032.0,259594656.0,3080000000.0,0.033649036363636364
2013-09-11,2.71,2.82,2.65,2.68,82941064.0,208968752.0,3080000000.0,0.026928916883116882
2013-09-12,2.67,2.7,2.63,2.67,42629352.0,105238560.0,3080000000.0,0.013840698701298702
2013-09-13,2.67,2.67,2.54,2.58,52899796.0,127222064.0,3080000000.0,0.01717525844155844
2013-09-16,2.58,2.65,2.54,2.58,30800158.0,74201144.0,3080000000.0,0.0100000512987013
2013-09-17,2.57,2.57,2.49,2.5,26493560.0,62336940.0,3080000000.0,0.008601805194805195
2013-09-18,2.51,2.54,2.49,2.52,14847488.0,34708984.0,3080000000.0,0.004820612987012987
2013-09-23,2.53,2.55,2.52,2.54,20116826.0,47430228.0,3080000000.0,0.006531437012987013
2013-09-24,2.53,2.54,2.46,2.51,28332632.0,65788432.0,3080000000.0,0.009198906493506494
2013-09-25,2.5,2.51,2.45,2.46,21141236.0,48803356.0,3080000000.0,0.006864037662337662
2013-09-26,2.45,2.46,2.37,2.39,23727856.0,53324932.0,3080000000.0,0.00770384935064935
2013-09-27,2.39,2.41,2.38,2.4,12947203.0,28777880.0,3080000000.0,0.004203637337662338
2013-09-30,2.4,2.44,2.4,2.42,11893754.0,26721484.0,12800000000.0,0.00092919953125
2013-10-08,2.41,2.48,2.4,2.48,17138038.0,39074160.0,12800000000.0,0.00133890921875
2013-10-09,2.45,2.62,2.44,2.59,55765012.0,132989232.0,12800000000.0,0.0043566415625
2013-10-10,2.58,2.6,2.5,2.52,33275568.0,78253624.0,12800000000.0,0.00259965375
2013-10-11,2.52,2.55,2.52,2.54,17709116.0,41713924.0,12800000000.0,0.0013835246875
2013-10-14,2.6,2.69,2.58,2.6,45774548.0,111634928.0,12800000000.0,0.0035761365625
2013-10-15,2.56,2.65,2.54,2.6,35079472.0,84368024.0,12800000000.0,0.00274058375
2013-10-16,2.57,2.58,2.51,2.53,24551092.0,57845360.0,12800000000.0,0.0019180540625
2013-10-17,2.55,2.56,2.51,2.51,16435545.0,38607324.0,12800000000.0,0.001284026953125
2013-10-18,2.51,2.54,2.5,2.52,12342191.0,28842764.0,12800000000.0,0.000964233671875
2013-10-21,2.52,2.53,2.48,2.53,17399290.0,40532804.0,12800000000.0,0.00135931953125
2013-10-22,2.53,2.56,2.51,2.52,14106155.0,33156804.0,12800000000.0,0.001102043359375
2013-10-23,2.53,2.53,2.49,2.5,14113885.0,32845920.0,12800000000.0,0.001102647265625
2013-10-24,2.5,2.51,2.48,2.49,13540215.0,31297472.0,12800000000.0,0.001057829296875
2013-10-25,2.49,2.5,2.42,2.44,14012510.0,31972024.0,12800000000.0,0.00109472734375
2013-10-28,2.43,2.45,2.43,2.45,6575364.0,14931789.0,12800000000.0,0.0005137003125
2013-10-29,2.45,2.48,2.39,2.42,16314966.0,36728368.0,12800000000.0,0.00127460671875
2013-10-30,2.42,2.49,2.41,2.48,14587562.0,33160188.0,12800000000.0,0.00113965328125
2013-10-31,2.46,2.48,2.44,2.45,9386322.0,21414018.0,12800000000.0,0.00073330640625
2013-11-01,2.45,2.48,2.44,2.46,8764971.0,20013632.0,12800000000.0,0.000684763359375
2013-11-04,2.48,2.48,2.44,2.46,7987027.0,18268996.0,12800000000.0,0.000623986484375
2013-11-05,2.45,2.46,2.41,2.45,11758593.0,26617284.0,12800000000.0,0.000918640078125
2013-11-06,2.44,2.48,2.43,2.43,7865051.0,17904552.0,12800000000.0,0.000614457109375
2013-11-07,2.43,2.44,2.42,2.44,9324508.0,21070252.0,12800000000.0,0.0007284771875
2013-11-08,2.44,2.5,2.42,2.45,19579408.0,44914444.0,12800000000.0,0.00152964125
2013-11-11,2.44,2.45,2.42,2.43,7050612.0,15924014.0,12800000000.0,0.0005508290625
2013-11-12,2.43,2.44,2.41,2.43,9908676.0,22311768.0,12800000000.0,0.0007741153125
2013-11-13,2.42,2.43,2.4,2.4,9348361.0,20919840.0,12800000000.0,0.000730340703125
2013-11-14,2.41,2.41,2.38,2.39,6781346.0,15090846.0,12800000000.0,0.00052979265625
2013-11-15,2.4,2.43,2.39,2.41,11384890.0,25567940.0,12800000000.0,0.00088944453125
2013-11-18,2.42,2.45,2.41,2.44,18428240.0,41619784.0,12800000000.0,0.00143970625
2013-11-19,2.45,2.46,2.43,2.46,13166470.0,29975594.0,12800000000.0,0.00102863046875
2013-11-20,2.46,2.48,2.44,2.46,12633573.0,28829030.0,12800000000.0,0.000986997890625
2013-11-21,2.45,2.56,2.44,2.51,49924136.0,116880576.0,12800000000.0,0.003900323125
2013-11-22,2.51,2.52,2.46,2.49,19420648.0,44807680.0,12800000000.0,0.001517238125
2013-11-25,2.7,2.73,2.69,2.73,99848816.0,253161712.0,12800000000.0,0.00780068875
2013-11-26,3.0,3.0,2.94,3.0,296920096.0,827831872.0,12800000000.0,0.0231968825
2013-11-27,2.99,3.09,2.91,2.96,266610976.0,739042176.0,12800000000.0,0.0208289825
2013-11-28,2.91,2.97,2.85,2.97,150340224.0,406337760.0,12800000000.0,0.01174533
2013-11-29,2.94,2.94,2.86,2.9,77073688.0,207285440.0,12800000000.0,0.006021381875
2013-12-02,2.8,2.86,2.69,2.7,100635120.0,258280992.0,12800000000.0,0.00786211875
2013-12-03,2.69,2.79,2.69,2.76,54023064.0,137945360.0,12800000000.0,0.004220551875
2013-12-04,2.72,2.98,2.72,2.91,128932880.0,346480256.0,12800000000.0,0.01007288125
2013-12-05,2.9,2.9,2.83,2.84,50942564.0,135255328.0,12800000000.0,0.0039798878125
2013-12-06,2.83,2.9,2.81,2.84,33789760.0,89516704.0,12800000000.0,0.002639825
2013-12-09,2.85,2.86,2.79,2.8,35648456.0,92958472.0,12800000000.0,0.002785035625
2013-12-10,2.81,2.82,2.77,2.79,27535102.0,71284696.0,12800000000.0,0.00215117984375
2013-12-11,2.78,2.8,2.73,2.76,28179164.0,72232520.0,12800000000.0,0.0022014971875
2013-12-12,2.74,2.76,2.7,2.73,27673008.0,70110656.0,12800000000.0,0.00216195375
2013-12-13,2.88,3.0,2.86,2.9,134432272.0,364791040.0,12800000000.0,0.01050252125
2013-12-16,2.8,2.83,2.74,2.76,62445908.0,161273328.0,12800000000.0,0.0048785865625
2013-12-17,2.74,2.79,2.72,2.72,24764296.0,63128500.0,12800000000.0,0.001934710625
2013-12-18,2.73,2.76,2.7,2.72,19230478.0,48579940.0,12800000000.0,0.00150238109375
2013-12-19,2.73,2.76,2.7,2.71,17648062.0,44659204.0,12800000000.0,0.00137875484375
2013-12-20,2.72,2.72,2.62,2.66,26236096.0,64961536.0,12800000000.0,0.002049695
2013-12-23,2.66,2.66,2.6,2.63,15787570.0,38529664.0,12800000000.0,0.00123340390625
2013-12-24,2.63,2.72,2.63,2.66,26646072.0,66422276.0,12800000000.0,0.002081724375
2013-12-25,2.65,2.67,2.62,2.66,13302828.0,32650384.0,12800000000.0,0.0010392834375
2013-12-26,2.64,2.66,2.59,2.6,15187180.0,36904908.0,12800000000.0,0.0011864984375
2013-12-27,2.6,2.66,2.59,2.64,21463180.0,52504424.0,12800000000.0,0.0016768109375
2013-12-30,2.65,2.66,2.59,2.6,17324520.0,42301340.0,12800000000.0,0.001353478125
2013-12-31,2.6,2.65,2.6,2.63,14759509.0,36052308.0,12800000000.0,0.001153086640625
2014-01-02,2.63,2.68,2.6,2.63,19714158.0,48444176.0,12800000000.0,0.00154016859375
2014-01-03,2.63,2.69,2.6,2.67,40513616.0,100105272.0,12800000000.0,0.00316512625
2014-01-06,2.65,2.66,2.56,2.57,24386344.0,58786512.0,12800000000.0,0.001905183125
2014-01-07,2.56,2.64,2.54,2.59,14631631.0,35165640.0,12800000000.0,0.001143096171875
2014-01-08,2.6,2.6,2.53,2.55,17362640.0,41400520.0,12800000000.0,0.00135645625
2014-01-09,2.55,2.56,2.52,2.53,13962508.0,32920608.0,12800000000.0,0.0010908209375
2014-01-10,2.53,2.54,2.46,2.49,16855998.0,39059272.0,12800000000.0,0.00131687484375
2014-01-13,2.49,2.5,2.45,2.48,10250316.0,23597296.0,12800000000.0,0.0008008059375
2014-01-14,2.48,2.51,2.45,2.51,9103504.0,21035890.0,12800000000.0,0.00071121125
2014-01-15,2.51,2.51,2.46,2.49,9128521.0,21052790.0,12800000000.0,0.000713165703125
2014-01-16,2.48,2.51,2.46,2.49,12355277.0,28493262.0,12800000000.0,0.000965256015625
2014-01-17,2.49,2.49,2.42,2.44,13899821.0,31610512.0,12800000000.0,0.001085923515625
2014-01-20,2.44,2.44,2.42,2.42,8172070.0,18459088.0,12800000000.0,0.00063844296875
2014-01-21,2.42,2.45,2.42,2.44,7607340.0,17242650.0,12800000000.0,0.0005943234375
2014-01-22,2.45,2.52,2.44,2.5,16604338.0,38403564.0,12800000000.0,0.00129721390625
2014-01-23,2.5,2.51,2.46,2.49,11931951.0,27530262.0,12800000000.0,0.000932183671875
2014-01-24,2.48,2.52,2.48,2.52,13598547.0,31580998.0,12800000000.0,0.001062386484375
2014-01-27,2.5,2.52,2.46,2.5,12663128.0,29241384.0,12800000000.0,0.000989306875
2014-01-28,2.51,2.53,2.49,2.53,12768033.0,29784228.0,12800000000.0,0.000997502578125
2014-01-29,2.53,2.54,2.5,2.5,9629245.0,22485402.0,12800000000.0,0.000752284765625
2014-01-30,2.51,2.52,2.49,2.5,8129191.0,18892300.0,12800000000.0,0.000635093046875
2014-02-07,2.48,2.51,2.46,2.5,10019117.0,23129156.0,12800000000.0,0.000782743515625
2014-02-10,2.5,2.55,2.49,2.54,20495504.0,48207728.0,12800000000.0,0.00160121125
2014-02-11,2.53,2.6,2.52,2.58,30271846.0,71842192.0,12800000000.0,0.00236498796875
2014-02-12,2.57,2.6,2.55,2.57,38441096.0,91902536.0,12800000000.0,0.003003210625
2014-02-13,2.58,2.67,2.52,2.56,76415400.0,183386016.0,12800000000.0,0.005969953125
2014-02-14,2.54,2.58,2.54,2.57,31657516.0,75243952.0,12800000000.0,0.0024732434375
2014-02-17,2.57,2.58,2.54,2.57,32678126.0,77574832.0,12800000000.0,0.00255297859375
2014-02-18,2.56,2.57,2.53,2.55,29716904.0,70299384.0,12800000000.0,0.002321633125
2014-02-19,2.55,2.57,2.53,2.56,30764500.0,72909808.0,12800000000.0,0.0024034765625
2014-02-20,2.57,2.59,2.54,2.54,35309144.0,84039104.0,12800000000.0,0.002758526875
2014-02-21,2.54,2.55,2.5,2.51,22731630.0,53289404.0,12800000000.0,0.00177590859375
2014-02-24,2.5,2.5,2.41,2.44,38826912.0,88183120.0,12800000000.0,0.0030333525
2014-02-25,2.44,2.46,2.4,2.4,28463348.0,64335820.0,12800000000.0,0.0022236990625
2014-02-26,2.4,2.4,2.36,2.37,32880568.0,72498096.0,12800000000.0,0.002568794375
2014-02-27,2.38,2.39,2.36,2.38,23090558.0,50933668.0,12800000000.0,0.00180394984375
2014-02-28,2.38,2.42,2.37,2.41,17208548.0,38223420.0,12800000000.0,0.0013444178125
2014-03-03,2.4,2.43,2.4,2.43,15139528.0,34060832.0,12800000000.0,0.001182775625
2014-03-04,2.42,2.44,2.41,2.44,18325536.0,41317396.0,12800000000.0,0.0014316825
2014-03-05,2.44,2.44,2.41,2.42,13274400.0,29890730.0,12800000000.0,0.0010370625
2014-03-06,2.42,2.43,2.39,2.41,15848906.0,35416296.0,12800000000.0,0.00123819578125
2014-03-07,2.4,2.41,2.39,2.41,11526299.0,25685996.0,12800000000.0,0.000900492109375
2014-03-10,2.4,2.4,2.34,2.36,22341080.0,49100036.0,12800000000.0,0.001745396875
2014-03-11,2.35,2.38,2.34,2.37,12586853.0,27516126.0,12800000000.0,0.000983347890625
2014-03-12,2.36,2.37,2.34,2.35,14016330.0,30547826.0,12800000000.0,0.00109502578125
2014-03-13,2.36,2.38,2.32,2.37,13356081.0,29255024.0,12800000000.0,0.001043443828125
2014-03-14,2.36,2.36,2.32,2.35,11803780.0,25646460.0,12800000000.0,0.0009221703125
2014-03-17,2.35,2.36,2.34,2.35,7835129.0,17074800.0,12800000000.0,0.000612119453125
2014-03-18,2.36,2.36,2.34,2.36,9390604.0,20497220.0,12800000000.0,0.0007336409375
2014-03-19,2.35,2.37,2.34,2.37,12064179.0,26297580.0,12800000000.0,0.000942513984375
2014-03-20,2.36,2.41,2.35,2.38,22595676.0,50014104.0,12800000000.0,0.0017652871875
2014-03-21,2.37,2.43,2.34,2.42,26754262.0,59556628.0,12800000000.0,0.00209017671875
2014-03-24,2.41,2.51,2.41,2.46,38516672.0,88069992.0,12800000000.0,0.003009115
2014-03-25,2.46,2.52,2.45,2.48,36628264.0,84543104.0,12800000000.0,0.002861583125
2014-03-26,2.48,2.49,2.43,2.44,16513743.0,37594288.0,12800000000.0,0.001290136171875
2014-03-27,2.44,2.5,2.41,2.46,36817616.0,84219216.0,12800000000.0,0.00287637625
2014-03-28,2.46,2.55,2.43,2.52,51405088.0,119225008.0,12800000000.0,0.0040160225
2014-03-31,2.5,2.51,2.45,2.48,24216090.0,55752364.0,12800000000.0,0.00189188203125
2014-04-01,2.48,2.53,2.45,2.52,27615092.0,64153176.0,12800000000.0,0.0021574290625
2014-04-02,2.5,2.51,2.46,2.48,20223624.0,46694272.0,12800000000.0,0.001579970625
2014-04-03,2.48,2.51,2.41,2.43,39685352.0,90031264.0,12800000000.0,0.003100418125
2014-04-04,2.43,2.45,2.42,2.45,17855926.0,40500208.0,12800000000.0,0.00139499421875
2014-04-08,2.43,2.5,2.43,2.49,27529458.0,63109620.0,12800000000.0,0.00215073890625
2014-04-09,2.49,2.51,2.48,2.5,18624800.0,43120160.0,12800000000.0,0.0014550625
2014-04-10,2.5,2.53,2.49,2.52,31987536.0,74577224.0,12800000000.0,0.00249902625
2014-04-11,2.51,2.57,2.49,2.55,52796652.0,124721528.0,12800000000.0,0.0041247384375
2014-04-14,2.53,2.57,2.51,2.56,34323640.0,80921360.0,12800000000.0,0.002681534375
2014-04-15,2.54,2.66,2.51,2.64,67004936.0,160799760.0,12800000000.0,0.005234760625
2014-04-16,2.59,2.65,2.57,2.6,59984328.0,145309360.0,12800000000.0,0.004686275625
2014-04-17,2.59,2.85,2.55,2.76,156623520.0,394421792.0,12800000000.0,0.0122362125
2014-04-18,2.69,2.83,2.66,2.72,135442704.0,345162560.0,12800000000.0,0.01058146125
2014-04-21,2.69,2.7,2.59,2.6,78170064.0,191544576.0,12800000000.0,0.00610703625
2014-04-22,2.59,2.68,2.58,2.62,57727808.0,140798704.0,12800000000.0,0.004509985
2014-04-23,2.59,2.66,2.56,2.63,45433520.0,109937952.0,12800000000.0,0.00354949375
2014-04-24,2.6,2.62,2.54,2.55,35604860.0,85379896.0,12800000000.0,0.0027816296875
2014-04-25,2.56,2.64,2.52,2.55,46183624.0,110827080.0,12800000000.0,0.003608095625
2014-04-28,2.54,2.57,2.44,2.45,48507656.0,112863824.0,12800000000.0,0.003789660625
2014-04-29,2.46,2.5,2.43,2.48,25806080.0,59040480.0,12800000000.0,0.0020161
2014-04-30,2.48,2.62,2.45,2.56,50731620.0,119963696.0,12800000000.0,0.0039634078125
2014-05-05,2.55,2.66,2.52,2.6,59234528.0,142568992.0,12800000000.0,0.0046276975
2014-05-06,2.58,2.66,2.57,2.6,47944864.0,116360576.0,12800000000.0,0.0037456925
2014-05-07,2.59,2.59,2.51,2.52,34515480.0,81516152.0,12800000000.0,0.002696521875
2014-05-08,2.52,2.56,2.51,2.53,21853052.0,51542596.0,12800000000.0,0.0017072696875
2014-05-09,2.54,2.54,2.46,2.5,23947192.0,55523116.0,12800000000.0,0.001870874375
2014-05-12,2.52,2.55,2.51,2.54,27694328.0,65057604.0,12800000000.0,0.002163619375
2014-05-13,2.54,2.57,2.51,2.56,27102920.0,63835560.0,12800000000.0,0.002117415625
2014-05-14,2.55,2.56,2.53,2.53,18276604.0,43193992.0,12800000000.0,0.0014278596875
2014-05-15,2.52,2.54,2.49,2.49,22239940.0,51715688.0,12800000000.0,0.0017374953125
2014-05-16,2.5,2.58,2.48,2.55,34431152.0,80939320.0,12800000000.0,0.00268993375
2014-05-19,2.53,2.54,2.49,2.5,21497976.0,50029692.0,12800000000.0,0.001679529375
2014-05-20,2.51,2.52,2.49,2.51,14901198.0,34678608.0,12800000000.0,0.00116415609375
2014-05-21,2.5,2.53,2.48,2.52,15276545.0,35564544.0,12800000000.0,0.001193480078125
2014-05-22,2.51,2.54,2.5,2.51,19819090.0,46352844.0,12800000000.0,0.00154836640625
2014-05-23,2.5,2.52,2.5,2.51,14518929.0,33793976.0,12800000000.0,0.001134291328125
2014-05-26,2.52,2.53,2.5,2.52,13305233.0,31094928.0,12800000000.0,0.001039471328125
2014-05-27,2.51,2.52,2.5,2.51,11552643.0,26884654.0,12800000000.0,0.000902550234375
2014-05-28,2.51,2.51,2.48,2.51,19585024.0,45324416.0,12800000000.0,0.00153008
2014-05-29,2.51,2.51,2.46,2.46,15008805.0,34626372.0,12800000000.0,0.001172562890625
2014-05-30,2.48,2.48,2.44,2.45,18891036.0,43150884.0,12800000000.0,0.0014758621875
2014-06-03,2.46,2.48,2.44,2.44,16011957.0,36488828.0,12800000000.0,0.001250934140625
2014-06-04,2.44,2.45,2.41,2.42,15900113.0,35826032.0,12800000000.0,0.001242196328125
2014-06-05,2.42,2.45,2.41,2.45,13247555.0,29876552.0,12800000000.0,0.001034965234375
2014-06-06,2.44,2.45,2.41,2.43,11505144.0,25921744.0,12800000000.0,0.000898839375
2014-06-09,2.42,2.44,2.41,2.42,12520133.0,28209392.0,12800000000.0,0.000978135390625
2014-06-10,2.43,2.45,2.42,2.44,13607446.0,30792816.0,12800000000.0,0.00106308171875
2014-06-11,2.44,2.49,2.43,2.46,18939540.0,43289556.0,12800000000.0,0.0014796515625
2014-06-12,2.46,2.57,2.46,2.53,67897416.0,160202368.0,12800000000.0,0.005304485625
2014-06-13,2.5,2.51,2.48,2.5,35693064.0,82709824.0,12800000000.0,0.002788520625
2014-06-16,2.5,2.51,2.49,2.51,18878912.0,43755356.0,12800000000.0,0.001474915
2014-06-17,2.5,2.5,2.48,2.49,17756328.0,40983040.0,12800000000.0,0.001387213125
2014-06-18,2.49,2.49,2.45,2.45,15549781.0,35677416.0,12800000000.0,0.001214826640625
2014-06-19,2.45,2.46,2.42,2.43,18152316.0,41125004.0,12800000000.0,0.0014181496875
2014-06-20,2.43,2.45,2.43,2.45,14052615.0,31925720.0,12800000000.0,0.001097860546875
2014-06-23,2.46,2.48,2.43,2.44,14118695.0,32232496.0,12800000000.0,0.001103023046875
2014-06-24,2.45,2.49,2.44,2.48,18418006.0,42216280.0,12800000000.0,0.00143890671875
2014-06-25,2.46,2.48,2.44,2.46,13257082.0,30324628.0,12800000000.0,0.00103570953125
2014-06-26,2.48,2.52,2.47,2.49,34550596.0,77305032.0,12800000000.0,0.0026992653125
2014-06-27,2.5,2.57,2.48,2.54,63315072.0,143869120.0,12800000000.0,0.00494649
2014-06-30,2.54,2.55,2.51,2.54,34370368.0,77818552.0,12800000000.0,0.002685185
2014-07-01,2.54,2.61,2.51,2.57,51435840.0,117606112.0,12800000000.0,0.004018425
2014-07-02,2.56,2.67,2.55,2.65,101634192.0,237929152.0,12800000000.0,0.00794017125
2014-07-03,2.62,2.71,2.61,2.65,89471280.0,213836512.0,12800000000.0,0.00698994375
2014-07-04,2.65,2.65,2.57,2.58,55458068.0,128883640.0,12800000000.0,0.0043326615625
2014-07-07,2.58,2.59,2.57,2.59,19521916.0,45096120.0,12800000000.0,0.0015251496875
2014-07-08,2.58,2.59,2.55,2.57,21701298.0,49817712.0,12800000000.0,0.00169541390625
2014-07-09,2.57,2.59,2.55,2.56,23174084.0,53167216.0,12800000000.0,0.0018104753125
2014-07-10,2.55,2.58,2.55,2.56,20075378.0,46101880.0,12800000000.0,0.00156838890625
2014-07-11,2.57,2.58,2.54,2.57,34769264.0,79709520.0,12800000000.0,0.00271634875
2014-07-14,2.57,2.57,2.54,2.57,26584316.0,60754840.0,12800000000.0,0.0020768996875
2014-07-15,2.56,2.57,2.55,2.57,20663128.0,47376356.0,12800000000.0,0.001614306875
2014-07-16,2.57,2.62,2.56,2.6,49681208.0,115324960.0,12800000000.0,0.003881344375
2014-07-17,2.59,2.6,2.57,2.59,19965812.0,46152832.0,12800000000.0,0.0015598290625
2014-07-18,2.58,2.61,2.57,2.59,20557352.0,47647148.0,12800000000.0,0.001606043125
2014-07-21,2.59,2.59,2.56,2.56,20766108.0,47781360.0,12800000000.0,0.0016223521875
2014-07-22,2.56,2.6,2.56,2.59,29166708.0,67501768.0,12800000000.0,0.0022786490625
2014-07-23,2.58,2.61,2.58,2.6,40527768.0,94313064.0,12800000000.0,0.003166231875
2014-07-24,2.59,2.62,2.59,2.62,33206990.0,77561064.0,12800000000.0,0.00259429609375
2014-07-25,2.62,2.64,2.6,2.62,28586852.0,67019464.0,12800000000.0,0.0022333478125
2014-07-28,2.64,2.68,2.64,2.67,55801236.0,132983760.0,12800000000.0,0.0043594715625
2014-07-29,2.67,2.71,2.66,2.69,57683088.0,138741600.0,12800000000.0,0.00450649125
2014-07-30,2.68,2.69,2.66,2.67,30384784.0,72738032.0,12800000000.0,0.00237381125
2014-07-31,2.68,2.69,2.66,2.69,36833320.0,88281072.0,12800000000.0,0.002877603125
2014-08-01,2.68,2.69,2.65,2.65,41533976.0,99226200.0,12800000000.0,0.003244841875
2014-08-04,2.65,2.68,2.65,2.67,35392780.0,84413672.0,12800000000.0,0.0027650609375
2014-08-05,2.68,2.73,2.66,2.7,56795936.0,136798880.0,12800000000.0,0.0044371825
2014-08-06,2.69,2.71,2.67,2.7,47656360.0,114876328.0,12800000000.0,0.003723153125
2014-08-07,2.69,2.73,2.68,2.69,44685168.0,108079440.0,12800000000.0,0.00349102875
2014-08-08,2.68,2.71,2.68,2.69,23797020.0,57437108.0,12800000000.0,0.0018591421875
2014-08-11,2.7,2.71,2.69,2.71,18302432.0,44359384.0,12800000000.0,0.0014298775
2014-08-12,2.71,2.71,2.68,2.69,25765440.0,62109676.0,12800000000.0,0.002012925
2014-08-13,2.7,2.7,2.67,2.68,28745512.0,69069136.0,12800000000.0,0.002245743125
2014-08-14,2.68,2.7,2.67,2.68,27827608.0,66873936.0,12800000000.0,0.002174031875
2014-08-15,2.68,2.7,2.67,2.69,24457710.0,58795924.0,12800000000.0,0.00191075859375
2014-08-18,2.69,2.73,2.69,2.71,33266236.0,80787496.0,12800000000.0,0.0025989246875
2014-08-19,2.71,2.78,2.69,2.76,61718648.0,151053264.0,12800000000.0,0.004821769375
2014-08-20,2.74,2.8,2.73,2.76,79879960.0,197810848.0,12800000000.0,0.006240621875
2014-08-21,2.75,2.76,2.7,2.73,39454448.0,96298312.0,12800000000.0,0.00308237875
2014-08-22,2.73,2.81,2.7,2.78,80733584.0,200519504.0,12800000000.0,0.00630731125
2014-08-25,2.77,2.81,2.75,2.78,60859064.0,151209136.0,12800000000.0,0.004754614375
2014-08-26,2.77,2.8,2.73,2.75,58379576.0,144371664.0,12800000000.0,0.004560904375
2014-08-27,2.74,2.75,2.7,2.71,28982220.0,70706784.0,12800000000.0,0.0022642359375
2014-08-28,2.71,2.73,2.67,2.68,27819078.0,66971748.0,12800000000.0,0.00217336546875
2014-08-29,2.69,2.7,2.68,2.7,15736684.0,37928096.0,12800000000.0,0.0012294284375
2014-09-01,2.7,2.75,2.69,2.74,33434720.0,81639208.0,12800000000.0,0.0026120875
2014-09-02,2.74,2.85,2.74,2.81,109950552.0,275770400.0,12800000000.0,0.008589886875
2014-09-03,2.81,2.88,2.79,2.81,99035352.0,250682640.0,12800000000.0,0.007737136875
2014-09-04,2.81,2.86,2.79,2.86,74745840.0,189404720.0,12800000000.0,0.00583951875
2014-09-05,2.85,3.15,2.83,3.15,329360928.0,909775104.0,12800000000.0,0.0257313225
2014-09-09,3.24,3.46,3.19,3.46,269256384.0,821280768.0,12800000000.0,0.021035655
2014-09-10,3.6,3.81,3.5,3.73,616323264.0,2011488000.0,12800000000.0,0.048150255
2014-09-11,3.64,3.88,3.57,3.62,347854752.0,1150959616.0,12800000000.0,0.0271761525
2014-09-12,3.56,3.77,3.5,3.64,267166224.0,863422272.0,12800000000.0,0.02087236125
2014-09-15,3.62,3.72,3.55,3.62,151976880.0,492635488.0,12800000000.0,0.01187319375
2014-09-16,3.59,3.65,3.42,3.45,209820224.0,666521088.0,12800000000.0,0.016392205
2014-09-17,3.45,3.55,3.33,3.51,194437984.0,599152000.0,12800000000.0,0.0151904675
2014-09-18,3.45,3.55,3.42,3.47,115329968.0,359546656.0,12800000000.0,0.00901015375
2014-09-19,3.46,3.51,3.44,3.48,78154304.0,243025568.0,12800000000.0,0.006105805
2014-09-22,3.48,3.54,3.44,3.5,112054080.0,350632832.0,12800000000.0,0.008754225
2014-09-23,3.5,3.52,3.46,3.5,78358712.0,244765840.0,12800000000.0,0.006121774375
2014-09-24,3.48,3.56,3.44,3.53,141930784.0,445082112.0,12800000000.0,0.0110883425
2014-09-25,3.53,3.89,3.53,3.89,259924496.0,876746048.0,12800000000.0,0.02030660125
2014-09-26,3.93,4.11,3.8,3.83,446087104.0,1581531008.0,12800000000.0,0.034850555
2014-09-29,3.76,3.86,3.73,3.77,184551216.0,625365888.0,12800000000.0,0.01441806375
2014-09-30,3.77,3.85,3.7,3.8,140023680.0,474310560.0,12800000000.0,0.01093935
2014-10-08,3.8,4.07,3.77,3.94,205729360.0,718090176.0,12800000000.0,0.01607260625
2014-10-09,3.92,4.01,3.88,3.95,192955904.0,680925696.0,12800000000.0,0.01507468
2014-10-10,3.92,3.93,3.83,3.86,122737584.0,425053600.0,12800000000.0,0.00958887375
2014-10-13,3.84,3.88,3.75,3.82,87854616.0,298716800.0,12800000000.0,0.006863641875
2014-10-14,3.8,3.96,3.77,3.82,103647536.0,356933760.0,12800000000.0,0.00809746375
2014-10-15,3.81,3.82,3.72,3.79,76739448.0,259362336.0,12800000000.0,0.005995269375
2014-10-16,3.76,3.82,3.7,3.71,78162656.0,262732272.0,12800000000.0,0.0061064575
2014-10-17,3.71,3.72,3.47,3.56,101568504.0,327489248.0,12800000000.0,0.007935039375
2014-10-20,3.56,3.77,3.56,3.73,113347608.0,375536512.0,12800000000.0,0.008855281875
2014-10-21,3.69,3.82,3.67,3.69,107820128.0,362402816.0,12800000000.0,0.0084234475
2014-10-22,3.66,3.73,3.6,3.61,56264700.0,184147344.0,12800000000.0,0.0043956796875
2014-10-23,3.57,3.6,3.48,3.52,72069760.0,227475024.0,12800000000.0,0.00563045
2014-10-24,3.52,3.56,3.5,3.54,49666904.0,156975488.0,12800000000.0,0.003880226875
2014-10-27,3.52,3.57,3.5,3.55,41027324.0,130221184.0,12800000000.0,0.0032052596875
2014-10-28,3.57,3.7,3.57,3.66,73045552.0,238636416.0,12800000000.0,0.00570668375
2014-10-29,3.66,3.84,3.66,3.81,192164016.0,650311104.0,12800000000.0,0.01501281375
2014-10-30,3.81,4.14,3.76,3.98,291025984.0,1041265280.0,12800000000.0,0.022736405
2014-10-31,4.01,4.08,3.85,3.92,177329088.0,625712512.0,12800000000.0,0.013853835
2014-11-03,3.95,4.31,3.95,4.31,313736416.0,1167051392.0,12800000000.0,0.0245106575
2014-11-04,4.55,4.75,4.41,4.63,555374720.0,2292605184.0,12800000000.0,0.04338865
2014-11-05,4.57,4.6,4.32,4.47,278494784.0,1117416320.0,12800000000.0,0.021757405
2014-11-06,4.41,4.57,4.32,4.43,181724608.0,722563008.0,12800000000.0,0.014197235
2014-11-07,4.51,4.57,4.26,4.32,191475872.0,756034304.0,12800000000.0,0.0149590525
2014-11-10,4.38,4.51,4.29,4.48,201124064.0,798872768.0,12800000000.0,0.0157128175
2014-11-11,4.5,4.51,4.19,4.27,183425808.0,710027392.0,12800000000.0,0.01433014125
2014-11-12,4.27,4.34,4.17,4.29,111981328.0,426024928.0,12800000000.0,0.00874854125
2014-11-13,4.29,4.29,4.13,4.19,101996616.0,383077888.0,12800000000.0,0.007968485625
2014-11-14,4.18,4.24,4.11,4.22,68785656.0,258035936.0,12800000000.0,0.005373879375
2014-11-17,4.27,4.38,4.21,4.31,103863168.0,400869696.0,12800000000.0,0.00811431
2014-11-18,4.31,4.41,4.3,4.39,115012736.0,449299104.0,12800000000.0,0.00898537
2014-11-19,4.39,4.42,4.3,4.34,97436392.0,380398144.0,12800000000.0,0.007612218125
2014-11-20,4.31,4.33,4.26,4.28,63330596.0,242893776.0,12800000000.0,0.0049477028125
2014-11-21,4.29,4.36,4.28,4.34,79053352.0,306174432.0,12800000000.0,0.006176043125
2014-11-24,4.41,4.43,4.32,4.38,152093904.0,597199744.0,12800000000.0,0.01188233625
2014-11-25,4.37,4.78,4.34,4.61,260159168.0,1061389056.0,12800000000.0,0.020324935
2014-11-26,4.58,4.59,4.47,4.53,150056416.0,606596928.0,12800000000.0,0.0117231575
2014-11-27,4.55,4.56,4.41,4.47,133708032.0,534148352.0,12800000000.0,0.01044594
2014-11-28,4.47,4.53,4.41,4.46,122361952.0,489250528.0,12800000000.0,0.0095595275
2014-12-01,4.46,4.49,4.38,4.42,135116528.0,535137248.0,12800000000.0,0.01055597875
2014-12-02,4.42,4.5,4.38,4.47,135589456.0,540017920.0,12800000000.0,0.01059292625
2014-12-03,4.47,4.57,4.42,4.5,197766336.0,793722496.0,12800000000.0,0.015450495
2014-12-04,4.49,4.58,4.47,4.56,192813472.0,782115200.0,12800000000.0,0.0150635525
2014-12-05,4.55,4.55,4.18,4.39,200784224.0,793110528.0,12800000000.0,0.0156862675
2014-12-08,4.39,4.66,4.39,4.65,293820448.0,1204370688.0,12800000000.0,0.0229547225
2014-12-09,4.67,5.12,4.59,4.68,502944384.0,2215184384.0,12800000000.0,0.03929253
2014-12-10,4.8,5.15,4.67,5.15,378338144.0,1681185536.0,12800000000.0,0.0295576675
2014-12-11,5.42,5.66,5.23,5.51,412422592.0,2026782080.0,12800000000.0,0.032220515
2014-12-12,5.65,5.71,5.26,5.43,258744688.0,1258419840.0,12800000000.0,0.02021442875
2014-12-15,5.43,5.51,5.13,5.29,256529456.0,1206446720.0,12800000000.0,0.02004136375
2014-12-16,5.26,5.43,5.15,5.34,185578592.0,875053056.0,12800000000.0,0.0144983275
2014-12-17,5.26,5.52,5.2,5.33,206638784.0,988718592.0,12800000000.0,0.016143655
2014-12-18,5.3,5.42,5.22,5.28,141410016.0,671513280.0,12800000000.0,0.0110476575
2014-12-19,5.27,5.72,5.23,5.58,317515680.0,1574508800.0,12800000000.0,0.0248059125
2014-12-22,5.58,5.6,5.17,5.28,219591152.0,1053603520.0,12800000000.0,0.01715555875
2014-12-23,5.19,5.26,5.03,5.04,123328952.0,565160640.0,12800000000.0,0.009635074375
2014-12-24,5.05,5.14,4.95,5.04,97390000.0,437887840.0,12800000000.0,0.00760859375
2014-12-25,5.06,5.2,5.0,5.2,105671320.0,484545408.0,12800000000.0,0.008255571875
2014-12-26,5.18,5.37,5.14,5.29,136215376.0,641662912.0,12800000000.0,0.01064182625
2014-12-29,5.32,5.39,5.18,5.25,110241352.0,523454976.0,12800000000.0,0.008612605625
2014-12-30,5.24,5.25,5.04,5.06,88576784.0,404891872.0,12800000000.0,0.00692006125
2014-12-31,5.07,5.15,5.03,5.14,67479416.0,307752256.0,12800000000.0,0.005271829375
2015-01-05,5.17,5.34,5.12,5.29,120492504.0,566595392.0,12800000000.0,0.009413476875
2015-01-06,5.36,5.56,5.33,5.41,189917136.0,925805312.0,12800000000.0,0.01483727625
2015-01-07,5.42,5.43,5.27,5.34,96618168.0,460194432.0,12800000000.0,0.007548294375
2015-01-08,5.34,5.53,5.14,5.28,148218176.0,707936128.0,12800000000.0,0.011579545
2015-01-09,5.23,5.41,5.19,5.24,130256944.0,620953472.0,12800000000.0,0.01017632375
2015-01-12,5.15,5.2,4.97,5.03,107466496.0,488584224.0,12800000000.0,0.00839582
2015-01-13,4.99,5.14,4.97,5.05,61239216.0,276994688.0,12800000000.0,0.00478431375
2015-01-14,5.03,5.05,4.79,4.85,114059008.0,499833792.0,12800000000.0,0.00891086
2015-01-15,4.86,5.03,4.74,4.99,105326992.0,458878496.0,12800000000.0,0.00822867125
2015-01-16,5.01,5.07,4.95,5.05,94167080.0,422804480.0,12800000000.0,0.007356803125
2015-01-19,4.81,4.94,4.55,4.63,124230512.0,531702880.0,12800000000.0,0.00970550875
2015-01-20,4.65,4.9,4.65,4.87,116593440.0,500964032.0,12800000000.0,0.0091088625
2015-01-21,4.89,5.05,4.81,5.01,141835392.0,628601600.0,12800000000.0,0.01108089
2015-01-22,5.12,5.23,5.04,5.14,185439600.0,853988736.0,12800000000.0,0.01448746875
2015-01-23,5.08,5.23,5.05,5.09,121832344.0,558919360.0,12800000000.0,0.009518151875
2015-01-26,5.06,5.15,5.03,5.12,73543416.0,334547776.0,12800000000.0,0.005745579375
2015-01-27,5.1,5.26,4.96,5.19,173547680.0,798740864.0,12800000000.0,0.0135584125
2015-01-28,5.15,5.33,5.1,5.28,172628672.0,812785088.0,12800000000.0,0.013486615
2015-01-29,5.2,5.26,5.12,5.13,82750056.0,383199264.0,12800000000.0,0.006464848125
2015-01-30,5.13,5.2,4.97,4.98,77959648.0,353516736.0,12800000000.0,0.0060905975
2015-02-02,4.98,4.98,4.87,4.9,60387976.0,265486976.0,12800000000.0,0.004717810625
2015-02-03,4.96,4.98,4.85,4.93,70455392.0,308318592.0,12800000000.0,0.0055043275
2015-02-04,4.94,4.95,4.8,4.81,86487224.0,377756800.0,12800000000.0,0.006756814375
2015-02-05,4.88,4.93,4.7,4.77,124824776.0,534701504.0,12800000000.0,0.009751935625
2015-02-06,4.7,4.77,4.6,4.65,72276328.0,302823040.0,12800000000.0,0.005646588125
2015-02-09,4.62,4.69,4.58,4.66,37842888.0,157666256.0,12800000000.0,0.002956475625
2015-02-10,4.68,4.82,4.67,4.79,59295952.0,252385504.0,12800000000.0,0.00463249625
2015-02-11,4.8,4.82,4.74,4.75,47224416.0,202505712.0,12800000000.0,0.0036894075
2015-02-12,4.76,4.81,4.72,4.77,45892920.0,195607440.0,12800000000.0,0.003585384375
2015-02-13,4.79,4.85,4.77,4.79,53906840.0,232148192.0,12800000000.0,0.004211471875
2015-02-16,4.79,4.82,4.78,4.8,44220252.0,190211040.0,12800000000.0,0.0034547071875
2015-02-17,4.8,4.86,4.79,4.85,46229596.0,199981072.0,12800000000.0,0.0036116871875
2015-02-25,4.84,4.96,4.84,4.88,77598560.0,340209120.0,12800000000.0,0.0060623875
2015-02-26,4.89,5.0,4.87,4.99,85028384.0,376056096.0,12800000000.0,0.0066428425
2015-02-27,5.03,5.26,5.01,5.25,231740016.0,1069025856.0,12800000000.0,0.01810468875
2015-03-02,5.33,5.35,5.2,5.24,128645592.0,605535872.0,12800000000.0,0.010050436875
2015-03-03,5.24,5.64,5.13,5.35,234968320.0,1134519680.0,12800000000.0,0.0183569
2015-03-04,5.26,5.45,5.26,5.34,100440440.0,481891200.0,12800000000.0,0.007846909375
2015-03-05,5.34,5.38,5.16,5.19,100775992.0,473357216.0,12800000000.0,0.007873124375
2015-03-06,5.19,5.29,5.14,5.15,67338992.0,313957504.0,12800000000.0,0.00526085875
2015-03-09,5.14,5.25,5.08,5.23,77486696.0,358227008.0,12800000000.0,0.006053648125
2015-03-10,5.2,5.33,5.19,5.24,70919552.0,333981984.0,12800000000.0,0.00554059
2015-03-11,5.2,5.27,5.09,5.13,81294848.0,376160640.0,12800000000.0,0.00635116
2015-03-12,5.14,5.23,5.09,5.18,65725128.0,302991424.0,12800000000.0,0.005134775625
2015-03-13,5.18,5.36,5.16,5.29,108910856.0,514003936.0,12800000000.0,0.008508660625
2015-03-16,5.28,5.41,5.27,5.38,125321176.0,600480960.0,12800000000.0,0.009790716875
2015-03-17,5.42,5.63,5.38,5.52,231661376.0,1147128064.0,12800000000.0,0.018098545
2015-03-18,5.53,5.84,5.51,5.8,266534752.0,1351697664.0,12800000000.0,0.0208230275
2015-03-19,5.77,6.21,5.68,5.96,294571744.0,1564644608.0,12800000000.0,0.0230134175
2015-03-20,5.92,6.01,5.83,5.91,183641792.0,968203584.0,12800000000.0,0.014347015
2015-03-23,5.91,6.12,5.87,6.06,186464816.0,1002106432.0,12800000000.0,0.01456756375
2015-03-24,6.09,6.37,5.91,6.25,330044928.0,1826284672.0,12800000000.0,0.02578476
2015-03-25,6.25,6.62,6.22,6.41,259817584.0,1504851200.0,12800000000.0,0.02029824875
2015-03-26,6.44,6.57,6.21,6.27,220939856.0,1258379648.0,12800000000.0,0.01726092625
2015-03-27,6.27,6.31,6.14,6.23,127118808.0,707097152.0,12800000000.0,0.009931156875
2015-03-30,6.46,6.76,6.43,6.68,250299632.0,1487456384.0,12800000000.0,0.01955465875
2015-03-31,6.72,6.92,6.54,6.58,251098272.0,1509593600.0,12800000000.0,0.0196170525
2015-04-01,6.53,6.73,6.51,6.66,168575472.0,998449984.0,12800000000.0,0.01316995875
2015-04-02,6.66,6.72,6.56,6.63,166523888.0,988466880.0,12800000000.0,0.01300967875
2015-04-03,6.56,6.67,6.5,6.62,146532800.0,863455744.0,12800000000.0,0.011447875
2015-04-07,6.62,6.85,6.59,6.77,221559136.0,1325370240.0,12800000000.0,0.0173093075
2015-04-08,6.7,6.81,6.57,6.62,184961152.0,1101834752.0,12800000000.0,0.01445009
2015-04-09,6.62,6.66,6.27,6.41,208601488.0,1198385024.0,12800000000.0,0.01629699125
2015-04-10,6.4,6.77,6.37,6.66,238137472.0,1416510720.0,12800000000.0,0.01860449
2015-04-13,6.7,7.17,6.65,7.04,295405408.0,1822240128.0,12800000000.0,0.0230785475
2015-04-14,7.01,7.73,6.88,7.58,341846976.0,2269346816.0,12800000000.0,0.026706795
2015-04-15,7.59,7.71,7.32,7.39,264219184.0,1779838208.0,12800000000.0,0.02064212375
2015-04-16,7.35,7.75,7.1,7.58,213358304.0,1430397184.0,12800000000.0,0.0166686175
2015-04-17,7.68,8.33,7.65,8.24,339343648.0,2463824128.0,12800000000.0,0.0265112225
2015-04-20,8.25,8.93,8.24,8.48,428913536.0,3296167680.0,12800000000.0,0.03350887
2015-04-21,8.5,8.76,8.04,8.41,267412608.0,1982201216.0,12800000000.0,0.02089161
2015-04-22,8.41,8.68,8.25,8.51,230445184.0,1752635008.0,12800000000.0,0.01800353
2015-04-23,8.51,8.69,8.41,8.5,206273312.0,1575019776.0,12800000000.0,0.0161151025
2015-04-24,8.37,9.35,8.23,9.35,398512256.0,3152258304.0,12800000000.0,0.03113377
2015-04-27,9.72,10.25,9.49,10.06,445781728.0,3968291328.0,12800000000.0,0.0348266975
2015-04-28,10.05,10.05,9.64,9.79,276762560.0,2431878144.0,12800000000.0,0.021622075
2015-04-29,9.74,10.67,9.44,10.33,304563648.0,2732393216.0,12800000000.0,0.023794035
2015-04-30,10.24,10.81,10.08,10.41,264874928.0,2494793984.0,12800000000.0,0.02069335375
2015-05-04,10.43,10.78,10.27,10.32,197840736.0,1846675968.0,12800000000.0,0.0154563075
2015-05-05,10.24,10.24,9.29,9.45,255088208.0,2231874816.0,12800000000.0,0.01992876625
2015-05-06,9.44,9.72,8.8,8.96,233485296.0,1922592384.0,12800000000.0,0.01824103875
2015-05-07,8.87,8.87,8.3,8.33,204419424.0,1570011136.0,12800000000.0,0.0159702675
2015-05-08,8.24,8.88,8.24,8.85,217389088.0,1679726208.0,12800000000.0,0.0169835225
2015-05-11,8.93,9.27,8.93,9.2,213685952.0,1744471552.0,12800000000.0,0.016694215
2015-05-12,9.25,9.45,8.97,9.27,231557696.0,1906944000.0,12800000000.0,0.018090445
2015-05-13,9.29,9.9,9.16,9.72,282476512.0,2426940928.0,12800000000.0,0.0220684775
2015-05-14,9.86,10.0,9.49,9.59,202254560.0,1748872832.0,12800000000.0,0.0158011375
2015-05-15,9.44,9.54,9.1,9.2,187414720.0,1553873408.0,12800000000.0,0.014641775
2015-05-18,9.2,9.35,8.97,9.07,133770984.0,1094843904.0,12800000000.0,0.010450858125
2015-05-19,9.07,9.47,9.07,9.4,183322896.0,1534443136.0,12800000000.0,0.01432210125
2015-05-20,9.47,10.34,9.47,10.34,263190256.0,2348459776.0,12800000000.0,0.02056173875
2015-05-21,10.72,11.38,10.48,11.38,171187584.0,1691785856.0,12800000000.0,0.01337403
2015-05-22,12.52,12.52,11.49,11.61,533431328.0,5644900352.0,12800000000.0,0.0416743225
2015-05-25,11.75,12.77,11.75,12.77,99181864.0,1103694336.0,12800000000.0,0.007748583125
2015-05-26,13.5,14.04,12.86,14.04,583114112.0,7052812800.0,12800000000.0,0.04555579
2015-05-27,14.05,15.15,13.45,14.61,487244000.0,6253475328.0,12800000000.0,0.0380659375
2015-05-28,14.36,14.4,13.14,13.14,405458944.0,4951906816.0,12800000000.0,0.03167648
2015-05-29,12.79,13.16,11.84,12.68,349809408.0,3902551552.0,12800000000.0,0.02732886
2015-06-01,12.88,13.95,12.88,13.95,313763840.0,3742531584.0,12800000000.0,0.0245128
2015-06-02,14.36,15.01,14.08,14.57,347887392.0,4492747264.0,12800000000.0,0.0271787025
2015-06-03,14.53,14.53,13.74,14.13,267214592.0,3345729536.0,12800000000.0,0.02087614
2015-06-04,14.14,14.53,12.86,14.11,221919008.0,2739255808.0,12800000000.0,0.0173374225
2015-06-05,14.43,14.97,13.73,14.81,370973056.0,4758814208.0,12800000000.0,0.02898227
2015-06-08,14.89,15.1,14.17,14.73,365015168.0,4754173440.0,12800000000.0,0.02851681
2015-06-09,14.7,14.7,14.01,14.18,219868176.0,2779499008.0,12800000000.0,0.01717720125
2015-06-10,13.95,14.48,13.52,14.01,210185936.0,2614672384.0,12800000000.0,0.01642077625
2015-06-11,14.0,14.47,13.86,14.18,197501216.0,2495604736.0,12800000000.0,0.0154297825
2015-06-12,14.21,14.4,13.86,14.01,215496400.0,2694173696.0,12800000000.0,0.01683565625
2015-06-15,14.09,14.98,13.94,14.45,341717280.0,4422103040.0,12800000000.0,0.0266966625
2015-06-16,13.96,14.73,13.49,13.73,218058160.0,2716719104.0,12800000000.0,0.01703579375
2015-06-17,13.51,13.81,12.62,13.48,196831008.0,2299467776.0,12800000000.0,0.0153774225
2015-06-18,13.57,13.85,12.94,13.07,142876672.0,1711716096.0,12800000000.0,0.01116224
2015-06-19,12.27,12.89,11.77,11.77,149361136.0,1607356416.0,12800000000.0,0.01166883875
2015-06-23,11.7,11.7,10.6,11.28,177189392.0,1739699712.0,12800000000.0,0.01384292125
2015-06-24,11.46,11.82,11.16,11.55,147425600.0,1504260608.0,12800000000.0,0.011517625
2015-06-25,11.59,12.13,11.26,11.48,207069136.0,2142762624.0,12800000000.0,0.01617727625
2015-06-26,10.89,11.24,10.33,10.33,144205264.0,1363709952.0,12800000000.0,0.01126603625
2015-06-29,10.75,10.75,9.29,9.29,196045680.0,1684194176.0,12800000000.0,0.01531606875
2015-06-30,9.01,9.98,8.37,9.95,248628608.0,1995312128.0,12800000000.0,0.01942411
2015-07-01,9.97,10.3,9.01,9.11,206187088.0,1798487552.0,12800000000.0,0.01610836625
2015-07-02,9.11,9.29,8.2,8.2,181096944.0,1388173696.0,12800000000.0,0.01414819875
2015-07-03,7.92,8.42,7.38,7.38,184870272.0,1249403136.0,12800000000.0,0.01444299
2015-07-06,8.12,8.12,6.84,7.57,248633872.0,1663919616.0,12800000000.0,0.01942452125
2015-07-07,7.3,7.57,6.82,7.47,281946400.0,1810059008.0,12800000000.0,0.0220270625
2015-07-08,6.72,7.09,6.72,6.72,176477344.0,1060773376.0,12800000000.0,0.0137872925
2015-07-09,6.72,7.4,6.14,7.4,245147264.0,1542435712.0,12800000000.0,0.01915213
2015-07-10,7.75,8.14,7.51,8.14,179488928.0,1282874240.0,12800000000.0,0.0140225725
2015-07-13,8.61,8.95,8.25,8.95,216548896.0,1690123904.0,12800000000.0,0.0169178825
2015-07-14,9.03,9.76,8.78,9.11,286242496.0,2353688320.0,12800000000.0,0.022362695
2015-07-15,8.78,8.99,8.2,8.2,171209664.0,1280207744.0,12800000000.0,0.013375755
2015-07-16,8.2,8.6,7.45,8.25,154448080.0,1123718528.0,12800000000.0,0.01206625625
2015-07-17,8.33,8.98,8.29,8.77,136141632.0,1045691328.0,12800000000.0,0.010636065
2015-07-20,8.78,9.38,8.67,9.0,167766656.0,1339974400.0,12800000000.0,0.01310677
2015-07-21,8.94,9.35,8.69,9.13,151984464.0,1230711168.0,12800000000.0,0.01187378625
2015-07-22,9.18,9.26,8.68,9.0,148608592.0,1188552064.0,12800000000.0,0.01161004625
2015-07-23,8.93,9.65,8.85,9.47,234241392.0,1937994112.0,12800000000.0,0.01830010875
2015-07-24,9.41,10.32,9.08,9.79,338525120.0,2906710528.0,12800000000.0,0.026447275
2015-07-27,9.55,10.11,8.81,8.81,250429744.0,2121100288.0,12800000000.0,0.01956482375
2015-07-28,8.33,8.95,7.93,8.3,204790688.0,1504947072.0,12800000000.0,0.0159992725
2015-07-29,8.47,8.95,8.23,8.93,171035456.0,1309882496.0,12800000000.0,0.013362145
2015-07-30,8.94,9.52,8.72,9.04,214139808.0,1745718784.0,12800000000.0,0.0167296725
2015-07-31,8.9,9.32,8.85,9.02,142628784.0,1146992896.0,12800000000.0,0.01114287375
2015-08-03,9.01,9.31,8.81,9.19,171165152.0,1380856576.0,12800000000.0,0.0133722775
2016-02-22,8.27,8.65,8.27,8.32,326413509.0,2425510230.0,12800000000.0,0.025501055390625
2016-02-23,8.05,8.28,7.78,7.87,154269127.0,1096340427.0,12800000000.0,0.012052275546875
2016-02-24,7.8,8.43,7.77,8.15,114463534.0,830392511.0,12800000000.0,0.00894246359375
2016-02-25,8.11,8.11,7.34,7.34,112988114.0,769848338.0,12800000000.0,0.00882719640625
2016-02-26,7.35,7.54,6.78,7.07,81065910.0,513157040.0,12800000000.0,0.00633327421875
2016-02-29,7.03,7.03,6.36,6.41,87164682.0,502811298.0,12800000000.0,0.00680974078125
2016-03-01,6.52,6.55,6.2,6.42,59052920.0,335130512.0,12800000000.0,0.004613509375
2016-03-02,6.51,6.86,6.5,6.86,92697058.0,551241176.0,12800000000.0,0.00724195765625
2016-03-03,6.89,7.18,6.82,6.84,86839444.0,536196496.0,12800000000.0,0.0067843315625
2016-03-04,6.77,7.07,6.7,7.0,108194486.0,663771366.0,12800000000.0,0.00845269421875
2016-03-07,7.07,7.15,6.91,7.0,57548948.0,357126672.0,12800000000.0,0.0044960115625
2016-03-08,7.02,7.24,6.64,7.09,83920702.0,519196168.0,12800000000.0,0.00655630484375
2016-03-09,6.87,6.98,6.77,6.95,47133140.0,288254269.0,12800000000.0,0.0036822765625
2016-03-10,6.91,6.99,6.7,6.73,34416109.0,209085043.0,12800000000.0,0.002688758515625
2016-03-11,6.7,6.75,6.55,6.63,31262972.0,184384216.0,12800000000.0,0.0024424196875
2016-03-14,6.75,7.18,6.66,7.06,88903962.0,550780841.0,12800000000.0,0.00694562203125
2016-03-15,7.04,7.12,6.79,7.07,90836083.0,561486206.0,12800000000.0,0.007096568984375
2016-03-16,7.04,7.11,6.95,6.98,63191128.0,395166198.0,12800000000.0,0.004936806875
2016-03-17,7.02,7.07,6.93,7.03,56801599.0,354068869.0,12800000000.0,0.004437624921875
2016-03-18,7.05,7.18,6.99,7.11,128505240.0,807732128.0,12800000000.0,0.010039471875
2016-03-21,7.21,7.26,7.08,7.18,110306632.0,701709497.0,12800000000.0,0.008617705625
2016-03-22,7.17,7.48,7.13,7.26,108778008.0,706309835.0,12800000000.0,0.008498281875
2016-03-23,7.21,7.26,7.11,7.16,67285801.0,427601450.0,12800000000.0,0.005256703203125
2016-03-24,7.09,7.25,7.03,7.04,67973918.0,429405371.0,12800000000.0,0.00531046234375
2016-03-25,7.09,7.17,7.0,7.06,46871699.0,294062964.0,12800000000.0,0.003661851484375
2016-03-28,7.13,7.14,6.96,6.99,50251140.0,314842747.0,12800000000.0,0.0039258703125
2016-03-29,7.0,7.09,6.9,6.95,46178090.0,286239037.0,12800000000.0,0.00360766328125
2016-03-30,6.96,7.08,6.96,7.07,56639364.0,353334161.0,12800000000.0,0.0044249503125
2016-03-31,7.11,7.78,7.07,7.78,247366877.0,1678095612.0,12800000000.0,0.019325537265625
2016-04-01,7.7,7.78,7.36,7.54,173349192.0,1164186560.0,12800000000.0,0.013542905625
2016-04-05,7.52,7.6,7.34,7.57,110697459.0,735853192.0,12800000000.0,0.008648238984375
2016-04-06,7.59,7.59,7.39,7.45,78242861.0,518818006.0,12800000000.0,0.006112723515625
2016-04-07,7.45,7.49,7.24,7.25,72509825.0,471518779.0,12800000000.0,0.005664830078125
2016-04-08,7.23,7.23,7.07,7.18,51085426.0,324691691.0,12800000000.0,0.00399104890625
2016-04-11,7.22,7.31,7.21,7.26,46601075.0,300614131.0,12800000000.0,0.003640708984375
2016-04-12,7.3,7.42,7.22,7.32,55788846.0,362549109.0,12800000000.0,0.00435850359375
2016-04-13,7.39,7.71,7.33,7.44,127416234.0,846903940.0,12800000000.0,0.00995439328125
2016-04-14,7.47,7.5,7.33,7.4,59688070.0,391132802.0,12800000000.0,0.00466313046875
2016-04-15,7.38,7.4,7.3,7.33,40360733.0,262745547.0,12800000000.0,0.003153182265625
2016-04-18,7.26,7.26,7.15,7.17,41744036.0,266619736.0,12800000000.0,0.0032612528125
2016-04-19,7.24,7.29,7.16,7.2,30111122.0,192435634.0,12800000000.0,0.00235243140625
2016-04-20,7.18,7.24,6.53,6.85,76909703.0,468793406.0,12800000000.0,0.006008570546875
2016-04-21,6.8,6.84,6.67,6.69,40062936.0,240544183.0,12800000000.0,0.003129916875
2016-04-22,6.67,6.84,6.59,6.72,23661116.0,141152179.0,12800000000.0,0.0018485246875
2016-04-25,6.78,7.03,6.78,6.9,52904222.0,325446356.0,12800000000.0,0.00413314234375
2016-04-26,6.85,6.97,6.79,6.89,28250755.0,171989081.0,12800000000.0,0.002207090234375
2016-04-27,6.89,6.91,6.77,6.85,26411895.0,160383338.0,12800000000.0,0.002063429296875
2016-04-28,6.84,6.84,6.68,6.73,25431474.0,152359813.0,12800000000.0,0.00198683390625
2016-04-29,6.73,6.76,6.68,6.7,18387906.0,109469460.0,12800000000.0,0.00143655515625
2016-05-03,6.71,6.81,6.66,6.8,29392880.0,176537603.0,12800000000.0,0.00229631875
2016-05-04,6.79,6.89,6.75,6.81,30053164.0,181989323.0,12800000000.0,0.0023479034375
2016-05-05,6.79,6.81,6.73,6.79,23272242.0,139931070.0,12800000000.0,0.00181814390625
2016-05-06,6.79,6.82,6.55,6.57,39795280.0,235563783.0,12800000000.0,0.00310900625
2016-05-09,6.55,6.55,6.23,6.27,36137401.0,203988468.0,12800000000.0,0.002823234453125
2016-05-10,6.27,6.42,6.25,6.29,29411717.0,165147791.0,12800000000.0,0.002297790390625
2016-05-11,6.33,6.39,6.22,6.24,19653676.0,109512714.0,12800000000.0,0.0015354434375
2016-05-20,6.41,6.69,6.34,6.36,52976468.0,304832576.0,12800000000.0,0.0041387865625
2016-05-23,6.36,6.5,6.19,6.43,44903142.0,253419372.0,12800000000.0,0.00350805796875
2016-05-24,6.36,6.4,6.25,6.27,24709450.0,138299359.0,12800000000.0,0.00193042578125
2016-05-25,6.29,6.35,6.2,6.23,18904062.0,105119929.0,12800000000.0,0.00147687984375
2016-05-26,6.23,6.25,6.02,6.14,27330356.0,148432747.0,12800000000.0,0.0021351840625
2016-05-27,6.14,6.15,6.07,6.09,16379194.0,88649500.0,12800000000.0,0.00127962453125
2016-05-30,6.06,6.07,5.91,5.99,19842840.0,105713456.0,12800000000.0,0.001550221875
2016-05-31,5.97,6.18,5.97,6.17,38108014.0,207189544.0,12800000000.0,0.00297718859375
2016-06-01,6.16,6.35,6.14,6.18,39531681.0,218751557.0,12800000000.0,0.003088412578125
2016-06-02,6.15,6.24,6.14,6.18,22958350.0,125846921.0,12800000000.0,0.00179362109375
2016-06-03,6.18,6.19,6.15,6.18,24266112.0,132995543.0,12800000000.0,0.00189579
2016-06-06,6.19,6.23,6.13,6.17,22656181.0,124141190.0,12800000000.0,0.001770014140625
2016-06-07,6.18,6.19,6.11,6.14,17047085.0,92827812.0,12800000000.0,0.001331803515625
2016-06-08,6.17,6.17,6.05,6.1,21705313.0,115567662.0,12800000000.0,0.001695727578125
2016-06-13,6.02,6.03,5.72,5.75,35949134.0,186268093.0,12800000000.0,0.00280852609375
2016-06-14,5.75,5.81,5.61,5.66,30465797.0,151611440.0,12800000000.0,0.002380140390625
2016-06-15,5.57,5.75,5.5,5.73,32284667.0,160580018.0,12800000000.0,0.002522239609375
2016-06-16,5.72,5.73,5.63,5.66,27129621.0,134611775.0,12800000000.0,0.002119501640625
2016-06-17,5.67,5.78,5.65,5.67,24845907.0,124081553.0,12800000000.0,0.001941086484375
2016-06-20,5.67,5.69,5.59,5.66,18361512.0,90475678.0,12800000000.0,0.001434493125
2016-06-21,5.72,5.74,5.59,5.63,19025110.0,94265287.0,12800000000.0,0.00148633671875
2016-06-22,5.62,5.64,5.57,5.64,17363494.0,85188148.0,12800000000.0,0.00135652296875
2016-06-23,5.63,5.65,5.57,5.58,20437479.0,100032208.0,12800000000.0,0.001596678046875
2016-06-24,5.59,5.61,5.16,5.42,42396626.0,201343330.0,12800000000.0,0.00331223640625
2016-06-27,5.35,5.48,5.32,5.46,27544209.0,130465250.0,12800000000.0,0.002151891328125
2016-06-28,5.4,5.81,5.39,5.71,58096187.0,284830373.0,12800000000.0,0.004538764609375
2016-06-29,5.71,5.83,5.66,5.73,52665846.0,263925117.0,12800000000.0,0.00411451921875
2016-06-30,5.71,5.72,5.63,5.66,26882605.0,133423028.0,12800000000.0,0.002100203515625
2016-07-01,5.71,5.73,5.64,5.67,19753088.0,98000279.0,12800000000.0,0.00154321
2016-07-04,5.67,5.75,5.63,5.74,37353616.0,186585125.0,12800000000.0,0.00291825125
2016-07-05,5.8,6.01,5.8,5.87,54097830.0,279230167.0,12800000000.0,0.00422639296875
2016-07-06,5.82,5.86,5.78,5.82,32525498.0,165195589.0,12800000000.0,0.00254105453125
2016-07-07,5.81,5.93,5.79,5.85,31275019.0,159832679.0,12800000000.0,0.002443360859375
2016-07-08,5.86,6.02,5.79,5.94,57849981.0,298183566.0,12800000000.0,0.004519529765625
2016-07-11,5.94,6.03,5.89,5.96,60039827.0,312814128.0,12800000000.0,0.004690611484375
2016-07-12,5.95,6.04,5.89,6.03,52971244.0,276229857.0,12800000000.0,0.0041383784375
2016-07-13,6.12,6.17,6.01,6.04,51439977.0,273408111.0,12800000000.0,0.004018748203125
2016-07-14,6.04,6.15,5.97,6.06,37864990.0,200550803.0,12800000000.0,0.00295820234375
2016-07-15,6.03,6.07,5.97,5.97,27178632.0,142524914.0,12800000000.0,0.002123330625
2016-07-18,5.98,5.98,5.87,5.88,25966431.0,134063781.0,12800000000.0,0.002028627421875
2016-07-19,5.88,5.93,5.85,5.9,22954354.0,117912732.0,12800000000.0,0.00179330890625
2016-07-20,5.91,5.93,5.83,5.86,17853633.0,91518026.0,12800000000.0,0.001394815078125
2016-07-21,5.85,5.9,5.85,5.87,19582626.0,100577658.0,12800000000.0,0.00152989265625
2016-07-22,5.87,5.9,5.83,5.85,21689236.0,111303100.0,12800000000.0,0.0016944715625
2016-07-25,5.85,5.86,5.81,5.82,17274588.0,88086943.0,12800000000.0,0.0013495771875
2016-07-26,5.85,5.87,5.82,5.87,17466346.0,89285015.0,12800000000.0,0.00136455828125
2016-07-27,5.88,6.02,5.67,5.9,73664135.0,379085738.0,12800000000.0,0.005755010546875
2016-07-28,5.83,5.88,5.74,5.82,30458134.0,154633683.0,12800000000.0,0.00237954171875
2016-07-29,5.83,5.83,5.72,5.74,20817515.0,105070927.0,12800000000.0,0.001626368359375
2016-08-01,5.74,5.74,5.59,5.61,22981972.0,113225049.0,12800000000.0,0.0017954665625
2016-08-02,5.61,5.64,5.59,5.63,13274384.0,65095889.0,12800000000.0,0.00103706125
2016-08-03,5.63,5.65,5.59,5.62,13499763.0,66347403.0,12800000000.0,0.001054668984375
2016-08-04,5.62,5.65,5.58,5.63,14255760.0,69929620.0,12800000000.0,0.00111373125
2016-08-05,5.61,5.75,5.61,5.67,24448923.0,121884848.0,12800000000.0,0.001910072109375
2016-08-08,5.66,5.69,5.61,5.67,15360766.0,75766221.0,12800000000.0,0.00120005984375
2016-08-09,5.67,5.72,5.65,5.7,19261613.0,95640346.0,12800000000.0,0.001504813515625
2016-08-10,5.69,5.75,5.66,5.67,19235170.0,95793120.0,12800000000.0,0.00150274765625
2016-08-11,5.67,5.69,5.61,5.62,15791965.0,77927888.0,12800000000.0,0.001233747265625
2016-08-12,5.63,5.7,5.61,5.67,16968552.0,83637168.0,12800000000.0,0.001325668125
2016-08-15,5.67,5.81,5.67,5.8,41396419.0,208276203.0,12800000000.0,0.003234095234375
2016-08-16,5.82,5.82,5.78,5.79,25308778.0,128306867.0,12800000000.0,0.00197724828125
2016-08-17,5.79,5.82,5.75,5.78,18492272.0,93526463.0,12800000000.0,0.00144470875
2016-08-18,5.82,6.15,5.8,6.04,113712558.0,593471502.0,12800000000.0,0.00888379359375
2016-08-19,5.98,6.27,5.97,6.11,99356955.0,535405556.0,12800000000.0,0.007762262109375
2016-08-22,6.13,6.17,5.95,5.96,49121972.0,258291357.0,12800000000.0,0.0038376540625
2016-08-23,5.97,6.01,5.9,5.95,28489585.0,148201478.0,12800000000.0,0.002225748828125
2016-08-24,5.96,6.01,5.9,5.94,27377794.0,142107911.0,12800000000.0,0.00213889015625
2016-08-25,5.91,5.93,5.83,5.9,30229206.0,155066885.0,12800000000.0,0.00236165671875
2016-08-26,5.93,5.94,5.86,5.88,21114690.0,108887860.0,12800000000.0,0.00164958515625
2016-08-29,5.88,5.93,5.83,5.9,20439744.0,104877553.0,12800000000.0,0.001596855
2016-08-30,5.89,5.91,5.86,5.86,15514717.0,79753775.0,12800000000.0,0.001212087265625
2016-08-31,5.86,5.88,5.83,5.87,14932670.0,76440203.0,12800000000.0,0.00116661484375
2016-09-01,6.43,6.45,6.09,6.14,145594197.0,793994975.0,12800000000.0,0.011374546640625
2016-09-02,6.03,6.13,5.97,6.11,64525195.0,341200277.0,12800000000.0,0.005041030859375
2016-09-05,6.1,6.11,5.99,6.01,33501774.0,176962412.0,12800000000.0,0.00261732609375
2016-09-06,6.02,6.04,5.9,5.99,34300420.0,178756601.0,12800000000.0,0.0026797203125
2016-09-07,6.02,6.11,5.98,6.05,44031553.0,232703790.0,12800000000.0,0.003439965078125
2016-09-08,6.05,6.06,5.96,6.02,28807572.0,151275022.0,12800000000.0,0.0022505915625
2016-09-09,6.03,6.05,5.95,5.96,29013750.0,151932379.0,12800000000.0,0.00226669921875
2016-09-12,5.9,6.02,5.8,5.99,47204984.0,242852655.0,12800000000.0,0.003687889375
2016-09-13,5.96,6.01,5.91,5.96,18334192.0,95315525.0,12800000000.0,0.00143235875
2016-09-14,5.93,5.95,5.88,5.91,18335816.0,94701416.0,12800000000.0,0.001432485625
2016-09-19,5.91,5.96,5.9,5.93,16462902.0,85200955.0,12800000000.0,0.00128616421875
2016-09-20,5.91,5.93,5.85,5.87,15726145.0,80708911.0,12800000000.0,0.001228605078125
2016-09-21,5.87,5.89,5.85,5.86,12190741.0,62440789.0,12800000000.0,0.000952401640625
2016-09-22,5.89,5.9,5.86,5.88,20389489.0,104823824.0,12800000000.0,0.001592928828125
2016-09-23,5.89,5.89,5.82,5.82,18762903.0,95895301.0,12800000000.0,0.001465851796875
2016-09-26,5.81,5.82,5.7,5.7,25451578.0,127860816.0,12800000000.0,0.00198840453125
2016-09-27,5.67,5.71,5.66,5.71,15507500.0,77125490.0,12800000000.0,0.0012115234375
2016-09-28,5.72,5.72,5.67,5.69,9403856.0,46711831.0,12800000000.0,0.00073467625
2016-09-29,5.67,5.71,5.67,5.7,11624907.0,57817440.0,12800000000.0,0.000908195859375
2016-09-30,5.69,5.7,5.67,5.7,10674590.0,53081062.0,12800000000.0,0.00083395234375
2016-10-10,5.7,5.79,5.7,5.77,17087707.0,85855855.0,12800000000.0,0.001334977109375
2016-10-11,5.77,5.81,5.74,5.78,18101581.0,91405885.0,12800000000.0,0.001414186015625
2016-10-12,5.78,5.85,5.77,5.81,26535331.0,134736064.0,12800000000.0,0.002073072734375
2016-10-13,5.81,5.82,5.77,5.8,17708645.0,89623586.0,12800000000.0,0.001383487890625
2016-10-14,5.79,5.81,5.74,5.8,16347956.0,82475428.0,12800000000.0,0.0012771840625
2016-10-17,5.79,5.85,5.77,5.8,24059830.0,122196808.0,12800000000.0,0.00187967421875
2016-10-18,5.78,5.89,5.77,5.87,32799264.0,167235708.0,12800000000.0,0.0025624425
2016-10-19,5.88,5.89,5.81,5.85,30223982.0,154764672.0,12800000000.0,0.00236124859375
2016-10-20,5.83,5.87,5.81,5.83,19507010.0,99521262.0,12800000000.0,0.00152398515625
2016-10-21,5.82,5.93,5.8,5.89,52733718.0,270648104.0,12800000000.0,0.00411982171875
2016-10-24,5.87,6.02,5.87,5.96,56490974.0,293896531.0,12800000000.0,0.00441335734375
2016-10-25,5.96,5.98,5.93,5.94,28439729.0,147825278.0,12800000000.0,0.002221853828125
2016-10-26,5.94,5.95,5.9,5.94,23667207.0,122589481.0,12800000000.0,0.001849000546875
2016-10-27,5.93,5.94,5.89,5.91,17495019.0,90293949.0,12800000000.0,0.001366798359375
2016-10-28,5.9,6.1,5.89,5.98,60616213.0,318315864.0,12800000000.0,0.004735641640625
2016-10-31,6.09,6.09,5.83,5.85,60781688.0,313898406.0,12800000000.0,0.004748569375
2016-11-01,5.79,5.86,5.79,5.82,34024239.0,173036770.0,12800000000.0,0.002658143671875
2016-11-02,5.83,5.83,5.75,5.78,23645910.0,119709723.0,12800000000.0,0.00184733671875
2016-11-03,5.75,5.83,5.75,5.8,20434112.0,103552526.0,12800000000.0,0.001596415
2016-11-04,5.8,5.82,5.77,5.79,16413601.0,83026197.0,12800000000.0,0.001282312578125
2016-11-07,5.79,5.8,5.75,5.79,14050873.0,70927629.0,12800000000.0,0.001097724453125
2016-11-08,5.8,5.81,5.77,5.8,18366133.0,92956866.0,12800000000.0,0.001434854140625
2016-11-09,5.81,5.98,5.79,5.83,84898910.0,434771758.0,12800000000.0,0.00663272734375
2016-11-10,5.86,5.88,5.78,5.87,86944045.0,443495059.0,12800000000.0,0.006792503515625
2016-11-11,5.86,5.97,5.82,5.96,109439028.0,566380498.0,12800000000.0,0.0085499240625
2016-11-14,5.94,6.23,5.93,6.14,156776852.0,833864269.0,12800000000.0,0.0122481915625
2016-11-15,6.26,6.38,6.12,6.19,140775091.0,767691398.0,12800000000.0,0.010998053984375
2016-11-16,6.18,6.35,6.12,6.28,134578397.0,736569801.0,12800000000.0,0.010513937265625
2016-11-17,6.31,6.37,6.19,6.22,93738380.0,513292617.0,12800000000.0,0.0073233109375
2016-11-18,6.2,6.21,6.03,6.06,68958078.0,367931663.0,12800000000.0,0.00538734984375
2016-11-21,6.06,6.11,6.04,6.07,42892820.0,227922516.0,12800000000.0,0.0033510015625
2016-11-22,6.09,6.11,6.04,6.09,40168368.0,213321056.0,12800000000.0,0.00313815375
2016-11-23,6.09,6.11,6.01,6.02,45479615.0,240760872.0,12800000000.0,0.003553094921875
2016-11-24,6.02,6.09,6.01,6.04,36071007.0,190681701.0,12800000000.0,0.002818047421875
2016-11-25,6.04,6.06,5.94,6.06,44786852.0,234699409.0,12800000000.0,0.0034989728125
2016-11-28,6.06,6.15,6.03,6.12,59751524.0,319352555.0,12800000000.0,0.0046680878125
2016-11-29,6.11,6.17,6.05,6.14,69896605.0,373733688.0,12800000000.0,0.005460672265625
2016-11-30,6.13,6.13,6.01,6.04,39088853.0,207184435.0,12800000000.0,0.003053816640625
2016-12-01,6.03,6.09,6.03,6.07,32408319.0,171699574.0,12800000000.0,0.002531899921875
2016-12-02,6.06,6.07,5.94,5.97,51399182.0,269492372.0,12800000000.0,0.00401556109375
2016-12-05,5.95,6.02,5.91,5.96,42683136.0,222892702.0,12800000000.0,0.00333462
2016-12-06,5.96,5.98,5.91,5.93,28699411.0,149092221.0,12800000000.0,0.002242141484375
2016-12-07,5.93,5.95,5.88,5.93,29515678.0,152825866.0,12800000000.0,0.00230591234375
2016-12-08,5.94,5.98,5.91,5.93,29978730.0,155787410.0,12800000000.0,0.00234208828125
2016-12-09,5.91,5.95,5.89,5.91,22649818.0,117252111.0,12800000000.0,0.00176951703125
2016-12-12,5.93,5.93,5.75,5.81,58438700.0,296997502.0,12800000000.0,0.0045655234375
2016-12-13,5.78,5.81,5.74,5.79,21655721.0,109250186.0,12800000000.0,0.001691853203125
2016-12-14,5.79,5.79,5.71,5.73,28830237.0,144814280.0,12800000000.0,0.002252362265625
2016-12-15,5.71,5.77,5.7,5.73,21100355.0,105792153.0,12800000000.0,0.001648465234375
2016-12-16,5.73,5.78,5.72,5.77,21954178.0,110283696.0,12800000000.0,0.00171517015625
2016-12-19,5.78,5.8,5.74,5.78,16870802.0,85114525.0,12800000000.0,0.00131803140625
2016-12-20,5.8,5.85,5.77,5.8,37689383.0,191142597.0,12800000000.0,0.002944483046875
2016-12-21,5.81,5.94,5.78,5.93,56045545.0,286024457.0,12800000000.0,0.004378558203125
2016-12-22,5.89,5.9,5.81,5.85,32767520.0,167723605.0,12800000000.0,0.0025599625
2016-12-23,5.83,5.85,5.77,5.78,27350790.0,138476054.0,12800000000.0,0.00213678046875
2016-12-26,5.77,5.85,5.73,5.82,20528736.0,103663606.0,12800000000.0,0.0016038075
2016-12-27,5.81,5.81,5.78,5.8,14316034.0,72537302.0,12800000000.0,0.00111844015625
2016-12-28,5.8,5.8,5.72,5.75,20818900.0,104684391.0,12800000000.0,0.0016264765625
2016-12-29,5.73,5.78,5.72,5.75,14549619.0,73124406.0,12800000000.0,0.001136688984375
2016-12-30,5.77,5.8,5.74,5.79,14972961.0,75450582.0,12800000000.0,0.001169762578125
2017-01-03,5.8,5.81,5.78,5.8,15249056.0,77289250.0,12800000000.0,0.0011913325
2017-01-04,5.8,5.95,5.79,5.93,62949200.0,323865706.0,12800000000.0,0.00491790625
2017-01-05,5.93,5.99,5.89,5.91,57132762.0,296836393.0,12800000000.0,0.00446349703125
2017-01-06,5.93,5.93,5.86,5.87,28600081.0,146983256.0,12800000000.0,0.002234381328125
2017-01-09,5.87,5.91,5.83,5.88,18913794.0,97198145.0,12800000000.0,0.00147764015625
2017-01-10,5.88,5.93,5.86,5.89,24156566.0,124354132.0,12800000000.0,0.00188723171875
2017-01-11,5.89,5.89,5.82,5.82,21009857.0,107486085.0,12800000000.0,0.001641395078125
2017-01-12,5.82,5.86,5.79,5.8,17086212.0,86870981.0,12800000000.0,0.0013348603125
2017-01-13,5.83,5.86,5.8,5.85,22392260.0,114116845.0,12800000000.0,0.0017493953125
2017-01-16,5.83,5.96,5.75,5.95,84440801.0,433035956.0,12800000000.0,0.006596937578125
2017-01-17,5.87,5.97,5.87,5.94,33658197.0,174433884.0,12800000000.0,0.002629546640625
2017-01-18,5.93,6.01,5.9,5.94,30787751.0,160276390.0,12800000000.0,0.002405293046875
2017-01-19,5.91,5.93,5.85,5.87,20058168.0,103092403.0,12800000000.0,0.001567044375
2017-01-20,5.87,5.93,5.86,5.9,17692394.0,91211632.0,12800000000.0,0.00138221828125
2017-01-23,5.91,5.95,5.89,5.94,24069368.0,124700490.0,12800000000.0,0.001880419375
2017-01-24,5.95,5.96,5.91,5.91,17847502.0,92487337.0,12800000000.0,0.00139433609375
2017-01-25,5.9,5.91,5.88,5.9,15270353.0,78729592.0,12800000000.0,0.001192996328125
2017-01-26,5.9,5.93,5.9,5.91,14342650.0,74137871.0,12800000000.0,0.00112051953125
2017-02-03,5.91,5.93,5.89,5.93,11721573.0,60579706.0,12800000000.0,0.000915747890625
2017-02-06,5.93,5.95,5.89,5.94,21643750.0,112057925.0,12800000000.0,0.00169091796875
2017-02-07,5.94,5.95,5.9,5.94,21509450.0,111433128.0,12800000000.0,0.00168042578125
2017-02-08,5.93,5.94,5.88,5.93,20188006.0,104240325.0,12800000000.0,0.00157718796875
2017-02-09,5.93,5.98,5.91,5.97,39342429.0,204803870.0,12800000000.0,0.003073627265625
2017-02-10,5.98,6.17,5.96,6.06,83145980.0,441766759.0,12800000000.0,0.0064957796875
2017-02-13,6.07,6.11,6.03,6.06,41114272.0,217906654.0,12800000000.0,0.0032120525
2017-02-14,6.06,6.14,6.05,6.11,50959805.0,271725655.0,12800000000.0,0.003981234765625
2017-02-15,6.11,6.27,6.07,6.15,96211189.0,519608855.0,12800000000.0,0.007516499140625
2017-02-16,6.11,6.26,6.11,6.21,61923077.0,334857823.0,12800000000.0,0.004837740390625
2017-02-17,6.21,6.33,6.11,6.12,76251419.0,413666010.0,12800000000.0,0.005957142109375
2017-02-20,6.14,6.25,6.14,6.21,51882141.0,280851168.0,12800000000.0,0.004053292265625
2017-02-21,6.22,6.25,6.18,6.22,38840294.0,210829813.0,12800000000.0,0.00303439796875
2017-02-22,6.23,6.23,6.15,6.18,36927615.0,199576272.0,12800000000.0,0.002884969921875
2017-02-23,6.18,6.18,6.1,6.12,40853049.0,218833104.0,12800000000.0,0.003191644453125
2017-02-24,6.11,6.17,6.07,6.15,31331956.0,167773470.0,12800000000.0,0.0024478090625
2017-02-27,6.13,6.15,6.09,6.12,26247682.0,140261696.0,12800000000.0,0.00205060015625
2017-02-28,6.13,6.13,6.07,6.12,16584539.0,88459220.0,12800000000.0,0.001295667109375
2017-03-01,6.11,6.13,6.1,6.11,21333637.0,114026018.0,12800000000.0,0.001666690390625
2017-03-02,6.11,6.19,6.09,6.1,32863456.0,176312123.0,12800000000.0,0.0025674575
2017-03-03,6.07,6.11,6.04,6.11,25966843.0,137642922.0,12800000000.0,0.002028659609375
2017-03-06,6.11,6.17,6.07,6.13,21680857.0,116135300.0,12800000000.0,0.001693816953125
2017-03-07,6.13,6.21,6.12,6.15,34103068.0,183709067.0,12800000000.0,0.0026643021875
2017-03-08,6.17,6.17,6.06,6.1,24545236.0,131075094.0,12800000000.0,0.0019175965625
2017-03-09,6.11,6.11,6.02,6.1,23597613.0,124959825.0,12800000000.0,0.001843563515625
2017-03-10,6.09,6.09,6.03,6.05,14396403.0,76195981.0,12800000000.0,0.001124718984375
2017-03-13,6.03,6.07,5.99,6.05,19687096.0,103920634.0,12800000000.0,0.001538054375
2017-03-14,6.05,6.09,6.04,6.06,20040461.0,106213081.0,12800000000.0,0.001565661015625
2017-03-15,6.05,6.06,6.02,6.05,16243324.0,85729872.0,12800000000.0,0.0012690096875
2017-03-16,6.06,6.12,6.04,6.11,26957653.0,143758591.0,12800000000.0,0.002106066640625
2017-03-17,6.12,6.12,6.02,6.04,22628927.0,120127321.0,12800000000.0,0.001767884921875
2017-03-20,6.04,6.06,5.99,6.05,17836448.0,93962891.0,12800000000.0,0.0013934725
2017-03-21,6.04,6.13,6.02,6.11,32756144.0,174443595.0,12800000000.0,0.00255907375
2017-03-22,6.05,6.2,6.03,6.14,50741369.0,272422930.0,12800000000.0,0.003964169453125
2017-03-23,6.15,6.17,6.02,6.09,37159494.0,197812777.0,12800000000.0,0.00290308546875
2017-03-24,6.06,6.28,6.05,6.22,106460797.0,577771524.0,12800000000.0,0.008317249765625
2017-03-27,6.23,6.47,6.23,6.43,143324494.0,799587322.0,12800000000.0,0.01119722609375
2017-03-28,6.39,6.41,6.27,6.34,72534905.0,401637404.0,12800000000.0,0.005666789453125
2017-03-29,6.36,6.94,6.35,6.73,254131892.0,1486900799.0,12800000000.0,0.0198540540625
2017-03-30,6.68,7.0,6.53,6.6,229215704.0,1353954537.0,12800000000.0,0.017907476875
2017-03-31,6.53,6.54,6.19,6.28,122549879.0,675357310.0,12800000000.0,0.009574209296875
2017-04-05,6.27,6.41,6.27,6.36,68571615.0,380344066.0,12800000000.0,0.005357157421875
2017-04-06,6.35,6.69,6.3,6.55,126270932.0,721143299.0,12800000000.0,0.0098649165625
2017-04-07,6.51,6.53,6.42,6.45,61304563.0,346227007.0,12800000000.0,0.004789418984375
2017-04-10,6.47,6.65,6.43,6.51,78318374.0,448722126.0,12800000000.0,0.00611862296875
2017-04-11,6.5,6.81,6.47,6.73,146380876.0,857187117.0,12800000000.0,0.0114360059375
2017-04-12,6.72,6.91,6.65,6.72,121625201.0,720821467.0,12800000000.0,0.009501968828125
2017-04-13,6.66,6.85,6.59,6.73,85915543.0,503518053.0,12800000000.0,0.006712151796875
2017-04-14,6.69,6.73,6.47,6.57,70295152.0,403771455.0,12800000000.0,0.00549180875
2017-04-17,6.5,6.65,6.41,6.61,51856726.0,297459038.0,12800000000.0,0.00405130671875
2017-04-18,6.58,6.67,6.47,6.49,45176020.0,260244568.0,12800000000.0,0.0035293765625
2017-04-19,6.42,6.5,6.3,6.44,55471668.0,309386343.0,12800000000.0,0.0043337240625
2017-04-20,6.46,6.58,6.38,6.46,51752000.0,293523922.0,12800000000.0,0.004043125
2017-04-21,6.46,6.52,6.35,6.47,41578501.0,233677634.0,12800000000.0,0.003248320390625
2017-04-24,6.47,6.52,6.25,6.51,54598635.0,303536157.0,12800000000.0,0.004265518359375
2017-04-25,6.45,6.51,6.41,6.43,29644844.0,167474903.0,12800000000.0,0.0023160034375
2017-04-26,6.43,6.44,6.3,6.31,31386544.0,174179839.0,12800000000.0,0.00245207375
2017-04-27,6.3,6.49,6.23,6.44,54351150.0,303780862.0,12800000000.0,0.00424618359375
2017-04-28,6.41,6.46,6.36,6.44,28574928.0,160248113.0,12800000000.0,0.00223241625
2017-05-02,6.46,6.6,6.42,6.51,35405146.0,201834396.0,12800000000.0,0.00276602703125
2017-05-03,6.51,6.6,6.43,6.45,52518242.0,298704793.0,12800000000.0,0.00410298765625
2017-05-04,6.46,6.47,6.29,6.41,41797029.0,232757686.0,12800000000.0,0.003265392890625
2017-05-05,6.37,6.43,6.31,6.42,42985191.0,239540502.0,12800000000.0,0.003358218046875
2017-05-08,6.41,6.45,6.18,6.44,85230360.0,474177182.0,12800000000.0,0.006658621875
2017-05-09,6.38,6.39,6.29,6.35,30623397.0,169792965.0,12800000000.0,0.002392452890625
2017-05-10,6.33,6.36,6.09,6.21,40550394.0,221276561.0,12800000000.0,0.00316799953125
2017-05-11,6.12,6.36,6.09,6.28,63461672.0,346614791.0,12800000000.0,0.004957943125
2017-05-12,6.28,6.42,6.22,6.31,38936977.0,215498130.0,12800000000.0,0.003041951328125
2017-05-15,6.38,6.39,6.23,6.26,31092321.0,171507936.0,12800000000.0,0.002429087578125
2017-05-16,6.26,6.27,6.13,6.27,31859927.0,172449226.0,12800000000.0,0.002489056796875
2017-05-17,6.2,6.31,6.2,6.26,31811256.0,174111830.0,12800000000.0,0.002485254375
2017-05-18,6.2,6.29,6.19,6.27,25081163.0,136920691.0,12800000000.0,0.001959465859375
2017-05-19,6.27,6.28,6.2,6.26,15773180.0,85992209.0,12800000000.0,0.0012322796875
2017-05-22,6.27,6.29,6.12,6.28,30954915.0,168060778.0,12800000000.0,0.002418352734375
2017-05-23,6.25,6.29,6.15,6.28,42267824.0,230995264.0,12800000000.0,0.00330217375
2017-05-24,6.25,6.31,6.18,6.3,24369415.0,133242873.0,12800000000.0,0.001903860546875
2017-05-25,6.28,6.34,6.23,6.33,23720509.0,130605638.0,12800000000.0,0.001853164765625
2017-05-26,6.35,6.41,6.33,6.38,26595162.0,148147481.0,12800000000.0,0.00207774703125
2017-05-31,6.41,6.49,6.38,6.47,36644404.0,206116903.0,12800000000.0,0.0028628440625
2017-06-01,6.47,6.55,6.38,6.53,61610360.0,349805725.0,12800000000.0,0.004813309375
2017-06-02,6.51,6.55,6.46,6.52,28315397.0,161349105.0,12800000000.0,0.002212140390625
2017-06-05,6.51,6.51,6.43,6.43,22650052.0,127967293.0,12800000000.0,0.0017695353125
2017-06-06,6.44,6.47,6.43,6.46,13493542.0,76108144.0,12800000000.0,0.00105418296875
2017-06-07,6.44,6.54,6.43,6.53,30906915.0,175496694.0,12800000000.0,0.002414602734375
2017-06-08,6.5,6.59,6.47,6.55,29920299.0,171103885.0,12800000000.0,0.002337523359375
2017-06-09,6.57,6.57,6.46,6.49,23777401.0,134966575.0,12800000000.0,0.001857609453125
2017-06-12,6.49,6.49,6.41,6.46,20228376.0,114034615.0,12800000000.0,0.001580341875
2017-06-13,6.46,6.49,6.42,6.47,17200002.0,96985462.0,12800000000.0,0.00134375015625
2017-06-14,6.51,6.68,6.47,6.49,36262726.0,208164357.0,12800000000.0,0.00283302546875
2017-06-15,6.46,6.47,6.41,6.44,24102060.0,135560847.0,12800000000.0,0.0018829734375
2017-06-16,6.45,6.46,6.3,6.33,25105552.0,137929050.0,12800000000.0,0.00196137125
2017-06-19,6.32,6.4,6.31,6.36,13388847.0,73507827.0,12800000000.0,0.001046003671875
2017-06-20,6.37,6.4,6.35,6.37,14203285.0,78116699.0,12800000000.0,0.001109631640625
2017-06-21,6.41,6.43,6.35,6.37,12929092.0,71236025.0,12800000000.0,0.0010100853125
2017-06-22,6.37,6.47,6.35,6.39,27644587.0,152998490.0,12800000000.0,0.002159733359375
2017-06-23,6.36,6.43,6.31,6.41,18633846.0,102693383.0,12800000000.0,0.00145576921875
2017-06-26,6.4,6.52,6.4,6.51,24713946.0,138035477.0,12800000000.0,0.00193077703125
2017-06-27,6.52,6.62,6.51,6.55,34097940.0,193370659.0,12800000000.0,0.0026639015625
2017-06-28,6.57,6.58,6.48,6.52,17174914.0,96756168.0,12800000000.0,0.00134179015625
2017-06-29,6.53,6.55,6.46,6.48,15190194.0,85252732.0,12800000000.0,0.00118673390625
2017-06-30,6.46,6.54,6.44,6.54,20741939.0,116336344.0,12800000000.0,0.001620463984375
2017-07-03,6.54,6.57,6.48,6.54,16158902.0,91074636.0,12800000000.0,0.00126241421875
2017-07-04,6.53,6.54,6.45,6.47,14766002.0,82774318.0,12800000000.0,0.00115359390625
2017-07-05,6.46,6.48,6.4,6.48,13365267.0,74358112.0,12800000000.0,0.001044161484375
2017-07-06,6.47,6.6,6.41,6.52,28941701.0,162931070.0,12800000000.0,0.002261070390625
2017-07-07,6.5,6.54,6.45,6.51,20843068.0,117115741.0,12800000000.0,0.0016283646875
2017-07-10,6.51,6.52,6.46,6.5,12963383.0,72778712.0,12800000000.0,0.001012764296875
2017-07-11,6.51,6.54,6.48,6.48,19233861.0,108254506.0,12800000000.0,0.001502645390625
2017-07-12,6.48,6.5,6.36,6.39,23473775.0,129821171.0,12800000000.0,0.001833888671875
2017-07-13,6.4,6.48,6.38,6.47,19886744.0,110416448.0,12800000000.0,0.001553651875
2017-07-14,6.6,6.75,6.47,6.54,77100222.0,439916329.0,12800000000.0,0.00602345484375
2017-07-17,6.51,6.55,5.91,6.54,57951327.0,320052668.0,12800000000.0,0.004527447421875
2017-07-18,6.48,6.6,6.44,6.58,41575830.0,234921662.0,12800000000.0,0.00324811171875
2017-07-19,6.57,6.75,6.53,6.7,76545437.0,441229091.0,12800000000.0,0.005980112265625
2017-07-20,6.73,6.76,6.62,6.65,51519041.0,297284580.0,12800000000.0,0.004024925078125
2017-07-21,6.63,6.72,6.59,6.63,34066379.0,195707091.0,12800000000.0,0.002661435859375
2017-07-24,6.6,6.81,6.59,6.74,63527697.0,369526253.0,12800000000.0,0.004963101328125
2017-07-25,6.84,7.36,6.84,7.09,143949678.0,882783215.0,12800000000.0,0.01124606859375
2017-07-26,7.06,7.32,7.01,7.18,124148641.0,767084967.0,12800000000.0,0.009699112578125
2017-07-27,7.06,7.9,7.03,7.86,281692460.0,1854280544.0,12800000000.0,0.0220072234375
2017-07-28,7.64,7.8,7.56,7.72,153182340.0,1015441208.0,12800000000.0,0.0119673703125
2017-07-31,7.64,7.69,7.47,7.54,167505134.0,1092598401.0,12800000000.0,0.01308633859375
2017-08-01,7.57,7.69,7.35,7.46,128298357.0,831646892.0,12800000000.0,0.010023309140625
2017-08-02,7.42,7.58,7.33,7.57,123722644.0,798237547.0,12800000000.0,0.0096658315625
2017-08-03,7.54,7.61,7.39,7.49,91977208.0,593840085.0,12800000000.0,0.007185719375
2017-08-04,7.46,7.52,7.09,7.12,104145825.0,659953476.0,12800000000.0,0.008136392578125
2017-08-07,7.14,7.21,7.06,7.17,54385784.0,335856728.0,12800000000.0,0.004248889375
2017-08-08,7.19,7.35,7.14,7.23,59820491.0,373982058.0,12800000000.0,0.004673475859375
2017-08-09,7.21,7.21,7.09,7.11,45946842.0,282753648.0,12800000000.0,0.00358959703125
2017-08-10,7.08,7.17,6.95,7.14,66372940.0,405174726.0,12800000000.0,0.0051853859375
2017-08-11,7.09,7.17,6.92,7.14,68014072.0,414087278.0,12800000000.0,0.005313599375
2017-08-14,7.14,7.24,7.08,7.09,59585095.0,368163658.0,12800000000.0,0.004655085546875
2017-08-15,7.04,7.08,6.99,7.04,38823359.0,235575260.0,12800000000.0,0.003033074921875
2017-08-16,7.05,7.06,6.97,7.04,27721381.0,167961906.0,12800000000.0,0.002165732890625
2017-08-17,7.03,7.1,7.01,7.09,34364446.0,209593272.0,12800000000.0,0.00268472234375
2017-08-18,7.04,7.17,7.02,7.12,41682402.0,255908394.0,12800000000.0,0.00325643765625
2017-08-21,7.12,7.2,7.1,7.14,27970595.0,172482382.0,12800000000.0,0.002185202734375
2017-08-22,7.18,7.18,6.98,6.98,37624842.0,229343996.0,12800000000.0,0.00293944078125
2017-08-23,7.01,7.03,6.86,6.88,37581801.0,224540954.0,12800000000.0,0.002936078203125
2017-08-24,6.88,6.97,6.81,6.87,24887731.0,147728364.0,12800000000.0,0.001944353984375
2017-08-25,6.86,6.95,6.84,6.94,24494014.0,146232779.0,12800000000.0,0.00191359484375
2017-08-28,6.95,7.01,6.89,6.92,55526251.0,332851770.0,12800000000.0,0.004337988359375
2017-08-29,6.95,6.98,6.92,6.97,29348675.0,176274291.0,12800000000.0,0.002292865234375
2017-08-30,7.01,7.05,6.86,6.88,50028800.0,300709289.0,12800000000.0,0.0039085
2017-08-31,6.95,6.99,6.9,6.96,32031092.0,192091353.0,12800000000.0,0.0025024290625
2017-09-01,6.97,6.99,6.83,6.89,53014234.0,315551699.0,12800000000.0,0.00414173703125
2017-09-04,6.88,6.94,6.84,6.9,27051361.0,160869266.0,12800000000.0,0.002113387578125
2017-09-05,6.91,7.04,6.91,7.03,59996991.0,362114364.0,12800000000.0,0.004687264921875
2017-09-06,7.02,7.04,6.96,7.02,35581267.0,214898699.0,12800000000.0,0.002779786484375
2017-09-07,7.01,7.08,6.96,7.02,40063442.0,242710907.0,12800000000.0,0.00312995640625
2017-09-08,7.02,7.04,6.94,6.95,30622100.0,184672592.0,12800000000.0,0.0023923515625
2017-09-11,6.94,6.97,6.87,6.91,30219356.0,180587810.0,12800000000.0,0.0023608871875
2017-09-12,6.9,6.94,6.77,6.79,46975738.0,277740906.0,12800000000.0,0.00366997953125
2017-09-13,6.79,6.81,6.74,6.8,21327499.0,124677746.0,12800000000.0,0.001666210859375
2017-09-14,6.79,7.13,6.75,7.01,85299305.0,515435679.0,12800000000.0,0.006664008203125
2017-09-15,6.9,6.98,6.84,6.89,40358691.0,240513442.0,12800000000.0,0.003153022734375
2017-09-18,6.89,6.97,6.82,6.92,37248302.0,221677018.0,12800000000.0,0.00291002359375
2017-09-19,6.95,6.97,6.86,6.9,23762203.0,141454011.0,12800000000.0,0.001856422109375
2017-09-20,6.89,6.91,6.83,6.84,26341977.0,156105509.0,12800000000.0,0.002057966953125
2017-09-21,6.84,6.86,6.77,6.79,22109410.0,130151128.0,12800000000.0,0.00172729765625
2017-09-22,6.81,6.86,6.76,6.84,20409576.0,119899727.0,12800000000.0,0.001594498125
2017-09-25,6.83,6.94,6.75,6.9,35377200.0,209671002.0,12800000000.0,0.00276384375
2017-09-26,6.91,6.91,6.83,6.89,13278100.0,78777335.0,12800000000.0,0.0010373515625
2017-09-27,6.87,6.92,6.86,6.89,13762400.0,81884693.0,12800000000.0,0.0010751875
2017-09-28,6.88,6.9,6.81,6.84,19079200.0,112713201.0,12800000000.0,0.0014905625
2017-09-29,6.84,6.86,6.8,6.8,12639540.0,74510229.0,12800000000.0,0.0009874640625
2017-10-09,6.84,6.88,6.81,6.83,14616439.0,86285449.0,12800000000.0,0.001141909296875
2017-10-10,6.84,6.91,6.8,6.89,20875275.0,123773991.0,12800000000.0,0.001630880859375
2017-10-11,6.92,6.97,6.87,6.94,31035631.0,185724925.0,12800000000.0,0.002424658671875
2017-10-12,6.92,6.92,6.86,6.87,21446860.0,127621492.0,12800000000.0,0.0016755359375
2017-10-13,6.88,6.89,6.83,6.86,14900400.0,88181135.0,12800000000.0,0.00116409375
2017-10-16,6.86,6.92,6.84,6.84,23044100.0,136982391.0,12800000000.0,0.0018003203125
2017-10-17,6.83,6.88,6.82,6.86,13799046.0,81603107.0,12800000000.0,0.00107805046875
2017-10-18,6.84,6.95,6.82,6.94,42948594.0,256055690.0,12800000000.0,0.00335535890625
2017-10-19,6.95,6.98,6.87,6.97,46510576.0,278221384.0,12800000000.0,0.00363363875
2017-10-20,7.18,7.33,7.12,7.23,123240687.0,767669788.0,12800000000.0,0.009628178671875
2017-10-23,7.18,7.19,7.02,7.03,64419675.0,393441047.0,12800000000.0,0.005032787109375
2017-10-24,6.99,7.13,6.91,7.11,64587905.0,392024038.0,12800000000.0,0.005045930078125
2017-10-25,7.06,7.18,7.04,7.06,43280091.0,265583027.0,12800000000.0,0.003381257109375
2017-10-26,7.01,7.33,6.96,7.12,99698386.0,614403192.0,12800000000.0,0.00778893640625
2017-10-27,7.11,7.32,7.04,7.27,124404694.0,779225228.0,12800000000.0,0.00971911671875
2017-10-30,7.3,7.35,7.12,7.32,104743050.0,653500276.0,12800000000.0,0.00818305078125
2017-10-31,7.26,7.53,7.23,7.4,127188384.0,810911111.0,12800000000.0,0.0099365925
2017-11-01,7.38,7.41,7.18,7.2,101386164.0,636517743.0,12800000000.0,0.0079207940625
2017-11-02,7.26,7.41,7.19,7.24,79051921.0,498035390.0,12800000000.0,0.006175931328125
2017-11-03,7.16,7.16,6.96,7.12,91214415.0,556056113.0,12800000000.0,0.007126126171875
2017-11-06,7.06,7.1,6.98,7.03,43302401.0,262711484.0,12800000000.0,0.003383000078125
2017-11-07,7.04,7.1,6.96,7.02,56928765.0,345764907.0,12800000000.0,0.004447559765625
2017-11-08,7.01,7.05,6.97,6.99,44380177.0,268358599.0,12800000000.0,0.003467201328125
2017-11-09,6.98,6.99,6.91,6.98,34374100.0,206354501.0,12800000000.0,0.0026854765625
2017-11-10,6.98,7.01,6.94,6.95,34680082.0,208745646.0,12800000000.0,0.00270938140625
2017-11-13,7.06,7.12,6.96,6.99,71177598.0,432584625.0,12800000000.0,0.00556074984375
2017-11-14,6.97,7.05,6.94,7.03,47068983.0,284521973.0,12800000000.0,0.003677264296875
2017-11-15,6.99,7.04,6.95,6.99,36214803.0,218508932.0,12800000000.0,0.002829281484375
2017-11-16,6.97,6.97,6.62,6.63,87966100.0,515282386.0,12800000000.0,0.0068723515625
2017-11-17,6.59,6.83,6.51,6.81,86979645.0,503097464.0,12800000000.0,0.006795284765625
2017-11-20,6.75,6.81,6.67,6.76,26504698.0,154366593.0,12800000000.0,0.00207067953125
2017-11-21,6.75,6.77,6.66,6.67,24851211.0,143654157.0,12800000000.0,0.001941500859375
2017-11-22,6.67,6.7,6.6,6.63,20145700.0,115702416.0,12800000000.0,0.0015738828125
2017-11-23,6.63,6.68,6.52,6.59,22641855.0,129068199.0,12800000000.0,0.001768894921875
2017-11-24,6.54,6.61,6.36,6.6,33722184.0,189109859.0,12800000000.0,0.002634545625
2017-11-27,6.54,6.65,6.52,6.61,19521671.0,111184612.0,12800000000.0,0.001525130546875
2017-11-28,6.6,6.62,6.54,6.6,11908726.0,67683933.0,12800000000.0,0.00093036921875
2017-11-29,6.6,6.66,6.55,6.59,12926501.0,73586775.0,12800000000.0,0.001009882890625
2017-11-30,6.66,6.68,6.6,6.61,14856750.0,85189879.0,12800000000.0,0.00116068359375
2017-12-01,6.6,6.65,6.54,6.62,12255505.0,69946537.0,12800000000.0,0.000957461328125
2017-12-04,6.69,6.76,6.61,6.63,25235490.0,145745772.0,12800000000.0,0.00197152265625
2017-12-05,6.63,6.83,6.6,6.79,72990803.0,424981467.0,12800000000.0,0.005702406484375
2017-12-06,6.75,6.8,6.68,6.73,23417601.0,136051493.0,12800000000.0,0.001829500078125
2017-12-07,6.72,6.73,6.63,6.7,17553660.0,101203081.0,12800000000.0,0.0013713796875
2017-12-08,6.67,6.69,6.62,6.65,15416956.0,88596872.0,12800000000.0,0.0012044496875
2017-12-11,6.68,6.72,6.62,6.66,17623529.0,101352333.0,12800000000.0,0.001376838203125
2017-12-12,6.63,6.66,6.58,6.59,14573670.0,83178086.0,12800000000.0,0.00113856796875
2017-12-13,6.61,6.65,6.55,6.59,9158133.0,52118330.0,12800000000.0,0.000715479140625
2017-12-14,6.57,6.61,6.52,6.54,13667479.0,77326705.0,12800000000.0,0.001067771796875
2017-12-15,6.52,6.53,6.41,6.46,17239031.0,96191843.0,12800000000.0,0.001346799296875
2017-12-18,6.43,6.46,6.39,6.46,11781700.0,65402172.0,12800000000.0,0.0009204453125
2017-12-19,6.45,6.46,6.4,6.41,11495550.0,63876884.0,12800000000.0,0.00089808984375
2017-12-20,6.44,6.44,6.29,6.43,22502211.0,123914687.0,12800000000.0,0.001757985234375
2017-12-21,6.39,6.4,6.31,6.33,15985600.0,87707091.0,12800000000.0,0.001248875
2017-12-22,6.32,6.32,6.23,6.23,17330248.0,93825626.0,12800000000.0,0.001353925625
2017-12-25,6.23,6.24,5.99,6.08,32231156.0,169229156.0,12800000000.0,0.0025180590625
2017-12-26,6.03,6.23,6.03,6.11,12454720.0,65944716.0,12800000000.0,0.000973025
2017-12-27,6.16,6.16,6.01,6.06,14664402.0,76818156.0,12800000000.0,0.00114565640625
2017-12-28,6.07,6.1,6.03,6.07,12693348.0,66558279.0,12800000000.0,0.0009916678125
2017-12-29,6.07,6.17,6.04,6.15,13781805.0,72855743.0,12800000000.0,0.001076703515625
2018-01-02,6.15,6.19,6.13,6.18,12057799.0,64226444.0,12800000000.0,0.000942015546875
2018-01-03,6.18,6.29,6.17,6.25,16925361.0,91416531.0,12800000000.0,0.001322293828125
2018-01-04,6.31,6.36,6.24,6.35,25887831.0,140895447.0,12800000000.0,0.002022486796875
2018-01-05,6.35,6.35,6.26,6.3,15714395.0,85480594.0,12800000000.0,0.001227687109375
2018-01-08,6.29,6.36,6.25,6.32,14635650.0,79795023.0,12800000000.0,0.00114341015625
2018-01-09,6.29,6.32,6.23,6.24,14561600.0,78831853.0,12800000000.0,0.001137625
2018-01-10,6.23,6.32,6.19,6.28,16648446.0,89908196.0,12800000000.0,0.00130065984375
2018-01-11,6.28,6.3,6.24,6.28,10839214.0,58684918.0,12800000000.0,0.00084681359375
2018-01-12,6.24,6.29,6.23,6.25,9748600.0,52739002.0,12800000000.0,0.000761609375
2018-01-15,6.26,6.28,6.18,6.18,16082302.0,86659030.0,12800000000.0,0.00125642984375
2018-01-16,6.21,6.24,6.17,6.22,9888180.0,52988087.0,12800000000.0,0.0007725140625
2018-01-17,6.19,6.3,6.14,6.26,17383389.0,93652986.0,12800000000.0,0.001358077265625
2018-01-18,6.25,6.28,6.19,6.21,12094408.0,65039590.0,12800000000.0,0.000944875625
2018-01-19,6.24,6.26,6.19,6.24,10596957.0,57059578.0,12800000000.0,0.000827887265625
2018-01-22,6.23,6.24,6.18,6.23,11749644.0,63080435.0,12800000000.0,0.0009179409375
2018-01-23,6.24,6.33,6.23,6.32,22138661.0,120277431.0,12800000000.0,0.001729582890625
2018-01-24,6.33,6.35,6.25,6.3,19706098.0,107030364.0,12800000000.0,0.00153953890625
2018-01-25,6.3,6.46,6.26,6.36,33259585.0,183408620.0,12800000000.0,0.002598405078125
2018-01-26,6.35,6.44,6.31,6.39,24460206.0,134807417.0,12800000000.0,0.00191095359375
2018-01-29,6.39,6.44,6.29,6.31,19231609.0,105357592.0,12800000000.0,0.001502469453125
2018-01-30,6.31,6.33,6.24,6.25,12454534.0,67539440.0,12800000000.0,0.00097301046875
2018-01-31,6.24,6.24,6.06,6.11,15915500.0,84575618.0,12800000000.0,0.0012433984375
2018-02-01,6.1,6.22,5.97,6.21,31902042.0,168464738.0,12800000000.0,0.00249234703125
2018-02-02,6.15,6.23,6.13,6.17,13505745.0,72053086.0,12800000000.0,0.001055136328125
2018-02-05,6.11,6.18,6.08,6.1,11473077.0,60766820.0,12800000000.0,0.000896334140625
2018-02-06,6.01,6.11,6.0,6.1,31572239.0,165810178.0,12800000000.0,0.002466581171875
2018-02-07,6.14,6.18,6.06,6.1,17201589.0,90776954.0,12800000000.0,0.001343874140625
2018-02-08,6.1,6.14,6.06,6.1,12165724.0,63972112.0,12800000000.0,0.0009504471875
2018-02-09,6.06,6.11,5.69,6.1,42794936.0,217275229.0,12800000000.0,0.003343354375
2018-02-12,6.03,6.09,5.96,6.0,15303423.0,79493718.0,12800000000.0,0.001195579921875
2018-02-13,6.01,6.04,5.97,5.97,9623140.0,49939661.0,12800000000.0,0.0007518078125
2018-02-14,5.99,6.02,5.93,5.95,6062400.0,31273940.0,12800000000.0,0.000473625
2018-02-22,5.97,6.06,5.97,6.03,9514513.0,49449175.0,12800000000.0,0.000743321328125
2018-02-23,6.06,6.19,6.04,6.11,14566260.0,77114812.0,12800000000.0,0.0011379890625
2018-02-26,6.17,6.3,6.16,6.26,20253975.0,109194282.0,12800000000.0,0.001582341796875
2018-02-27,6.25,6.28,6.18,6.26,19373469.0,104339612.0,12800000000.0,0.001513552265625
2018-02-28,6.24,6.26,6.21,6.24,7794374.0,42047599.0,12800000000.0,0.00060893546875
2018-03-01,6.23,6.25,6.17,6.19,11398384.0,61030307.0,12800000000.0,0.00089049875
2018-03-02,6.16,6.18,6.11,6.16,11258015.0,59732822.0,12800000000.0,0.000879532421875
2018-03-05,6.16,6.19,6.15,6.17,9220587.0,49114494.0,12800000000.0,0.000720358359375
2018-03-06,6.18,6.19,6.15,6.18,9219371.0,49116727.0,12800000000.0,0.000720263359375
2018-03-07,6.21,6.21,6.13,6.17,9500409.0,50614988.0,12800000000.0,0.000742219453125
2018-03-08,6.15,6.17,6.11,6.13,8550062.0,45334001.0,12800000000.0,0.00066797359375
2018-03-09,6.15,6.21,6.14,6.19,11969381.0,63805722.0,12800000000.0,0.000935107890625
2018-03-12,6.21,6.22,6.16,6.19,12309059.0,65720271.0,12800000000.0,0.000961645234375
2018-03-13,6.18,6.35,6.13,6.25,26672969.0,143531925.0,12800000000.0,0.002083825703125
2018-03-14,6.23,6.29,6.18,6.18,15954191.0,85930631.0,12800000000.0,0.001246421171875
2018-03-15,6.17,6.24,6.13,6.21,14398997.0,76787030.0,12800000000.0,0.001124921640625
2018-03-16,6.21,6.23,6.15,6.17,8550092.0,45644837.0,12800000000.0,0.0006679759375
2018-03-19,6.17,6.18,6.14,6.17,7410871.0,39442757.0,12800000000.0,0.000578974296875
2018-03-20,6.16,6.17,6.08,6.15,10248296.0,54289629.0,12800000000.0,0.000800648125
2018-03-21,6.15,6.19,6.13,6.15,10620788.0,56508884.0,12800000000.0,0.0008297490625
2018-03-22,6.13,6.16,6.09,6.15,11300673.0,59788500.0,12800000000.0,0.000882865078125
2018-03-23,6.02,6.16,5.92,6.15,47062586.0,247129581.0,12800000000.0,0.00367676453125
2018-03-26,6.08,6.11,6.0,6.07,13428431.0,70044579.0,12800000000.0,0.001049096171875
2018-03-27,6.08,6.22,6.08,6.17,13959355.0,74172894.0,12800000000.0,0.001090574609375
2018-03-28,6.09,6.17,6.09,6.16,9057179.0,47923573.0,12800000000.0,0.000707592109375
2018-03-29,6.15,6.22,6.14,6.17,12241631.0,65365899.0,12800000000.0,0.000956377421875
2018-03-30,6.18,6.21,6.15,6.16,8368287.0,44541224.0,12800000000.0,0.000653772421875
2018-04-02,6.16,6.17,6.14,6.15,7883312.0,41889596.0,12800000000.0,0.00061588375
2018-04-03,6.14,6.18,6.1,6.11,10312213.0,54615712.0,12800000000.0,0.000805641640625
2018-04-04,6.11,6.16,6.09,6.09,9502483.0,50236407.0,12800000000.0,0.000742381484375
2018-04-09,6.07,6.19,6.06,6.18,15650155.0,83000123.0,12800000000.0,0.001222668359375
2018-04-10,6.21,6.24,6.1,6.15,13228416.0,70200637.0,12800000000.0,0.00103347
2018-04-11,6.15,6.17,6.1,6.14,8520429.0,45179938.0,12800000000.0,0.000665658515625
2018-04-12,6.14,6.14,6.1,6.1,6786450.0,35834093.0,12800000000.0,0.00053019140625
2018-04-13,6.13,6.14,6.08,6.09,7724118.0,40793114.0,12800000000.0,0.00060344671875
2018-04-16,6.09,6.1,5.99,6.03,14059175.0,73328012.0,12800000000.0,0.001098373046875
2018-04-17,6.03,6.04,5.94,5.96,8679000.0,44873090.0,12800000000.0,0.000678046875
2018-04-18,5.97,6.0,5.92,5.95,6480200.0,33334300.0,12800000000.0,0.000506265625
2018-04-19,5.95,5.99,5.93,5.94,7944900.0,40863529.0,12800000000.0,0.0006206953125
2018-04-20,5.93,5.94,5.8,5.93,17388197.0,88508863.0,12800000000.0,0.001358452890625
2018-04-23,5.88,5.94,5.86,5.91,7786728.0,39649423.0,12800000000.0,0.000608338125
2018-04-24,5.92,5.96,5.91,5.95,5408891.0,27757470.0,12800000000.0,0.000422569609375
2018-04-25,5.95,5.95,5.91,5.91,4750044.0,24296573.0,12800000000.0,0.0003710971875
2018-04-26,5.92,5.93,5.85,5.91,8869887.0,45077190.0,12800000000.0,0.000692959921875
2018-04-27,5.89,5.94,5.85,5.93,9828776.0,50098804.0,12800000000.0,0.000767873125
2018-05-02,5.93,5.96,5.89,5.89,5235470.0,26762122.0,12800000000.0,0.00040902109375
2018-05-03,5.92,5.93,5.85,5.88,8657502.0,43896230.0,12800000000.0,0.00067636734375
2018-05-04,5.89,5.89,5.82,5.84,6822700.0,34530485.0,12800000000.0,0.0005330234375
2018-05-07,5.86,5.91,5.84,5.91,6263101.0,31800153.0,12800000000.0,0.000489304765625
2018-05-08,5.89,5.97,5.87,5.96,13210275.0,67731784.0,12800000000.0,0.001032052734375
2018-05-09,5.94,6.01,5.91,5.94,6800502.0,34938450.0,12800000000.0,0.00053128921875
2018-05-10,5.96,5.96,5.92,5.94,10205000.0,52319823.0,12800000000.0,0.000797265625
2018-05-11,5.94,5.95,5.91,5.91,5125361.0,26219366.0,12800000000.0,0.000400418828125
2018-05-14,5.92,5.93,5.88,5.89,4681956.0,23896544.0,12800000000.0,0.0003657778125
2018-05-15,5.91,5.93,5.87,5.92,6410433.0,32700176.0,12800000000.0,0.000500815078125
2018-05-16,5.91,5.95,5.88,5.92,6853300.0,35003116.0,12800000000.0,0.0005354140625
2018-05-17,5.91,5.92,5.88,5.89,4234592.0,21582659.0,12800000000.0,0.0003308275
2018-05-18,5.89,5.91,5.86,5.89,4649000.0,23637141.0,12800000000.0,0.000363203125
2018-05-21,6.02,6.02,5.95,5.96,14996759.0,77466553.0,12800000000.0,0.001171621796875
2018-05-22,5.96,5.99,5.92,5.94,8136224.0,41692034.0,12800000000.0,0.0006356425
2018-05-23,5.94,5.95,5.89,5.92,5863800.0,29960639.0,12800000000.0,0.000458109375
2018-05-24,5.91,5.94,5.88,5.89,6347617.0,32375351.0,12800000000.0,0.000495907578125
2018-05-25,5.88,5.94,5.85,5.93,8832541.0,44863126.0,12800000000.0,0.000690042265625
2018-05-28,5.91,5.91,5.86,5.86,5551301.0,28171044.0,12800000000.0,0.000433695390625
2018-05-29,5.97,6.17,5.97,6.04,38134057.0,199689602.0,12800000000.0,0.002979223203125
2018-05-30,6.04,6.06,5.89,5.92,21649021.0,111606447.0,12800000000.0,0.001691329765625
2018-05-31,5.92,6.02,5.91,5.95,23741029.0,122171165.0,12800000000.0,0.001854767890625
2018-06-01,5.93,5.94,5.8,5.85,14418879.0,72961492.0,12800000000.0,0.001126474921875
2018-06-04,5.85,5.88,5.79,5.81,13127366.0,65882465.0,12800000000.0,0.00102557546875
2018-06-05,5.8,5.86,5.77,5.85,11496037.0,57677343.0,12800000000.0,0.000898127890625
2018-06-06,5.85,5.85,5.79,5.81,8326513.0,41818691.0,12800000000.0,0.000650508828125
2018-06-07,5.85,5.85,5.76,5.77,9135699.0,44970617.0,12800000000.0,0.000713726484375
2018-06-08,5.77,5.78,5.64,5.68,13648587.0,65978803.0,12800000000.0,0.001066295859375
2018-06-11,5.64,5.67,5.57,5.61,11917682.0,56759701.0,12800000000.0,0.00093106890625
2018-06-12,5.61,5.63,5.55,5.62,7909348.0,37645566.0,12800000000.0,0.0006179178125
2018-06-13,5.62,5.62,5.52,5.61,8290894.0,39308556.0,12800000000.0,0.00064772609375
2018-06-14,5.55,5.6,5.55,5.58,5004598.0,23759025.0,12800000000.0,0.00039098421875
2018-06-15,5.58,5.58,5.48,5.5,6787282.0,31882461.0,12800000000.0,0.00053025640625
2018-06-19,5.47,5.47,4.95,5.02,23439316.0,102554163.0,12800000000.0,0.0018311965625
2018-06-20,4.95,5.05,4.93,5.02,8681604.0,37038413.0,12800000000.0,0.0006782503125
2018-06-21,5.05,5.05,4.76,4.8,13626650.0,56968388.0,12800000000.0,0.00106458203125
2018-06-22,4.75,4.81,4.7,4.8,9176516.0,37179758.0,12800000000.0,0.0007169153125
2018-06-25,4.81,4.85,4.78,4.78,6175390.0,25321322.0,12800000000.0,0.00048245234375
2018-06-26,4.7,4.8,4.65,4.8,8438887.0,34092966.0,12800000000.0,0.000659288046875
2018-06-27,4.8,4.84,4.76,4.83,8295463.0,33958462.0,12800000000.0,0.000648083046875
2018-06-28,4.83,4.91,4.76,4.89,13290534.0,55200744.0,12800000000.0,0.00103832296875
2018-06-29,4.87,4.97,4.87,4.95,6869500.0,28889801.0,12800000000.0,0.0005366796875
2018-07-02,4.95,5.01,4.91,4.96,10571692.0,44636689.0,12800000000.0,0.0008259134375
2018-07-03,4.96,5.01,4.91,5.0,6918231.0,29253322.0,12800000000.0,0.000540486796875
2018-07-04,5.0,5.03,4.95,5.0,6139138.0,26171190.0,12800000000.0,0.00047962015625
2018-07-05,4.98,5.07,4.98,5.03,11454708.0,49012838.0,12800000000.0,0.0008948990625
2018-07-06,5.02,5.05,4.84,4.95,10236684.0,43033579.0,12800000000.0,0.0007997409375
2018-07-09,4.96,5.02,4.96,4.97,5956048.0,25260338.0,12800000000.0,0.00046531625
2018-07-10,4.98,5.04,4.97,5.04,7544392.0,32279964.0,12800000000.0,0.000589405625
2018-07-11,5.02,5.02,4.91,4.95,7327424.0,30922307.0,12800000000.0,0.000572455
2018-07-12,4.93,5.2,4.91,5.15,15500776.0,67416898.0,12800000000.0,0.001210998125
2018-07-13,5.15,5.21,5.1,5.1,9684941.0,42356427.0,12800000000.0,0.000756636015625
2018-07-16,5.15,5.15,4.98,4.98,10480169.0,44956894.0,12800000000.0,0.000818763203125
2018-07-17,5.01,5.04,4.96,5.01,6079194.0,25814881.0,12800000000.0,0.00047493703125
2018-07-18,5.02,5.03,4.93,4.94,8314524.0,35132115.0,12800000000.0,0.0006495721875
2018-07-19,4.94,4.96,4.83,4.84,6971071.0,28939147.0,12800000000.0,0.000544614921875
2018-07-20,4.84,4.94,4.8,4.94,7571620.0,31407016.0,12800000000.0,0.0005915328125
2018-07-23,4.94,5.13,4.89,5.02,12578130.0,53456060.0,12800000000.0,0.00098266640625
2018-07-24,4.97,5.11,4.97,5.1,12863717.0,55599866.0,12800000000.0,0.001004977890625
2018-07-25,5.11,5.13,5.05,5.07,7530752.0,32526089.0,12800000000.0,0.00058834
2018-07-26,5.07,5.22,5.05,5.11,13352452.0,58333469.0,12800000000.0,0.0010431603125
2018-07-27,5.05,5.17,5.04,5.15,10951297.0,47657379.0,12800000000.0,0.000855570078125
2018-07-30,5.13,5.14,5.07,5.08,7049179.0,30524972.0,12800000000.0,0.000550717109375
2018-07-31,5.1,5.11,5.07,5.07,4545417.0,19642773.0,12800000000.0,0.000355110703125
2018-08-01,5.07,5.16,5.03,5.03,8932626.0,38768214.0,12800000000.0,0.00069786140625
2018-08-02,5.01,5.05,4.85,4.93,10019173.0,42021229.0,12800000000.0,0.000782747890625
2018-08-03,4.93,4.96,4.88,4.93,6203401.0,25951577.0,12800000000.0,0.000484640703125
2018-08-06,4.93,4.95,4.87,4.88,8506810.0,35528551.0,12800000000.0,0.00066459453125
2018-08-07,5.02,5.2,5.02,5.11,30004885.0,130146860.0,12800000000.0,0.002344131640625
2018-08-08,5.05,5.11,5.01,5.02,16748898.0,72021179.0,12800000000.0,0.00130850765625
2018-08-09,4.98,5.05,4.97,5.03,14639825.0,62461245.0,12800000000.0,0.001143736328125
2018-08-10,5.02,5.11,5.01,5.05,11760525.0,50639935.0,12800000000.0,0.000918791015625
2018-08-13,4.98,5.0,4.94,4.98,10570358.0,44638325.0,12800000000.0,0.00082580921875
2018-08-14,4.98,5.02,4.96,5.01,9140461.0,38830122.0,12800000000.0,0.000714098515625
2018-08-15,5.01,5.02,4.93,4.94,5619700.0,23754474.0,12800000000.0,0.0004390390625
2018-08-16,4.88,4.9,4.83,4.84,8783056.0,36323831.0,12800000000.0,0.00068617625
2018-08-17,4.87,4.88,4.77,4.77,6067999.0,24897098.0,12800000000.0,0.000474062421875
2018-08-20,4.8,4.81,4.69,4.78,6969506.0,28106593.0,12800000000.0,0.00054449265625
2018-08-21,4.8,4.82,4.75,4.8,4952136.0,20163914.0,12800000000.0,0.000386885625
2018-08-22,4.8,4.81,4.74,4.75,4767500.0,19307580.0,12800000000.0,0.0003724609375
2018-08-23,4.74,4.8,4.73,4.73,4591914.0,18547159.0,12800000000.0,0.00035874328125
2018-08-24,4.73,4.78,4.73,4.76,4122941.0,16679576.0,12800000000.0,0.000322104765625
2018-08-27,4.77,4.82,4.75,4.82,5447862.0,22249237.0,12800000000.0,0.00042561421875
2018-08-28,4.82,4.84,4.78,4.81,5085200.0,20815552.0,12800000000.0,0.00039728125
2018-08-29,4.8,4.81,4.75,4.77,4437060.0,17992786.0,12800000000.0,0.0003466453125
2018-08-30,4.77,4.81,4.75,4.76,5590629.0,22728645.0,12800000000.0,0.000436767890625
2018-08-31,4.77,4.78,4.73,4.76,5385900.0,21798310.0,12800000000.0,0.0004207734375
2018-09-03,4.74,4.76,4.7,4.73,4686900.0,18814920.0,12800000000.0,0.0003661640625
2018-09-04,4.73,4.82,4.71,4.8,7016207.0,28560500.0,12800000000.0,0.000548141171875
2018-09-05,4.78,4.83,4.75,4.78,4583071.0,18678116.0,12800000000.0,0.000358052421875
2018-09-06,4.77,4.78,4.75,4.75,3132700.0,12683191.0,12800000000.0,0.0002447421875
2018-09-07,4.78,4.78,4.71,4.74,3651700.0,14768558.0,12800000000.0,0.0002852890625
2018-09-10,4.74,4.76,4.7,4.7,4399790.0,17702379.0,12800000000.0,0.00034373359375
2018-09-11,4.7,4.74,4.68,4.73,4921366.0,19735289.0,12800000000.0,0.00038448171875
2018-09-12,4.71,4.74,4.7,4.73,4302142.0,17314170.0,12800000000.0,0.00033610484375
2018-09-13,4.75,4.81,4.75,4.8,8532724.0,34662338.0,12800000000.0,0.0006666190625
2018-09-14,4.81,4.81,4.77,4.81,5230665.0,21346911.0,12800000000.0,0.000408645703125
2018-09-17,4.8,4.8,4.74,4.76,3944100.0,15962488.0,12800000000.0,0.0003081328125
2018-09-18,4.78,4.8,4.74,4.8,6682900.0,27094170.0,12800000000.0,0.0005221015625
2018-09-19,4.77,4.83,4.75,4.81,7267703.0,29685883.0,12800000000.0,0.000567789296875
2018-09-20,4.8,4.82,4.78,4.8,4500966.0,18387162.0,12800000000.0,0.00035163796875
2018-09-21,4.8,4.84,4.78,4.84,8020171.0,32907729.0,12800000000.0,0.000626575859375
2018-09-25,4.83,4.83,4.8,4.82,5544200.0,22703308.0,12800000000.0,0.000433140625
2018-09-26,4.82,4.89,4.8,4.82,12477279.0,51414827.0,12800000000.0,0.000974787421875
2018-09-27,4.83,4.84,4.77,4.8,8152681.0,33321108.0,12800000000.0,0.000636928203125
2018-09-28,4.8,4.83,4.78,4.82,8435961.0,34516192.0,12800000000.0,0.000659059453125
2018-10-08,4.77,4.77,4.7,4.74,12180066.0,49100630.0,12800000000.0,0.00095156765625
2018-10-09,4.73,4.8,4.71,4.73,10757088.0,43422190.0,12800000000.0,0.0008403975
2018-10-10,4.73,4.75,4.69,4.71,7749906.0,31079653.0,12800000000.0,0.00060546140625
2018-10-11,4.65,4.65,4.33,4.43,18671778.0,71342193.0,12800000000.0,0.00145873265625
2018-10-12,4.38,4.38,4.14,4.3,16621009.0,60283945.0,12800000000.0,0.001298516328125
2018-10-15,4.3,4.36,4.24,4.28,8618562.0,31691787.0,12800000000.0,0.00067332515625
2018-10-16,4.3,4.35,4.26,4.31,11188755.0,41065874.0,12800000000.0,0.000874121484375
2018-10-17,4.31,4.41,4.31,4.35,7261793.0,26890857.0,12800000000.0,0.000567327578125
2018-10-18,4.35,4.35,4.23,4.23,5677769.0,20675510.0,12800000000.0,0.000443575703125
2018-10-19,4.18,4.3,4.15,4.3,10543105.0,38103053.0,12800000000.0,0.000823680078125
2018-10-22,4.3,4.51,4.3,4.47,13497192.0,50895027.0,12800000000.0,0.001054468125
2018-10-23,4.47,4.49,4.33,4.37,11026675.0,41409023.0,12800000000.0,0.000861458984375
2018-10-24,4.36,4.43,4.35,4.4,6328854.0,23642649.0,12800000000.0,0.00049444171875
2018-10-25,4.33,4.49,4.3,4.43,10338662.0,38704463.0,12800000000.0,0.00080770796875
2018-10-26,4.43,4.49,4.42,4.46,6313420.0,23945113.0,12800000000.0,0.0004932359375
2018-10-29,4.43,4.48,4.38,4.4,4694781.0,17638905.0,12800000000.0,0.000366779765625
2018-10-30,4.38,4.43,4.33,4.41,8070002.0,30084224.0,12800000000.0,0.00063046890625
2018-10-31,4.4,4.44,4.38,4.42,10739970.0,40314826.0,12800000000.0,0.00083906015625
2018-11-01,4.42,4.48,4.41,4.43,10878757.0,41144440.0,12800000000.0,0.000849902890625
2018-11-02,4.54,4.55,4.46,4.5,13323977.0,50880231.0,12800000000.0,0.001040935703125
2018-11-05,4.5,4.54,4.48,4.53,12114517.0,46489256.0,12800000000.0,0.000946446640625
2018-11-06,4.51,4.51,4.42,4.47,9439579.0,35787982.0,12800000000.0,0.000737467109375
2018-11-07,4.47,4.49,4.42,4.42,10820524.0,41030942.0,12800000000.0,0.0008453534375
2018-11-08,4.44,4.46,4.41,4.41,6608848.0,24871127.0,12800000000.0,0.00051631625
2018-11-09,4.41,4.41,4.35,4.36,6390124.0,23731106.0,12800000000.0,0.0004992284375
2018-11-12,4.33,4.41,4.3,4.4,8767663.0,32656436.0,12800000000.0,0.000684973671875
2018-11-13,4.37,4.48,4.35,4.47,13961200.0,52739548.0,12800000000.0,0.00109071875
2018-11-14,4.44,4.7,4.44,4.53,27609758.0,107449270.0,12800000000.0,0.00215701234375
2018-11-15,4.49,4.6,4.48,4.56,15384401.0,59424546.0,12800000000.0,0.001201906328125
2018-11-16,4.56,4.61,4.53,4.58,14633373.0,57068382.0,12800000000.0,0.001143232265625
2018-11-19,4.58,4.61,4.5,4.6,18241946.0,70566961.0,12800000000.0,0.00142515203125
2018-11-20,4.56,4.57,4.47,4.47,13198178.0,50696375.0,12800000000.0,0.00103110765625
2018-11-21,4.43,4.47,4.4,4.43,11730435.0,44233439.0,12800000000.0,0.000916440234375
2018-11-22,4.43,4.44,4.4,4.41,9701444.0,36410668.0,12800000000.0,0.0007579253125
2018-11-23,4.41,4.41,4.28,4.31,11106886.0,40988730.0,12800000000.0,0.00086772546875
2018-11-26,4.29,4.37,4.27,4.3,7132166.0,26200911.0,12800000000.0,0.00055720046875
2018-11-27,4.31,4.34,4.29,4.3,4936503.0,18088800.0,12800000000.0,0.000385664296875
2018-11-28,4.31,4.36,4.28,4.36,6462870.0,23744221.0,12800000000.0,0.00050491171875
2018-11-29,4.37,4.37,4.28,4.28,7853491.0,28938729.0,12800000000.0,0.000613553984375
2018-11-30,4.28,4.33,4.27,4.3,6087491.0,22268104.0,12800000000.0,0.000475585234375
2018-12-03,4.41,4.43,4.36,4.38,12623883.0,47140730.0,12800000000.0,0.000986240859375
2018-12-04,4.35,4.4,4.35,4.4,8414715.0,31311793.0,12800000000.0,0.000657399609375
2018-12-05,4.35,4.38,4.3,4.36,9407714.0,34809986.0,12800000000.0,0.00073497765625
2018-12-06,4.34,4.34,4.27,4.29,8897925.0,32558950.0,12800000000.0,0.000695150390625
2018-12-07,4.3,4.3,4.28,4.3,4857926.0,17727215.0,12800000000.0,0.00037952546875
2018-12-10,4.28,4.29,4.26,4.27,4473500.0,16258420.0,12800000000.0,0.0003494921875
2018-12-11,4.27,4.29,4.27,4.28,4119731.0,15002224.0,12800000000.0,0.000321853984375
2018-12-12,4.29,4.3,4.24,4.26,7667579.0,27804328.0,12800000000.0,0.000599029609375
2018-12-13,4.23,4.29,4.22,4.26,19590000.0,71042779.0,12800000000.0,0.00153046875
2018-12-14,4.24,4.26,4.13,4.13,24781856.0,88169290.0,12800000000.0,0.0019360825
2018-12-17,4.11,4.15,4.1,4.15,9184034.0,32268891.0,12800000000.0,0.00071750265625
2018-12-18,4.13,4.2,4.11,4.16,12748270.0,45027810.0,12800000000.0,0.00099595859375
2018-12-19,4.14,4.15,4.11,4.11,6847720.0,24066181.0,12800000000.0,0.000534978125
2018-12-20,4.1,4.13,4.04,4.06,10724452.0,37222152.0,12800000000.0,0.0008378478125
2018-12-21,4.04,4.07,3.95,3.98,13068544.0,44480067.0,12800000000.0,0.00102098
2018-12-24,3.98,4.01,3.96,4.0,6236264.0,21183346.0,12800000000.0,0.000487208125
2018-12-25,3.96,3.97,3.87,3.91,12717384.0,42227600.0,12800000000.0,0.000993545625
2018-12-26,3.91,3.94,3.9,3.91,7131692.0,23774236.0,12800000000.0,0.0005571634375
2018-12-27,3.95,3.96,3.89,3.89,6115691.0,20488216.0,12800000000.0,0.000477788359375
2018-12-28,3.9,3.94,3.9,3.93,5421831.0,18094796.0,12800000000.0,0.000423580546875
2019-01-02,3.93,3.95,3.89,3.9,7123300.0,23743123.0,12800000000.0,0.0005565078125
2019-01-03,3.89,3.96,3.89,3.93,8325904.0,27846146.0,12800000000.0,0.00065046125
2019-01-04,3.93,4.01,3.91,4.0,9354763.0,31546792.0,12800000000.0,0.000730840859375
2019-01-07,4.02,4.06,3.98,4.03,9577245.0,32773382.0,12800000000.0,0.000748222265625
2019-01-08,4.04,4.2,4.02,4.1,20164391.0,70773267.0,12800000000.0,0.001575343046875
2019-01-09,4.1,4.15,4.08,4.11,11933766.0,41860758.0,12800000000.0,0.00093232546875
2019-01-10,4.13,4.14,4.06,4.07,11836368.0,41170619.0,12800000000.0,0.00092471625
2019-01-11,4.07,4.1,4.06,4.09,6019503.0,20853936.0,12800000000.0,0.000470273671875
2019-01-14,4.08,4.1,4.06,4.09,6155841.0,21349936.0,12800000000.0,0.000480925078125
2019-01-15,4.08,4.1,4.06,4.09,7398056.0,25645570.0,12800000000.0,0.000577973125
2019-01-16,4.07,4.09,4.07,4.08,6121432.0,21229750.0,12800000000.0,0.000478236875
2019-01-17,4.08,4.08,4.03,4.06,5856980.0,20228691.0,12800000000.0,0.0004575765625
2019-01-18,4.07,4.13,4.04,4.1,11356978.0,39447698.0,12800000000.0,0.00088726390625
2019-01-21,4.13,4.2,4.04,4.08,14567918.0,50957373.0,12800000000.0,0.00113811859375
2019-01-22,4.06,4.09,4.04,4.04,9716089.0,33576291.0,12800000000.0,0.000759069453125
2019-01-23,4.03,4.06,4.0,4.03,6312800.0,21618138.0,12800000000.0,0.0004931875
2019-01-24,4.01,4.04,4.0,4.02,5868664.0,20055202.0,12800000000.0,0.000458489375
2019-01-25,4.01,4.06,4.01,4.01,5819999.0,19963307.0,12800000000.0,0.000454687421875
2019-01-28,4.03,4.04,4.01,4.02,7491124.0,25679461.0,12800000000.0,0.0005852440625
2019-01-29,4.01,4.02,3.91,3.96,8626501.0,29076813.0,12800000000.0,0.000673945390625
2019-01-30,3.96,3.98,3.94,3.97,3728519.0,12602674.0,12800000000.0,0.000291290546875
2019-01-31,3.96,4.0,3.9,3.93,8558946.0,28772758.0,12800000000.0,0.00066866765625
2019-02-01,3.94,3.98,3.93,3.98,7518054.0,25312960.0,12800000000.0,0.00058734796875
2019-02-11,3.98,4.11,3.97,4.09,15125494.0,52200818.0,12800000000.0,0.00118167921875
2019-02-12,4.1,4.17,4.09,4.16,14966968.0,52581655.0,12800000000.0,0.001169294375
2019-02-13,4.15,4.23,4.14,4.2,18419761.0,65679287.0,12800000000.0,0.001439043828125
2019-02-14,4.21,4.29,4.2,4.26,15129296.0,54579772.0,12800000000.0,0.00118197625
2019-02-15,4.27,4.29,4.21,4.21,16151191.0,58273503.0,12800000000.0,0.001261811796875
2019-02-18,4.24,4.33,4.23,4.3,23186857.0,84239204.0,12800000000.0,0.001811473203125
2019-02-19,4.31,4.49,4.31,4.4,29471029.0,110434421.0,12800000000.0,0.002302424140625
2019-02-20,4.43,4.44,4.33,4.36,14954388.0,55540398.0,12800000000.0,0.0011683115625
2019-02-21,4.36,4.38,4.31,4.33,16373400.0,60507031.0,12800000000.0,0.001279171875
2019-02-22,4.33,4.36,4.28,4.36,14144205.0,51964198.0,12800000000.0,0.001105016015625
2019-02-25,4.43,4.55,4.38,4.55,39711799.0,151296722.0,12800000000.0,0.003102484296875
2019-02-26,4.55,4.75,4.49,4.65,48660881.0,193168623.0,12800000000.0,0.003801631328125
2019-02-27,4.64,4.7,4.6,4.63,26420104.0,104338559.0,12800000000.0,0.002064070625
2019-02-28,4.62,4.65,4.58,4.61,18171008.0,71306004.0,12800000000.0,0.00141961
2019-03-01,4.61,4.64,4.54,4.61,18164293.0,70846719.0,12800000000.0,0.001419085390625
2019-03-04,4.62,4.71,4.61,4.65,31414842.0,124334851.0,12800000000.0,0.00245428453125
2019-03-05,4.63,4.67,4.56,4.65,28289268.0,111077200.0,12800000000.0,0.0022100990625
2019-03-06,4.65,4.75,4.63,4.75,37386966.0,149829200.0,12800000000.0,0.00292085671875
2019-03-07,4.76,4.97,4.7,4.87,49733430.0,205631267.0,12800000000.0,0.00388542421875
2019-03-08,4.8,4.81,4.53,4.54,45212583.0,180514995.0,12800000000.0,0.003532233046875
2019-03-11,4.51,5.0,4.51,5.0,74011720.0,310363766.0,12800000000.0,0.005782165625
2019-03-12,5.17,5.35,4.94,5.03,123363590.0,538738637.0,12800000000.0,0.00963778046875
2019-03-13,4.96,5.14,4.87,4.89,69145221.0,292685675.0,12800000000.0,0.005401970390625
2019-03-14,4.8,4.94,4.71,4.75,37250588.0,152007007.0,12800000000.0,0.0029102021875
2019-03-15,4.78,4.97,4.78,4.87,40886159.0,169575643.0,12800000000.0,0.003194231171875
2019-03-18,4.87,4.95,4.82,4.95,41415418.0,172088059.0,12800000000.0,0.00323557953125
2019-03-19,4.95,4.97,4.88,4.9,31855364.0,133147912.0,12800000000.0,0.0024887003125
2019-03-20,4.9,5.21,4.85,5.09,71079152.0,303935121.0,12800000000.0,0.00555305875
2019-03-21,5.09,5.09,5.01,5.03,50016865.0,214237111.0,12800000000.0,0.003907567578125
2019-03-22,5.03,5.23,4.94,5.1,66156756.0,287079503.0,12800000000.0,0.0051684965625
2019-03-25,5.02,5.1,4.97,4.97,39594273.0,169122611.0,12800000000.0,0.003093302578125
2019-03-26,4.97,5.21,4.82,4.94,65393048.0,278202192.0,12800000000.0,0.005108831875
2019-03-27,4.91,5.14,4.88,5.09,68720682.0,294552024.0,12800000000.0,0.00536880328125
2019-03-28,5.03,5.49,5.0,5.15,103034356.0,457015653.0,12800000000.0,0.0080495590625
2019-03-29,5.05,5.16,4.97,5.11,61429120.0,265104173.0,12800000000.0,0.00479915
2019-04-01,5.09,5.31,5.09,5.29,74531359.0,331298775.0,12800000000.0,0.005822762421875
2019-04-02,5.35,5.37,5.21,5.24,49506661.0,221088602.0,12800000000.0,0.003867707890625
2019-04-03,5.21,5.71,5.18,5.56,110190011.0,512680451.0,12800000000.0,0.008608594609375
2019-04-04,5.64,5.75,5.43,5.49,81247238.0,383007596.0,12800000000.0,0.00634744046875
2019-04-08,5.5,5.56,5.34,5.48,54509549.0,252203091.0,12800000000.0,0.004258558515625
2019-04-09,5.44,5.51,5.37,5.44,30463516.0,140877659.0,12800000000.0,0.0023799621875
2019-04-10,5.42,5.71,5.35,5.67,72447466.0,342204680.0,12800000000.0,0.00565995828125
2019-04-11,5.67,5.67,5.48,5.49,63749858.0,301824131.0,12800000000.0,0.00498045765625
2019-04-12,5.44,5.98,5.41,5.89,86069303.0,412389887.0,12800000000.0,0.006724164296875
2019-04-15,5.78,6.35,5.78,6.07,125169915.0,649389324.0,12800000000.0,0.009778899609375
2019-04-16,6.07,6.3,6.0,6.14,89513437.0,470978697.0,12800000000.0,0.006993237265625
2019-04-17,6.22,6.63,6.08,6.38,111685382.0,597856101.0,12800000000.0,0.00872542046875
2019-04-18,6.38,6.62,6.28,6.34,80045516.0,437120259.0,12800000000.0,0.0062535559375
2019-04-19,6.3,6.44,6.19,6.28,43916245.0,234631714.0,12800000000.0,0.003430956640625
2019-04-22,6.28,6.47,6.17,6.22,56967338.0,305828792.0,12800000000.0,0.00445057328125
2019-04-23,6.17,6.47,6.11,6.37,74396099.0,401071951.0,12800000000.0,0.005812195234375
2019-04-24,6.36,6.38,6.21,6.3,33384905.0,178840321.0,12800000000.0,0.002608195703125
2019-04-25,6.3,6.34,6.01,6.16,71422948.0,374841985.0,12800000000.0,0.0055799178125
2019-04-26,6.25,6.43,6.17,6.32,119413887.0,640678384.0,12800000000.0,0.009329209921875
2019-04-29,6.23,6.47,6.0,6.07,90740867.0,480920834.0,12800000000.0,0.007089130234375
2019-04-30,6.03,6.43,5.97,6.29,74275242.0,396513769.0,12800000000.0,0.00580275328125
2019-05-06,5.95,5.95,5.67,5.67,60088800.0,292690395.0,12800000000.0,0.0046944375
2019-05-07,5.61,5.65,5.1,5.28,88587634.0,399403592.0,12800000000.0,0.00692090890625
2019-05-08,5.07,5.28,5.0,5.1,41189557.0,179924857.0,12800000000.0,0.003217934140625
2019-05-09,5.01,5.13,4.93,4.93,29551312.0,125733532.0,12800000000.0,0.00230869625
2019-05-10,5.03,5.42,4.98,5.37,83868702.0,372479029.0,12800000000.0,0.00655224234375
2019-05-13,5.25,5.7,5.25,5.6,67476712.0,317744221.0,12800000000.0,0.005271618125
2019-05-14,5.62,5.91,5.58,5.7,85667603.0,421103821.0,12800000000.0,0.006692781484375
2019-05-15,5.85,5.96,5.78,5.81,56398604.0,280692412.0,12800000000.0,0.0044061409375
2019-05-16,5.83,5.88,5.69,5.74,39828359.0,195370571.0,12800000000.0,0.003111590546875
2019-05-17,5.8,5.9,5.62,5.67,40218645.0,197495792.0,12800000000.0,0.003142081640625
2019-05-20,5.62,5.65,5.16,5.45,35375835.0,163005374.0,12800000000.0,0.002763737109375
2019-05-21,5.44,5.88,5.43,5.81,48312772.0,236142227.0,12800000000.0,0.0037744353125
2019-05-22,5.85,5.96,5.71,5.75,37107090.0,184345578.0,12800000000.0,0.00289899140625
2019-05-23,5.72,5.81,5.57,5.74,26892155.0,130305257.0,12800000000.0,0.002100949609375
2019-05-24,5.68,5.78,5.47,5.62,32695378.0,156252273.0,12800000000.0,0.00255432640625
2019-05-27,5.62,5.65,5.48,5.58,34911469.0,165172358.0,12800000000.0,0.002727458515625
2019-05-28,5.6,5.88,5.54,5.58,58453305.0,282709703.0,12800000000.0,0.004566664453125
2019-05-29,5.56,5.66,5.38,5.44,49239855.0,224682574.0,12800000000.0,0.003846863671875
2019-05-30,5.4,5.4,5.19,5.32,36550483.0,160954049.0,12800000000.0,0.002855506484375
2019-05-31,5.37,5.48,5.31,5.44,33329530.0,150445806.0,12800000000.0,0.00260386953125
2019-06-03,5.4,5.5,5.34,5.38,22691889.0,102185029.0,12800000000.0,0.001772803828125
2019-06-04,5.3,5.58,5.14,5.28,35518177.0,156329042.0,12800000000.0,0.002774857578125
2019-06-05,5.32,5.38,4.98,5.06,51287788.0,217455062.0,12800000000.0,0.0040068584375
2019-06-06,5.08,5.1,4.82,4.89,30090392.0,123275289.0,12800000000.0,0.002350811875
2019-06-10,4.92,4.96,4.84,4.9,18839879.0,76979874.0,12800000000.0,0.001471865546875
2019-06-11,4.9,5.08,4.88,5.07,25137153.0,105047118.0,12800000000.0,0.001963840078125
2019-06-12,5.06,5.12,4.96,4.99,21936420.0,92060329.0,12800000000.0,0.0017137828125
2019-06-13,4.99,5.01,4.87,4.99,20267418.0,83522242.0,12800000000.0,0.00158339203125
2019-06-14,4.99,5.0,4.88,4.9,17831499.0,73240747.0,12800000000.0,0.001393085859375
2019-06-17,4.9,4.93,4.86,4.9,13128084.0,53555257.0,12800000000.0,0.0010256315625
2019-06-18,4.9,4.94,4.88,4.92,11392563.0,46639909.0,12800000000.0,0.000890043984375
2019-06-19,5.04,5.24,5.01,5.11,53518712.0,228181092.0,12800000000.0,0.004181149375
2019-06-20,5.11,5.2,5.06,5.16,27941942.0,120133719.0,12800000000.0,0.00218296421875
2019-06-21,5.19,5.32,5.13,5.2,32639143.0,142042250.0,12800000000.0,0.002549933046875
2019-06-24,5.23,5.26,5.14,5.22,18745113.0,81471601.0,12800000000.0,0.001464461953125
2019-06-25,5.25,5.28,5.05,5.11,24290137.0,103641715.0,12800000000.0,0.001897666953125
2019-06-26,5.1,5.25,5.05,5.16,19941231.0,85871877.0,12800000000.0,0.001557908671875
2019-06-27,5.14,5.26,5.14,5.23,21729784.0,94461941.0,12800000000.0,0.001697639375
2019-06-28,5.24,5.36,5.14,5.26,30228037.0,132582642.0,12800000000.0,0.002361565390625
2019-07-01,5.36,5.44,5.3,5.43,36909110.0,165160299.0,12800000000.0,0.00288352421875
2019-07-02,5.41,5.42,5.32,5.35,23435390.0,104640680.0,12800000000.0,0.00183088984375
2019-07-03,5.34,5.34,5.25,5.26,15819320.0,69586275.0,12800000000.0,0.001235884375
2019-07-04,5.25,5.34,5.2,5.25,13096377.0,57592697.0,12800000000.0,0.001023154453125
2019-07-05,5.24,5.47,5.24,5.3,18303785.0,81086066.0,12800000000.0,0.001429983203125
2019-07-08,5.26,5.28,5.02,5.07,25149432.0,107116245.0,12800000000.0,0.001964799375
2019-07-09,5.1,5.12,5.04,5.08,9655478.0,40833587.0,12800000000.0,0.00075433421875
2019-07-10,5.1,5.1,4.99,5.02,11354079.0,47528566.0,12800000000.0,0.000887037421875
2019-07-11,5.01,5.1,4.96,4.99,13627251.0,57142955.0,12800000000.0,0.001064628984375
2019-07-12,4.99,5.04,4.95,5.01,9023201.0,37759359.0,12800000000.0,0.000704937578125
2019-07-15,5.02,5.07,4.94,5.06,15647858.0,65543887.0,12800000000.0,0.00122248890625
2019-07-16,5.05,5.13,5.01,5.12,13425193.0,57109528.0,12800000000.0,0.001048843203125
2019-07-17,5.12,5.2,5.1,5.18,25889096.0,111280157.0,12800000000.0,0.002022585625
2019-07-18,5.17,5.19,5.1,5.11,15275502.0,65473032.0,12800000000.0,0.00119339859375
2019-07-19,5.12,5.26,5.11,5.13,15382619.0,66430288.0,12800000000.0,0.001201767109375
2019-07-22,5.11,5.13,4.99,5.05,10985693.0,46305780.0,12800000000.0,0.000858257265625
2019-07-23,5.06,5.11,5.02,5.08,8518377.0,36060575.0,12800000000.0,0.000665498203125
2019-07-24,5.1,5.16,5.08,5.12,9974534.0,42649472.0,12800000000.0,0.00077926046875
2019-07-25,5.12,5.3,5.11,5.24,24587950.0,107031475.0,12800000000.0,0.00192093359375
2019-07-26,5.24,5.34,5.19,5.3,23583859.0,103800119.0,12800000000.0,0.001842488984375
2019-07-29,5.29,5.3,5.19,5.2,15875602.0,69243498.0,12800000000.0,0.00124028140625
2019-07-30,5.2,5.24,5.17,5.2,7981556.0,34731598.0,12800000000.0,0.0006235590625
2019-07-31,5.18,5.23,5.14,5.18,10743979.0,46450353.0,12800000000.0,0.000839373359375
2019-08-01,5.18,5.24,5.13,5.18,11217276.0,48572615.0,12800000000.0,0.0008763496875
2019-08-02,5.1,5.1,5.02,5.06,16256586.0,68502268.0,12800000000.0,0.00127004578125
2019-08-05,5.02,5.1,4.98,4.99,11713030.0,49178082.0,12800000000.0,0.00091508046875
2019-08-06,4.92,4.94,4.63,4.78,24969873.0,99549249.0,12800000000.0,0.001950771328125
2019-08-07,4.81,4.83,4.4,4.42,79217438.0,299252291.0,12800000000.0,0.00618886234375
2019-08-08,4.47,4.52,4.4,4.47,29807177.0,110629496.0,12800000000.0,0.002328685703125
2019-08-09,4.47,4.51,4.42,4.42,15740477.0,58593864.0,12800000000.0,0.001229724765625
2019-08-12,4.42,4.52,4.41,4.52,25340356.0,94784481.0,12800000000.0,0.0019797153125
2019-08-13,4.46,4.58,4.45,4.52,25511641.0,96256111.0,12800000000.0,0.001993096953125
2019-08-14,4.58,4.64,4.53,4.54,21532653.0,82345688.0,12800000000.0,0.001682238515625
2019-08-15,4.44,4.56,4.4,4.53,20810984.0,77880291.0,12800000000.0,0.001625858125
2019-08-16,4.58,4.59,4.48,4.48,14270838.0,53887881.0,12800000000.0,0.00111490921875
2019-08-19,4.54,4.71,4.52,4.69,23328481.0,90127418.0,12800000000.0,0.001822537578125
2019-08-20,4.72,4.76,4.66,4.7,22519914.0,88681961.0,12800000000.0,0.00175936828125
2019-08-21,4.71,4.8,4.68,4.75,17162858.0,68062260.0,12800000000.0,0.00134084828125
2019-08-22,4.77,4.78,4.71,4.76,11245539.0,44466257.0,12800000000.0,0.000878557734375
2019-08-23,4.77,4.78,4.7,4.74,13819900.0,54739026.0,12800000000.0,0.0010796796875
2019-08-26,4.64,4.75,4.62,4.71,17239047.0,67480892.0,12800000000.0,0.001346800546875
2019-08-27,4.76,4.92,4.76,4.77,50333819.0,203149459.0,12800000000.0,0.003932329609375
2019-08-28,4.83,4.83,4.74,4.76,17164186.0,68271353.0,12800000000.0,0.00134095203125
2019-08-29,4.75,4.78,4.69,4.71,13218091.0,51994003.0,12800000000.0,0.001032663359375
2019-08-30,4.74,4.78,4.6,4.63,23447740.0,91724380.0,12800000000.0,0.0018318546875
2019-09-02,4.64,4.72,4.62,4.68,29081772.0,113527041.0,12800000000.0,0.0022720134375
2019-09-03,4.7,4.7,4.62,4.66,19751288.0,76781891.0,12800000000.0,0.001543069375
2019-09-04,4.66,4.7,4.6,4.66,31497215.0,122169644.0,12800000000.0,0.002460719921875
2019-09-05,4.71,4.78,4.7,4.74,36652009.0,145362919.0,12800000000.0,0.002863438203125
2019-09-06,4.77,4.82,4.7,4.75,34829341.0,138272937.0,12800000000.0,0.002721042265625
2019-09-09,4.8,4.83,4.75,4.8,38073394.0,151801069.0,12800000000.0,0.00297448390625
2019-09-10,4.8,4.81,4.7,4.75,29440858.0,116307040.0,12800000000.0,0.00230006703125
2019-09-11,4.76,4.77,4.72,4.75,19855911.0,78577534.0,12800000000.0,0.001551243046875
2019-09-12,4.76,4.77,4.71,4.76,20132209.0,79607085.0,12800000000.0,0.001572828828125
2019-09-16,4.76,4.78,4.72,4.77,23098264.0,91678086.0,12800000000.0,0.001804551875
2019-09-17,4.75,4.76,4.62,4.64,27357543.0,106765361.0,12800000000.0,0.002137308046875
2019-09-18,4.65,4.66,4.63,4.63,10596623.0,41085890.0,12800000000.0,0.000827861171875
2019-09-19,4.65,4.69,4.6,4.69,12084950.0,46897204.0,12800000000.0,0.00094413671875
2019-09-20,4.7,4.72,4.68,4.69,21339705.0,83666295.0,12800000000.0,0.001667164453125
2019-09-23,4.71,4.76,4.65,4.71,33143283.0,129983359.0,12800000000.0,0.002589318984375
2019-09-24,4.71,4.72,4.63,4.66,17697194.0,68895596.0,12800000000.0,0.00138259328125
2019-09-25,4.64,4.65,4.54,4.56,19450639.0,74222689.0,12800000000.0,0.001519581171875
2019-09-26,4.59,4.59,4.47,4.48,15905609.0,59974504.0,12800000000.0,0.001242625703125
2019-09-27,4.5,4.56,4.48,4.5,9142089.0,34472483.0,12800000000.0,0.000714225703125
2019-09-30,4.52,4.54,4.46,4.47,10844913.0,40639692.0,12800000000.0,0.000847258828125
2019-10-08,4.52,4.52,4.44,4.45,12145565.0,45264472.0,12800000000.0,0.000948872265625
2019-10-09,4.44,4.47,4.39,4.46,10312133.0,38160820.0,12800000000.0,0.000805635390625
2019-10-10,4.46,4.56,4.46,4.53,13461638.0,50787521.0,12800000000.0,0.00105169046875
2019-10-11,4.57,4.64,4.53,4.6,17996579.0,68938391.0,12800000000.0,0.001405982734375
2019-10-14,4.68,4.74,4.66,4.69,25242034.0,99035737.0,12800000000.0,0.00197203390625
2019-10-15,4.68,4.69,4.64,4.68,17886690.0,69603053.0,12800000000.0,0.00139739765625
2019-10-16,4.68,4.69,4.58,4.6,13617100.0,52531503.0,12800000000.0,0.0010638359375
2019-10-17,4.62,4.66,4.56,4.59,8297100.0,31863767.0,12800000000.0,0.0006482109375
2019-10-18,4.58,4.62,4.5,4.51,11829368.0,44861470.0,12800000000.0,0.000924169375
2019-10-21,4.51,4.52,4.45,4.48,10915977.0,40802752.0,12800000000.0,0.000852810703125
2019-10-22,4.52,4.54,4.48,4.53,7725420.0,29105794.0,12800000000.0,0.0006035484375
2019-10-23,4.54,4.54,4.47,4.48,8120799.0,30466350.0,12800000000.0,0.000634437421875
2019-10-24,4.48,4.51,4.45,4.48,7738000.0,28888430.0,12800000000.0,0.00060453125
2019-10-25,4.48,4.53,4.45,4.52,9441223.0,35339107.0,12800000000.0,0.000737595546875
2019-10-28,4.47,4.56,4.47,4.56,13684036.0,51758526.0,12800000000.0,0.0010690653125
2019-10-29,4.57,4.6,4.53,4.57,16974392.0,64896924.0,12800000000.0,0.001326124375
2019-10-30,4.56,4.56,4.45,4.45,19733003.0,73631949.0,12800000000.0,0.001541640859375
2019-10-31,4.46,4.48,4.39,4.41,17517214.0,64782265.0,12800000000.0,0.00136853234375
2019-11-01,4.4,4.47,4.39,4.46,13471355.0,49752931.0,12800000000.0,0.001052449609375
2019-11-04,4.45,4.5,4.45,4.5,12865548.0,48110082.0,12800000000.0,0.0010051209375
2019-11-05,4.5,4.53,4.47,4.5,15279625.0,57399501.0,12800000000.0,0.001193720703125
2019-11-06,4.5,4.57,4.48,4.51,12708686.0,47983470.0,12800000000.0,0.00099286609375
2019-11-07,4.47,4.52,4.46,4.47,10435103.0,39021707.0,12800000000.0,0.000815242421875
2019-11-08,4.52,4.53,4.45,4.46,10714719.0,40049634.0,12800000000.0,0.000837087421875
2019-11-11,4.44,4.45,4.35,4.38,16682985.0,61061468.0,12800000000.0,0.001303358203125
2019-11-12,4.36,4.4,4.35,4.39,8786312.0,32053228.0,12800000000.0,0.000686430625
2019-11-13,4.41,4.41,4.32,4.35,12307274.0,44637515.0,12800000000.0,0.00096150578125
2019-11-14,4.34,4.35,4.32,4.34,8434535.0,30507565.0,12800000000.0,0.000658948046875
2019-11-15,4.34,4.34,4.27,4.29,10085352.0,36127022.0,12800000000.0,0.000787918125
2019-11-18,4.29,4.32,4.27,4.28,9867376.0,35302843.0,12800000000.0,0.00077088875
2019-11-19,4.29,4.34,4.27,4.32,9177059.0,32920245.0,12800000000.0,0.000716957734375
2019-11-20,4.32,4.33,4.27,4.28,7982521.0,28626252.0,12800000000.0,0.000623634453125
2019-11-21,4.27,4.29,4.24,4.27,10516439.0,37425011.0,12800000000.0,0.000821596796875
2019-11-22,4.24,4.3,4.24,4.28,11064243.0,39380732.0,12800000000.0,0.000864393984375
2019-11-25,4.26,4.36,4.24,4.36,16288999.0,58696262.0,12800000000.0,0.001272578046875
2019-11-26,4.36,4.42,4.34,4.42,25924115.0,94852085.0,12800000000.0,0.002025321484375
2019-11-27,4.39,4.4,4.33,4.35,11780692.0,42865059.0,12800000000.0,0.0009203665625
2019-11-28,4.38,4.38,4.34,4.36,5930200.0,21534119.0,12800000000.0,0.000463296875
2019-11-29,4.35,4.36,4.32,4.34,5956883.0,21563953.0,12800000000.0,0.000465381484375
2019-12-02,4.36,4.38,4.32,4.34,7939424.0,28827255.0,12800000000.0,0.0006202675
2019-12-03,4.34,4.4,4.32,4.39,10121253.0,36830631.0,12800000000.0,0.000790722890625
2019-12-04,4.34,4.39,4.34,4.36,6733825.0,24485529.0,12800000000.0,0.000526080078125
2019-12-05,4.35,4.39,4.34,4.38,9809001.0,35722124.0,12800000000.0,0.000766328203125
2019-12-06,4.39,4.42,4.38,4.41,9762477.0,35802930.0,12800000000.0,0.000762693515625
2019-12-09,4.41,4.42,4.38,4.39,9060027.0,33187310.0,12800000000.0,0.000707814609375
2019-12-10,4.39,4.4,4.36,4.38,5945600.0,21695394.0,12800000000.0,0.0004645
2019-12-11,4.38,4.39,4.36,4.36,6540358.0,23874648.0,12800000000.0,0.00051096546875
2019-12-12,4.38,4.4,4.36,4.36,9190300.0,33590267.0,12800000000.0,0.0007179921875
2019-12-13,4.41,4.44,4.39,4.44,15641967.0,57544314.0,12800000000.0,0.001222028671875
2019-12-16,4.46,4.53,4.46,4.47,19182073.0,71728846.0,12800000000.0,0.001498599453125
2019-12-17,4.5,4.63,4.48,4.59,32064785.0,122521390.0,12800000000.0,0.002505061328125
2019-12-18,4.62,4.65,4.54,4.56,20231701.0,77435890.0,12800000000.0,0.001580601640625
2019-12-19,4.54,4.59,4.53,4.57,15791662.0,60180431.0,12800000000.0,0.00123372359375
2019-12-20,4.57,4.59,4.54,4.56,13367965.0,50907203.0,12800000000.0,0.001044372265625
2019-12-23,4.56,4.56,4.44,4.44,16637512.0,62139364.0,12800000000.0,0.001299805625
2019-12-24,4.45,4.48,4.42,4.47,9087362.0,33742148.0,12800000000.0,0.00070995015625
2019-12-25,4.47,4.48,4.46,4.48,6916873.0,25783847.0,12800000000.0,0.000540380703125
2019-12-26,4.48,4.52,4.45,4.51,8812565.0,32929414.0,12800000000.0,0.000688481640625
2019-12-27,4.51,4.56,4.5,4.51,13864573.0,52425263.0,12800000000.0,0.001083169765625
2019-12-30,4.51,4.57,4.47,4.57,14897309.0,56237217.0,12800000000.0,0.001163852265625
2019-12-31,4.54,4.57,4.53,4.56,11668600.0,44301989.0,12800000000.0,0.000911609375
2020-01-02,4.58,4.64,4.57,4.63,21187007.0,81565366.0,12800000000.0,0.001655234921875
2020-01-03,4.66,4.74,4.65,4.66,28954486.0,113307227.0,12800000000.0,0.00226206921875
2020-01-06,4.63,4.72,4.6,4.66,21910329.0,85386005.0,12800000000.0,0.001711744453125
2020-01-07,4.68,4.72,4.68,4.72,15196209.0,59637416.0,12800000000.0,0.001187203828125
2020-01-08,4.7,4.71,4.59,4.66,28271392.0,109524071.0,12800000000.0,0.0022087025
2020-01-09,4.69,4.7,4.63,4.68,14006860.0,54484875.0,12800000000.0,0.0010942859375
2020-01-10,4.68,4.7,4.62,4.65,14863082.0,57566088.0,12800000000.0,0.00116117828125
2020-01-13,4.66,4.69,4.63,4.69,13674233.0,53139653.0,12800000000.0,0.001068299453125
2020-01-14,4.68,4.7,4.64,4.68,17020485.0,66301060.0,12800000000.0,0.001329725390625
2020-01-15,4.66,4.66,4.6,4.6,12247954.0,47200641.0,12800000000.0,0.00095687140625
2020-01-16,4.63,4.65,4.58,4.6,9934074.0,38187463.0,12800000000.0,0.00077609953125
2020-01-17,4.6,4.63,4.58,4.59,8371775.0,32118382.0,12800000000.0,0.000654044921875
2020-01-20,4.59,4.6,4.57,4.59,11326300.0,43298909.0,12800000000.0,0.0008848671875
2020-01-21,4.59,4.59,4.51,4.51,14469367.0,54923711.0,12800000000.0,0.001130419296875
2020-01-22,4.52,4.56,4.46,4.53,11491595.0,43257473.0,12800000000.0,0.000897780859375
2020-01-23,4.52,4.52,4.36,4.39,19478042.0,72171244.0,12800000000.0,0.00152172203125
2020-02-03,3.94,3.94,3.94,3.94,8928100.0,29373449.0,12800000000.0,0.0006975078125
2020-02-04,3.55,3.86,3.55,3.8,42810792.0,134349270.0,12800000000.0,0.003344593125
2020-02-05,3.81,3.92,3.79,3.85,25619865.0,82598016.0,12800000000.0,0.002001551953125
2020-02-06,3.86,3.92,3.81,3.91,23806357.0,76703337.0,12800000000.0,0.001859871640625
2020-02-07,3.91,3.91,3.85,3.9,17029434.0,55000292.0,12800000000.0,0.00133042453125
2020-02-10,3.86,3.97,3.85,3.94,22886450.0,75060714.0,12800000000.0,0.00178800390625
2020-02-11,3.96,4.11,3.94,4.03,21632567.0,72691591.0,12800000000.0,0.001690044296875
2020-02-12,4.03,4.05,3.98,4.04,13742660.0,46026526.0,12800000000.0,0.0010736453125
2020-02-13,4.02,4.1,3.99,4.0,16421965.0,55261731.0,12800000000.0,0.001282966015625
2020-02-14,3.99,4.02,3.96,4.0,11063116.0,36791656.0,12800000000.0,0.0008643059375
2020-02-17,4.0,4.09,3.98,4.09,22835078.0,77192234.0,12800000000.0,0.00178399046875
2020-02-18,4.1,4.12,4.06,4.09,15769881.0,53843318.0,12800000000.0,0.001232021953125
2020-02-19,4.09,4.12,4.06,4.09,13158667.0,44935304.0,13172847808.999998,0.000998923481907207
2020-02-20,4.09,4.16,4.08,4.16,21485875.0,73788262.0,13172847808.999998,0.0016310728941482454
2020-02-21,4.15,4.22,4.14,4.2,19678136.0,68690712.0,13172847808.999998,0.0014938406854253213
2020-02-24,4.17,4.2,4.06,4.1,28379219.0,97270294.0,13172847808.999998,0.002154372343132261
2020-02-25,4.04,4.05,3.96,4.02,28748170.0,95885310.0,13172847808.999998,0.002182380789396092
2020-02-26,3.97,4.11,3.97,4.05,24769916.0,83750483.0,13172847808.999998,0.0018803766929635832
2020-02-27,4.04,4.17,4.04,4.1,22211828.0,76327321.0,13172847808.999998,0.001686182693526935
2020-02-28,4.04,4.04,3.91,3.94,31331949.0,103806587.0,13172847808.999998,0.0023785250884469553
2020-03-02,3.91,4.06,3.91,4.05,24966150.0,83629915.0,13172847808.999998,0.0018952735476790784
2020-03-03,4.09,4.41,4.02,4.2,76267156.0,268532429.0,13172847808.999998,0.005789724219533797
2020-03-04,4.15,4.29,4.1,4.23,54165401.0,188664851.0,13172847808.999998,0.004111897577909685
2020-03-05,4.26,4.27,4.18,4.24,38885708.0,137246042.0,13172847808.999998,0.0029519591028321435
2020-03-06,4.21,4.21,4.16,4.17,22746631.0,79354998.0,13172847808.999998,0.0017267815835888553
2020-03-09,4.03,4.24,4.03,4.1,33407056.0,115451727.0,13172847808.999998,0.0025360541990909146
2020-03-10,4.05,4.16,3.99,4.12,27757636.0,94474709.0,13172847808.999998,0.002107185659659359
2020-03-11,4.12,4.26,4.11,4.21,43265889.0,151062777.0,13172847808.999998,0.003284474976659165
2020-03-12,4.17,4.17,4.06,4.09,27277811.0,93321244.0,13172847808.999998,0.002070760354595698
2020-03-13,3.9,4.03,3.87,3.98,32870462.0,108466566.0,13172847808.999998,0.0024953193475401826
2020-03-16,4.02,4.03,3.88,3.88,26835658.0,88543740.0,13172847808.999998,0.0020371948715345554
2020-03-17,3.88,3.93,3.74,3.84,21792584.0,69762431.0,13172847808.999998,0.0016543563180856607
2020-03-18,3.85,3.94,3.79,3.8,26848264.0,86298349.0,13172847808.999998,0.002038151840003544
2020-03-19,3.79,3.84,3.73,3.78,19123633.0,60176213.0,13172847808.999998,0.0014517462949002026
2020-03-20,3.81,3.86,3.76,3.85,17783594.0,56611900.0,13172847808.999998,0.0013500189372756461
2020-03-23,3.78,3.92,3.76,3.84,25563274.0,82246499.0,13172847808.999998,0.001940603457252013
2020-03-24,3.9,3.99,3.88,3.93,34617065.0,113707601.0,13172847808.999998,0.0026279104945210715
2020-03-25,4.05,4.33,3.98,4.21,85984060.0,296961991.0,13172847808.999998,0.00652737063744513
2020-03-26,4.24,4.48,4.23,4.38,95620971.0,348964353.0,13172847808.999998,0.007258944488424858
2020-03-27,4.53,4.72,4.44,4.68,117111881.0,445873922.0,13172847808.999998,0.008890399608199104
2020-03-30,4.56,4.56,4.21,4.21,143246876.0,510131655.0,13172847808.999998,0.010874404538563816
2020-03-31,4.11,4.56,3.99,4.26,127991469.0,448324330.0,13172847808.999998,0.009716309704311109
2020-04-01,4.15,4.2,4.03,4.04,62404754.0,213373626.0,13172847808.999998,0.004737377589480963
2020-04-02,4.05,4.09,3.96,4.06,38011154.0,127463559.0,13172847808.999998,0.002885568447396006
2020-04-03,4.06,4.06,3.96,3.97,35131068.0,116905724.0,13172847808.999998,0.0026669303790177877
2020-04-07,4.02,4.03,3.97,4.02,35809765.0,119401892.0,13172847808.999998,0.0027184527992143
2020-04-08,3.99,4.05,3.97,4.02,27887240.0,93303403.0,13172847808.999998,0.002117024382605163
2020-04-09,4.02,4.06,4.0,4.02,21953342.0,73778888.0,13172847808.999998,0.0016665600573477334
2020-04-10,4.02,4.26,3.97,4.16,55673423.0,190276940.0,13172847808.999998,0.004226377151489036
2020-04-13,4.11,4.11,4.02,4.06,27931463.0,94841131.0,13172847808.999998,0.0021203815154469917
2020-04-14,4.06,4.09,4.04,4.09,24013909.0,81502659.0,13172847808.999998,0.0018229853823706317
2020-04-15,4.09,4.2,4.02,4.14,41147407.0,140668926.0,13172847808.999998,0.003123653108015651
2020-04-16,4.09,4.12,4.06,4.1,21116221.0,72109113.0,13172847808.999998,0.0016030110805328596
2020-04-17,4.11,4.18,4.09,4.16,33444871.0,115450460.0,13172847808.999998,0.0025389248767566934
2020-04-20,4.15,4.17,4.12,4.14,13992898.0,48301265.0,13172847808.999998,0.0010622530680449921
2020-04-21,4.12,4.2,4.09,4.1,18875051.0,65125641.0,13172847808.999998,0.0014328755082939715
2020-04-22,4.08,4.1,4.04,4.06,18974394.0,64163551.0,13172847808.999998,0.001440417005883591
2020-04-23,4.06,4.14,4.05,4.09,22161051.0,75700810.0,13172847808.999998,0.001682328022104609
2020-04-24,4.06,4.08,3.99,4.0,18619013.0,62506291.0,13172847808.999998,0.0014134387089235977
2020-04-27,4.02,4.03,3.98,3.98,10858206.0,36205861.0,13172847808.999998,0.0008242869087564664
2020-04-28,3.98,4.0,3.85,3.94,17705539.0,57957777.0,13172847808.999998,0.0013440934911510298
2020-04-29,3.93,3.96,3.91,3.92,9373714.0,30753880.0,13172847808.999998,0.0007115935852227533
2020-04-30,3.93,4.02,3.92,3.99,14502759.0,48202966.0,13172847808.999998,0.001100958517875791
2020-05-06,3.94,4.04,3.93,4.02,14922390.0,49664437.0,13172847808.999998,0.0011328142719302255
2020-05-07,4.0,4.04,3.99,4.03,14177435.0,47456390.0,13172847808.999998,0.001076261959871247
2020-05-08,4.03,4.1,4.03,4.09,20361853.0,69258748.0,13172847808.999998,0.001545744192541897
2020-05-11,4.1,4.12,4.06,4.11,23750526.0,81232834.0,13172847808.999998,0.0018029909966600453
2020-05-12,4.11,4.11,4.04,4.06,12910890.0,43833729.0,13172847808.999998,0.0009801138058528982
2020-05-13,4.06,4.08,4.03,4.06,9507000.0,32100219.0,13172847808.999998,0.0007217118225190907
2020-05-14,4.04,4.05,4.03,4.03,9787709.0,32960463.0,13172847808.999998,0.0007430214895000007
2020-05-15,4.04,4.34,4.03,4.2,48077368.0,167240974.0,13172847808.999998,0.003649732290017988
2020-05-18,4.12,4.15,4.09,4.1,26576705.0,91235815.0,13172847808.999998,0.002017536783643866
2020-05-19,4.11,4.14,4.08,4.09,11940986.0,40814793.0,13172847808.999998,0.0009064847763474227
2020-05-20,4.08,4.09,4.04,4.05,8602842.0,29085904.0,13172847808.999998,0.0006530738170467844
2020-05-21,4.06,4.08,3.99,4.02,12229100.0,41056822.0,13172847808.999998,0.0009283565844922912
2020-05-22,4.0,4.02,3.97,3.99,11664722.0,38781920.0,13172847808.999998,0.000885512545892346
2020-05-25,3.99,4.03,3.94,4.0,11450900.0,38060072.0,13172847808.999998,0.0008692805205095041
2020-05-26,4.0,4.04,3.98,4.02,11817036.0,39408146.0,13172847808.999998,0.0008970752696259289
2020-05-27,4.0,4.04,3.98,4.0,10808572.0,36065730.0,13172847808.999998,0.0008205190067264977
2020-05-28,4.02,4.04,3.97,4.02,11021301.0,36813637.0,13172847808.999998,0.0008366680584034372
2020-05-29,4.02,4.09,3.99,4.08,27448653.0,92530396.0,13172847808.999998,0.002083729607901978
2020-06-01,4.08,4.11,4.05,4.1,29699195.0,101254750.0,13172847808.999998,0.0022545766436099578
2020-06-02,4.09,4.18,4.08,4.15,28937337.0,99658119.0,13172847808.999998,0.0021967411617880633
2020-06-03,4.12,4.15,4.1,4.1,21673541.0,74464287.0,13172847808.999998,0.0016453193200328428
2020-06-04,4.11,4.12,4.09,4.11,12344951.0,42215291.0,13172847808.999998,0.0009371512659218336
2020-06-05,4.11,4.15,4.08,4.14,16444026.0,56481074.0,13172847808.999998,0.0012483273350174938
2020-06-08,4.14,4.16,4.1,4.12,19132666.0,65919729.0,13172847808.999998,0.00145243202361513
2020-06-09,4.14,4.16,4.11,4.15,13791045.0,47540266.0,13172847808.999998,0.0010469296540857047
2020-06-10,4.14,4.14,4.09,4.1,13361400.0,45803971.0,13172847808.999998,0.0010143136999480992
2020-06-11,4.11,4.11,4.08,4.09,11884956.0,40603579.0,13172847808.999998,0.0009022313301061536
2020-06-12,4.05,4.08,4.03,4.08,12337367.0,41762652.0,13172847808.999998,0.0009365755362003668
2020-06-15,4.06,4.11,4.03,4.04,14929306.0,50585450.0,13172847808.999998,0.001133339291280656
2020-06-16,4.06,4.11,4.04,4.08,12800378.0,43517006.0,13172847808.999998,0.0009717244278230013
2020-06-17,4.08,4.11,4.06,4.08,12569755.0,42830110.0,13172847808.999998,0.0009542169758776116
2020-06-18,4.09,4.16,4.08,4.15,24391676.0,84106886.0,13172847808.999998,0.0018516630840701763
2020-06-19,4.16,4.23,4.14,4.2,31792646.0,111260522.0,13172847808.999998,0.0024134983157004606
2020-06-22,4.2,4.26,4.17,4.21,21778114.0,76476464.0,13172847808.999998,0.0016532578464256364
2020-06-23,4.21,4.24,4.17,4.23,17165643.0,60359225.0,13172847808.999998,0.0013031079724668214
2020-06-24,4.23,4.28,4.23,4.24,19614131.0,69607502.0,13172847808.999998,0.001488981827194509
2020-06-29,4.24,4.26,4.18,4.23,16662408.0,58622273.0,13172847808.999998,0.001264905527005015
2020-06-30,4.26,4.3,4.24,4.28,15148213.0,54079055.0,13172847808.999998,0.0011499573379759528
2020-07-01,4.29,4.3,4.23,4.3,16206272.0,57671516.0,13172847808.999998,0.001230278542269918
2020-07-02,4.29,4.45,4.27,4.4,31919032.0,117048034.0,13172847808.999998,0.0024230927482660333
2020-07-03,4.44,4.5,4.38,4.47,33502714.0,124331384.0,13172847808.999998,0.0025433159545888142
2020-07-06,4.51,4.81,4.51,4.76,59826656.0,233417602.0,13172847808.999998,0.004541664556325097
2020-07-07,4.8,4.99,4.78,4.81,75117647.0,304994222.0,13172847808.999998,0.00570246070471397
2020-07-08,4.83,4.95,4.73,4.89,54196723.0,213101333.0,13172847808.999998,0.0041142753477324415
2020-07-09,4.91,5.14,4.91,5.09,47379410.0,194651213.0,13172847808.999998,0.003596747695485351
2020-07-10,5.06,5.35,4.99,5.25,68922086.0,292685826.0,13172847808.999998,0.005232132565359999
2020-07-13,5.25,5.29,5.04,5.24,60960725.0,256858300.0,13172847808.999998,0.004627755963167677
2020-07-14,5.24,5.24,4.98,5.05,57990957.0,239149916.0,13172847808.999998,0.004402309799736639
2020-07-15,5.0,5.1,4.87,4.98,41546472.0,168061068.0,13172847808.999998,0.0031539476203174895
2020-07-16,4.95,5.05,4.72,4.72,49184353.0,194515081.0,13172847808.999998,0.0037337676494217215
2020-07-17,4.73,4.82,4.68,4.75,24310609.0,93770906.0,13172847808.999998,0.0018455089857935217
2020-07-20,4.78,4.97,4.78,4.95,27599041.0,109450630.0,13172847808.999998,0.0020951461217933215
2020-07-21,4.98,5.06,4.94,5.0,26253958.0,106743046.0,13172847808.999998,0.001993035855319203
2020-07-22,4.99,5.09,4.94,5.05,30815468.0,126207359.0,13172847808.999998,0.002339317089729538
2020-07-23,5.03,5.09,4.88,5.04,30300813.0,122759975.0,13172847808.999998,0.0023002477094814515
2020-07-24,4.99,5.04,4.88,4.91,26872885.0,108084719.0,13172847808.999998,0.0020400209119276255
2020-07-27,4.92,5.0,4.86,4.92,19863138.0,79444097.0,13172847808.999998,0.001507884877135606
2020-07-28,4.93,4.98,4.92,4.95,12828549.0,51593615.0,13172847808.999998,0.0009738629934853748
2020-07-29,4.95,5.02,4.89,4.99,20993982.0,84698488.0,13172847808.999998,0.0015937314622018499
2020-07-30,5.0,5.19,4.98,5.13,34197644.0,141533576.0,13172847808.999998,0.0025960706823497473
2020-07-31,5.11,5.14,5.04,5.13,24488855.0,101478307.0,13172847808.999998,0.0018590403043500312
2020-08-03,5.15,5.22,5.1,5.2,28663362.0,120371484.0,13172847808.999998,0.002175942697858888
2020-08-04,5.21,5.22,5.1,5.2,26905153.0,113221063.0,13172847808.999998,0.002042470496138107
2020-08-05,5.16,5.18,5.04,5.06,22121033.0,91505481.0,13172847808.999998,0.001679290106493631
2020-08-06,5.09,5.1,4.95,5.0,18938398.0,77173306.0,13172847808.999998,0.0014376844152910386
2020-08-07,4.98,5.0,4.92,4.97,14758957.0,59420989.0,13172847808.999998,0.0011204074634428203
2020-08-10,4.95,5.02,4.93,4.98,14807842.0,59964841.0,13172847808.999998,0.0011241185060896959
2020-08-11,4.98,5.0,4.87,4.89,15661330.0,63064661.0,13172847808.999998,0.0011889099629086896
2020-08-12,4.89,4.91,4.77,4.84,18965866.0,74451147.0,13172847808.999998,0.0014397696136018573
2020-08-13,4.86,4.94,4.86,4.89,11104869.0,44247839.0,13172847808.999998,0.0008430120169165618
2020-08-14,4.89,4.93,4.84,4.91,8451608.0,33562482.0,13172847808.999998,0.0006415930801406256
2020-08-17,4.92,4.97,4.88,4.95,15157097.0,60929890.0,13172847808.999998,0.001150631755545245
2020-08-18,4.97,4.98,4.91,4.92,11957813.0,48005816.0,13172847808.999998,0.0009077621766669271
2020-08-19,4.93,4.94,4.87,4.88,10858160.0,43248924.0,13172847808.999998,0.000824283416724928
2020-08-20,4.87,4.88,4.79,4.81,11298555.0,44404181.0,13172847808.999998,0.0008577154434503193
2020-08-21,4.81,4.87,4.79,4.82,10166455.0,39956777.0,13172847808.999998,0.0007717735107403306
2020-08-24,4.87,4.88,4.79,4.82,9785012.0,38409300.0,13172847808.999998,0.0007428167501726279
2020-08-25,4.81,4.84,4.75,4.77,12783399.0,49757338.0,13172847808.999998,0.0009704354886166742
2020-08-26,4.78,4.78,4.65,4.66,12981283.0,49710670.0,13172847808.999998,0.0009854576009851782
2020-08-27,4.67,4.71,4.66,4.7,10351972.0,39436509.0,13172847808.999998,0.0007858567980210999
2020-08-28,4.65,4.73,4.57,4.71,24786764.0,93872768.0,13172847808.999998,0.0018816556874713987
2020-08-31,4.68,4.73,4.56,4.56,51867689.0,195947313.0,13172847808.999998,0.003937469691600231
2020-09-01,4.57,4.7,4.56,4.63,30233122.0,113981879.0,13172847808.999998,0.0022951090332451896
2020-09-02,4.65,4.7,4.57,4.68,23777731.0,89769018.0,13172847808.999998,0.0018050562296601117
2020-09-03,4.66,4.76,4.65,4.72,21757843.0,83593567.0,13172847808.999998,0.001651718999223124
2020-09-04,4.67,4.75,4.57,4.73,15919644.0,60651554.0,13172847808.999998,0.0012085195419264867
2020-09-07,4.73,4.81,4.71,4.73,22982165.0,89025009.0,13172847808.999998,0.0017446618478578373
2020-09-08,4.73,4.82,4.7,4.81,22605763.0,87684147.0,13172847808.999998,0.0017160877683985094
2020-09-09,4.79,4.86,4.76,4.84,25162165.0,98805554.0,13172847808.999998,0.0019101537772879013
2020-09-10,4.88,4.89,4.76,4.79,29800674.0,116830803.0,13172847808.999998,0.002262280292924927
2020-09-11,4.79,4.81,4.72,4.77,15972195.0,61955973.0,13172847808.999998,0.0012125088843042294
2020-09-14,4.77,4.87,4.73,4.86,18647238.0,73021841.0,13172847808.999998,0.0014155813739273424
2020-09-15,4.87,4.88,4.81,4.83,13112100.0,51650195.0,13172847808.999998,0.0009953884072843768
2020-09-16,4.82,4.91,4.82,4.91,20918416.0,83091592.0,13172847808.999998,0.0015879949653489543
2020-09-17,4.89,4.93,4.88,4.92,14111661.0,56351638.0,13172847808.999998,0.001071268810253663
2020-09-18,4.92,4.99,4.88,4.99,23114482.0,93320318.0,13172847808.999998,0.0017547065247506804
2020-09-21,5.02,5.05,4.95,5.02,17781034.0,72328225.0,13172847808.999998,0.0013498245981291594
2020-09-22,5.0,5.0,4.89,4.92,14512671.0,58266523.0,13172847808.999998,0.0011017109747585943
2020-09-23,4.92,4.93,4.82,4.84,14111571.0,55760415.0,13172847808.999998,0.0010712619780180444
2020-09-24,4.84,4.86,4.78,4.81,11476216.0,44918362.0,13172847808.999998,0.0008712023524753076
2020-09-25,4.79,4.83,4.66,4.67,10820403.0,41476680.0,13172847808.999998,0.0008214171420554367
2020-09-28,4.67,4.7,4.62,4.66,6155967.0,23353065.0,13172847808.999998,0.00046732241116412954
2020-09-29,4.67,4.72,4.63,4.68,6963369.0,26571785.0,13172847808.999998,0.0005286153078639885
2020-09-30,4.72,4.72,4.56,4.59,11054070.0,41480533.0,13172847808.999998,0.0008391556753921958
2020-10-09,4.6,4.81,4.6,4.78,15025371.0,57935818.0,13172847808.999998,0.0011406319436662977
2020-10-12,4.83,4.84,4.76,4.79,11293205.0,44034079.0,13172847808.999998,0.0008573093049996538
2020-10-13,4.79,4.81,4.73,4.75,7126586.0,27520414.0,13172847808.999998,0.000541005718985909
2020-10-14,4.73,4.75,4.66,4.67,9323513.0,35647899.0,13172847808.999998,0.000707782640108387
2020-10-15,4.68,4.7,4.62,4.66,5285959.0,20055488.0,13172847808.999998,0.0004012768595404639
2020-10-16,4.65,4.7,4.63,4.67,5746845.0,21818298.0,13172847808.999998,0.0004362644344887687
2020-10-19,4.67,4.72,4.62,4.63,7534969.0,28584390.0,13172847808.999998,0.0005720075954154676
2020-10-20,4.62,4.66,4.62,4.65,4023226.0,15193872.0,13172847808.999998,0.00030541808865743047
2020-10-21,4.66,4.66,4.6,4.65,5897300.0,22206517.0,13172847808.999998,0.0004476860345999615
2020-10-22,4.65,4.65,4.6,4.61,6915489.0,25981948.0,13172847808.999998,0.0005249805585148548
2020-10-23,4.61,4.63,4.6,4.63,4218374.0,15852435.0,13172847808.999998,0.00032023250106312686
2020-10-26,4.63,4.63,4.55,4.57,8640544.0,32131355.0,13172847808.999998,0.0006559359164611754
2020-10-27,4.56,4.56,4.51,4.55,5285659.0,19520637.0,13172847808.999998,0.000401254085421735
2020-10-28,4.55,4.59,4.51,4.56,6736999.0,25020194.0,13172847808.999998,0.0005114307170084456
2020-10-29,4.55,4.59,4.52,4.56,5301840.0,19665030.0,13172847808.999998,0.0004024824454722432
2020-10-30,4.56,4.57,4.46,4.47,5903000.0,21695766.0,13172847808.999998,0.0004481187428558107
2020-11-02,4.47,4.5,4.45,4.47,5594748.0,20338428.0,13172847808.999998,0.0004247181840343997
2020-11-03,4.49,4.54,4.46,4.52,5553701.0,20374424.0,13172847808.999998,0.0004216021531961814
2020-11-04,4.52,4.56,4.49,4.52,5847700.0,21532027.0,13172847808.999998,0.00044392071363678204
2020-11-05,4.56,4.63,4.54,4.63,10030988.0,37441314.0,13172847808.999998,0.000761489705600834
2020-11-06,4.63,4.72,4.56,4.66,13844319.0,52327724.0,13172847808.999998,0.001050973882089584
2020-11-09,4.7,5.04,4.7,5.04,55748064.0,222414808.0,13172847808.999998,0.0042320434281425175
2020-11-10,5.1,5.14,4.87,4.89,30225867.0,122195857.0,13172847808.999998,0.0022945582791405955
2020-11-11,4.83,4.89,4.77,4.79,16787071.0,65867859.0,13172847808.999998,0.0012743691602153545
2020-11-12,4.77,4.86,4.72,4.79,15535496.0,60579260.0,13172847808.999998,0.0011793574347215782
2020-11-13,4.77,4.79,4.7,4.72,13128987.0,50391281.0,13172847808.999998,0.000996670362427627
2020-11-16,4.92,5.04,4.79,4.82,35077874.0,139956416.0,13172847808.999998,0.002662892224112236
2020-11-17,4.88,5.15,4.86,5.06,75578468.0,308856173.0,13172847808.999998,0.005737443345269883
2020-11-18,5.1,5.1,4.88,4.97,43323044.0,174988926.0,13172847808.999998,0.0032888138258456673
2020-11-19,4.92,5.03,4.89,4.92,20822486.0,83438880.0,13172847808.999998,0.0015807125613167404
2020-11-20,4.94,5.09,4.81,5.0,36528700.0,147882076.0,13172847808.999998,0.002773029836042191
2020-11-23,5.0,5.14,4.98,5.02,34147450.0,140514094.0,13172847808.999998,0.0025922602686314846
2020-11-24,5.03,5.05,4.93,4.94,18143388.0,73353456.0,13172847808.999998,0.0013773322415221417
2020-11-25,4.97,5.0,4.88,4.89,15103358.0,60649421.0,13172847808.999998,0.0011465522276573356
2020-11-26,4.86,4.89,4.82,4.89,14676588.0,57974915.0,13172847808.999998,0.0011141545254908822
2020-11-27,4.87,4.91,4.82,4.86,10647802.0,42027233.0,13172847808.999998,0.000808314356499676
2020-11-30,4.97,5.03,4.87,4.87,22421549.0,90451022.0,13172847808.999998,0.0017021033967067525
2020-12-01,4.84,4.91,4.82,4.88,15603775.0,61684824.0,13172847808.999998,0.0011845407482305485
2020-12-02,4.89,4.94,4.83,4.93,18156084.0,72293962.0,13172847808.999998,0.001378296042226749
2020-12-03,4.89,4.92,4.83,4.86,14508000.0,57348240.0,13172847808.999998,0.001101356381729985
2020-12-04,4.86,4.86,4.81,4.86,10456136.0,41089504.0,13172847808.999998,0.0007937642756986931
2020-12-07,4.86,4.86,4.78,4.81,9986578.0,39040817.0,13172847808.999998,0.0007581183768916647
2020-12-08,4.79,4.82,4.76,4.77,10191468.0,39643445.0,13172847808.999998,0.0007736723408462178
2020-12-09,4.78,4.78,4.67,4.68,11989383.0,46024878.0,13172847808.999998,0.0009101587730944992
2020-12-10,4.68,4.7,4.6,4.6,13530490.0,51011692.0,13172847808.999998,0.0010271499524010027
2020-12-11,4.62,4.63,4.49,4.62,30659944.0,113458245.0,13172847808.999998,0.002327510682925556
2020-12-14,4.61,4.61,4.54,4.56,14652067.0,54333337.0,13172847808.999998,0.0011122930449397105
2020-12-15,4.56,4.6,4.54,4.59,9887889.0,36716665.0,13172847808.999998,0.000750626526880874
2020-12-16,4.59,4.6,4.55,4.55,6538900.0,24310121.0,13172847808.999998,0.0004963922831881858
2020-12-17,4.56,4.72,4.56,4.67,19547217.0,74167992.0,13172847808.999998,0.001483902135925755
2020-12-18,4.65,4.7,4.6,4.63,16186197.0,61305504.0,13172847808.999998,0.0012287545741583084
2020-12-21,4.62,4.67,4.6,4.63,9486035.0,35818335.0,13172847808.999998,0.0007201202911885856
2020-12-22,4.65,4.65,4.52,4.54,13202716.0,49190104.0,13172847808.999998,0.0010022674057601725
2020-12-23,4.59,4.59,4.52,4.54,7846699.0,29037448.0,13172847808.999998,0.0005956721821866758
2020-12-24,4.56,4.65,4.51,4.59,11592160.0,43343483.0,13172847808.999998,0.0008800040938816559
2020-12-25,4.56,4.7,4.54,4.66,16803260.0,63359008.0,13172847808.999998,0.0012755981275756954
2020-12-28,4.62,4.7,4.62,4.65,15301053.0,57995518.0,13172847808.999998,0.0011615599923310404
2020-12-29,4.67,4.94,4.62,4.81,37360100.0,145832923.0,13172847808.999998,0.0028361445104129043
2020-12-30,4.82,4.98,4.73,4.87,36991332.0,146326840.0,13172847808.999998,0.002808149956361498
2020-12-31,4.88,4.93,4.81,4.82,26039160.0,102617699.0,13172847808.999998,0.001976729738136763
2021-01-04,4.82,4.88,4.76,4.86,24992681.0,98129034.0,13172847808.999998,0.0018972876148257338
2021-01-05,4.98,5.35,4.93,5.35,117130142.0,496311716.0,13172847808.999998,0.008891785868806132
2021-01-06,5.41,5.43,4.92,5.13,106833666.0,451447900.0,13172847808.999998,0.008110141979094964
2021-01-07,5.06,5.3,4.94,5.11,64722561.0,271849455.0,13172847808.999998,0.00491333096217661
2021-01-08,5.09,5.11,4.95,4.95,52489086.0,213842091.0,13172847808.999998,0.003984642255119522
2021-01-11,4.99,5.06,4.86,4.87,37270174.0,150441280.0,13172847808.999998,0.0028293178924101853
2021-01-12,4.84,4.98,4.82,4.91,29200903.0,116340739.0,13172847808.999998,0.0022167494397110745
2021-01-13,4.87,5.1,4.83,5.05,46356528.0,188097331.0,13172847808.999998,0.003519096908439809
2021-01-14,5.03,5.19,4.98,5.06,49832427.0,206804183.0,13172847808.999998,0.003782965363492116
2021-01-15,5.04,5.14,4.98,5.05,30426068.0,124748080.0,13172847808.999998,0.0023097562836194158
2021-01-18,5.0,5.14,4.95,5.09,33856198.0,138872468.0,13172847808.999998,0.002570150243204712
2021-01-19,5.05,5.06,4.93,4.95,27789115.0,112766908.0,13172847808.999998,0.002109575347937583
2021-01-20,4.97,4.98,4.92,4.97,13678577.0,55044419.0,13172847808.999998,0.0010383917888016952
2021-01-21,4.97,5.15,4.93,5.09,38671563.0,159943654.0,13172847808.999998,0.0029357025573148034
2021-01-22,5.08,5.1,4.97,5.02,25767980.0,105146267.0,13172847808.999998,0.001956143453080412
2021-01-25,4.98,4.98,4.82,4.84,35420585.0,140247898.0,13172847808.999998,0.0026889086941245784
2021-01-26,4.84,4.88,4.75,4.76,17656760.0,68706288.0,13172847808.999998,0.0013403904953594385
2021-01-27,4.76,4.78,4.7,4.76,14375146.0,55480172.0,13172847808.999998,0.0010912709391646173
2021-01-28,4.73,4.75,4.66,4.66,13472090.0,51367027.0,13172847808.999998,0.0010227165906217753
2021-01-29,4.68,4.78,4.66,4.7,14621462.0,55907871.0,13172847808.999998,0.0011099697052607163
2021-02-01,4.68,4.73,4.63,4.7,11976147.0,45526805.0,13172847808.999998,0.0009091539789761797
2021-02-02,4.7,4.81,4.68,4.79,14116938.0,54763197.0,13172847808.999998,0.0010716694070021045
2021-02-03,4.84,4.86,4.72,4.77,10755465.0,41866571.0,13172847808.999998,0.0008164874563153774
2021-02-04,4.77,4.79,4.62,4.68,14573686.0,55515681.0,13172847808.999998,0.0011063428509394085
2021-02-05,4.68,4.72,4.66,4.68,10454164.0,39923480.0,13172847808.999998,0.0007936145738249151
2021-02-08,4.68,4.76,4.67,4.75,11229700.0,43230851.0,13172847808.999998,0.0008524884036333894
2021-02-09,4.73,4.81,4.72,4.79,16805687.0,65099777.0,13172847808.999998,0.0012757823701962123
2021-02-10,4.79,4.83,4.76,4.82,16284661.0,63430105.0,13172847808.999998,0.0012362293435800524
2021-02-18,4.86,5.02,4.86,4.99,28742458.0,115518546.0,13172847808.999998,0.002181947170175494
2021-02-19,4.95,5.08,4.94,5.08,27955244.0,114143465.0,13172847808.999998,0.002122186819838632
2021-02-22,5.06,5.19,5.02,5.03,40338592.0,167283583.0,13172847808.999998,0.0030622529452165787
2021-02-23,5.0,5.15,4.98,5.1,24239432.0,100409609.0,13172847808.999998,0.00184010567429763
2021-02-24,5.13,5.19,5.0,5.06,22010367.0,91439755.0,13172847808.999998,0.0016708890377494531
2021-02-25,5.09,5.15,5.03,5.04,17777472.0,73415412.0,13172847808.999998,0.0013495541934261182
2021-02-26,4.98,5.02,4.93,4.93,20814618.0,83957747.0,13172847808.999998,0.0015801152720962104
2021-03-01,4.97,5.08,4.93,5.06,18298465.0,74492100.0,13172847808.999998,0.0013891047148892179
2021-03-02,5.05,5.14,4.95,4.95,20229600.0,82458699.0,13172847808.999998,0.0015357043741277162
2021-03-03,4.94,5.09,4.94,5.09,24323007.0,99633781.0,13172847808.999998,0.0018464501642068583
2021-03-04,5.11,5.26,5.05,5.09,38826288.0,162463694.0,13172847808.999998,0.0029474483090492377
2021-03-05,5.05,5.25,5.03,5.18,40432814.0,169259538.0,13172847808.999998,0.003069405688599496
2021-03-08,5.2,5.27,5.14,5.15,35398559.0,149488180.0,13172847808.999998,0.002687236618327502
2021-03-09,5.18,5.59,5.16,5.41,105463800.0,462631909.0,13172847808.999998,0.00800615034267265
2021-03-10,5.31,5.38,5.04,5.11,73151513.0,309755369.0,13172847808.999998,0.005553204140870828
2021-03-11,5.05,5.22,5.03,5.21,36150353.0,150838796.0,13172847808.999998,0.002744308104379771
2021-03-12,5.19,5.35,5.11,5.32,47077867.0,201755358.0,13172847808.999998,0.0035738564418724477
2021-03-15,5.34,5.53,5.3,5.4,71728842.0,317072448.0,13172847808.999998,0.005445203879983581
2021-03-16,5.37,5.46,5.3,5.43,40024371.0,175421754.0,13172847808.999998,0.0030383992573461915
2021-03-17,5.4,5.48,5.3,5.32,33708398.0,147013597.0,13172847808.999998,0.00255893019404427
2021-03-18,5.38,5.4,5.22,5.25,31325205.0,134281785.0,13172847808.999998,0.0023780131262579295
2021-03-19,5.21,5.27,5.11,5.13,30318373.0,127759276.0,13172847808.999998,0.0023015807545643833
2021-03-22,5.1,5.21,5.1,5.21,22363876.0,94037799.0,13172847808.999998,0.001697725224208578
2021-03-23,5.2,5.25,5.1,5.14,20533470.0,86024470.0,13172847808.999998,0.001558772278988227
2021-03-24,5.1,5.13,4.97,4.97,28499219.0,116521846.0,13172847808.999998,0.0021634819906238244
2021-03-25,4.94,5.02,4.94,4.99,11278300.0,45722495.0,13172847808.999998,0.0008561778108674725
2021-03-26,5.0,5.06,4.98,5.05,13542611.0,55440614.0,13172847808.999998,0.0010280701027113796
2021-03-29,5.06,5.08,5.02,5.06,11570300.0,47501824.0,13172847808.999998,0.0008783446197636096
2021-03-30,5.04,5.06,4.99,5.05,12478778.0,50943198.0,13172847808.999998,0.0009473105725456121
2021-03-31,5.06,5.16,5.03,5.13,23169061.0,96513908.0,13172847808.999998,0.0017588498201710305
2021-04-01,5.13,5.14,5.04,5.08,14655121.0,60505141.0,13172847808.999998,0.0011125248854683707
2021-04-02,5.08,5.09,5.0,5.02,12274498.0,50162093.0,13172847808.999998,0.0009318029159658078
2021-04-06,5.09,5.09,4.99,5.04,11002567.0,44927602.0,13172847808.999998,0.000835245890602546
2021-04-07,5.13,5.22,5.11,5.19,32997358.0,138440807.0,13172847808.999998,0.002504952496107594
2021-04-08,5.19,5.19,5.05,5.08,20643158.0,85494957.0,13172847808.999998,0.0015670991041053484
2021-04-09,5.1,5.22,5.08,5.16,26850023.0,112606154.0,13172847808.999998,0.0020382853722530248
2021-04-12,5.15,5.16,5.02,5.04,20286497.0,83914436.0,13172847808.999998,0.0015400236375721118
2021-04-13,5.05,5.09,5.0,5.03,12056577.0,49364182.0,13172847808.999998,0.0009152597202074
2021-04-14,5.0,5.11,4.99,5.09,12946196.0,53227584.0,13172847808.999998,0.0009827940159723744
2021-04-15,5.09,5.1,5.04,5.04,8571113.0,35313593.0,13172847808.999998,0.0006506651503362861
2021-04-16,5.04,5.13,5.03,5.1,10073178.0,41730863.0,13172847808.999998,0.0007646925058314094
2021-04-19,5.11,5.14,5.09,5.13,12182432.0,50678166.0,13172847808.999998,0.0009248138425828223
2021-04-20,5.13,5.13,5.08,5.09,9541383.0,39555930.0,13172847808.999998,0.0007243219642666109
2021-04-21,5.08,5.09,5.02,5.02,11389881.0,46607136.0,13172847808.999998,0.0008646483406737735
2021-04-22,5.03,5.04,4.98,4.99,11393265.0,46377295.0,13172847808.999998,0.0008649052327330354
2021-04-23,4.99,4.99,4.87,4.89,20786635.0,83165145.0,13172847808.999998,0.001577990978214907
2021-04-26,4.89,4.92,4.87,4.87,9797000.0,39000795.0,13172847808.999998,0.0007437268039570351
2021-04-27,4.88,4.89,4.82,4.86,9615093.0,37853544.0,13172847808.999998,0.0007299175652383035
2021-04-28,4.86,4.89,4.82,4.89,6998417.0,27651671.0,13172847808.999998,0.0005312759322413577
2021-04-29,4.89,4.93,4.87,4.93,9314346.0,37150747.0,13172847808.999998,0.0007070867389537607
2021-04-30,4.93,4.93,4.87,4.87,7868791.0,31332958.0,13172847808.999998,0.0005973492682898726
2021-05-06,4.88,4.95,4.88,4.95,12888254.0,51597124.0,13172847808.999998,0.000978395422681073
2021-05-07,4.94,5.02,4.92,4.98,13247098.0,53671826.0,13172847808.999998,0.0010056366088849271
2021-05-10,4.98,5.0,4.93,5.0,11271924.0,45513252.0,13172847808.999998,0.0008556937849307541
2021-05-11,4.98,5.0,4.94,5.0,8969703.0,36273862.0,13172847808.999998,0.0006809236036168041
2021-05-12,5.0,5.03,4.98,5.02,10546597.0,42901275.0,13172847808.999998,0.0008006315075464789
2021-05-13,5.02,5.02,4.97,4.99,8253357.0,33452853.0,13172847808.999998,0.0006265431074335432
2021-05-14,4.98,5.03,4.98,5.02,9381254.0,38206753.0,13172847808.999998,0.0007121659747401399
2021-05-17,5.02,5.04,4.99,5.02,9257165.0,37798016.0,13172847808.999998,0.0007027459160103017
2021-05-18,5.02,5.03,4.97,5.03,10054877.0,40891806.0,13172847808.999998,0.000763303208675217
2021-05-19,5.02,5.02,4.97,4.98,6823000.0,27666030.0,13172847808.999998,0.0005179593736244616
2021-05-20,4.97,4.98,4.93,4.95,8259998.0,33271775.0,13172847808.999998,0.0006270472505084721
2021-05-21,4.94,5.02,4.94,4.98,9742400.0,39453652.0,13172847808.999998,0.0007395819143483738
2021-05-24,5.0,5.05,4.98,5.03,12843100.0,52541517.0,13172847808.999998,0.000974967614157456
2021-05-25,5.11,5.15,5.03,5.08,24709147.0,102095701.0,13172847808.999998,0.0018757634915601265
2021-05-26,5.04,5.06,5.02,5.02,15333807.0,62718337.0,13172847808.999998,0.0011640464706138625
2021-05-27,5.0,5.04,4.99,5.02,11083224.0,45129258.0,13172847808.999998,0.0008413688642502711
2021-05-28,5.0,5.1,4.98,5.06,19280572.0,78962197.0,13172847808.999998,0.0014636601196308563
2021-05-31,5.04,5.04,4.99,5.0,11572892.0,47219180.0,13172847808.999998,0.0008785413881494272
2021-06-01,5.02,5.04,4.99,5.04,10898525.0,44504536.0,13172847808.999998,0.0008273476743999025
2021-06-02,5.02,5.04,5.0,5.04,8234307.0,33664303.0,13172847808.999998,0.0006250969508942575
2021-06-03,5.04,5.32,5.04,5.2,49917501.0,210554047.0,13172847808.999998,0.0037894236480812598
2021-06-04,5.16,5.16,5.09,5.1,19085350.0,79401993.0,13172847808.999998,0.0014488400896092068
2021-06-07,5.16,5.16,5.04,5.06,13371629.0,55258426.0,13172847808.999998,0.0010150902214830259
2021-06-08,5.08,5.08,5.02,5.03,11049737.0,45281055.0,13172847808.999998,0.0008388267412040213
2021-06-09,5.04,5.05,5.02,5.02,7947928.0,32492782.0,13172847808.999998,0.0006033568530693712
2021-06-10,5.02,5.08,5.02,5.08,11583378.0,47563281.0,13172847808.999998,0.0008793374195127317
2021-06-11,5.19,5.29,5.11,5.13,36813369.0,155474073.0,13172847808.999998,0.0027946401213903224
2021-06-15,5.09,5.15,4.97,4.97,24081555.0,99060578.0,13172847808.999998,0.001828120642489084
2021-06-16,4.98,5.0,4.92,4.93,15933193.0,64217717.0,13172847808.999998,0.001209548097042013
2021-06-17,4.93,5.02,4.93,4.97,9593804.0,38880308.0,13172847808.999998,0.0007283014378595712
2021-06-18,4.97,4.97,4.93,4.97,10579237.0,42529408.0,13172847808.999998,0.0008031093316641841
2021-06-21,4.93,4.95,4.88,4.89,16390550.0,65525711.0,13172847808.999998,0.0012442677724403368
2021-06-22,4.92,4.95,4.91,4.93,8898886.0,35748603.0,13172847808.999998,0.0006755476210633871
2021-06-23,4.94,5.04,4.94,5.02,16554123.0,67388548.0,13172847808.999998,0.0012566852088498157
2021-06-24,5.02,5.05,4.97,5.04,11301575.0,46199940.0,13172847808.999998,0.0008579447029121903
2021-06-25,5.04,5.05,4.99,5.05,12063520.0,49282720.0,13172847808.999998,0.000915786789228516
2021-06-28,5.05,5.05,4.99,5.0,9048790.0,36890097.0,13172847808.999998,0.0006869273927098478
2021-06-29,4.99,5.0,4.89,4.94,20852740.0,83592953.0,13172847808.999998,0.0015830092552768218
2021-06-30,4.98,4.98,4.93,4.96,8376060.0,33077653.0,13172847808.999998,0.0006358579497348538
2021-07-01,4.96,4.96,4.92,4.93,8985400.0,35319067.0,13172847808.999998,0.0006821152214224296
2021-07-02,4.94,4.94,4.89,4.91,9209765.0,36072579.0,13172847808.999998,0.0006991476052511343
2021-07-05,4.91,4.99,4.91,4.94,14056547.0,55609520.0,13172847808.999998,0.0010670849009882463
2021-07-06,4.97,5.06,4.93,5.04,16065666.0,64313286.0,13172847808.999998,0.0012196046164765953
2021-07-07,5.06,5.06,4.99,5.04,9007151.0,36049397.0,13172847808.999998,0.0006837664209440045
2021-07-08,5.03,5.06,4.98,5.01,8849835.0,35249059.0,13172847808.999998,0.0006718239767374816
2021-07-09,4.98,4.99,4.94,4.98,7974103.0,31594348.0,13172847808.999998,0.0006053438949284684
2021-07-12,5.02,5.03,4.94,4.97,8924995.0,35461922.0,13172847808.999998,0.000677529652616364
2021-07-13,4.96,4.99,4.94,4.98,8770123.0,34697104.0,13172847808.999998,0.0006657727415637526
2021-07-14,5.02,5.06,4.98,5.01,11284268.0,45116561.0,13172847808.999998,0.0008566308640027196
2021-07-15,4.98,4.99,4.92,4.96,10700809.0,42205802.0,13172847808.999998,0.0008123383155378867
2021-07-16,4.96,4.99,4.89,4.93,9407751.0,36944395.0,13172847808.999998,0.0007141774608200062
2021-07-19,4.92,4.93,4.89,4.92,7340901.0,28714948.0,13172847808.999998,0.0005572751698371953
2021-07-20,4.89,4.89,4.79,4.84,16869025.0,65034139.0,13172847808.999998,0.0012805905939697174
2021-07-21,4.86,4.87,4.79,4.82,10196562.0,39177576.0,13172847808.999998,0.0007740590453822347
2021-07-22,4.81,4.86,4.79,4.86,7400134.0,28487610.0,13172847808.999998,0.00056177176775276
2021-07-23,4.86,4.86,4.79,4.84,9682066.0,37172806.0,13172847808.999998,0.000735001735417074
2021-07-26,4.82,4.83,4.74,4.77,11176690.0,42558724.0,13172847808.999998,0.0008484642168539914
2021-07-27,4.73,4.77,4.71,4.71,8817659.0,33307252.0,13172847808.999998,0.0006693813765900771
2021-07-28,4.72,4.72,4.59,4.63,10212993.0,37690020.0,13172847808.999998,0.0007753063838650169
2021-07-29,4.64,4.67,4.64,4.67,6570302.0,24357100.0,13172847808.999998,0.0004987761261092697
2021-07-30,4.64,4.66,4.61,4.64,6854700.0,25275613.0,13172847808.999998,0.0005203658388368162
2021-08-02,4.64,4.68,4.59,4.67,8582590.0,31759577.0,13172847808.999998,0.0006515364122051249
2021-08-03,4.67,4.73,4.64,4.71,11462788.0,42821495.0,13172847808.999998,0.0008701829829210017
2021-08-04,4.68,4.69,4.67,4.68,5784994.0,21558516.0,13172847808.999998,0.0004391604673400657
2021-08-05,4.68,4.72,4.66,4.69,7432800.0,27840755.0,13172847808.999998,0.0005642515656274216
2021-08-06,4.69,4.71,4.64,4.66,5815488.0,21617729.0,13172847808.999998,0.0004414753805951301
2021-08-09,4.62,4.69,4.62,4.69,6752112.0,25130020.0,13172847808.999998,0.0005125780011962788
2021-08-10,4.69,4.69,4.66,4.68,5455338.0,20313475.0,13172847808.999998,0.0004141350510610762
2021-08-11,4.67,4.71,4.66,4.68,8358141.0,31120781.0,13172847808.999998,0.0006344976516231761
2021-08-12,4.66,4.67,4.63,4.67,8943131.0,33146068.0,13172847808.999998,0.0006789064240072556
2021-08-13,4.66,4.67,4.64,4.66,5453376.0,20215154.0,13172847808.999998,0.00041398610832458913
2021-08-16,4.66,4.68,4.66,4.67,8181718.0,30445752.0,13172847808.999998,0.0006211047237948091
2021-08-17,4.67,4.68,4.62,4.62,10780449.0,39904585.0,13172847808.999998,0.0008183840849231207
2021-08-18,4.62,4.64,4.59,4.64,9146842.0,33661607.0,13172847808.999998,0.0006943708856752041
2021-08-19,4.64,4.64,4.59,4.61,5978604.0,21978492.0,13172847808.999998,0.0004538581244304119
2021-08-20,4.61,4.62,4.57,4.61,8652198.0,31623787.0,13172847808.999998,0.0006568206150600643
2021-08-23,4.61,4.64,4.61,4.64,9722894.0,35797713.0,13172847808.999998,0.0007381011411486203
2021-08-24,4.64,4.66,4.62,4.64,6617579.0,24464100.0,13172847808.999998,0.0005023650994797583
2021-08-25,4.63,4.69,4.62,4.69,11643100.0,43154691.0,13172847808.999998,0.0008838711392418245
2021-08-26,4.69,4.81,4.67,4.78,24195213.0,91881964.0,13172847808.999998,0.0018367488451107182
2021-08-27,4.79,4.81,4.71,4.79,14973130.0,56803626.0,13172847808.999998,0.0011366661345445749
2021-08-30,4.74,4.81,4.74,4.78,13887017.0,52920779.0,13172847808.999998,0.0010542152464945405
2021-08-31,4.78,4.81,4.74,4.78,11021400.0,41894070.0,13172847808.999998,0.0008366755738626177
2021-09-01,4.79,4.93,4.78,4.88,25360689.0,98231704.0,13172847808.999998,0.0019252244744430269
2021-09-02,4.92,4.99,4.86,4.94,24301575.0,95480106.0,13172847808.999998,0.0018448231811648652
2021-09-03,4.94,4.98,4.89,4.92,19330845.0,75976372.0,13172847808.999998,0.0014674765305337175
2021-09-06,4.94,4.97,4.91,4.93,15606296.0,61480505.0,13172847808.999998,0.0011847321267416005
2021-09-07,4.94,5.03,4.92,5.02,24035292.0,95594726.0,13172847808.999998,0.001824608645639899
2021-09-08,5.04,5.15,5.03,5.13,28337927.0,115270521.0,13172847808.999998,0.0021512377134304144
2021-09-09,5.13,5.37,5.11,5.28,54423364.0,228184163.0,13172847808.999998,0.00413148051120857
2021-09-10,5.32,5.35,5.17,5.21,36282427.0,151752098.0,13172847808.999998,0.0027543343342364434
2021-09-13,5.18,5.37,5.13,5.31,36003726.0,151976358.0,13172847808.999998,0.0027331771020235587
2021-09-14,5.32,5.36,5.2,5.22,30123427.0,126018485.0,13172847808.999998,0.0022867816767319646
2021-09-15,5.2,5.25,5.15,5.18,19228425.0,79531689.0,13172847808.999998,0.0014597014463996684
2021-09-16,5.18,5.28,5.13,5.13,22002563.0,91173466.0,13172847808.999998,0.0016702966070075852
2021-09-17,5.12,5.21,5.04,5.13,17627577.0,71915289.0,13172847808.999998,0.0013381751050032193
2021-09-22,5.09,5.22,5.04,5.22,17306023.0,71085502.0,13172847808.999998,0.0013137647417573685
2021-09-23,5.27,5.32,5.22,5.28,21965983.0,92331496.0,13172847808.999998,0.0016675196827972403
2021-09-24,5.26,5.33,5.17,5.17,18053795.0,75412895.0,13172847808.999998,0.0013705309027912116
2021-09-27,5.18,5.21,5.02,5.06,19817021.0,80258892.0,13172847808.999998,0.0015043839636908693
2021-09-28,5.06,5.09,4.99,5.07,12793347.0,51447343.0,13172847808.999998,0.0009711906783937248
2021-09-29,5.02,5.07,4.96,4.96,16605871.0,66130030.0,13172847808.999998,0.0012606135925030942
2021-09-30,4.94,4.99,4.92,4.96,11684766.0,46101142.0,13172847808.999998,0.0008870341606783534
2021-10-08,5.01,5.07,4.99,5.04,12378423.0,49681613.0,13172847808.999998,0.0009396922502621469
2021-10-11,5.03,5.07,4.99,5.03,11376227.0,45555847.0,13172847808.999998,0.0008636118146166917
2021-10-12,5.01,5.02,4.88,4.91,13799420.0,54247673.0,13172847808.999998,0.0010475654315668867
2021-10-13,4.92,4.92,4.78,4.83,12574717.0,48394088.0,13172847808.999998,0.0009545936598013878
2021-10-14,4.84,4.86,4.79,4.81,8020200.0,30765804.0,13172847808.999998,0.0006088432900986233
2021-10-15,4.81,4.83,4.72,4.73,15259208.0,57826726.0,13172847808.999998,0.0011583833823370032
2021-10-18,4.74,4.81,4.73,4.81,10148487.0,38681826.0,13172847808.999998,0.0007704094928559272
2021-10-19,4.96,4.96,4.81,4.82,11740002.0,45253461.0,13172847808.999998,0.0008912273314187199
2021-10-20,4.81,4.81,4.72,4.77,10016100.0,37937123.0,13172847808.999998,0.0007603595020020474
2021-10-21,4.74,4.78,4.74,4.74,7794260.0,29548750.0,13172847808.999998,0.0005916913421465917
2021-10-22,4.74,4.77,4.72,4.74,6925000.0,26130049.0,13172847808.999998,0.0005257025739922903
2021-10-25,4.73,4.76,4.68,4.71,9098802.0,34104677.0,13172847808.999998,0.000690723990129415
2021-10-26,4.69,4.73,4.68,4.71,6469216.0,24261853.0,13172847808.999998,0.0004911023108898351
2021-10-27,4.69,4.69,4.64,4.68,8130063.0,30230435.0,13172847808.999998,0.0006171834001183367
2021-10-28,4.68,4.68,4.61,4.64,8833036.0,32604240.0,13172847808.999998,0.0006705487020023918
2021-10-29,4.64,4.71,4.61,4.71,6680795.0,24810147.0,13172847808.999998,0.0005071640617783137
2021-11-01,4.71,4.72,4.68,4.69,6951539.0,25999043.0,13172847808.999998,0.0005277172484487785
2021-11-02,4.72,4.72,4.62,4.66,9835700.0,36560930.0,13172847808.999998,0.0007466646652730641
2021-11-03,4.66,4.67,4.61,4.66,5234187.0,19368970.0,13172847808.999998,0.0003973466539576872
2021-11-04,4.67,4.71,4.66,4.68,5791993.0,21581689.0,13172847808.999998,0.0004396917875300111
2021-11-05,4.68,4.68,4.63,4.64,6906001.0,25557304.0,13172847808.999998,0.0005242602890531885
2021-11-08,4.66,4.67,4.64,4.67,5132606.0,19049296.0,13172847808.999998,0.00038963526144234986
2021-11-09,4.66,4.67,4.63,4.64,5601325.0,20722553.0,13172847808.999998,0.0004252174686306665
2021-11-10,4.66,4.66,4.59,4.63,8452676.0,31090236.0,13172847808.999998,0.0006416741560033005
2021-11-11,4.63,4.69,4.62,4.69,8237163.0,30646400.0,13172847808.999998,0.0006253137605045567
2021-11-12,4.68,4.69,4.64,4.67,4982510.0,18510475.0,13172847808.999998,0.0003782409143599027
2021-11-15,4.67,4.69,4.64,4.69,5866906.0,21854021.0,13172847808.999998,0.0004453787127178067
2021-11-16,4.71,4.74,4.68,4.72,9674588.0,36391675.0,13172847808.999998,0.0007344340525508914
2021-11-17,4.73,4.74,4.72,4.73,7423070.0,27987587.0,13172847808.999998,0.000563512925043314
2021-11-18,4.74,4.74,4.71,4.72,5073497.0,19075231.0,13172847808.999998,0.00038514807682919316
2021-11-19,4.71,4.73,4.71,4.73,4858593.0,18265173.0,13172847808.999998,0.0003688339127914691
2021-11-22,4.71,4.74,4.69,4.73,6783400.0,25499173.0,13172847808.999998,0.0005149531899522457
2021-11-23,4.72,4.78,4.71,4.76,12140179.0,45908642.0,13172847808.999998,0.0009216062597873138
2021-11-24,4.76,4.76,4.72,4.73,6816156.0,25725788.0,13172847808.999998,0.0005174398200625261
2021-11-25,4.73,4.74,4.69,4.72,6079812.0,22837066.0,13172847808.999998,0.0004615412011247963
2021-11-26,4.72,4.72,4.66,4.67,7128913.0,26549564.0,13172847808.999998,0.0005411823702335162
2021-11-29,4.64,4.64,4.62,4.63,9017852.0,33272249.0,13172847808.999998,0.0006845787737590647
2021-11-30,4.64,4.68,4.63,4.64,7343504.0,27212963.0,13172847808.999998,0.0005574727732740332
2021-12-01,4.68,4.68,4.64,4.68,6484126.0,24110843.0,13172847808.999998,0.0004922341845906618
2021-12-02,4.67,4.88,4.66,4.77,24646223.0,93949572.0,13172847808.999998,0.0018709866960704672
2021-12-03,5.25,5.25,5.25,5.25,59614866.0,249190140.0,13172847808.999998,0.004525586787639779
2021-12-06,5.52,5.63,5.22,5.28,152300856.0,655977802.0,13172847808.999998,0.011561725923527675
2021-12-07,5.11,5.26,5.02,5.08,78105656.0,317660278.0,13172847808.999998,0.005929291610477454
2021-12-08,5.09,5.3,5.06,5.23,59471889.0,246231227.0,13172847808.999998,0.004514732870394769
2021-12-09,5.27,5.33,5.13,5.16,51268183.0,212057802.0,13172847808.999998,0.0038919589555245888
2021-12-10,5.13,5.15,5.04,5.06,32994036.0,133472294.0,13172847808.999998,0.0025047003106995363
2021-12-13,5.06,5.09,5.02,5.04,21294166.0,85578752.0,13172847808.999998,0.0016165195490569113
2021-12-14,5.03,5.04,4.89,4.94,30177917.0,118941148.0,13172847808.999998,0.002290918215830425
2021-12-15,4.96,5.06,4.89,4.98,27782976.0,110260327.0,13172847808.999998,0.0021091093135546606
2021-12-16,4.97,5.02,4.92,5.02,16375815.0,64973387.0,13172847808.999998,0.001243149183642102
2021-12-17,5.01,5.03,4.98,5.02,16023937.0,63999364.0,13172847808.999998,0.0012164368124751332
2021-12-20,5.02,5.02,4.97,5.01,12082500.0,48157904.0,13172847808.999998,0.000917227631806765
2021-12-21,5.01,5.12,4.99,5.09,24205001.0,98008108.0,13172847808.999998,0.0018374918886911132
2021-12-22,5.13,5.13,5.01,5.02,16459700.0,66139468.0,13172847808.999998,0.0012495172068073502
2021-12-23,5.01,5.01,4.94,4.96,16338872.0,64698333.0,13172847808.999998,0.0012403447027480952
2021-12-24,4.96,4.98,4.92,4.93,9346601.0,36814272.0,13172847808.999998,0.0007095353362857637
2021-12-27,4.94,4.97,4.92,4.94,9162431.0,36070431.0,13172847808.999998,0.0006955543047980872
2021-12-28,4.94,4.98,4.92,4.96,9397501.0,36986164.0,13172847808.999998,0.0007133993450967684
2021-12-29,4.96,5.08,4.94,4.98,17868097.0,71335369.0,13172847808.999998,0.0013564338751254758
2021-12-30,4.97,5.02,4.96,4.99,10895200.0,43310285.0,13172847808.999998,0.0008270952612506572
2021-12-31,5.01,5.01,4.96,4.98,10894580.0,43294028.0,13172847808.999998,0.0008270481947386174
2022-01-04,4.99,5.09,4.98,5.07,25483200.0,102764108.0,13172847808.999998,0.001934524741308351
2022-01-05,5.08,5.56,5.04,5.25,92356137.0,392943688.0,13172847808.999998,0.0070110987646042735
2022-01-06,5.2,5.4,5.16,5.3,55841025.0,236234878.0,13172847808.999998,0.004239100444313044
2022-01-07,5.3,5.4,5.23,5.28,37111413.0,157040274.0,13172847808.999998,0.002817265752865118
2022-01-10,5.3,5.36,5.23,5.27,23223298.0,97623829.0,13172847808.999998,0.0017629671530960298
2022-01-11,5.26,5.31,5.2,5.27,22200000.0,93014394.0,13172847808.999998,0.001685284785939183
2022-01-12,5.23,5.3,5.17,5.21,20634590.0,85640162.0,13172847808.999998,0.001566448675274451
2022-01-13,5.2,5.25,5.17,5.2,13884902.0,57551882.0,13172847808.999998,0.0010540546889575017
2022-01-14,5.17,5.2,5.08,5.11,23760482.0,96731861.0,13172847808.999998,0.0018037467937469286
2022-01-17,5.09,5.13,5.04,5.09,15319353.0,61929580.0,13172847808.999998,0.0011629492135735039
2022-01-18,5.08,5.13,5.07,5.13,17049656.0,69352268.0,13172847808.999998,0.001294302966770122
2022-01-19,5.09,5.15,5.08,5.12,12269631.0,50006440.0,13172847808.999998,0.0009314334438462957
2022-01-20,5.11,5.17,5.09,5.11,14196631.0,58084960.0,13172847808.999998,0.0010777191998149807
2022-01-21,5.09,5.12,5.02,5.04,17002684.0,68516574.0,13172847808.999998,0.0012907371470870079
2022-01-24,5.04,5.09,5.03,5.07,12021654.0,48586887.0,13172847808.999998,0.0009126085850461678
2022-01-25,5.04,5.07,4.93,4.93,15238399.0,60547840.0,13172847808.999998,0.0011568036935482372
2022-01-26,4.92,4.99,4.92,4.97,12344219.0,48676949.0,13172847808.999998,0.000937095697072135
2022-01-27,4.97,4.98,4.91,4.92,9048650.0,35643011.0,13172847808.999998,0.0006869167647877743
2022-01-28,4.93,4.98,4.89,4.96,11145588.0,43905785.0,13172847808.999998,0.0008461031480516364
2022-02-07,5.01,5.11,4.98,5.08,16592501.0,66886943.0,13172847808.999998,0.0012595986259450757
2022-02-08,5.09,5.23,5.08,5.21,32379854.0,133750323.0,13172847808.999998,0.002458075464735676
2022-02-09,5.22,5.26,5.16,5.2,22767701.0,94376699.0,13172847808.999998,0.0017283810858609156
2022-02-10,5.2,5.26,5.17,5.25,19050700.0,79406565.0,13172847808.999998,0.001446209678896018
2022-02-11,5.26,5.28,5.15,5.2,20474078.0,84920107.0,13172847808.999998,0.001554263610789736
2022-02-14,5.18,5.18,5.08,5.11,16147549.0,65795536.0,13172847808.999998,0.0012258206603561923
2022-02-15,5.12,5.13,5.06,5.07,9877401.0,40019137.0,13172847808.999998,0.0007498303436901115
2022-02-16,5.07,5.15,5.07,5.15,12446007.0,50894403.0,13172847808.999998,0.0009448228037293953
2022-02-17,5.15,5.16,5.09,5.11,10971250.0,44775311.0,13172847808.999998,0.0008328685003484353
2022-02-18,5.08,5.18,5.06,5.18,14647183.0,59848561.0,13172847808.999998,0.0011119222822868037
2022-02-21,5.2,5.2,5.13,5.18,12254512.0,50526325.0,13172847808.999998,0.0009302857041760879
2022-02-22,5.18,5.18,5.07,5.09,13882258.0,56658538.0,13172847808.999998,0.0010538539730577709
2022-02-23,5.09,5.12,5.07,5.08,15804700.0,64068721.0,13172847808.999998,0.0011997937142492346
2022-02-24,5.08,5.08,4.93,4.97,23495387.0,93743711.0,13172847808.999998,0.001783622443732129
2022-02-25,5.02,5.12,5.01,5.07,22580180.0,91113093.0,13172847808.999998,0.0017141456674670372
2022-02-28,5.12,5.33,5.12,5.26,67394504.0,282321131.0,13172847808.999998,0.005116168119239524
2022-03-01,5.26,5.26,5.13,5.21,41656474.0,172190516.0,13172847808.999998,0.003162298282345547
2022-03-02,5.17,5.37,5.15,5.32,49878439.0,209654466.0,13172847808.999998,0.0037864583059952976
2022-03-03,5.38,5.84,5.35,5.7,152690921.0,683091564.0,13172847808.999998,0.011591337212267646
2022-03-04,5.6,5.61,5.31,5.4,104699898.0,452455280.0,13172847808.999998,0.007948159693188482
2022-03-07,5.31,5.4,5.2,5.22,52712033.0,221690411.0,13172847808.999998,0.0040015669932803675
2022-03-08,5.22,5.25,5.02,5.04,46115403.0,187179603.0,13172847808.999998,0.003500792210511449
2022-03-09,5.04,5.11,4.81,5.03,40171909.0,160108129.0,13172847808.999998,0.0030495994171096104
2022-03-10,5.12,5.13,5.03,5.03,24966913.0,100771978.0,13172847808.999998,0.0018953314698543788
2022-03-11,5.02,5.09,4.91,5.09,32785307.0,131091681.0,13172847808.999998,0.002488854913938982
2022-03-14,5.08,5.13,4.98,4.98,22074654.0,89003166.0,13172847808.999998,0.001675769303651871
2022-03-15,4.92,4.93,4.71,4.71,35740087.0,137428665.0,13172847808.999998,0.0027131632823983237
2022-03-16,4.77,4.84,4.64,4.83,22701298.0,86130298.0,13172847808.999998,0.0017233401865077301
2022-03-17,4.88,4.92,4.83,4.84,16089875.0,62325284.0,13172847808.999998,0.001221442411944289
2022-03-18,4.84,4.96,4.81,4.93,17725419.0,69303002.0,13172847808.999998,0.0013456026560854652
2022-03-21,4.93,4.97,4.87,4.92,12272503.0,48085338.0,13172847808.999998,0.0009316514680762605
2022-03-22,4.92,4.97,4.88,4.94,12726529.0,49932361.0,13172847808.999998,0.0009661182748429643
2022-03-23,4.97,4.97,4.89,4.92,8936652.0,35001326.0,13172847808.999998,0.0006784145789564402
2022-03-24,4.96,4.96,4.87,4.88,14046455.0,54956581.0,13172847808.999998,0.0010663187796342058
2022-03-25,4.87,4.92,4.83,4.86,10220846.0,39660988.0,13172847808.999998,0.0007759025343796106
2022-03-28,4.86,4.88,4.77,4.88,10963774.0,42210412.0,13172847808.999998,0.000832300969309711
2022-03-29,4.87,4.94,4.86,4.89,10177100.0,39659040.0,13172847808.999998,0.0007725816123865613
2022-03-30,4.89,4.93,4.87,4.92,11507794.0,44927985.0,13172847808.999998,0.0008735995562127125
2022-03-31,4.92,4.96,4.88,4.93,14859472.0,58420756.0,13172847808.999998,0.0011280379319229409
2022-04-01,4.93,5.27,4.92,5.17,63909344.0,262978265.0,13172847808.999998,0.004851596627142055
2022-04-06,5.2,5.38,5.16,5.22,60032348.0,251004432.0,13172847808.999998,0.004557279403090385
2022-04-07,5.2,5.3,5.12,5.15,37212618.0,153728107.0,13172847808.999998,0.002824948601818315
2022-04-08,5.16,5.21,5.07,5.2,24104695.0,98779736.0,13172847808.999998,0.0018298772861803738
2022-04-11,5.18,5.27,5.12,5.15,35788702.0,148140709.0,13172847808.999998,0.002716853828338343
2022-04-12,5.13,5.46,5.07,5.38,84055946.0,354366852.0,13172847808.999998,0.006381000313582232
2022-04-13,5.3,5.38,5.17,5.23,54494400.0,228282141.0,13172847808.999998,0.004136873118868659
2022-04-14,5.23,5.26,5.18,5.25,26648600.0,110999591.0,13172847808.999998,0.0020229946011972484
2022-04-15,5.21,5.23,5.11,5.12,24494526.0,100737894.0,13172847808.999998,0.0018594708111077368
2022-04-18,5.09,5.15,5.04,5.09,15024438.0,60968215.0,13172847808.999998,0.0011405611161570508
2022-04-19,5.09,5.21,5.08,5.18,22688958.0,93080553.0,13172847808.999998,0.001722403411090681
2022-04-20,5.21,5.21,5.09,5.11,19133847.0,78448630.0,13172847808.999998,0.0014525216777291929
2022-04-21,5.09,5.11,4.93,4.94,23085246.0,92281035.0,13172847808.999998,0.0017524871109668191
2022-04-22,4.91,5.07,4.87,5.03,20224992.0,80702013.0,13172847808.999998,0.0015353545636640402
2022-04-25,4.98,4.99,4.81,4.81,28690977.0,112038914.0,13172847808.999998,0.0021780390554878844
2022-04-26,4.81,4.89,4.71,4.74,22679082.0,86679762.0,13172847808.999998,0.0017216536871021253
2022-04-27,4.69,4.87,4.63,4.87,21028300.0,79919741.0,13172847808.999998,0.0015963366695569787
2022-04-28,4.89,4.92,4.77,4.84,17776877.0,68699521.0,13172847808.999998,0.0013495090247573058
2022-04-29,4.86,4.93,4.81,4.91,21909100.0,85130222.0,13172847808.999998,0.0016632014821450522
2022-05-05,4.93,4.94,4.87,4.93,22117177.0,86478458.0,13172847808.999998,0.0016789973831542353
2022-05-06,4.87,4.88,4.77,4.81,14935936.0,57367789.0,13172847808.999998,0.0011338425993045649
2022-05-09,4.78,4.84,4.77,4.82,9312352.0,35701561.0,13172847808.999998,0.0007069353669779425
2022-05-10,4.77,4.88,4.73,4.87,15203969.0,58309396.0,13172847808.999998,0.0011541899838554495
2022-05-11,4.88,4.93,4.87,4.88,17861491.0,69737197.0,13172847808.999998,0.0013559323890310652
2022-05-12,4.88,4.92,4.86,4.89,10534896.0,40969815.0,13172847808.999998,0.0007997432410023224
2022-05-13,4.91,5.01,4.89,4.99,25740900.0,101935242.0,13172847808.999998,0.001954087709296483
2022-05-16,4.99,5.03,4.94,5.01,17657558.0,70205888.0,13172847808.999998,0.0013404510745152573
2022-05-17,4.99,5.02,4.92,4.96,12300243.0,48566445.0,13172847808.999998,0.0009337573149213936
2022-05-18,4.96,4.96,4.89,4.91,14928844.0,58511672.0,13172847808.999998,0.0011333042191378135
2022-05-19,4.88,4.92,4.83,4.91,10840899.0,41162932.0,13172847808.999998,0.0008229730698469958
2022-05-20,4.95,4.97,4.91,4.96,12501041.0,48111055.0,13172847808.999998,0.0009490006398964843
2022-05-23,4.97,5.0,4.95,4.97,11297102.0,43735993.0,13172847808.999998,0.0008576051408019423
2022-05-24,4.98,5.0,4.82,4.84,18153000.0,69245267.0,13172847808.999998,0.0013780619242862158
2022-05-25,4.83,5.09,4.8,5.06,36273865.0,141426274.0,13172847808.999998,0.0027536843608879204
2022-05-26,5.04,5.09,5.0,5.05,23290639.0,91447648.0,13172847808.999998,0.0017680792595271078
2022-05-27,5.05,5.07,5.02,5.07,16679921.0,65558961.0,13172847808.999998,0.0012662350041426796
2022-05-30,5.06,5.13,5.01,5.05,13953833.0,54910298.0,13172847808.999998,0.0010592874982178428
2022-05-31,5.02,5.28,5.02,5.18,41335001.0,165966786.0,13172847808.999998,0.0031378940681117532
2022-06-01,5.16,5.32,5.09,5.27,43459508.0,177190437.0,13172847808.999998,0.003299173316973073
2022-06-02,5.28,5.29,5.15,5.18,32866065.0,133189757.0,13172847808.999998,0.002494985554873346
2022-06-06,5.19,5.19,5.05,5.13,23533487.0,93462013.0,13172847808.999998,0.0017865147568107004
2022-06-07,5.1,5.32,5.09,5.25,47147225.0,192266815.0,13172847808.999998,0.003579121666295113
2022-06-08,5.2,5.25,5.07,5.18,31843753.0,127710550.0,13172847808.999998,0.002417378038653388
2022-06-09,5.15,5.19,5.09,5.13,19192916.0,76784167.0,13172847808.999998,0.0014570058257931857
2022-06-10,5.11,5.22,5.1,5.16,19958525.0,80227226.0,13172847808.999998,0.0015151260600129205
2022-06-13,5.11,5.23,5.07,5.13,20482196.0,81790271.0,13172847808.999998,0.0015548798784425402
2022-06-14,5.09,5.15,5.04,5.15,16567931.0,65721917.0,13172847808.999998,0.0012577334256211783
2022-06-15,5.16,5.32,5.13,5.16,56824315.0,230396685.0,13172847808.999998,0.004313745654996203
2022-06-16,5.19,5.19,5.1,5.13,24805724.0,98993605.0,13172847808.999998,0.0018830950117750657
2022-06-17,5.09,5.11,5.05,5.09,20877731.0,82561009.0,13172847808.999998,0.0015849064152806689
2022-06-20,5.07,5.14,5.05,5.13,16103165.0,63779144.0,13172847808.999998,0.0012224513054039795
2022-06-21,5.11,5.13,5.06,5.09,16060993.0,63647264.0,13172847808.999998,0.0012192498716205279
2022-06-22,5.09,5.13,5.05,5.06,14220113.0,56340637.0,13172847808.999998,0.0010795018060016214
2022-06-23,5.06,5.07,5.01,5.07,15969808.0,62778524.0,13172847808.999998,0.0012123276782328764
2022-06-24,5.07,5.09,5.05,5.07,12736605.0,50260878.0,13172847808.999998,0.0009668831815773392
2022-06-27,5.1,5.11,5.06,5.07,13583669.0,53694793.0,13172847808.999998,0.001031186968600618
2022-06-28,5.07,5.11,5.05,5.1,13768222.0,54453540.0,13172847808.999998,0.0010451970750465383
2022-06-29,5.1,5.11,5.01,5.01,26351224.0,103622836.0,13172847808.999998,0.0020004196800934896
2022-06-30,5.01,5.04,4.98,5.01,16670200.0,65026973.0,13172847808.999998,0.001265497046782134
2022-07-01,5.02,5.02,4.98,5.0,11502445.0,44753437.0,13172847808.999998,0.000873193493675776
2022-07-04,5.0,5.05,4.96,5.04,13389526.0,52172666.0,13172847808.999998,0.0010164488494926634
2022-07-05,5.05,5.15,5.04,5.09,26024515.0,103114300.0,13172847808.999998,0.001975617981574147
2022-07-06,5.07,5.07,4.98,5.01,17240729.0,67374765.0,13172847808.999998,0.0013088080307297508
2022-07-07,5.02,5.04,4.98,4.98,9942680.0,38756565.0,13172847808.999998,0.0007547859160117927
2022-07-08,5.0,5.02,4.98,5.02,7351374.0,28656130.0,13172847808.999998,0.0005580702143220215
2022-07-11,5.02,5.02,4.97,5.01,8062300.0,31344955.0,13172847808.999998,0.00061203925809358
2022-07-12,5.0,5.04,4.98,5.02,8857943.0,34602886.0,13172847808.999998,0.0006724394852529948
2022-07-13,5.02,5.07,5.01,5.07,18792700.0,74016097.0,13172847808.999998,0.001426623936789157
2022-07-14,5.07,5.09,5.04,5.07,14916651.0,58851839.0,13172847808.999998,0.0011323786030389416
2022-07-15,5.06,5.07,4.96,4.97,15094501.0,58898559.0,13172847808.999998,0.001145879859758729
2022-07-18,4.97,5.07,4.95,5.06,18229623.0,71568731.0,13172847808.999998,0.0013838786619507662
2022-07-19,5.06,5.07,5.04,5.06,10597902.0,41726570.0,13172847808.999998,0.0008045262614177676
2022-07-20,5.07,5.09,5.06,5.09,11531302.0,45540666.0,13172847808.999998,0.0008753841361563096
2022-07-21,5.09,5.1,5.04,5.05,11564963.0,45607048.0,13172847808.999998,0.0008779394681914223
2022-07-22,5.05,5.11,5.04,5.09,16530400.0,65345248.0,13172847808.999998,0.0012548843074544629
2022-07-25,5.07,5.13,5.06,5.11,17685533.0,70357104.0,13172847808.999998,0.001342574761086728
2022-07-26,5.11,5.13,5.09,5.13,11865037.0,47138553.0,13172847808.999998,0.0009007192045362832
2022-07-27,5.13,5.13,5.06,5.07,9409232.0,37200934.0,13172847808.999998,0.0007142898890527979
2022-07-28,5.1,5.11,5.06,5.07,8191839.0,32416602.0,13172847808.999998,0.0006218730466469933
2022-07-29,5.1,5.1,5.0,5.02,15083560.0,59098870.0,13172847808.999998,0.0011450492876486859
2022-08-01,5.0,5.01,4.96,5.01,10394701.0,40441344.0,13172847808.999998,0.0007891005157516582
2022-08-02,4.97,4.97,4.83,4.88,24271934.0,92376554.0,13172847808.999998,0.0018425730223207198
2022-08-03,4.88,4.93,4.83,4.84,12640880.0,47850084.0,13172847808.999998,0.0009596163398595902
2022-08-04,4.87,4.88,4.83,4.86,8871202.0,33485006.0,13172847808.999998,0.0006734460253870835
2022-08-05,4.86,4.89,4.83,4.89,6862584.0,25960818.0,13172847808.999998,0.0005209643426770118
2022-08-08,4.88,4.92,4.86,4.88,7755730.0,29493514.0,13172847808.999998,0.000588766386164509
2022-08-09,4.88,4.89,4.86,4.87,5882096.0,22301312.0,13172847808.999998,0.0004465318422627804
2022-08-10,4.88,4.88,4.83,4.86,8013593.0,30212228.0,13172847808.999998,0.0006083417280904836
2022-08-11,4.87,4.91,4.86,4.91,8930307.0,34004390.0,13172847808.999998,0.0006779329063453238
2022-08-12,4.91,4.95,4.88,4.92,9261191.0,35468574.0,13172847808.999998,0.0007030515446836437
2022-08-15,4.93,4.93,4.88,4.91,7925805.0,30272354.0,13172847808.999998,0.0006016774136405724
2022-08-16,4.91,4.93,4.89,4.93,6924812.0,26517296.0,13172847808.999998,0.0005256883022112201
2022-08-17,4.93,4.95,4.89,4.93,9087000.0,34786707.0,13172847808.999998,0.0006898280562986197
2022-08-18,4.92,4.93,4.88,4.89,10721518.0,40858168.0,13172847808.999998,0.0008139104129537432
2022-08-19,4.88,4.92,4.88,4.89,7917232.0,30207521.0,13172847808.999998,0.0006010266052410293
2022-08-22,4.89,4.93,4.88,4.92,8253897.0,31564840.0,13172847808.999998,0.0006265841008472553
2022-08-23,4.91,4.96,4.89,4.95,13361145.0,51305916.0,13172847808.999998,0.0010142943419471796
2022-08-24,4.93,5.0,4.92,4.93,14384630.0,55486025.0,13172847808.999998,0.0010919909049713673
2022-08-25,4.93,5.07,4.91,5.06,32204167.0,125765652.0,13172847808.999998,0.0024447384094119238
2022-08-26,5.06,5.07,5.0,5.04,19079488.0,74658673.0,13172847808.999998,0.0014483950833292438
2022-08-29,4.98,5.01,4.95,5.01,11244107.0,43615248.0,13172847808.999998,0.0008535820927284807
2022-08-30,5.01,5.09,5.01,5.05,17256180.0,67724459.0,13172847808.999998,0.0013099809737580187
2022-08-31,5.02,5.05,5.0,5.02,12355821.0,48277739.0,13172847808.999998,0.000937976448157111
2022-09-01,5.01,5.04,4.96,4.97,13071555.0,50837767.0,13172847808.999998,0.0009923104851381648
2022-09-02,4.98,5.01,4.96,5.0,8559108.0,33220258.0,13172847808.999998,0.0006497538060184843
2022-09-05,4.98,5.05,4.97,5.05,16827706.0,65866551.0,13172847808.999998,0.001277453914597185
2022-09-06,5.05,5.07,5.0,5.06,17997336.0,70827535.0,13172847808.999998,0.00136624488956016
2022-09-07,5.06,5.07,5.02,5.05,10402236.0,40874065.0,13172847808.999998,0.0007896725257003993
2022-09-08,5.06,5.07,5.02,5.06,11170036.0,43993355.0,13172847808.999998,0.0008479590869005842
2022-09-09,5.06,5.09,5.05,5.05,10003374.0,39441953.0,13172847808.999998,0.0007593934238855672
2022-09-13,5.05,5.07,5.02,5.04,9847447.0,38715753.0,13172847808.999998,0.0007475564238487591
2022-09-14,5.01,5.09,4.97,5.04,17670817.0,69278042.0,13172847808.999998,0.0013414576146493459
2022-09-15,5.05,5.06,4.95,5.02,15124734.0,59022071.0,13172847808.999998,0.0011481749595304994
2022-09-16,5.01,5.02,4.87,4.87,18913213.0,72542427.0,13172847808.999998,0.0014357725280237468
2022-09-19,4.88,4.91,4.82,4.86,12609829.0,47613083.0,13172847808.999998,0.0009572591426574191
2022-09-20,4.87,4.91,4.83,4.86,9398672.0,35576148.0,13172847808.999998,0.0007134882400735403
2022-09-21,4.84,4.95,4.8,4.92,18070339.0,68650515.0,13172847808.999998,0.0013717868195253816
2022-09-22,4.88,4.93,4.87,4.89,11374700.0,43348383.0,13172847808.999998,0.0008634958943523615
2022-09-23,4.91,4.92,4.84,4.88,8837269.0,33594172.0,13172847808.999998,0.0006708700448176567
2022-09-26,4.86,4.88,4.75,4.77,16109800.0,60305089.0,13172847808.999998,0.001222954992996534
2022-09-27,4.77,4.8,4.73,4.79,8212698.0,30467224.0,13172847808.999998,0.0006234565311222143
2022-09-28,4.79,4.79,4.74,4.75,7738213.0,28692544.0,13172847808.999998,0.0005874366053719281
2022-09-29,4.74,4.78,4.66,4.69,12761318.0,46862908.0,13172847808.999998,0.0009687592375644975
2022-09-30,4.66,4.7,4.65,4.66,8323000.0,30264840.0,13172847808.999998,0.000631829967269001
2022-10-10,4.69,4.71,4.64,4.65,9922767.0,36132205.0,13172847808.999998,0.0007532742459242968
2022-10-11,4.65,4.66,4.56,4.6,10262781.0,36759647.0,13172847808.999998,0.0007790859766092665
2022-10-12,4.6,4.62,4.52,4.62,11073799.0,39446801.0,13172847808.999998,0.0008406533773535379
2022-10-13,4.62,4.62,4.59,4.61,6871022.0,24639069.0,13172847808.999998,0.000521604902723127
2022-10-14,4.62,4.68,4.62,4.65,10070710.0,36518738.0,13172847808.999998,0.0007645051507479997
2022-10-17,4.65,4.69,4.61,4.68,8593057.0,31150451.0,13172847808.999998,0.0006523310012075766
2022-10-18,4.69,4.71,4.65,4.66,9309894.0,33902840.0,13172847808.999998,0.0007067487710318237
2022-10-19,4.65,4.8,4.64,4.74,23181621.0,85313344.0,13172847808.999998,0.0017598032966084807
2022-10-20,4.71,4.71,4.6,4.64,18653258.0,67360485.0,13172847808.999998,0.0014160383745765025
2022-10-21,4.64,4.68,4.62,4.65,7676274.0,27786460.0,13172847808.999998,0.0005827345849054287
2022-10-24,4.66,4.68,4.56,4.57,12039110.0,43154058.0,13172847808.999998,0.0009139337351012738
2022-10-25,4.57,4.6,4.53,4.56,7176975.0,25446032.0,13172847808.999998,0.0005448309358813455
2022-10-26,4.56,4.6,4.55,4.57,9149989.0,32547621.0,13172847808.999998,0.0006946097861806703
2022-10-27,4.57,4.6,4.56,4.59,6891069.0,24587733.0,13172847808.999998,0.0005231267452503217
2022-10-28,4.59,4.59,4.48,4.5,9892400.0,34824819.0,13172847808.999998,0.0007509689737128278
2022-10-31,4.52,4.52,4.43,4.46,8310900.0,28838775.0,13172847808.999998,0.000630911411146935
2022-11-01,4.46,4.51,4.43,4.51,11491299.0,39918912.0,13172847808.999998,0.000872347359251268
2022-11-02,4.48,4.53,4.47,4.52,9901862.0,34742437.0,13172847808.999998,0.0007516872694175374
2022-11-03,4.5,4.51,4.47,4.51,5732806.0,20057002.0,13172847808.999998,0.0004351986816459849
2022-11-04,4.51,4.57,4.5,4.57,12226002.0,43322863.0,13172847808.999998,0.0009281214037595507
2022-11-07,4.57,4.6,4.53,4.59,9876100.0,35139434.0,13172847808.999998,0.0007497315799285571
2022-11-08,4.59,4.59,4.55,4.57,7209201.0,25628084.0,13172847808.999998,0.0005472773317152048
2022-11-09,4.57,4.59,4.56,4.57,4120800.0,14657644.0,13172847808.999998,0.00031282529486027864
2022-11-10,4.56,4.59,4.55,4.57,6917182.0,24604595.0,13172847808.999998,0.0005251090804582149
2022-11-11,4.61,4.64,4.59,4.62,12344171.0,44361715.0,13172847808.999998,0.0009370920532131384
2022-11-14,4.64,4.65,4.61,4.62,12347500.0,44515972.0,13172847808.999998,0.0009373447700173003
2022-11-15,4.64,4.65,4.6,4.65,9012173.0,32467082.0,13172847808.999998,0.0006841476596915264
2022-11-16,4.64,4.68,4.62,4.64,7830425.0,28357980.0,13172847808.999998,0.0005944367621593616
2022-11-17,4.64,4.66,4.6,4.65,7595745.0,27411311.0,13172847808.999998,0.000576621328215028
2022-11-18,4.65,4.66,4.57,4.59,11715344.0,41987267.0,13172847808.999998,0.0008893554506866619
2022-11-21,4.59,4.59,4.53,4.55,5912551.0,20938890.0,13172847808.999998,0.00044884379488241004
2022-11-22,4.55,4.65,4.53,4.62,11912488.0,42789121.0,13172847808.999998,0.0009043213868956346
2022-11-23,4.64,4.68,4.62,4.66,11383116.0,41281309.0,13172847808.999998,0.0008641347842964365
2022-11-24,4.68,4.68,4.62,4.65,7697852.0,27890466.0,13172847808.999998,0.00058437265135187
2022-11-25,4.66,4.7,4.64,4.69,8854300.0,32258416.0,13172847808.999998,0.0006721629315378969
2022-11-28,4.66,4.69,4.62,4.69,9745338.0,35355240.0,13172847808.999998,0.0007398049488844589
2022-11-29,4.7,4.74,4.65,4.74,14355839.0,52673576.0,13172847808.999998,0.001089805272796954
2022-11-30,4.74,4.75,4.71,4.75,11611290.0,42837886.0,13172847808.999998,0.0008814563235192693
2022-12-01,4.77,4.78,4.71,4.73,10473280.0,38665847.0,13172847808.999998,0.0007950657406703212
2022-12-02,4.73,4.73,4.68,4.69,7391831.0,27019329.0,13172847808.999998,0.0005611414560600729
2022-12-05,4.7,4.82,4.69,4.82,18352000.0,68311227.0,13172847808.999998,0.0013931687563763914
2022-12-06,4.82,4.83,4.75,4.82,11239801.0,41962443.0,13172847808.999998,0.0008532552082109918
2022-12-07,4.8,4.83,4.77,4.78,15797800.0,58960729.0,13172847808.999998,0.0011992699095184696
2022-12-08,4.79,4.93,4.78,4.84,37388568.0,141056602.0,13172847808.999998,0.0028383056224528195
2022-12-09,4.79,4.84,4.73,4.74,23045859.0,85330444.0,13172847808.999998,0.0017494970969189009
2022-12-12,4.74,4.74,4.68,4.7,12147800.0,44526754.0,13172847808.999998,0.0009221847983167571
2022-12-13,4.71,4.78,4.69,4.78,13512400.0,50073566.0,13172847808.999998,0.0010257766730416495
2022-12-14,4.75,4.78,4.7,4.71,8290400.0,30497655.0,13172847808.999998,0.0006293551797004597
2022-12-15,4.69,4.74,4.65,4.68,11053416.0,40251366.0,13172847808.999998,0.0008391060278133668
2022-12-16,4.65,4.71,4.65,4.71,12332644.0,45083008.0,13172847808.999998,0.0009362169956578447
2022-12-19,4.71,4.71,4.61,4.62,14289441.0,51702477.0,13172847808.999998,0.001084764753012414
2022-12-20,4.6,4.64,4.59,4.59,8052855.0,28878111.0,13172847808.999998,0.0006113222529222649
2022-12-21,4.59,4.62,4.57,4.59,6023270.0,21535154.0,13172847808.999998,0.0004572488870542299
2022-12-22,4.6,4.61,4.48,4.5,10926922.0,38641807.0,13172847808.999998,0.0008295033965650518
2022-12-23,4.47,4.52,4.47,4.48,6983100.0,24436294.0,13172847808.999998,0.0005301131616527887
2022-12-26,4.5,4.51,4.48,4.5,6235887.0,21823008.0,13172847808.999998,0.0004733894363935106
2022-12-27,4.51,4.65,4.5,4.61,17012600.0,60917671.0,13172847808.999998,0.0012914899076247274
2022-12-28,4.57,4.6,4.56,4.57,8396911.0,29905080.0,13172847808.999998,0.000637440826900242
2022-12-29,4.56,4.57,4.51,4.53,7357919.0,26008354.0,13172847808.999998,0.0005585670696789572
2022-12-30,4.55,4.61,4.53,4.6,9780805.0,34835561.0,13172847808.999998,0.0007424973811143195
2023-01-03,4.59,4.61,4.56,4.59,10743034.0,38354261.0,13172847808.999998,0.0008155437727489805
2023-01-04,4.57,4.61,4.57,4.61,8787221.0,31406770.0,13172847808.999998,0.0006670707145038421
2023-01-05,4.61,4.65,4.59,4.6,10407133.0,37360876.0,13172847808.999998,0.0007900442752317842
2023-01-06,4.6,4.61,4.56,4.57,10450610.0,37320009.0,13172847808.999998,0.0007933447764317067
2023-01-09,4.57,4.6,4.56,4.57,6518398.0,23243425.0,13172847808.999998,0.0004948358999142523
2023-01-10,4.57,4.59,4.55,4.55,5882400.0,20868232.0,13172847808.999998,0.00044655492003642573
2023-01-11,4.53,4.57,4.53,4.53,4453499.0,15772593.0,13172847808.999998,0.0003380817166169084
2023-01-12,4.53,4.56,4.52,4.52,4491700.0,15843998.0,13172847808.999998,0.0003409816969821184
2023-01-13,4.52,4.57,4.52,4.56,4929600.0,17459547.0,13172847808.999998,0.0003742243189534143
2023-01-16,4.57,4.61,4.56,4.59,8098816.0,28937695.0,13172847808.999998,0.0006148113238252627
2023-01-17,4.6,4.6,4.57,4.59,4898283.0,17473111.0,13172847808.999998,0.0003718469286993036
2023-01-18,4.57,4.61,4.57,4.6,7279200.0,26060820.0,13172847808.999998,0.0005525912168382208
2023-01-19,4.61,4.62,4.59,4.62,6843700.0,24542186.0,13172847808.999998,0.0005195307878167562
2023-01-20,4.62,4.69,4.61,4.68,15032977.0,54481392.0,13172847808.999998,0.0011412093434898048
2023-01-30,4.74,4.74,4.66,4.68,14658336.0,53512015.0,13172847808.999998,0.0011127689481074154
2023-01-31,4.66,4.71,4.66,4.71,9302672.0,34009282.0,13172847808.999998,0.0007062005220802897
2023-02-01,4.71,4.73,4.68,4.73,12964056.0,47482787.0,13172847808.999998,0.0009841498351740353
2023-02-02,4.73,4.74,4.7,4.71,7625242.0,27986386.0,13172847808.999998,0.0005788605554821833
2023-02-03,4.7,4.7,4.66,4.69,8648600.0,31508821.0,13172847808.999998,0.0006565474774627756
2023-02-06,4.68,4.73,4.65,4.7,10307620.0,37646055.0,13172847808.999998,0.0007824898723082182
2023-02-07,4.69,4.7,4.68,4.69,6111401.0,22294779.0,13172847808.999998,0.0004639392399132212
2023-02-08,4.69,4.7,4.66,4.66,5468100.0,19915007.0,13172847808.999998,0.00041510386207180397
2023-02-09,4.66,4.69,4.66,4.69,7446394.0,27094276.0,13172847808.999998,0.0005652835368607575
2023-02-10,4.69,4.69,4.66,4.69,6298360.0,22946901.0,13172847808.999998,0.00047813199479134746
2023-02-13,4.69,4.7,4.66,4.7,8918975.0,32556434.0,13172847808.999998,0.0006770726519672039
2023-02-14,4.7,4.7,4.68,4.7,6247311.0,22829116.0,13172847808.999998,0.0004742566748347074
2023-02-15,4.7,4.7,4.66,4.68,5802123.0,21131825.0,13172847808.999998,0.0004404607936057573
2023-02-16,4.69,4.7,4.64,4.65,12264681.0,44651534.0,13172847808.999998,0.0009310576708872688
2023-02-17,4.65,4.68,4.64,4.64,6653813.0,24095798.0,13172847808.999998,0.0005051157575398358
2023-02-20,4.66,4.69,4.64,4.69,8161311.0,29659294.0,13172847808.999998,0.0006195555523251397
2023-02-21,4.69,4.74,4.68,4.71,13476200.0,49437440.0,13172847808.999998,0.0010230285960483613
2023-02-22,4.7,4.71,4.69,4.69,4848056.0,17735756.0,13172847808.999998,0.00036803400982798076
2023-02-23,4.69,4.71,4.68,4.7,4938839.0,18051876.0,13172847808.999998,0.00037492568589653555
2023-02-24,4.7,4.71,4.68,4.68,3979300.0,14521842.0,13172847808.999998,0.00030208350219314376
2023-02-27,4.68,4.69,4.65,4.66,5445248.0,19786509.0,13172847808.999998,0.0004133690815344939
2023-02-28,4.66,4.68,4.65,4.68,5229800.0,18975597.0,13172847808.999998,0.00039701362042814147
2023-03-01,4.69,4.71,4.66,4.68,25577104.0,93261516.0,13172847808.999998,0.0019416533441254157
2023-03-02,4.69,4.74,4.68,4.73,21611067.0,79281696.0,13172847808.999998,0.0016405766857212768
2023-03-03,4.71,4.78,4.7,4.77,21348316.0,78835008.0,13172847808.999998,0.0016206302774874792
2023-03-06,4.78,4.8,4.73,4.74,13614485.0,50419835.0,13172847808.999998,0.0010335263260764513
2023-03-07,4.74,4.8,4.7,4.7,17646063.0,65167440.0,13172847808.999998,0.0013395784461992946
2023-03-08,4.7,4.73,4.68,4.73,9616300.0,35250505.0,13172847808.999998,0.0007300091931093228
2023-03-09,4.73,4.74,4.7,4.71,9517234.0,34968213.0,13172847808.999998,0.0007224887236226628
2023-03-10,4.7,4.71,4.64,4.64,9205977.0,33474001.0,13172847808.999998,0.0006988600440453172
2023-03-13,4.65,4.68,4.61,4.68,7897992.0,28618783.0,13172847808.999998,0.0005995660250932153
2023-03-14,4.68,4.7,4.62,4.65,8051026.0,29234743.0,13172847808.999998,0.0006111834067117477
2023-03-15,4.68,4.77,4.65,4.75,21531084.0,79277450.0,13172847808.999998,0.0016345048779269626
2023-03-16,4.77,4.8,4.73,4.75,17206428.0,63881886.0,13172847808.999998,0.0013062041139080165
2023-03-17,4.78,4.82,4.77,4.78,15813340.0,58979335.0,13172847808.999998,0.001200449608868627
2023-03-20,4.79,4.82,4.73,4.74,14915000.0,55324280.0,13172847808.999998,0.0011322532694722034
2023-03-21,4.74,4.77,4.7,4.71,11274077.0,41412118.0,13172847808.999998,0.0008558572271894986
2023-03-22,4.74,4.74,4.7,4.7,6273700.0,23010424.0,13172847808.999998,0.00047625996223183125
2023-03-23,4.7,4.71,4.68,4.7,7858536.0,28719373.0,13172847808.999998,0.0005965707729979894
2023-03-24,4.71,4.71,4.68,4.69,9241978.0,33781683.0,13172847808.999998,0.0007015930142065153
2023-03-27,4.69,4.7,4.65,4.66,9027177.0,32776107.0,13172847808.999998,0.0006852866692828882
2023-03-28,4.66,4.68,4.64,4.65,7520000.0,27233214.0,13172847808.999998,0.0005708712428046242
2023-03-29,4.66,4.66,4.62,4.64,8222800.0,29679858.0,13172847808.999998,0.0006242234116135458
2023-03-30,4.62,4.64,4.6,4.64,7425231.0,26684211.0,13172847808.999998,0.0005636769746118913
2023-03-31,4.64,4.68,4.61,4.65,6419800.0,23244868.0,13172847808.999998,0.0004873509580528094
2023-04-03,4.66,4.7,4.65,4.69,8684104.0,31604958.0,13172847808.999998,0.0006592427185006128
2023-04-04,4.68,4.75,4.68,4.74,17030920.0,62607901.0,13172847808.999998,0.0012928806471417726
2023-04-06,4.74,4.77,4.7,4.74,13120005.0,48464599.0,13172847808.999998,0.0009959885053128835
2023-04-07,4.74,4.75,4.71,4.74,9030855.0,33282751.0,13172847808.999998,0.0006855658799785046
2023-04-10,4.74,4.75,4.71,4.73,7293978.0,26885026.0,13172847808.999998,0.0005537130699268068
2023-04-11,4.73,4.74,4.71,4.73,6806506.0,25028196.0,13172847808.999998,0.0005167072525767462
2023-04-12,4.74,4.79,4.73,4.77,12304130.0,45661096.0,13172847808.999998,0.0009340523915863911
2023-04-13,4.78,4.83,4.77,4.79,19608666.0,73217932.0,13172847808.999998,0.0014885669586649972
2023-04-14,4.79,4.82,4.75,4.79,9800852.0,36499673.0,13172847808.999998,0.0007440192236415142
2023-04-17,4.79,4.83,4.78,4.79,28790710.0,107481428.0,13172847808.999998,0.0021856101594318516
2023-04-18,4.8,4.87,4.79,4.86,23944767.0,90276419.0,13172847808.999998,0.0018177365553134512
2023-04-19,4.86,4.93,4.83,4.91,27333837.0,104198037.0,13172847808.999998,0.002075013497182051
2023-04-20,4.91,4.91,4.83,4.88,15220601.0,57692931.0,13172847808.999998,0.00115545258099778
2023-04-21,4.87,4.96,4.86,4.87,19534852.0,74634359.0,13172847808.999998,0.0014829634626654785
2023-04-24,4.88,4.89,4.8,4.86,17437854.0,65799495.0,13172847808.999998,0.0013237725245778707
2023-04-25,4.83,4.89,4.78,4.86,17018969.0,64165714.0,13172847808.999998,0.0012919734021653421
2023-04-26,4.86,4.86,4.78,4.84,15142000.0,56742677.0,13172847808.999998,0.001149485685977077
2023-04-27,4.84,4.86,4.82,4.84,12152700.0,45756115.0,13172847808.999998,0.0009225567755893294
2023-04-28,4.84,4.89,4.82,4.87,59727400.0,225426706.0,13172847808.999998,0.004534129663229909
2023-05-04,4.86,5.04,4.79,4.88,139595473.0,532517442.0,13172847808.999998,0.010597212920400181
2023-05-05,4.93,4.97,4.83,4.97,68857356.0,263541762.0,13172847808.999998,0.0052272186696755915
2023-05-08,5.02,5.19,4.96,4.97,202231558.0,790244064.0,13172847808.999998,0.015352151708746735
2023-05-09,4.98,5.11,4.91,4.92,128329577.0,499105562.0,13172847808.999998,0.00974197674342842
2023-05-10,4.88,4.92,4.78,4.79,71480100.0,268480389.0,13172847808.999998,0.005426320947180694
2023-05-11,4.8,4.91,4.71,4.83,59017381.0,221743628.0,13172847808.999998,0.0044802294732106404
2023-05-12,4.83,4.86,4.75,4.77,31561139.0,118056861.0,13172847808.999998,0.0023959237560185497
2023-05-15,4.8,4.82,4.65,4.75,40584667.0,148979459.0,13172847808.999998,0.003080933416103965
2023-05-16,4.75,4.75,4.66,4.68,26218816.0,96029724.0,13172847808.999998,0.0019903680950512986
2023-05-17,4.68,4.71,4.64,4.7,18914912.0,68948841.0,13172847808.999998,0.0014359015054494814
2023-05-18,4.7,4.75,4.66,4.69,36405500.0,133321973.0,13172847808.999998,0.0027636772646175197
2023-05-19,4.66,4.68,4.6,4.61,37286118.0,134161506.0,13172847808.999998,0.0028305282609068973
2023-05-22,4.6,4.65,4.6,4.61,17422901.0,62635303.0,13172847808.999998,0.0013226373865866928
2023-05-23,4.62,4.62,4.56,4.56,21852618.0,77989894.0,13172847808.999998,0.0016589137228982317
2023-05-24,4.56,4.62,4.51,4.56,31917712.0,113458236.0,13172847808.999998,0.002422992542143626
2023-05-25,4.53,4.6,4.53,4.56,15979239.0,56676537.0,13172847808.999998,0.0012130436206119841
2023-05-26,4.56,4.6,4.52,4.6,13405766.0,47662190.0,13172847808.999998,0.0010176816884531882
2023-05-29,4.59,4.61,4.57,4.6,16332438.0,58353638.0,13172847808.999998,0.0012398562738150892
2023-05-30,4.59,4.6,4.52,4.57,18342000.0,65126290.0,13172847808.999998,0.001392409619085428
2023-05-31,4.57,4.57,4.52,4.53,14570800.0,51507964.0,13172847808.999998,0.0011061237639172364
2023-06-01,4.56,4.58,4.53,4.56,13146200.0,45493538.0,13172847808.999998,0.0009979770654465626
2023-06-02,4.57,4.58,4.54,4.58,12824116.0,44478689.0,13172847808.999998,0.0009735264679242907
2023-06-05,4.6,4.6,4.57,4.58,7525300.0,26162201.0,13172847808.999998,0.0005712735855688349
2023-06-06,4.58,4.6,4.53,4.54,15058200.0,52199653.0,13172847808.999998,0.0011431241154788022
2023-06-07,4.56,4.57,4.52,4.56,16408664.0,56566286.0,13172847808.999998,0.0012456428737291883
2023-06-08,4.56,4.6,4.54,4.6,16539992.0,57481811.0,13172847808.999998,0.001255612471943955
2023-06-09,4.6,4.62,4.58,4.61,16226694.0,56662414.0,13172847808.999998,0.0012318288524455238
2023-06-12,4.58,4.61,4.54,4.57,11763325.0,40817654.0,13172847808.999998,0.0008929978673224343
2023-06-13,4.56,4.58,4.52,4.54,13522200.0,46684958.0,13172847808.999998,0.001026520627586794
2023-06-14,4.54,4.56,4.52,4.53,10759770.0,37018109.0,13172847808.999998,0.0008168142649191372
2023-06-15,4.53,4.54,4.49,4.53,18967035.0,65001035.0,13172847808.999998,0.001439858356751171
2023-06-16,4.53,4.56,4.53,4.54,12590800.0,43458754.0,13172847808.999998,0.0009558145803064445
2023-06-19,4.56,4.56,4.49,4.5,11481600.0,39353940.0,13172847808.999998,0.0008716110719927624
2023-06-20,4.5,4.52,4.48,4.48,10694859.0,36534211.0,13172847808.999998,0.0008118866288497633
2023-06-21,4.48,4.5,4.46,4.46,9886446.0,33646141.0,13172847808.999998,0.0007505169833697881
2023-06-26,4.45,4.46,4.37,4.39,17107686.0,57358765.0,13172847808.999998,0.001298708240469584
2023-06-27,4.4,4.45,4.39,4.44,7288201.0,24495475.0,13172847808.999998,0.0005532745163138172
2023-06-28,4.44,4.46,4.41,4.46,9577301.0,32319198.0,13172847808.999998,0.0007270486335882939
2023-06-29,4.45,4.46,4.41,4.42,10540000.0,35458241.0,13172847808.999998,0.0008001307046756303
2023-06-30,4.41,4.46,4.41,4.46,9255901.0,31294666.0,13172847808.999998,0.000702649961056724
2023-07-03,4.48,4.52,4.46,4.52,12049601.0,41163892.0,13172847808.999998,0.0009147301460332238
2023-07-04,4.52,4.52,4.48,4.49,8841287.0,30176905.0,13172847808.999998,0.0006711750661811659
2023-07-05,4.49,4.5,4.48,4.49,6281300.0,21416890.0,13172847808.999998,0.0004768369065729636
2023-07-06,4.49,4.5,4.46,4.48,7521955.0,25612028.0,13172847808.999998,0.0005710196541450076
2023-07-07,4.46,4.53,4.45,4.52,12777455.0,43714216.0,13172847808.999998,0.0009699842574109255
2023-07-10,4.52,4.54,4.5,4.53,10968900.0,37693402.0,13172847808.999998,0.0008326901030850588
2023-07-11,4.53,4.54,4.52,4.53,6793500.0,23359149.0,13172847808.999998,0.0005157199186161189
2023-07-12,4.54,4.54,4.49,4.49,7660300.0,26261907.0,13172847808.999998,0.0005815219389968435
2023-07-13,4.49,4.54,4.49,4.54,9100499.0,31273603.0,13172847808.999998,0.0006908528157276915
2023-07-14,4.54,4.54,4.5,4.52,6034314.0,20725298.0,13172847808.999998,0.0004580872782783701
2023-07-17,4.53,4.53,4.5,4.53,7542900.0,25866179.0,13172847808.999998,0.0005726096672009309
2023-07-18,4.53,4.56,4.52,4.54,13558966.0,46709922.0,13172847808.999998,0.0010293116717507505
2023-07-19,4.54,4.56,4.52,4.54,7542833.0,25977710.0,13172847808.999998,0.0005726045809810814
2023-07-20,4.54,4.56,4.52,4.52,9901100.0,34142750.0,13172847808.999998,0.0007516294231559661
2023-07-21,4.53,4.57,4.52,4.56,13237899.0,45750516.0,13172847808.999998,0.0010049382784909698
2023-07-24,4.56,4.58,4.54,4.57,7190401.0,24912096.0,13172847808.999998,0.0005458501536081932
2023-07-25,4.58,4.61,4.57,4.6,14214700.0,49548955.0,13172847808.999998,0.0010790908849860228
2023-07-26,4.58,4.61,4.58,4.6,10987712.0,38318161.0,13172847808.999998,0.0008341181921568195
2023-07-27,4.6,4.62,4.58,4.6,10817649.0,37854985.0,13172847808.999998,0.0008212080756455054
2023-07-28,4.6,4.66,4.58,4.65,19308899.0,67939632.0,13172847808.999998,0.0014658105278349688
2023-07-31,4.68,4.71,4.64,4.69,34047749.0,121067863.0,13172847808.999998,0.0025846915939268487
2023-08-01,4.69,4.73,4.68,4.7,15510184.0,55380832.0,13172847808.999998,0.0011774359064106912
2023-08-02,4.7,4.7,4.65,4.66,16308648.0,57886980.0,13172847808.999998,0.0012380502861998868
2023-08-03,4.66,4.7,4.64,4.69,14833282.0,52600201.0,13172847808.999998,0.0011260497513579072
2023-08-04,4.69,4.7,4.66,4.66,17165910.0,60985062.0,13172847808.999998,0.0013031282414324903
2023-08-07,4.65,4.65,4.58,4.6,13771000.0,48243249.0,13172847808.999998,0.0010454079633859682
2023-08-08,4.6,4.61,4.56,4.58,11526210.0,40120725.0,13172847808.999998,0.000874997583447751
2023-08-09,4.57,4.58,4.54,4.56,14542810.0,50367135.0,13172847808.999998,0.0011039989386398294
2023-08-10,4.56,4.62,4.56,4.61,13089084.0,45696930.0,13172847808.999998,0.000993641176895495
2023-08-11,4.61,4.62,4.54,4.54,13156100.0,45645324.0,13172847808.999998,0.0009987286113646166
2023-08-14,4.52,4.56,4.49,4.53,12520604.0,42999501.0,13172847808.999998,0.0009504857401787964
2023-08-15,4.56,4.61,4.53,4.6,14200886.0,49322498.0,13172847808.999998,0.0010780422127322858
2023-08-16,4.58,4.58,4.54,4.54,11317100.0,39149221.0,13172847808.999998,0.0008591232635564112
2023-08-17,4.53,4.54,4.5,4.53,12150500.0,41724861.0,13172847808.999998,0.0009223897653853173
2023-08-18,4.53,4.61,4.52,4.56,17453666.0,60695401.0,13172847808.999998,0.0013249728724623424
2023-08-21,4.57,4.6,4.5,4.52,15633583.0,54029808.0,13172847808.999998,0.0011868035846674529
2023-08-22,4.52,4.54,4.45,4.5,15939475.0,54415822.0,13172847808.999998,0.0012100249870881964
2023-08-23,4.5,4.53,4.46,4.46,11022622.0,37599296.0,13172847808.999998,0.0008367683404395734
2023-08-24,4.48,4.49,4.42,4.45,14339892.0,48471224.0,13172847808.999998,0.0010885946765590542
2023-08-25,4.44,4.53,4.41,4.48,13845284.0,47067991.0,15807417370.0,0.0008758726157427954
2023-08-28,4.64,4.66,4.53,4.54,26040838.0,90559934.0,15807417370.0,0.0016473809345618612
2023-08-29,4.53,4.56,4.48,4.52,20122490.0,68965297.0,15807417370.0,0.001272977712234595
2023-08-30,4.52,4.53,4.46,4.48,14538598.0,49536004.0,15807417370.0,0.0009197326583906096
2023-08-31,4.46,4.48,4.44,4.45,9981807.0,33726174.0,15807417370.0,0.000631463493773746
2023-09-01,4.45,4.53,4.45,4.5,17180798.0,58593634.0,15807417370.0,0.0010868820375810702
2023-09-04,4.49,4.57,4.48,4.54,27013226.0,93004178.0,15807417370.0,0.0017088956005721003
2023-09-05,4.54,4.56,4.5,4.53,8991335.0,30900729.0,15807417370.0,0.0005688048078659671
2023-09-06,4.52,4.53,4.49,4.49,11862123.0,40542056.0,15807417370.0,0.0007504149933127249
2023-09-07,4.49,4.52,4.48,4.48,10865936.0,37103201.0,15807417370.0,0.0006873947682701061
2023-09-08,4.49,4.49,4.45,4.45,10599326.0,35887209.0,15807417370.0,0.0006705286355072689
2023-09-11,4.45,4.48,4.45,4.46,10626677.0,36019527.0,15807417370.0,0.0006722588991777852
2023-09-12,4.48,4.48,4.45,4.46,8990100.0,30470917.0,15807417370.0,0.0005687266799864348
2023-09-13,4.48,4.49,4.45,4.46,13755319.0,46660571.0,15807417370.0,0.0008701813002107124
2023-09-14,4.46,4.52,4.44,4.52,23269910.0,79305254.0,15807417370.0,0.0014720880366050587
2023-09-15,4.52,4.56,4.5,4.54,17456900.0,60111467.0,15807417370.0,0.00110434864794109
2023-09-18,4.53,4.56,4.52,4.54,14999860.0,51703677.0,15807417370.0,0.0009489127571507906
2023-09-19,4.56,4.6,4.54,4.58,20429283.0,71097621.0,15807417370.0,0.0012923858794777936
2023-09-20,4.6,4.64,4.57,4.61,29615956.0,103691020.0,15807417370.0,0.0018735480506895733
2023-09-21,4.62,4.62,4.57,4.58,15083530.0,52583205.0,15807417370.0,0.0009542058419123022
2023-09-22,4.57,4.6,4.53,4.57,12354408.0,42780306.0,15807417370.0,0.0007815576517544688
2023-09-25,4.57,4.61,4.54,4.58,14654719.0,51085859.0,15807417370.0,0.0009270786401713134
2023-09-26,4.58,4.62,4.57,4.58,10736968.0,37464417.0,15807417370.0,0.0006792360667579437
2023-09-27,4.58,4.6,4.53,4.54,13754200.0,47600606.0,15807417370.0,0.0008701105106583265
2023-09-28,4.54,4.56,4.53,4.54,10430200.0,35998749.0,15807417370.0,0.0006598294810507682
2023-10-09,4.53,4.57,4.49,4.54,14566396.0,50142572.0,15807417370.0,0.0009214911999252159
2023-10-10,4.54,4.56,4.48,4.48,16361300.0,55847220.0,15807417370.0,0.001035039413272606
2023-10-11,4.48,4.52,4.48,4.49,10782788.0,36771174.0,15807417370.0,0.0006821347059807532
2023-10-12,4.49,4.53,4.49,4.52,8026400.0,27484413.0,15807417370.0,0.0005077616293748812
2023-10-13,4.5,4.5,4.46,4.48,7657201.0,26042357.0,15807417370.0,0.0004844055686498268
2023-10-16,4.48,4.53,4.46,4.49,11966300.0,40906040.0,15807417370.0,0.0007570053804431179
2023-10-17,4.5,4.53,4.49,4.49,9040900.0,30925490.0,15807417370.0,0.0005719403611850099
2023-10-18,4.5,4.5,4.44,4.44,11019552.0,37322140.0,15807417370.0,0.0006971127377779865
2023-10-19,4.44,4.45,4.37,4.37,13950000.0,46653480.0,15807417370.0,0.0008824971007898427
2023-10-20,4.37,4.41,4.35,4.36,11499625.0,38218154.0,15807417370.0,0.0007274828475032541
2023-10-23,4.36,4.37,4.28,4.28,10655600.0,34969008.0,15807417370.0,0.0006740886098334228
2023-10-24,4.29,4.32,4.27,4.29,11726734.0,38188753.0,15807417370.0,0.0007418500900884355
2023-10-25,4.32,4.39,4.31,4.36,12975606.0,42882154.0,15807417370.0,0.0008208555323291246
2023-10-26,4.36,4.41,4.33,4.41,9497610.0,31637449.0,15807417370.0,0.0006008324938661375
2023-10-27,4.41,4.46,4.4,4.45,10391015.0,35053229.0,15807417370.0,0.000657350581488442
2023-10-30,4.48,4.61,4.48,4.53,29433776.0,101518551.0,15807417370.0,0.0018620230813833443
2023-10-31,4.54,4.57,4.52,4.54,16980851.0,58571080.0,15807417370.0,0.0010742331022540717
2023-11-01,4.57,4.58,4.53,4.57,17186222.0,59548824.0,15807417370.0,0.001087225167636603
2023-11-02,4.56,4.58,4.54,4.57,12189942.0,42282998.0,15807417370.0,0.0007711532956126406
2023-11-03,4.57,4.58,4.5,4.5,17453645.0,60018818.0,15807417370.0,0.0011041427319509057
2023-11-06,4.52,4.53,4.48,4.49,18396348.0,62699728.0,15807417370.0,0.0011637794820875283
2023-11-07,4.48,4.53,4.48,4.52,14309080.0,48945030.0,15807417370.0,0.0009052130189942597
2023-11-08,4.52,4.54,4.48,4.5,12821000.0,43895702.0,15807417370.0,0.0008110749339947364
2023-11-09,4.5,4.56,4.49,4.53,14953606.0,51539771.0,15807417370.0,0.0009459866624626234
2023-11-10,4.52,4.54,4.49,4.54,14448422.0,49571949.0,15807417370.0,0.0009140279946944932
2023-11-13,4.56,4.6,4.53,4.6,24991691.0,86754728.0,15807417370.0,0.001581010383608287
2023-11-14,4.61,4.64,4.54,4.57,22444508.0,78036183.0,15807417370.0,0.0014198719167494215
2023-11-15,4.58,4.62,4.54,4.6,26714002.0,93053223.0,15807417370.0,0.0016899662591752015
2023-11-16,4.57,4.6,4.54,4.57,15849600.0,54993366.0,15807417370.0,0.0010026685339554616
2023-11-17,4.56,4.58,4.56,4.56,11520800.0,39977089.0,15807417370.0,0.0007288224085146681
2023-11-20,4.56,4.62,4.56,4.61,18972518.0,66131471.0,15807417370.0,0.0012002288265005809
2023-11-21,4.61,4.65,4.6,4.62,19652108.0,69064450.0,15807417370.0,0.0012432206691332527
2023-11-22,4.61,4.68,4.61,4.65,25030012.0,88488729.0,15807417370.0,0.001583434625285661
2023-11-23,4.65,4.71,4.64,4.7,20901254.0,74258268.0,15807417370.0,0.0013222434450087528
2023-11-24,4.7,4.74,4.69,4.7,20834788.0,74538806.0,15807417370.0,0.0013180387100767746
2023-11-27,4.7,4.74,4.66,4.73,23342707.0,83510974.0,15807417370.0,0.0014766932797194814
2023-11-28,4.73,4.75,4.69,4.75,16589316.0,59616336.0,15807417370.0,0.001049464033984699
2023-11-29,4.73,4.77,4.71,4.73,12632400.0,45471323.0,15807417370.0,0.0007991438262378214
2023-11-30,4.73,4.78,4.7,4.75,21704156.0,78213421.0,15807417370.0,0.0013730361824437613
2023-12-01,4.77,4.83,4.75,4.77,21575400.0,78466484.0,15807417370.0,0.0013648908923570733
2023-12-04,4.79,4.87,4.78,4.86,27174300.0,99834412.0,15807417370.0,0.0017190853739063386
2023-12-05,4.85,4.87,4.82,4.83,23662984.0,87088716.0,15807417370.0,0.0014969544642320024
2023-12-06,4.82,4.82,4.74,4.77,20123495.0,72886774.0,15807417370.0,0.0012730412899827166
2023-12-07,4.75,4.81,4.74,4.79,19346653.0,70184587.0,15807417370.0,0.0012238971456980008
2023-12-08,4.78,4.81,4.74,4.75,18611710.0,67396364.0,15807417370.0,0.0011774035925262597
2023-12-11,4.74,4.85,4.69,4.83,27133700.0,98477017.0,15807417370.0,0.001716516959405115
2023-12-12,4.82,4.85,4.79,4.83,14615500.0,53561282.0,15807417370.0,0.0009245975897199961
2023-12-13,4.85,4.87,4.81,4.82,12713400.0,46756714.0,15807417370.0,0.000804268002952085
2023-12-14,4.81,4.85,4.78,4.81,12319200.0,45030744.0,15807417370.0,0.0007793303429426688
2023-12-15,4.81,4.82,4.75,4.77,12437544.0,45195116.0,15807417370.0,0.0007868169549065307
2023-12-18,4.77,4.85,4.75,4.81,22194144.0,81125864.0,15807417370.0,0.0014040335293557193
2023-12-19,4.81,4.82,4.75,4.79,15896201.0,57815990.0,15807417370.0,0.0010056165803636271
2023-12-20,4.81,4.85,4.74,4.77,16354600.0,59381453.0,15807417370.0,0.0010346155616184631
2023-12-21,4.74,4.78,4.7,4.77,16076400.0,57933452.0,15807417370.0,0.0010170162287553997
2023-12-22,4.77,4.83,4.75,4.79,18923400.0,68854163.0,15807417370.0,0.001197121551045628
2023-12-25,4.79,4.79,4.68,4.74,19522700.0,69951477.0,15807417370.0,0.0012350341325870868
2023-12-26,4.77,4.79,4.73,4.74,13572300.0,49023451.0,15807417370.0,0.0008586032545555543
2023-12-27,4.75,4.77,4.71,4.75,15109200.0,54397027.0,15807417370.0,0.0009558297631006373
2023-12-28,4.74,4.77,4.69,4.7,25541433.0,91567466.0,15807417370.0,0.0016157878546607894
2023-12-29,4.7,4.71,4.66,4.69,20074183.0,71422514.0,15807417370.0,0.0012699217418082256
2024-01-02,4.68,4.77,4.68,4.73,24852644.0,89377962.0,15807417370.0,0.001572214070033124
2024-01-03,4.71,4.81,4.71,4.77,17502674.0,63344646.0,15807417370.0,0.0011072443771376172
2024-01-04,4.78,4.81,4.73,4.77,16564281.0,59882203.0,15807417370.0,0.001047880283811346
2024-01-05,4.78,4.81,4.73,4.74,15904201.0,57598880.0,15807417370.0,0.0010061226718909618
2024-01-08,4.75,4.75,4.66,4.69,16029300.0,57179136.0,15807417370.0,0.0010140366148882168
2024-01-09,4.66,4.73,4.6,4.7,20051699.0,71064830.0,15807417370.0,0.0012684993715706514
2024-01-10,4.7,4.75,4.68,4.73,19764948.0,70849376.0,15807417370.0,0.0012503590901263083
2024-01-11,4.7,4.73,4.68,4.68,17071734.0,60873621.0,15807417370.0,0.0010799824917889164
2024-01-12,4.68,4.79,4.68,4.74,18209983.0,65741273.0,15807417370.0,0.0011519897636510625
2024-01-15,4.74,4.78,4.71,4.75,15528634.0,56112270.0,15807417370.0,0.000982363762310149
2024-01-16,4.74,4.77,4.71,4.77,14320200.0,51574381.0,15807417370.0,0.0009059164862172548
2024-01-17,4.75,4.79,4.69,4.7,19842799.0,71770102.0,15807417370.0,0.0012552840565631248
2024-01-18,4.68,4.69,4.48,4.61,29530392.0,102126071.0,15807417370.0,0.0018681351487589651
2024-01-19,4.6,4.64,4.56,4.61,15912158.0,55656878.0,15807417370.0,0.0010066260431763371
2024-01-22,4.6,4.61,4.41,4.42,19026297.0,65287843.0,15807417370.0,0.0012036309635316475
2024-01-23,4.4,4.5,4.33,4.48,25850495.0,86836748.0,15807417370.0,0.0016353395621134283
2024-01-24,4.48,4.6,4.44,4.57,31027956.0,106622596.0,15807417370.0,0.0019628732052641438
2024-01-25,4.57,4.75,4.56,4.73,32297038.0,115302797.0,15807417370.0,0.0020431571612257618
2024-01-26,4.75,4.85,4.73,4.83,27982999.0,102271144.0,15807417370.0,0.0017702448379143417
2024-01-29,4.83,4.91,4.81,4.85,32955500.0,121528504.0,15807417370.0,0.0020848124161347427
2024-01-30,4.82,4.89,4.71,4.77,25496308.0,93495541.0,15807417370.0,0.0016129331821394175
2024-01-31,4.74,4.78,4.65,4.71,30890575.0,110784286.0,15807417370.0,0.001954182285249548
2024-02-01,4.66,4.74,4.61,4.66,23149616.0,82229404.0,15807417370.0,0.0014644780648314089
2024-02-02,4.65,4.74,4.53,4.62,27656528.0,97759455.0,15807417370.0,0.0017495918120367818
2024-02-05,4.61,4.66,4.42,4.53,40644313.0,140411344.0,15807417370.0,0.0025712178054548324
2024-02-06,4.48,4.69,4.44,4.62,42556808.0,147174467.0,15807417370.0,0.002692204994901074
2024-02-07,4.61,4.62,4.41,4.46,70358587.0,238914853.0,15807417370.0,0.004450985594492467
2024-02-08,4.46,4.53,4.31,4.53,83410760.0,278474878.0,15807417370.0,0.005276684865568271
2024-02-19,4.53,4.66,4.49,4.65,60790941.0,211850778.0,15807417370.0,0.0038457225223502783
2024-02-20,4.64,4.66,4.58,4.66,22829100.0,80387072.0,15807417370.0,0.0014442017608345089
2024-02-21,4.62,4.73,4.61,4.68,31951591.0,113618520.0,15807417370.0,0.0020213036862453643
2024-02-22,4.68,4.7,4.64,4.69,24307600.0,86017586.0,15807417370.0,0.0015377338012300488
2024-02-23,4.69,4.73,4.66,4.69,20798835.0,73989309.0,15807417370.0,0.0013157642714914917
2024-02-26,4.7,4.7,4.62,4.64,23550282.0,83460791.0,15807417370.0,0.0014898247733177933
2024-02-27,4.62,4.73,4.62,4.68,27363915.0,97161505.0,15807417370.0,0.0017310806920257842
2024-02-28,4.68,4.71,4.64,4.64,32736166.0,116386182.0,15807417370.0,0.00207093703125269
2024-02-29,4.64,4.68,4.61,4.66,26449102.0,93161521.0,15807417370.0,0.001673208303476332
2024-03-01,4.65,4.65,4.6,4.62,27116012.0,95084713.0,15807417370.0,0.001715397991038178
2024-03-04,4.6,4.62,4.56,4.57,20906150.0,72553401.0,15807417370.0,0.0013225531730234818
2024-03-05,4.54,4.57,4.52,4.54,18268800.0,63037677.0,15807417370.0,0.001155710611821468
2024-03-06,4.52,4.56,4.52,4.53,16868258.0,58076926.0,15807417370.0,0.0010671103068369226
2024-03-07,4.53,4.58,4.52,4.54,22696050.0,78489108.0,15807417370.0,0.001435784826120524
2024-03-08,4.54,4.56,4.5,4.53,15080432.0,51827261.0,15807417370.0,0.0009540098579683419
2024-03-11,4.53,4.56,4.52,4.56,14521110.0,50071272.0,15807417370.0,0.0009186263423118561
2024-03-12,4.54,4.56,4.52,4.53,18233482.0,62783793.0,15807417370.0,0.0011534763442511671
2024-03-13,4.54,4.54,4.5,4.52,19007884.0,65184872.0,15807417370.0,0.0012024661306200457
2024-03-14,4.52,4.54,4.49,4.52,19398727.0,66597650.0,15807417370.0,0.0012271914219723042
2024-03-15,4.52,4.53,4.48,4.52,22384282.0,76576137.0,15807417370.0,0.0014160619332087643
2024-03-18,4.52,4.58,4.52,4.58,26152842.0,90560968.0,15807417370.0,0.0016544664689903104
2024-03-19,4.57,4.58,4.54,4.54,18388260.0,63735243.0,15807417370.0,0.001163267823553393
2024-03-20,4.54,4.58,4.53,4.56,17909493.0,61993804.0,15807417370.0,0.0011329803332699629
2024-03-21,4.56,4.58,4.56,4.57,16221797.0,56276002.0,15807417370.0,0.0010262142524803848
2024-03-22,4.57,4.57,4.5,4.52,18884693.0,64872741.0,15807417370.0,0.0011946728904520599
2024-03-25,4.5,4.53,4.48,4.49,17282467.0,59124417.0,15807417370.0,0.0010933137650176437
2024-03-26,4.49,4.52,4.46,4.52,16947200.0,57758745.0,15807417370.0,0.0010721042915057793
2024-03-27,4.5,4.56,4.49,4.5,20993000.0,72134116.0,15807417370.0,0.0013280474291671087
2024-03-28,4.5,4.5,4.42,4.46,30178100.0,102314794.0,15807417370.0,0.0019091100901323262
2024-03-29,4.46,4.52,4.45,4.52,18300300.0,62431081.0,15807417370.0,0.0011577033472103483
2024-04-01,4.5,4.57,4.5,4.56,21672060.0,74839122.0,15807417370.0,0.0013710057432360944
2024-04-02,4.56,4.65,4.54,4.61,44733783.0,156644661.0,15807417370.0,0.002829923570241
2024-04-03,4.62,4.68,4.62,4.66,27914898.0,98592889.0,15807417370.0,0.0017659366705264643
2024-04-08,4.65,4.7,4.62,4.66,29232958.0,103798917.0,15807417370.0,0.0018493190453413074
2024-04-09,4.68,4.73,4.65,4.71,23881517.0,85105101.0,15807417370.0,0.0015107791766998811
2024-04-10,4.71,4.74,4.69,4.7,26933213.0,96401858.0,15807417370.0,0.0017038338629000217
2024-04-11,4.69,4.78,4.66,4.77,27651271.0,99544113.0,15807417370.0,0.001749259246641882
2024-04-12,4.77,4.79,4.74,4.75,17684887.0,64102098.0,15807417370.0,0.0011187714340713964
2024-04-15,4.77,4.82,4.71,4.78,33009539.0,119768693.0,15807417370.0,0.0020882310011404474
2024-04-16,4.79,4.82,4.71,4.73,34061575.0,123235934.0,15807417370.0,0.0021547843143968305
2024-04-17,4.73,4.87,4.71,4.85,36318890.0,131840614.0,15807417370.0,0.002297585313900015
2024-04-18,4.83,4.91,4.75,4.81,27902566.0,102397628.0,15807417370.0,0.0017651565304370779
2024-04-19,4.78,4.89,4.78,4.85,20750403.0,76408652.0,15807417370.0,0.0013127003933850075
2024-04-22,4.85,4.87,4.75,4.77,18051400.0,65741265.0,15807417370.0,0.0011419575745661482
2024-04-23,4.77,4.77,4.66,4.66,24961693.0,88998042.0,15807417370.0,0.001579112666903664
2024-04-24,4.69,4.74,4.66,4.71,18272427.0,65180153.0,15807417370.0,0.0011559400610676733
2024-04-25,4.71,4.75,4.69,4.74,18403800.0,66127089.0,15807417370.0,0.0011642509063452405
2024-04-26,4.74,4.74,4.64,4.71,24042315.0,85467032.0,15807417370.0,0.0015209514898764263
2024-04-29,4.7,4.74,4.69,4.71,27585400.0,98652083.0,15807417370.0,0.0017450921522672491
2024-04-30,4.71,4.81,4.7,4.75,31369301.0,113538110.0,15807417370.0,0.0019844671818139005
2024-05-06,4.78,4.86,4.75,4.83,26604573.0,97092201.0,15807417370.0,0.0016830436229571131
2024-05-07,4.82,4.83,4.78,4.79,16928935.0,61679619.0,15807417370.0,0.0010709488212874334
2024-05-08,4.78,4.81,4.77,4.78,16610114.0,60388563.0,15807417370.0,0.0010507797454328872
2024-05-09,4.77,4.86,4.77,4.85,24012823.0,88040024.0,15807417370.0,0.001519085783460907
2024-05-10,4.87,4.87,4.81,4.85,15190000.0,55826071.0,15807417370.0,0.0009609412875267176
2024-05-13,4.85,4.91,4.82,4.91,26689129.0,98793214.0,15807417370.0,0.001688392757355277
2024-05-14,4.9,4.9,4.82,4.85,21692200.0,79952552.0,15807417370.0,0.0013722798286561594
2024-05-15,4.83,4.85,4.79,4.81,13992035.0,51126731.0,15807417370.0,0.0008851562954587818
2024-05-16,4.82,4.84,4.75,4.77,19594393.0,69403786.0,15807417370.0,0.0012395695350707375
2024-05-17,4.77,4.81,4.74,4.79,15140400.0,53497182.0,15807417370.0,0.0009578035200572426
2024-05-20,4.79,4.89,4.78,4.86,23907900.0,85911168.0,15807417370.0,0.00151244820329559
2024-05-21,4.85,4.86,4.79,4.81,15050500.0,53752385.0,15807417370.0,0.0009521163165188192
2024-05-22,4.81,4.85,4.79,4.82,16818730.0,60069850.0,15807417370.0,0.0010639770941911937
2024-05-23,4.81,4.82,4.69,4.7,21994100.0,77102153.0,15807417370.0,0.001391378457668952
2024-05-24,4.71,4.82,4.7,4.75,23149831.0,81796492.0,15807417370.0,0.001464491666041206
2024-05-27,4.78,4.89,4.75,4.88,30993869.0,111476551.0,15807417370.0,0.0019607168125276115
2024-05-28,4.89,4.96,4.85,4.89,26779436.0,97398869.0,15807417370.0,0.0016941057083001536
2024-05-29,4.89,4.92,4.84,4.85,15981300.0,57604482.0,15807417370.0,0.0010110000657242088
2024-05-30,4.84,4.86,4.77,4.78,16774728.0,59754316.0,15807417370.0,0.001061193464267971
2024-05-31,4.78,4.81,4.77,4.79,13647300.0,48364517.0,15807417370.0,0.0008633478626243168
2024-06-03,4.78,4.79,4.7,4.74,24797202.0,87015515.0,15807417370.0,0.0015687067292258128
2024-06-04,4.74,4.77,4.71,4.75,21165141.0,74233791.0,15807417370.0,0.0013389373168679736
2024-06-05,4.75,4.79,4.69,4.7,23804400.0,83514249.0,15807417370.0,0.0015059006441606976
2024-06-06,4.7,4.71,4.61,4.63,24756723.0,85414368.0,15807417370.0,0.0015661459693589402
2024-06-07,4.65,4.81,4.63,4.79,40671327.0,142621979.0,15807417370.0,0.00257292675001976
2024-06-11,4.78,4.79,4.67,4.69,28570339.0,99625527.0,15807417370.0,0.0018074008126224353
2024-06-12,4.69,4.69,4.61,4.63,25837401.0,88507854.0,15807417370.0,0.0016345112168060633
2024-06-13,4.63,4.65,4.58,4.59,16925600.0,57602743.0,15807417370.0,0.0010707378443819758
2024-06-14,4.58,4.62,4.55,4.58,18868614.0,64085973.0,15807417370.0,0.0011936557097435583
2024-06-17,4.58,4.61,4.54,4.55,22369412.0,75548998.0,15807417370.0,0.0014151212355823309
2024-06-18,4.54,4.59,4.51,4.58,21744501.0,73321088.0,15807417370.0,0.001375588465277551
2024-06-19,4.58,4.61,4.55,4.55,14728444.0,49925102.0,15807417370.0,0.0009317425899029071
2024-06-20,4.54,4.58,4.52,4.55,16957495.0,57194152.0,15807417370.0,0.0010727555680400181
2024-06-21,4.55,4.62,4.52,4.58,24058361.0,81674296.0,15807417370.0,0.0015219665829573777
2024-06-24,4.57,4.58,4.51,4.52,21202751.0,71285000.0,15807417370.0,0.0013413165796608557
2024-06-25,4.52,4.59,4.52,4.55,15638821.0,52730562.0,15807417370.0,0.0009893343507004523
2024-06-26,4.54,4.58,4.5,4.58,17750044.0,59633038.0,15807417370.0,0.0011228933597772146
2024-06-27,4.55,4.58,4.54,4.54,14860561.0,50142286.0,15807417370.0,0.0009401005016925166
2024-06-28,4.55,4.62,4.52,4.59,20523276.0,69718277.0,15807417370.0,0.0012983320120938896
2024-07-01,4.59,4.69,4.58,4.67,21088551.0,72521152.0,15807417370.0,0.0013340921231081533
2024-07-02,4.69,4.75,4.67,4.73,22798371.0,79672704.0,15807417370.0,0.0014422578000165753
2024-07-03,4.73,4.78,4.73,4.73,15076978.0,52996466.0,15807417370.0,0.0009537913529514151
2024-07-04,4.74,4.77,4.69,4.7,15273578.0,53406872.0,15807417370.0,0.0009662285522356648
2024-07-05,4.7,4.71,4.66,4.67,12681700.0,43915737.0,15807417370.0,0.0008022626152750213
2024-07-08,4.67,4.69,4.61,4.63,13050110.0,44798507.0,15807417370.0,0.0008255687627231924
2024-07-09,4.62,4.7,4.58,4.69,18715687.0,64311349.0,15807417370.0,0.0011839813273684693
2024-07-10,4.66,4.71,4.65,4.67,17471200.0,60524765.0,15807417370.0,0.0011052532865462007
2024-07-11,4.67,4.73,4.67,4.71,17802267.0,62018037.0,15807417370.0,0.0011261970620062144
2024-07-12,4.7,4.71,4.67,4.7,14612844.0,50836680.0,15807417370.0,0.000924429567332921
2024-07-15,4.69,4.74,4.67,4.74,17101800.0,59800296.0,15807417370.0,0.001081884510271522
2024-07-16,4.75,4.75,4.7,4.74,14581100.0,51016908.0,15807417370.0,0.000922421396152457
2024-07-17,4.73,4.74,4.67,4.71,11849500.0,41260638.0,15807417370.0,0.0007496164441440316
2024-07-18,4.69,4.74,4.66,4.74,14281048.0,49792917.0,15807417370.0,0.0009034396742824789
2024-07-19,4.73,4.74,4.7,4.73,13427120.0,46957944.0,15807417370.0,0.0008494189585632482
2024-07-22,4.73,4.73,4.69,4.71,12956200.0,45145901.0,15807417370.0,0.0008196278808066924
2024-07-23,4.71,4.78,4.7,4.7,22493631.0,78926107.0,15807417370.0,0.0014229795085115792
2024-07-24,4.71,4.78,4.69,4.77,26035133.0,91734208.0,15807417370.0,0.0016470200280414308
2024-07-25,4.77,4.78,4.73,4.75,20664155.0,72711440.0,15807417370.0,0.0013072442206288123
2024-07-26,4.77,4.81,4.75,4.79,18730144.0,66385635.0,15807417370.0,0.0011848958980198042
2024-07-29,4.81,4.84,4.78,4.81,14973242.0,53273176.0,15807417370.0,0.0009472288641164664
2024-07-30,4.81,4.85,4.79,4.85,19078992.0,68190492.0,15807417370.0,0.00120696452516076
2024-07-31,4.85,4.92,4.78,4.79,37743600.0,135122105.0,15807417370.0,0.0023877145213886384
2024-08-01,4.78,4.89,4.77,4.86,34031100.0,122351811.0,15807417370.0,0.00215285642198489
2024-08-02,4.85,4.88,4.81,4.84,18373600.0,65901430.0,15807417370.0,0.0011623404108295522
2024-08-05,4.84,4.89,4.81,4.82,22811300.0,81811492.0,15807417370.0,0.0014430757071861892
2024-08-06,4.84,4.84,4.77,4.82,18102336.0,64332434.0,15807417370.0,0.001145179859320688
2024-08-07,4.79,4.84,4.78,4.79,14691800.0,52209432.0,15807417370.0,0.0009294244376619506
2024-08-08,4.78,4.85,4.77,4.82,16113441.0,57440234.0,15807417370.0,0.0010193594957884002
2024-08-09,4.84,4.85,4.78,4.81,14697596.0,52319574.0,15807417370.0,0.0009297911009735045
2024-08-12,4.77,4.79,4.74,4.77,13845301.0,48886562.0,15807417370.0,0.000875873691187291
2024-08-13,4.78,4.85,4.77,4.82,16153373.0,57582749.0,15807417370.0,0.0010218856516470913
2024-08-14,4.84,4.86,4.82,4.82,10580210.0,37881726.0,15807417370.0,0.0006693193298027027
2024-08-15,4.82,4.89,4.81,4.88,18358000.0,65973080.0,15807417370.0,0.0011613535323512496
2024-08-16,4.88,4.94,4.86,4.9,28904000.0,105025383.0,15807417370.0,0.0018285086882601873
2024-08-19,4.9,4.94,4.9,4.94,22216378.0,81075941.0,15807417370.0,0.001405440084233064
2024-08-20,4.94,4.94,4.86,4.89,19344700.0,70213125.0,15807417370.0,0.0012237735961038903
2024-08-21,4.9,4.9,4.85,4.89,14277643.0,51619062.0,15807417370.0,0.0009032242690761571
2024-08-22,4.89,4.93,4.85,4.9,14766342.0,53502631.0,15807417370.0,0.0009341400719907732
2024-08-23,4.9,4.92,4.84,4.88,14480300.0,52182993.0,15807417370.0,0.00091604464290804
2024-08-26,4.88,4.89,4.81,4.88,16381400.0,58810279.0,15807417370.0,0.0010363109682350344
2024-08-27,4.86,4.89,4.82,4.86,12120600.0,43608935.0,15807417370.0,0.0007667666207765855
2024-08-28,4.85,4.88,4.81,4.84,13046402.0,46715650.0,15807417370.0,0.0008253341893002728
2024-08-29,4.82,4.82,4.69,4.69,27412430.0,96110084.0,15807417370.0,0.0017341498208318642
2024-08-30,4.67,4.67,4.58,4.62,48554920.0,166022586.0,15807417370.0,0.0030716542028016306
2024-09-02,4.61,4.62,4.55,4.55,34455945.0,116850419.0,15807417370.0,0.0021797327288512027
2024-09-03,4.57,4.61,4.55,4.58,18488266.0,62669525.0,15807417370.0,0.001169594347213722
2024-09-04,4.57,4.58,4.52,4.54,15633800.0,52640940.0,15807417370.0,0.0009890167150056089
2024-09-05,4.54,4.55,4.51,4.54,17863600.0,59998841.0,15807417370.0,0.0011300770759619665
2024-09-06,4.54,4.59,4.52,4.52,22219974.0,75027975.0,15807417370.0,0.001405667572374601
2024-09-09,4.51,4.54,4.44,4.47,24305481.0,80515912.0,15807417370.0,0.001537599750236746
2024-09-10,4.47,4.5,4.39,4.44,19539858.0,64145546.0,15807417370.0,0.001236119572390338
2024-09-11,4.43,4.44,4.34,4.35,23256200.0,75276239.0,15807417370.0,0.0014712207222500888
2024-09-12,4.35,4.4,4.34,4.39,14601200.0,47356134.0,15807417370.0,0.0009236929511148854
2024-09-13,4.39,4.42,4.35,4.35,12284510.0,39860183.0,15807417370.0,0.0007771358035572638
2024-09-18,4.36,4.4,4.31,4.39,14405700.0,46422813.0,15807417370.0,0.0009113253394156442
2024-09-19,4.39,4.44,4.38,4.43,16547969.0,54065963.0,15807417370.0,0.0010468483631871106
2024-09-20,4.43,4.44,4.39,4.42,13298700.0,43442164.0,15807417370.0,0.0008412949243207083
2024-09-23,4.42,4.47,4.4,4.46,16359700.0,53906327.0,15807417370.0,0.001034938194967139
2024-09-24,4.47,4.58,4.46,4.57,27390272.0,91903755.0,15807417370.0,0.001732748073824029
2024-09-25,4.59,4.73,4.59,4.62,35833956.0,123434705.0,15807417370.0,0.0022669076903104506
2024-09-26,4.62,4.73,4.61,4.73,28360500.0,97893188.0,15807417370.0,0.0017941260951218876
2024-09-27,4.78,4.84,4.74,4.82,29154451.0,103369220.0,15807417370.0,0.0018443525793992496
2024-09-30,4.9,5.24,4.9,5.19,94292888.0,353944724.0,15807417370.0,0.005965103963089702
2024-10-08,5.67,5.7,5.17,5.36,127618308.0,510961922.0,15807417370.0,0.0080733180514484
2024-10-09,5.29,5.31,4.86,4.89,87328943.0,325184099.0,15807417370.0,0.005524554767924117
2024-10-10,4.89,5.11,4.88,5.04,60659579.0,224532284.0,15807417370.0,0.003837412372948561
2024-10-11,5.04,5.05,4.9,4.94,32967950.0,121262084.0,15807417370.0,0.002085600021074157
2024-10-14,4.96,5.06,4.94,5.02,38312330.0,141723128.0,15807417370.0,0.00242369320068127
2024-10-15,5.02,5.02,4.9,4.9,31504755.0,115556536.0,15807417370.0,0.0019930361970318493
2024-10-16,4.9,4.97,4.86,4.94,25902904.0,94598427.0,15807417370.0,0.0016386550309704386
2024-10-17,4.97,4.98,4.85,4.85,24617600.0,89434578.0,15807417370.0,0.0015573448479142674
2024-10-18,4.84,4.97,4.78,4.92,43234109.0,155977617.0,15807417370.0,0.0027350520320954873
2024-10-21,4.92,4.94,4.85,4.86,36539633.0,131972998.0,15807417370.0,0.0023115498341523197
2024-10-22,4.85,4.89,4.84,4.89,24300301.0,87502303.0,15807417370.0,0.0015372720559727968
2024-10-23,4.89,4.97,4.88,4.96,37537572.0,136984290.0,15807417370.0,0.002374680893239425
2024-10-24,4.94,4.96,4.9,4.93,17842395.0,65020587.0,15807417370.0,0.0011287356171073252
2024-10-25,4.93,4.97,4.9,4.94,28771330.0,105082647.0,15807417370.0,0.0018201157928937508
2024-10-28,4.96,5.06,4.92,5.06,39279901.0,145302352.0,15807417370.0,0.0024849031363306123
2024-10-29,5.05,5.06,4.94,4.96,29450300.0,108642986.0,15807417370.0,0.0018630684134330541
2024-10-30,4.97,5.02,4.94,4.98,30760000.0,113446990.0,15807417370.0,0.0019459219226018324
2024-10-31,4.98,5.02,4.97,5.02,34117801.0,126396528.0,15807417370.0,0.0021583412521738203
2024-11-01,5.01,5.06,5.0,5.05,40786200.0,152205509.0,15807417370.0,0.0025801937815221995
2024-11-04,5.05,5.08,4.98,5.08,32410800.0,120715475.0,15807417370.0,0.002050353909267343
2024-11-05,5.08,5.16,5.05,5.15,43064401.0,163378768.0,15807417370.0,0.002724316059480373
2024-11-06,5.15,5.16,5.08,5.13,45645352.0,172936181.0,15807417370.0,0.0028875907386761183
2024-11-07,5.11,5.24,5.06,5.23,52701201.0,201793240.0,15807417370.0,0.0033339539133077248
2024-11-08,5.25,5.28,5.13,5.16,54108582.0,207781706.0,15807417370.0,0.0034229868632867
2024-11-11,5.13,5.19,5.09,5.16,37972700.0,144309918.0,15807417370.0,0.0024022077175026853
2024-11-12,5.16,5.17,5.08,5.11,40431701.0,153677042.0,15807417370.0,0.0025577676639786224
2024-11-13,5.09,5.16,5.08,5.12,28447193.0,107938629.0,15807417370.0,0.0017996104192192909
2024-11-14,5.15,5.19,5.09,5.11,46386567.0,176971220.0,15807417370.0,0.0029344810676052895
2024-11-15,5.09,5.19,5.08,5.12,49471781.0,188639365.0,15807417370.0,0.0031296561507820806
2024-11-18,5.15,5.31,5.15,5.21,87408830.0,338849430.0,15807417370.0,0.00552960853465464
2024-11-19,5.2,5.27,5.12,5.2,54211800.0,208460193.0,15807417370.0,0.003429516582695254
2024-11-20,5.17,5.31,5.16,5.27,70065270.0,271208260.0,15807417370.0,0.004432429938427064
2024-11-21,5.24,5.25,5.15,5.17,42297330.0,162335616.0,15807417370.0,0.0026757900427348555
2024-11-22,5.16,5.19,5.02,5.02,43156000.0,163221547.0,15807417370.0,0.002730110744206914
2024-11-25,5.02,5.13,5.01,5.06,40967800.0,153958537.0,15807417370.0,0.0025916820591926964
2024-11-26,5.06,5.13,5.04,5.09,35363949.0,133372741.0,15807417370.0,0.002237174370249452
2024-11-27,5.06,5.17,5.05,5.17,41520032.0,157168532.0,15807417370.0,0.002626617051233082
2024-11-28,5.15,5.19,5.12,5.13,31299501.0,119524204.0,15807417370.0,0.0019800515332379057
2024-11-29,5.13,5.21,5.12,5.16,36501135.0,139746799.0,15807417370.0,0.0023091143951999037
2024-12-02,5.2,5.33,5.19,5.24,64652332.0,250638997.0,15807417370.0,0.004089999680953575
2024-12-03,5.25,5.28,5.21,5.25,42141001.0,163718316.0,15807417370.0,0.0026659004449377677
2024-12-04,5.25,5.25,5.21,5.23,28790572.0,111457325.0,15807417370.0,0.0018213330695398726
2024-12-05,5.24,5.24,5.19,5.23,25317259.0,97784876.0,15807417370.0,0.001601606284404699
2024-12-06,5.23,5.28,5.21,5.27,37007800.0,144141549.0,15807417370.0,0.0023411667531620314
2024-12-09,5.28,5.38,5.27,5.31,45969000.0,181262427.0,15807417370.0,0.0029080651775059696
2024-12-10,5.4,5.43,5.24,5.25,48611601.0,190930687.0,15807417370.0,0.003075239924534238
2024-12-11,5.25,5.29,5.24,5.27,30214200.0,117879839.0,15807417370.0,0.001911393828149424
2024-12-12,5.28,5.32,5.25,5.31,40693900.0,159475786.0,15807417370.0,0.0025743547505255758
2024-12-13,5.29,5.36,5.23,5.24,70920033.0,277839534.0,15807417370.0,0.00448650347744946
2024-12-16,5.24,5.32,5.24,5.32,49364102.0,193655947.0,15807417370.0,0.003122844222085597
2024-12-17,5.32,5.35,5.21,5.24,36604043.0,142671489.0,15807417370.0,0.002315624503561773
2024-12-18,5.24,5.28,5.21,5.23,26802173.0,104074813.0,15807417370.0,0.0016955440836822796
2024-12-19,5.2,5.21,5.13,5.17,28986600.0,110894860.0,15807417370.0,0.0018337340832799177
2024-12-20,5.17,5.19,5.11,5.13,28187790.0,107200425.0,15807417370.0,0.0017832002116611413
2024-12-23,5.15,5.21,5.12,5.16,31279600.0,119793420.0,15807417370.0,0.0019787925673022196
2024-12-24,5.15,5.19,5.13,5.17,24582100.0,93982167.0,15807417370.0,0.0015550990667617197
2024-12-25,5.17,5.19,5.15,5.17,21749400.0,83251178.0,15807417370.0,0.0013758983830766025
2024-12-26,5.16,5.19,5.06,5.08,34812958.0,131680933.0,15807417370.0,0.0022023178856572447
2024-12-27,5.08,5.2,5.08,5.2,38214799.0,145565369.0,15807417370.0,0.00241752324908721
2024-12-30,5.2,5.23,5.17,5.21,28400729.0,109479892.0,15807417370.0,0.001796671039628531
2024-12-31,5.21,5.27,5.17,5.2,33655891.0,130199383.0,15807417370.0,0.0021291201599999256
2025-01-02,5.2,5.23,4.97,5.0,42036600.0,158214250.0,15807417370.0,0.0026592958872446093
2025-01-03,5.02,5.08,4.97,4.98,26250716.0,97784188.0,15807417370.0,0.0016606581192586047
2025-01-06,5.0,5.05,4.94,5.02,27228633.0,100763332.0,15807417370.0,0.0017225225577756729
2025-01-07,5.02,5.05,4.96,5.0,20588516.0,76095219.0,15807417370.0,0.0013024591884993038
2025-01-08,5.0,5.05,4.94,4.98,22724100.0,84076236.0,15807417370.0,0.001437559309538241
2025-01-09,4.98,4.98,4.89,4.89,23119174.0,84166169.0,15807417370.0,0.0014625522600470186
2025-01-10,4.89,4.9,4.85,4.85,18663645.0,67408857.0,15807417370.0,0.0011806890754602756
2025-01-13,4.82,4.85,4.78,4.84,26868631.0,95722087.0,15807417370.0,0.0016997483125227306
2025-01-14,4.82,4.93,4.82,4.93,30616789.0,110628513.0,15807417370.0,0.0019368621883866916
2025-01-15,4.92,4.96,4.89,4.92,21102547.0,76908461.0,15807417370.0,0.0013349775302352253
2025-01-16,4.93,4.94,4.88,4.9,18745800.0,68193066.0,15807417370.0,0.001185886319138798
2025-01-17,4.89,4.92,4.84,4.88,19946900.0,72059410.0,15807417370.0,0.0012618696358240081
2025-01-20,4.9,4.92,4.86,4.86,22764000.0,82346075.0,15807417370.0,0.001440083441030823
2025-01-21,4.89,4.89,4.81,4.82,22635020.0,81169016.0,15807417370.0,0.0014319239803813695
2025-01-22,4.82,4.84,4.74,4.75,26828506.0,94898722.0,15807417370.0,0.0016972099472059427
2025-01-23,4.78,4.86,4.78,4.82,30443086.0,108941881.0,15807417370.0,0.0019258734863151145
2025-01-24,4.81,4.85,4.79,4.84,21888651.0,78053959.0,15807417370.0,0.0013847076019857126
2025-01-27,4.84,4.94,4.84,4.9,32773017.0,119337325.0,15807417370.0,0.002073268278611916
2025-02-05,4.92,4.93,4.81,4.84,26691038.0,95843635.0,15807417370.0,0.0016885135234459873
2025-02-06,4.85,4.88,4.82,4.86,25159325.0,90346853.0,15807417370.0,0.0015916151519949396
2025-02-07,4.86,4.92,4.85,4.92,37179090.0,134573739.0,15807417370.0,0.002352002805376676
2025-02-10,4.9,4.94,4.89,4.92,28398200.0,103259462.0,15807417370.0,0.0017965110514444524
2025-02-11,4.92,4.94,4.89,4.9,23030621.0,83811605.0,15807417370.0,0.0014569502696695103
2025-02-12,4.92,4.92,4.85,4.9,24122701.0,87118188.0,15807417370.0,0.0015260368240659669
2025-02-13,4.89,4.92,4.88,4.89,21494100.0,77961889.0,15807417370.0,0.0013597477372105345
2025-02-14,4.89,4.89,4.84,4.86,20196688.0,72629219.0,15807417370.0,0.0012776715846277425
2025-02-17,4.86,4.88,4.84,4.86,20502911.0,73658106.0,15807417370.0,0.0012970436928496183
2025-02-18,4.86,4.88,4.81,4.82,25831114.0,92643222.0,15807417370.0,0.001634113492127019
2025-02-19,4.82,4.82,4.78,4.81,23181523.0,82383490.0,15807417370.0,0.0014664965476267424
2025-02-20,4.79,4.81,4.77,4.77,15042900.0,53247590.0,15807417370.0,0.0009516355295678512
2025-02-21,4.78,4.81,4.77,4.78,18933310.0,67086106.0,15807417370.0,0.0011977484719251138
2025-02-24,4.79,4.85,4.77,4.84,26109539.0,93344916.0,15807417370.0,0.0016517270588142887
2025-02-25,4.82,4.84,4.77,4.77,22672313.0,80288330.0,15807417370.0,0.001434283189297481
2025-02-26,4.75,4.81,4.75,4.81,20421748.0,72478101.0,15807417370.0,0.0012919092045204851
2025-02-27,4.81,4.82,4.78,4.81,20111561.0,71558717.0,15807417370.0,0.001272286327946815
2025-02-28,4.81,4.82,4.78,4.78,17780641.0,63221840.0,15807417370.0,0.0011248289700849469
2025-03-03,4.79,4.81,4.74,4.75,26143041.0,92435913.0,15807417370.0,0.0016538464436078846
2025-03-04,4.75,4.82,4.74,4.81,26525883.0,94209469.0,15807417370.0,0.0016780655801713674
2025-03-05,4.82,4.82,4.78,4.81,15772351.0,56116863.0,15807417370.0,0.0009977816509060772
2025-03-06,4.81,4.82,4.77,4.82,22764317.0,80785531.0,15807417370.0,0.0014401034949075935
2025-03-07,4.81,4.84,4.78,4.81,20898200.0,74511346.0,15807417370.0,0.001322050244568193
2025-03-10,4.79,4.84,4.78,4.81,19933849.0,71008189.0,15807417370.0,0.0012610440107586026
2025-03-11,4.79,4.82,4.79,4.81,16646002.0,59257205.0,15807417370.0,0.0010530500720245105
2025-03-12,4.82,4.86,4.79,4.86,28416300.0,101841612.0,15807417370.0,0.001797656083525047
2025-03-13,4.86,4.88,4.82,4.85,21483912.0,77097376.0,15807417370.0,0.001359103229650474
2025-03-14,4.85,4.92,4.84,4.92,34299100.0,124266600.0,15807417370.0,0.002169810488150602
2025-03-17,4.92,5.01,4.92,4.96,37169170.0,136395114.0,15807417370.0,0.0023513752518827813
2025-03-18,4.97,5.29,4.92,5.12,127682343.0,481996499.0,15807417370.0,0.00807736899781751
2025-03-19,5.01,5.05,4.94,4.97,77604941.0,286268461.0,15807417370.0,0.004909400389925935
2025-03-20,4.97,5.0,4.94,4.98,42595451.0,156945681.0,15807417370.0,0.002694649606762423
2025-03-21,4.97,5.09,4.97,5.01,70194885.0,262334702.0,15807417370.0,0.0044406295700915
2025-03-24,5.04,5.05,4.94,5.0,40363736.0,149124983.0,15807417370.0,0.0025534681001467096
2025-03-25,4.98,5.08,4.97,5.06,37744864.0,141043569.0,15807417370.0,0.0023877944838499574
2025-03-26,5.04,5.09,5.04,5.08,33800640.0,126841881.0,15807417370.0,0.002138277190311196
2025-03-27,5.08,5.15,5.08,5.09,37584922.0,142172603.0,15807417370.0,0.002377676322466837
2025-03-28,5.08,5.11,5.01,5.04,29710139.0,110780181.0,15807417370.0,0.0018795062029794433
2025-03-31,5.02,5.11,5.01,5.05,34988444.0,130855314.0,15807417370.0,0.002213419382877976
2025-04-01,5.04,5.05,5.01,5.02,23156600.0,86193733.0,15807417370.0,0.001464919882734772
2025-04-02,5.02,5.02,4.96,4.98,19996900.0,73687606.0,15807417370.0,0.00126503270786985
2025-04-03,4.94,5.08,4.93,5.05,32479331.0,120854472.0,15807417370.0,0.0020546892790748146
2025-04-07,4.93,4.93,4.57,4.65,60313617.0,211944115.0,15807417370.0,0.003815526318326091
2025-04-08,4.66,4.85,4.66,4.85,52457321.0,185803230.0,15807417370.0,0.003318525713096927
2025-04-09,4.84,5.08,4.75,5.08,80748570.0,293214575.0,15807417370.0,0.005108270890173883
2025-04-10,5.09,5.09,4.93,5.0,92496900.0,341509852.0,15807417370.0,0.005851487174340359
2025-04-11,5.0,5.08,4.94,4.97,67440586.0,249467661.0,15807417370.0,0.004266388646635703
2025-04-14,4.94,4.97,4.9,4.97,41222501.0,150798789.0,15807417370.0,0.0026077948114556554
2025-04-15,4.97,4.97,4.82,4.86,37001600.0,133584504.0,15807417370.0,0.0023407745322283472
2025-04-16,4.86,4.94,4.84,4.94,48217232.0,175310062.0,15807417370.0,0.003050291573341307
2025-04-17,4.93,4.94,4.88,4.94,33295697.0,120977818.0,15807417370.0,0.0021063337685503273
2025-04-18,4.92,4.93,4.88,4.89,18786031.0,68049980.0,15807417370.0,0.0011884313901683232
2025-04-21,4.89,4.89,4.86,4.88,20560117.0,74182328.0,15807417370.0,0.0013006626268387068
2025-04-22,4.89,4.94,4.86,4.93,32132624.0,117115384.0,15807417370.0,0.0020327560946788617
2025-04-23,4.93,4.93,4.88,4.9,18187200.0,65928259.0,15807417370.0,0.0011505484782426542
2025-04-24,4.89,4.9,4.85,4.86,17351984.0,62635842.0,15807417370.0,0.0010977115106058594
2025-04-25,4.88,4.89,4.85,4.89,17746731.0,64022911.0,15807417370.0,0.0011226837746234571
2025-04-28,4.88,4.89,4.85,4.88,14415300.0,51993286.0,15807417370.0,0.0009119326492484459
2025-04-29,4.88,4.89,4.82,4.84,19620409.0,70435777.0,15807417370.0,0.0012412153447176298
2025-04-30,4.84,4.85,4.79,4.81,18778794.0,66951852.0,15807417370.0,0.001187973567120408
2025-05-06,4.82,4.85,4.81,4.84,17995513.0,64316518.0,15807417370.0,0.001138422082417629
2025-05-07,4.86,4.9,4.84,4.9,33270332.0,120072726.0,15807417370.0,0.0021047291421014717
2025-05-08,4.89,4.9,4.86,4.89,13763800.0,49765948.0,15807417370.0,0.0008707178204911281
2025-05-09,4.89,4.93,4.89,4.9,21190274.0,77025116.0,15807417370.0,0.0013405272666625364
2025-05-12,4.93,5.01,4.92,5.01,40240368.0,147955254.0,15807417370.0,0.002545663662703682
2025-05-13,5.08,5.12,5.01,5.09,73313538.0,274884016.0,15807417370.0,0.004637920052591109
2025-05-14,5.12,5.19,5.05,5.17,114934665.0,436902923.0,15807417370.0,0.0072709325191936775
2025-05-15,5.21,5.69,5.21,5.29,217009950.0,869367144.0,15807417370.0,0.013728362130290231
2025-05-16,5.25,5.29,5.07,5.12,138380022.0,512019550.0,15807417370.0,0.008754119585823273
2025-05-19,5.12,5.64,5.1,5.64,253112101.0,1004334314.0,15807417370.0,0.016012236222747372
2025-05-20,5.69,5.69,5.28,5.29,251123693.0,974482018.0,15807417370.0,0.015886446667536813
2025-05-21,5.25,5.46,5.18,5.32,151465404.0,580209154.0,15807417370.0,0.009581919706090482
2025-05-22,5.22,5.26,5.11,5.18,114503362.0,424834608.0,15807417370.0,0.007243647669941925
2025-05-23,5.15,5.15,5.04,5.06,72531652.0,265699485.0,15807417370.0,0.0045884568175984086
2025-05-26,5.04,5.08,5.01,5.06,43042123.0,156446852.0,15807417370.0,0.0027229067210996277
2025-05-27,5.04,5.06,5.0,5.03,41405755.0,149866239.0,15807417370.0,0.002619387723549429
2025-05-28,5.03,5.07,5.0,5.04,35328813.0,127986195.0,15807417370.0,0.002234951616261398
2025-05-29,5.04,5.1,5.03,5.07,44192352.0,161200397.0,15807417370.0,0.0027956718650239574
2025-05-30,5.07,5.1,5.01,5.01,36620996.0,133074111.0,15807417370.0,0.002316696974769636
2025-06-03,5.01,5.03,4.97,5.01,37115272.0,133565289.0,15807417370.0,0.0023479655867402454
2025-06-04,5.01,5.03,4.99,5.01,33448505.0,120353132.0,15807417370.0,0.002116000622813947
2025-06-05,5.01,5.03,4.99,4.99,26106050.0,93944737.0,15807417370.0,0.00165150633964693
2025-06-06,5.0,5.04,4.99,5.01,35468399.0,128067489.0,15807417370.0,0.0022437820277532152
2025-06-09,5.03,5.06,5.0,5.06,35174000.0,127347231.0,15807417370.0,0.00222515792280874
2025-06-10,5.06,5.32,5.03,5.26,157775942.0,589476076.0,15807417370.0,0.009981133432930923
2025-06-11,5.21,5.28,5.1,5.14,121551427.0,450817332.0,15807417370.0,0.007689518417517434
2025-06-12,5.11,5.12,5.04,5.07,56981300.0,207829841.0,15807417370.0,0.0036047191433144273
2025-06-13,5.06,5.11,5.04,5.07,56573875.0,206976634.0,15807417370.0,0.003578944850748886
2025-06-16,5.04,5.07,5.01,5.04,43214810.0,156736644.0,15807417370.0,0.002733831149547233
2025-06-17,5.04,5.11,5.01,5.07,49469310.0,180207288.0,15807417370.0,0.003129499831761575
2025-06-18,5.07,5.1,5.03,5.04,28875625.0,105134700.0,15807417370.0,0.001826713644874172
2025-06-19,5.03,5.04,4.96,4.97,38485400.0,138328425.0,15807417370.0,0.0024346418582607463
2025-06-20,4.97,5.06,4.96,5.01,38523881.0,139402186.0,15807417370.0,0.002437076221768667
2025-06-23,5.07,5.15,5.06,5.15,100822738.0,371423175.0,15807417370.0,0.0063781916830604945
2025-06-24,5.07,5.1,4.99,5.08,70561747.0,256988720.0,15807417370.0,0.004463837788829131
2025-06-25,5.08,5.11,5.04,5.1,51369249.0,187911244.0,15807417370.0,0.003249692710555665
2025-06-26,5.1,5.12,5.08,5.1,34911579.0,128188365.0,15807417370.0,0.0022085567922219035
2025-06-27,5.1,5.12,5.07,5.08,34962266.0,128112983.0,15807417370.0,0.002211763324877655
2025-06-30,5.08,5.11,5.06,5.08,26611441.0,97386737.0,15807417370.0,0.0016834781025333299
2025-07-01,5.08,5.14,5.07,5.11,31956292.0,117326413.0,15807417370.0,0.002021601078279114
2025-07-02,5.12,5.18,5.11,5.17,45944783.0,170394347.0,15807417370.0,0.0029065331751912866
2025-07-03,5.17,5.17,5.11,5.14,26466101.0,97766201.0,15807417370.0,0.001674283684710477
2025-07-04,5.12,5.17,5.11,5.14,35081534.0,129930882.0,15807417370.0,0.0022193083904129243
2025-07-07,5.12,5.17,5.11,5.17,28181968.0,104490919.0,15807417370.0,0.0017828319035521234
2025-07-08,5.17,5.18,5.12,5.15,34589169.0,128305773.0,15807417370.0,0.0021881606710559068
2025-07-09,5.15,5.18,5.12,5.14,43436100.0,161265221.0,15807417370.0,0.0027478302738077193
2025-07-10,5.14,5.18,5.12,5.15,43282000.0,160733752.0,15807417370.0,0.0027380816857624354
2025-07-11,5.17,5.21,5.11,5.11,95405700.0,354218166.0,15807417370.0,0.006035502053679247
2025-07-14,5.12,5.19,5.11,5.15,58597699.0,217885154.0,15807417370.0,0.003706974873150958
2025-07-15,5.15,5.18,5.08,5.11,46709900.0,172167890.0,15807417370.0,0.0029549355790812527
2025-07-16,5.12,5.14,5.1,5.12,26669820.0,98348342.0,15807417370.0,0.0016871712421926137
2025-07-17,5.14,5.14,5.1,5.14,27544500.0,101565303.0,15807417370.0,0.0017425047593337506
2025-07-18,5.14,5.18,5.12,5.17,36721300.0,136268448.0,15807417370.0,0.0023230423503393586
2025-07-21,5.17,5.21,5.17,5.19,49955100.0,186694607.0,15807417370.0,0.003160231607144564
2025-07-22,5.19,5.25,5.17,5.25,63684315.0,238887180.0,15807417370.0,0.004028761530701584
2025-07-23,5.25,5.31,5.21,5.22,76191214.0,288635772.0,15807417370.0,0.0048199659828429015
2025-07-24,5.24,5.29,5.21,5.25,80534900.0,304393733.0,15807417370.0,0.005094753818093183
2025-07-25,5.25,5.28,5.18,5.21,57763200.0,217311554.0,15807417370.0,0.0036541832639673004
2025-07-28,5.21,5.21,5.15,5.17,45065000.0,167988174.0,15807417370.0,0.0028508768349171515
2025-07-29,5.18,5.19,5.14,5.18,38710200.0,143958259.0,15807417370.0,0.0024488630301788506
2025-07-30,5.18,5.22,5.14,5.15,79858627.0,298116734.0,15807417370.0,0.005051971813660032
2025-07-31,5.15,5.17,5.03,5.04,75800500.0,277027065.0,15807417370.0,0.0047952488522165215
2025-08-01,5.04,5.07,5.03,5.06,26516300.0,96501779.0,15807417370.0,0.0016774593457830613
2025-08-04,5.04,5.06,5.03,5.04,25613500.0,92991360.0,15807417370.0,0.001620346916923343
2025-08-05,5.04,5.1,5.03,5.06,82947501.0,301948546.0,15807417370.0,0.005247378433710579
2025-08-06,5.04,5.07,5.01,5.06,38359024.0,139305380.0,15807417370.0,0.0024266471304034403
2025-08-07,5.07,5.14,5.04,5.12,73386600.0,269209192.0,15807417370.0,0.004642542059987374
2025-08-08,5.1,5.12,5.1,5.1,29385700.0,108055499.0,15807417370.0,0.0018589817243498264
2025-08-11,5.11,5.12,5.08,5.11,31205952.0,114626315.0,15807417370.0,0.0019741334887015765
2025-08-12,5.11,5.19,5.11,5.15,63295499.0,234840337.0,15807417370.0,0.004004164470290064
2025-08-13,5.14,5.15,5.08,5.11,53616500.0,197212098.0,15807417370.0,0.0033918570469174624
2025-08-14,5.11,5.15,5.06,5.06,59024046.0,216723944.0,15807417370.0,0.0037339461987015276
2025-08-15,5.06,5.08,5.04,5.06,73661254.0,268294225.0,15807417370.0,0.004659917067780946
2025-08-18,5.07,5.08,5.04,5.06,101300400.0,369016921.0,15807417370.0,0.006408409269451712
2025-08-19,5.06,5.07,5.04,5.06,40098593.0,145865327.0,15807417370.0,0.0025366947719176977
2025-08-20,5.06,5.1,5.03,5.08,85636383.0,312397249.0,15807417370.0,0.005417480983485919
2025-08-21,5.08,5.14,5.07,5.11,81953894.0,301379878.0,15807417370.0,0.005184521423185526
2025-08-22,5.11,5.12,5.06,5.12,72251366.0,264455890.0,15807417370.0,0.004570725521369592
2025-08-25,5.12,5.21,5.11,5.15,139906174.0,519353014.0,15807417370.0,0.008850666160401382
2025-08-26,5.14,5.17,5.12,5.15,52742174.0,195590730.0,15807417370.0,0.00333654592432641
2025-08-27,5.17,5.17,5.04,5.06,121960742.0,447440357.0,15807417370.0,0.007715412274206308
2025-08-28,5.07,5.1,4.96,5.04,135615679.0,491527000.0,15807417370.0,0.008579243264454906
2025-08-29,5.07,5.17,5.04,5.04,171362509.0,630046828.0,15807417370.0,0.010840639238464038
2025-09-01,5.06,5.07,5.0,5.04,63937101.0,232001362.0,15807417370.0,0.004044753137305186
2025-09-02,5.06,5.1,5.03,5.07,88791055.0,323882863.0,15807417370.0,0.005617050079825912
2025-09-03,5.06,5.07,5.0,5.03,70980400.0,257149926.0,15807417370.0,0.004490322380853287
2025-09-04,5.03,5.04,4.96,5.0,81387249.0,292432495.0,15807417370.0,0.005148674643997206
2025-09-05,5.0,5.01,4.93,4.97,78542632.0,280742700.0,15807417370.0,0.004968720073720683
2025-09-08,4.97,5.06,4.96,5.01,103280009.0,373850472.0,15807417370.0,0.006533642187243646
2025-09-09,5.01,5.04,4.99,5.03,58499110.0,211343620.0,15807417370.0,0.003700737990952408
2025-09-10,5.03,5.06,5.0,5.06,48049196.0,173849555.0,15807417370.0,0.0030396613738554053
2025-09-11,5.04,5.04,4.99,5.04,58369532.0,210853906.0,15807417370.0,0.0036925406999612866
2025-09-12,5.04,5.12,5.04,5.06,123181370.0,450019532.0,15807417370.0,0.007792630960309742
2025-09-15,5.06,5.14,5.04,5.07,68822174.0,251672912.0,15807417370.0,0.00435378989426911
2025-09-16,5.08,5.17,5.07,5.15,137529111.0,508357803.0,15807417370.0,0.008700289729871288
2025-09-17,5.14,5.18,5.07,5.17,104582158.0,386246932.0,15807417370.0,0.006616018009272061
2025-09-18,5.17,5.17,5.04,5.07,86279510.0,316723432.0,15807417370.0,0.00545816612419844
2025-09-19,5.07,5.12,5.06,5.11,70729390.0,259496308.0,15807417370.0,0.004474443126568752
2025-09-22,5.19,5.28,5.12,5.14,220773953.0,824059661.0,15807417370.0,0.013966478383685518
2025-09-23,5.15,5.51,5.12,5.31,359185533.0,1376355950.0,15807417370.0,0.022722594374061246
2025-09-24,5.21,5.28,5.12,5.18,243939297.0,908895159.0,15807417370.0,0.015431951424459668
2025-09-25,5.14,5.15,5.03,5.03,161368270.0,588457231.0,15807417370.0,0.010208389278456813
2025-09-26,5.01,5.06,5.01,5.03,72605700.0,263251911.0,15807417370.0,0.004593141200775418
2025-09-29,5.04,5.1,4.99,5.1,95072547.0,344983936.0,19454388399.0,0.004886946073559781
2025-09-30,5.07,5.1,5.04,5.07,55465100.0,202201798.0,19454388399.0,0.002851032829325595
2025-10-09,5.06,5.12,5.04,5.11,88121970.0,322841928.0,19454388399.0,0.00452967053976005
2025-10-10,5.1,5.22,5.1,5.21,129727073.0,483811962.0,19454388399.0,0.006668267865293996
2025-10-13,5.12,5.22,5.1,5.21,133416279.0,496027795.0,19454388399.0,0.006857901480308571
2025-10-14,5.21,5.4,5.21,5.29,181653134.0,690613781.0,19454388399.0,0.009337386006405496
2025-10-15,5.31,5.32,5.21,5.25,99049355.0,374417300.0,19454388399.0,0.005091363088293815
2025-10-16,5.26,5.36,5.25,5.33,116463625.0,444812250.0,19454388399.0,0.005986496342695949
2025-10-17,5.32,5.33,5.25,5.25,81803000.0,311212751.0,19454388399.0,0.004204861048430844
2025-10-20,5.26,5.33,5.22,5.33,91298324.0,347937126.0,19454388399.0,0.00469294239055559
2025-10-21,5.33,5.36,5.28,5.33,70316800.0,269735131.0,19454388399.0,0.0036144441324927204
2025-10-22,5.33,5.36,5.31,5.32,59591400.0,228898223.0,19454388399.0,0.0030631340743183235
2025-10-23,5.32,5.39,5.31,5.37,71837600.0,276814740.0,19454388399.0,0.0036926167261928738
2025-10-24,5.37,5.39,5.31,5.33,57503300.0,219514672.0,19454388399.0,0.0029558009648329936
2025-10-27,5.33,5.42,5.29,5.37,69533700.0,265966832.0,19454388399.0,0.0035741910037929638
2025-10-28,5.36,5.4,5.33,5.36,61699701.0,236543734.0,19454388399.0,0.0031715055613453008
2025-10-29,5.37,5.37,5.29,5.36,54906196.0,209184036.0,19454388399.0,0.002822303887117947
2025-10-30,5.32,5.4,5.32,5.33,87730532.0,335979227.0,19454388399.0,0.004509549732465995
2025-10-31,5.36,5.37,5.24,5.26,90513500.0,341162790.0,19454388399.0,0.004652600644317999
2025-11-03,5.25,5.29,5.24,5.29,58353166.0,219816085.0,19454388399.0,0.0029994860184347654
2025-11-04,5.29,5.32,5.24,5.26,49232176.0,185755353.0,19454388399.0,0.0025306462989363697
2025-11-05,5.25,5.32,5.21,5.29,47672894.0,179672333.0,19454388399.0,0.002450495642538446
2025-11-06,5.29,5.31,5.26,5.28,36545429.0,137847279.0,19454388399.0,0.001878518524996577
2025-11-07,5.28,5.31,5.26,5.28,33461515.0,126388419.0,19454388399.0,0.001719998301345726
2025-11-10,5.28,5.35,5.25,5.35,49735238.0,188463973.0,19454388399.0,0.002556504834793804
2025-11-11,5.33,5.37,5.32,5.36,42384489.0,162106148.0,19454388399.0,0.002178659546150454
2025-11-12,5.36,5.37,5.32,5.35,40597900.0,155200596.0,19454388399.0,0.002086824790754503
2025-11-13,5.36,5.37,5.31,5.37,50513561.0,192794463.0,19454388399.0,0.002596512414782287
2025-11-14,5.37,5.46,5.36,5.42,79069177.0,306031592.0,19454388399.0,0.004064336301832256
2025-11-17,5.4,5.42,5.33,5.4,48703963.0,187156142.0,19454388399.0,0.0025034949442308604
2025-11-18,5.39,5.4,5.28,5.29,55832100.0,212638153.0,19454388399.0,0.0028698974676001584
2025-11-19,5.31,5.33,5.28,5.32,47744600.0,180996116.0,19454388399.0,0.002454181494724048
2025-11-20,5.33,5.33,5.26,5.28,36200543.0,137019389.0,19454388399.0,0.0018607905968331952
2025-11-21,5.26,5.26,5.14,5.15,52768849.0,195743865.0,19454388399.0,0.0027124393693462212
2025-11-24,5.15,5.18,5.11,5.12,51556621.0,189241425.0,19454388399.0,0.0026501280812636662
2025-11-25,5.12,5.14,5.1,5.11,56643842.0,207105480.0,19454388399.0,0.002911622860521877
2025-11-26,5.11,5.18,5.11,5.14,45492400.0,167167144.0,19454388399.0,0.0023384132704134977
2025-11-27,5.14,5.19,5.11,5.18,38876801.0,143495998.0,19454388399.0,0.0019983563709460206
2025-11-28,5.18,5.25,5.15,5.25,50908538.0,189673143.0,19454388399.0,0.002616815134759868
2025-12-01,5.33,5.39,5.25,5.29,109093561.0,414209996.0,19454388399.0,0.005607658218934688
2025-12-02,5.28,5.35,5.26,5.32,60542423.0,230036690.0,19454388399.0,0.0031120188287755176
2025-12-03,5.32,5.35,5.31,5.32,51699095.0,196795649.0,19454388399.0,0.002657451570292359
2025-12-04,5.31,5.33,5.25,5.26,41521285.0,156937142.0,19454388399.0,0.0021342888888829983
2025-12-05,5.26,5.28,5.18,5.19,60433800.0,224803763.0,19454388399.0,0.0031064353584668043
2025-12-08,5.21,5.22,5.15,5.18,61709410.0,228164077.0,19454388399.0,0.0031720046261218887
2025-12-09,5.17,5.19,5.11,5.17,66089600.0,243161780.0,19454388399.0,0.00339715639703159
2025-12-10,5.17,5.26,5.14,5.22,97205300.0,362042989.0,19454388399.0,0.004996574449238228
2025-12-11,5.21,5.25,5.17,5.18,73152157.0,271876235.0,19454388399.0,0.0037601879586078475
2025-12-12,5.18,5.19,5.11,5.11,217532020.0,798618277.0,19454388399.0,0.011181642698733292
2025-12-15,5.11,5.21,5.07,5.17,93124084.0,342818784.0,19454388399.0,0.004786790624823075
2025-12-16,5.15,5.18,5.12,5.17,53549798.0,197119471.0,19454388399.0,0.0027525819317328207
2025-12-17,5.17,5.22,5.14,5.21,58009922.0,215282940.0,19454388399.0,0.0029818424928219197
2025-12-18,5.19,5.24,5.18,5.22,40498315.0,150826080.0,19454388399.0,0.002081705894289728
2025-12-19,5.21,5.22,5.17,5.19,43602501.0,161554206.0,19454388399.0,0.0022412681450443986
2025-12-22,5.19,5.21,5.17,5.18,42766101.0,158419073.0,19454388399.0,0.0021982752746006794
2025-12-23,5.18,5.21,5.15,5.17,35780500.0,132331457.0,19454388399.0,0.00183919942720169
2025-12-24,5.17,5.18,5.12,5.14,43428260.0,159679142.0,19454388399.0,0.0022323117596558476
2025-12-25,5.15,5.18,5.15,5.17,38175400.0,140841875.0,19454388399.0,0.0019623027574571456
2025-12-26,5.15,5.18,5.12,5.14,41515800.0,152531471.0,19454388399.0,0.0021340069473545623
2025-12-29,5.14,5.15,5.1,5.11,49239854.0,180296681.0,19454388399.0,0.002531040965673896
2025-12-30,5.11,5.11,5.07,5.08,49808501.0,180850382.0,19454388399.0,0.002560270720335792
2025-12-31,5.08,5.11,5.07,5.08,32621634.0,118586922.0,19454388399.0,0.0016768264995509613
2026-01-05,5.1,5.12,5.08,5.11,51594900.0,188183941.0,19454388399.0,0.002652095709297759
2026-01-06,5.12,5.15,5.11,5.14,46918950.0,172093214.0,19454388399.0,0.002411741198834693
2026-01-07,5.15,5.17,5.12,5.12,38402000.0,140901726.0,19454388399.0,0.0019739505150402955
2026-01-08,5.12,5.14,5.11,5.12,31522501.0,115374737.0,19454388399.0,0.0016203285527917357
2026-01-09,5.14,5.17,5.12,5.15,45618544.0,167780789.0,19454388399.0,0.0023448973601423984
2026-01-12,5.15,5.18,5.12,5.17,55143837.0,202863011.0,19454388399.0,0.0028345191773201423
2026-01-13,5.18,5.18,5.14,5.15,48993485.0,180625473.0,19454388399.0,0.0025183770363358415
2026-01-14,5.15,5.17,5.11,5.11,61397028.0,225416016.0,19454388399.0,0.0031559474778017666
2026-01-15,5.11,5.14,5.1,5.11,36267660.0,132418715.0,19454388399.0,0.001864240563936939
2026-01-16,5.11,5.12,5.07,5.08,52802980.0,191967052.0,19454388399.0,0.0027141937807057554
2026-01-19,5.07,5.11,5.07,5.1,38476570.0,139842866.0,19454388399.0,0.0019777835833676366
2026-01-20,5.1,5.18,5.08,5.17,83484395.0,306390505.0,19454388399.0,0.004291288591950353
2026-01-21,5.17,5.19,5.12,5.17,77461693.0,285147791.0,19454388399.0,0.003981707952534849
2026-01-22,5.15,5.19,5.14,5.18,49705685.0,183478856.0,19454388399.0,0.002554985743091003
2026-01-23,5.17,5.18,5.14,5.15,53522407.0,197122058.0,19454388399.0,0.0027511739717683017
2026-01-26,5.17,5.32,5.15,5.29,160785166.0,603660007.0,19454388399.0,0.008264724786118937
2026-01-27,5.29,5.35,5.25,5.26,82374833.0,311279552.0,19454388399.0,0.004234254570769968
2026-01-28,5.28,5.4,5.28,5.36,120509585.0,461568750.0,19454388399.0,0.006194467928181925
2026-01-29,5.36,5.44,5.33,5.43,98581954.0,379996697.0,19454388399.0,0.005067337609290628
2026-01-30,5.42,5.51,5.4,5.47,87946736.0,343182116.0,19454388399.0,0.004520663111903362
2026-02-02,5.47,5.65,5.47,5.51,148777404.0,592392889.0,19454388399.0,0.007647498392067031
2026-02-03,5.51,5.61,5.49,5.57,103668685.0,411037887.0,19454388399.0,0.005328807201429617
2026-02-04,5.56,5.82,5.56,5.74,139604270.0,571933627.0,19454388399.0,0.007175978351865123
2026-02-05,5.74,5.79,5.65,5.71,71740256.0,292588466.0,19454388399.0,0.003687613022246827
2026-02-06,5.68,5.81,5.65,5.74,77832685.0,318882874.0,19454388399.0,0.004000777788727646
2026-02-09,5.75,5.79,5.7,5.75,63395500.0,260499132.0,19454388399.0,0.003258673503365373
2026-02-10,5.75,5.81,5.68,5.79,60636708.0,250044638.0,19454388399.0,0.0031168652931344203
2026-02-11,5.79,5.85,5.75,5.81,44028600.0,182556447.0,19454388399.0,0.0022631706069085765
2026-02-12,5.84,5.84,5.74,5.77,49806657.0,205644406.0,19454388399.0,0.002560175934523862
2026-02-13,5.77,5.77,5.64,5.67,64706530.0,263132545.0,19454388399.0,0.0033260634399242314
2026-02-24,5.71,5.82,5.7,5.75,72711585.0,299541553.0,19454388399.0,0.0037375415514855014
2026-02-25,5.77,5.89,5.75,5.78,69933237.0,290188046.0,19454388399.0,0.0035947281181861637
2026-02-26,5.78,5.81,5.71,5.78,48361300.0,198926335.0,19454388399.0,0.0024858812833450927
2026-02-27,5.78,6.02,5.78,5.98,100525550.0,427627543.0,19454388399.0,0.005167242883110488
2026-03-02,6.02,6.05,5.81,5.98,103611335.0,439622728.0,19454388399.0,0.0053258592804349405
2026-03-03,5.95,6.03,5.86,5.91,109075400.0,463754012.0,19454388399.0,0.00560672470205266
2026-03-04,5.84,5.95,5.63,5.88,126465318.0,527138077.0,19454388399.0,0.006500606208031737
2026-03-05,5.95,5.99,5.86,5.95,70103452.0,296790386.0,19454388399.0,0.0036034775579788197
2026-03-06,5.92,5.98,5.79,5.95,61516282.0,259521545.0,19454388399.0,0.003162077405793033
2026-03-09,5.92,6.09,5.91,5.95,72046982.0,308581514.0,19454388399.0,0.0037033794392479272
2026-03-10,5.91,6.03,5.89,6.02,57349972.0,244899607.0,19454388399.0,0.002947919555412388
2026-03-11,6.03,6.06,5.92,5.99,46986088.0,200347205.0,19454388399.0,0.002415192245386403
2026-03-12,5.99,6.06,5.96,6.03,44231302.0,190576806.0,19454388399.0,0.0022735899527056625
2026-03-13,6.0,6.02,5.88,5.89,54047875.0,228780642.0,19454388399.0,0.002778184227203883
2026-03-16,5.91,5.99,5.89,5.93,52756827.0,223870429.0,19454388399.0,0.002711821411086448
2026-03-17,5.91,5.93,5.77,5.79,55946427.0,233334029.0,19454388399.0,0.002875774136537532
2026-03-18,5.77,5.85,5.71,5.82,44244537.0,182659202.0,19454388399.0,0.002274270261936082
2026-03-19,5.82,5.89,5.79,5.84,52421818.0,219160171.0,19454388399.0,0.002694601183283387
2026-03-20,5.79,5.88,5.75,5.77,35555136.0,147723572.0,19454388399.0,0.0018276152028417205
2026-03-23,5.7,5.71,5.49,5.53,75357714.0,301078917.0,19454388399.0,0.003873558626179868
2026-03-24,5.56,5.72,5.54,5.68,63228210.0,255262906.0,19454388399.0,0.003250074415253788
2026-03-25,5.7,5.84,5.64,5.79,51339710.0,210997494.0,19454388399.0,0.0026389783604114214
2026-03-26,5.77,5.89,5.77,5.84,44250826.0,184949912.0,19454388399.0,0.0022745935309009557
2026-03-27,5.82,5.85,5.71,5.77,47490855.0,195847120.0,19454388399.0,0.002441138422138274
2026-03-30,5.71,5.79,5.7,5.77,43408600.0,178200190.0,19454388399.0,0.0022313011907499135
2026-03-31,5.78,5.89,5.71,5.72,39215200.0,161703767.0,19454388399.0,0.002015750852492271
2026-04-01,5.77,5.82,5.63,5.68,53585539.0,218161823.0,19454388399.0,0.0027544191007697993
2026-04-02,5.71,5.74,5.64,5.71,48924101.0,199163122.0,19454388399.0,0.0025148105402539823
2026-04-03,5.71,5.72,5.58,5.58,38308700.0,153983476.0,19454388399.0,0.001969154681931258
2026-04-07,5.6,5.6,5.49,5.51,41732604.0,164751597.0,19454388399.0,0.0021451511681624055
2026-04-08,5.57,5.63,5.53,5.58,47212431.0,187763338.0,19454388399.0,0.0024268267925825326
2026-04-09,5.58,5.63,5.47,5.49,40829203.0,161609217.0,19454388399.0,0.0020987142932799015
2026-04-10,5.5,5.53,5.46,5.46,32767183.0,128517326.0,19454388399.0,0.001684308050603344
2026-04-13,5.43,5.46,5.36,5.46,44496600.0,172200446.0,19454388399.0,0.0022872268758799543
2026-04-14,5.46,5.46,5.37,5.4,34696000.0,133971368.0,19454388399.0,0.0017834536500660927
2026-04-15,5.42,5.51,5.4,5.47,37676401.0,147143915.0,19454388399.0,0.0019366530690801183
2026-04-16,5.46,5.47,5.37,5.44,34753503.0,134632883.0,19454388399.0,0.0017864094356102405
2026-04-17,5.44,5.46,5.36,5.37,37116011.0,142901361.0,19454388399.0,0.0019078477430782583
2026-04-20,5.36,5.39,5.33,5.37,33569300.0,128665185.0,19454388399.0,0.0017255386965403414
2026-04-21,5.37,5.44,5.35,5.39,37047715.0,142955445.0,19454388399.0,0.001904337172681529
2026-04-22,5.37,5.42,5.35,5.36,28247613.0,108372609.0,19454388399.0,0.0014519918293320387
2026-04-23,5.36,5.39,5.33,5.36,38596200.0,147862043.0,19454388399.0,0.001983932838617735
2026-04-24,5.36,5.39,5.32,5.36,32410646.0,123969668.0,19454388399.0,0.0016659812344276
2026-04-27,5.37,5.43,5.31,5.32,56141951.0,215136292.0,19454388399.0,0.002885824516739155
2026-04-28,5.31,5.4,5.31,5.39,57625851.0,220185044.0,19454388399.0,0.0029621003661550265
2026-04-29,5.37,5.37,5.24,5.31,62060401.0,234595406.0,19454388399.0,0.0031900463652298648
2026-04-30,5.29,5.31,5.17,5.18,87334978.0,324485626.0,19454388399.0,0.004489217353370472
2026-05-06,5.18,5.21,5.15,5.21,73932924.0,273875495.0,19454388399.0,0.003800321165778736
2026-05-07,5.21,5.24,5.19,5.22,59040416.0,219851958.0,19454388399.0,0.003034812238200961
2026-05-08,5.22,5.29,5.21,5.26,75861924.0,284844147.0,19454388399.0,0.00389947617185948
2026-05-11,5.25,5.26,5.19,5.25,60144322.0,224230203.0,19454388399.0,0.003091555528062324
2026-05-12,5.25,5.31,5.22,5.25,69851476.0,263021732.0,19454388399.0,0.003590525416033666
2026-05-13,5.25,5.31,5.22,5.31,55816864.0,210085617.0,19454388399.0,0.0028691143023992015
2026-05-14,5.31,5.35,5.22,5.22,64244003.0,242720029.0,19454388399.0,0.00330228849565388
2026-05-15,5.22,5.24,5.1,5.12,85089806.0,312512508.0,19454388399.0,0.004373810384312765
2026-05-18,5.11,5.12,5.0,5.05,72105853.0,260034015.0,19454388399.0,0.0037064055431167606
2026-05-19,5.04,5.17,5.04,5.15,55688893.0,203861455.0,19454388399.0,0.002862536300697201
2026-05-20,5.15,5.17,5.08,5.1,33820544.0,123488357.0,19454388399.0,0.0017384532120135142
2026-05-21,5.11,5.21,5.05,5.07,57922002.0,212393655.0,19454388399.0,0.002977323204001485
2026-05-22,5.07,5.08,5.03,5.05,47579641.0,171685030.0,19454388399.0,0.002445702225336763
2026-05-25,5.1,5.15,5.07,5.12,51049834.0,181950092.0,19454388399.0,0.0026240780718978594
2026-05-26,5.11,5.12,4.98,5.02,76870957.0,269265362.0,19454388399.0,0.003951342772818874
2026-05-27,5.02,5.04,4.91,4.94,53723373.0,185369498.0,19454388399.0,0.0027615040832001435
2026-05-28,4.95,5.0,4.9,4.92,60365500.0,208216794.0,19454388399.0,0.0031029245824609384
2026-05-29,4.91,5.01,4.91,5.0,77425162.0,267817910.0,19454388399.0,0.00397983017569341
2026-06-01,4.98,5.07,4.91,5.04,91578800.0,318290929.0,19454388399.0,0.00470735949759836
2026-06-02,5.02,5.07,4.92,4.98,73570714.0,255912892.0,19454388399.0,0.00378170274444514
2026-06-03,4.97,4.98,4.9,4.95,70145017.0,241128836.0,19454388399.0,0.003605614093918553
2026-06-04,4.95,4.98,4.85,4.87,67447315.0,230366155.0,19454388399.0,0.0034669460492249113
2026-06-05,4.87,4.94,4.87,4.88,56632600.0,193429674.0,19454388399.0,0.0029110449960437225
2026-06-08,4.84,4.85,4.71,4.72,86143900.0,286082437.0,19454388399.0,0.004427993223597201
2026-06-09,4.72,4.78,4.68,4.74,46513800.0,153417172.0,19454388399.0,0.002390915563420689
2026-06-10,4.72,4.81,4.72,4.79,48875010.0,162392097.0,19454388399.0,0.00251228715072391
2026-06-11,4.78,4.79,4.71,4.77,40511600.0,134108846.0,19454388399.0,0.0020823887736343533
2026-06-12,4.77,4.85,4.75,4.85,67585800.0,227015865.0,19454388399.0,0.003474064494542222
2026-06-15,4.88,4.98,4.84,4.88,67679100.0,231461793.0,19454388399.0,0.0034788603276512593
2026-06-16,4.85,4.87,4.75,4.77,58125801.0,193762042.0,19454388399.0,0.002987798938104258
2026-06-17,4.77,4.81,4.72,4.79,43131254.0,143445299.0,19454388399.0,0.002217044972856461
2026-06-18,4.79,4.79,4.64,4.68,59019208.0,193764567.0,19454388399.0,0.003033722098559198
2026-06-22,4.67,4.72,4.59,4.71,49381800.0,160334878.0,19454388399.0,0.0025383373142965696
2026-06-23,4.69,4.81,4.68,4.74,53389476.0,176818522.0,19454388399.0,0.002744341014737032
2026-06-24,4.72,4.78,4.58,4.59,84386949.0,273054196.0,19454388399.0,0.0043376819290982015
2026-06-25,4.58,4.64,4.55,4.59,47550426.0,152132737.0,19454388399.0,0.002444200507605996
2026-06-26,4.58,4.58,4.52,4.55,46251401.0,146695216.0,19454388399.0,0.002377427655468081
2026-06-29,4.52,4.61,4.44,4.59,59549815.0,187929826.0,19454388399.0,0.0030609965103329077
2026-06-30,4.56,4.58,4.49,4.52,50144067.0,158037517.0,19454388399.0,0.002577519579211111
2026-07-01,4.52,4.64,4.51,4.59,63136600.0,201548345.0,19454388399.0,0.003245365452004925
2026-07-02,4.59,4.68,4.58,4.65,62887757.0,202945856.0,19454388399.0,0.0032325743534159404
2026-07-03,4.65,4.77,4.65,4.71,59468611.0,195287184.0,19454388399.0,0.003056822439252669
2026-07-06,4.72,4.79,4.67,4.78,53484244.0,176897297.0,19454388399.0,0.0027492123063991678
2026-07-07,4.77,4.78,4.67,4.71,44655812.0,146323241.0,19454388399.0,0.0022954107363403627
2026-07-08,4.69,4.78,4.67,4.74,47093400.0,155446201.0,19454388399.0,0.0024207083273006264
2026-07-09,4.71,4.72,4.67,4.68,40665201.0,132905241.0,19454388399.0,0.0020902842158785255
2026-07-10,4.68,4.75,4.64,4.71,48345603.0,158282170.0,19454388399.0,0.002485074421691153
2026-07-13,4.71,4.75,4.69,4.74,50741201.0,167361359.0,19454388399.0,0.002608213630740929
