date,开盘,最高,最低,收盘,成交量,成交额,流通股本,换手率
2010-09-15,35.0,40.0,35.0,39.99,31043424.0,1182485888.0,35040000.0,0.8859424657534246
2010-09-16,39.99,42.65,39.23,40.49,17125240.0,699813184.0,35040000.0,0.4887340182648402
2010-09-17,41.0,41.5,37.81,38.69,11802672.0,467264608.0,35040000.0,0.33683424657534244
2010-09-20,38.5,40.8,37.5,37.63,8596809.0,338151072.0,35040000.0,0.24534272260273973
2010-09-21,36.22,36.6,33.87,35.02,9231356.0,322270112.0,35040000.0,0.2634519406392694
2010-09-27,35.23,36.47,34.67,36.17,5708605.0,203904080.0,35040000.0,0.16291680936073058
2010-09-28,35.79,36.4,34.77,34.79,4692703.0,166702000.0,35040000.0,0.13392417237442922
2010-09-29,34.3,36.79,33.8,36.28,5172356.0,183316544.0,35040000.0,0.147612899543379
2010-09-30,35.9,38.97,35.6,37.68,5189412.0,194295024.0,35040000.0,0.1480996575342466
2010-10-08,37.6,39.3,37.2,38.13,4922162.0,188668960.0,35040000.0,0.1404726598173516
2010-10-11,37.7,38.2,35.6,35.94,5620211.0,206872928.0,35040000.0,0.160394149543379
2010-10-12,35.5,36.49,34.69,34.95,5244866.0,184311424.0,35040000.0,0.1496822488584475
2010-10-13,34.65,35.31,34.5,34.99,3089697.0,107798472.0,35040000.0,0.08817628424657534
2010-10-14,36.08,37.99,35.6,37.01,10791278.0,399084224.0,35040000.0,0.3079702625570776
2010-10-15,36.1,36.29,35.0,35.05,5898197.0,209804384.0,35040000.0,0.1683275399543379
2010-10-18,34.73,34.75,32.24,33.85,3929061.0,132182560.0,35040000.0,0.11213073630136987
2010-10-19,33.12,36.5,33.12,35.65,4180691.0,148045248.0,35040000.0,0.11931195776255708
2010-10-20,35.0,37.0,34.65,36.58,4084616.0,148729424.0,35040000.0,0.11657009132420092
2010-10-21,36.66,36.98,35.63,35.98,2386292.0,85871504.0,35040000.0,0.0681019406392694
2010-10-22,35.8,36.78,35.65,35.9,2176566.0,78710280.0,35040000.0,0.0621166095890411
2010-10-25,36.45,37.88,36.45,37.35,3919360.0,146259296.0,35040000.0,0.11185388127853882
2010-10-26,37.3,37.37,36.02,36.28,3633322.0,132939440.0,35040000.0,0.10369069634703196
2010-10-27,36.38,37.9,36.02,37.08,4478958.0,166815616.0,35040000.0,0.12782414383561644
2010-10-28,36.84,40.79,36.73,40.79,8631854.0,339443008.0,35040000.0,0.24634286529680366
2010-10-29,42.01,44.58,40.99,43.7,7304875.0,313697504.0,35040000.0,0.2084724600456621
2010-11-01,43.07,46.5,42.99,43.8,6653710.0,296087488.0,35040000.0,0.18988898401826484
2010-11-02,44.15,45.0,42.28,42.65,4174482.0,181979392.0,35040000.0,0.1191347602739726
2010-11-03,42.05,42.88,41.51,42.5,2609172.0,110159520.0,35040000.0,0.07446267123287671
2010-11-04,42.1,45.2,42.1,44.52,3025554.0,133457232.0,35040000.0,0.08634571917808219
2010-11-05,44.3,48.6,44.3,47.45,3936883.0,183882064.0,35040000.0,0.11235396689497718
2010-11-08,47.7,50.0,46.0,49.5,3872939.0,187602576.0,35040000.0,0.11052908105022831
2010-11-09,48.7,49.2,47.5,48.1,3193279.0,153616272.0,35040000.0,0.09113239155251142
2010-11-10,48.0,50.08,47.55,49.79,2650874.0,129937696.0,35040000.0,0.07565279680365297
2010-11-11,49.0,50.98,47.03,47.12,3253324.0,158474816.0,35040000.0,0.09284600456621005
2010-11-12,46.8,47.8,43.1,43.18,3514216.0,158570160.0,35040000.0,0.10029155251141553
2010-11-15,43.31,47.0,43.31,46.69,2810695.0,126775984.0,35040000.0,0.08021389840182648
2010-11-16,46.47,48.58,44.78,46.0,3467777.0,162441664.0,35040000.0,0.09896623858447488
2010-11-17,45.18,46.84,44.0,44.5,1592721.0,72188640.0,35040000.0,0.04545436643835617
2010-11-18,43.99,45.78,43.8,44.53,1802429.0,80155328.0,35040000.0,0.05143918378995434
2010-11-19,44.78,48.1,43.68,47.57,3448929.0,157472560.0,35040000.0,0.0984283390410959
2010-11-22,47.3,50.5,47.12,48.76,5647286.0,276894880.0,35040000.0,0.1611668378995434
2010-11-23,48.8,50.45,47.5,49.8,3609346.0,176616176.0,35040000.0,0.1030064497716895
2010-11-24,49.31,50.8,48.7,50.59,2636081.0,131233704.0,35040000.0,0.07523062214611873
2010-11-25,50.0,50.97,48.5,48.68,2184939.0,108118832.0,35040000.0,0.06235556506849315
2010-11-26,48.5,49.5,48.46,49.1,984695.0,48266984.0,35040000.0,0.028102026255707763
2010-11-29,50.4,54.01,50.4,54.01,3937939.0,206199296.0,35040000.0,0.11238410388127854
2010-11-30,57.2,58.0,53.3,55.64,5972857.0,333707808.0,35040000.0,0.17045824771689497
2010-12-01,54.8,56.33,53.88,54.52,2521020.0,138630432.0,35040000.0,0.07194691780821917
2010-12-02,54.9,56.88,54.21,54.59,2401045.0,132653400.0,35040000.0,0.06852297374429224
2010-12-03,53.61,54.95,51.59,52.49,2358103.0,124244952.0,35040000.0,0.0672974600456621
2010-12-06,51.9,52.54,49.9,50.64,2387268.0,121776264.0,35040000.0,0.06812979452054795
2010-12-07,50.02,54.6,50.0,54.0,2078446.0,110090088.0,35040000.0,0.05931638127853881
2010-12-08,53.78,55.68,53.2,53.59,1436602.0,78121456.0,35040000.0,0.04099891552511416
2010-12-09,53.37,54.8,52.0,54.41,1979986.0,106027272.0,35040000.0,0.0565064497716895
2010-12-10,53.51,54.98,52.51,54.48,1420285.0,76798584.0,35040000.0,0.040533247716894975
2010-12-13,54.66,59.1,54.48,58.21,2772266.0,159331872.0,35040000.0,0.0791171803652968
2010-12-14,58.23,59.2,57.2,58.5,2208119.0,128715600.0,35040000.0,0.06301709474885844
2010-12-15,58.9,58.9,56.2,57.0,3709569.0,212101216.0,43800000.0,0.08469335616438356
2010-12-16,56.6,60.35,55.6,58.7,2427738.0,143483152.0,43800000.0,0.05542780821917808
2010-12-17,58.3,59.4,57.36,59.07,1270706.0,74175928.0,43800000.0,0.029011552511415524
2010-12-20,59.03,60.61,57.5,60.3,2233792.0,132997952.0,43800000.0,0.05099981735159817
2010-12-21,60.3,60.9,58.21,59.0,1607156.0,95115296.0,43800000.0,0.03669305936073059
2010-12-22,59.64,59.66,57.3,57.7,1304423.0,75414928.0,43800000.0,0.02978134703196347
2010-12-23,57.65,58.5,56.2,56.49,1368794.0,78406696.0,43800000.0,0.03125100456621004
2010-12-24,56.02,57.29,51.01,54.0,3619696.0,195309872.0,43800000.0,0.08264146118721462
2010-12-27,53.5,54.49,50.3,50.58,2189836.0,114777560.0,43800000.0,0.04999625570776256
2010-12-28,50.08,50.6,48.0,48.99,2669350.0,131093256.0,43800000.0,0.06094406392694064
2010-12-29,48.95,53.38,48.95,52.23,2606435.0,133154224.0,43800000.0,0.059507648401826485
2010-12-30,52.3,55.6,51.7,54.0,2004311.0,108692880.0,43800000.0,0.04576052511415525
2010-12-31,53.98,55.99,53.68,55.97,1162194.0,64395380.0,43800000.0,0.026534109589041097
2011-01-04,55.5,56.89,54.67,55.75,1224224.0,68250288.0,43800000.0,0.027950319634703197
2011-01-05,55.5,55.8,54.1,55.56,1183496.0,64811784.0,43800000.0,0.027020456621004565
2011-01-06,55.56,56.59,54.3,56.07,956138.0,53011248.0,43800000.0,0.021829634703196345
2011-01-07,55.88,56.58,54.0,54.8,1041170.0,57480388.0,43800000.0,0.023771004566210046
2011-01-11,52.8,52.9,49.33,49.51,1779768.0,89808224.0,43800000.0,0.040633972602739724
2011-01-12,49.65,51.5,48.4,49.98,1422145.0,71227704.0,43800000.0,0.03246906392694064
2011-01-13,50.28,50.96,49.82,50.25,673669.0,33874228.0,43800000.0,0.015380570776255707
2011-01-14,51.6,51.6,48.4,49.0,644741.0,31878590.0,43800000.0,0.014720114155251141
2011-01-17,50.6,50.6,44.9,46.3,1620428.0,75233024.0,43800000.0,0.03699607305936073
2011-01-18,46.4,47.35,45.08,46.11,844378.0,39233300.0,43800000.0,0.019278036529680364
2011-01-19,47.38,47.95,46.14,47.45,865651.0,40783908.0,43800000.0,0.019763721461187215
2011-01-20,47.3,47.8,45.3,45.5,731266.0,33685524.0,43800000.0,0.01669557077625571
2011-01-21,45.01,48.58,45.0,47.1,1200336.0,56207096.0,43800000.0,0.027404931506849316
2011-01-24,47.9,47.9,45.83,46.0,787211.0,36827756.0,43800000.0,0.01797285388127854
2011-01-25,46.0,46.88,45.4,46.44,840270.0,38590716.0,43800000.0,0.019184246575342467
2011-01-26,46.0,47.75,46.0,47.25,417791.0,19655682.0,43800000.0,0.009538607305936073
2011-01-27,47.19,48.0,46.88,47.81,558669.0,26574602.0,43800000.0,0.012755
2011-01-28,47.82,48.09,47.2,48.04,344918.0,16431701.0,43800000.0,0.007874840182648403
2011-01-31,48.05,48.4,47.31,47.96,507030.0,24224034.0,43800000.0,0.011576027397260274
2011-02-01,48.18,48.92,47.56,48.36,432547.0,20915150.0,43800000.0,0.009875502283105023
2011-02-09,48.34,48.34,46.0,46.0,699893.0,32765690.0,43800000.0,0.015979292237442922
2011-02-10,46.0,47.59,45.82,47.51,401173.0,18835576.0,43800000.0,0.009159200913242009
2011-02-11,47.5,49.8,47.5,49.4,641257.0,31519220.0,43800000.0,0.014640570776255708
2011-02-14,49.2,50.5,49.1,50.25,602162.0,30084920.0,43800000.0,0.013747990867579909
2011-02-15,50.04,51.19,49.6,50.0,599868.0,30258100.0,43800000.0,0.013695616438356165
2011-02-16,49.66,50.86,49.51,50.31,588294.0,29538216.0,43800000.0,0.013431369863013699
2011-02-17,50.25,51.49,49.6,49.95,799869.0,40267728.0,43800000.0,0.018261849315068492
2011-02-18,49.71,51.18,49.0,50.66,1184695.0,59616444.0,43800000.0,0.02704783105022831
2011-02-21,49.85,52.1,49.73,51.94,781593.0,40198080.0,43800000.0,0.01784458904109589
2011-02-22,52.1,52.4,49.88,50.16,752026.0,38249836.0,43800000.0,0.017169543378995435
2011-02-23,50.0,50.68,49.88,50.36,431268.0,21636186.0,43800000.0,0.009846301369863013
2011-02-24,50.37,51.34,50.2,51.26,510042.0,25927554.0,43800000.0,0.011644794520547945
2011-02-25,51.3,51.75,50.58,50.8,435581.0,22133470.0,43800000.0,0.009944771689497717
2011-02-28,50.8,50.8,49.9,50.7,781008.0,39263984.0,43800000.0,0.01783123287671233
2011-03-01,50.1,51.48,50.0,50.4,410611.0,20848912.0,43800000.0,0.009374680365296803
2011-03-02,50.09,50.63,49.6,50.63,404128.0,20200998.0,43800000.0,0.009226666666666666
2011-03-03,50.16,51.45,49.85,50.0,472730.0,23908924.0,43800000.0,0.010792922374429224
2011-03-04,50.0,50.29,47.91,48.21,1066824.0,51827820.0,43800000.0,0.024356712328767124
2011-03-07,48.2,48.98,48.0,48.03,734738.0,35465632.0,43800000.0,0.016774840182648403
2011-03-08,48.03,48.4,47.22,47.78,790865.0,37614728.0,43800000.0,0.018056278538812785
2011-03-09,48.28,49.03,47.8,48.5,567955.0,27647310.0,43800000.0,0.012967009132420092
2011-03-10,48.59,48.65,47.82,48.45,440369.0,21227294.0,43800000.0,0.010054086757990868
2011-03-11,48.1,49.3,47.7,48.61,504068.0,24675534.0,43800000.0,0.011508401826484018
2011-03-14,48.73,50.7,48.73,50.7,1143347.0,57470672.0,43800000.0,0.026103812785388127
2011-03-15,51.0,51.0,49.01,50.4,822641.0,41225616.0,43800000.0,0.01878175799086758
2011-03-16,50.87,50.94,50.0,50.4,576561.0,28983856.0,43800000.0,0.013163493150684932
2011-03-17,50.03,50.37,48.9,49.86,586838.0,29001328.0,43800000.0,0.01339812785388128
2011-03-18,49.31,50.35,48.21,48.63,671128.0,32832302.0,43800000.0,0.015322557077625571
2011-03-21,48.63,48.99,47.0,47.82,671614.0,31906430.0,43800000.0,0.015333652968036529
2011-03-22,47.6,47.68,46.22,46.5,596961.0,27873692.0,43800000.0,0.013629246575342466
2011-03-23,46.69,47.1,46.53,46.98,217008.0,10182088.0,43800000.0,0.004954520547945205
2011-03-24,47.19,47.44,46.0,46.71,343185.0,16027217.0,43800000.0,0.00783527397260274
2011-03-25,47.13,47.13,46.12,46.65,562441.0,26148748.0,43800000.0,0.012841118721461188
2011-03-28,46.65,46.66,45.15,45.18,725200.0,33066634.0,43800000.0,0.016557077625570776
2011-03-29,45.23,45.78,44.78,44.81,611167.0,27585304.0,43800000.0,0.013953584474885844
2011-03-30,44.99,45.01,42.68,43.14,780480.0,33799808.0,43800000.0,0.01781917808219178
2011-03-31,43.15,43.77,43.1,43.45,266346.0,11548164.0,43800000.0,0.006080958904109589
2011-04-01,43.79,43.8,43.22,43.46,215301.0,9354511.0,43800000.0,0.004915547945205479
2011-04-06,43.47,44.5,43.37,43.43,365004.0,15954925.0,43800000.0,0.008333424657534247
2011-04-08,44.3,45.4,43.52,44.5,853514.0,38218136.0,43800000.0,0.01948662100456621
2011-04-11,45.12,45.12,44.0,44.1,410739.0,18253440.0,43800000.0,0.009377602739726027
2011-04-12,44.09,44.66,43.3,44.15,721249.0,31562188.0,43800000.0,0.016466872146118722
2011-04-13,44.0,48.57,43.5,48.0,1548708.0,72074856.0,43800000.0,0.0353586301369863
2011-04-19,52.8,52.8,50.0,52.8,3231940.0,170037456.0,43800000.0,0.07378858447488584
2011-04-20,56.0,58.08,54.3,55.13,7075418.0,397378400.0,43800000.0,0.16153922374429225
2011-04-21,55.12,55.32,52.93,55.0,3007511.0,164649184.0,43800000.0,0.06866463470319635
2011-04-22,54.5,56.6,54.0,55.6,1828049.0,100639064.0,43800000.0,0.04173627853881279
2011-04-25,55.0,55.0,51.0,53.7,745506.0,40135104.0,43800000.0,0.01702068493150685
2011-04-26,53.25,54.27,52.03,54.0,822991.0,43655176.0,43800000.0,0.01878974885844749
2011-04-27,53.99,54.9,52.81,53.03,488977.0,26091582.0,43800000.0,0.011163858447488585
2011-04-28,53.08,53.5,50.2,52.75,975298.0,50293204.0,43800000.0,0.022267077625570775
2011-04-29,52.08,53.1,52.0,52.44,309500.0,16263708.0,43800000.0,0.007066210045662101
2011-05-03,52.28,54.5,51.8,53.79,483166.0,25860200.0,43800000.0,0.011031187214611873
2011-05-05,53.0,53.8,51.76,53.79,738322.0,38839596.0,43800000.0,0.016856666666666666
2011-05-06,53.02,55.42,53.01,53.85,1007143.0,54837608.0,43800000.0,0.022994132420091323
2011-05-09,53.86,55.4,53.4,54.71,620401.0,33937916.0,43800000.0,0.014164406392694064
2011-05-10,54.73,55.5,53.75,54.6,516926.0,28262264.0,43800000.0,0.011801963470319634
2011-05-11,54.04,54.55,53.45,54.0,341041.0,18399422.0,43800000.0,0.007786324200913242
2011-05-12,53.0,53.95,53.0,53.45,235753.0,12617025.0,43800000.0,0.0053824885844748855
2011-05-13,53.4,56.5,52.34,52.62,391948.0,20929220.0,43800000.0,0.008948584474885845
2011-05-16,52.11,52.6,51.3,51.3,622061.0,32151006.0,43800000.0,0.01420230593607306
2011-05-17,51.25,52.3,50.62,51.86,563569.0,29108810.0,43800000.0,0.012866872146118721
2011-05-18,51.8,52.38,51.34,52.21,301333.0,15662544.0,43800000.0,0.006879748858447488
2011-05-19,52.53,52.77,51.2,51.77,418325.0,21679918.0,43800000.0,0.00955079908675799
2011-05-20,51.45,52.21,50.4,51.49,572277.0,29142650.0,43800000.0,0.01306568493150685
2011-05-23,50.8,51.5,49.14,49.3,349944.0,17437852.0,43800000.0,0.00798958904109589
2011-05-24,49.03,51.7,48.58,48.68,535608.0,26604888.0,43800000.0,0.012228493150684932
2011-05-25,48.68,50.3,48.0,48.06,294230.0,14434671.0,43800000.0,0.006717579908675799
2011-05-26,48.12,48.75,46.04,46.2,494328.0,15393832.0,65700000.0,0.007524018264840182
2011-05-27,46.04,46.05,43.8,45.36,406864.0,12198628.0,65700000.0,0.00619275494672755
2011-05-30,44.53,46.01,44.51,44.91,320306.0,9616550.0,65700000.0,0.004875281582952816
2011-05-31,44.68,45.71,44.53,45.28,294114.0,8791048.0,65700000.0,0.00447662100456621
2011-06-01,45.43,47.32,44.72,47.32,837967.0,25281546.0,65700000.0,0.012754444444444445
2011-06-02,46.46,47.17,45.55,46.87,753152.0,23321992.0,65700000.0,0.011463500761035007
2011-06-03,47.28,48.23,46.38,47.09,187905.0,5929223.0,65700000.0,0.002860045662100457
2011-06-07,47.17,49.74,47.09,49.64,579225.0,18688488.0,65700000.0,0.0088162100456621
2011-06-08,49.64,51.03,48.5,50.87,652588.0,21612746.0,65700000.0,0.009932846270928462
2011-06-09,50.79,50.79,48.11,48.45,764141.0,24883806.0,65700000.0,0.01163076103500761
2011-06-10,48.45,49.54,47.62,49.51,387017.0,12484704.0,65700000.0,0.005890669710806697
2011-06-13,49.37,50.32,48.47,50.13,359016.0,11851875.0,65700000.0,0.005464474885844749
2011-06-14,50.28,51.92,50.28,50.46,507652.0,17163880.0,65700000.0,0.007726818873668189
2011-06-15,50.49,51.02,49.89,50.08,240256.0,8013423.0,65700000.0,0.0036568645357686453
2011-06-16,50.11,50.11,48.91,49.19,258502.0,8518004.0,65700000.0,0.003934581430745814
2011-06-17,49.89,49.89,48.0,48.04,178481.0,5763832.0,65700000.0,0.002716605783866058
2011-06-20,48.0,51.2,46.94,49.81,1052907.0,34918240.0,65700000.0,0.016025981735159817
2011-06-21,49.36,51.09,49.36,50.93,1125660.0,37642416.0,65700000.0,0.017133333333333334
2011-06-22,51.02,51.55,50.73,51.08,541127.0,18369134.0,65700000.0,0.008236331811263318
2011-06-23,50.66,53.6,49.81,52.84,1350284.0,46482532.0,65700000.0,0.02055226788432268
2011-06-24,52.68,55.77,52.23,53.74,1443750.0,51705404.0,65700000.0,0.021974885844748857
2011-06-27,53.21,55.09,53.04,53.58,1488090.0,53419780.0,65700000.0,0.02264977168949772
2011-06-28,53.15,54.01,52.8,53.74,543527.0,19165920.0,65700000.0,0.008272861491628616
2011-06-29,53.09,54.79,53.09,53.28,655500.0,23449956.0,65700000.0,0.00997716894977169
2011-06-30,53.81,55.24,53.43,54.43,1148214.0,41405872.0,65700000.0,0.01747662100456621
2011-07-01,57.36,57.36,55.4,56.33,1545259.0,57570336.0,65700000.0,0.023519923896499238
2011-07-04,57.13,58.87,56.39,58.26,2420496.0,93372960.0,65700000.0,0.03684164383561644
2011-07-05,58.08,60.08,57.36,58.23,1872619.0,72617616.0,65700000.0,0.028502572298325722
2011-07-06,57.52,59.61,57.39,59.59,1211484.0,46959464.0,65700000.0,0.018439634703196348
2011-07-07,59.59,61.36,59.02,59.62,2467227.0,98252680.0,65700000.0,0.037552922374429226
2011-07-08,59.62,60.92,57.99,60.69,1500839.0,59106956.0,65700000.0,0.022843820395738203
2011-07-11,60.38,65.36,60.38,63.11,3140772.0,131244296.0,65700000.0,0.04780474885844749
2011-07-12,62.49,64.12,61.15,63.15,1161468.0,48406960.0,65700000.0,0.01767835616438356
2011-07-13,62.64,66.4,61.58,66.11,1557411.0,65279852.0,65700000.0,0.02370488584474886
2011-07-14,66.87,67.32,61.28,64.23,4719029.0,199949200.0,65700000.0,0.07182692541856925
2011-07-15,63.4,63.64,61.58,62.49,3311287.0,137241376.0,65700000.0,0.05040010654490107
2011-07-18,62.46,65.06,61.93,64.27,2529816.0,106402872.0,65700000.0,0.03850557077625571
2011-07-19,63.83,63.83,62.02,62.02,2542851.0,105587824.0,65700000.0,0.03870397260273973
2011-07-20,62.87,62.87,61.13,61.67,891004.0,36424476.0,65700000.0,0.013561704718417047
2011-07-21,61.74,64.68,61.58,62.6,1599478.0,67292920.0,65700000.0,0.02434517503805175
2011-07-22,62.63,65.21,62.61,63.94,1695948.0,72194584.0,65700000.0,0.02581351598173516
2011-07-25,63.55,65.22,62.64,62.97,1336277.0,56433904.0,65700000.0,0.020339071537290716
2011-07-26,62.76,65.18,62.76,64.81,1119120.0,47636552.0,65700000.0,0.0170337899543379
2011-07-27,65.01,69.6,64.48,68.83,1795129.0,80196880.0,65700000.0,0.0273231202435312
2011-07-28,68.53,69.81,67.32,69.0,1268484.0,57597336.0,65700000.0,0.019307214611872146
2011-07-29,69.3,69.66,66.99,68.07,1037911.0,46698280.0,65700000.0,0.01579773211567732
2011-08-01,67.71,68.11,65.66,66.49,1381776.0,61062744.0,65700000.0,0.02103159817351598
2011-08-02,66.11,67.79,64.72,67.76,1184030.0,51941540.0,65700000.0,0.018021765601217658
2011-08-03,68.66,70.81,64.87,64.91,2076268.0,93995128.0,65700000.0,0.03160225266362253
2011-08-04,64.72,65.57,62.64,65.13,1379028.0,58788012.0,65700000.0,0.020989771689497717
2011-08-05,63.53,65.06,62.66,64.2,1005269.0,42739432.0,65700000.0,0.015300898021308981
2011-08-08,63.09,64.32,60.38,64.15,1052206.0,44044888.0,65700000.0,0.01601531202435312
2011-08-09,62.94,66.54,61.18,66.19,2100910.0,91051928.0,65700000.0,0.03197732115677321
2011-08-10,66.82,68.38,66.41,67.77,1678410.0,75155104.0,65700000.0,0.025546575342465752
2011-08-11,66.49,68.38,66.11,68.3,1469022.0,66038340.0,65700000.0,0.022359543378995435
2011-08-12,68.47,69.43,68.12,69.3,719156.0,32790916.0,65700000.0,0.010946057838660579
2011-08-15,69.13,69.8,65.07,66.11,2127400.0,94570040.0,65700000.0,0.032380517503805176
2011-08-16,66.1,66.23,64.23,64.91,1384854.0,59552084.0,65700000.0,0.021078447488584475
2011-08-17,64.81,64.81,63.27,64.23,1158886.0,49114840.0,65700000.0,0.017639056316590563
2011-08-18,64.29,64.38,62.35,63.49,1567274.0,65339116.0,65700000.0,0.023855007610350077
2011-08-19,62.49,64.38,61.9,64.35,666302.0,27951224.0,65700000.0,0.01014158295281583
2011-08-22,64.35,64.91,63.92,64.48,1182231.0,50445120.0,65700000.0,0.017994383561643835
2011-08-23,64.68,64.89,62.88,64.29,741610.0,31207286.0,65700000.0,0.011287823439878235
2011-08-24,63.4,65.34,63.4,65.06,578368.0,24823208.0,65700000.0,0.00880316590563166
2011-08-25,65.13,65.58,64.0,65.42,652533.0,28051740.0,65700000.0,0.00993200913242009
2011-08-26,65.42,65.61,64.47,64.74,424926.0,18309118.0,65700000.0,0.006467671232876712
2011-08-29,64.74,64.74,62.05,62.94,1377506.0,57629596.0,65700000.0,0.020966605783866058
2011-08-30,63.32,63.4,61.22,61.51,1155786.0,47589888.0,65700000.0,0.017591872146118723
2011-08-31,61.58,61.89,60.08,60.74,934297.0,37520844.0,65700000.0,0.014220654490106545
2011-09-01,60.26,61.96,60.26,60.92,335076.0,13589617.0,65700000.0,0.005100091324200913
2011-09-02,60.98,61.87,60.5,61.58,1037789.0,42093596.0,65700000.0,0.01579587519025875
2011-09-05,61.58,62.54,61.13,62.34,794844.0,32634862.0,65700000.0,0.012098082191780822
2011-09-06,62.19,62.34,60.83,61.81,290870.0,11881081.0,65700000.0,0.0044272450532724505
2011-09-07,61.98,64.68,61.61,64.42,603249.0,25318256.0,65700000.0,0.009181872146118722
2011-09-08,64.33,65.0,63.47,63.5,315581.0,13433170.0,65700000.0,0.004803363774733638
2011-09-09,63.4,64.87,63.09,63.98,415526.0,17596212.0,65700000.0,0.006324596651445967
2011-09-13,63.11,63.91,61.37,61.89,935651.0,38340772.0,65700000.0,0.014241263318112634
2011-09-14,62.07,62.2,61.03,61.66,498201.0,20299018.0,65700000.0,0.00758296803652968
2011-09-15,61.89,63.03,61.16,62.34,255737.0,10555339.0,65700000.0,0.0038924961948249618
2011-09-16,62.44,62.94,62.2,62.7,302818.0,12552159.0,65700000.0,0.00460910197869102
2011-09-19,62.87,63.08,61.89,62.67,327756.0,13607034.0,65700000.0,0.004988675799086758
2011-09-20,62.57,62.87,61.89,62.72,210038.0,8693554.0,65700000.0,0.003196925418569254
2011-09-21,62.73,64.75,62.73,64.0,992237.0,42204564.0,65700000.0,0.015102541856925418
2011-09-22,63.09,64.04,62.79,63.55,346767.0,14578045.0,65700000.0,0.005278036529680365
2011-09-23,62.87,63.53,61.58,62.26,683589.0,28218180.0,65700000.0,0.010404703196347032
2011-09-26,62.26,64.69,62.2,62.26,424911.0,17810758.0,65700000.0,0.006467442922374429
2011-09-27,62.31,62.52,56.26,57.21,5166591.0,199778944.0,65700000.0,0.07863913242009132
2011-09-28,57.37,57.6,53.81,54.79,2706027.0,98724360.0,65700000.0,0.04118762557077626
2011-09-29,54.76,55.85,53.13,55.52,1064378.0,38645868.0,65700000.0,0.016200578386605782
2011-09-30,55.12,55.67,53.42,55.08,536602.0,19318316.0,65700000.0,0.00816745814307458
2011-10-10,54.76,55.14,52.68,55.09,842149.0,30070768.0,65700000.0,0.012818097412480974
2011-10-11,55.59,57.15,55.02,55.5,702075.0,26197222.0,65700000.0,0.01068607305936073
2011-10-12,54.76,58.19,54.34,57.96,1215545.0,46016352.0,65700000.0,0.01850144596651446
2011-10-13,57.96,60.65,57.36,58.87,1170748.0,46093468.0,65700000.0,0.017819604261796042
2011-10-14,58.82,60.75,58.38,60.57,2097323.0,83555328.0,65700000.0,0.031922724505327245
2011-10-17,60.75,64.15,60.75,62.19,1448110.0,60141504.0,65700000.0,0.02204124809741248
2011-10-19,61.66,61.66,58.75,59.79,624636.0,24768344.0,65700000.0,0.009507397260273973
2011-10-20,58.7,59.7,55.85,56.95,865450.0,32514132.0,65700000.0,0.013172754946727549
2011-10-21,57.06,57.51,53.74,54.19,1077362.0,39415824.0,65700000.0,0.01639820395738204
2011-10-24,54.34,56.12,53.3,55.85,616146.0,22429930.0,65700000.0,0.009378173515981735
2011-10-25,55.94,57.48,55.24,57.33,1415057.0,52996816.0,65700000.0,0.021538158295281582
2011-10-26,57.06,58.41,55.09,57.66,2172729.0,82700504.0,65700000.0,0.033070456621004565
2011-10-27,57.81,59.41,57.57,57.57,1630790.0,63209828.0,65700000.0,0.024821765601217655
2011-10-28,57.96,58.85,57.54,57.96,570430.0,21930078.0,65700000.0,0.00868234398782344
2011-10-31,58.41,58.57,56.63,58.11,1076530.0,41003596.0,65700000.0,0.016385540334855404
2011-11-01,57.58,58.54,56.18,57.21,1543607.0,58838732.0,65700000.0,0.023494779299847793
2011-11-02,55.94,59.02,55.55,58.87,1736830.0,65572536.0,65700000.0,0.026435768645357686
2011-11-03,58.81,60.15,58.2,59.08,1836384.0,72158952.0,65700000.0,0.0279510502283105
2011-11-04,59.17,61.24,58.9,60.09,1087699.0,43407868.0,65700000.0,0.016555540334855404
2011-11-07,59.55,60.27,58.99,59.44,291548.0,11532082.0,65700000.0,0.004437564687975647
2011-11-08,58.69,59.74,57.48,57.48,856818.0,33090588.0,65700000.0,0.0130413698630137
2011-11-09,57.39,58.61,57.39,58.4,271958.0,10460626.0,65700000.0,0.004139391171993911
2011-11-10,57.51,59.47,57.51,58.49,565751.0,22085858.0,65700000.0,0.008611126331811263
2011-11-11,58.11,59.5,57.13,59.32,745865.0,28880018.0,65700000.0,0.011352587519025875
2011-11-14,59.32,61.22,59.32,60.53,1432303.0,57415964.0,65700000.0,0.021800654490106545
2011-11-15,60.68,61.28,60.17,61.04,2140721.0,86110016.0,65700000.0,0.032583272450532726
2011-11-16,61.04,61.54,60.23,60.75,782343.0,31549604.0,65700000.0,0.011907808219178083
2011-11-17,60.12,61.43,60.12,61.04,961772.0,38893420.0,65700000.0,0.014638843226788432
2011-11-18,60.89,61.49,60.39,60.91,945265.0,38136660.0,65700000.0,0.01438759512937595
2011-11-21,59.79,60.3,57.36,58.72,1035063.0,40266352.0,65700000.0,0.015754383561643836
2011-11-22,57.52,57.54,55.67,56.15,3427964.0,128282456.0,65700000.0,0.05217601217656012
2011-11-23,55.7,56.89,55.17,55.77,1563264.0,57967908.0,65700000.0,0.023793972602739726
2011-11-24,55.24,55.77,54.57,54.64,1405012.0,51395304.0,65700000.0,0.021385266362252662
2011-11-25,54.67,55.73,54.67,55.4,911720.0,33343188.0,65700000.0,0.013877016742770167
2011-11-28,54.84,56.54,54.84,56.41,586519.0,21706864.0,65700000.0,0.008927229832572298
2011-11-29,56.68,57.25,55.94,57.0,234138.0,8769580.0,65700000.0,0.0035637442922374428
2011-11-30,56.69,57.18,54.64,55.24,518668.0,19241544.0,65700000.0,0.007894490106544902
2011-12-01,56.91,57.18,55.67,56.09,583759.0,21734730.0,65700000.0,0.008885220700152206
2011-12-02,55.17,55.85,53.63,55.55,438834.0,15879806.0,65700000.0,0.006679360730593607
2011-12-05,54.43,54.99,53.58,54.34,458648.0,16496231.0,65700000.0,0.0069809436834094366
2011-12-06,53.8,54.63,53.74,54.34,391851.0,14082577.0,65700000.0,0.005964246575342466
2011-12-07,53.81,54.34,53.1,54.04,587160.0,20858378.0,65700000.0,0.008936986301369862
2011-12-08,53.49,54.29,52.68,53.52,638368.0,22616478.0,65700000.0,0.009716407914764079
2011-12-09,52.84,54.02,52.84,53.43,118045.0,4190487.0,65700000.0,0.0017967275494672754
2011-12-12,53.04,54.04,52.8,53.42,991910.0,34907188.0,65700000.0,0.015097564687975646
2011-12-13,52.53,53.58,52.53,53.58,656339.0,23043818.0,65700000.0,0.00998993911719939
2011-12-14,53.06,53.68,51.17,52.83,648644.0,22556482.0,65700000.0,0.009872815829528158
2011-12-15,52.53,53.96,51.85,53.96,932153.0,32788380.0,65700000.0,0.014188021308980213
2011-12-16,53.13,54.94,53.13,54.94,337197.0,12135955.0,65700000.0,0.0051323744292237445
2011-12-19,54.93,54.93,53.74,54.34,357447.0,12817173.0,65700000.0,0.005440593607305936
2011-12-20,54.34,55.06,53.77,53.9,176326.0,6349558.0,65700000.0,0.002683805175038052
2011-12-21,53.75,54.17,52.88,52.88,144200.0,5100173.0,65700000.0,0.0021948249619482495
2011-12-22,52.83,53.25,51.35,53.25,280539.0,9771116.0,65700000.0,0.00427
2011-12-23,52.23,54.34,52.23,54.05,230983.0,8206759.0,65700000.0,0.0035157229832572297
2011-12-26,53.61,54.02,53.15,53.16,150630.0,5353660.0,65700000.0,0.0022926940639269406
2011-12-27,52.39,53.16,51.52,51.62,256893.0,8848731.0,65700000.0,0.003910091324200914
2011-12-28,51.17,52.15,49.99,52.14,300425.0,10102003.0,65700000.0,0.004572678843226788
2011-12-29,51.34,52.53,50.64,50.64,215985.0,7367413.0,65700000.0,0.0032874429223744292
2011-12-30,50.64,52.83,49.99,52.68,1008659.0,34312912.0,65700000.0,0.015352496194824962
2012-01-04,52.51,52.53,49.81,50.11,605802.0,20666546.0,65700000.0,0.009220730593607306
2012-01-05,49.81,49.84,45.24,45.3,987297.0,30895936.0,65700000.0,0.015027351598173515
2012-01-06,45.12,45.87,44.08,44.89,1442746.0,43013988.0,65700000.0,0.021959604261796044
2012-01-09,44.86,46.04,44.38,45.51,1152492.0,34487944.0,65700000.0,0.017541735159817353
2012-01-10,45.71,48.32,45.55,47.4,784314.0,24259806.0,65700000.0,0.011937808219178081
2012-01-11,47.95,47.95,46.49,46.79,676120.0,21051298.0,65700000.0,0.010291019786910199
2012-01-12,46.05,48.83,46.05,48.8,1239886.0,39493140.0,65700000.0,0.01887193302891933
2012-01-13,48.75,48.8,46.34,46.49,1040334.0,32344744.0,65700000.0,0.015834611872146118
2012-01-16,45.71,46.25,44.8,44.81,668266.0,20102344.0,65700000.0,0.010171476407914765
2012-01-17,45.06,46.16,42.54,46.16,1059533.0,31178502.0,65700000.0,0.016126834094368343
2012-01-18,46.11,46.34,43.62,43.67,673029.0,20069500.0,65700000.0,0.010243972602739727
2012-01-19,43.64,45.25,43.62,44.84,351535.0,10328730.0,65700000.0,0.005350608828006088
2012-01-20,44.95,47.55,44.08,46.88,534073.0,16457752.0,65700000.0,0.00812896499238965
2012-01-30,46.91,47.98,46.54,47.55,563959.0,17699102.0,65700000.0,0.008583850837138508
2012-01-31,47.11,47.8,46.58,46.96,460536.0,14454613.0,65700000.0,0.007009680365296804
2012-02-01,46.91,48.15,46.66,47.35,233223.0,7350999.0,65700000.0,0.0035498173515981736
2012-02-02,47.55,49.06,46.82,48.75,440163.0,14064553.0,65700000.0,0.00669958904109589
2012-02-03,48.71,50.57,48.51,50.2,522671.0,17250524.0,65700000.0,0.007955418569254186
2012-02-06,51.17,52.08,49.81,50.49,1347955.0,45263348.0,65700000.0,0.02051681887366819
2012-02-07,50.4,50.4,49.36,49.83,660000.0,21767300.0,65700000.0,0.01004566210045662
2012-02-08,49.93,51.02,49.1,50.87,950648.0,31568760.0,65700000.0,0.014469528158295282
2012-02-09,50.81,52.23,50.72,52.06,904074.0,30969306.0,65700000.0,0.013760639269406393
2012-02-10,51.09,52.45,51.09,52.06,295018.0,10107929.0,65700000.0,0.004490380517503805
2012-02-13,51.17,53.28,51.02,51.47,1362725.0,47353416.0,65700000.0,0.020741628614916286
2012-02-14,51.49,52.47,51.32,52.01,374953.0,12886697.0,65700000.0,0.005707047184170472
2012-02-15,51.77,52.53,51.34,52.08,570498.0,19706348.0,65700000.0,0.00868337899543379
2012-02-16,52.08,53.0,51.02,51.32,1529382.0,52605616.0,65700000.0,0.02327826484018265
2012-02-17,51.31,51.86,50.72,51.61,276010.0,9385670.0,65700000.0,0.0042010654490106545
2012-02-20,52.32,52.59,51.62,51.73,165800.0,5719108.0,65700000.0,0.002523592085235921
2012-02-21,50.88,51.8,50.38,51.74,877473.0,29506088.0,65700000.0,0.013355753424657535
2012-02-22,52.39,56.08,52.39,54.49,2106150.0,76127304.0,65700000.0,0.03205707762557078
2012-02-23,54.01,55.55,53.72,54.82,764236.0,27641746.0,65700000.0,0.01163220700152207
2012-02-24,55.09,55.56,55.06,55.43,1046673.0,38405044.0,65700000.0,0.01593109589041096
2012-02-27,55.43,55.71,54.72,55.55,1364626.0,49948308.0,65700000.0,0.020770563165905632
2012-02-28,54.49,55.38,53.06,54.29,974758.0,34924040.0,65700000.0,0.014836499238964993
2012-02-29,53.74,53.74,51.92,52.23,2483575.0,86640776.0,65700000.0,0.0378017503805175
2012-03-01,51.88,54.79,51.46,54.76,2003831.0,71276168.0,65700000.0,0.030499710806697108
2012-03-02,54.87,57.06,54.34,54.61,2325273.0,85561920.0,65700000.0,0.035392283105022834
2012-03-05,54.66,56.3,53.89,55.82,1368801.0,50083272.0,65700000.0,0.020834109589041097
2012-03-06,55.67,55.85,55.0,55.7,691101.0,25419452.0,65700000.0,0.010519041095890412
2012-03-07,54.51,55.7,54.34,54.34,894011.0,32632384.0,65700000.0,0.013607473363774734
2012-03-08,54.22,55.64,54.22,54.64,616698.0,22541960.0,65700000.0,0.009386575342465753
2012-03-09,54.87,55.5,54.87,55.37,890419.0,32518620.0,65700000.0,0.013552800608828006
2012-03-12,55.4,55.94,54.35,54.91,784358.0,28741166.0,65700000.0,0.01193847792998478
2012-03-13,54.52,55.62,54.52,55.58,495865.0,18195276.0,65700000.0,0.007547412480974125
2012-03-14,55.41,57.09,54.34,54.34,1201712.0,44410904.0,65700000.0,0.01829089802130898
2012-03-15,54.38,54.87,52.98,53.75,467183.0,16627335.0,65700000.0,0.007110852359208524
2012-03-16,53.84,54.52,52.56,52.98,1525986.0,53771532.0,65700000.0,0.023226575342465753
2012-03-19,53.04,53.43,51.47,52.53,2121572.0,73394776.0,65700000.0,0.032291811263318114
2012-03-20,52.68,52.83,51.76,51.88,938715.0,32447806.0,65700000.0,0.014287899543378996
2012-03-21,52.04,52.63,51.38,52.32,792200.0,27210412.0,65700000.0,0.012057838660578387
2012-03-22,52.32,52.69,51.77,52.5,1208731.0,41938300.0,65700000.0,0.018397732115677322
2012-03-23,51.92,52.59,50.58,50.87,655022.0,22445900.0,65700000.0,0.009969893455098935
2012-03-26,50.87,51.31,47.97,48.12,2511458.0,81317520.0,65700000.0,0.03822614916286149
2012-03-27,48.15,49.21,48.15,48.72,3199228.0,103032432.0,65700000.0,0.0486944901065449
2012-03-28,48.68,49.06,46.64,46.72,1527559.0,47895376.0,65700000.0,0.023250517503805176
2012-03-29,45.28,47.18,45.28,46.73,1600512.0,49178056.0,65700000.0,0.024360913242009133
2012-03-30,46.72,47.24,45.99,46.79,718543.0,22112168.0,65700000.0,0.010936727549467276
2012-04-05,46.79,48.75,46.79,48.03,638346.0,20319028.0,65700000.0,0.00971607305936073
2012-04-06,47.85,49.06,46.7,48.0,778390.0,24864316.0,65700000.0,0.011847640791476408
2012-04-09,47.7,48.83,47.7,48.47,629207.0,20233670.0,65700000.0,0.00957697108066971
2012-04-10,48.47,49.18,46.96,48.3,780178.0,24986654.0,65700000.0,0.011874855403348554
2012-04-11,48.3,48.75,47.77,48.08,257695.0,8221543.0,65700000.0,0.003922298325722984
2012-04-12,48.29,48.95,47.97,48.3,671253.0,21483384.0,65700000.0,0.010216940639269407
2012-04-13,49.48,49.64,48.08,48.42,1070947.0,34598760.0,65700000.0,0.01630056316590563
2012-04-16,48.42,48.95,47.73,47.73,581271.0,18545690.0,65700000.0,0.008847351598173516
2012-04-17,47.34,48.09,46.93,47.77,1628280.0,51349592.0,65700000.0,0.024783561643835616
2012-04-19,48.15,50.38,48.15,49.48,1674453.0,54928552.0,65700000.0,0.02548634703196347
2012-04-20,49.57,49.95,49.03,49.51,1318953.0,43207700.0,65700000.0,0.02007538812785388
2012-04-23,49.81,49.81,47.61,47.85,1124433.0,36054340.0,65700000.0,0.017114657534246576
2012-04-24,47.24,48.42,45.84,46.78,1517690.0,47255232.0,65700000.0,0.023100304414003046
2012-04-25,46.82,47.68,45.43,45.63,1754505.0,53754344.0,65700000.0,0.026704794520547945
2012-04-26,45.74,46.49,45.68,46.04,1016722.0,31006588.0,65700000.0,0.015475220700152207
2012-04-27,46.02,46.04,45.46,45.66,596737.0,18048956.0,65700000.0,0.009082754946727549
2012-05-02,46.26,46.93,45.89,46.64,613649.0,18881726.0,65700000.0,0.009340167427701674
2012-05-03,46.64,47.4,45.95,46.37,708830.0,21686482.0,65700000.0,0.01078888888888889
2012-05-04,46.35,46.84,46.02,46.64,402402.0,12352442.0,65700000.0,0.006124840182648402
2012-05-07,46.64,48.59,46.35,48.51,1208677.0,38369672.0,65700000.0,0.018396910197869102
2012-05-08,48.3,50.2,48.3,49.77,2430836.0,80102304.0,65700000.0,0.03699902587519026
2012-05-09,49.51,49.9,48.91,49.07,748184.0,24495864.0,65700000.0,0.011387884322678843
2012-05-10,49.19,49.86,49.06,49.31,488901.0,16011393.0,65700000.0,0.007441415525114155
2012-05-11,49.22,49.43,48.15,48.3,503180.0,16204252.0,65700000.0,0.007658751902587519
2012-05-14,48.42,49.95,48.42,49.81,939063.0,30617334.0,65700000.0,0.014293196347031963
2012-05-15,49.24,49.89,49.21,49.86,749338.0,24615358.0,65700000.0,0.011405449010654491
2012-05-16,49.89,51.8,49.81,50.87,1886877.0,64216344.0,65700000.0,0.02871958904109589
2012-05-17,50.58,51.79,50.54,51.76,532681.0,18106674.0,65700000.0,0.008107777777777778
2012-05-18,51.15,51.74,50.85,51.17,880474.0,29921874.0,65700000.0,0.013401430745814307
2012-05-21,51.31,51.32,49.89,50.26,378944.0,12703963.0,65700000.0,0.0057677929984779296
2012-05-22,50.26,51.08,49.81,49.98,600143.0,19989492.0,65700000.0,0.009134596651445967
2012-05-23,49.96,49.96,49.04,49.36,789043.0,25827416.0,65700000.0,0.01200978691019787
2012-05-24,49.06,50.57,48.91,49.33,294044.0,9688630.0,65700000.0,0.0044755555555555555
2012-05-25,49.81,49.98,49.22,49.31,673168.0,22138416.0,65700000.0,0.010246088280060883
2012-05-28,48.38,49.8,48.38,48.91,360071.0,11669178.0,65700000.0,0.005480532724505327
2012-05-29,48.91,50.6,48.47,50.26,1679116.0,55146376.0,65700000.0,0.02555732115677321
2012-05-30,50.26,50.72,49.58,50.14,768809.0,25490804.0,65700000.0,0.011701811263318113
2012-05-31,49.58,53.1,49.58,52.53,2611106.0,88997520.0,65700000.0,0.03974286149162862
2012-06-01,52.35,53.13,52.01,52.78,1266235.0,44169588.0,65700000.0,0.01927298325722983
2012-06-04,51.76,53.1,51.38,51.98,2018325.0,70243560.0,65700000.0,0.030720319634703196
2012-06-05,51.82,52.98,51.82,51.86,1163958.0,40412864.0,65700000.0,0.017716255707762557
2012-06-06,52.53,52.65,51.55,51.79,785696.0,27100954.0,65700000.0,0.011958843226788432
2012-06-07,52.23,53.89,52.23,52.83,1377772.0,48420676.0,65700000.0,0.020970654490106544
2012-06-08,52.84,54.94,52.71,52.71,1230166.0,31084132.0,91980000.0,0.01337427701674277
2012-06-11,52.71,54.07,51.82,53.6,902181.0,22571940.0,91980000.0,0.009808447488584475
2012-06-12,53.13,55.26,52.92,54.83,810723.0,20908966.0,91980000.0,0.008814122635355512
2012-06-13,54.45,56.53,54.45,55.62,1288786.0,33860200.0,91980000.0,0.014011589475973038
2012-06-14,56.22,56.49,54.98,55.75,812879.0,21335772.0,91980000.0,0.00883756251358991
2012-06-15,55.75,56.47,55.07,56.07,846316.0,22205314.0,91980000.0,0.009201087192868015
2012-06-18,56.32,56.94,55.85,56.47,776924.0,20683368.0,91980000.0,0.008446662317895195
2012-06-19,56.64,56.64,55.07,56.0,841114.0,21978584.0,91980000.0,0.009144531419873885
2012-06-20,55.47,56.64,55.05,56.64,903848.0,23662330.0,91980000.0,0.009826570993694281
2012-06-21,57.28,57.81,55.68,57.6,2223731.0,59857396.0,91980000.0,0.024176244835833877
2012-06-25,57.6,58.66,56.05,56.53,2219731.0,59955720.0,91980000.0,0.024132757121113284
2012-06-26,56.49,56.49,55.05,56.39,1423643.0,37311824.0,91980000.0,0.015477745161991737
2012-06-27,56.39,60.68,55.07,58.74,3323530.0,92501640.0,91980000.0,0.03613318112633181
2012-06-28,57.96,60.64,57.96,60.36,3749719.0,105792464.0,91980000.0,0.04076667753859535
2012-06-29,60.47,63.12,59.51,62.8,2489892.0,72209144.0,91980000.0,0.02706992824527071
2012-07-02,62.68,64.19,62.29,63.78,1501698.0,44606116.0,91980000.0,0.016326353555120677
2012-07-03,63.74,66.06,62.27,63.76,4508213.0,137652080.0,91980000.0,0.04901297021091541
2012-07-04,63.97,64.76,58.66,59.3,4980128.0,143478368.0,91980000.0,0.054143596434007395
2012-07-05,58.66,60.76,57.38,60.36,2422586.0,67603512.0,91980000.0,0.02633818221352468
2012-07-06,60.4,62.21,59.51,61.59,1428978.0,41260764.0,91980000.0,0.015535746901500325
2012-07-09,61.63,63.99,61.02,62.63,1925712.0,57100488.0,91980000.0,0.020936203522504894
2012-07-10,63.44,63.44,59.32,60.98,513380.0,14725229.0,91980000.0,0.005581430745814307
2012-07-11,61.44,61.63,60.36,61.21,936885.0,26955094.0,91980000.0,0.010185746901500327
2012-07-12,60.78,65.21,60.57,65.08,2620634.0,78371976.0,91980000.0,0.028491345944770603
2012-07-13,65.06,65.42,63.89,65.01,1340940.0,40750832.0,91980000.0,0.01457860404435747
2012-07-16,64.72,65.61,60.78,62.97,1321090.0,39533136.0,91980000.0,0.014362796260056534
2012-07-17,61.63,64.14,61.63,64.04,460559.0,13572864.0,91980000.0,0.005007164601000217
2012-07-18,64.38,64.38,60.59,61.83,708438.0,20555534.0,91980000.0,0.007702087410306588
2012-07-19,61.0,63.44,60.91,63.23,704160.0,20452338.0,91980000.0,0.007655577299412916
2012-07-20,61.63,63.97,61.63,63.55,416663.0,12369617.0,91980000.0,0.004529930419656447
2012-07-23,62.72,64.78,61.76,64.74,641696.0,19372548.0,91980000.0,0.00697647314633616
2012-07-24,64.4,66.97,64.4,66.74,1491708.0,46493356.0,91980000.0,0.016217742987606
2012-07-25,66.03,70.39,66.03,69.77,2557108.0,83063216.0,91980000.0,0.02780069580343553
2012-07-26,70.73,70.73,68.07,68.07,1037058.0,33741856.0,91980000.0,0.011274820613176778
2012-07-27,68.07,68.99,63.91,64.4,3165917.0,98700728.0,91980000.0,0.03441962383126767
2012-07-30,64.4,66.82,63.95,65.78,826786.0,25471492.0,91980000.0,0.008988758425744727
2012-07-31,64.61,64.61,59.57,59.93,2492170.0,73076640.0,91980000.0,0.027094694498804087
2012-08-01,59.96,63.46,59.96,62.65,1336635.0,39303640.0,91980000.0,0.014531800391389432
2012-08-02,61.76,63.44,61.42,61.42,1310230.0,38452424.0,91980000.0,0.014244727114590128
2012-08-03,61.42,63.76,61.42,62.53,1925093.0,56782416.0,91980000.0,0.02092947379865188
2012-08-06,64.21,66.95,63.27,65.46,2224521.0,68748888.0,91980000.0,0.024184833659491194
2012-08-07,65.5,69.2,65.14,69.12,1926189.0,61127640.0,91980000.0,0.020941389432485323
2012-08-08,67.86,67.86,64.84,66.1,4274201.0,133819344.0,91980000.0,0.04646880843661665
2012-08-09,66.08,69.65,64.89,68.82,1981260.0,62889076.0,91980000.0,0.021540117416829745
2012-08-10,68.97,69.97,68.01,69.84,980877.0,32076612.0,91980000.0,0.01066402478799739
2012-08-13,68.61,69.84,67.8,68.22,549794.0,17744822.0,91980000.0,0.0059773211567732114
2012-08-14,68.01,69.73,65.61,68.95,971155.0,30878422.0,91980000.0,0.010558327897368993
2012-08-15,68.65,69.5,66.99,68.84,980122.0,31628260.0,91980000.0,0.01065581648184388
2012-08-16,67.18,69.52,66.95,67.37,604344.0,19295480.0,91980000.0,0.0065703848662752775
2012-08-17,67.35,67.84,65.25,66.2,506627.0,15794816.0,91980000.0,0.005508012611437269
2012-08-20,66.2,66.65,65.25,65.84,405761.0,12557012.0,91980000.0,0.004411404653185475
2012-08-21,66.2,72.43,65.89,69.22,1788497.0,58381040.0,91980000.0,0.019444411828658404
2012-08-22,70.43,73.49,69.24,71.62,2139137.0,72080488.0,91980000.0,0.02325654490106545
2012-08-23,71.52,71.58,70.14,71.35,926162.0,30731068.0,91980000.0,0.0100691672102631
2012-08-24,71.31,71.31,68.86,68.92,651519.0,21395660.0,91980000.0,0.007083268101761252
2012-08-27,68.86,70.35,68.14,69.41,497663.0,16213299.0,91980000.0,0.0054105566427484235
2012-08-28,69.84,70.56,68.14,70.09,423327.0,13787044.0,91980000.0,0.004602380952380952
2012-08-29,69.88,72.84,69.41,72.58,1084786.0,36408564.0,91980000.0,0.011793716025222875
2012-08-30,71.9,73.52,67.33,69.05,1487761.0,49083428.0,91980000.0,0.016174831485105456
2012-08-31,68.86,69.39,66.91,67.76,681072.0,21704302.0,91980000.0,0.007404566210045662
2012-09-03,67.8,69.69,66.91,69.37,864485.0,28041142.0,91980000.0,0.00939861926505762
2012-09-04,69.75,71.31,68.01,69.71,760994.0,25053246.0,91980000.0,0.00827347249402044
2012-09-05,68.78,70.54,68.65,70.09,357097.0,11720842.0,91980000.0,0.00388233311589476
2012-09-06,69.52,70.58,68.5,69.29,505377.0,16431440.0,91980000.0,0.0054944227005870845
2012-09-07,69.29,71.05,69.07,69.71,581967.0,19193670.0,91980000.0,0.006327103718199609
2012-09-10,69.92,70.56,68.86,70.54,285169.0,9364745.0,91980000.0,0.0031003370297890847
2012-09-11,70.35,70.62,66.95,67.48,1621120.0,51842888.0,91980000.0,0.017624701021961297
2012-09-12,67.01,68.86,67.01,67.86,332889.0,10630522.0,91980000.0,0.0036191454664057402
2012-09-13,69.07,69.07,67.69,67.76,328401.0,10542641.0,91980000.0,0.0035703522504892367
2012-09-14,67.22,68.44,65.91,66.44,697592.0,21825386.0,91980000.0,0.007584170471841705
2012-09-17,66.67,67.46,65.42,66.42,272966.0,8584066.0,91980000.0,0.0029676668841052403
2012-09-18,65.89,68.16,65.89,68.01,1145056.0,36514976.0,91980000.0,0.012448967166775385
2012-09-19,68.56,68.56,66.95,67.2,510891.0,16199021.0,91980000.0,0.005554370515329419
2012-09-20,67.01,67.65,65.42,65.52,562561.0,17480118.0,91980000.0,0.006116123070232659
2012-09-21,65.57,65.91,63.55,63.72,1412645.0,42721284.0,91980000.0,0.015358175690367471
2012-09-24,64.55,65.46,62.7,64.82,397898.0,12007909.0,91980000.0,0.004325918677973472
2012-09-25,65.25,65.27,63.63,63.68,153790.0,4667604.0,91980000.0,0.0016719939117199392
2012-09-26,63.65,65.29,62.7,62.74,211116.0,6320197.0,91980000.0,0.0022952380952380954
2012-09-27,62.48,64.93,62.02,63.76,635849.0,18962258.0,91980000.0,0.006912904979343336
2012-09-28,65.04,66.33,64.4,65.44,831532.0,25674324.0,91980000.0,0.009040356599260708
2012-10-08,64.42,65.99,64.36,65.63,543495.0,16819122.0,91980000.0,0.00590883887801696
2012-10-09,65.89,67.8,65.84,67.05,765926.0,23989690.0,91980000.0,0.008327092846270928
2012-10-10,67.05,69.71,66.63,69.5,1463620.0,47259380.0,91980000.0,0.01591237225483801
2012-10-11,70.05,71.43,68.65,68.86,763814.0,25249636.0,91980000.0,0.008304131332898456
2012-10-12,70.14,70.14,67.12,67.9,313448.0,10040049.0,91980000.0,0.0034077843009349858
2012-10-15,68.78,68.78,67.42,67.93,182585.0,5836732.0,91980000.0,0.0019850510980647966
2012-10-16,67.12,69.07,67.12,67.59,310155.0,9875428.0,91980000.0,0.003371983039791259
2012-10-17,68.69,69.03,67.39,67.99,205465.0,6564473.0,91980000.0,0.0022338008262665797
2012-10-18,68.73,69.63,67.73,68.86,156175.0,5058938.0,91980000.0,0.0016979234616220917
2012-10-19,68.84,69.43,68.65,68.88,75542.0,2448714.0,91980000.0,0.0008212872363557296
2012-10-22,68.18,69.05,67.59,68.95,131139.0,4193715.0,91980000.0,0.00142573385518591
2012-10-23,68.33,69.71,67.71,67.8,126038.0,4044348.0,91980000.0,0.0013702761469884758
2012-10-24,67.99,68.01,67.31,67.48,102084.0,3251029.0,91980000.0,0.001109849967384214
2012-10-25,67.16,67.88,61.63,63.76,1419093.0,42622588.0,91980000.0,0.015428277886497064
2012-10-26,63.76,64.19,61.63,64.19,781218.0,23090124.0,91980000.0,0.00849334637964775
2012-10-29,63.29,65.14,61.63,64.67,554508.0,16786508.0,91980000.0,0.006028571428571428
2012-10-30,65.16,65.16,63.76,64.19,746119.0,22621568.0,91980000.0,0.00811175255490324
2012-10-31,63.34,64.82,62.72,64.36,586047.0,17606638.0,91980000.0,0.006371461187214612
2012-11-01,63.85,65.46,63.85,64.93,446273.0,13648473.0,91980000.0,0.004851848227875625
2012-11-02,65.25,65.25,63.76,63.95,310475.0,9366776.0,91980000.0,0.0033754620569689062
2012-11-05,64.78,64.8,63.12,63.12,546349.0,16389364.0,91980000.0,0.005939867362470102
2012-11-06,63.74,63.74,62.78,63.34,146844.0,4361337.0,91980000.0,0.0015964774951076322
2012-11-07,63.34,64.08,63.34,63.34,150843.0,4523812.0,91980000.0,0.0016399543378995433
2012-11-08,63.34,63.34,61.63,61.68,899901.0,26279408.0,91980000.0,0.009783659491193739
2012-11-09,62.27,62.27,59.53,60.55,729091.0,20939898.0,91980000.0,0.007926625353337682
2012-11-12,61.61,61.61,57.38,58.43,1278240.0,35450976.0,91980000.0,0.013896934116112198
2012-11-13,58.43,59.06,56.96,57.38,496573.0,13509003.0,91980000.0,0.005398706240487062
2012-11-14,57.13,58.49,57.13,57.6,516315.0,13940519.0,91980000.0,0.005613339856490541
2012-11-15,57.6,59.47,57.19,58.45,387234.0,10597335.0,91980000.0,0.004209980430528375
2012-11-16,58.45,59.4,58.02,58.66,221880.0,6127134.0,91980000.0,0.0024122635355512067
2012-11-19,59.28,59.28,57.6,58.68,189585.0,5176828.0,91980000.0,0.0020611545988258317
2012-11-20,59.08,59.08,57.98,58.11,137707.0,3775954.0,91980000.0,0.0014971406827571211
2012-11-21,58.53,58.53,57.38,57.81,146527.0,3978510.0,91980000.0,0.0015930310937160251
2012-11-22,58.06,59.08,57.58,58.68,102232.0,2815129.0,91980000.0,0.0011114590128288757
2012-11-23,58.09,59.19,58.09,58.45,141526.0,3896380.0,91980000.0,0.0015386605783866058
2012-11-26,57.19,59.02,57.17,57.6,394298.0,10734808.0,91980000.0,0.00428677973472494
2012-11-27,57.6,57.6,52.94,55.26,757321.0,19676750.0,91980000.0,0.008233539899978257
2012-11-28,54.41,55.22,53.26,54.22,551833.0,14145305.0,91980000.0,0.005999489019352033
2012-11-29,53.83,55.28,52.07,53.32,777735.0,19499336.0,91980000.0,0.008455479452054795
2012-11-30,52.03,54.83,52.03,53.13,749243.0,18756598.0,91980000.0,0.008145716460100021
2012-12-03,53.13,53.98,51.65,51.67,846581.0,20854794.0,91980000.0,0.009203968253968254
2012-12-04,51.65,52.5,49.61,50.14,943976.0,22382550.0,91980000.0,0.010262839747771254
2012-12-05,49.95,54.32,49.95,53.35,879416.0,21757778.0,91980000.0,0.009560948032180909
2012-12-06,54.15,54.32,51.43,51.96,441904.0,10870746.0,91980000.0,0.004804348771472059
2012-12-07,51.94,52.5,51.07,52.5,1024503.0,24808700.0,91980000.0,0.011138323548597522
2012-12-10,52.41,54.73,52.07,54.62,2458855.0,61862364.0,91980000.0,0.026732496194824963
2012-12-11,54.64,58.45,54.43,58.45,1894890.0,50014868.0,91980000.0,0.020601108936725374
2012-12-12,57.13,58.45,56.53,57.6,763861.0,20552294.0,91980000.0,0.008304642313546422
2012-12-13,56.62,57.07,56.07,56.24,245058.0,6504039.0,91980000.0,0.002664253098499674
2012-12-14,56.0,58.45,56.0,57.89,1601458.0,43370800.0,91980000.0,0.01741093716025223
2012-12-17,57.49,57.51,52.11,52.71,4279843.0,107547824.0,91980000.0,0.04653014785823005
2012-12-18,52.41,54.32,51.43,53.47,1856732.0,46443412.0,91980000.0,0.020186257882148295
2012-12-19,53.11,53.92,52.86,53.47,1799749.0,45156264.0,91980000.0,0.019566742770167428
2012-12-20,53.64,53.86,52.75,53.13,984924.0,24526228.0,91980000.0,0.010708023483365949
2012-12-21,53.52,57.81,52.92,57.24,2121188.0,55349648.0,91980000.0,0.023061404653185475
2012-12-24,56.66,59.72,56.66,59.45,2216779.0,61359900.0,91980000.0,0.024100663187649488
2012-12-25,59.28,61.38,58.4,60.91,2077612.0,58479144.0,91980000.0,0.02258764948901935
2012-12-26,60.89,61.63,59.72,61.0,752047.0,21631268.0,91980000.0,0.008176201348119156
2012-12-27,60.21,61.15,59.15,60.15,1553486.0,43814320.0,91980000.0,0.016889388997608175
2012-12-28,59.23,60.19,58.02,60.04,1120528.0,31110070.0,91980000.0,0.01218230050010872
2012-12-31,59.89,60.21,58.3,58.83,1413720.0,39152756.0,91980000.0,0.01536986301369863
2013-01-04,59.36,59.91,58.45,58.83,890970.0,24766936.0,91980000.0,0.009686562296151337
2013-01-07,58.34,59.28,57.53,58.74,547506.0,15095469.0,91980000.0,0.0059524461839530335
2013-01-08,59.0,61.61,58.15,61.21,2113881.0,59949560.0,91980000.0,0.022981963470319635
2013-01-09,61.21,63.12,60.25,62.7,1849967.0,53812868.0,91980000.0,0.020112709284627092
2013-01-10,62.7,66.91,61.74,63.95,1098653.0,32936714.0,91980000.0,0.011944477060230486
2013-01-11,64.02,64.95,62.87,63.08,935230.0,28153440.0,91980000.0,0.010167753859534681
2013-01-14,64.4,67.18,62.65,67.18,1420434.0,43636080.0,91980000.0,0.015442857142857144
2013-01-15,66.95,69.03,65.69,66.69,759965.0,23853916.0,91980000.0,0.008262285279408567
2013-01-16,67.14,67.48,64.99,66.48,680644.0,21116344.0,91980000.0,0.007399913024570558
2013-01-17,66.31,67.8,65.63,66.54,686697.0,21484078.0,91980000.0,0.0074657208088714936
2013-01-18,66.31,67.8,64.19,65.35,1627378.0,50246568.0,91980000.0,0.017692737551641663
2013-01-21,65.86,66.59,63.34,64.29,1889915.0,57337480.0,91980000.0,0.02054702109154164
2013-01-22,64.74,64.82,62.0,63.23,2040317.0,60145340.0,91980000.0,0.022182180908893238
2013-01-23,63.23,63.34,60.36,61.42,1866043.0,53871012.0,91980000.0,0.02028748641008915
2013-01-24,61.42,61.46,58.45,59.96,3550927.0,100356064.0,91980000.0,0.0386054250924114
2013-01-25,59.08,61.63,58.98,61.4,658051.0,18851452.0,91980000.0,0.007154283539899978
2013-01-28,61.51,62.17,60.98,61.36,708804.0,20516684.0,91980000.0,0.007706066536203523
2013-01-29,61.63,62.48,61.0,61.21,1414986.0,40836024.0,91980000.0,0.015383626875407697
2013-01-30,61.74,62.68,61.23,62.27,1203430.0,35156840.0,91980000.0,0.013083605131550336
2013-01-31,62.27,62.44,61.1,61.32,884712.0,25519560.0,91980000.0,0.009618525766470973
2013-02-01,61.21,62.59,59.53,61.21,521735.0,15100192.0,91980000.0,0.005672265709936943
2013-02-04,62.17,62.27,59.4,59.68,904238.0,25570408.0,91980000.0,0.00983081104587954
2013-02-05,60.1,61.63,58.89,61.63,498513.0,14247452.0,91980000.0,0.005419797782126549
2013-02-06,61.63,62.7,61.63,61.89,553336.0,16198447.0,91980000.0,0.006015829528158295
2013-02-07,61.44,62.8,61.23,62.46,419092.0,12278644.0,91980000.0,0.004556338334420526
2013-02-08,61.91,65.89,61.91,64.08,1296879.0,39386204.0,91980000.0,0.014099575994781474
2013-02-18,64.08,65.67,64.08,65.27,768061.0,23563868.0,91980000.0,0.008350304414003045
2013-02-19,64.84,67.95,64.46,66.57,1119285.0,34981932.0,91980000.0,0.012168786692759295
2013-02-20,66.57,67.99,65.27,67.61,933146.0,29443314.0,91980000.0,0.010145096760165253
2013-02-21,67.61,68.1,65.25,67.88,936395.0,29412844.0,91980000.0,0.010180419656447054
2013-02-22,67.69,68.73,65.99,67.93,891936.0,28554092.0,91980000.0,0.00969706457925636
2013-02-25,67.65,68.78,67.05,68.54,504959.0,16095425.0,91980000.0,0.005489878234398783
2013-02-26,68.5,73.66,67.8,70.77,1311626.0,44026444.0,91980000.0,0.014259904327027615
2013-02-27,71.2,73.54,68.01,69.92,1774955.0,59654552.0,91980000.0,0.01929718417047184
2013-02-28,70.14,72.75,70.05,70.94,689413.0,23230940.0,91980000.0,0.007495248967166775
2013-03-01,70.99,72.43,69.26,70.24,612077.0,20301560.0,91980000.0,0.0066544574907588605
2013-03-04,68.86,71.62,68.58,71.58,426351.0,14135065.0,91980000.0,0.00463525766470972
2013-03-05,71.58,73.32,70.58,73.09,1486059.0,50314172.0,91980000.0,0.016156327462491845
2013-03-06,73.32,78.38,73.09,76.68,1104865.0,39709232.0,91980000.0,0.012012013481191564
2013-03-07,77.0,77.0,73.13,74.32,789620.0,27685594.0,91980000.0,0.008584692324418351
2013-03-08,73.52,74.43,70.37,72.13,957885.0,32207776.0,91980000.0,0.010414057403783431
2013-03-11,72.22,72.22,70.65,71.2,231609.0,7786283.0,91980000.0,0.0025180365296803655
2013-03-12,70.94,71.31,67.48,69.05,710316.0,22974436.0,91980000.0,0.007722504892367906
2013-03-13,68.97,70.14,67.56,69.07,671317.0,21767044.0,91980000.0,0.007298510545770819
2013-03-14,69.5,71.62,69.07,70.37,499199.0,16662587.0,91980000.0,0.005427255925201131
2013-03-15,70.14,73.71,69.63,73.11,569606.0,19478584.0,91980000.0,0.006192715807784301
2013-03-18,73.11,74.24,71.88,72.69,513980.0,17797408.0,91980000.0,0.005587953903022396
2013-03-19,72.54,74.34,68.48,68.86,534059.0,17790032.0,91980000.0,0.005806251358991085
2013-03-20,69.01,71.92,68.67,70.99,745626.0,24754686.0,91980000.0,0.008106392694063927
2013-03-21,70.58,73.96,70.45,73.75,738647.0,25310894.0,91980000.0,0.008030517503805176
2013-03-22,73.32,74.71,72.6,73.24,607700.0,21097138.0,91980000.0,0.006606871058925853
2013-03-25,73.24,74.3,70.14,71.41,892112.0,30007128.0,91980000.0,0.009698978038704066
2013-03-26,71.35,72.18,70.35,71.84,664305.0,22337174.0,91980000.0,0.007222276581865623
2013-03-27,71.41,73.32,70.56,71.94,365303.0,12405103.0,91980000.0,0.003971548162644053
2013-03-28,71.84,71.84,69.31,69.5,726829.0,23886072.0,91980000.0,0.007902033050663188
2013-03-29,69.5,70.54,68.24,68.65,307592.0,10007688.0,91980000.0,0.00334411828658404
2013-04-01,68.01,72.64,67.61,72.37,820771.0,27447114.0,91980000.0,0.008923363774733638
2013-04-02,72.73,73.41,69.09,69.97,479437.0,16011160.0,91980000.0,0.005212404870624049
2013-04-03,70.86,70.9,66.95,68.86,797103.0,25659664.0,91980000.0,0.008666046966731898
2013-04-08,67.97,69.92,65.95,68.16,1281748.0,41649756.0,91980000.0,0.013935072841922157
2013-04-09,68.86,69.82,68.03,69.07,672111.0,21702862.0,91980000.0,0.0073071428571428575
2013-04-10,69.69,69.71,66.48,67.05,979255.0,30966942.0,91980000.0,0.010646390519678191
2013-04-11,67.9,67.9,65.33,66.78,770084.0,24079362.0,91980000.0,0.008372298325722984
2013-04-12,66.74,68.07,65.69,66.37,663589.0,20953992.0,91980000.0,0.007214492280930637
2013-04-15,66.1,68.01,64.42,65.25,631864.0,19422810.0,91980000.0,0.006869580343552947
2013-04-16,64.8,65.42,64.44,65.38,672529.0,20569958.0,91980000.0,0.007311687323331159
2013-04-17,66.1,66.93,65.04,66.63,914157.0,28210914.0,91980000.0,0.009938649706457926
2013-04-18,66.5,67.12,65.69,66.03,435609.0,13580143.0,91980000.0,0.004735909980430528
2013-04-19,66.2,67.37,65.63,67.14,687251.0,21513262.0,91980000.0,0.007471743857360296
2013-04-22,66.74,66.74,62.27,64.4,3735835.0,112392320.0,91980000.0,0.040615731680800175
2013-04-23,64.44,64.44,61.32,61.74,2861903.0,83944768.0,91980000.0,0.031114405305501195
2013-04-24,61.74,63.55,60.78,63.48,1699671.0,49853940.0,91980000.0,0.01847870189171559
2013-04-25,63.48,64.42,62.29,63.48,1197291.0,35555792.0,91980000.0,0.013016862361382909
2013-04-26,63.65,63.7,61.21,61.87,554237.0,16168618.0,91980000.0,0.0060256251358991085
2013-05-02,61.87,63.31,59.51,63.23,1432252.0,41051652.0,91980000.0,0.015571341595999131
2013-05-03,63.12,66.01,62.93,65.4,2100379.0,63987648.0,91980000.0,0.022835170689280277
2013-05-06,66.46,67.95,66.31,67.65,1917619.0,60572820.0,91980000.0,0.020848217003696455
2013-05-07,67.59,69.82,67.14,69.09,1113062.0,35964412.0,91980000.0,0.012101130680582736
2013-05-08,69.12,69.39,68.24,68.88,669862.0,21728930.0,91980000.0,0.007282691889541205
2013-05-09,69.07,69.07,66.69,66.97,2190012.0,69238272.0,91980000.0,0.02380965427266797
2013-05-10,66.42,68.63,66.31,67.14,1107976.0,35225472.0,91980000.0,0.012045836051315503
2013-05-13,67.16,68.71,66.84,68.61,1347805.0,43049484.0,91980000.0,0.014653239834746683
2013-05-14,68.54,70.41,67.61,69.92,1514185.0,49473040.0,91980000.0,0.016462111328549685
2013-05-15,69.88,73.13,69.5,73.01,1740923.0,58902728.0,91980000.0,0.01892719069362905
2013-05-16,72.26,76.66,72.26,73.54,2461030.0,86814544.0,91980000.0,0.026756142639704283
2013-05-17,73.54,75.77,72.58,74.81,1366217.0,48058308.0,91980000.0,0.014853413785605566
2013-05-20,75.45,78.17,74.0,75.02,2157120.0,76889416.0,91980000.0,0.023452054794520547
2013-05-21,74.56,79.68,74.43,79.0,2889092.0,105264376.0,91980000.0,0.031410002174385734
2013-05-22,78.96,78.96,76.62,77.53,1048292.0,38283820.0,91980000.0,0.01139695585996956
2013-05-23,77.51,78.98,75.45,77.91,959271.0,34932800.0,91980000.0,0.010429125896934116
2013-05-24,77.91,79.4,77.91,78.79,807166.0,29908306.0,91980000.0,0.008775451185040226
2013-05-27,78.79,82.14,77.91,81.83,932013.0,35366540.0,91980000.0,0.010132778864970646
2013-05-28,81.27,82.19,76.53,78.0,1376070.0,50713764.0,91980000.0,0.014960534898891063
2013-05-29,78.0,78.4,76.04,77.7,1200589.0,43481212.0,91980000.0,0.013052717982170036
2013-05-30,76.53,76.94,74.24,76.72,2631975.0,93188744.0,91980000.0,0.028614644487932158
2013-05-31,76.51,76.51,74.17,74.34,1572495.0,55295752.0,91980000.0,0.017096053489889105
2013-06-03,75.13,75.13,72.03,72.18,2134726.0,73280752.0,91980000.0,0.023208588823657318
2013-06-04,72.24,73.35,71.26,72.45,1047653.0,35645704.0,91980000.0,0.011390008697542944
2013-06-05,72.37,73.83,71.58,73.26,796065.0,27400286.0,91980000.0,0.008654761904761905
2013-06-06,73.07,73.15,70.35,70.56,1126440.0,37870584.0,91980000.0,0.012246575342465753
2013-06-07,70.35,71.94,70.14,71.26,1165059.0,38897040.0,91980000.0,0.012666438356164383
2013-06-13,70.14,71.13,66.14,69.88,886996.0,28504376.0,91980000.0,0.00964335725157643
2013-06-14,69.39,72.79,69.39,72.6,1201679.0,40587224.0,91980000.0,0.013064568384431399
2013-06-17,72.62,73.54,71.62,72.2,875499.0,29768642.0,91980000.0,0.00951836268754077
2013-06-18,72.26,72.26,70.14,71.2,1118179.0,37392804.0,91980000.0,0.012156762339639053
2013-06-19,70.62,73.3,68.97,72.69,1098997.0,36927464.0,91980000.0,0.011948217003696455
2013-06-20,72.35,72.69,68.65,68.8,965517.0,31773956.0,91980000.0,0.01049703196347032
2013-06-21,67.16,71.25,63.06,70.03,3001680.0,62682728.0,137970000.0,0.021756033920417483
2013-06-24,69.87,69.87,66.23,67.83,1575648.0,33612820.0,137970000.0,0.011420221787345076
2013-06-25,66.39,67.96,63.61,67.03,2171779.0,44996856.0,137970000.0,0.01574095093136189
2013-06-26,67.8,71.31,67.06,70.99,3207371.0,69530936.0,137970000.0,0.023246872508516345
2013-06-27,70.99,72.11,67.25,69.17,2125866.0,46406468.0,137970000.0,0.015408175690367471
2013-06-28,67.48,68.56,66.23,67.16,1334936.0,28027304.0,137970000.0,0.009675552656374575
2013-07-01,67.12,68.34,64.63,67.16,2411721.0,50437408.0,137970000.0,0.01748003913894325
2013-07-02,67.09,68.69,65.27,68.69,3598078.0,75118368.0,137970000.0,0.026078698267739363
2013-07-03,68.69,73.55,67.22,72.11,5581496.0,124041008.0,137970000.0,0.040454417627020366
2013-07-04,71.63,77.77,71.15,75.57,6458975.0,151294224.0,137970000.0,0.04681434369790534
2013-07-05,74.86,76.27,74.22,75.63,3721260.0,87377176.0,137970000.0,0.02697151554685801
2013-07-08,75.73,75.73,72.46,73.17,2354959.0,54312300.0,137970000.0,0.017068630861781547
2013-07-09,73.23,73.23,70.29,70.99,4216611.0,93736648.0,137970000.0,0.03056179604261796
2013-07-10,70.99,72.18,70.29,71.63,2669661.0,59271236.0,137970000.0,0.019349575994781473
2013-07-11,71.63,74.8,71.25,72.78,5844653.0,133360608.0,137970000.0,0.042361767050808144
2013-07-12,73.55,74.19,71.47,72.46,3615425.0,82123328.0,137970000.0,0.026204428498949047
2013-07-15,71.95,76.4,71.89,76.27,4944868.0,114528776.0,137970000.0,0.035840168152496917
2013-07-16,76.11,76.65,74.48,76.37,4077442.0,95966160.0,137970000.0,0.029553105747626294
2013-07-17,75.21,76.33,68.79,69.43,9397857.0,211782912.0,137970000.0,0.0681152207001522
2013-07-18,67.83,70.35,67.35,69.62,6075089.0,131458328.0,137970000.0,0.044031956222367184
2013-07-19,69.39,70.29,66.52,66.74,4151388.0,88702592.0,137970000.0,0.03008906283974777
2013-07-22,66.26,69.91,64.95,69.71,2887687.0,61035592.0,137970000.0,0.02092981807639342
2013-07-23,69.71,70.99,69.07,70.96,4827806.0,105861688.0,137970000.0,0.03499170834239328
2013-07-24,70.74,70.74,69.14,70.42,3960335.0,86514720.0,137970000.0,0.028704319779662247
2013-07-25,70.42,70.74,67.8,68.85,3155052.0,68467992.0,137970000.0,0.02286766688410524
2013-07-26,68.4,68.98,66.77,67.8,2039120.0,43100012.0,137970000.0,0.014779444806842066
2013-07-29,66.8,68.05,66.8,67.64,1506144.0,31761138.0,137970000.0,0.010916460100021744
2013-07-30,67.67,68.72,67.16,67.92,1300727.0,27616554.0,137970000.0,0.009427607450895123
2013-07-31,67.92,69.27,67.12,67.22,1544217.0,32662906.0,137970000.0,0.011192411393781257
2013-08-01,67.09,69.36,67.09,69.11,2463999.0,52731696.0,137970000.0,0.017858947597303762
2013-08-02,70.03,75.57,70.03,73.84,8418198.0,192238192.0,137970000.0,0.06101469884757556
2013-08-05,74.35,78.54,72.62,78.19,10671792.0,254492512.0,137970000.0,0.07734864100891498
2013-08-06,77.58,81.26,76.78,79.15,7627830.0,188754240.0,137970000.0,0.055286149162861495
2013-08-07,78.86,81.55,78.35,80.01,8522546.0,214194240.0,137970000.0,0.06177100819018627
2013-08-08,80.01,88.01,79.21,86.28,10628465.0,280790656.0,137970000.0,0.07703460897296514
2013-08-09,86.18,86.25,83.82,85.06,5347923.0,141865680.0,137970000.0,0.03876149162861492
2013-08-12,84.26,87.3,81.9,83.14,5725968.0,149698480.0,137970000.0,0.04150154381387258
2013-08-13,83.02,85.38,82.06,84.87,3315322.0,87108912.0,137970000.0,0.024029296223816773
2013-08-14,84.1,84.9,82.51,84.42,1929546.0,50444876.0,137970000.0,0.013985257664709719
2013-08-15,84.39,85.64,82.67,83.14,1421617.0,37270680.0,137970000.0,0.010303812422990504
2013-08-16,82.19,84.2,80.3,81.26,2630066.0,67714584.0,137970000.0,0.019062593317387837
2013-08-19,80.91,85.86,79.85,84.58,2405006.0,62181660.0,137970000.0,0.017431369138218453
2013-08-20,84.74,84.74,80.65,81.71,2284897.0,58855008.0,137970000.0,0.0165608248169892
2013-08-21,81.77,89.89,80.84,89.89,5979017.0,160845920.0,137970000.0,0.04333563093426107
2013-08-22,90.02,91.3,87.85,88.77,6251632.0,174313552.0,137970000.0,0.04531153149235341
2013-08-23,88.26,95.94,88.26,94.66,6887491.0,199557984.0,137970000.0,0.049920207291440165
2013-08-26,93.38,98.43,92.74,95.94,4024173.0,120415264.0,137970000.0,0.02916701456838443
2013-08-27,94.82,95.9,93.06,94.4,2358197.0,69566928.0,137970000.0,0.01709209973182576
2013-08-28,94.18,94.98,90.98,90.98,2059920.0,59928092.0,137970000.0,0.01493020221787345
2013-08-29,89.8,94.34,89.41,90.5,2229097.0,63739328.0,137970000.0,0.0161563890700877
2013-08-30,90.53,93.31,83.78,85.7,3447378.0,95790224.0,137970000.0,0.024986431833007177
2013-09-02,84.78,92.1,84.78,91.62,2474330.0,69204792.0,137970000.0,0.017933826194100166
2013-09-03,91.17,92.74,89.67,92.74,1764196.0,50517528.0,137970000.0,0.012786808726534754
2013-09-04,92.04,94.24,91.65,92.74,1927646.0,56103800.0,137970000.0,0.013971486555048198
2013-09-05,93.54,95.42,90.85,91.2,3003599.0,87128992.0,137970000.0,0.021769942741175618
2013-09-06,90.12,94.31,90.12,90.53,2188572.0,62718080.0,137970000.0,0.01586266579691237
2013-09-09,90.5,90.53,87.3,89.54,2966127.0,82225128.0,137970000.0,0.02149834746684062
2013-09-10,89.54,89.54,86.09,87.08,3560041.0,97037376.0,137970000.0,0.025803007900268175
2013-09-11,85.7,85.7,78.38,81.87,8874760.0,224921920.0,137970000.0,0.06432383851561933
2013-09-12,80.65,83.11,79.63,81.07,4529642.0,114435640.0,137970000.0,0.0328306298470682
2013-09-13,81.0,85.38,80.91,84.9,4782033.0,125614096.0,137970000.0,0.03465994781474233
2013-09-16,85.29,86.28,83.62,85.7,2530289.0,67270080.0,547470000.0,0.004621785668621111
2013-09-17,85.38,85.7,83.14,85.54,1942345.0,51322960.0,547470000.0,0.003547856503552706
2013-09-18,85.54,86.41,83.78,85.38,1437518.0,38255156.0,547470000.0,0.002625747529544998
2013-09-23,85.86,90.18,85.86,88.58,1751492.0,48610596.0,547470000.0,0.0031992474473487133
2013-09-24,91.94,95.46,89.44,90.79,3954172.0,114016352.0,547470000.0,0.007222627723893546
2013-09-25,90.82,94.18,89.54,91.72,2470177.0,71386696.0,547470000.0,0.004511986044897437
2013-09-26,90.12,93.25,89.89,90.02,1785038.0,50901216.0,547470000.0,0.0032605220377372275
2013-09-27,90.05,92.58,90.05,91.46,1451628.0,41577804.0,547470000.0,0.0026515206312674668
2013-09-30,91.46,92.74,88.97,90.76,1532885.0,43475608.0,547470000.0,0.002799943375892743
2013-10-08,90.82,95.94,90.82,94.98,3056474.0,89826248.0,547470000.0,0.005582906825944801
2013-10-09,94.82,95.87,93.38,94.31,1881378.0,55543316.0,547470000.0,0.003436495150419201
2013-10-10,94.24,94.63,88.45,89.67,3212122.0,90679400.0,547470000.0,0.005867210988729976
2013-10-11,89.51,90.12,88.07,89.19,1515766.0,42017080.0,547470000.0,0.0027686740825981332
2013-10-14,89.12,89.99,88.1,88.58,1175800.0,32608404.0,547470000.0,0.0021476975907355656
2013-10-15,88.58,89.54,85.58,87.81,1541738.0,41978824.0,547470000.0,0.0028161141249748844
2013-10-16,87.81,87.91,83.59,85.9,1643982.0,43882436.0,547470000.0,0.0030028713902131624
2013-10-17,85.38,86.98,84.9,86.06,1312506.0,35246548.0,547470000.0,0.0023974025974025973
2013-10-18,85.38,87.78,85.38,86.02,912820.0,24640932.0,547470000.0,0.0016673425027855407
2013-10-21,86.92,87.08,85.1,86.37,1776136.0,47844852.0,547470000.0,0.003244261786033938
2013-10-22,86.12,87.01,84.42,84.9,1816333.0,48497520.0,547470000.0,0.0033176849873052406
2013-10-23,84.62,86.6,83.14,84.97,1985051.0,52750436.0,547470000.0,0.003625862604343617
2013-10-24,84.74,87.27,84.65,86.76,1663468.0,44792316.0,547470000.0,0.0030384642080844614
2013-10-25,87.94,88.84,84.74,86.76,2188102.0,59027516.0,547470000.0,0.0039967523334611945
2013-10-28,88.23,89.73,86.92,87.3,1903826.0,52669124.0,547470000.0,0.003477498310409703
2013-10-29,86.98,89.12,83.78,85.06,2093019.0,56134812.0,547470000.0,0.003823075236999288
2013-10-30,85.06,86.44,82.19,84.68,2265714.0,59300340.0,547470000.0,0.004138517179023508
2013-10-31,83.78,84.36,79.5,81.16,3083489.0,77913464.0,547470000.0,0.0056322519955431345
2013-11-01,79.79,82.19,79.79,80.59,1104706.0,28013596.0,547470000.0,0.002017838420370066
2013-11-04,81.87,83.98,80.62,82.51,1274007.0,32809024.0,547470000.0,0.0023270809359416953
2013-11-05,82.47,86.28,82.47,85.0,1726112.0,45719424.0,547470000.0,0.0031528887427621603
2013-11-06,86.57,88.33,86.02,87.43,2679664.0,73342448.0,547470000.0,0.0048946316693152135
2013-11-07,87.62,88.13,81.71,83.14,2056186.0,53864712.0,547470000.0,0.003755796664657424
2013-11-08,83.4,84.26,78.51,82.15,1651167.0,41980844.0,547470000.0,0.0030159953970080554
2013-11-11,82.47,83.98,80.94,82.99,1081558.0,27944270.0,547470000.0,0.0019755566515060187
2013-11-12,82.67,83.66,81.51,81.51,736129.0,18880372.0,547470000.0,0.00134460153067748
2013-11-13,81.07,82.44,80.59,81.39,606005.0,15429427.0,547470000.0,0.0011069191005899867
2013-11-14,81.16,84.42,80.46,84.1,1195589.0,30897824.0,547470000.0,0.002183843863590699
2013-11-15,83.94,86.66,83.94,84.42,1652659.0,44156392.0,547470000.0,0.0030187206604928123
2013-11-18,85.67,86.82,85.06,86.02,1159495.0,31275482.0,547470000.0,0.0021179151369024787
2013-11-19,86.34,86.82,84.74,86.18,833923.0,22395446.0,547470000.0,0.0015232304966482182
2013-11-20,87.94,88.13,85.38,86.15,1388421.0,37442132.0,547470000.0,0.002536067729738616
2013-11-21,85.0,86.6,84.78,85.22,867732.0,23344956.0,547470000.0,0.0015849854786563647
2013-11-22,85.22,85.7,83.18,84.74,1443284.0,38055504.0,547470000.0,0.002636279613494803
2013-11-25,83.78,92.74,82.86,89.64,4365415.0,120278200.0,547470000.0,0.00797379765101284
2013-11-26,89.6,91.52,89.19,90.05,2069166.0,58658816.0,547470000.0,0.0037795057263411693
2013-11-27,90.05,95.55,90.05,95.46,5589489.0,164183840.0,547470000.0,0.01020967176283632
2013-11-28,95.94,96.51,92.1,94.08,11908441.0,346766688.0,547470000.0,0.021751769046705755
2013-11-29,92.74,95.33,90.82,94.79,4144371.0,121853920.0,547470000.0,0.007570042194092827
2013-12-02,91.78,96.26,85.7,90.66,3727131.0,107062512.0,547470000.0,0.006807918242095457
2013-12-03,90.6,93.67,87.21,91.72,2487413.0,70302992.0,547470000.0,0.004543469048532339
2013-12-04,92.1,92.1,88.97,90.82,8050636.0,226367616.0,547470000.0,0.014705163753265018
2013-12-05,88.9,91.43,88.33,89.54,6547251.0,184044832.0,547470000.0,0.011959104608471697
2013-12-06,90.56,90.56,87.97,88.55,1642535.0,45619528.0,547470000.0,0.0030002283230131334
2013-12-09,88.61,89.48,86.28,87.69,3260037.0,89192192.0,547470000.0,0.0059547317661241715
2013-12-10,87.94,89.73,87.21,89.38,2455746.0,68519432.0,547470000.0,0.004485626609677242
2013-12-11,89.38,89.38,87.3,88.33,870405.0,23968160.0,547470000.0,0.0015898679379692038
2013-12-12,88.42,92.04,88.23,91.14,4726112.0,133920760.0,547470000.0,0.008632641057957514
2013-12-13,91.04,94.43,89.8,93.86,2790941.0,81329744.0,547470000.0,0.005097888468774544
2013-12-16,93.67,94.31,91.52,92.1,1314618.0,38065468.0,547470000.0,0.002401260343032495
2013-12-17,92.99,92.99,89.57,90.6,1571951.0,44823556.0,547470000.0,0.002871300710541217
2013-12-18,90.18,92.07,89.86,90.37,1301824.0,36989868.0,547470000.0,0.0023778910259922917
2013-12-19,90.66,92.51,90.24,91.04,1901270.0,54234628.0,547470000.0,0.0034728295614371565
2013-12-20,90.98,91.04,87.85,89.96,1063647.0,29831236.0,547470000.0,0.0019428407036001974
2013-12-23,90.08,90.24,87.56,89.22,832279.0,23177512.0,547470000.0,0.001520227592379491
2013-12-24,89.54,95.94,88.97,93.79,3419306.0,100593936.0,547470000.0,0.006245649989953787
2013-12-25,93.06,102.33,93.06,100.25,5135419.0,157865584.0,547470000.0,0.009380274718249402
2013-12-26,99.77,102.27,98.18,100.67,2960971.0,92582560.0,547470000.0,0.005408462564158767
2013-12-27,99.71,102.33,98.21,102.01,3906097.0,122073224.0,547470000.0,0.0071348146930425415
2013-12-30,101.69,104.89,100.61,103.9,2180155.0,69979096.0,547470000.0,0.003982236469578242
2013-12-31,104.09,110.58,100.09,106.87,4222457.0,139289184.0,547470000.0,0.007712672840520942
2014-01-02,106.87,117.55,103.71,116.72,8205664.0,290316320.0,547470000.0,0.014988335433905054
2014-01-03,114.32,122.19,113.88,114.8,6254117.0,230391648.0,547470000.0,0.011423670703417538
2014-01-06,114.8,117.04,111.93,112.92,2411656.0,86438312.0,547470000.0,0.004405092516484922
2014-01-07,112.92,122.57,111.61,118.96,3708579.0,134480768.0,547470000.0,0.006774031453778289
2014-01-08,117.87,124.62,116.82,119.76,1465107.0,54833380.0,547470000.0,0.0026761411584196393
2014-01-09,119.76,119.76,114.74,114.8,2350821.0,85474240.0,547470000.0,0.004293972272453285
2014-01-10,114.8,116.66,110.14,116.66,3659710.0,130639256.0,547470000.0,0.006684768115147862
2014-01-13,116.59,117.84,113.46,116.08,2381220.0,85984096.0,547470000.0,0.004349498602663159
2014-01-14,116.56,119.5,115.16,118.16,1381779.0,50833576.0,547470000.0,0.002523935558112773
2014-01-15,118.32,129.51,116.72,128.65,3632606.0,140876080.0,547470000.0,0.006635260379564177
2014-01-16,127.6,131.11,124.94,125.36,2966755.0,117070696.0,547470000.0,0.005419027526622463
2014-01-17,126.0,126.0,121.07,122.16,1421490.0,54766388.0,547470000.0,0.002596471039509014
2014-01-20,122.77,122.77,116.15,118.29,1775899.0,65833940.0,547470000.0,0.0032438288856010376
2014-01-21,117.07,119.89,114.16,115.76,3895227.0,140511216.0,547470000.0,0.007114959723820483
2014-01-22,116.08,121.97,115.28,121.26,3926732.0,146593120.0,547470000.0,0.00717250625605056
2014-01-23,121.2,121.2,115.51,116.72,3863744.0,141129104.0,547470000.0,0.007057453376440718
2014-01-24,115.64,119.44,115.12,118.64,2742638.0,100690312.0,547470000.0,0.005009658976747584
2014-01-27,116.72,127.79,116.47,121.81,2282488.0,87421176.0,547470000.0,0.004169156300801871
2014-01-28,121.2,124.78,115.6,116.69,2311966.0,85339304.0,547470000.0,0.00422300034705098
2014-01-29,116.69,117.3,111.03,112.69,3382739.0,119964648.0,547470000.0,0.006178857288983871
2014-01-30,112.63,114.16,110.65,112.02,1140616.0,39934348.0,547470000.0,0.002083431055582954
2014-02-07,111.93,114.77,110.65,112.5,1829466.0,64645144.0,547470000.0,0.0033416735163570607
2014-02-10,113.21,117.84,112.5,114.13,2641889.0,94932440.0,547470000.0,0.004825632454746378
2014-02-11,113.72,114.42,109.66,110.07,4360091.0,152364784.0,547470000.0,0.007964072917237474
2014-02-12,110.97,115.09,110.04,114.71,2916291.0,102971200.0,547470000.0,0.005326850786344458
2014-02-13,115.22,117.94,111.67,113.14,3029380.0,109588648.0,547470000.0,0.005533417356202166
2014-02-14,113.14,117.68,112.05,116.69,3488645.0,126551360.0,547470000.0,0.006372303505214898
2014-02-17,117.04,117.52,112.25,115.09,3893579.0,138437360.0,547470000.0,0.007111949513215336
2014-02-18,115.09,116.08,111.89,112.18,2907843.0,103104728.0,547470000.0,0.005311419803824867
2014-02-19,112.09,112.09,107.48,108.63,3791682.0,128956528.0,547470000.0,0.006925826072661516
2014-02-20,108.63,110.17,104.92,108.02,3173071.0,106172456.0,547470000.0,0.005795881052843078
2014-02-21,108.02,109.05,106.3,107.19,2829280.0,94827272.0,547470000.0,0.005167917876778636
2014-02-24,107.29,112.41,106.49,112.12,3517940.0,121074808.0,547470000.0,0.00642581328657278
2014-02-25,113.62,113.68,105.53,106.2,2613191.0,89877672.0,547470000.0,0.00477321314409922
2014-02-26,106.23,110.97,106.17,109.53,2719554.0,92973808.0,547470000.0,0.004967494109266261
2014-02-27,109.37,114.42,109.08,112.73,3976916.0,140021888.0,547470000.0,0.007264171552779148
2014-03-05,123.98,123.98,112.73,113.75,8026435.0,297354304.0,547470000.0,0.014660958591338338
2014-03-06,114.64,121.52,112.73,120.53,6444792.0,239504960.0,547470000.0,0.01177195462765083
2014-03-07,119.89,123.98,117.04,120.78,4269798.0,162173968.0,547470000.0,0.00779914515863883
2014-03-10,119.28,119.38,111.54,112.25,3569010.0,127922176.0,547470000.0,0.0065190969368184555
2014-03-11,111.93,117.59,111.61,115.06,3072354.0,110354960.0,547470000.0,0.005611912981533235
2014-03-12,115.12,115.6,112.73,113.75,1794036.0,63991908.0,547470000.0,0.0032769576415146036
2014-03-13,113.75,115.12,112.95,115.09,825710.0,29531758.0,547470000.0,0.0015082287613933183
2014-03-14,115.12,119.28,113.84,117.97,1954875.0,72066432.0,547470000.0,0.003570743602389172
2014-03-17,117.97,122.48,116.88,121.26,2011961.0,75986112.0,547470000.0,0.0036750159826109195
2014-03-18,122.06,124.4,118.99,119.66,2287517.0,87508376.0,547470000.0,0.004178342192266243
2014-03-19,119.66,119.66,114.84,117.36,1972389.0,72208352.0,547470000.0,0.0036027343964052825
2014-03-20,116.66,123.69,115.12,116.34,2954755.0,110544168.0,547470000.0,0.0053971085173616816
2014-03-21,115.12,119.31,113.52,116.79,2466207.0,89280376.0,547470000.0,0.004504734506000329
2014-03-24,116.79,121.55,116.08,119.76,2763777.0,103170512.0,547470000.0,0.005048271138144556
2014-03-25,119.41,122.0,118.74,120.46,2142448.0,80830704.0,547470000.0,0.003913361462728551
2014-03-26,120.82,122.06,117.94,118.93,1467181.0,55063472.0,547470000.0,0.0026799294938535446
2014-03-27,118.93,118.93,113.52,115.38,2211644.0,79732992.0,547470000.0,0.004039753776462637
2014-03-28,115.03,116.59,111.96,112.63,1465639.0,52290584.0,547470000.0,0.002677112901163534
2014-03-31,112.57,116.4,111.54,115.0,1258901.0,45096532.0,547470000.0,0.002299488556450582
2014-04-01,115.0,115.92,114.48,115.0,930785.0,33573072.0,547470000.0,0.0017001570862330356
2014-04-02,116.02,116.02,112.73,115.12,1599952.0,57347688.0,547470000.0,0.0029224468920671454
2014-04-03,114.96,116.02,113.56,113.97,1067975.0,38400056.0,547470000.0,0.0019507461596069192
2014-04-04,115.12,119.76,113.78,118.32,2272034.0,83530944.0,547470000.0,0.004150061190567519
2014-04-08,118.32,120.56,117.91,119.22,2350691.0,87700648.0,547470000.0,0.004293734816519627
2014-04-09,118.64,123.12,118.64,121.04,2264898.0,86036312.0,547470000.0,0.004137026686393775
2014-04-10,121.52,122.1,117.68,117.68,2453056.0,92324136.0,547470000.0,0.004480713098434617
2014-04-11,117.27,118.45,116.37,116.98,1801931.0,66098148.0,547470000.0,0.0032913785230240925
2014-04-14,117.55,120.14,116.72,117.75,1492913.0,55296308.0,547470000.0,0.00272693115604508
2014-04-15,118.13,119.34,116.88,117.87,1279412.0,47175724.0,547470000.0,0.0023369536230295725
2014-04-16,118.0,118.0,114.48,117.52,1463807.0,53164728.0,547470000.0,0.0026737665990830546
2014-04-17,117.36,123.44,116.08,122.7,3391327.0,127987816.0,547470000.0,0.006194543993278171
2014-04-18,122.0,127.34,121.52,124.49,2432416.0,95110488.0,547470000.0,0.004443012402506073
2014-04-21,124.75,133.0,123.02,128.33,4331380.0,175098272.0,547470000.0,0.007911629860996949
2014-04-22,130.06,133.0,124.33,130.31,4402093.0,176223632.0,547470000.0,0.00804079310281842
2014-04-23,130.09,133.83,128.55,128.55,3456562.0,142376224.0,547470000.0,0.006313701207372093
2014-04-24,128.55,132.81,124.46,128.55,1932253.0,78207464.0,547470000.0,0.003529422616764389
2014-04-25,125.36,132.55,125.26,130.73,2565216.0,105075064.0,547470000.0,0.004685582771658721
2014-04-28,130.76,131.24,124.72,126.28,2977891.0,118930616.0,547470000.0,0.005439368367216468
2014-04-29,124.17,130.47,124.17,126.83,2668837.0,106643288.0,547470000.0,0.004874855243209674
2014-04-30,126.8,126.8,123.15,124.4,1652400.0,64437196.0,547470000.0,0.0030182475752096004
2014-05-05,123.82,135.94,123.12,133.51,3312545.0,135209952.0,547470000.0,0.00605064204431293
2014-05-06,133.38,146.72,133.38,140.0,7232111.0,314218816.0,547470000.0,0.013210058998666594
2014-05-07,138.4,140.32,136.07,139.91,2226074.0,95946544.0,547470000.0,0.004066111385098727
2014-05-08,138.37,142.72,136.23,139.56,2405632.0,104912600.0,547470000.0,0.004394089173836009
2014-05-09,139.4,139.4,129.83,137.19,3899199.0,164115520.0,547470000.0,0.007122214915885802
2014-05-12,137.19,137.48,132.23,135.53,4176062.0,174989264.0,547470000.0,0.0076279284709664455
2014-05-13,135.56,137.32,133.29,135.85,2452095.0,103380152.0,547470000.0,0.00447895775110965
2014-05-14,136.55,137.92,133.67,136.71,2245343.0,95600784.0,547470000.0,0.004101307834219227
2014-05-15,137.19,142.31,124.14,125.04,6993094.0,281469216.0,547470000.0,0.012773474345626245
2014-05-16,124.97,126.0,121.87,124.33,3803869.0,146784864.0,547470000.0,0.006948086653149944
2014-05-19,123.12,125.45,121.71,124.08,1867703.0,72042648.0,547470000.0,0.0034115166127824358
2014-05-20,125.68,128.87,125.36,126.0,2797327.0,111035128.0,547470000.0,0.00510955303486949
2014-05-21,126.48,131.19,124.68,129.39,2882655.0,83143024.0,766458000.0,0.0037610084309903477
2014-05-22,129.44,136.79,128.23,134.24,3270180.0,97623416.0,766458000.0,0.0042666134347870335
2014-05-23,134.15,136.34,132.31,134.24,1722582.0,51535644.0,766458000.0,0.002247457786336629
2014-05-26,134.55,137.24,132.85,133.47,2728226.0,81750648.0,766458000.0,0.0035595244618752755
2014-05-27,133.2,136.08,132.76,133.65,1653026.0,49495260.0,766458000.0,0.0021567078691852653
2014-05-28,134.46,136.79,133.34,136.7,3729489.0,112887664.0,766458000.0,0.004865875233868001
2014-05-29,136.08,137.69,130.15,130.92,4257754.0,126773864.0,766458000.0,0.005555104128341018
2014-05-30,130.87,136.57,129.53,135.9,2477715.0,74302616.0,766458000.0,0.0032326820256295846
2014-06-03,135.9,137.51,133.65,134.06,2351956.0,70912936.0,766458000.0,0.0030686038895803816
2014-06-04,133.43,135.45,132.62,133.25,2853548.0,85073592.0,766458000.0,0.003723032442743112
2014-06-05,132.76,137.91,132.76,137.91,3591747.0,109213840.0,766458000.0,0.004686162842582373
2014-06-06,138.14,141.91,136.79,141.41,3024376.0,94208040.0,766458000.0,0.003945912235243158
2014-06-09,141.41,143.07,138.5,140.02,2162889.0,67528648.0,766458000.0,0.002821927620300134
2014-06-10,140.25,142.17,136.34,141.41,4352701.0,135449488.0,766458000.0,0.005678981757643602
2014-06-11,140.83,146.21,139.48,144.1,4567344.0,146175408.0,766458000.0,0.005959027109117525
2014-06-12,143.74,143.97,140.83,143.52,2178553.0,68990032.0,766458000.0,0.002842364487029948
2014-06-13,143.43,144.87,142.22,143.52,3301069.0,105599560.0,766458000.0,0.004306914403659431
2014-06-16,143.48,145.22,139.04,141.86,3861770.0,122378032.0,766458000.0,0.005038462642440943
2014-06-17,140.96,141.95,137.02,138.0,2820070.0,86911280.0,766458000.0,0.003679353597979276
2014-06-18,138.99,141.95,137.24,141.5,2079201.0,65136668.0,766458000.0,0.00271273964131107
2014-06-19,140.78,141.73,135.45,139.21,2007748.0,62311144.0,766458000.0,0.002619514702697343
2014-06-20,138.95,140.6,137.56,140.2,1200238.0,37329172.0,766458000.0,0.001565954037925105
2014-06-23,141.28,142.44,139.39,140.2,2130254.0,66814964.0,766458000.0,0.0027793486401081337
2014-06-24,140.2,140.69,137.15,138.54,1777955.0,54820700.0,766458000.0,0.0023197031018007508
2014-06-25,135.99,138.59,135.9,138.23,1230860.0,37523328.0,766458000.0,0.0016059066511146078
2014-06-26,138.23,140.34,137.64,137.69,2166540.0,66952280.0,766458000.0,0.0028266910907055573
2014-06-27,137.64,138.95,136.12,138.9,1367184.0,41864000.0,766458000.0,0.0017837689736423913
2014-06-30,138.14,148.01,137.24,147.02,6215033.0,199194288.0,766458000.0,0.008108771778753696
2014-07-01,147.11,148.95,143.3,147.78,3319153.0,108664456.0,766458000.0,0.004330508651485143
2014-07-02,147.56,151.95,146.21,149.75,2925428.0,97522920.0,766458000.0,0.003816814489508884
2014-07-03,149.35,151.91,147.06,147.56,1908817.0,63516444.0,766458000.0,0.0024904391369129164
2014-07-04,147.78,147.78,143.43,145.81,1907864.0,61611928.0,766458000.0,0.00248919575501854
2014-07-07,145.94,147.51,143.52,145.13,1529904.0,49465020.0,766458000.0,0.0019960702347682456
2014-07-08,145.13,145.81,140.16,144.69,3152359.0,100108136.0,766458000.0,0.00411289203061355
2014-07-09,144.69,144.87,141.28,141.86,2759530.0,87658536.0,766458000.0,0.003600366882464532
2014-07-10,141.28,142.0,135.45,136.34,4976961.0,153298736.0,766458000.0,0.006493455610092138
2014-07-11,136.34,138.81,129.75,131.32,6683381.0,199734288.0,766458000.0,0.008719826787638723
2014-07-14,131.1,139.04,131.1,138.32,4329890.0,130066152.0,766458000.0,0.00564922017905743
2014-07-15,137.24,139.89,132.13,132.31,3433647.0,103586136.0,766458000.0,0.004479889309003233
2014-07-16,132.85,134.55,126.97,128.72,4143811.0,120076504.0,766458000.0,0.005406442362138565
2014-07-17,128.76,132.08,126.43,128.94,5561815.0,160198880.0,766458000.0,0.00725651633879482
2014-07-18,128.27,130.74,127.82,129.62,4574083.0,131805432.0,766458000.0,0.00596781950217755
2014-07-21,131.41,135.4,130.51,133.88,4230662.0,125886760.0,766458000.0,0.005519757116502144
2014-07-22,133.29,137.47,133.11,137.02,2606180.0,79015560.0,766458000.0,0.003400290687813292
2014-07-23,137.24,138.95,133.65,135.63,3006287.0,91344984.0,766458000.0,0.003922311463902784
2014-07-24,135.67,137.02,130.07,130.65,3088795.0,90819392.0,766458000.0,0.004029959893431865
2014-07-25,133.79,138.9,133.03,134.55,4238636.0,127720576.0,766458000.0,0.005530160817683422
2014-07-28,135.31,136.61,132.22,134.55,3945549.0,117974720.0,766458000.0,0.005147769349396836
2014-07-29,135.22,139.44,134.59,139.26,4830518.0,148348688.0,766458000.0,0.0063023909985935305
2014-07-30,139.98,139.98,137.29,138.36,2525792.0,77938064.0,766458000.0,0.0032954082285004526
2014-07-31,138.18,139.93,137.24,139.26,2368344.0,73058296.0,766458000.0,0.0030899853612331007
2014-08-01,137.91,140.96,134.68,136.25,3272084.0,100309872.0,766458000.0,0.0042690975891699215
2014-08-04,135.04,136.7,130.65,136.61,5298015.0,157379104.0,766458000.0,0.0069123357052832644
2014-08-05,135.45,136.34,132.67,135.04,3381228.0,101356544.0,766458000.0,0.004411498086000798
2014-08-06,135.04,138.86,135.0,137.82,4216158.0,129015296.0,766458000.0,0.005500833705173669
2014-08-07,139.04,141.19,136.84,140.47,5620773.0,175825744.0,766458000.0,0.00733343901427084
2014-08-08,139.93,142.94,138.72,139.8,4278591.0,134502144.0,766458000.0,0.005582290223339048
2014-08-11,141.59,142.85,138.45,141.37,3235457.0,101913680.0,766458000.0,0.004221310234872622
2014-08-12,140.11,148.27,139.98,147.47,7391102.0,239874512.0,766458000.0,0.009643192451510716
2014-08-13,147.47,155.63,147.47,155.41,9274448.0,316119296.0,766458000.0,0.012100399500037837
2014-08-14,155.41,163.25,152.0,154.69,4825083.0,169117696.0,766458000.0,0.006295299938157081
2014-08-15,155.45,156.44,152.49,153.39,3427912.0,117954720.0,766458000.0,0.004472406837687127
2014-08-18,154.73,156.89,153.16,153.93,3861423.0,133074160.0,766458000.0,0.005038009910523473
2014-08-19,154.06,156.53,153.16,154.73,3297271.0,113355392.0,766458000.0,0.004301959141922975
2014-08-20,154.73,155.27,151.41,152.89,3013944.0,103119056.0,766458000.0,0.003932301574254558
2014-08-21,151.64,153.79,148.68,153.43,3544879.0,119043840.0,766458000.0,0.004625014025556521
2014-08-22,153.39,153.48,150.2,151.14,2222261.0,75137136.0,766458000.0,0.002899390442790081
2014-08-25,152.89,152.89,148.01,151.19,2549221.0,85369048.0,766458000.0,0.0033259761134987174
2014-08-26,151.23,151.86,146.7,147.51,3201611.0,106279744.0,766458000.0,0.00417715125942974
2014-08-27,147.47,147.83,144.87,146.35,3322009.0,108047520.0,766458000.0,0.004334234883059476
2014-08-28,147.11,148.72,145.31,148.45,1802887.0,59080692.0,766458000.0,0.002352231955306096
2014-08-29,149.4,157.2,149.4,154.06,4497280.0,154194928.0,766458000.0,0.005867614402876609
2014-09-01,154.33,157.42,152.09,155.45,4553995.0,156828800.0,766458000.0,0.005941610629675729
2014-09-02,155.45,155.85,152.4,155.5,3585166.0,123079264.0,766458000.0,0.004677576592585634
2014-09-03,155.18,156.21,153.39,155.45,3308635.0,114445248.0,766458000.0,0.0043167857860443755
2014-09-04,155.18,155.18,151.86,153.21,4205187.0,143304224.0,766458000.0,0.0054865198093046194
2014-09-05,152.94,154.1,149.8,151.55,5209405.0,175546144.0,766458000.0,0.006796725978461964
2014-09-09,151.46,153.66,149.57,150.7,3824499.0,129550824.0,766458000.0,0.004989835059455313
2014-09-10,151.14,152.8,148.36,152.22,3948944.0,132534512.0,766458000.0,0.005152198815851619
2014-09-11,152.94,153.12,150.2,150.83,4063630.0,136748256.0,766458000.0,0.005301829976332688
2014-09-12,149.89,151.73,148.41,150.38,3620015.0,121076600.0,766458000.0,0.004723044185069501
2014-09-15,150.25,151.37,148.23,149.26,4274344.0,142377152.0,766458000.0,0.00557674914998604
2014-09-16,149.8,150.65,146.57,146.57,3548049.0,117603888.0,766458000.0,0.004629149933851561
2014-09-17,146.97,148.77,142.8,145.63,4999535.0,161474352.0,766458000.0,0.006522907974083381
2014-09-18,145.67,147.11,143.43,146.66,4127977.0,134078384.0,766458000.0,0.005385783695910278
2014-09-19,148.09,152.49,148.09,149.62,5324396.0,178477248.0,766458000.0,0.006946755073337352
2014-09-22,149.71,152.89,146.79,152.4,5640525.0,190245056.0,766458000.0,0.007359209506587445
2014-09-23,152.94,152.94,150.7,151.32,2539306.0,85922496.0,766458000.0,0.00331303998392606
2014-09-24,150.56,152.22,149.8,151.14,3319557.0,111761848.0,766458000.0,0.004331035751469748
2014-09-25,151.41,152.4,147.56,148.01,4227693.0,141166688.0,766458000.0,0.005515883453496473
2014-09-26,148.01,148.01,140.83,143.52,11408345.0,364979584.0,766458000.0,0.014884501172927935
2014-09-29,144.19,146.88,143.52,143.7,6603042.0,213534576.0,766458000.0,0.00861500825876956
2014-09-30,143.97,147.02,143.97,146.88,4731776.0,153873152.0,766458000.0,0.006173562021663287
2014-10-08,147.15,147.96,144.46,145.45,4035392.0,130751296.0,766458000.0,0.005264987774933525
2014-10-09,145.76,146.93,144.46,146.7,4405629.0,143311904.0,766458000.0,0.005748037074438521
2014-10-10,145.81,146.21,144.55,145.99,3794977.0,122929152.0,766458000.0,0.004951317619491218
2014-10-13,144.87,145.49,140.92,142.85,5191524.0,164786192.0,766458000.0,0.006773396585331486
2014-10-14,147.38,147.38,142.53,143.56,2652954.0,85158992.0,766458000.0,0.003461316862763517
2014-10-15,143.65,146.61,143.65,145.76,2774328.0,90056920.0,766458000.0,0.00361967387645507
2014-10-16,145.76,146.03,144.28,144.91,2687200.0,86812592.0,766458000.0,0.0035059977193792747
2014-10-17,145.22,146.12,141.05,142.26,3595381.0,114461352.0,766458000.0,0.004690904133037949
2014-10-20,143.39,144.78,143.07,144.33,3642007.0,116890360.0,766458000.0,0.00475173721195421
2014-10-21,146.35,152.85,146.3,152.8,16093632.0,541006144.0,766458000.0,0.020997408859976672
2014-10-22,152.94,153.16,149.04,149.71,6450533.0,217787744.0,766458000.0,0.008416029319284292
2014-10-23,150.25,151.1,147.06,149.75,4473614.0,148874512.0,766458000.0,0.005836737303283416
2014-10-24,150.29,151.59,148.41,149.93,3566237.0,119496992.0,766458000.0,0.004652879870782222
2014-10-27,150.11,150.97,148.9,150.52,3709951.0,124219120.0,766458000.0,0.004840383947978885
2014-10-28,150.79,152.4,149.98,152.31,6059527.0,204575584.0,766458000.0,0.007905882644580656
2014-10-29,152.31,152.58,148.99,150.52,7369178.0,247220304.0,766458000.0,0.009614588144425396
2014-10-30,150.47,151.5,147.87,148.18,3737409.0,124392016.0,766458000.0,0.0048762084810909405
2014-10-31,147.51,148.01,143.39,145.05,6671629.0,215437088.0,766458000.0,0.008704493918779633
2014-11-03,145.09,146.61,143.74,144.19,4065320.0,131332272.0,766458000.0,0.005304034924288089
2014-11-04,144.78,146.88,143.34,143.97,4997282.0,161403984.0,766458000.0,0.006519968478377158
2014-11-05,144.01,144.64,140.83,142.62,5971525.0,189794208.0,766458000.0,0.007791066177142127
2014-11-06,143.48,144.78,142.8,144.28,2940999.0,94386448.0,766458000.0,0.0038371300188660045
2014-11-07,144.87,146.03,142.62,143.07,3148598.0,101131784.0,766458000.0,0.0041079850428855855
2014-11-10,143.3,143.3,141.64,142.8,2943430.0,93372280.0,766458000.0,0.003840301751694157
2014-11-11,143.3,143.61,135.9,136.88,5511759.0,171152512.0,766458000.0,0.007191208128821148
2014-11-12,135.54,138.27,135.54,137.96,2404957.0,73820952.0,766458000.0,0.0031377544496893504
2014-11-13,137.96,137.96,134.1,135.45,3216368.0,97134592.0,766458000.0,0.0041964047606000586
2014-11-14,136.12,137.15,134.59,136.93,1847273.0,55990144.0,766458000.0,0.002410142499654254
2014-11-17,136.97,141.55,136.97,140.52,3558687.0,111004992.0,766458000.0,0.004643029363644192
2014-11-18,140.52,142.94,140.52,142.62,3219706.0,101930288.0,766458000.0,0.0042007598589877074
2014-11-19,141.5,144.42,141.41,141.5,3981636.0,126983160.0,766458000.0,0.0051948521641107534
2014-11-20,142.13,143.21,140.6,142.0,2379396.0,75257752.0,766458000.0,0.003104404938039658
2014-11-21,142.62,142.62,140.34,140.47,2312928.0,72940136.0,766458000.0,0.0030176839435428946
2014-11-24,141.32,142.17,138.86,140.34,4703009.0,147022480.0,766458000.0,0.0061360296324129955
2014-11-25,140.38,140.96,138.9,140.52,4118083.0,128371008.0,766458000.0,0.0053728749650991964
2014-11-26,140.29,140.96,138.18,139.04,4861874.0,151267648.0,766458000.0,0.00634330126373526
2014-11-27,139.04,139.8,135.36,136.84,5743262.0,175883872.0,766458000.0,0.007493250771731784
2014-11-28,136.79,136.84,130.51,134.28,10048096.0,299864672.0,766458000.0,0.013109780314120278
2014-12-01,135.45,135.45,130.29,131.81,6990777.0,205598672.0,766458000.0,0.009120887250182006
2014-12-02,131.95,137.51,131.9,136.16,5601657.0,168479648.0,766458000.0,0.007308498313019109
2014-12-03,136.7,137.2,132.35,136.79,6784981.0,204500576.0,766458000.0,0.008852384605549162
2014-12-04,137.38,142.08,137.38,140.16,6457710.0,202355264.0,766458000.0,0.008425393172228615
2014-12-05,139.04,141.05,134.55,135.4,6548705.0,200570256.0,766458000.0,0.008544114615543188
2014-12-08,135.67,136.34,131.81,134.55,9863919.0,291861184.0,766458000.0,0.012869484042178437
2014-12-09,134.1,134.1,127.82,128.0,9414850.0,274611616.0,766458000.0,0.012283582401123089
2014-12-10,129.53,136.79,129.39,133.65,9942754.0,295545952.0,766458000.0,0.012972340297837585
2014-12-11,132.76,135.04,132.22,132.89,4480540.0,133376280.0,766458000.0,0.005845773675791759
2014-12-12,133.43,137.02,131.95,136.75,5676191.0,171690496.0,766458000.0,0.007405743041366911
2014-12-15,136.88,139.71,135.54,139.04,5312064.0,163119840.0,766458000.0,0.006930665476777592
2014-12-16,139.93,139.93,136.7,138.05,3392097.0,104126744.0,766458000.0,0.004425678902170765
2014-12-17,138.09,138.86,134.15,134.51,4492741.0,136254288.0,766458000.0,0.005861692356267402
2014-12-18,133.65,135.36,132.76,133.38,3228695.0,96426336.0,766458000.0,0.004212487833645157
2014-12-19,133.38,135.0,127.73,129.08,6218000.0,180183104.0,766458000.0,0.008112642832353502
2014-12-22,128.32,129.08,120.42,123.88,7017427.0,192794464.0,766458000.0,0.009155657583324853
2014-12-23,124.1,125.18,120.56,120.96,4978120.0,135517968.0,766458000.0,0.006494967760790546
2014-12-24,121.1,130.74,120.6,126.7,8167754.0,229417952.0,766458000.0,0.010656492593201453
2014-12-25,126.75,131.46,124.68,129.66,5816631.0,168361296.0,766458000.0,0.007588975521163587
2014-12-26,129.66,130.87,127.82,128.5,2912459.0,83968664.0,766458000.0,0.0037998937971813196
2014-12-29,128.27,128.27,123.34,125.09,4215538.0,117498968.0,766458000.0,0.005500024789355712
2014-12-30,124.91,124.91,121.14,122.13,4442703.0,121685944.0,766458000.0,0.005796407630946509
2014-12-31,122.13,130.92,121.14,124.14,6945873.0,195489456.0,766458000.0,0.009062300869714974
2015-01-05,124.68,128.59,123.25,127.69,4830265.0,136379504.0,766458000.0,0.006302060908751687
2015-01-06,127.69,137.82,127.69,136.25,12233160.0,366351328.0,766458000.0,0.01596063972194171
2015-01-07,136.57,140.74,134.77,137.02,5571584.0,171129312.0,766458000.0,0.007269261981739378
2015-01-08,138.36,140.2,137.02,138.05,5440212.0,168404128.0,766458000.0,0.007097860548131796
2015-01-09,138.18,143.3,137.24,141.01,9267600.0,292846656.0,766458000.0,0.012091464894358203
2015-01-12,139.93,144.64,139.35,143.03,5636401.0,179954320.0,766458000.0,0.007353828911695096
2015-01-13,142.35,149.4,142.35,147.56,11433571.0,374888832.0,766458000.0,0.014917413609095345
2015-01-14,146.88,149.98,143.97,144.19,5614135.0,183649680.0,766458000.0,0.007324778396206968
2015-01-15,144.42,146.7,142.71,144.19,3611411.0,116429448.0,766458000.0,0.004711818521040944
2015-01-16,144.15,144.87,139.93,143.97,5858365.0,186598176.0,766458000.0,0.0076434259933355776
2015-01-19,141.68,148.01,139.04,143.39,7473589.0,240908752.0,766458000.0,0.00975081348227822
2015-01-20,143.34,149.75,141.28,148.36,8508187.0,278985472.0,766458000.0,0.011100656526515477
2015-01-21,148.9,157.87,148.9,155.9,12281307.0,425403488.0,766458000.0,0.016023457254017832
2015-01-22,156.08,157.02,152.89,155.85,6128812.0,212476384.0,766458000.0,0.007996278987237397
2015-01-23,154.51,156.03,148.01,149.57,7151326.0,241556064.0,766458000.0,0.009330356001242077
2015-01-26,150.2,157.74,149.57,156.3,6186608.0,214384992.0,766458000.0,0.008071685597906213
2015-01-27,155.85,160.02,153.39,158.68,5557757.0,195262192.0,766458000.0,0.0072512218542959955
2015-01-28,156.17,158.68,154.78,155.67,4635136.0,161922496.0,766458000.0,0.006047475530296506
2015-01-29,154.73,154.73,150.7,152.49,3710893.0,126667104.0,766458000.0,0.004841612978141007
2015-01-30,153.39,153.84,150.16,150.25,3230350.0,109156248.0,766458000.0,0.004214647116997931
2015-02-02,148.01,153.66,148.01,152.45,2758577.0,93539232.0,766458000.0,0.0035991235005701553
2015-02-03,154.19,156.8,153.7,155.85,3787110.0,131675808.0,766458000.0,0.004941053521523684
2015-02-04,155.85,157.74,152.98,153.34,3524318.0,122124912.0,766458000.0,0.004598188028567775
2015-02-05,152.49,154.28,146.12,146.44,6652357.0,221073056.0,766458000.0,0.008679349683870479
2015-02-06,145.4,150.2,145.4,148.01,4063952.0,134078168.0,766458000.0,0.005302250090676854
2015-02-09,149.66,150.2,145.76,146.3,3308009.0,109080016.0,766458000.0,0.004315969042008825
2015-02-10,147.11,150.43,146.7,150.25,4594535.0,152288464.0,766458000.0,0.0059945032865466865
2015-02-11,150.11,151.14,148.5,150.97,3908160.0,130909144.0,766458000.0,0.005098987811465208
2015-02-12,152.45,157.42,152.4,155.63,4680803.0,162751968.0,766458000.0,0.006107057399100798
2015-02-13,156.08,157.2,155.23,155.5,4358370.0,151960352.0,766458000.0,0.0056863781185661835
2015-02-16,155.5,168.19,155.5,166.93,8471167.0,310368608.0,766458000.0,0.011052356423965827
2015-02-17,169.31,172.13,165.14,167.25,4582679.0,171966848.0,766458000.0,0.005979034728582649
2015-02-25,168.37,171.33,162.67,167.78,4961868.0,185918656.0,766458000.0,0.006473763728736604
2015-02-26,167.29,167.29,163.75,165.95,2991390.0,110315256.0,766458000.0,0.003902875304321959
2015-02-27,168.19,173.39,168.19,170.48,4383040.0,167124592.0,766458000.0,0.005718565139903296
2015-03-02,173.12,173.93,168.46,169.31,4949472.0,187563680.0,766458000.0,0.006457590631189184
2015-03-03,169.53,176.26,169.31,170.43,7747592.0,300445984.0,766458000.0,0.010108305999806904
2015-03-04,175.72,175.81,169.98,173.48,5466063.0,210792416.0,766458000.0,0.0071315884236318235
2015-03-05,174.56,177.61,172.22,173.61,5920853.0,230479584.0,766458000.0,0.007724954270162227
2015-03-06,173.97,175.32,168.19,168.99,5165359.0,195864656.0,766458000.0,0.006739259033110751
2015-03-09,168.99,174.92,165.41,174.6,9409997.0,357625440.0,766458000.0,0.012277250677793174
2015-03-10,175.05,180.3,169.76,177.74,14077340.0,551510464.0,766458000.0,0.018366746775426702
2015-03-11,178.32,186.08,176.35,181.46,11081723.0,446859296.0,766458000.0,0.01445835649181038
2015-03-12,184.78,185.14,169.98,179.04,10483077.0,410004480.0,766458000.0,0.013677301300266943
2015-03-13,179.4,179.76,169.98,175.36,9910681.0,382394048.0,766458000.0,0.012930494560693475
2015-03-16,175.59,176.08,169.58,175.41,14343254.0,554291072.0,766458000.0,0.018713685550936908
2015-03-17,173.97,176.04,172.18,173.93,10172355.0,393895104.0,766458000.0,0.013271901395771196
2015-03-18,174.47,174.87,171.24,174.24,9543551.0,368000672.0,766458000.0,0.012451498973198792
2015-03-19,172.9,174.2,171.6,172.85,9475195.0,364423104.0,766458000.0,0.012362314699566055
2015-03-20,172.67,174.47,171.19,173.7,7949388.0,306743584.0,766458000.0,0.01037158983271099
2015-03-23,174.47,181.64,174.38,179.49,13395724.0,532608256.0,766458000.0,0.017477440381599513
2015-03-24,177.7,180.88,173.97,175.09,11189471.0,441520064.0,766458000.0,0.01459893562334792
2015-03-25,173.61,174.47,170.34,171.55,11230579.0,430242752.0,766458000.0,0.01465256935148436
2015-03-26,170.88,171.19,166.39,166.75,10599825.0,398884800.0,766458000.0,0.013829622758194186
2015-03-27,167.78,170.43,167.65,169.98,4831588.0,182500032.0,766458000.0,0.006303787030730973
2015-03-30,172.67,177.61,172.67,174.92,10333348.0,403235168.0,766458000.0,0.01348194943493316
2015-03-31,176.71,176.71,173.79,174.47,8419931.0,328984672.0,766458000.0,0.010985508664532172
2015-04-01,175.9,186.85,174.92,183.8,13009402.0,525430464.0,766458000.0,0.01697340493543025
2015-04-02,184.33,186.8,182.99,185.14,9895645.0,407350656.0,766458000.0,0.012910877047405076
2015-04-03,183.89,191.96,181.19,187.74,8344466.0,349348192.0,766458000.0,0.010887049257754501
2015-04-07,188.01,197.25,187.92,189.54,9620238.0,410583840.0,766458000.0,0.012551552726959599
2015-04-08,190.43,190.52,179.31,183.93,9352051.0,385200000.0,766458000.0,0.012201648361684529
2015-04-09,182.14,183.89,174.33,180.39,8725304.0,344967936.0,766458000.0,0.011383929713043637
2015-04-10,180.43,188.33,178.59,188.19,7541562.0,311517344.0,766458000.0,0.009839498054687928
2015-04-13,192.86,200.03,192.86,197.25,10827786.0,473946848.0,766458000.0,0.014127044143319008
2015-04-14,200.39,200.7,193.44,200.7,9221139.0,406499456.0,766458000.0,0.012030847091425753
2015-04-15,200.66,200.7,187.02,190.03,9792384.0,420958208.0,766458000.0,0.01277615211792427
2015-04-16,187.07,192.86,185.68,190.07,7436064.0,314962080.0,766458000.0,0.009701854504747814
2015-04-17,191.91,192.86,187.02,187.92,8256702.0,348278976.0,766458000.0,0.010772543309613834
2015-04-20,187.92,187.92,178.05,180.03,9203001.0,373301376.0,766458000.0,0.012007182389641703
2015-04-21,180.03,186.08,177.2,185.81,6678498.0,273346432.0,766458000.0,0.008713455923220842
2015-04-22,185.23,195.1,184.33,192.23,8405744.0,356983200.0,766458000.0,0.010966998844033201
2015-04-23,193.21,194.83,188.64,189.9,7639329.0,324011968.0,766458000.0,0.009967054946259286
2015-04-24,187.97,190.52,184.38,184.38,6930334.0,288280384.0,766458000.0,0.009042027090851683
2015-04-27,186.58,188.86,182.76,184.42,6962491.0,287638720.0,766458000.0,0.009083982423042097
2015-04-28,184.24,185.9,178.05,178.32,8103368.0,326160384.0,766458000.0,0.010572487990209508
2015-04-29,179.4,190.12,178.77,188.37,11447164.0,475050528.0,766458000.0,0.014935148436052596
2015-04-30,189.72,189.81,186.31,186.71,6676275.0,280063872.0,766458000.0,0.008710555568602585
2015-05-04,186.8,190.79,186.58,190.07,6879669.0,290241760.0,766458000.0,0.008975924316792309
2015-05-05,189.85,191.73,187.02,187.47,6829189.0,288357024.0,766458000.0,0.00891006291277539
2015-05-06,187.47,190.16,181.64,185.68,6359230.0,264801776.0,766458000.0,0.008296906027466607
2015-05-07,184.56,186.76,180.07,180.7,3888291.0,158523056.0,766458000.0,0.005073064668905537
2015-05-08,182.58,186.13,179.85,185.01,4573345.0,186101184.0,766458000.0,0.005966856631413594
2015-05-11,186.08,192.68,183.89,192.14,11297879.0,476753024.0,766458000.0,0.014740375858820706
2015-05-12,192.18,211.33,188.46,209.0,15158163.0,665299392.0,766458000.0,0.019776899712704413
2015-05-13,205.41,214.92,203.53,209.72,11578338.0,542367744.0,766458000.0,0.015106291538479604
2015-05-14,210.35,210.62,200.93,205.01,7292722.0,334099648.0,766458000.0,0.009514835777041925
2015-05-15,206.98,210.8,203.98,206.0,7567850.0,348384032.0,766458000.0,0.009873796085369322
2015-05-18,206.8,206.8,198.78,201.02,9504818.0,427661184.0,766458000.0,0.012400963914526301
2015-05-19,200.48,206.18,197.43,205.91,9408267.0,424072928.0,766458000.0,0.012274993541720486
2015-05-20,205.41,219.41,205.41,209.45,11517724.0,545848640.0,766458000.0,0.015027208274947877
2015-05-21,209.94,227.84,209.45,226.09,12379601.0,606260992.0,766458000.0,0.016151701724034455
2015-05-22,226.13,227.26,215.73,219.36,9434824.0,462063456.0,766458000.0,0.012309642537490638
2015-05-25,217.07,226.85,215.1,220.3,7975699.0,393981984.0,766458000.0,0.010405917871559825
2015-05-26,224.21,229.54,219.09,228.82,10787569.0,540434688.0,766458000.0,0.014074572905495148
2015-05-27,229.09,232.32,222.01,223.76,7525616.0,376647648.0,766458000.0,0.009818693261731237
2015-05-28,224.25,237.17,215.33,215.55,12197437.0,620038208.0,766458000.0,0.01591403181909511
2015-05-29,216.22,223.26,209.0,217.3,9089608.0,440942880.0,766458000.0,0.011859238210051953
2015-06-01,221.56,230.98,218.11,228.78,11705719.0,589863296.0,766458000.0,0.015272485902684818
2015-06-02,230.89,238.74,226.49,238.56,13481384.0,701868864.0,766458000.0,0.017589201234770854
2015-06-03,235.01,247.44,233.67,238.47,10420696.0,561104000.0,766458000.0,0.013595912626654038
2015-06-04,236.85,243.31,214.79,229.18,11274092.0,573944064.0,766458000.0,0.014709340890172716
2015-06-05,231.38,235.42,220.66,225.46,8877306.0,452355200.0,766458000.0,0.011582247168142285
2015-06-08,226.04,226.31,211.24,214.65,13759761.0,664545216.0,766458000.0,0.017952400522924936
2015-06-09,215.28,225.06,214.74,220.71,8334222.0,408987936.0,766458000.0,0.010873683880917154
2015-06-10,218.02,242.77,217.12,242.77,14074455.0,734805632.0,766458000.0,0.018362982707467338
2015-06-11,246.68,258.56,246.23,255.91,17197252.0,968377024.0,766458000.0,0.022437305109999504
2015-06-12,255.65,259.23,230.3,257.62,11842172.0,670819264.0,766458000.0,0.015450516531890853
2015-06-15,256.09,258.7,245.33,248.42,9993088.0,557773696.0,766458000.0,0.013038011215226405
2015-06-16,244.39,244.39,233.22,238.92,9089339.0,485012256.0,766458000.0,0.011858887244963194
2015-06-17,239.95,247.12,235.73,246.0,7959259.0,428974752.0,766458000.0,0.010384468555354631
2015-06-18,246.05,250.49,236.27,237.93,7756171.0,426381376.0,766458000.0,0.010119499046262156
2015-06-19,237.7,237.91,217.63,227.73,13695482.0,465610368.0,1149687000.0,0.011912357015431157
2015-06-23,227.8,232.79,215.07,226.59,12185968.0,408740704.0,1149687000.0,0.010599378787443887
2015-06-24,223.35,249.23,221.4,249.23,18701938.0,666053248.0,1149687000.0,0.016266982230815866
2015-06-25,244.11,254.62,236.69,238.45,11659390.0,425420960.0,1149687000.0,0.010141360213692944
2015-06-26,223.69,236.9,214.59,214.59,18447368.0,611859328.0,1149687000.0,0.016045556747184234
2015-06-29,222.34,227.73,193.17,208.87,17825606.0,560367168.0,1149687000.0,0.015504746944168282
2015-06-30,214.12,229.62,202.13,227.8,23452766.0,758061760.0,1149687000.0,0.020399261712100773
2015-07-01,222.41,247.27,220.39,222.68,20656024.0,719558656.0,1149687000.0,0.01796665005344933
2015-07-02,223.15,231.57,211.56,220.32,16042237.0,533230336.0,1149687000.0,0.0139535691018512
2015-07-03,227.73,228.41,202.13,216.82,16468658.0,532008576.0,1149687000.0,0.014324470921215948
2015-07-06,237.77,237.77,195.12,205.5,20168896.0,625887360.0,1149687000.0,0.01754294516681497
2015-07-07,189.26,198.36,184.95,187.31,36080588.0,997573120.0,1149687000.0,0.03138296597247773
2015-07-08,168.58,206.04,168.58,202.2,51450232.0,1434926336.0,1149687000.0,0.044751512368148894
2015-07-09,202.2,222.41,192.09,222.41,24042106.0,763440960.0,1149687000.0,0.02091187079613843
2015-07-10,229.08,244.64,225.71,244.64,30076184.0,1081056256.0,1149687000.0,0.02616032363591134
2015-07-13,242.49,266.81,233.93,255.96,33091760.0,1230414336.0,1149687000.0,0.028783277535537933
2015-07-14,249.16,266.21,237.03,239.86,27525434.0,1024001344.0,1149687000.0,0.023941676299723318
2015-07-15,223.69,235.14,215.87,215.87,21096892.0,700288512.0,1149687000.0,0.018350117901654972
2015-07-16,215.87,226.05,194.85,217.83,15271890.0,491921568.0,1149687000.0,0.013283519775382344
2015-07-17,223.69,234.81,218.91,229.08,12580936.0,423863104.0,1149687000.0,0.010942922725924535
2015-07-20,228.88,245.92,225.71,243.3,16209029.0,564928384.0,1149687000.0,0.014098645109495019
2015-07-21,239.19,267.62,236.16,267.62,26941006.0,1039482496.0,1149687000.0,0.023433339682887605
2015-07-22,267.82,272.4,248.69,258.46,19163292.0,737424832.0,1149687000.0,0.016668268841867395
2015-07-23,256.1,266.88,247.41,260.01,22793340.0,871062656.0,1149687000.0,0.0198256916882595
2015-07-24,257.38,259.4,243.9,243.9,24768632.0,925211072.0,1149687000.0,0.021543804531146304
2015-07-27,235.89,245.92,219.65,219.92,21169162.0,740708928.0,1149687000.0,0.018412978488927857
2015-07-28,202.13,231.57,202.13,228.54,27484468.0,884718272.0,1149687000.0,0.02390604399284327
2015-07-29,229.22,235.55,215.61,232.25,16500616.0,550879104.0,1149687000.0,0.01435226805208722
2015-07-30,227.73,237.84,218.97,222.01,12312017.0,422774784.0,1149687000.0,0.010709016454043579
2015-07-31,218.64,230.7,217.63,228.54,13222785.0,440739328.0,1149687000.0,0.01150120424080641
2015-08-03,227.06,236.83,224.3,236.69,16476925.0,566260288.0,1149687000.0,0.014331661573976221
2015-08-04,236.83,259.74,231.1,246.26,13820211.0,495875712.0,1149687000.0,0.012020846543450522
2015-08-05,244.58,253.07,239.52,240.47,9406513.0,343855168.0,1149687000.0,0.00818180339518495
2015-08-06,235.82,241.01,233.46,235.48,7665639.0,269417312.0,1149687000.0,0.006667587786936793
2015-08-07,240.53,246.67,235.89,237.23,8426002.0,302020384.0,1149687000.0,0.007328953010688997
2015-08-10,241.68,253.88,238.51,253.54,11342603.0,417498720.0,1149687000.0,0.009865818261839961
2015-08-11,253.88,261.76,249.29,251.25,12718613.0,482926752.0,1149687000.0,0.011062674449654558
2015-08-12,246.33,251.25,241.55,242.08,9220061.0,335558336.0,1149687000.0,0.008019627081109901
2015-08-13,242.08,247.95,237.5,245.25,7109217.0,256507232.0,1149687000.0,0.00618361084364701
2015-08-14,248.96,249.43,229.82,235.01,16723317.0,590960448.0,1149687000.0,0.014545973817221556
2015-08-17,229.08,229.42,215.67,218.3,34966728.0,1139051776.0,1149687000.0,0.030414128367112093
2015-08-18,221.0,221.2,202.13,211.43,25854524.0,824563648.0,1149687000.0,0.02248831551544029
2015-08-19,205.5,219.45,205.5,217.9,15009334.0,475556960.0,1149687000.0,0.013055148053339734
2015-08-20,219.85,221.0,212.24,212.78,9869137.0,318896000.0,1149687000.0,0.008584194654719067
2015-08-21,208.94,212.57,197.41,202.13,11298759.0,343413632.0,1149687000.0,0.009827682664934022
2015-08-24,194.58,194.58,181.92,181.92,19384700.0,528728832.0,1149687000.0,0.016860849953074186
2015-08-25,165.95,187.64,163.73,163.73,18383618.0,470214688.0,1149687000.0,0.015990106872566186
2015-08-26,168.44,178.55,160.63,170.53,15470489.0,391496800.0,1149687000.0,0.013456261573802262
2015-08-27,173.02,187.58,172.96,187.58,11324287.0,299420000.0,1149687000.0,0.009849886969235975
2015-08-28,193.1,200.45,187.98,197.41,11976395.0,342846752.0,1149687000.0,0.010417091782372071
2015-08-31,195.26,196.27,183.94,196.27,12380850.0,351280224.0,1149687000.0,0.01076888753199784
2015-09-01,191.35,191.35,179.63,190.68,13888604.0,385802240.0,1149687000.0,0.012080334908544673
2015-09-02,181.78,195.86,180.57,195.12,14340258.0,406649184.0,1149687000.0,0.012473184440634711
2015-09-07,196.07,202.0,177.07,181.11,12802749.0,361820384.0,1149687000.0,0.011135856106923015
2015-09-08,175.31,185.89,175.18,185.62,9437963.0,251334848.0,1149687000.0,0.008209158666663188
2015-09-09,188.72,194.04,185.96,191.48,12051510.0,340712480.0,1149687000.0,0.010482426956206341
2015-09-10,188.65,189.93,183.26,183.67,6211740.0,172308976.0,1149687000.0,0.005402983594665331
2015-09-11,183.13,187.04,180.57,181.31,3905702.0,106243888.0,1149687000.0,0.003397187234438591
2015-09-14,182.86,184.41,163.19,163.19,8765798.0,221965888.0,1149687000.0,0.007624508235719809
2015-09-15,161.64,169.12,156.99,161.43,7022348.0,169966320.0,1149687000.0,0.0061080520176361045
2015-09-16,160.36,176.86,159.01,175.11,7431773.0,184262480.0,1149687000.0,0.006464170682977193
2015-09-17,174.03,179.22,170.19,170.19,7961134.0,207811392.0,1149687000.0,0.006924609915568324
2015-09-18,172.48,174.37,168.58,172.89,4652740.0,118728864.0,1149687000.0,0.004046962347143179
2015-09-21,171.81,182.05,169.12,180.64,6753695.0,178390944.0,1149687000.0,0.005874377113075124
2015-09-22,189.67,198.69,188.79,198.69,13944008.0,410288640.0,1149687000.0,0.01212852541604802
2015-09-23,195.39,199.64,193.1,196.74,11779630.0,344362112.0,1149687000.0,0.010245945200737244
2015-09-24,196.07,197.75,192.16,195.39,5146793.0,149104768.0,1149687000.0,0.004476690612314482
2015-09-25,194.04,211.9,192.02,198.15,10588489.0,317728864.0,1149687000.0,0.00920988843050326
2015-09-28,196.74,203.68,192.16,201.86,6224740.0,184362608.0,1149687000.0,0.005414291020077638
2015-09-29,198.69,205.43,196.94,198.22,4972481.0,148267104.0,1149687000.0,0.00432507369397062
2015-09-30,199.43,204.35,198.09,199.23,5201696.0,155158032.0,1149687000.0,0.004524445349038477
2015-10-08,206.04,210.22,202.47,206.85,5403632.0,166257888.0,1149687000.0,0.004700089676581539
2015-10-09,207.52,208.87,205.63,207.72,4153627.0,127895888.0,1149687000.0,0.0036128328840806237
2015-10-12,211.9,219.65,207.52,214.26,10132524.0,321790176.0,1149687000.0,0.008813289182186108
2015-10-13,212.03,214.73,207.86,209.41,7125886.0,222867600.0,1149687000.0,0.006198109572431453
2015-10-14,207.59,210.82,202.0,202.06,8194677.0,250308448.0,1148276911.0,0.007136498976421551
2015-10-15,201.25,211.43,200.78,211.43,9414933.0,290547552.0,1148276911.0,0.008199183411082276
2015-10-16,216.35,227.8,214.39,221.74,22594188.0,739325888.0,1246487741.0,0.01812628175699002
2015-10-19,221.0,221.0,209.74,211.9,13728795.0,436750208.0,1246487741.0,0.011013983169209523
2015-10-20,210.89,219.31,210.89,215.61,9255552.0,296385248.0,1246487741.0,0.0074253052762273414
2015-10-21,215.67,217.76,197.48,201.19,10922294.0,336911904.0,1246487741.0,0.008762456011992178
2015-10-22,202.47,212.91,202.47,210.55,9906475.0,308081760.0,1246487741.0,0.007947510973555576
2015-10-23,210.55,218.97,209.0,215.54,12902407.0,413483168.0,1246487741.0,0.010351009942263041
2015-10-26,221.0,221.33,212.78,216.55,9657261.0,310549376.0,1246487741.0,0.007747578000448221
2015-10-27,215.61,219.31,208.06,217.29,6826270.0,216393744.0,1246487741.0,0.005476403638373207
2015-10-28,215.61,226.25,214.33,218.5,16078469.0,527753376.0,1246487741.0,0.012899018956336451
2015-10-29,219.65,222.34,214.46,217.9,8288149.0,267514368.0,1246487741.0,0.0066492021761487986
2015-10-30,217.9,220.86,215.67,216.55,4823022.0,156139456.0,1246487741.0,0.0038692895576579924
2015-11-02,213.25,220.52,209.2,214.93,4698500.0,150710032.0,1246487741.0,0.0037693912627095785
2015-11-03,215.0,218.17,208.06,209.0,4235416.0,132664528.0,1246487741.0,0.003397880188217591
2015-11-04,210.22,217.42,210.22,216.95,5788927.0,184655920.0,1246487741.0,0.004644190880975539
2015-11-05,218.23,218.23,207.52,211.56,8864311.0,280148576.0,1246487741.0,0.0071114305487582005
2015-11-06,209.0,216.62,209.0,214.93,6033224.0,191739904.0,1246487741.0,0.004840179170281948
2015-11-09,212.57,217.63,208.94,216.95,10707565.0,338723680.0,1246487741.0,0.008590188774267295
2015-11-10,215.54,221.0,214.46,220.59,9263658.0,299236128.0,1246487741.0,0.007431808348606936
2015-11-11,220.66,228.74,220.19,224.09,10362654.0,344971904.0,1246487741.0,0.008313482482937631
2015-11-12,222.48,229.08,216.28,223.83,8980925.0,295696960.0,1246487741.0,0.007204984617654575
2015-11-13,223.76,239.59,221.67,232.11,17120738.0,592353728.0,1246487741.0,0.01373518361782268
2015-12-08,255.36,255.36,208.94,236.16,23791184.0,854601408.0,1246487741.0,0.019086576800918575
2015-12-09,235.82,239.12,224.03,233.8,8264923.0,282117952.0,1246487741.0,0.006630569020574106
2015-12-10,231.1,236.16,227.06,230.77,6014447.0,207071616.0,1246487741.0,0.004825115243552162
2015-12-11,230.36,236.49,227.73,231.24,5197320.0,180256768.0,1246487741.0,0.004169571692562679
2015-12-14,231.24,235.68,223.69,230.63,4903711.0,165129936.0,1246487741.0,0.003934022645153315
2015-12-15,230.36,235.41,228.14,229.62,5209275.0,179344352.0,1246487741.0,0.004179162641279438
2015-12-16,231.17,234.94,229.42,232.45,5008489.0,172291392.0,1246487741.0,0.004018081233580299
2015-12-17,234.47,237.64,228.74,229.22,15993117.0,547873984.0,1246487741.0,0.012830544957601794
2015-12-18,229.01,229.01,220.19,222.28,11458377.0,381596128.0,1246487741.0,0.009192530839338596
2015-12-21,222.14,225.91,220.79,222.75,7698726.0,254842240.0,1246487741.0,0.006176335110864119
2015-12-22,223.08,228.95,222.41,223.76,6656946.0,222616432.0,1246487741.0,0.005340562751671699
2015-12-23,224.43,225.44,218.97,219.58,6348266.0,208712224.0,1246487741.0,0.0050929229315220354
2015-12-24,220.05,224.3,219.31,222.68,3473566.0,114553768.0,1246487741.0,0.0027866828415121976
2015-12-25,223.69,224.23,221.13,222.81,2660359.0,88030632.0,1246487741.0,0.0021342841269066277
2015-12-28,224.5,224.5,214.93,214.93,7034391.0,227930160.0,1246487741.0,0.005643369580479492
2015-12-29,215.34,217.69,207.92,211.9,9779108.0,305933056.0,1246487741.0,0.007845330265466285
2015-12-30,211.29,217.63,209.95,212.57,8833348.0,279799520.0,1246487741.0,0.007086590352596176
2015-12-31,215.27,218.3,210.89,215.27,9001254.0,287731296.0,1246487741.0,0.007221293642871053
2016-01-04,216.28,216.28,200.51,200.78,5711193.0,176496752.0,1246487741.0,0.0045818284545808465
2016-01-05,201.12,208.87,195.53,204.83,8994917.0,270947872.0,1246487741.0,0.007216209758135118
2016-01-06,204.96,208.4,201.46,208.13,5434976.0,165352768.0,1246487741.0,0.004360232211862563
2016-01-07,206.17,206.17,190.54,192.7,976363.0,28896036.0,1246487741.0,0.00078329129752749
2016-01-08,195.39,201.79,185.29,195.8,6653998.0,192986400.0,1246487741.0,0.005338197706350327
2016-01-11,194.31,194.58,182.12,182.46,5945274.0,165114656.0,1246487741.0,0.004769620915188768
2016-01-12,185.08,189.93,180.97,185.08,5265142.0,145116960.0,1246487741.0,0.004223982175529474
2016-01-13,188.52,191.21,182.32,183.94,4026202.0,112052712.0,1246487741.0,0.003230037382293036
2016-01-14,180.23,189.53,175.18,187.37,7390616.0,203871520.0,1246487741.0,0.005929152575596811
2016-01-15,187.37,190.2,180.57,181.92,6087073.0,167524304.0,1246487741.0,0.0048833797555976124
2016-01-18,179.09,185.96,175.99,182.25,4581862.0,123990256.0,1246487741.0,0.0036758179397128944
2016-01-19,183.06,190.68,179.56,186.09,7142723.0,195617936.0,1246487741.0,0.005730279380260668
2016-01-20,185.96,189.06,181.92,183.06,5817320.0,160412928.0,1246487741.0,0.00466696928389607
2016-01-21,180.91,186.23,178.21,179.22,5783377.0,156242896.0,1246487741.0,0.004639738370278926
2016-01-22,181.92,182.25,172.01,175.31,5720301.0,149507120.0,1246487741.0,0.004589135385648369
2016-01-25,177.81,178.48,173.23,175.18,4219384.0,110135840.0,1246487741.0,0.003385018449210725
2016-01-26,174.37,178.82,167.63,168.44,7488819.0,193761792.0,1246487741.0,0.006007936342793122
2016-01-27,172.08,178.82,162.24,173.83,8806563.0,221627568.0,1246487741.0,0.007065101974396393
2016-01-28,172.48,180.84,171.2,175.85,7423881.0,195212432.0,1246487741.0,0.005955839560880206
2016-01-29,176.86,189.4,176.86,187.17,8688791.0,236231568.0,1246487741.0,0.006970618895160077
2016-02-01,187.31,189.87,185.69,187.04,6912110.0,192643456.0,1246487741.0,0.005545269137147495
2016-02-02,188.52,193.78,187.11,188.12,5096375.0,144338304.0,1246487741.0,0.004088588144405987
2016-02-03,188.18,189.87,186.03,188.52,3815130.0,106253520.0,1246487741.0,0.00306070398810284
2016-02-04,189.13,194.79,188.12,188.79,5193621.0,147475952.0,1246487741.0,0.004166604154352449
2016-02-05,188.65,190.68,185.96,187.91,2569100.0,71881192.0,1246487741.0,0.0020610712127332505
2016-02-15,181.18,190.34,180.57,188.79,3134254.0,87194248.0,1246487741.0,0.0025144683713339464
2016-02-16,189.26,197.82,189.26,196.74,5256533.0,152437552.0,1246487741.0,0.004217075569297556
2016-02-17,198.63,199.43,192.56,196.74,2950644.0,85820880.0,1246487741.0,0.0023671664814231014
2016-02-18,197.48,199.84,193.84,195.46,4710958.0,137494608.0,1246487741.0,0.0037793857452786614
2016-02-19,196.07,197.21,193.98,195.32,3337338.0,96767840.0,1246487741.0,0.0026773933591377375
2016-02-22,205.43,206.85,198.96,201.73,6096481.0,182907744.0,1246487741.0,0.004890927362919007
2016-02-23,201.79,202.74,194.18,196.47,4651741.0,135915296.0,1246487741.0,0.0037318786595270654
2016-02-24,197.95,198.09,190.68,195.59,4016158.0,115945128.0,1246487741.0,0.0032219795413134353
2016-02-25,194.04,195.59,177.2,179.63,7109355.0,199330864.0,1246487741.0,0.005703509762796777
2016-02-26,181.98,191.28,181.98,189.33,8940820.0,248759488.0,1246487741.0,0.007172810213782921
2016-02-29,189.67,190.34,175.85,186.5,8216877.0,225039808.0,1246487741.0,0.006592023916262487
2016-03-01,184.68,193.24,184.61,192.9,6794013.0,191787776.0,1246487741.0,0.005450525325302818
2016-03-02,192.9,200.11,189.67,199.97,6608101.0,192578624.0,1246487741.0,0.005301376646270603
2016-03-03,196.74,204.35,196.74,202.26,6017550.0,180344160.0,1246487741.0,0.004827604638271368
2016-03-04,202.26,206.71,199.57,204.35,13736077.0,416114976.0,1246487741.0,0.011019825184145153
2016-03-07,202.87,206.11,197.75,203.01,7652519.0,228839936.0,1246487741.0,0.006139265351988729
2016-03-08,201.19,201.86,194.38,199.1,4551739.0,133125664.0,1246487741.0,0.0036516516370617078
2016-03-09,196.4,198.76,194.11,194.45,2349938.0,68357032.0,1246487741.0,0.0018852475822303334
2016-03-10,194.52,198.76,193.1,197.48,3668060.0,106961680.0,1246487741.0,0.0029427164659134824
2016-03-11,195.26,197.14,192.36,194.04,2523189.0,72832992.0,1246487741.0,0.002024238921095013
2016-03-14,195.26,205.5,195.26,203.01,4195938.0,125750920.0,1246487741.0,0.0033662087977165273
2016-03-15,202.06,205.9,201.39,205.03,7533706.0,228376944.0,1246487741.0,0.00604394712615148
2016-03-16,204.15,205.84,200.98,201.12,3056420.0,92064504.0,1246487741.0,0.0024520257195212963
2016-03-17,202.13,209.0,202.13,208.87,8509690.0,261216192.0,1246487741.0,0.006826934369344913
2016-03-18,209.0,212.37,207.86,210.82,6468491.0,202375680.0,1246487741.0,0.005189373940260838
2016-03-21,211.7,216.41,206.85,209.95,8427200.0,264295744.0,1246487741.0,0.006760756422072185
2016-03-22,208.19,209.81,206.04,207.52,4126586.0,127332336.0,1246487741.0,0.00331057086585499
2016-03-23,207.45,209.81,204.69,207.52,4146335.0,127200992.0,1246487741.0,0.0033264145836473173
2016-03-24,206.17,209.68,204.83,206.11,4199658.0,129301768.0,1246487741.0,0.0033691931832645276
2016-03-25,205.57,207.12,201.73,203.48,4535238.0,137041936.0,1246487741.0,0.0036384136408446235
2016-03-28,203.81,205.7,197.75,198.63,5456829.0,163729008.0,1246487741.0,0.004377763872448706
2016-03-29,197.75,199.1,193.71,195.93,5100858.0,148781376.0,1246487741.0,0.004092184649892999
2016-03-30,196.81,204.02,196.81,203.21,6744278.0,200740112.0,1246487741.0,0.005410625213681905
2016-03-31,203.34,203.34,192.16,197.08,20174470.0,584823104.0,1246487741.0,0.016185052878109292
2016-04-01,194.72,195.39,188.05,190.14,8996774.0,254978704.0,1246487741.0,0.0072176995441465795
2016-04-05,191.82,194.79,190.34,194.18,10029690.0,287111680.0,1246487741.0,0.008046360722291292
2016-04-06,193.91,195.53,192.83,195.19,8427818.0,242762464.0,1246487741.0,0.006761252215155159
2016-04-07,195.73,198.22,193.71,194.52,9217095.0,268433216.0,1246487741.0,0.007394452987243619
2016-04-08,193.37,193.37,186.97,188.52,8949791.0,251660720.0,1246487741.0,0.0071800072360278435
2016-04-11,190.0,194.85,188.65,194.04,7846328.0,224800576.0,1246487741.0,0.006294749432277008
2016-04-12,194.04,194.04,190.0,191.48,4608120.0,130993296.0,1246487741.0,0.003696883529960043
2016-04-13,192.09,195.19,192.09,193.64,10714961.0,308901280.0,1246487741.0,0.008596122246179396
2016-04-14,194.04,196.13,192.5,194.18,5877140.0,169471808.0,1246487741.0,0.0047149601289179464
2016-04-15,194.31,196.07,192.7,193.3,3707209.0,106591768.0,1246487741.0,0.0029741239147894677
2016-04-18,193.91,194.25,187.51,188.59,5074231.0,142381968.0,1246487741.0,0.004070823027853589
2016-04-19,189.46,190.41,183.8,186.16,7364186.0,203461776.0,1246487741.0,0.005907948997630775
2016-04-20,186.97,187.31,175.18,181.24,8164775.0,219175024.0,1246487741.0,0.0065502248689985314
2016-04-21,179.42,184.54,178.55,180.23,5909973.0,159682736.0,1246487741.0,0.004741300540395768
2016-04-22,181.18,188.65,181.18,187.98,7854062.0,215796704.0,1246487741.0,0.006300954066101802
2016-04-25,187.31,191.89,186.43,188.18,5892885.0,165587952.0,1246487741.0,0.004727591620975276
2016-04-26,188.12,190.14,184.61,188.12,3860885.0,106910096.0,1246487741.0,0.003097411128089065
2016-04-27,186.9,189.46,185.49,185.89,3760619.0,104755392.0,1246487741.0,0.0030169723105203006
2016-04-28,185.89,188.65,181.92,188.12,3944839.0,108349760.0,1246487741.0,0.003164763575480683
2016-04-29,187.78,192.16,186.84,190.14,7942418.0,224474448.0,1246487741.0,0.006371838036391888
2016-05-03,190.27,193.78,188.18,193.24,6919143.0,197437008.0,1246487741.0,0.00555091139079241
2016-05-04,192.5,193.03,189.87,190.34,4632736.0,131122720.0,1246487741.0,0.003716631818844338
2016-05-05,190.41,191.28,189.46,190.61,2238690.0,63288888.0,1246487741.0,0.0017959984092615316
2016-05-06,191.35,192.43,183.06,183.06,5047220.0,140722656.0,1246487741.0,0.004049153340209224
2016-05-09,183.06,187.17,178.55,185.62,4757600.0,128677000.0,1246487741.0,0.0038168044847221648
2016-05-10,184.75,187.71,184.68,185.49,3676667.0,101772448.0,1246487741.0,0.002949621467637041
2016-05-11,186.77,191.21,186.77,189.06,7483701.0,210305841.0,1246487741.0,0.006003830405902083
2016-05-12,187.44,190.61,187.17,188.32,2901325.0,81292721.0,1246487741.0,0.0023276001075408894
2016-05-13,189.33,189.33,183.4,185.35,7480245.0,206185491.0,1246487741.0,0.006001057815457489
2016-05-16,182.32,185.56,179.56,184.07,5716186.0,154515638.0,1246487741.0,0.004585834109699439
2016-05-17,184.88,189.26,183.47,187.98,5598065.0,155943099.0,1246487741.0,0.0044910710437544524
2016-05-18,186.03,188.59,181.11,184.01,6369494.0,174047779.0,1246487741.0,0.0051099531832459475
2016-05-19,182.79,186.63,181.71,183.67,4727746.0,128747362.0,1246487741.0,0.0037928539884452823
2016-05-20,184.28,184.28,181.85,182.93,2844477.0,77176914.0,1246487741.0,0.0022819935619406945
2016-05-23,184.14,188.32,182.79,187.17,4999475.0,137962672.0,1246487741.0,0.004010849714405655
2016-05-24,186.63,187.31,183.94,185.96,2297683.0,63204953.0,1246487741.0,0.0018433257900769037
2016-05-25,186.84,189.06,184.61,185.89,2862177.0,79245121.0,1246487741.0,0.0022961934609190835
2016-05-26,184.34,186.7,182.59,185.82,2016198.0,55179561.0,1246487741.0,0.0016175032723406463
2016-05-27,185.62,186.23,183.6,184.95,2793350.0,76500538.0,1246487741.0,0.00224097671250182
2016-05-30,184.68,187.51,181.92,186.3,2595375.0,71562368.0,1246487741.0,0.002082150441301452
2016-05-31,185.82,192.56,185.82,192.09,6178063.0,174686027.0,1246487741.0,0.004956376863396685
2016-06-01,192.02,194.58,191.42,192.02,5877942.0,168581939.0,1246487741.0,0.0047156035367699614
2016-06-02,193.1,196.74,192.02,193.37,5990113.0,172518066.0,1246487741.0,0.004805593190346506
2016-06-03,194.04,203.34,194.04,202.4,15874805.0,473171923.0,1246487741.0,0.012735628661108509
2016-06-06,202.13,206.04,197.75,198.42,7587234.0,226567563.0,1246487741.0,0.006086890187875502
2016-06-07,201.79,201.79,196.87,201.12,4950619.0,146547847.0,1246487741.0,0.003971654784208583
2016-06-08,200.78,200.78,195.39,198.09,5244704.0,153789731.0,1246487741.0,0.004207585704607423
2016-06-13,194.24,197.48,190.59,190.59,5166309.0,99468464.0,1869731612.0,0.0027631286580611122
2016-06-14,188.56,191.3,185.52,189.67,7352005.0,136905083.0,1869731612.0,0.003932117825261436
2016-06-15,187.24,196.26,186.83,195.76,7914523.0,151260198.0,1869731612.0,0.004232972769569882
2016-06-16,194.44,195.15,189.37,191.8,9744139.0,184080545.0,1869731612.0,0.0052115174913136145
2016-06-17,191.09,194.84,191.09,193.53,9176902.0,174865826.0,1869731612.0,0.0049081386553569166
2016-06-20,194.13,196.77,190.59,193.83,6845893.0,130954129.0,1869731612.0,0.0036614308471134734
2016-06-21,195.96,197.28,190.59,194.13,6918000.0,132542667.0,1869731612.0,0.0036999962751873288
2016-06-22,192.82,194.13,189.47,191.6,6628064.0,125284766.0,1869731612.0,0.0035449280300235944
2016-06-23,192.61,193.83,189.47,191.7,8372251.0,158345337.0,1869731612.0,0.004477782236908556
2016-06-24,191.4,193.63,182.58,189.98,6528329.0,121841900.0,1869731612.0,0.0034915861496382507
2016-06-27,187.34,201.13,185.52,199.2,18421399.0,354850610.0,1869731612.0,0.009852429558216188
2016-06-28,195.76,202.55,194.64,201.13,11874359.0,232717647.0,1869731612.0,0.006350836089944657
2016-06-29,201.74,204.98,192.61,198.7,9765658.0,194805140.0,1869731612.0,0.0052230266297706475
2016-06-30,197.78,202.14,197.38,199.2,4949984.0,97207137.0,1869731612.0,0.002647430234495067
2016-07-01,198.7,198.7,192.61,194.13,9979133.0,191705281.0,1869731612.0,0.0053372007703959175
2016-07-04,194.13,198.49,194.13,196.36,6766513.0,131149219.0,1869731612.0,0.003618975555941983
2016-07-05,197.68,201.74,196.57,200.62,9624293.0,189206285.0,1869731612.0,0.005147419521727592
2016-07-06,198.59,201.84,196.67,199.71,8087550.0,158786090.0,1869731612.0,0.004325513858830772
2016-07-07,198.7,201.94,196.87,199.61,6598446.0,129669896.0,1869731612.0,0.0035290872538341614
2016-07-08,199.71,204.98,199.1,202.55,12936749.0,259444198.0,1869731612.0,0.0069190406350149464
2016-07-11,192.71,193.93,182.27,182.27,60875130.0,1121891987.0,1869731612.0,0.0325582183075375
2016-07-12,180.04,183.39,171.73,178.22,28101494.0,492443998.0,1869731612.0,0.01502969400508804
2016-07-13,178.22,182.88,176.6,180.75,19710787.0,349615443.0,1869731612.0,0.010542040832756696
2016-07-14,181.26,181.77,177.51,180.85,12456444.0,220602745.0,1869731612.0,0.006662156172604734
2016-07-15,180.25,182.17,179.23,179.94,8726194.0,155266851.0,1869731612.0,0.004667083737577626
2016-07-18,179.43,179.43,176.39,176.6,9651998.0,168822347.0,1869731612.0,0.005162237156420287
2016-07-19,177.61,181.16,176.9,179.74,10733549.0,189289519.0,1869731612.0,0.005740689696377664
2016-07-20,180.45,181.26,177.2,178.22,10652545.0,187572048.0,1869731612.0,0.0056973658313479916
2016-07-21,179.54,180.04,177.2,178.83,10168273.0,178946114.0,1869731612.0,0.005438359674051443
2016-07-22,179.54,180.14,178.52,179.64,10318154.0,182673329.0,1869731612.0,0.005518521446488759
2016-07-25,179.74,187.34,179.74,184.81,19072086.0,347348313.0,1869731612.0,0.010200440468351026
2016-07-26,184.5,186.83,182.88,185.31,10032811.0,183553209.0,1869731612.0,0.005365909703622212
2016-07-27,186.02,191.4,180.35,184.0,20593559.0,378784666.0,1869731612.0,0.011014179183702007
2016-07-28,184.5,186.73,180.55,185.62,9281610.0,168278788.0,1869731612.0,0.004964140275764884
2016-07-29,185.42,188.46,184.3,188.15,11367066.0,209518987.0,1869731612.0,0.006079517470339481
2016-08-01,186.73,188.36,182.48,186.53,10984925.0,202171026.0,1869731612.0,0.005875134660770768
2016-08-02,186.73,192.92,186.73,190.79,9714597.0,182257471.0,1869731612.0,0.005195717362669269
2016-08-03,191.8,192.0,187.54,188.36,5362553.0,99986180.0,1869731612.0,0.002868087037510066
2016-08-04,188.25,191.9,186.73,190.08,8908094.0,166767472.0,1869731612.0,0.004764370427727463
2016-08-05,189.88,191.4,187.95,189.98,5931947.0,111318378.0,1869731612.0,0.003172619514976677
2016-08-08,189.98,193.12,188.96,192.31,8338710.0,157906425.0,1869731612.0,0.004459843298622049
2016-08-09,194.24,194.64,191.6,192.51,6247866.0,118631308.0,1869731612.0,0.003341584407035206
2016-08-10,190.38,192.0,188.66,189.06,10353273.0,193824858.0,1869731612.0,0.0055373043561719485
2016-08-11,188.56,188.96,184.0,184.2,9848564.0,180705474.0,1869731612.0,0.0052673677530997425
2016-08-12,184.3,186.23,181.46,184.5,6696015.0,121646472.0,1869731612.0,0.003581270679184516
2016-08-15,184.71,190.59,182.78,189.67,9999742.0,184909997.0,1869731612.0,0.005348223207984141
2016-08-16,189.47,193.02,188.66,191.6,9106096.0,171380993.0,1869731612.0,0.004870269049074622
2016-08-17,191.6,192.71,188.56,192.11,7577490.0,142722876.0,1869731612.0,0.004052715347682746
2016-08-18,192.11,193.73,189.88,191.3,8009731.0,151625243.0,1869731612.0,0.004283893446841931
2016-08-19,191.4,193.42,189.98,193.02,9753377.0,185068335.0,1869731612.0,0.005216458307386204
2016-08-22,193.02,194.24,189.88,190.48,7486647.0,141609291.0,1869731612.0,0.004004129230072621
2016-08-23,189.57,197.48,189.17,197.07,12437723.0,238681804.0,1869731612.0,0.006652143505610259
2016-08-24,196.87,198.39,193.22,195.55,8253358.0,158599089.0,1869731612.0,0.004414193966144484
2016-08-25,193.32,196.36,191.09,195.15,8269018.0,158251126.0,1869731612.0,0.004422569499776955
2016-08-26,196.16,201.33,194.24,198.19,10889525.0,213554098.0,1869731612.0,0.005824111294963761
2016-08-29,199.81,207.62,199.81,204.37,20878051.0,420605947.0,1869731612.0,0.011166335781030802
2016-08-30,204.27,208.63,203.05,204.88,16044992.0,325513267.0,1869731612.0,0.008581441259816492
2016-08-31,204.88,205.39,201.23,201.43,7705274.0,154141542.0,1869731612.0,0.004121058846385917
2016-09-01,201.33,205.08,201.23,203.56,9505100.0,191427139.0,1869731612.0,0.005083670800127649
2016-09-02,202.75,205.59,200.62,205.39,9237046.0,184728136.0,1869731612.0,0.004940305838932352
2016-09-05,205.79,212.28,205.39,210.86,19191119.0,396789742.0,1869731612.0,0.010264103616171838
2016-09-06,213.8,216.23,207.82,212.08,14337273.0,298042527.0,1869731612.0,0.00766809145654002
2016-09-07,212.08,215.22,207.72,208.53,14813521.0,308219005.0,1869731612.0,0.007922806088813137
2016-09-08,208.73,210.86,201.03,204.17,16849791.0,337806084.0,1869731612.0,0.009011876834010548
2016-09-09,204.17,207.31,204.17,204.98,12166233.0,246771391.0,1869731612.0,0.0065069408475081185
2016-09-12,200.22,204.27,197.68,200.82,10829651.0,214199882.0,1869731612.0,0.005792088517140609
2016-09-13,200.82,208.83,200.82,204.98,12233979.0,248534679.0,1869731612.0,0.006543173855264528
2016-09-14,207.82,213.8,205.29,207.41,20230114.0,419139960.0,1869731612.0,0.01081979567022478
2016-09-19,213.9,218.06,208.93,211.16,17740059.0,372526441.0,1869731612.0,0.00948802431650816
2016-09-20,210.96,211.47,204.78,207.01,8951807.0,183170460.0,1869731612.0,0.00478774971902224
2016-09-21,206.6,209.64,204.58,206.91,8930806.0,182257321.0,1869731612.0,0.004776517625675145
2016-09-22,207.82,209.44,206.4,206.6,6166433.0,126184603.0,1869731612.0,0.003298031097310238
2016-09-23,206.3,209.44,204.47,207.11,10598000.0,216281503.0,1869731612.0,0.0056681931952060295
2016-09-26,204.78,207.31,198.7,199.51,13639394.0,272753355.0,1869731612.0,0.007294840560250419
2016-09-27,199.2,201.84,196.67,199.81,8653143.0,169856641.0,1869731612.0,0.0046280134242068964
2016-09-28,201.74,204.58,198.9,201.84,7208975.0,143621050.0,1869731612.0,0.0038556202150792965
2016-09-29,202.55,206.7,201.84,204.37,8422663.0,169532623.0,1869731612.0,0.004504744395368333
2016-09-30,204.27,205.89,202.85,204.98,5486086.0,110760937.0,1869731612.0,0.0029341569478689438
2016-10-10,206.2,208.53,202.75,207.82,7576808.0,154502620.0,1869731612.0,0.004052350589449198
2016-10-11,208.33,209.64,204.98,206.4,8184853.0,167467475.0,1869731612.0,0.004377555017773321
2016-10-12,207.62,208.73,204.58,206.91,6285964.0,127944164.0,1869731612.0,0.003361960593518595
2016-10-13,207.21,226.07,206.3,220.9,28919196.0,620578231.0,1869731612.0,0.015467030569732913
2016-10-14,221.0,225.56,219.27,222.62,15536753.0,340708619.0,1869731612.0,0.008309616685242202
2016-10-17,222.32,223.74,217.96,219.27,9624511.0,210039450.0,1869731612.0,0.005147536116001658
2016-10-18,219.78,223.74,217.45,222.01,8503181.0,185360610.0,1869731612.0,0.004547808330043895
2016-10-19,223.53,224.24,221.1,222.11,11401572.0,250835431.0,1869731612.0,0.006097972525481374
2016-10-20,222.11,233.77,221.91,230.22,23211966.0,523988939.0,1869731612.0,0.012414597823037716
2016-10-21,231.14,232.76,226.88,228.3,12132271.0,275125909.0,1869731612.0,0.006488776743215271
2016-10-24,229.92,232.15,224.14,228.3,10281090.0,230126445.0,1869731612.0,0.005498698280553006
2016-10-25,227.99,228.09,222.62,222.82,11784694.0,260094871.0,1869731612.0,0.006302880009283386
2016-10-26,225.05,225.97,219.07,222.01,9833283.0,215933644.0,1869731612.0,0.005259194922356589
2016-10-27,222.01,223.03,218.36,222.92,5724076.0,124725486.0,1869731612.0,0.003061442595965479
2016-10-28,225.05,228.4,222.32,223.13,8599825.0,190968232.0,1869731612.0,0.004599497031983647
2016-10-31,222.32,228.4,219.78,227.08,9958454.0,221038361.0,1869731612.0,0.0053261408942793225
2016-11-01,227.08,235.7,225.56,228.91,12392915.0,282018686.0,1869731612.0,0.006628178568764553
2016-11-02,228.91,231.64,227.18,229.11,8418263.0,190652244.0,1869731612.0,0.0045023911164422245
2016-11-03,229.11,229.11,223.63,225.76,7343301.0,163539407.0,1869731612.0,0.003927462611676697
2016-11-04,225.05,227.28,221.2,221.51,6857957.0,151045476.0,1869731612.0,0.003667883110059969
2016-11-07,223.84,223.94,218.16,218.87,5621729.0,122366702.0,1869731612.0,0.003006703723635818
2016-11-08,219.07,220.29,215.02,217.15,12498199.0,268884155.0,1869731612.0,0.0066844882547773925
2016-11-09,218.36,222.32,212.79,216.94,12884636.0,277438309.0,1869731612.0,0.00689116872031578
2016-11-10,218.26,220.39,215.02,216.94,9385163.0,200817779.0,1869731612.0,0.005019524160454747
2016-11-11,216.13,217.35,210.15,211.57,16391583.0,345768675.0,1869731612.0,0.008766810645334482
2016-11-14,211.16,218.46,211.16,214.92,11422278.0,242395893.0,1869731612.0,0.0061090468421731966
2016-11-15,216.84,217.15,209.75,214.41,12909041.0,270322028.0,1869731612.0,0.006904221395813893
2016-11-16,214.31,216.74,213.5,214.1,8062104.0,171120710.0,1869731612.0,0.004311904418932186
2016-11-17,215.73,219.58,214.41,218.77,9886910.0,212105307.0,1869731612.0,0.0052878765789407855
2016-11-18,217.96,218.97,216.13,217.04,6582991.0,140952092.0,1869731612.0,0.0035208213616062024
2016-11-21,217.75,217.75,209.64,209.85,14371139.0,300882508.0,1869731612.0,0.007686204216565388
2016-11-22,210.35,212.38,206.5,208.83,14986323.0,308256058.0,1869731612.0,0.008015226839947123
2016-11-23,208.83,212.69,208.83,211.27,8868848.0,184812004.0,1869731612.0,0.004743380249378808
2016-11-24,211.27,211.87,207.62,210.05,10808522.0,223384338.0,1869731612.0,0.005780787964770208
2016-11-25,209.95,209.95,205.08,209.34,7364092.0,150608225.0,1869731612.0,0.003938582389438683
2016-11-28,209.34,210.86,205.08,205.49,9694870.0,197670598.0,1869731612.0,0.005185166650538506
2016-11-29,205.79,210.66,204.98,209.24,9260803.0,189778552.0,1869731612.0,0.004953011940624984
2016-11-30,208.02,212.38,203.87,207.31,11319117.0,232183073.0,1869731612.0,0.0060538726132422045
2016-12-01,207.31,208.73,205.08,205.89,7016942.0,143382839.0,1869731612.0,0.0037529140305298534
2016-12-02,205.99,206.81,203.26,204.88,5449884.0,109905577.0,1869731612.0,0.0029147948106682596
2016-12-05,204.27,211.47,202.75,210.66,12884759.0,267003970.0,1869731612.0,0.006891234505158487
2016-12-06,209.85,218.16,209.85,216.03,13377654.0,284041487.0,1869731612.0,0.007154852554314089
2016-12-07,216.03,217.75,210.66,214.92,8481928.0,177778539.0,1869731612.0,0.004536441457994668
2016-12-08,213.7,216.84,212.08,215.83,4900757.0,104026881.0,1869731612.0,0.00262110185683698
2016-12-09,215.63,215.63,210.35,210.66,7789984.0,162768358.0,1869731612.0,0.004166364814074716
2016-12-12,210.56,210.56,202.65,203.16,8761441.0,176763974.0,1869731612.0,0.004685935106284121
2016-12-13,202.75,204.58,197.88,202.85,6944770.0,138283758.0,1869731612.0,0.003714313838108226
2016-12-14,204.47,204.47,199.91,201.03,4456285.0,88580178.0,1869731612.0,0.0023833821770993303
2016-12-15,198.8,203.76,196.67,199.1,6361872.0,125302892.0,1869731612.0,0.003402558933682938
2016-12-16,198.7,199.41,195.65,198.19,6894467.0,134386424.0,1869731612.0,0.003687409976785481
2016-12-19,199.2,199.51,194.64,195.96,5345344.0,103663859.0,1869731612.0,0.0028588830427283807
2016-12-20,194.84,196.16,192.61,194.13,4952645.0,94957349.0,1873848032.0,0.00264303450195688
2016-12-21,194.13,201.74,192.92,198.19,5633336.0,110611228.0,1873848032.0,0.003006292881705788
2016-12-22,197.18,201.84,196.67,198.19,5027657.0,98892981.0,1873848032.0,0.002683065496316619
2016-12-23,199.91,199.91,195.96,198.19,3254308.0,63437030.0,1873848032.0,0.0017366979309024352
2016-12-26,198.19,206.3,195.96,204.78,10269696.0,205773545.0,1873848032.0,0.005480538349227244
2016-12-27,204.78,211.16,203.36,208.22,7573374.0,156259067.0,1873848032.0,0.004041615899831945
2016-12-28,207.01,209.64,205.18,207.31,4120630.0,84282416.0,1873848032.0,0.0021990203739211227
2016-12-29,207.31,208.33,205.89,206.81,3398117.0,69550925.0,1873848032.0,0.0018134432152286722
2016-12-30,205.39,210.35,204.58,210.35,7493109.0,153625709.0,1873848032.0,0.003998781583158821
2017-01-03,209.85,210.05,193.12,197.68,18322037.0,361185895.0,1873848032.0,0.009777760355755467
2017-01-04,195.76,206.3,195.76,204.07,13091405.0,262524434.0,1873848032.0,0.006986374976217922
2017-01-05,202.75,204.27,199.81,201.84,6237974.0,124188531.0,1873848032.0,0.0033289647257798544
2017-01-06,201.33,203.05,198.19,200.11,4270297.0,84201642.0,1873848032.0,0.0022788918455901763
2017-01-09,198.29,202.14,198.29,199.81,3528861.0,69630147.0,1873848032.0,0.0018832162159028274
2017-01-10,200.01,204.47,199.71,202.24,3389856.0,67683457.0,1873848032.0,0.00180903464000863
2017-01-11,201.53,203.97,200.82,202.35,4161691.0,83011517.0,1873848032.0,0.0022209330366871503
2017-01-12,202.45,203.36,199.3,200.11,5037919.0,99826481.0,1873848032.0,0.0026885419276092073
2017-01-13,200.32,204.27,198.29,202.45,5214196.0,103958161.0,1873848032.0,0.0027826141239611474
2017-01-16,201.33,205.79,198.59,201.23,6623719.0,132554062.0,1873848032.0,0.0035348218675611363
2017-01-17,200.01,204.27,199.41,203.76,4624322.0,92472365.0,1873848032.0,0.002467821253927597
2017-01-18,203.66,204.58,201.03,202.95,4739312.0,94733671.0,1873848032.0,0.0025291869559676224
2017-01-19,202.95,203.56,199.91,200.52,3286544.0,65300420.0,1873848032.0,0.0017539010335284222
2017-01-20,200.01,202.14,199.71,201.23,2874656.0,56981619.0,1873848032.0,0.0015340923868473022
2017-01-23,201.23,206.4,199.81,205.08,4775540.0,95810280.0,1873848032.0,0.0025485204341266455
2017-01-24,204.78,205.79,202.85,205.18,2149715.0,43412720.0,1873848032.0,0.0011472194987474844
2017-01-25,203.97,206.5,203.26,203.87,2841800.0,57321985.0,1873848032.0,0.0015165584142737996
2017-01-26,203.05,207.62,203.05,206.2,2915704.0,59270554.0,1873848032.0,0.0015559981120176558
2017-02-03,208.33,213.7,207.01,212.99,7715170.0,160851715.0,1873848032.0,0.004117286924151168
2017-02-06,212.99,215.32,211.06,214.51,3892723.0,81944210.0,1873848032.0,0.0020773952495204266
2017-02-07,214.51,216.44,210.86,213.19,3900662.0,82039245.0,1873848032.0,0.0020816319858322427
2017-02-08,212.89,220.49,211.37,218.26,11982100.0,256987225.0,1873848032.0,0.006394381932461853
2017-02-09,218.97,220.9,216.84,218.26,4571040.0,98734800.0,1873848032.0,0.002439386717567073
2017-02-10,218.97,221.1,217.04,218.46,5038652.0,108966177.0,1873848032.0,0.0026889331012729637
2017-02-13,218.46,219.48,213.09,218.97,8195492.0,175469162.0,1873848032.0,0.004373616141781128
2017-02-14,219.07,224.04,216.94,221.91,6172123.0,135036472.0,1873848032.0,0.003293822601725261
2017-02-15,223.03,228.5,220.8,221.91,10158013.0,225746823.0,1873848032.0,0.00542093746479437
2017-02-16,222.11,224.34,220.9,222.01,4779459.0,105011965.0,1873848032.0,0.002550611852391667
2017-02-17,221.0,222.52,218.16,220.39,6168756.0,133638976.0,1873848032.0,0.003292025764445769
2017-02-20,219.58,224.44,219.58,224.04,7220562.0,158618544.0,1873848032.0,0.003853333822537003
2017-02-21,224.04,224.85,218.57,219.17,6496242.0,141338117.0,1873848032.0,0.003466792338045906
2017-02-22,220.8,224.14,213.9,219.27,11010233.0,236336104.0,1873848032.0,0.005875734217490695
2017-02-23,218.16,219.48,216.33,218.97,4417071.0,94864150.0,1873848032.0,0.002357219435391226
2017-02-24,218.36,219.98,216.03,218.67,3268855.0,70342010.0,1873848032.0,0.0017444611004613206
2017-02-27,218.57,223.33,216.94,219.78,4802171.0,104703984.0,1873848032.0,0.0025627323656948506
2017-02-28,222.82,224.65,220.9,222.42,10252941.0,225807167.0,1873848032.0,0.005471596855726239
2017-03-01,221.81,224.24,220.8,222.01,7247397.0,159072132.0,1873848032.0,0.0038676546209911646
2017-03-02,223.13,223.74,219.27,221.0,6096204.0,133243694.0,1873848032.0,0.003253307576651979
2017-03-03,221.51,226.47,220.49,225.05,9142145.0,202158667.0,1873848032.0,0.004878808123112515
2017-03-06,225.05,234.08,223.23,233.67,17849978.0,408005579.0,1873848032.0,0.00952584078066796
2017-03-07,233.97,234.99,230.63,232.15,7705667.0,176260407.0,1873848032.0,0.004112215541713683
2017-03-08,232.15,234.08,229.11,231.64,8354318.0,190596663.0,1873848032.0,0.004458375416432916
2017-03-09,230.63,233.47,230.02,232.56,5737344.0,131327090.0,1873848032.0,0.0030617979163851425
2017-03-10,233.16,233.67,231.03,232.45,5234851.0,120121039.0,1873848032.0,0.002793636896164267
2017-03-13,233.06,241.68,231.03,234.99,10479538.0,244878808.0,1873848032.0,0.005592522883947507
2017-03-14,235.9,238.03,233.77,236.81,6698852.0,156039963.0,1873848032.0,0.0035749174349267616
2017-03-15,235.49,235.6,232.35,233.16,5547446.0,127848469.0,1873848032.0,0.002960456720750768
2017-03-16,233.16,236.1,230.12,233.06,10068281.0,230356909.0,1873848032.0,0.005373050977487165
2017-03-17,235.7,235.7,229.72,229.72,8291619.0,189073210.0,1873848032.0,0.004424915392498595
2017-03-20,229.82,234.58,229.11,232.56,6334803.0,145532236.0,1873848032.0,0.003380638606663702
2017-03-21,232.76,234.38,231.34,233.77,7686563.0,176897950.0,1873848032.0,0.004102020478040559
2017-03-22,231.14,238.43,231.14,237.83,13117281.0,305218009.0,1873848032.0,0.007000183993575846
2017-03-23,237.22,248.27,237.22,247.05,21201735.0,512522204.0,1873848032.0,0.011314543462401757
2017-03-24,247.46,254.35,244.42,253.44,20077783.0,499121719.0,1873848032.0,0.010714733882966235
2017-03-27,253.84,255.47,245.43,246.44,10139353.0,248060935.0,1873848032.0,0.005410979346696563
2017-03-28,246.54,250.3,245.33,247.96,5178879.0,126882749.0,1873848032.0,0.0027637668111604903
2017-03-29,247.96,252.93,245.43,252.02,5369088.0,132228344.0,1873848032.0,0.0028652739754298283
2017-03-30,254.55,255.47,242.9,246.85,15058787.0,367606756.0,1873848032.0,0.008036290426351927
2017-03-31,248.27,256.48,246.44,256.48,8685100.0,215727656.0,1873848032.0,0.004634900937366942
2017-04-05,256.48,262.87,251.92,259.82,12802538.0,326501101.0,1873848032.0,0.006832217864719566
2017-04-06,257.39,265.1,252.02,257.49,11770085.0,298759436.0,1873848032.0,0.006281237751941669
2017-04-07,257.49,259.52,254.76,258.3,4156997.0,105482544.0,1873848032.0,0.002218428030987734
2017-04-10,259.01,261.24,253.24,255.97,6939392.0,175076732.0,1873848032.0,0.0037032843013386904
2017-04-11,256.07,257.39,246.34,252.42,7435460.0,183461930.0,1873848032.0,0.003968016548313135
2017-04-12,249.48,259.12,249.48,257.49,5257663.0,132615974.0,1873848032.0,0.0028058107755880176
2017-04-13,255.97,259.42,253.13,253.84,6456129.0,162697019.0,1873848032.0,0.003445385586102854
2017-04-14,252.32,254.55,250.9,251.41,3117978.0,77683976.0,1873848032.0,0.001663943898733406
2017-04-17,251.92,252.42,244.31,247.25,5514695.0,135003745.0,1873848032.0,0.002942978782603861
2017-04-18,246.75,250.19,244.31,245.94,7434343.0,181082548.0,1873848032.0,0.0039674204487464
2017-04-19,245.43,248.17,242.39,247.86,6067750.0,146777488.0,1873848032.0,0.0032381227807058367
2017-04-20,247.36,265.1,247.15,265.1,14903064.0,380404229.0,1873848032.0,0.007953187102421334
2017-04-21,261.75,265.81,258.71,261.95,9497930.0,244426151.0,1873848032.0,0.005068676775171916
2017-04-24,262.16,262.46,248.57,255.97,7285207.0,184080970.0,1873848032.0,0.003887832351177558
2017-04-25,256.07,271.48,253.95,269.46,11307502.0,295748059.0,1873848032.0,0.006034375150439094
2017-04-26,269.66,274.73,265.7,267.63,12930301.0,344243734.0,1873848032.0,0.006900400021339618
2017-04-27,265.0,273.21,258.91,268.64,10235272.0,269405513.0,1873848032.0,0.00546216759588325
2017-04-28,268.04,277.67,264.89,275.03,13344196.0,358780417.0,1873848032.0,0.007121279726060518
2017-05-02,275.74,277.77,270.17,273.31,7270137.0,195617342.0,1873848032.0,0.003879790076808107
2017-05-03,271.69,273.41,266.72,271.69,6905089.0,184600880.0,1873848032.0,0.003684978121000583
2017-05-04,269.05,276.75,266.92,272.9,7048540.0,189557109.0,1873848032.0,0.0037615323546151902
2017-05-05,270.98,278.68,267.53,270.57,11543402.0,311323846.0,1873848032.0,0.006160265828856713
2017-05-08,270.27,273.71,267.23,270.67,12021276.0,320006381.0,1873848032.0,0.006415288643855192
2017-05-09,269.46,274.52,261.55,274.32,13161852.0,351735628.0,1873848032.0,0.007023969807173776
2017-05-10,274.32,288.62,273.71,281.82,15871182.0,444157135.0,1873848032.0,0.008469834121532434
2017-05-11,278.88,286.08,276.75,281.62,13648306.0,376783299.0,1873848032.0,0.007283571435316907
2017-05-12,281.72,283.34,276.15,280.51,8339667.0,229982825.0,1873848032.0,0.004450556746108641
2017-05-15,283.85,293.99,281.01,293.99,10233508.0,292903420.0,1873848032.0,0.005461226217516448
2017-05-16,294.09,302.4,288.92,301.19,11757362.0,344286130.0,1873848032.0,0.006274447980421926
2017-05-17,301.08,301.19,292.16,293.99,11782261.0,342735383.0,1873848032.0,0.00628773561078191
2017-05-18,289.02,292.77,286.08,286.18,13551020.0,385188641.0,1873848032.0,0.007231653671262068
2017-05-19,286.28,288.72,280.91,286.28,8902843.0,249601754.0,1873848032.0,0.004751101929273206
2017-05-22,286.08,295.81,284.66,295.41,10503237.0,302566427.0,1873848032.0,0.0056051701208606865
2017-05-23,294.5,303.62,289.93,296.83,13865169.0,407968069.0,1873848032.0,0.00739930280536218
2017-05-24,294.09,298.04,284.97,292.97,9572580.0,275278137.0,1873848032.0,0.005108514584175202
2017-05-25,293.28,294.39,278.98,287.91,17049576.0,476894914.0,1873848032.0,0.009098697284327056
2017-05-26,283.95,285.37,269.76,279.8,25903446.0,708232047.0,1873848032.0,0.013823664223374972
2017-05-31,277.57,282.13,272.6,282.03,13726758.0,374934461.0,1873848032.0,0.007325438224224151
2017-06-01,281.32,286.89,276.25,281.11,11707158.0,325776235.0,1873848032.0,0.006247656053252455
2017-06-02,281.32,286.28,277.77,282.84,7631969.0,212304280.0,1873848032.0,0.0040728857781781955
2017-06-05,283.95,287.2,281.52,285.98,9220513.0,259205768.0,1873848032.0,0.004920630084478484
2017-06-06,285.98,290.14,283.45,285.57,8329001.0,235809901.0,1873848032.0,0.004444864715688962
2017-06-07,285.37,293.28,284.26,290.44,13990671.0,399132138.0,1873848032.0,0.0074662783539962115
2017-06-08,290.14,294.7,288.41,293.99,11041138.0,318077655.0,1873848032.0,0.005892227017051935
2017-06-09,293.99,297.64,282.84,290.44,15852359.0,451925632.0,1873848032.0,0.008459789016658103
2017-06-12,285.07,286.59,272.7,279.29,21452202.0,591347807.0,1873848032.0,0.011448207983602375
2017-06-13,277.77,283.85,275.03,283.14,10767672.0,297701526.0,1873848032.0,0.005746288821782107
2017-06-14,281.52,285.68,278.07,279.19,7342722.0,204092756.0,1873848032.0,0.003918525875421684
2017-06-15,277.36,281.22,276.25,278.98,4207820.0,115725169.0,1873848032.0,0.0022455502944435145
2017-06-16,277.77,285.07,276.75,283.75,5142648.0,142970223.0,1873848032.0,0.0027444317320178503
2017-06-19,285.37,286.39,282.33,285.37,5746188.0,160962067.0,1873848032.0,0.0030665176160880906
2017-06-20,286.89,290.95,280.81,283.85,7671216.0,217461660.0,1873848032.0,0.004093830379517137
2017-06-21,284.97,293.08,282.33,292.87,14186991.0,405051674.0,1873848032.0,0.007571046721893401
2017-06-22,293.48,302.61,292.47,295.0,15094362.0,443964646.0,1873848032.0,0.008055275423743647
2017-06-23,296.52,307.17,295.0,306.36,11495620.0,342177154.0,1873848032.0,0.006134766429127376
2017-06-26,308.59,308.59,301.29,304.13,11255173.0,337322058.0,1873848032.0,0.006006449193207574
2017-06-27,303.11,303.52,295.0,300.58,12298823.0,361583268.0,1873848032.0,0.00656340471050536
2017-06-28,300.07,300.07,291.15,292.97,14449061.0,418215583.0,1873848032.0,0.0077109033140634105
2017-06-29,293.99,294.29,287.09,290.95,15624476.0,447445899.0,1873848032.0,0.008338176700126342
2017-06-30,289.83,297.33,288.41,296.42,10359371.0,299396390.0,1873848032.0,0.005528394417845727
2017-07-03,296.32,297.84,284.16,286.39,14490682.0,412179600.0,1873848032.0,0.007733114827104613
2017-07-04,286.28,290.44,282.23,289.02,12122876.0,342211567.0,1873848032.0,0.006469508622351293
2017-07-05,288.51,293.99,286.39,293.99,9725618.0,279646361.0,1873848032.0,0.0051901850277685695
2017-07-06,294.29,298.11,291.24,296.58,12779049.0,247531348.0,2810772049.0,0.004546455129488873
2017-07-07,296.12,297.34,289.57,297.34,15235032.0,293314751.0,2810772049.0,0.00542023036176848
2017-07-10,297.34,297.34,290.18,290.18,8883984.0,170928078.0,2810772049.0,0.003160691740605821
2017-07-11,288.96,296.58,282.55,290.79,16900355.0,320358129.0,2810772049.0,0.006012709214897988
2017-07-12,287.58,301.92,287.58,301.61,25390607.0,493444794.0,2810772049.0,0.009033321292999667
2017-07-13,302.22,306.8,298.41,300.7,15087985.0,300126689.0,2810772049.0,0.00536791484224696
2017-07-14,297.95,304.97,291.7,304.2,12029661.0,234465129.0,2810772049.0,0.004279842260520501
2017-07-17,302.22,306.64,289.72,299.94,16316115.0,320656932.0,2810772049.0,0.005804851733104736
2017-07-18,299.78,301.16,294.45,298.26,9909934.0,193285910.0,2810772049.0,0.0035256982164475763
2017-07-19,298.87,319.76,295.97,316.56,27643291.0,560195293.0,2810772049.0,0.009834767999003964
2017-07-20,314.57,325.86,314.57,320.22,18951250.0,398863851.0,2810772049.0,0.006742364613573827
2017-07-21,318.39,330.58,317.17,320.37,14107225.0,299566957.0,2810772049.0,0.005018985799655645
2017-07-24,318.84,325.71,315.64,320.22,10223779.0,214550791.0,2810772049.0,0.003637356150470244
2017-07-25,321.74,330.58,320.83,321.59,12499873.0,266694930.0,2810772049.0,0.004447131529021406
2017-07-26,322.05,323.42,312.13,321.74,12223123.0,254182305.0,2810772049.0,0.004348671036610269
2017-07-27,321.13,323.27,313.35,320.06,10435316.0,218002726.0,2810772049.0,0.0037126155440860512
2017-07-28,317.17,323.42,314.88,319.76,5920103.0,124196847.0,2810772049.0,0.00210621953569882
2017-07-31,322.05,322.05,311.98,319.91,13405180.0,277590835.0,2810772049.0,0.004769216345654645
2017-08-01,315.79,319.15,311.83,313.81,11678891.0,240008617.0,2810772049.0,0.004155047366489591
2017-08-02,315.64,324.18,308.63,311.37,18120919.0,375967246.0,2810772049.0,0.006446954318635321
2017-08-03,312.44,314.73,298.56,301.92,20352170.0,404709967.0,2810772049.0,0.0072407757175615775
2017-08-04,300.09,307.25,294.6,304.66,13279768.0,260596060.0,2810772049.0,0.004724597999586839
2017-08-07,306.03,306.19,298.41,305.58,9543772.0,190075561.0,2810772049.0,0.003395427246900163
2017-08-08,304.2,304.2,296.73,298.11,18708109.0,366520326.0,2810772049.0,0.006655861334132685
2017-08-09,299.02,304.66,297.34,303.75,14172303.0,280384850.0,2810772049.0,0.005042138868942481
2017-08-10,302.99,311.37,300.09,309.24,19406336.0,391626966.0,2810772049.0,0.006904272442478668
2017-08-11,305.73,322.05,302.99,312.44,21030589.0,435632294.0,2810772049.0,0.007482139651802123
2017-08-14,315.03,334.85,314.12,328.45,32114141.0,689600559.0,2810772049.0,0.011425380799352043
2017-08-15,328.75,333.94,325.55,328.45,13661230.0,294869488.0,2810772049.0,0.004860312313430153
2017-08-16,327.84,333.79,327.23,333.79,11323230.0,246179454.0,2810772049.0,0.004028512381154677
2017-08-17,331.8,333.33,322.66,327.08,14469218.0,309962847.0,2810772049.0,0.00514777354682596
2017-08-18,325.55,332.57,319.76,322.5,11395239.0,241770780.0,2810772049.0,0.004054131320984969
2017-08-21,324.03,326.31,318.69,320.22,13082684.0,276039325.0,2810772049.0,0.004654480609572904
2017-08-22,321.44,324.18,317.17,318.69,9778381.0,205279091.0,2810772049.0,0.003478895061404533
2017-08-23,319.45,320.67,316.1,318.39,8205717.0,171134305.0,2810772049.0,0.002919381884034097
2017-08-24,319.45,323.11,316.71,320.22,7552415.0,158693130.0,2810772049.0,0.0026869539287922525
2017-08-25,318.69,318.69,306.03,307.25,39889349.0,808976661.0,2810772049.0,0.014191598715446029
2017-08-28,311.07,319.15,308.02,316.4,33337489.0,687901576.0,2810772049.0,0.011860616378286747
2017-08-29,320.22,323.57,311.68,312.13,23464858.0,489082140.0,2810772049.0,0.008348189604471194
2017-08-30,315.18,324.03,313.05,319.91,27188710.0,569915077.0,2810772049.0,0.0096730398360383
2017-09-01,324.94,329.52,320.67,326.31,26428255.0,562878332.0,2810772049.0,0.009402489614695895
2017-09-04,326.47,333.18,320.22,332.41,26853665.0,577249073.0,2810772049.0,0.00955383949031151
2017-09-05,333.33,333.33,327.53,329.36,14105312.0,305814664.0,2810772049.0,0.005018305203731589
2017-09-06,329.36,329.36,316.86,320.22,24399961.0,513500184.0,2810772049.0,0.008680875067290098
2017-09-07,320.52,328.45,317.17,324.94,26446840.0,561616896.0,2810772049.0,0.009409101677031797
2017-09-08,326.47,329.82,318.08,324.79,30613127.0,649512316.0,2810772049.0,0.010891358838896721
2017-09-11,324.79,325.71,320.22,321.74,22566998.0,476362921.0,2810772049.0,0.008028754237836097
2017-09-12,322.2,324.03,315.03,316.4,27659410.0,575875747.0,2810772049.0,0.009840502722318055
2017-09-13,318.54,320.22,310.91,317.93,18827484.0,388743157.0,2810772049.0,0.006698331871735502
2017-09-14,315.79,322.35,314.88,319.3,19183025.0,402343351.0,2810772049.0,0.006824824164173977
2017-09-15,320.22,322.35,315.64,316.86,10279493.0,214562856.0,2810772049.0,0.0036571777507383345
2017-09-18,315.49,319.61,313.96,316.56,10521424.0,218772389.0,2810772049.0,0.003743250543473723
2017-09-19,317.17,318.39,302.22,304.66,30381531.0,613457661.0,2810772049.0,0.010808962971867094
2017-09-20,301.61,311.83,299.63,308.47,23653090.0,477665512.0,2810772049.0,0.008415157681824522
2017-09-21,306.95,310.0,302.68,304.97,17954150.0,359400149.0,2810772049.0,0.006387622221584145
2017-09-22,304.81,307.71,302.68,305.73,8969679.0,179371460.0,2810772049.0,0.003191179805274917
2017-09-25,306.49,306.49,294.29,296.73,18385610.0,359198305.0,2810772049.0,0.006541124530728532
2017-09-26,297.34,298.41,289.87,292.62,14354558.0,276213455.0,2810772049.0,0.005106980484279037
2017-09-27,294.14,310.3,293.99,308.47,22310854.0,445868438.0,2810772049.0,0.007937624827291713
2017-09-28,309.54,317.93,308.78,315.64,21036269.0,433944469.0,2810772049.0,0.007484160448900209
2017-09-29,314.27,318.84,309.85,315.03,11282484.0,232963399.0,2810772049.0,0.004014016008169007
2017-10-09,317.17,318.39,308.93,316.1,16339880.0,337538936.0,2810772049.0,0.005813306705470231
2017-10-10,313.35,317.17,303.44,308.63,12147402.0,246774521.0,2810772049.0,0.004321731463183481
2017-10-11,308.63,308.78,303.59,306.34,14609036.0,292807280.0,2810772049.0,0.0051975171751112
2017-10-12,308.02,314.27,307.25,311.07,9014836.0,183831278.0,2810772049.0,0.0032072454979788366
2017-10-13,311.22,326.31,309.08,324.94,39486868.0,832280408.0,2810772049.0,0.014048406385017385
2017-10-16,325.1,339.12,323.27,335.46,36191583.0,793439637.0,2810772049.0,0.012876029208016363
2017-10-17,340.04,340.04,330.13,335.31,17011905.0,374619918.0,2810772049.0,0.006052395819878882
2017-10-18,336.23,350.71,336.23,350.25,23522303.0,533830475.0,2810772049.0,0.00836862704977041
2017-10-19,350.25,357.57,343.24,346.14,17875127.0,410193668.0,2810772049.0,0.006359507881957026
2017-10-20,336.53,339.43,330.28,339.28,20002396.0,439915866.0,2810772049.0,0.0071163351745711055
2017-10-23,339.73,344.61,331.19,341.72,17377694.0,385401292.0,2810772049.0,0.006182534085673199
2017-10-24,339.58,359.1,338.06,355.9,21921884.0,508836798.0,3161917087.0,0.0069330989386566415
2017-10-25,356.51,369.01,351.78,354.22,22883878.0,536872707.0,3161917087.0,0.007237342843076264
2017-10-26,354.83,373.43,354.83,369.01,28715988.0,689121913.0,3161917087.0,0.00908182827375954
2017-10-27,365.96,382.73,365.35,375.26,22211678.0,547835034.0,3161917087.0,0.007024750298267388
2017-10-30,382.73,394.02,369.77,379.99,31986877.0,799461534.0,3161917087.0,0.010116292148048978
2017-10-31,380.75,383.65,366.42,376.02,20185539.0,493783224.0,3161917087.0,0.006383955823190755
2017-11-01,378.16,382.73,366.11,367.79,17841987.0,435630960.0,3161917087.0,0.005642775097853159
2017-11-02,369.62,369.62,357.57,365.96,24215672.0,574711811.0,3161917087.0,0.007658541110885239
2017-11-03,368.4,379.38,366.72,376.48,24705680.0,605771198.0,3161917087.0,0.007813512916444162
2017-11-06,375.11,383.5,369.77,380.45,30309899.0,748180523.0,3161917087.0,0.00958592466722705
2017-11-07,378.92,381.82,371.76,379.07,23507369.0,580207118.0,3161917087.0,0.007434530493114097
2017-11-08,379.07,390.97,370.69,372.06,26729204.0,668689584.0,3161917087.0,0.008453480361612024
2017-11-09,369.01,383.95,362.61,382.28,24098469.0,591586553.0,3161917087.0,0.007621474041517143
2017-11-10,379.68,397.52,378.16,392.95,35039644.0,897002663.0,3161917087.0,0.011081771923768347
2017-11-13,394.02,403.62,388.53,393.26,25148512.0,653726311.0,3161917087.0,0.007953564659679516
2017-11-14,393.41,400.88,382.73,387.0,21862004.0,561331967.0,3161917087.0,0.006914161060669204
2017-11-15,386.24,392.65,371.3,380.45,21163704.0,528287732.0,3161917087.0,0.006693314029964
2017-11-16,380.45,390.66,375.87,390.05,16289160.0,410403716.0,3161917087.0,0.005151672087472419
2017-11-17,391.58,393.26,379.99,380.9,16239062.0,411643598.0,3161917087.0,0.005135827902245054
2017-11-20,376.48,401.03,368.55,399.51,24166234.0,614270980.0,3161917087.0,0.007642905659783988
2017-11-21,396.91,425.43,395.39,422.38,32328021.0,875434965.0,3161917087.0,0.010224183655199053
2017-11-22,422.53,428.17,408.81,419.33,20003939.0,547818311.0,3161917087.0,0.006326522312126649
2017-11-23,413.54,416.13,385.78,393.56,24300685.0,635641778.0,3161917087.0,0.007685427647647865
2017-11-24,391.27,398.74,384.26,385.48,19123336.0,489317195.0,3161917087.0,0.006048019436886645
2017-11-27,384.26,384.26,356.81,367.49,23862763.0,576912797.0,3161917087.0,0.0075469287598052695
2017-11-28,368.86,375.87,366.88,374.8,14829183.0,361550239.0,3161917087.0,0.004689934173469995
2017-11-29,376.94,383.8,360.32,369.47,16614714.0,402510725.0,3161917087.0,0.005254633041552617
2017-11-30,365.96,366.42,350.86,358.95,23562669.0,555675452.0,3161917087.0,0.007452019882771835
2017-12-01,359.1,374.65,355.74,361.39,24717993.0,590225988.0,3161917087.0,0.0078174070729515
2017-12-04,364.28,382.58,362.91,377.55,23370471.0,574312729.0,3161917087.0,0.007391234607664461
2017-12-05,387.46,394.17,369.32,375.11,30216593.0,751328602.0,3161917087.0,0.00955641535454342
2017-12-06,378.92,379.38,365.96,375.26,25869816.0,633455727.0,3161917087.0,0.008181687023471277
2017-12-07,374.96,376.18,364.59,372.82,14860436.0,361799504.0,3161917087.0,0.00469981836686915
2017-12-08,375.11,394.93,371.3,394.63,25275101.0,639881239.0,3161917087.0,0.007993600181332015
2017-12-11,394.48,406.37,388.53,403.32,29568817.0,774775499.0,3161917087.0,0.009351547237456072
2017-12-12,400.57,403.01,393.26,394.93,21906035.0,570041868.0,3161917087.0,0.006928086473255457
2017-12-13,391.88,399.35,378.77,392.65,31744610.0,804256295.0,3161917087.0,0.010039671859365235
2017-12-14,390.66,390.66,372.52,372.97,27390779.0,679005549.0,3161917087.0,0.008662712603254293
2017-12-15,373.13,381.21,367.18,371.76,17593403.0,430719974.0,3161917087.0,0.0055641569705714424
2017-12-18,374.35,375.87,367.49,371.15,12651122.0,308646743.0,3161917087.0,0.004001092265200185
2017-12-19,373.28,379.53,369.77,374.35,19842154.0,487664158.0,3161917087.0,0.006275355568803377
2017-12-20,374.5,375.87,359.56,365.66,25292863.0,604538989.0,3161917087.0,0.007999217659435103
2017-12-21,359.71,372.06,354.98,369.01,28381819.0,677539876.0,3161917087.0,0.008976142706805898
2017-12-22,369.16,374.04,361.39,363.22,22050957.0,530399144.0,3161917087.0,0.0069739200596565165
2017-12-25,360.32,360.62,340.04,347.51,44451422.0,1009341338.0,3161917087.0,0.014058376857115862
2017-12-26,348.88,354.52,343.09,352.39,25403131.0,586372954.0,3161917087.0,0.008034091439159865
2017-12-27,347.66,350.71,341.72,343.7,20671913.0,468928602.0,3161917087.0,0.006537778326000741
2017-12-28,340.5,349.95,340.5,349.19,14025112.0,319555844.0,3161917087.0,0.004435635601472051
2017-12-29,352.69,361.08,351.02,357.42,13735787.0,320281472.0,3161917087.0,0.004344132569596377
2018-01-02,357.42,358.49,344.61,351.47,22820910.0,522169686.0,3161917087.0,0.007217428342389675
2018-01-03,352.24,369.32,348.43,365.66,33834120.0,806547181.0,3161917087.0,0.010700508289450919
2018-01-04,364.13,375.11,360.93,370.54,24186408.0,587079241.0,3161917087.0,0.007649285966238874
2018-01-05,370.54,379.38,363.67,363.67,21144818.0,515578120.0,3161917087.0,0.006687341071318863
2018-01-08,363.67,366.57,353.76,358.34,20463006.0,479939488.0,3161917087.0,0.00647170859860058
2018-01-09,359.1,370.54,356.96,367.49,13386718.0,319005857.0,3161917087.0,0.004233734671613798
2018-01-10,365.96,365.96,351.32,355.29,29198236.0,678629282.0,3161917087.0,0.009234345872017484
2018-01-11,353.3,359.86,344.61,356.2,19955106.0,462508726.0,3161917087.0,0.006311078200641002
2018-01-12,351.78,358.34,351.47,355.13,8719212.0,203640117.0,3161917087.0,0.002757571359428882
2018-01-15,356.51,357.57,338.06,342.33,18862488.0,429961834.0,3161917087.0,0.005965522650025136
2018-01-16,340.04,342.94,321.13,328.6,46484378.0,1009629254.0,3161917087.0,0.01470132730270419
2018-01-17,327.08,342.94,320.06,335.77,33016590.0,718109169.0,3161917087.0,0.010441953122599384
2018-01-18,336.99,350.41,330.28,345.83,30286312.0,686834377.0,3161917087.0,0.009578464952329092
2018-01-19,344.16,358.34,343.09,353.0,24676474.0,571651811.0,3161917087.0,0.007804276115099789
2018-01-22,350.71,359.4,339.73,350.71,41613674.0,950179515.0,3161917087.0,0.013160899813310001
2018-01-23,351.47,352.69,340.34,345.38,28954451.0,656763851.0,3161917087.0,0.00915724549484368
2018-01-24,343.09,346.75,333.18,343.39,29903186.0,666642724.0,3161917087.0,0.009457296057175203
2018-01-25,340.5,350.41,338.51,347.66,17525790.0,397284946.0,3161917087.0,0.0055427734244063685
2018-01-26,345.07,348.73,333.63,335.46,20227295.0,448834316.0,3161917087.0,0.006397161735569571
2018-01-29,334.24,335.77,320.98,330.58,37226199.0,800206154.0,3161917087.0,0.01177330017698848
2018-01-30,327.69,332.11,323.88,330.13,16154616.0,347042692.0,3161917087.0,0.005109120687072589
2018-01-31,326.16,333.18,322.5,331.65,19443064.0,417283967.0,3161917087.0,0.006149137837908145
2018-02-01,332.11,338.51,326.62,331.65,17665719.0,386249925.0,3161917087.0,0.005587027905516993
2018-02-02,338.36,353.3,333.63,347.21,37705910.0,856066833.0,3161917087.0,0.011925015413916197
2018-02-05,342.33,355.44,337.45,352.24,20475275.0,466833942.0,3161917087.0,0.00647558883949951
2018-02-06,345.99,353.15,340.19,341.56,23376996.0,527730107.0,3161917087.0,0.007393298229138543
2018-02-07,350.71,352.24,339.73,346.9,25719065.0,586826337.0,3161917087.0,0.008134009935220038
2018-02-08,347.36,355.44,342.17,348.27,20994313.0,481851653.0,3161917087.0,0.006639741783969176
2018-02-09,340.04,346.9,332.57,346.75,21626814.0,483544770.0,3161917087.0,0.006839778971092293
2018-02-12,346.14,363.22,345.38,362.15,23417332.0,549549522.0,3161917087.0,0.007406055046882385
2018-02-13,364.59,374.96,360.01,361.39,16833252.0,405144634.0,3161917087.0,0.005323748705874905
2018-02-14,367.18,370.54,358.34,368.1,9282924.0,223115295.0,3161917087.0,0.002935853074125849
2018-02-22,373.58,381.06,363.06,378.92,17844564.0,438842182.0,3161917087.0,0.005643590109736486
2018-02-23,379.53,380.6,365.2,369.01,14429287.0,351148585.0,3161917087.0,0.004563461533929843
2018-02-26,374.19,394.32,369.16,387.31,26515783.0,665869776.0,3161917087.0,0.008385983019294775
2018-02-27,391.88,391.88,379.84,382.43,15201312.0,384209719.0,3161917087.0,0.004807625115313468
2018-02-28,375.72,377.24,366.27,373.43,27928530.0,680521374.0,3161917087.0,0.008832783792726947
2018-03-01,372.06,387.0,370.38,386.85,26039291.0,650781967.0,3161917087.0,0.008235285835627605
2018-03-02,381.21,384.26,372.06,379.53,18439248.0,455276889.0,3161917087.0,0.0058316671476970955
2018-03-05,378.01,382.12,367.79,375.26,14857716.0,362911214.0,3161917087.0,0.0046989581292584985
2018-03-06,374.35,382.12,373.89,381.82,16351753.0,406862928.0,3161917087.0,0.005171467989223716
2018-03-07,382.28,382.43,370.69,371.76,12834785.0,315212319.0,3161917087.0,0.004059178228540311
2018-03-08,370.84,374.8,368.25,373.74,10722532.0,261199439.0,3161917087.0,0.003391149010227035
2018-03-09,374.5,388.83,372.06,385.48,21457800.0,539292415.0,3161917087.0,0.006786325956560416
2018-03-12,389.29,401.18,389.29,393.71,26006169.0,675281030.0,3161917087.0,0.008224810545134955
2018-03-13,396.46,396.46,385.02,385.78,14820993.0,378778415.0,3161917087.0,0.004687343972723216
2018-03-14,383.5,388.53,381.51,385.78,11274159.0,284873101.0,3161917087.0,0.003565608676569323
2018-03-15,386.55,394.78,384.56,390.66,13941218.0,358104837.0,3161917087.0,0.0044091029639323365
2018-03-16,393.26,397.22,386.55,390.66,13227294.0,341152634.0,3161917087.0,0.004183314627187123
2018-03-19,388.83,393.41,384.87,390.36,9633146.0,246368598.0,3161917087.0,0.003046615624301473
2018-03-20,389.75,391.73,378.77,388.83,9182166.0,232318457.0,3161917087.0,0.0029039869634000935
2018-03-21,390.36,395.7,386.39,387.31,10542260.0,271081843.0,3161917087.0,0.003334135497525777
2018-03-22,387.31,389.14,372.82,376.33,15437511.0,384507497.0,3161917087.0,0.004882326315092272
2018-03-23,359.86,366.72,352.39,363.83,28031221.0,662967952.0,3161917087.0,0.008865261241431154
2018-03-26,357.57,367.49,346.9,363.67,18988909.0,448997529.0,3161917087.0,0.006005505039354626
2018-03-27,369.16,379.38,369.16,378.01,15617178.0,385172531.0,3161917087.0,0.004939148488177925
2018-03-28,373.13,387.0,372.21,378.92,17000140.0,425608799.0,3161917087.0,0.005376529343509633
2018-03-29,376.02,382.89,366.27,371.3,9555154.0,233719007.0,3161917087.0,0.0030219495758713423
2018-03-30,373.58,378.46,367.49,368.71,15786371.0,384063187.0,3161917087.0,0.004992658113934915
2018-04-02,358.34,368.55,352.54,358.34,22969990.0,543972714.0,3161917087.0,0.007264576953785253
2018-04-03,358.34,365.35,355.13,363.67,9769659.0,231381885.0,3161917087.0,0.003089789748177543
2018-04-04,364.44,369.47,357.27,365.2,11444575.0,274314134.0,3161917087.0,0.0036195050929872788
2018-04-09,363.67,365.5,355.9,356.51,12064665.0,283482290.0,3161917087.0,0.003815617129747969
2018-04-10,356.66,365.81,356.66,363.67,9842996.0,233798303.0,3161917087.0,0.0031129835884909146
2018-04-11,367.49,370.38,363.06,364.44,8002826.0,192772367.0,3161917087.0,0.0025310043811404975
2018-04-12,367.64,369.01,361.84,364.74,8296601.0,198776399.0,3161917087.0,0.0026239147870483043
2018-04-13,367.64,368.71,361.84,361.84,6941348.0,165953307.0,3161917087.0,0.002195297286111285
2018-04-16,360.01,362.76,357.27,359.1,6493650.0,153241155.0,3161917087.0,0.002053706603091582
2018-04-17,359.25,362.45,345.38,346.29,15213987.0,349789675.0,3161917087.0,0.00481163375932634
2018-04-18,346.44,350.41,330.74,336.84,21343437.0,472598159.0,3161917087.0,0.006750157076462265
2018-04-19,339.73,345.83,333.79,340.65,10917089.0,243190585.0,3161917087.0,0.0034526803517033527
2018-04-20,335.46,343.85,333.94,340.8,16653523.0,372070416.0,3161917087.0,0.00526690692443195
2018-04-23,340.04,340.04,306.8,307.1,42521987.0,869659420.0,3161917087.0,0.01344816635920852
2018-04-24,305.73,316.4,303.44,310.3,19497050.0,397453047.0,3161917087.0,0.006166211656896618
2018-04-25,307.56,333.33,306.95,331.04,25231293.0,527749776.0,3161917087.0,0.007979745295579283
2018-04-26,330.89,330.89,308.17,313.35,27821202.0,575156565.0,3161917087.0,0.008798839828654875
2018-04-27,315.95,323.27,309.54,319.0,17586830.0,365600099.0,3161917087.0,0.005562078168433643
2018-05-02,324.33,333.48,319.45,324.33,17632218.0,377242374.0,3161917087.0,0.0055764327510337405
2018-05-03,329.36,332.26,321.89,330.43,12243493.0,263551355.0,3161917087.0,0.0038721739574823963
2018-05-04,330.43,341.26,329.67,330.74,15268232.0,336371151.0,3161917087.0,0.004828789490646122
2018-05-07,333.63,339.73,328.14,331.65,19296871.0,420908336.0,3161917087.0,0.006102902280182403
2018-05-08,333.94,345.99,328.75,342.48,18481296.0,412222704.0,3161917087.0,0.005844965409113525
2018-05-09,344.16,353.76,341.72,352.24,19345112.0,445189815.0,3161917087.0,0.0061181591634822015
2018-05-10,352.24,365.2,352.24,361.23,19362669.0,457833320.0,3161917087.0,0.006123711807500662
2018-05-11,362.15,363.83,351.63,352.24,12209432.0,285155152.0,3161917087.0,0.0038614016952557744
2018-05-14,353.76,367.49,353.61,367.33,19713304.0,471264615.0,3161917087.0,0.006234604974637022
2018-05-15,369.01,370.99,356.2,364.44,13614515.0,322066268.0,3161917087.0,0.004305778622714404
2018-05-16,360.17,362.91,350.86,354.22,14192890.0,330910732.0,3161917087.0,0.004488697713913204
2018-05-17,354.68,360.17,347.97,347.97,11346947.0,261958908.0,3161917087.0,0.0035886288880414277
2018-05-18,345.53,352.08,343.55,349.64,10912808.0,248975116.0,3161917087.0,0.003451326426258058
2018-05-21,354.52,369.01,354.52,365.81,17635262.0,421958103.0,3161917087.0,0.005577395458124484
2018-05-22,365.35,369.47,363.06,367.18,10361855.0,249385532.0,3161917087.0,0.0032770799217354683
2018-05-23,369.93,369.93,361.54,362.91,6906077.0,165443959.0,3161917087.0,0.0021841423446534542
2018-05-24,360.47,364.28,350.71,351.93,11480754.0,267021304.0,3161917087.0,0.00363094720200043
2018-05-25,353.15,357.57,347.05,349.19,9625836.0,222496178.0,3161917087.0,0.0030443037357228463
2018-05-28,353.76,368.25,351.47,361.08,16123273.0,383429288.0,3161917087.0,0.005099208029928965
2018-05-29,361.08,367.49,359.86,360.17,13499405.0,322482064.0,3161917087.0,0.00426937349353715
2018-05-30,348.88,356.81,337.14,350.56,11742929.0,267945677.0,3161917087.0,0.003713863670960958
2018-05-31,353.76,356.66,343.24,354.37,12812964.0,293472438.0,3161917087.0,0.004052277035561622
2018-06-01,353.0,353.0,343.24,344.61,13378588.0,303708084.0,3161917087.0,0.004231163446696665
2018-06-04,348.43,356.2,345.53,356.2,10688635.0,247052563.0,3161917087.0,0.0033804286152681142
2018-06-05,358.34,375.57,358.03,374.35,37120447.0,903055935.0,3161917087.0,0.011739854644708461
2018-06-06,371.3,378.16,370.38,374.5,36672434.0,901470289.0,3161917087.0,0.011598164338583114
2018-06-07,373.74,379.99,365.5,365.96,25574473.0,626825332.0,3161917087.0,0.008088280715882036
2018-06-08,362.91,379.23,362.91,378.01,30886674.0,761224348.0,3161917087.0,0.009768337736301938
2018-06-11,376.94,393.1,373.74,391.88,32120030.0,814403416.0,3161917087.0,0.010158403625464833
2018-06-12,389.6,395.7,383.95,389.29,17651485.0,451261527.0,3161917087.0,0.005582526206197133
2018-06-13,389.29,392.34,378.31,385.78,17216871.0,435697291.0,3161917087.0,0.005445073519095727
2018-06-14,377.4,387.0,370.54,378.16,19795537.0,492293587.0,3161917087.0,0.006260612297959349
2018-06-15,378.62,383.5,370.23,376.48,11905096.0,294591143.0,3161917087.0,0.0037651512270663154
2018-06-19,365.96,378.77,359.25,365.35,26548379.0,639411790.0,3161917087.0,0.00839629195501419
2018-06-20,360.62,373.13,360.62,369.47,12266438.0,297416554.0,3161917087.0,0.0038794306310031335
2018-06-21,372.06,372.82,344.61,347.36,27885099.0,646592286.0,3161917087.0,0.00881904813843716
2018-06-22,340.04,356.81,332.41,347.66,16507396.0,374781962.0,3161917087.0,0.005220692240118819
2018-06-25,350.71,353.76,330.89,335.31,16500248.0,367123184.0,3161917087.0,0.005218431586280238
2018-06-26,329.36,342.63,325.55,330.89,15860364.0,344420281.0,3161917087.0,0.005016059423319091
2018-06-27,335.01,337.75,314.88,316.4,23048051.0,488442935.0,3161917087.0,0.007289264824419477
2018-06-28,321.28,333.18,319.15,324.49,27956493.0,597288378.0,3161917087.0,0.008841627478133806
2018-06-29,325.71,353.15,325.71,343.7,19081839.0,422051563.0,3161917087.0,0.006034895436839138
2018-07-02,343.55,344.46,323.72,327.99,20417349.0,443607648.0,3161917087.0,0.0064572689410309
2018-07-03,327.69,334.7,313.35,327.99,22533005.0,479058969.0,3161917087.0,0.007126374405148974
2018-07-04,326.31,330.13,320.06,323.27,13303476.0,283018541.0,3161917087.0,0.004207408238089578
2018-07-05,322.66,328.3,320.22,322.81,12055984.0,256109543.0,3161917087.0,0.0038128716434619146
2018-07-06,320.98,335.01,320.98,327.08,20354815.0,439954853.0,3161917087.0,0.0064374916988454225
2018-07-09,333.94,347.66,333.63,342.33,25817578.0,579440896.0,3161917086.0,0.008165166036235525
2018-07-10,343.85,349.19,335.77,342.33,12656750.0,284958107.0,3161917086.0,0.004002872199287012
2018-07-11,326.47,342.33,323.27,339.89,14084505.0,308516161.0,3161917086.0,0.004454419460384294
2018-07-12,339.73,372.06,339.12,362.76,31827955.0,754199150.0,3161917086.0,0.010066030871247205
2018-07-13,363.83,378.31,359.4,372.06,20934488.0,510063455.0,3161917086.0,0.006620821302586174
2018-07-16,372.67,382.73,367.64,373.89,16702310.0,412001248.0,3161917086.0,0.005282336489452147
2018-07-17,375.97,382.92,370.8,376.96,18186397.0,344070877.0,4110492212.0000005,0.004424384249386822
2018-07-18,375.57,376.17,366.03,368.22,16727304.0,311711972.0,4110492212.0000005,0.004069416297923398
2018-07-19,373.39,374.78,360.27,365.04,12813460.0,235437214.0,4110492212.0000005,0.003117256848849614
2018-07-20,367.03,374.78,361.46,368.82,15272593.0,283501031.0,4110492212.0000005,0.003715514398838617
2018-07-23,373.98,389.48,370.8,383.92,33500196.0,641520385.0,4110492212.0000005,0.008149923238438677
2018-07-24,380.34,389.08,377.76,381.14,23451794.0,450968639.0,4110492212.0000005,0.005705349332991267
2018-07-25,384.51,390.28,379.94,387.1,20915887.0,406364632.0,4110492212.0000005,0.005088414214467802
2018-07-26,387.89,389.48,368.62,371.4,22679358.0,429013284.0,4110492212.0000005,0.005517431205389667
2018-07-27,368.62,379.15,368.02,372.79,10642708.0,200051639.0,4110492212.0000005,0.0025891565902813585
2018-07-30,376.56,376.76,360.67,364.64,13221482.0,243187052.0,4110492212.0000005,0.0032165203868776966
2018-07-31,367.62,370.4,355.3,358.68,15486575.0,281032456.0,4110492212.0000005,0.0037675719114098147
2018-08-01,366.63,374.58,352.72,356.1,28327888.0,520398659.0,4110492212.0000005,0.006891604834404196
2018-08-02,360.27,368.22,349.34,365.64,31988483.0,578117574.0,4110492212.0000005,0.0077821539003563
2018-08-03,366.03,370.01,345.57,351.73,20635558.0,368232729.0,4110492212.0000005,0.005020215812538802
2018-08-06,350.14,352.92,335.43,336.03,13604630.0,234847543.0,4110492212.0000005,0.0033097325814857906
2018-08-07,338.81,359.48,338.81,358.68,18365962.0,322564898.0,4110492212.0000005,0.004468068798764093
2018-08-08,355.3,363.45,348.55,348.55,10917942.0,195238471.0,4110492212.0000005,0.0026561154812863074
2018-08-09,346.76,369.81,346.76,369.61,23535803.0,430175937.0,4110492212.0000005,0.005725787031365867
2018-08-10,368.62,372.39,360.67,368.02,14079361.0,259615965.0,4110492212.0000005,0.0034252250761836497
2018-08-13,365.04,377.56,360.07,377.36,21599166.0,403771505.0,4110492212.0000005,0.005254642238937782
2018-08-14,373.78,377.16,362.06,366.23,18966720.0,350552044.0,4110492212.0000005,0.004614221125302061
2018-08-15,364.24,366.03,348.55,352.92,17400667.0,311681506.0,4110492212.0000005,0.004233231959228925
2018-08-16,343.18,359.28,341.79,347.55,17300513.0,303855328.0,4110492212.0000005,0.004208866507396268
2018-08-17,352.32,353.51,325.1,326.29,34607666.0,584143418.0,4110492212.0000005,0.008419348393111613
2018-08-20,326.29,336.82,310.0,324.3,37770660.0,611889408.0,4110492212.0000005,0.0091888411538
2018-08-21,327.88,340.99,327.48,338.41,23864593.0,401827072.0,4110492212.0000005,0.005805775018945589
2018-08-22,338.61,340.2,315.56,334.83,32088508.0,527914763.0,4110492212.0000005,0.007806487969086072
2018-08-23,331.85,336.23,325.5,330.86,25233980.0,422263018.0,4110492212.0000005,0.0061389193066302295
2018-08-24,342.78,350.33,336.42,349.14,36035479.0,626253697.0,4110492212.0000005,0.008766706550324927
2018-08-27,353.51,369.61,349.14,368.62,28834045.0,524717535.0,4110492212.0000005,0.007014742642212795
2018-08-28,364.05,370.6,360.47,369.61,18173975.0,334318065.0,4110492212.0000005,0.004421362226874838
2018-08-29,367.42,372.79,362.65,368.42,10692807.0,198060452.0,4110492212.0000005,0.0026013446683547685
2018-08-30,367.62,380.14,367.62,370.8,24291922.0,459312192.0,4110492212.0000005,0.005909735561372229
2018-08-31,367.62,378.35,361.66,369.61,19840853.0,367023137.0,4110492212.0000005,0.00482688008557161
2018-09-03,360.47,371.0,344.77,353.12,37643039.0,668625059.0,4110492212.0000005,0.009157793533851365
2018-09-04,345.96,372.59,344.77,372.59,33787915.0,619930699.0,4110492212.0000005,0.00821991947858725
2018-09-05,372.39,372.59,360.07,361.66,18782485.0,344880716.0,4110492212.0000005,0.004569400458944355
2018-09-06,351.92,366.83,351.92,359.08,14913494.0,269448253.0,4110492212.0000005,0.0036281528417599633
2018-09-07,361.66,368.82,352.92,355.3,14426989.0,260561711.0,4110492212.0000005,0.003509795969904151
2018-09-10,347.95,347.95,319.73,319.73,81121541.0,1322278857.0,4110492212.0000005,0.019735237732157025
2018-09-11,320.73,328.87,314.37,322.71,29757051.0,481119104.0,4110492212.0000005,0.007239291419438407
2018-09-12,325.5,329.47,315.56,317.94,20026810.0,324414222.0,4110492212.0000005,0.00487211967986086
2018-09-13,331.06,333.84,309.2,320.53,39516197.0,635484222.0,4110492212.0000005,0.009613495163581154
2018-09-14,321.12,323.51,300.06,316.95,46076212.0,718191059.0,4110492212.0000005,0.011209414742469774
2018-09-17,310.0,312.18,292.51,297.68,39781931.0,602159846.0,4110492212.0000005,0.009678142895846458
2018-09-18,290.12,300.66,286.55,300.06,33676992.0,499438339.0,4110492212.0000005,0.008192934145863306
2018-09-19,299.66,301.85,279.79,293.5,59391503.0,871132734.0,4110492212.0000005,0.014448756970421915
2018-09-20,298.07,305.62,294.89,301.45,33818241.0,510495222.0,4110492212.0000005,0.008227297183843928
2018-09-21,300.26,305.03,289.73,303.24,34010548.0,509511176.0,4110492212.0000005,0.008274081605290728
2018-09-25,299.66,312.18,299.07,309.6,26767558.0,414662156.0,4110492212.0000005,0.006512007959011795
2018-09-26,312.18,316.95,307.01,310.59,23231820.0,364379747.0,4110492212.0000005,0.005651834087455023
2018-09-27,312.18,314.76,296.09,302.84,31915502.0,486940840.0,4110492212.0000005,0.007764399092358625
2018-09-28,302.84,308.41,295.69,306.42,23876026.0,363075004.0,4110492212.0000005,0.0058085564376687835
2018-10-08,296.28,296.28,279.79,280.39,32974428.0,475601452.0,4110492212.0000005,0.00802201446915185
2018-10-09,293.5,302.25,288.93,296.68,46758128.0,695080285.0,4110492212.0000005,0.011375311176480583
2018-10-10,298.07,301.05,292.71,297.08,20325585.0,303878792.0,4110492212.0000005,0.004944805622222645
2018-10-11,283.77,294.1,280.78,291.71,27162519.0,394176250.0,4110492212.0000005,0.006608094018692669
2018-10-12,290.12,301.65,282.37,301.65,21583213.0,317909055.0,4110492212.0000005,0.005250761195214252
2018-10-15,303.44,314.96,302.05,305.03,31794045.0,493684742.0,4110492212.0000005,0.007734851049512217
2018-10-16,304.03,304.43,296.28,297.87,13632997.0,205585916.0,4110492212.0000005,0.003316633701482366
2018-10-17,304.03,306.02,288.34,300.26,19395628.0,291171299.0,4110492212.0000005,0.0047185658066392164
2018-10-18,296.09,311.39,292.71,301.45,29913007.0,457611924.0,4110492212.0000005,0.007277232374427863
2018-10-19,298.07,320.33,295.29,320.33,39858302.0,625195725.0,4110492212.0000005,0.009696722422594386
2018-10-22,332.45,352.32,331.85,352.32,63467843.0,1098369102.0,4110492212.0000005,0.015440448424817498
2018-10-23,351.92,353.91,338.21,339.8,31886299.0,556254691.0,4110492212.0000005,0.007757294590392961
2018-10-24,340.4,345.37,331.66,334.44,26321705.0,447567954.0,4110492212.0000005,0.0064035409003227175
2018-10-25,322.71,349.14,319.53,341.59,30169921.0,505774648.0,4110492212.0000005,0.00733973437826331
2018-10-26,343.78,343.78,321.52,327.68,27994880.0,467448021.0,4110492212.0000005,0.006810590692344072
2018-10-29,329.27,329.47,315.96,321.72,25281758.0,409112443.0,4110492212.0000005,0.006150542732131564
2018-10-30,321.52,332.05,308.01,327.68,29622815.0,480187176.0,4110492212.0000005,0.007206634503167378
2018-10-31,322.51,331.46,321.92,329.87,19468051.0,320655850.0,4110492212.0000005,0.004736184864470921
2018-11-01,332.05,338.81,327.88,328.08,22870674.0,383723506.0,4110492212.0000005,0.005563974536487943
2018-11-02,337.82,344.77,326.89,338.81,49460260.0,835408451.0,4110492212.0000005,0.012032685490951125
2018-11-05,331.85,331.85,311.78,318.74,65989490.0,1058036080.0,4110492212.0000005,0.016053914372432823
2018-11-06,310.99,312.78,300.46,304.23,45003439.0,692277095.0,4110492212.0000005,0.010948430669353618
2018-11-07,305.62,317.55,305.42,307.81,32492062.0,506690807.0,4110492212.0000005,0.00790466453266692
2018-11-08,312.98,315.96,303.64,308.6,23292147.0,362143922.0,4110492212.0000005,0.005666510432011493
2018-11-09,304.03,307.01,300.26,301.05,25068909.0,382864044.0,4110492212.0000005,0.0060987608556500525
2018-11-12,299.86,311.98,294.1,311.78,32972199.0,505790050.0,4110492212.0000005,0.00802147219832757
2018-11-13,299.07,308.01,286.55,306.02,86364819.0,1292743154.0,4110492212.0000005,0.02101082170837598
2018-11-14,297.87,304.63,296.68,299.86,35709743.0,541901272.0,4110492212.0000005,0.008687461539460033
2018-11-15,300.26,308.21,298.27,305.03,39347842.0,603675965.0,4110492212.0000005,0.009572537781516661
2018-11-16,307.61,314.96,304.03,314.76,44010011.0,688584795.0,4110492212.0000005,0.01070674963731083
2018-11-19,317.55,327.68,317.55,321.52,45350423.0,736640514.0,4110492212.0000005,0.011032844890839558
2018-11-20,313.37,318.94,308.8,309.6,31058307.0,489202707.0,4110492212.0000005,0.007555860806481926
2018-11-21,304.83,309.6,302.64,309.0,22008698.0,339607229.0,4110492212.0000005,0.005354273129565535
2018-11-22,310.0,311.19,306.42,308.6,12445765.0,193509011.0,4110492212.0000005,0.0030278040580313838
2018-11-23,309.0,309.0,297.08,301.85,22349400.0,338666969.0,4110492212.0000005,0.005437159066924902
2018-11-26,301.25,304.83,293.1,295.69,19582962.0,293626377.0,4110492212.0000005,0.004764140397305781
2018-11-27,296.88,298.07,286.15,294.1,29471547.0,430882446.0,4110492212.0000005,0.00716983404419597
2018-11-28,290.12,299.86,288.14,295.89,18897012.0,280238289.0,4110492212.0000005,0.00459726257231016
2018-11-29,301.05,303.44,290.52,291.12,23194959.0,346934898.0,4110492212.0000005,0.005642866548265339
2018-11-30,290.12,301.65,289.33,299.86,19941883.0,297365488.0,4110492212.0000005,0.004851458650568049
2018-12-03,315.16,320.92,309.0,312.58,46976913.0,741847294.0,4110492212.0000005,0.011428537162254572
2018-12-04,312.78,317.94,310.19,314.37,27077670.0,427881590.0,4110492212.0000005,0.00658745196522951
2018-12-05,308.01,314.76,304.43,312.58,20135420.0,315156093.0,4110492212.0000005,0.004898542306251668
2018-12-06,303.04,304.03,298.67,298.87,28936843.0,438458441.0,4110492212.0000005,0.007039751326014676
2018-12-07,299.07,303.84,299.07,301.05,11972419.0,181726467.0,4110492212.0000005,0.002912648505949778
2018-12-10,298.47,299.86,294.69,297.08,13498315.0,201928160.0,4110492212.0000005,0.003283868282390508
2018-12-11,296.09,299.07,293.3,296.88,11126611.0,165788883.0,4110492212.0000005,0.0027068804479223763
2018-12-12,298.27,303.04,290.12,293.1,17241203.0,255144261.0,4110492212.0000005,0.004194437578464873
2018-12-13,294.3,297.28,289.13,295.29,22303740.0,330377546.0,4110492212.0000005,0.005426050908182574
2018-12-14,293.9,293.9,278.4,281.18,44933588.0,643391954.0,4110492212.0000005,0.010931437327340688
2018-12-17,278.6,280.59,255.55,268.27,53117520.0,710893248.0,4110492212.0000005,0.01292242321854568
2018-12-18,264.49,272.44,263.1,271.25,23300477.0,313529162.0,4110492212.0000005,0.005668536953306359
2018-12-19,272.24,273.03,259.72,260.91,24955995.0,332841398.0,4110492212.0000005,0.006071291152710253
2018-12-20,260.91,267.27,258.73,264.09,23103105.0,305548654.0,4110492212.0000005,0.005620520319331528
2018-12-21,261.91,265.88,256.74,262.3,25472860.0,334447697.0,4110492212.0000005,0.006197034001338231
2018-12-24,260.32,274.23,260.12,270.25,26589810.0,359129372.0,4110492212.0000005,0.006468765449153464
2018-12-25,266.08,276.81,264.69,273.63,23721590.0,322419744.0,4110492212.0000005,0.0057709852680776705
2018-12-26,272.84,280.19,271.25,278.4,23745829.0,331935591.0,4110492212.0000005,0.005776882128781904
2018-12-27,286.15,287.34,277.41,277.41,28166492.0,399419742.0,4110492212.0000005,0.00685234043693646
2018-12-28,279.79,283.17,273.83,279.39,25032911.0,352258864.0,4110492212.0000005,0.006090003266985875
2019-01-02,279.99,287.54,278.6,280.98,24022788.0,341675684.0,4110492212.0000005,0.005844260677557999
2019-01-03,274.23,275.62,258.33,267.27,29265955.0,397550765.0,4110492212.0000005,0.007119817649711678
2019-01-04,261.31,265.68,254.55,262.5,42649348.0,558065402.0,4110492212.0000005,0.010375727723188786
2019-01-07,263.3,273.43,261.31,272.44,35160345.0,473709367.0,4110492212.0000005,0.008553804066908179
2019-01-08,269.26,280.59,268.66,276.41,21361996.0,297041608.0,4110492212.0000005,0.005196943552802916
2019-01-09,276.41,284.16,275.22,278.0,32029471.0,452626709.0,4110492212.0000005,0.007792125455558459
2019-01-10,292.11,298.67,281.38,296.28,68830598.0,1010819443.0,4110492212.0000005,0.016745098749745543
2019-01-11,297.68,299.66,291.91,293.1,28829700.0,428351215.0,4110492212.0000005,0.007013685591189242
2019-01-14,295.09,298.07,292.71,294.5,27591855.0,410352192.0,4110492212.0000005,0.006712542823813042
2019-01-15,294.5,298.87,289.73,298.87,29016221.0,430738071.0,4110492212.0000005,0.007059062395323667
2019-01-16,298.67,303.04,293.1,296.48,26078578.0,392001345.0,4110492212.0000005,0.006344392996018161
2019-01-17,295.09,302.05,292.71,296.48,22795626.0,342375635.0,4110492212.0000005,0.005545716869004494
2019-01-18,296.68,300.85,294.1,299.86,26417840.0,396770197.0,4110492212.0000005,0.006426928610368572
2019-01-21,297.08,305.42,297.08,299.26,26875160.0,406604684.0,4110492212.0000005,0.0065381853592963324
2019-01-22,299.26,300.85,294.89,299.66,14376758.0,215789947.0,4110492212.0000005,0.003497575778888253
2019-01-23,296.68,301.05,296.48,299.66,11840883.0,177790260.0,4110492212.0000005,0.0028806484453205426
2019-01-24,299.66,300.66,295.29,300.06,19110356.0,287072585.0,4110492212.0000005,0.004649164872326
2019-01-25,300.06,315.56,298.27,309.6,34617031.0,538397348.0,4110492212.0000005,0.008421626709069166
2019-01-28,311.78,328.48,309.6,324.7,42771485.0,695370899.0,4110492212.0000005,0.010405441196344978
2019-01-29,327.88,327.88,315.36,323.51,28151296.0,456242759.0,4110492212.0000005,0.0068486435560725
2019-01-30,324.9,329.07,318.94,321.12,18630549.0,303155733.0,4110492212.0000005,0.00453243748902157
2019-01-31,327.48,328.08,321.12,325.3,31376824.0,512591206.0,4110492212.0000005,0.007633349579984558
2019-02-01,330.66,334.83,326.29,331.85,28694567.0,477793415.0,4110492212.0000005,0.006980810452877218
2019-02-11,334.83,348.74,331.85,348.74,56234435.0,975208314.0,4110492212.0000005,0.013680705886227329
2019-02-12,348.74,351.92,344.57,347.35,35404814.0,618510304.0,4110492212.0000005,0.008613278452794693
2019-02-13,349.14,354.71,342.39,348.35,43114066.0,755493199.0,4110492212.0000005,0.01048878425657506
2019-02-14,347.75,352.12,340.6,342.19,47762117.0,827267037.0,4110492212.0000005,0.011619561487202251
2019-02-15,342.39,348.74,339.6,339.8,27288959.0,470507703.0,4110492212.0000005,0.006638854325117986
2019-02-18,342.19,364.64,342.19,362.65,56505684.0,999368337.0,4110492212.0000005,0.013746695306960965
2019-02-19,362.65,377.76,358.08,363.85,46196922.0,855477996.0,4110492212.0000005,0.011238781055255286
2019-02-20,367.42,387.3,366.03,387.3,57630728.0,1100267383.0,4110492212.0000005,0.014020395862022373
2019-02-21,384.91,397.43,379.15,385.31,47325289.0,926955626.0,4110492212.0000005,0.011513290029315835
2019-02-22,380.54,407.37,380.54,406.77,41682399.0,836295739.0,4110492212.0000005,0.010140488498753052
2019-02-25,431.21,447.51,411.34,421.28,66134249.0,1422660661.0,4110492212.0000005,0.016089131322747776
2019-02-26,424.46,433.4,417.3,426.84,63437871.0,1357314196.0,4110492212.0000005,0.015433156840633856
2019-02-27,419.49,426.64,397.63,413.92,45595852.0,954002704.0,4110492212.0000005,0.01109255282539871
2019-02-28,412.33,420.88,407.76,416.71,33685116.0,706274806.0,4110492212.0000005,0.008194910551505502
2019-03-01,429.03,429.82,406.37,415.12,36544890.0,760062993.0,4110492212.0000005,0.00889063599082182
2019-03-04,419.69,434.79,411.94,416.31,65611907.0,1397666522.0,4110492212.0000005,0.015962056030286425
2019-03-05,413.33,429.22,409.35,426.44,61388634.0,1299048503.0,4110492212.0000005,0.014934618735144314
2019-03-06,427.24,431.21,407.56,417.1,76576549.0,1600322876.0,4110492212.0000005,0.018629532681377087
2019-03-07,416.31,416.51,397.63,407.96,41879734.0,860333825.0,4110492212.0000005,0.010188496131372793
2019-03-08,400.81,418.3,397.23,411.34,44038703.0,905405475.0,4110492212.0000005,0.010713729823264288
2019-03-11,409.35,424.26,408.76,423.26,60731787.0,1272409364.0,4110492212.0000005,0.014774821084127624
2019-03-12,428.23,446.51,427.83,433.79,69261481.0,1524149858.0,4110492212.0000005,0.016849923908820678
2019-03-13,433.6,433.6,416.9,421.28,38792286.0,828085793.0,4110492212.0000005,0.009437382191541784
2019-03-14,421.28,428.23,413.53,423.66,29767276.0,631058594.0,4110492212.0000005,0.0072417789560818655
2019-03-15,424.26,453.47,424.26,446.12,56302875.0,1255841769.0,4110492212.0000005,0.013697355960347454
2019-03-18,439.56,472.94,437.17,468.57,52502586.0,1203068872.0,4110492212.0000005,0.012772822156608429
2019-03-19,462.21,476.32,462.21,469.76,26872398.0,635508457.0,4110492212.0000005,0.006537513420302765
2019-03-20,468.17,470.76,459.03,466.58,24523419.0,571726217.0,4110492212.0000005,0.005966054120819728
2019-03-21,467.97,473.74,455.06,464.2,29946087.0,697621189.0,4110492212.0000005,0.007285280072439168
2019-03-22,460.82,486.85,451.68,486.85,43921133.0,1035836792.0,4110492212.0000005,0.010685127409262196
2019-03-25,474.53,482.08,467.38,467.38,29553353.0,705333879.0,4110492212.0000005,0.00718973579702284
2019-03-26,470.95,470.95,442.74,449.1,40954076.0,936403225.0,4110492212.0000005,0.00996330217593902
2019-03-27,451.08,460.62,446.31,456.05,25457051.0,581236701.0,4110492212.0000005,0.006193187989915598
2019-03-28,453.87,472.54,449.89,463.4,27319127.0,637972782.0,4110492212.0000005,0.006646193592155624
2019-03-29,495.2,498.38,472.94,492.81,68152406.0,1677497637.0,4110492212.0000005,0.016580108289960677
2019-04-01,490.63,520.83,480.1,509.31,53536281.0,1364502101.0,4110492212.0000005,0.01302429933906903
2019-04-02,509.7,516.66,500.36,501.95,33501317.0,854522641.0,4110492212.0000005,0.008150195955169954
2019-04-03,498.97,516.86,495.4,512.88,38887127.0,989524669.0,4110492212.0000005,0.009460455097439313
2019-04-04,508.71,515.86,500.96,508.71,27738063.0,708751859.0,4110492212.0000005,0.006748112286655756
2019-04-08,506.72,509.31,487.05,496.79,36575386.0,913490562.0,4110492212.0000005,0.008898055053655943
2019-04-09,491.62,505.33,490.43,494.8,20702146.0,517322942.0,4110492212.0000005,0.005036415332344631
2019-04-10,493.81,507.32,489.04,501.56,21626593.0,541814827.0,4110492212.0000005,0.005261314675859066
2019-04-11,501.36,503.35,481.69,483.47,21923581.0,541022685.0,4110492212.0000005,0.005333565877097932
2019-04-12,486.65,499.57,484.07,496.39,21528366.0,532997163.0,4110492212.0000005,0.005237418024330756
2019-04-15,505.53,506.52,486.06,487.05,23387620.0,588025196.0,4110492212.0000005,0.005689737090785175
2019-04-16,489.83,518.05,489.83,518.05,50905088.0,1294087666.0,4110492212.0000005,0.012384183055107073
2019-04-17,527.19,539.51,522.62,528.38,62898142.0,1681780012.0,4110492212.0000005,0.015301851641119225
2019-04-18,530.17,535.14,517.65,517.65,29820813.0,784435724.0,4110492212.0000005,0.007254803430339159
2019-04-19,520.63,526.59,515.07,526.59,24223556.0,633918848.0,4110492212.0000005,0.005893103489962286
2019-04-22,528.58,541.5,514.87,516.86,40926670.0,1086000815.0,4110492212.0000005,0.00995663484789495
2019-04-23,535.14,540.5,523.61,528.58,60873541.0,1627726798.0,4110492212.0000005,0.014809306978441246
2019-04-24,536.13,539.51,520.83,537.52,37435241.0,1001491509.0,4110492212.0000005,0.009107240463979743
2019-04-25,537.33,543.09,530.77,535.54,30217159.0,815323202.0,4110492212.0000005,0.007351226432636286
2019-04-26,530.57,532.36,514.08,517.85,36661525.0,961753171.0,4110492212.0000005,0.008919010938147958
2019-04-29,521.63,533.95,513.08,520.43,33999977.0,896909634.0,4110492212.0000005,0.008271509893813173
2019-04-30,519.84,528.18,513.88,518.45,23330087.0,608768758.0,4110492212.0000005,0.005675740470178027
2019-05-06,480.89,491.42,466.58,466.58,47605228.0,1135733016.0,4110492212.0000005,0.011581393552096577
2019-05-07,463.01,486.45,452.67,480.49,58803397.0,1391492958.0,4110492212.0000005,0.014305682620765417
2019-05-08,457.04,481.88,457.04,463.4,37768486.0,889806027.0,4110492212.0000005,0.009188312263368423
2019-05-09,455.26,468.17,455.26,458.44,31215563.0,724800066.0,4110492212.0000005,0.007594118025298912
2019-05-10,467.97,494.4,467.78,492.42,48906586.0,1189408447.0,4110492212.0000005,0.011897987753686563
2019-05-13,479.3,487.05,450.09,460.03,62841115.0,1482019739.0,4110492212.0000005,0.015287978120124947
2019-05-14,450.69,460.22,445.52,451.48,46629712.0,1064101090.0,4110492212.0000005,0.01134407014903742
2019-05-15,458.44,475.33,451.28,467.78,43179640.0,1002141302.0,4110492212.0000005,0.010504737090595415
2019-05-16,465.39,465.99,439.16,446.12,60222249.0,1354920032.0,4110492212.0000005,0.01465086074708758
2019-05-17,442.14,452.08,421.47,426.04,64673684.0,1421723162.0,4110492212.0000005,0.01573380526331964
2019-05-20,425.25,425.25,384.51,397.43,91902691.0,1835056425.0,4110492212.0000005,0.022358074473831407
2019-05-21,406.37,423.26,403.39,422.67,72052382.0,1508362723.0,4110492212.0000005,0.017528893933834316
2019-05-22,422.87,437.57,416.11,422.47,45287842.0,972367457.0,4110492212.0000005,0.011017620193462124
2019-05-23,421.28,421.28,388.69,397.23,74896925.0,1506981280.0,4110492212.0000005,0.018220913977491315
2019-05-24,396.83,410.94,396.44,405.38,48056510.0,981438573.0,4110492212.0000005,0.011691181377185394
2019-05-27,410.94,414.72,395.24,409.35,55628168.0,1137948683.0,4110492212.0000005,0.013533213330900235
2019-05-28,406.57,427.63,406.17,426.64,58635013.0,1239823784.0,4110492212.0000005,0.014264718183584773
2019-05-29,417.3,427.83,415.71,422.07,34418335.0,730932543.0,4110492212.0000005,0.008373287972549989
2019-05-30,421.87,424.26,406.57,422.87,32639697.0,682729580.0,4110492212.0000005,0.007940581155880316
2019-05-31,421.28,435.98,415.31,426.44,37456123.0,807570017.0,4110492212.0000005,0.009112320634169346
2019-06-03,426.24,440.35,414.12,432.8,40948303.0,882861409.0,4110492212.0000005,0.009961897721264918
2019-06-04,432.21,437.17,423.46,428.03,36087379.0,781937449.0,4110492212.0000005,0.0087793327754394
2019-06-05,435.98,441.54,429.03,436.18,31945657.0,700736949.0,4110492212.0000005,0.007771735196757988
2019-06-06,439.56,440.15,419.49,421.67,25900810.0,555254742.0,4110492212.0000005,0.0063011456205624835
2019-06-10,420.48,445.32,420.48,441.15,37084336.0,813865595.0,4110492212.0000005,0.009021872342133997
2019-06-11,440.95,460.03,433.2,454.86,38884309.0,880713106.0,4110492212.0000005,0.009459769534773173
2019-06-12,452.28,457.24,448.3,451.48,18321753.0,417630791.0,4110492212.0000005,0.004457313639109261
2019-06-13,451.68,455.45,435.78,436.38,38480862.0,852796367.0,4110492212.0000005,0.00936161900213813
2019-06-14,438.17,440.55,428.03,429.42,24213111.0,527439054.0,4110492212.0000005,0.005890562431748015
2019-06-17,430.81,430.81,415.51,418.1,35848743.0,759536564.0,4110492212.0000005,0.008721277441019026
2019-06-18,420.48,426.64,413.72,424.26,21986294.0,467067334.0,4110492212.0000005,0.005348822687417853
2019-06-19,466.19,466.38,453.07,455.26,78741467.0,1818545889.0,4110492212.0000005,0.019156213645199333
2019-06-20,453.07,475.52,449.29,470.76,55675594.0,1301852151.0,4110492212.0000005,0.01354475112188827
2019-06-21,470.95,484.47,470.56,472.54,39274464.0,943255856.0,4110492212.0000005,0.009554686391411656
2019-06-24,469.76,474.13,459.03,464.99,29443818.0,689516186.0,4110492212.0000005,0.007163088136754751
2019-06-25,460.62,464.6,448.5,454.86,31825324.0,728231652.0,4110492212.0000005,0.00774246060048246
2019-06-26,454.26,471.95,451.08,468.97,38281642.0,896836169.0,4110492212.0000005,0.009313152786968471
2019-06-27,475.92,499.97,475.52,498.77,54180461.0,1342250834.0,4110492212.0000005,0.013181015364006239
2019-06-28,499.97,500.17,484.86,492.61,29740735.0,734859756.0,4110492212.0000005,0.007235322065123036
2019-07-01,526.59,541.9,526.2,541.9,92533571.0,2502000294.0,4110492212.0000005,0.022511554876533113
2019-07-02,542.49,546.47,528.78,535.93,53892343.0,1453392487.0,4110492212.0000005,0.0131109220551906
2019-07-03,534.34,534.34,505.73,512.29,58137805.0,1508432732.0,4110492212.0000005,0.014143757487308917
2019-07-04,515.47,516.66,501.95,507.92,29502231.0,753384954.0,4110492212.0000005,0.007177298843645151
2019-07-05,512.49,517.67,505.25,512.24,37843006.0,748165396.0,5343639875.0,0.007081878061627422
2019-07-08,506.28,516.38,494.12,506.28,49143080.0,959941585.0,5343639875.0,0.009196555372287321
2019-07-09,503.44,511.46,498.26,507.32,35342909.0,690629291.0,5343639875.0,0.006614014010440776
2019-07-10,512.49,524.4,512.24,514.57,54356820.0,1086058874.0,5343639875.0,0.010172246122779746
2019-07-11,521.81,522.07,500.33,504.73,39805118.0,783513084.0,5343639875.0,0.007449064482475066
2019-07-12,507.32,509.13,496.96,504.73,23352244.0,455230912.0,5343639875.0,0.004370100632951055
2019-07-15,503.18,524.4,493.08,524.4,49112542.0,974738917.0,5343639875.0,0.009190840541064718
2019-07-16,520.26,530.61,514.57,520.78,40186746.0,809332917.0,5343639875.0,0.00752048172033674
2019-07-17,520.0,535.27,514.57,532.68,38367019.0,784485444.0,5343639875.0,0.0071799409948074015
2019-07-18,526.47,527.77,517.67,518.71,29616543.0,596684307.0,5343639875.0,0.0055423912712680694
2019-07-19,522.85,527.51,516.12,517.67,25442547.0,511960303.0,5343639875.0,0.004761276507242173
2019-07-22,521.3,524.4,511.72,517.67,19247819.0,385917678.0,5343639875.0,0.0036020052717343717
2019-07-23,516.9,527.25,513.79,527.25,27987307.0,564888251.0,5343639875.0,0.005237498718979448
2019-07-24,528.03,555.98,528.03,549.25,76212127.0,1609336019.0,5343639875.0,0.014262212421266506
2019-07-25,556.24,568.92,553.65,561.41,83168706.0,1804487569.0,5343639875.0,0.015564055203102549
2019-07-26,559.09,575.13,552.61,567.63,59989468.0,1308670253.0,5343639875.0,0.01122633062917624
2019-07-29,572.8,586.52,556.76,565.04,68866607.0,1512985543.0,5343639875.0,0.012887583858745721
2019-07-30,564.0,567.63,553.39,557.79,58820530.0,1268103501.0,5343639875.0,0.011007577489491655
2019-07-31,558.57,563.23,555.46,559.09,41431624.0,894071764.0,5343639875.0,0.007753446147042235
2019-08-01,556.5,564.26,551.06,564.0,45123839.0,972977258.0,5343639875.0,0.008444401205086823
2019-08-02,530.61,551.06,522.33,545.88,103091532.0,2138167006.0,5343639875.0,0.019292380177472195
2019-08-05,538.12,545.88,522.07,523.62,70728821.0,1455781373.0,5343639875.0,0.013236075531755404
2019-08-06,506.8,536.57,499.29,531.13,76704938.0,1531787170.0,5343639875.0,0.014354436263353169
2019-08-07,536.31,542.26,527.51,530.1,47137491.0,974874581.0,5343639875.0,0.008821232736983422
2019-08-08,532.68,559.34,529.32,557.27,55345238.0,1169387580.0,5343639875.0,0.010357217045806255
2019-08-09,560.64,572.54,538.64,543.3,62137651.0,1327316311.0,5343639875.0,0.011628338071715583
2019-08-12,543.56,577.2,542.78,575.91,75749162.0,1641817979.0,5343639875.0,0.014175573910657668
2019-08-13,565.56,583.93,562.45,570.73,65937151.0,1459781090.0,5343639875.0,0.012339370268659805
2019-08-14,589.11,606.97,577.46,579.79,98233435.0,2252288767.0,5343639875.0,0.018383243874569674
2019-08-15,570.73,613.44,562.97,612.15,76135520.0,1731639312.0,5343639875.0,0.014247876312959807
2019-08-16,605.68,623.28,602.05,608.26,66997922.0,1584919628.0,5343639875.0,0.012537881213411673
2019-08-19,623.79,649.42,607.75,627.16,84435994.0,2050116125.0,5343639875.0,0.015801213400444578
2019-08-20,627.68,658.48,627.68,658.22,76469989.0,1899982383.0,5343639875.0,0.014310468292925522
2019-08-21,621.46,671.68,621.21,645.02,107623494.0,2687746560.0,5343639875.0,0.020140484111497128
2019-08-22,643.98,644.5,621.46,631.82,65756762.0,1603549043.0,5343639875.0,0.012305612567126822
2019-08-23,633.11,665.21,624.05,664.43,72182176.0,1803033584.0,5343639875.0,0.013508054002235695
2019-08-26,641.91,660.81,639.58,650.71,82681671.0,2069865943.0,5343639875.0,0.015472912272180393
2019-08-27,656.15,671.42,647.35,653.04,60862658.0,1543490601.0,5343639875.0,0.011389737973313555
2019-08-28,648.64,654.34,635.44,641.91,49948106.0,1239634657.0,5343639875.0,0.009347206617287248
2019-08-29,641.91,651.23,634.41,644.76,40432168.0,1005604915.0,5343639875.0,0.007566409590803497
2019-08-30,649.16,651.49,621.21,633.63,68009408.0,1670429175.0,5343639875.0,0.012727169044115272
2019-09-02,628.45,649.68,622.5,640.36,63030491.0,1550619125.0,5343639875.0,0.011795422684617196
2019-09-03,647.09,663.91,641.91,662.62,79324398.0,2005086048.0,5343639875.0,0.014844637710545568
2019-09-04,656.15,668.31,639.32,649.68,61807370.0,1554433708.0,5343639875.0,0.01156652982719948
2019-09-05,652.53,684.88,640.62,661.07,89031391.0,2280738547.0,5343639875.0,0.016661188456304796
2019-09-06,662.88,686.95,649.42,663.4,68498460.0,1769630953.0,5343639875.0,0.012818689433108552
2019-09-09,674.78,680.48,653.56,674.78,75261582.0,1941907091.0,5343639875.0,0.014084328989329582
2019-09-10,673.23,674.01,651.75,654.08,63733227.0,1622135971.0,5343639875.0,0.011926931546823222
2019-09-11,654.34,660.29,629.23,630.78,76568379.0,1897093275.0,5343639875.0,0.014328880836117348
2019-09-12,639.84,646.05,629.23,643.98,43212247.0,1065683785.0,5343639875.0,0.008086669014161439
2019-09-16,652.27,672.97,637.77,672.97,86711140.0,2218141838.0,5343639875.0,0.01622698049052192
2019-09-17,668.57,691.87,664.17,674.78,82697846.0,2168216182.0,5343639875.0,0.015475939235145408
2019-09-18,678.15,704.81,665.21,698.86,76929880.0,2044596084.0,5343639875.0,0.014396531540217238
2019-09-19,699.12,706.36,691.35,701.45,64090275.0,1727839802.0,5343639875.0,0.011993748923808232
2019-09-20,701.7,733.54,696.79,717.23,83103387.0,2299442385.0,5343639875.0,0.015551831512597956
2019-09-23,713.09,733.28,700.41,721.38,71524759.0,1987316798.0,5343639875.0,0.013385026063344135
2019-09-24,712.32,722.15,703.77,704.81,60034314.0,1648921340.0,5343639875.0,0.01123472303604666
2019-09-25,701.45,702.74,677.63,686.95,66329170.0,1763818057.0,5343639875.0,0.01241273206121511
2019-09-26,692.13,694.46,664.69,676.08,53492103.0,1405946538.0,5343639875.0,0.01001042440196253
2019-09-27,676.86,722.67,676.86,722.15,83842029.0,2274406341.0,5343639875.0,0.015690059764740416
2019-09-30,713.87,722.67,691.09,692.64,60973763.0,1657987968.0,5343639875.0,0.011410529980746504
2019-10-08,704.03,704.81,664.17,678.15,58118991.0,1541959006.0,5343639875.0,0.010876292631901959
2019-10-09,667.8,677.37,631.56,671.68,100347564.0,2531319618.0,5343639875.0,0.018778878507414387
2019-10-10,671.42,700.67,660.81,700.15,66482860.0,1762766968.0,5343639875.0,0.012441493355687634
2019-10-11,706.62,714.39,697.04,704.03,59410376.0,1624272147.0,5343639875.0,0.011117960302293013
2019-10-14,729.92,744.93,726.03,735.09,80457935.0,2285752591.0,5343639875.0,0.01505676596516527
2019-10-15,729.92,739.49,721.63,728.88,47022377.0,1327330309.0,5343639875.0,0.008799690491867213
2019-10-16,731.99,743.89,720.34,720.86,34886682.0,982923365.0,5343639875.0,0.006528636438098291
2019-10-17,728.62,767.97,723.7,760.98,79787900.0,2322583795.0,5343639875.0,0.01493137671445346
2019-10-18,763.57,770.3,742.08,750.88,48718465.0,1417307125.0,5343639875.0,0.00911709361776555
2019-10-21,742.86,759.17,729.14,750.62,44339891.0,1274955192.0,5343639875.0,0.00829769446242857
2019-10-22,773.92,794.11,770.3,773.4,96940134.0,2923943936.0,5343639875.0,0.018141217647081802
2019-10-23,784.27,808.09,774.44,787.64,78165697.0,2388598317.0,5343639875.0,0.014627800306247246
2019-10-24,791.0,796.96,776.51,789.71,46733306.0,1420958444.0,5343639875.0,0.008745594219146365
2019-10-25,789.45,832.16,781.17,827.24,61948501.0,1920761484.0,5343639875.0,0.011592940851014965
2019-10-28,821.29,838.63,813.26,830.09,59135968.0,1882351470.0,5343639875.0,0.011066608039337606
2019-10-29,833.45,863.99,829.57,858.82,69818168.0,2292148918.0,5343639875.0,0.013065657423255904
2019-10-30,843.8,877.45,825.43,876.16,65104305.0,2139956561.0,5343639875.0,0.012183512834498414
2019-10-31,869.69,882.63,822.06,823.36,102410035.0,3340454294.0,5343639875.0,0.019164845946883724
2019-11-01,823.36,854.93,822.58,849.24,77481854.0,2525028422.0,5343639875.0,0.014499827049067373
2019-11-04,850.28,870.98,832.67,850.02,78791936.0,2593821013.0,5343639875.0,0.014744993645366118
2019-11-05,851.57,899.97,841.73,899.71,89732594.0,3024607704.0,5343639875.0,0.0167924104354057
2019-11-06,888.07,897.9,872.28,886.25,65166584.0,2226664152.0,5343639875.0,0.012195167624390107
2019-11-07,877.45,899.2,871.24,890.14,48490487.0,1660235872.0,5343639875.0,0.00907443018884202
2019-11-08,897.64,922.49,889.88,891.95,63120138.0,2204406369.0,5343639875.0,0.011812199077131859
2019-11-11,890.4,908.51,872.28,884.7,49049104.0,1682731460.0,5343639875.0,0.009178968857814357
2019-11-12,885.22,892.72,854.16,878.23,65447157.0,2196180092.0,5343639875.0,0.012247673595331871
2019-11-13,880.04,911.1,870.98,910.84,79171489.0,2740480105.0,5343639875.0,0.014816022571131817
2019-11-14,901.01,926.63,890.4,910.84,66323590.0,2323081987.0,5343639875.0,0.012411687829169064
2019-11-15,901.53,918.87,898.42,899.71,44324096.0,1552225563.0,5343639875.0,0.008294738612040168
2019-11-18,898.42,904.11,872.28,888.07,47575581.0,1632650129.0,5343639875.0,0.00890321618089954
2019-11-19,891.17,920.94,877.97,916.8,61715048.0,2159676743.0,5343639875.0,0.011549252839573138
2019-11-20,910.58,925.08,898.16,898.16,51911822.0,1827558493.0,5343639875.0,0.009714693208063539
2019-11-21,889.88,908.51,887.29,896.61,38167554.0,1321450374.0,5343639875.0,0.0071426134419284755
2019-11-22,893.24,901.78,844.06,853.64,106160430.0,3550009758.0,5343639875.0,0.01986668871468439
2019-11-25,848.98,856.23,809.64,839.92,84672146.0,2727338999.0,5343639875.0,0.015845406498318716
2019-11-26,859.33,878.75,846.65,861.92,73901141.0,2465605459.0,5343639875.0,0.013829738292384458
2019-11-27,867.1,911.1,846.65,895.05,101562532.0,3487105762.0,5343639875.0,0.01900624562578705
2019-11-28,902.04,904.37,876.68,888.84,56540178.0,1946611846.0,5343639875.0,0.010580836157114724
2019-11-29,888.84,888.84,846.65,880.82,60746376.0,2042547957.0,5343639875.0,0.011367977150593442
2019-12-02,875.12,890.65,865.81,873.57,50685679.0,1719974618.0,5343639875.0,0.009485234818523395
2019-12-03,872.28,881.59,846.39,867.62,57543112.0,1917948940.0,5343639875.0,0.010768523580567823
2019-12-04,854.16,892.98,850.28,889.1,70230968.0,2391524987.0,5343639875.0,0.013142908138060109
2019-12-05,902.82,943.46,888.58,933.1,113964201.0,4070146743.0,5343639875.0,0.0213270736175873
2019-12-06,932.33,970.38,927.67,965.46,81227161.0,2985289848.0,5343639875.0,0.01520071765689487
2019-12-09,967.27,972.19,937.76,941.13,71101089.0,2605592888.0,5343639875.0,0.013305741154572098
2019-12-10,938.54,960.54,916.02,953.03,66089550.0,2412572915.0,5343639875.0,0.012367889967510207
2019-12-11,939.57,949.15,919.13,926.37,69186037.0,2486517408.0,5343639875.0,0.012947361464922822
2019-12-12,925.86,938.28,914.73,919.38,56776974.0,2026123665.0,5343639875.0,0.01062514977209238
2019-12-13,939.57,950.19,920.16,949.93,85023106.0,3084942040.0,5343639875.0,0.01591108457697105
2019-12-16,950.19,964.42,936.47,956.66,66512904.0,2441938831.0,5343639875.0,0.012447115740560642
2019-12-17,951.48,978.4,941.64,976.07,79660209.0,2950040580.0,5343639875.0,0.01490748083018974
2019-12-18,970.63,970.63,941.13,946.04,74003116.0,2733239227.0,5343639875.0,0.013848821726595115
2019-12-19,941.13,942.16,924.04,934.4,45471440.0,1636794344.0,5343639875.0,0.008509450685989576
2019-12-20,936.99,942.94,916.28,931.03,62872104.0,2252500887.0,5343639875.0,0.01176578240127007
2019-12-23,913.43,931.29,905.15,916.02,47295448.0,1679199836.0,5343639875.0,0.00885079255083596
2019-12-24,916.8,925.34,906.96,920.16,29926262.0,1062477620.0,5343639875.0,0.005600351576836004
2019-12-25,914.98,936.47,913.69,918.87,42554103.0,1522808297.0,5343639875.0,0.007963505025682518
2019-12-26,913.43,935.69,907.22,915.5,43902993.0,1559653482.0,5343639875.0,0.008215934087436982
2019-12-27,918.87,929.22,908.0,915.76,48509433.0,1723907726.0,5343639875.0,0.009077975712201227
2019-12-30,910.07,918.87,885.48,910.84,59424624.0,2078217795.0,5343639875.0,0.011120626649639259
2019-12-31,916.8,947.34,915.24,944.75,78032986.0,2812148329.0,5363916538.0,0.014547762898096011
2020-01-02,957.69,982.28,940.87,973.22,75930675.0,2840896082.0,5363916538.0,0.014155827083079792
2020-01-03,978.4,997.81,960.28,964.68,53434715.0,2013648745.0,5363916538.0,0.009961884123559419
2020-01-06,957.69,1002.99,952.52,986.16,74744666.0,2847963488.0,5363916538.0,0.013934718310861235
2020-01-07,986.94,997.04,973.22,991.34,43944958.0,1671789012.0,5363916538.0,0.008192699809677762
2020-01-08,975.81,990.05,965.72,967.01,43755087.0,1649761302.0,5363916538.0,0.008157301980749052
2020-01-09,972.7,1042.85,972.7,1034.31,88643927.0,3474672205.0,5363916538.0,0.01652597059853805
2020-01-10,1043.88,1050.36,1024.21,1028.35,53165460.0,2126307360.0,5363916538.0,0.00991168666092321
2020-01-13,1035.08,1084.52,1019.81,1073.65,67372375.0,2750553113.0,5363916538.0,0.012560295172885108
2020-01-14,1086.85,1117.65,1076.5,1082.71,56472980.0,2379000336.0,5363916538.0,0.010528310722197893
2020-01-15,1081.93,1131.11,1073.91,1131.11,54516841.0,2318952839.0,5363916538.0,0.010163625890481743
2020-01-16,1112.99,1120.76,1099.02,1107.82,70486390.0,3018191667.0,5363916538.0,0.013140843915196654
2020-01-17,1105.75,1116.62,1073.91,1084.52,66854830.0,2831071596.0,5363916538.0,0.012463808772260953
2020-01-20,1082.19,1146.12,1082.19,1128.52,75604781.0,3296515631.0,5363916538.0,0.014095070358456797
2020-01-21,1125.94,1146.64,1115.58,1141.98,53139568.0,2327388187.0,5363916538.0,0.009906859591035643
2020-01-22,1125.94,1230.25,1104.71,1221.71,69512111.0,3121117788.0,5363916538.0,0.01295920816581505
2020-01-23,1190.64,1213.16,1141.47,1168.64,76007749.0,3457704680.0,5363916538.0,0.014170196061316866
2020-02-03,1051.91,1103.68,1051.91,1053.46,118427927.0,4878573721.0,5363916538.0,0.022078629702944122
2020-02-04,1076.24,1153.37,1074.43,1153.37,106587544.0,4591291646.0,5363916538.0,0.019871215975284812
2020-02-05,1143.54,1216.01,1138.88,1154.67,95085961.0,4316523326.0,5363916538.0,0.017726965049954697
2020-02-06,1146.64,1171.23,1116.88,1152.6,83235175.0,3665773840.0,5363916538.0,0.015517611881230953
2020-02-07,1136.29,1136.29,1089.7,1107.3,109728975.0,4702691453.0,5363916538.0,0.02045687590823584
2020-02-10,1074.69,1121.79,1065.89,1118.69,79636392.0,3370483356.0,5363916538.0,0.014846687385201816
2020-02-11,1112.99,1199.45,1107.82,1177.7,107309437.0,4803567238.0,5363916538.0,0.020005799165549953
2020-02-12,1164.76,1176.15,1148.2,1167.35,73276297.0,3285217324.0,5363916538.0,0.013660968898543291
2020-02-13,1164.76,1177.7,1138.88,1141.47,64339059.0,2872868682.0,5363916538.0,0.011994791220966607
2020-02-14,1129.56,1172.53,1129.56,1148.2,57153816.0,2551116065.0,5363916538.0,0.010655239617376761
2020-02-17,1150.53,1196.34,1150.01,1194.79,84544025.0,3844669788.0,5363916538.0,0.015761622016498274
2020-02-18,1190.64,1193.49,1154.41,1186.76,90573726.0,4110283542.0,5363916538.0,0.0168857448393057
2020-02-19,1168.64,1229.99,1160.88,1192.72,91199887.0,4229369375.0,5363916538.0,0.017002480622863116
2020-02-20,1215.23,1298.06,1215.23,1286.41,116017144.0,5641463119.0,5363916538.0,0.021629185163134244
2020-02-21,1265.71,1328.6,1260.01,1303.24,81722894.0,4123627846.0,5363916538.0,0.015235675913494237
2020-02-24,1294.44,1336.37,1269.59,1320.06,77649894.0,3913780283.0,5363916538.0,0.014476342696591003
2020-02-25,1280.46,1332.49,1254.06,1321.1,93691461.0,4692685351.0,5363916538.0,0.017466987104712478
2020-02-26,1289.52,1297.29,1216.79,1232.32,96056528.0,4683381282.0,5363916538.0,0.017907908767688586
2020-02-27,1232.32,1261.05,1201.77,1210.32,75894737.0,3590902254.0,5363916538.0,0.01414912712797322
2020-02-28,1210.32,1278.65,1206.17,1237.24,166878356.0,7993261447.0,5363916538.0,0.03111128870439557
2020-03-02,1242.67,1281.24,1191.16,1257.68,132561082.0,6322187428.0,5363916538.0,0.02471348706880271
2020-03-03,1295.47,1309.71,1224.81,1245.0,104822069.0,5159042660.0,5363916538.0,0.019542076812232457
2020-03-04,1237.24,1251.73,1157.0,1185.99,123317275.0,5706942417.0,5363916538.0,0.022990155444510385
2020-03-05,1206.95,1220.15,1146.9,1177.19,100589390.0,4572694593.0,5363916538.0,0.018752974489328268
2020-03-06,1159.58,1199.45,1148.45,1179.26,68579843.0,3132507444.0,5363916538.0,0.012785404566636082
2020-03-09,1145.35,1162.43,1093.58,1099.53,102180662.0,4445537254.0,5363916538.0,0.019049636823413228
2020-03-10,1090.48,1180.03,1090.48,1169.16,113804576.0,5019806882.0,5363916538.0,0.021216694032012918
2020-03-11,1182.62,1186.76,1138.1,1138.1,73396728.0,3287281828.0,5363916538.0,0.01368342096302767
2020-03-12,1097.72,1140.95,1090.99,1118.95,65160983.0,2803008754.0,5363916538.0,0.012148023284548727
2020-03-13,1039.23,1150.27,1038.19,1111.96,84716252.0,3591388085.0,5363916538.0,0.01579373045792906
2020-03-16,1105.23,1107.3,1000.66,1000.66,140245080.0,5604992958.0,5363916538.0,0.026146022035662034
2020-03-17,1014.64,1034.05,920.16,974.78,127680985.0,4801212353.0,5363916538.0,0.023803685999858486
2020-03-18,986.16,1029.39,962.87,968.56,96942397.0,3746109962.0,5363916538.0,0.01807306215770205
2020-03-19,962.87,985.65,922.23,962.35,122372893.0,4514530637.0,5363916538.0,0.02281409342092936
2020-03-20,979.18,999.11,957.69,989.27,105939645.0,4016192324.0,5363916538.0,0.01975042755596284
2020-03-23,935.17,952.52,890.4,890.4,131912404.0,4648531717.0,5363916538.0,0.02459255341977881
2020-03-24,916.28,923.27,877.45,916.54,100100880.0,3506019338.0,5363916538.0,0.018661901111034773
2020-03-25,962.35,1008.17,961.58,1008.17,138861739.0,5333855069.0,5363916538.0,0.02588812447327457
2020-03-26,996.52,997.29,966.75,966.75,98615643.0,3745481436.0,5363916538.0,0.01838500698162802
2020-03-27,992.64,992.64,938.28,958.99,91562107.0,3418452468.0,5363916538.0,0.01707000963779724
2020-03-30,935.69,999.11,926.89,988.24,126031611.0,4674669410.0,5363916538.0,0.023496191655322136
2020-03-31,1006.61,1012.57,974.26,987.72,67709832.0,2592942704.0,5363916538.0,0.01262320759846245
2020-04-01,983.58,1052.94,980.99,1010.75,98749066.0,3907435470.0,5363916538.0,0.0184098811568794
2020-04-02,1000.4,1093.84,999.62,1086.59,108765922.0,4418461571.0,5363916538.0,0.020277333032581946
2020-04-03,1066.4,1088.4,1045.7,1067.18,78930066.0,3238399650.0,5363916538.0,0.014715006365373092
2020-04-07,1112.99,1112.99,1074.95,1091.25,82787045.0,3499129713.0,5363916538.0,0.01543406658427764
2020-04-08,1087.11,1131.11,1077.02,1097.21,84794442.0,3608645533.0,5363916538.0,0.015808307493094705
2020-04-09,1099.53,1104.19,1061.23,1067.44,61736275.0,2559817074.0,5363916538.0,0.011509551754326719
2020-04-10,1061.23,1061.23,1015.41,1026.28,79258572.0,3155678454.0,5363916538.0,0.014776250047610268
2020-04-13,1003.77,1025.77,987.46,1015.41,49685619.0,1928059248.0,5363916538.0,0.00926293663370942
2020-04-14,1027.06,1068.47,1022.4,1068.47,75402476.0,3040083371.0,5363916538.0,0.014057354447225369
2020-04-15,1074.17,1097.72,1059.93,1068.22,73887758.0,3087871573.0,5363916538.0,0.0137749641472889
2020-04-16,1053.2,1074.17,1037.93,1068.47,39944602.0,1634617744.0,5363916538.0,0.007446909681949269
2020-04-17,1107.3,1118.17,1082.19,1089.44,83756541.0,3566255679.0,5363916538.0,0.015614810634475238
2020-04-20,1083.75,1100.05,1078.83,1097.21,38679295.0,1627645888.0,5363916538.0,0.007211017309084014
2020-04-21,1087.11,1093.32,1042.59,1071.58,67074805.0,2760355189.0,5370612975.0,0.01248922707933539
2020-04-22,1062.0,1085.04,1052.43,1083.23,40966083.0,1701197332.0,5370612975.0,0.007627822595054897
2020-04-23,1087.11,1092.29,1070.8,1072.87,37481139.0,1564768902.0,5370612975.0,0.006978931301598771
2020-04-24,1070.54,1089.18,1055.27,1067.44,46693133.0,1939389595.0,5370612975.0,0.008694190629143221
2020-04-27,1078.05,1089.7,1050.36,1086.33,43237485.0,1800329409.0,5370612975.0,0.008050754206506567
2020-04-28,1115.84,1193.49,1104.45,1177.7,139161756.0,6196235287.0,5370612975.0,0.02591170815096763
2020-04-29,1171.23,1195.3,1159.58,1193.23,59243852.0,2705976266.0,5370612975.0,0.011031115493851053
2020-04-30,1211.35,1247.59,1207.73,1224.55,77909328.0,3709652012.0,5370612975.0,0.01450659884870963
2020-05-06,1206.43,1237.75,1199.7,1229.73,79878962.0,3758204622.0,5370612975.0,0.014873341715709835
2020-05-07,1236.2,1251.73,1210.06,1213.16,51445554.0,2430485806.0,5370612975.0,0.009579084219897636
2020-05-08,1221.71,1241.89,1203.85,1223.0,52044469.0,2461420528.0,5370612975.0,0.009690601285600923
2020-05-11,1236.98,1238.53,1196.08,1207.21,56251425.0,2633840809.0,5370612975.0,0.010473930119680612
2020-05-12,1199.7,1239.31,1189.87,1233.61,63456064.0,2983318415.0,5370612975.0,0.011815422987168424
2020-05-13,1216.53,1294.18,1199.96,1279.94,103951522.0,5009538866.0,5370612975.0,0.019355615920173434
2020-05-14,1253.02,1286.41,1251.73,1263.38,57981839.0,2834110017.0,5370612975.0,0.010796130585075347
2020-05-15,1264.41,1270.11,1246.55,1248.37,51771652.0,2512218857.0,5370612975.0,0.009639803173491569
2020-05-18,1211.35,1215.23,1169.16,1175.89,112749400.0,5183530665.0,5370612975.0,0.020993767475862474
2020-05-19,1198.41,1227.92,1196.6,1212.9,65965841.0,3085359368.0,5370612975.0,0.012282739662505657
2020-05-20,1221.45,1229.47,1187.02,1196.08,57643845.0,2676711001.0,5370612975.0,0.010733196614302672
2020-05-21,1197.89,1216.01,1188.06,1190.64,46420030.0,2154952421.0,5370612975.0,0.008643339264267129
2020-05-22,1184.95,1184.95,1147.42,1153.11,56359816.0,2531885060.0,5370612975.0,0.010494112359679017
2020-05-25,1148.97,1156.48,1124.38,1142.24,45060246.0,1982493850.0,5370612975.0,0.008390149543404774
2020-05-26,1159.33,1202.55,1153.89,1190.64,61709226.0,2821772088.0,5370612975.0,0.011490164397854418
2020-05-27,1182.88,1183.14,1144.05,1152.85,45131366.0,2024374238.0,5370612975.0,0.00840339197966504
2020-05-28,1140.17,1156.74,1120.76,1150.53,43683376.0,1922743853.0,5370612975.0,0.00813377843522601
2020-05-29,1139.4,1174.6,1131.37,1151.82,38620822.0,1727895615.0,5370612975.0,0.007191138549692272
2020-06-01,1185.47,1256.39,1185.47,1240.34,94917986.0,4500767480.0,5370612975.0,0.017673585201882846
2020-06-02,1242.15,1265.97,1238.53,1250.69,67123040.0,3252571657.0,5370612975.0,0.012498208363264159
2020-06-03,1260.53,1350.61,1242.67,1312.3,109109126.0,5506893346.0,5370612975.0,0.020315953971715865
2020-06-04,1322.13,1337.15,1288.48,1299.36,55682695.0,2806282598.0,5370612975.0,0.01036803345525005
2020-06-05,1307.12,1352.68,1287.71,1342.06,68688029.0,3511388954.0,5370612975.0,0.012789606944261329
2020-06-08,1358.89,1401.34,1307.12,1324.2,75950810.0,3966688442.0,5370612975.0,0.01414192576406979
2020-06-09,1322.91,1351.12,1308.67,1335.59,51437898.0,2647688048.0,5370926102.999999,0.009577100301430084
2020-06-10,1348.53,1425.67,1348.53,1413.76,86711568.0,4671432001.0,5370926102.999999,0.01614462130684802
2020-06-11,1414.28,1462.42,1399.27,1420.23,71357492.0,3936928032.0,5370926102.999999,0.01328588229135053
2020-06-12,1390.21,1419.2,1388.65,1410.66,59273155.0,3209874674.0,5370926102.999999,0.011035928229750216
2020-06-15,1397.2,1428.77,1381.67,1382.18,49887257.0,2697687512.0,5370926102.999999,0.00928839012924323
2020-06-16,1419.2,1453.1,1403.15,1430.59,54308417.0,2994856462.0,5370926102.999999,0.010111555429829009
2020-06-17,1447.65,1470.92,1406.84,1446.3,60004699.0,2560598494.0,6982048715.0,0.008594139263320795
2020-06-18,1446.64,1539.37,1439.89,1539.37,95637679.0,4256759354.0,6982048715.0,0.013697652781272524
2020-06-19,1530.94,1557.92,1517.79,1537.68,72509811.0,3313450629.0,6982048715.0,0.010385176895747281
2020-06-22,1537.68,1603.44,1537.68,1596.02,85677763.0,4003118390.0,6982048715.0,0.012271149414344927
2020-06-23,1618.61,1665.82,1580.17,1654.02,85798652.0,4119934839.0,6982048715.0,0.012288463673373266
2020-06-24,1653.35,1670.88,1614.57,1653.68,78128416.0,3807328550.0,6982048715.0,0.01118989843656512
2020-06-29,1625.36,1653.01,1604.45,1619.63,70723711.0,3408549587.0,6982048715.0,0.010129363727878258
2020-06-30,1659.08,1740.01,1648.29,1731.58,90667612.0,4543470074.0,6975078448.0,0.01299879459076157
2020-07-01,1721.8,1743.38,1686.06,1743.38,77115015.0,3927911730.0,6975078448.0,0.011055791784264675
2020-07-02,1720.11,1754.17,1705.61,1729.56,73865749.0,3771686721.0,6975078448.0,0.010589952435757895
2020-07-03,1720.79,1740.01,1652.33,1706.29,105831888.0,5299040147.0,6975078448.0,0.015172859888098566
2020-07-06,1700.89,1796.66,1672.57,1777.44,130107810.0,6694354303.0,6975078448.0,0.018653239668911033
2020-07-07,1787.22,1906.93,1779.46,1844.54,122224699.0,6718833300.0,6975078448.0,0.017523057254652974
2020-07-08,1846.23,1897.49,1818.24,1881.64,91416204.0,5045022393.0,6975078448.0,0.013106118401609123
2020-07-09,1888.05,1949.75,1881.64,1898.16,96464664.0,5453848935.0,6975078448.0,0.013829903809563577
2020-07-10,1875.23,1937.95,1852.64,1894.12,76791743.0,4319566721.0,6975078448.0,0.011009445065384016
2020-07-13,1896.81,2023.27,1896.81,2023.27,102229823.0,6000437019.0,6975078448.0,0.014656440606673446
2020-07-14,1989.55,2023.27,1938.96,1988.2,114188428.0,6698074019.0,6975078448.0,0.01637091666442
2020-07-15,2016.52,2061.03,1907.27,1914.35,122434026.0,7171518876.0,6975078448.0,0.01755306795654838
2020-07-16,1939.3,1971.0,1776.09,1784.52,176749212.0,9724763411.0,6975078448.0,0.025340103816420906
2020-07-17,1787.22,1880.29,1787.22,1860.06,127270914.0,6956297266.0,6975078448.0,0.018246520802428112
2020-07-20,1989.55,1989.55,1835.44,1877.93,179255498.0,10071444251.0,6975078448.0,0.025699423932844634
2020-07-21,1868.82,1905.24,1826.0,1888.38,112000728.0,6197864814.0,6975078448.0,0.016057271446475924
2020-07-22,1903.22,1971.0,1875.91,1932.56,121139831.0,6964505684.0,6975078448.0,0.017367522373133316
2020-07-23,1888.38,1955.82,1874.89,1934.92,135607608.0,7708565319.0,6975078448.0,0.019441732306090902
2020-07-24,1896.14,1909.63,1787.22,1790.59,146459776.0,7979749776.0,6975078448.0,0.020997581187347816
2020-07-27,1798.35,1836.79,1753.5,1776.43,100671960.0,5358343868.0,6975078448.0,0.014433093584612828
2020-07-28,1817.57,1900.52,1798.68,1886.7,128219096.0,7044410081.0,6975078448.0,0.0183824593452085
2020-07-29,1858.03,1948.07,1840.16,1944.02,120368284.0,6800951577.0,6975078448.0,0.017256907559873226
2020-07-30,1943.01,1951.78,1908.62,1908.62,71732044.0,4089209258.0,6975078448.0,0.01028404834938711
2020-07-31,1947.73,2018.21,1939.64,1975.72,131455104.0,7722920913.0,6975078448.0,0.01884639792656279
2020-08-03,2019.22,2034.39,1953.13,1997.64,110737537.0,6529153514.0,6975078448.0,0.015876170830989342
2020-08-04,1968.98,1979.43,1905.92,1932.56,105041334.0,6040392425.0,6975078448.0,0.01505952008756533
2020-08-05,1948.41,1958.52,1903.56,1928.17,60440155.0,3452526674.0,6975078448.0,0.00866515773988611
2020-08-06,1918.06,1925.48,1874.89,1896.48,67165768.0,3774932432.0,6975078448.0,0.009629392486511573
2020-08-07,1912.66,1928.85,1777.1,1809.14,132635965.0,7214367264.0,6975078448.0,0.019015695090573697
2020-08-10,1719.78,1791.27,1669.2,1768.0,123881375.0,6392250158.0,6975078448.0,0.017760570855732977
2020-08-11,1753.5,1839.49,1753.5,1759.57,89390553.0,4770463339.0,6975078448.0,0.012815705753908963
2020-08-12,1740.01,1803.74,1695.5,1793.96,102864066.0,5346700257.0,6975078448.0,0.014747370480040227
2020-08-13,1807.45,1814.2,1750.13,1760.24,57754254.0,3028699969.0,6975078448.0,0.008280086658603842
2020-08-14,1737.99,1824.99,1733.27,1814.2,74629432.0,3960857917.0,6975078448.0,0.010699439806501227
2020-08-17,1793.96,1830.04,1787.22,1816.56,75216700.0,4037332667.0,6975078448.0,0.01078363498858816
2020-08-18,1801.38,1801.38,1740.01,1777.78,83963620.0,4412058610.0,6975078448.0,0.012037659594219376
2020-08-19,1770.36,1770.36,1695.5,1695.83,91538567.0,4662815402.0,6975078448.0,0.013123661286741129
2020-08-20,1686.06,1763.61,1679.65,1730.23,84733691.0,4341292560.0,6975078448.0,0.01214806279695623
2020-08-21,1770.36,1837.8,1770.36,1808.13,120546669.0,6497282283.0,6975078448.0,0.017282482182629066
2020-08-24,1886.7,1944.36,1821.61,1937.28,146049754.0,8202066468.0,6975078448.0,0.020938797332362275
2020-08-25,1937.28,1940.31,1877.93,1897.15,113278733.0,6395254510.0,6975078448.0,0.016240495909043286
2020-08-26,1891.75,1922.1,1823.64,1853.65,83287982.0,4607341073.0,6975078448.0,0.01194079502057523
2020-08-27,1864.78,1877.25,1834.43,1861.41,49771426.0,2740179112.0,6975078448.0,0.007135608061049294
2020-08-28,1838.48,1895.13,1813.52,1882.31,55451940.0,3056659411.0,6975078448.0,0.007950009510774753
2020-08-31,1881.98,1903.56,1854.66,1854.66,56850347.0,3164825717.0,6975078448.0,0.00815049571468275
2020-09-01,1850.95,1931.21,1831.06,1922.44,86396019.0,4872766130.0,6975078448.0,0.012386386711503262
2020-09-02,1955.82,1995.95,1931.55,1933.23,94504151.0,5496841705.0,6975078448.0,0.013548829838193097
2020-09-03,1908.62,1914.68,1859.72,1874.89,65645180.0,3674916756.0,6975078448.0,0.009411389490368067
2020-09-04,1787.22,1867.48,1787.22,1856.01,54168799.0,2948705606.0,6975078448.0,0.0077660487124029546
2020-09-07,1856.01,1862.08,1746.75,1763.28,72918450.0,3877765780.0,6975078448.0,0.010454140486535786
2020-09-08,1785.2,1792.28,1720.11,1779.13,52047514.0,2726339249.0,6975078448.0,0.007461925251166723
2020-09-09,1729.22,1765.97,1696.51,1741.7,67027450.0,3433074245.0,6975078448.0,0.00960956217190921
2020-09-10,1770.36,1827.68,1752.15,1790.59,71988166.0,3840690000.0,6975078448.0,0.010320767936400993
2020-09-11,1794.64,1886.7,1794.64,1886.7,78470514.0,4301738733.0,6975078448.0,0.01125012637277223
2020-09-14,1890.07,1938.96,1865.11,1895.46,83224407.0,4691008263.0,6975078448.0,0.011931680427746783
2020-09-15,1886.7,1888.38,1841.17,1871.18,48835418.0,2700921885.0,6975078448.0,0.007001414874982923
2020-09-16,1854.66,1857.7,1798.35,1827.35,56675400.0,3061236880.0,6975078448.0,0.008125413989609082
2020-09-17,1820.94,1841.85,1787.22,1810.15,42830917.0,2305159074.0,6975078448.0,0.00614056419856914
2020-09-18,1813.52,1898.5,1813.52,1878.27,66293843.0,3671722765.0,6975078448.0,0.009504386723995738
2020-09-21,1877.93,1895.13,1846.91,1848.25,43633134.0,2419479047.0,6975078448.0,0.006255576094991613
2020-09-22,1862.42,1918.73,1854.66,1879.95,64848361.0,3642234779.0,6975078448.0,0.009297151492051577
2020-09-23,1890.07,1933.91,1881.3,1901.87,56213552.0,3184824697.0,6975078448.0,0.008059199967294763
2020-09-24,1871.52,1929.18,1861.74,1866.46,62165437.0,3482499104.0,6975078448.0,0.008912507216004863
2020-09-25,1879.95,1894.79,1823.64,1861.41,46554996.0,2572443544.0,6975078448.0,0.006674476329846721
2020-09-28,1885.68,1933.91,1871.52,1918.39,77185084.0,4387532468.0,6975078448.0,0.01106583740604834
2020-09-29,1945.71,1949.08,1908.62,1918.73,53891285.0,3081495820.0,6975078448.0,0.007726262206477767
2020-09-30,1923.12,1954.14,1905.24,1926.49,46627640.0,2668926188.0,6987369320.0,0.006673132314122477
2020-10-09,1992.92,2073.17,1978.42,2071.83,125931074.0,7588394619.0,6987369320.0,0.018022673231189675
2020-10-12,2076.88,2090.71,2029.34,2090.71,93095458.0,5709973661.0,6987369320.0,0.013323391642335574
2020-10-13,2095.77,2154.1,2050.58,2070.48,67971867.0,4219500540.0,6987369320.0,0.009727819424893373
2020-10-14,2031.7,2040.13,1999.32,2016.52,75333378.0,4505310808.0,6987369320.0,0.01078136485277409
2020-10-15,2026.64,2053.28,2006.41,2014.84,40038070.0,2400907196.0,6987369320.0,0.005730063514089449
2020-10-16,2009.78,2029.34,1953.13,1968.3,55553042.0,3258277137.0,6987369320.0,0.007950494593292801
2020-10-19,2018.21,2034.39,1961.56,1971.67,47861011.0,2836535714.0,6987369320.0,0.006849646670744463
2020-10-20,1971.67,1999.32,1938.63,1996.96,42460739.0,2490141317.0,6987369320.0,0.006076784703288018
2020-10-21,1996.96,1996.96,1918.06,1945.03,55029394.0,3168499687.0,6987369320.0,0.00787555251194308
2020-10-22,1922.1,1959.2,1914.68,1942.0,30449956.0,1748407290.0,6987369320.0,0.004357856956672215
2020-10-23,1972.69,1982.13,1911.31,1913.67,35178082.0,2021984015.0,6987369320.0,0.005034524495407665
2020-10-26,1901.87,1955.49,1872.53,1938.96,35638829.0,2032764339.0,6987369320.0,0.00510046447637893
2020-10-27,1934.92,1948.41,1899.85,1943.01,45759132.0,2616686769.0,6987369320.0,0.0065488354635876034
2020-10-28,1962.23,2019.22,1911.99,2004.38,93138967.0,5449228841.0,6987369320.0,0.013329618449307901
2020-10-29,1957.51,1989.55,1939.64,1969.31,63457133.0,3702376813.0,6987369320.0,0.00908169156285559
2020-10-30,1972.69,1977.07,1836.11,1849.94,113837942.0,6379109437.0,6987369320.0,0.016291960076328126
2020-11-02,1851.29,1919.41,1844.54,1904.57,59980380.0,3355099868.0,6987369320.0,0.008584114743773125
2020-11-03,1914.68,1935.59,1884.67,1917.05,40691823.0,2308247977.0,6987369320.0,0.005823625621666725
2020-11-04,1906.93,1964.25,1906.93,1953.46,51933161.0,2998249881.0,6987369320.0,0.0074324339564178065
2020-11-05,1989.55,1998.65,1942.34,1972.35,57031014.0,3336812074.0,6987369320.0,0.008162015114437947
2020-11-06,1986.85,1992.58,1958.52,1991.23,56747495.0,3327248353.0,6987369320.0,0.0081214391856419
2020-11-09,2030.35,2079.92,1995.95,2009.78,92227890.0,5587775844.0,6987369320.0,0.013199229320255823
2020-11-10,1989.55,1994.94,1939.3,1959.53,61293171.0,3571231131.0,6987369320.0,0.008771995323699306
2020-11-11,1954.48,1971.67,1911.65,1911.99,50310012.0,2881051992.0,6987369320.0,0.007200136374071036
2020-11-12,1934.24,1947.73,1914.01,1923.79,29557619.0,1690440692.0,6987369320.0,0.004230149809799949
2020-11-13,1923.79,1932.22,1871.86,1884.0,53977346.0,3032652117.0,6987369320.0,0.007724988264968367
2020-11-16,1884.0,1884.0,1725.51,1780.14,153437360.0,8068832555.0,6987369320.0,0.02195924574371861
2020-11-17,1753.5,1803.74,1699.54,1800.03,110630199.0,5729009646.0,6987369320.0,0.01583288272502533
2020-11-18,1776.43,1783.85,1743.38,1768.0,60791791.0,3178048431.0,6987369320.0,0.008700240135582243
2020-11-19,1768.34,1783.51,1744.06,1754.85,43239614.0,2254918365.0,6987369320.0,0.006188253693165313
2020-11-20,1763.61,1802.73,1746.08,1759.57,53084164.0,2785684292.0,6987369320.0,0.0075971601856018684
2020-11-23,1762.94,1777.78,1721.13,1742.71,68202650.0,3525595825.0,6987369320.0,0.009760848021126211
2020-11-24,1725.51,1735.96,1668.86,1718.77,90934747.0,4586100897.0,6987369320.0,0.01301416067127249
2020-11-25,1734.95,1758.89,1714.72,1722.47,55654799.0,2859199251.0,6987369320.0,0.007965057584790724
2020-11-26,1710.0,1719.44,1659.75,1692.13,62131552.0,3105359936.0,6987369320.0,0.008891980537247457
2020-11-27,1705.61,1756.87,1685.72,1753.5,64494424.0,3293313112.0,6987369320.0,0.009230143856200234
2020-11-30,1780.47,1787.22,1737.31,1743.04,80031986.0,4200388544.0,6987369320.0,0.011453807911787895
2020-12-01,1753.5,1782.84,1736.64,1776.43,62055753.0,3242831250.0,6987369320.0,0.008881132534726246
2020-12-02,1774.74,1774.74,1722.47,1740.01,67464338.0,3480466296.0,6987369320.0,0.00965518422031827
2020-12-03,1733.27,1752.15,1725.85,1728.88,47744905.0,2456404802.0,6987369320.0,0.0068330301166906115
2020-12-04,1729.56,1769.01,1710.0,1758.22,51323303.0,2652980046.0,6987369320.0,0.007345153898348685
2020-12-07,1762.94,1783.17,1746.75,1779.46,52885765.0,2777575287.0,6987369320.0,0.007568766237763428
2020-12-08,1785.2,1787.22,1760.92,1772.04,39253994.0,2063595769.0,6987369320.0,0.005617850181132261
2020-12-09,1787.22,1849.27,1786.88,1788.91,79606505.0,4281597729.0,6987369320.0,0.011392915037729823
2020-12-10,1766.65,1773.73,1731.58,1746.75,53606400.0,2777151900.0,6987369320.0,0.00767190018803815
2020-12-11,1753.5,1755.52,1686.06,1708.99,64840987.0,3294180907.0,6987369320.0,0.009279742350873763
2020-12-14,1706.29,1712.02,1645.59,1679.65,88291338.0,4359614391.0,6987369320.0,0.012635848193580242
2020-12-15,1673.24,1707.97,1663.13,1697.52,49849790.0,2492759975.0,6987369320.0,0.0071342715286731116
2020-12-16,1733.27,1786.54,1733.27,1764.63,102414106.0,5356231675.0,6987369320.0,0.014657033471360863
2020-12-17,1773.39,1792.61,1745.74,1766.65,50777164.0,2662460998.0,6987369320.0,0.007266993009037055
2020-12-18,1777.78,1777.78,1709.66,1735.96,51322554.0,2640751302.0,6987369320.0,0.007345046704930719
2020-12-21,1720.45,1787.22,1712.02,1784.52,65634319.0,3419086439.0,6990629424.000001,0.009388899771266146
2020-12-22,1758.56,1811.5,1742.03,1770.02,77890615.0,4102959924.0,6990629424.000001,0.011142146189667626
2020-12-23,1794.3,1871.52,1794.3,1870.51,127260130.0,6952737788.0,6990629424.000001,0.018204387942964716
2020-12-24,1870.85,1914.35,1849.6,1879.28,73355092.0,4107276065.0,6990629424.000001,0.010493345813491371
2020-12-25,1888.72,1963.24,1881.98,1907.27,83964965.0,4803436986.0,7006825870.000001,0.011983309783606766
2020-12-28,1906.93,1917.05,1861.74,1874.22,66047682.0,3687951763.0,7006825870.000001,0.009426191434667405
2020-12-29,1894.12,1901.87,1844.21,1871.52,58070813.0,3237582031.0,7006825870.000001,0.008287748843400328
2020-12-30,1856.68,1898.16,1856.68,1891.08,60003682.0,3342355035.0,7006825870.000001,0.00856360399320156
2020-12-31,1888.38,1926.82,1861.41,1892.43,62149833.0,3483265405.0,7006825870.000001,0.00886989831816671
2021-01-04,1881.64,1885.01,1788.57,1823.3,143034021.0,7723657661.0,7006825870.000001,0.020413525846618475
2021-01-05,1806.78,1897.49,1799.02,1896.81,125414190.0,6873512662.0,7006825870.000001,0.01789885924480666
2021-01-06,1899.51,1938.29,1854.66,1873.55,91035962.0,5108131217.0,7006825870.000001,0.012992468157339836
2021-01-07,1884.34,1974.71,1861.41,1972.69,145898924.0,8378821174.0,7006825870.000001,0.020822399001618114
2021-01-08,2005.06,2056.99,1986.17,2023.6,148961527.0,8921331481.0,7013153737.0,0.021240305372761004
2021-01-11,2023.6,2059.01,1982.8,2056.99,128045098.0,7672326387.0,7013153737.0,0.018257848437637923
2021-01-12,2023.27,2044.17,1968.64,2035.74,113193732.0,6745319449.0,7013153737.0,0.016140204000207846
2021-01-13,2030.01,2111.28,2011.8,2094.42,124195865.0,7659221392.0,7013153737.0,0.0177089893730359
2021-01-14,2101.16,2133.2,2011.46,2017.2,113979444.0,6956819755.0,7013153737.0,0.016252238047865283
2021-01-15,1989.55,2019.22,1900.52,1935.59,100741963.0,5837483662.0,7013153737.0,0.014364716185887314
2021-01-18,1938.96,1985.5,1938.96,1952.45,77785926.0,4519950342.0,7013153737.0,0.011091433172157196
2021-01-19,1949.08,1951.44,1872.2,1878.6,109262187.0,6146833932.0,7013153737.0,0.015579608133150498
2021-01-20,1895.13,1906.93,1854.66,1895.46,75136583.0,4193144120.0,7013153737.0,0.010713665466021994
2021-01-21,1903.89,1972.69,1902.21,1952.45,90029333.0,5174934256.0,7013153737.0,0.012837210815017958
2021-01-22,1980.1,2005.39,1905.24,1938.63,89165961.0,5135566882.0,7013153737.0,0.012714103289876304
2021-01-25,1804.08,1906.93,1753.84,1861.74,204391961.0,11100122092.0,7013153737.0,0.02914408676394313
2021-01-26,1830.38,1870.85,1773.73,1779.8,97698798.0,5255231744.0,7013153737.0,0.013930793714753554
2021-01-27,1770.36,1834.77,1766.65,1813.86,68757342.0,3665534375.0,7013153737.0,0.009804054577792867
2021-01-28,1804.08,1804.08,1687.4,1697.86,122838721.0,6301783109.0,7013153737.0,0.017515475292082566
2021-01-29,1734.95,1820.6,1734.61,1790.59,114820407.0,6048822471.0,7013153737.0,0.0163721502915629
2021-02-01,1803.74,1803.74,1749.79,1792.95,60241678.0,3180705618.0,7013153737.0,0.008589812837294144
2021-02-02,1794.3,1824.31,1737.99,1814.2,79208956.0,4181979756.0,7013153737.0,0.01129434188532177
2021-02-03,1813.52,1814.2,1729.22,1737.99,86141463.0,4499967634.0,7013153737.0,0.012282842531389955
2021-02-04,1691.11,1712.7,1618.61,1652.33,153030713.0,7500830517.0,7013153737.0,0.02182052736027167
2021-02-05,1656.04,1702.58,1656.04,1669.87,67945790.0,3394908578.0,7013153737.0,0.009688336025136818
2021-02-08,1686.06,1700.56,1538.02,1613.89,125120544.0,6020792375.0,7013153737.0,0.017840838614429477
2021-02-09,1584.89,1706.29,1584.89,1695.5,87914750.0,4359929656.0,7013153737.0,0.012535694110936043
2021-02-10,1719.78,1795.65,1688.75,1779.8,92903001.0,4853025414.0,7013153737.0,0.013246964844056148
2021-02-18,1798.01,1807.45,1682.68,1689.77,120931117.0,6137864663.0,7013153737.0,0.01724347155859304
2021-02-19,1675.94,1685.72,1626.03,1680.66,70650140.0,3472647531.0,7013153737.0,0.01007394713554673
2021-02-22,1681.0,1682.68,1642.22,1642.22,77890335.0,3829641284.0,7022354523.0,0.011091769113178395
2021-02-23,1633.79,1675.94,1628.73,1635.47,56981041.0,2786481816.0,7022354523.0,0.008114235875356701
2021-02-24,1630.08,1648.96,1580.17,1605.13,63511706.0,3041045456.0,7022354523.0,0.009044218116869916
2021-02-25,1605.46,1618.28,1562.3,1581.52,54024729.0,2545077642.0,7022354523.0,0.007693250009388625
2021-02-26,1551.17,1599.06,1536.0,1568.03,61504405.0,2870285611.0,7022354523.0,0.008758373676315743
2021-03-01,1588.26,1615.58,1570.73,1605.13,49170113.0,2324381836.0,7022354523.0,0.007001941135121469
2021-03-02,1620.97,1679.31,1609.85,1652.33,101026575.0,4953798645.0,7022354523.0,0.014386424762394469
2021-03-03,1635.47,1664.14,1625.36,1650.65,54155704.0,2641451776.0,7022354523.0,0.007711901161159875
2021-03-04,1632.1,1633.45,1544.76,1558.25,78876240.0,3680130775.0,7022354523.0,0.011232164332014315
2021-03-05,1539.71,1618.61,1536.0,1606.14,63451746.0,2979127913.0,7022354523.0,0.009035679670141883
2021-03-08,1620.3,1641.54,1551.17,1557.92,55508853.0,2618227550.0,7022354523.0,0.007904592799778816
2021-03-09,1571.07,1571.07,1440.23,1500.59,74730305.0,3344775520.0,7022354523.0,0.01064177331908254
2021-03-10,1533.97,1564.66,1450.68,1464.51,77628894.0,3429793612.0,7025970893.0,0.01104884935935928
2021-03-11,1451.69,1462.82,1355.25,1421.34,140756543.0,5882176948.0,7025970893.0,0.02003374980392194
2021-03-12,1428.76,1433.15,1353.9,1377.51,110237031.0,4522028816.0,7025970893.0,0.01568993562296558
2021-03-15,1362.33,1366.72,1277.36,1288.15,127015049.0,4946161447.0,7025970893.0,0.018077935552870784
2021-03-16,1288.82,1335.36,1278.7,1295.57,81858419.0,3166208512.0,7025970894.000001,0.011650833775856514
2021-03-17,1264.54,1331.31,1240.6,1301.3,85259323.0,3253950784.0,7025970894.000001,0.012134881326196395
2021-03-18,1301.3,1310.07,1267.91,1300.96,70612618.0,2692449803.0,7025970894.000001,0.01005022922316706
2021-03-19,1281.4,1283.43,1200.47,1208.56,136514589.0,4990287181.0,7025970894.000001,0.019429996374818456
2021-03-22,1213.96,1217.67,1106.39,1190.36,174447626.0,5990806292.0,7025970894.000001,0.024828970775978277
2021-03-23,1197.77,1217.0,1149.22,1158.32,119297538.0,4163396885.0,7025970894.000001,0.01697950928061445
2021-03-24,1146.86,1154.95,1091.55,1092.56,131678417.0,4349596635.0,7025970894.000001,0.01874166844506145
2021-03-25,1080.76,1120.89,1075.7,1109.09,95288557.0,3119282547.0,7025970894.000001,0.013562333012420246
2021-03-26,1120.22,1185.3,1109.42,1177.54,116655308.0,4009761699.0,7025970894.000001,0.016603443105581414
2021-03-29,1184.29,1187.32,1133.37,1138.09,95276499.0,3243654889.0,7025970894.000001,0.013560616808328041
2021-03-30,1138.09,1158.99,1119.54,1143.48,81268731.0,2754676944.0,7025970894.000001,0.011566904023101123
2021-03-31,1143.82,1148.88,1115.16,1140.79,58152025.0,1953136299.0,7025970894.000001,0.00827672443813571
2021-04-01,1150.23,1189.34,1143.48,1182.94,87325022.0,3028667449.0,7025970894.000001,0.012428890372229315
2021-04-02,1184.29,1222.39,1173.83,1204.86,85237175.0,3046277189.0,7025970894.000001,0.01213172902164886
2021-04-06,1208.56,1219.69,1181.59,1183.27,64647091.0,2285170761.0,7025970894.000001,0.009201161230998973
2021-04-07,1188.67,1188.67,1149.89,1162.7,57560802.0,1981120299.0,7025970894.000001,0.008192576210236717
2021-04-08,1167.09,1175.18,1146.86,1148.54,47189835.0,1618186723.0,7025970894.000001,0.006716485979225862
2021-04-09,1148.88,1155.96,1122.91,1127.97,51272927.0,1722908676.0,7025970894.000001,0.007297628722570679
2021-04-12,1133.37,1142.13,1098.97,1104.7,46130666.0,1527506738.0,7025970894.000001,0.006565735425888884
2021-04-13,1105.72,1175.18,1105.72,1150.9,100393854.0,3425903411.0,7025970894.000001,0.014288965256849239
2021-04-14,1154.95,1160.68,1135.73,1151.58,52834109.0,1800520952.0,7025970894.000001,0.007519830326242737
2021-04-15,1152.25,1155.62,1109.42,1128.65,63922350.0,2125414454.0,7025970894.000001,0.009098009508491994
2021-04-16,1128.98,1132.69,1098.63,1122.24,48611486.0,1609124111.0,7025970894.000001,0.00691882826350917
2021-04-19,1126.62,1234.53,1124.6,1232.84,192126326.0,6871104719.0,7025970894.000001,0.027345163949379716
2021-04-20,1225.43,1225.43,1188.33,1189.01,115035448.0,4108390263.0,7025970894.000001,0.01637288991593138
2021-04-21,1153.26,1224.41,1147.19,1219.69,109963108.0,3886528073.0,7025970894.000001,0.015650948411116486
2021-04-22,1233.18,1302.31,1191.03,1260.16,175950628.0,6501303070.0,7025970894.000001,0.02504289167355608
2021-04-23,1243.97,1281.74,1231.5,1260.83,110852252.0,4142223134.0,7025970894.000001,0.015777499461983962
2021-04-26,1227.45,1261.84,1204.52,1225.09,112235281.0,4110137997.0,7025970894.000001,0.015974344712393566
2021-04-27,1220.7,1295.9,1194.06,1294.89,125148168.0,4653232531.0,7025970894.000001,0.017812224088043595
2021-04-28,1277.02,1285.45,1249.37,1254.43,105320340.0,3948848743.0,7025970894.000001,0.01499014749547865
2021-04-29,1254.09,1269.6,1232.51,1237.9,65452197.0,2420610925.0,7025970894.000001,0.00931575123032384
2021-04-30,1244.31,1254.09,1229.13,1246.33,56323896.0,2078064726.0,7025970894.000001,0.008016528512536134
2021-05-06,1235.88,1269.6,1214.97,1225.09,56237171.0,2061918688.0,7025970894.000001,0.008004185022745412
2021-05-07,1230.82,1244.98,1165.4,1170.12,74544210.0,2658897002.0,7025970894.000001,0.010609809110319378
2021-05-10,1168.77,1186.98,1139.77,1164.05,66007202.0,2274778514.0,7025970894.000001,0.00939474458346653
2021-05-11,1158.66,1166.75,1133.03,1163.38,58037838.0,1979651282.0,7025970894.000001,0.008260472307046251
2021-05-12,1159.33,1161.02,1119.54,1135.39,69397723.0,2335793200.0,7025970894.000001,0.009877314330929534
2021-05-13,1113.13,1131.68,1107.06,1111.45,60000249.0,1985392848.0,7025970894.000001,0.00853978046667382
2021-05-14,1114.48,1130.33,1077.39,1128.65,74746825.0,2454695485.0,7025970894.000001,0.010638647117629234
2021-05-17,1129.66,1203.51,1129.32,1172.82,98573600.0,3406229349.0,7025970894.000001,0.014029890172784424
2021-05-18,1166.75,1185.97,1147.53,1173.16,64351868.0,2225460191.0,7025970894.000001,0.009159142411898524
2021-05-19,1163.72,1220.7,1150.9,1205.53,85998000.0,3070850318.0,7025970894.000001,0.012240016546814916
2021-05-20,1198.79,1223.4,1189.01,1211.94,60142864.0,2158548650.0,7025970894.000001,0.008560078728956942
2021-05-21,1211.94,1232.84,1163.04,1168.44,68637026.0,2413379403.0,7025970894.000001,0.009769045023886203
2021-05-24,1165.74,1247.68,1155.96,1240.94,125654605.0,4517294152.0,7025970894.000001,0.017884304802245312
2021-05-25,1244.98,1348.84,1231.5,1341.76,201729007.0,7766348276.0,7025970894.000001,0.02871190473793044
2021-05-26,1348.51,1359.97,1302.65,1319.17,118492203.0,4663970075.0,7025970894.000001,0.016864886687929393
2021-05-27,1321.19,1358.96,1312.09,1345.47,97538277.0,3879797266.0,7025970894.000001,0.013882533598779235
2021-05-28,1345.81,1353.9,1306.69,1325.24,84809773.0,3339012016.0,7025970894.000001,0.012070897286583605
2021-05-31,1329.62,1329.96,1295.23,1315.12,74561640.0,2893968574.0,7025970894.000001,0.010612289906249643
2021-06-01,1313.44,1354.24,1292.53,1322.2,81737819.0,3219681892.0,7025970894.000001,0.011633668888352783
2021-06-02,1323.55,1328.61,1282.08,1292.19,64687912.0,2489384762.0,7025970894.000001,0.009206971246527909
2021-06-03,1291.18,1333.67,1284.77,1299.27,67086517.0,2604776233.0,7025970894.000001,0.009548362498525316
2021-06-04,1283.76,1304.33,1260.5,1293.2,58832147.0,2243751282.0,7025970894.000001,0.008373525579253558
2021-06-07,1296.91,1336.7,1296.58,1329.29,85452552.0,3350106445.0,7025970894.000001,0.0121623834327259
2021-06-08,1328.27,1386.95,1322.54,1357.27,129291712.0,5242181655.0,7025970894.000001,0.01840197090916101
2021-06-09,1365.71,1384.93,1339.07,1379.19,89162436.0,3628309285.0,7025970894.000001,0.012690407823371776
2021-06-10,1376.5,1385.94,1345.47,1361.66,72980157.0,2953490391.0,7025970894.000001,0.010387198879847792
2021-06-11,1355.59,1360.65,1295.23,1315.12,88575521.0,3468025959.0,7025970894.000001,0.012606872749165702
2021-06-15,1315.8,1348.51,1308.38,1342.44,69006869.0,2727040603.0,7025970894.000001,0.009821684439218228
2021-06-16,1348.51,1355.25,1269.94,1277.02,72993198.0,2831893333.0,7025970894.000001,0.010389054993429353
2021-06-17,1277.02,1331.98,1271.29,1325.91,73463533.0,2850499314.0,7025970894.000001,0.010455997343048485
2021-06-18,1329.29,1349.18,1315.12,1340.75,67071204.0,2651007366.0,7025970894.000001,0.009546183013265411
2021-06-21,1334.68,1426.4,1324.57,1419.66,137266484.0,5699235730.0,7025970894.000001,0.019537012901266367
2021-06-22,1422.36,1432.47,1386.95,1410.89,76085507.0,3172563261.0,7025970894.000001,0.010829180500160494
2021-06-23,1409.54,1510.03,1390.32,1485.42,132973095.0,5790418985.0,7025970894.000001,0.018925938778590105
2021-06-24,1507.33,1568.03,1506.32,1545.78,146599121.0,6688742882.0,7025970894.000001,0.02086531857471711
2021-06-25,1546.45,1688.75,1516.44,1585.23,171280777.0,8090878655.0,7025970894.000001,0.02437823605934226
2021-06-28,1598.38,1652.0,1561.29,1594.33,127759672.0,6091724534.0,7025970894.000001,0.018183917059648436
2021-06-29,1590.96,1625.36,1570.06,1601.42,74440685.0,3541260870.0,7025159269.0,0.010596298553469849
2021-06-30,1591.64,1601.08,1534.99,1551.17,100709475.0,4641936195.0,7025159269.0,0.014335543315637246
2021-07-01,1570.73,1573.76,1529.25,1544.43,61173885.0,2808913352.0,7025159269.0,0.008707828912853648
2021-07-02,1529.93,1533.3,1462.82,1470.24,92941659.0,4090692665.0,7025159269.0,0.013229829451714314
2021-07-05,1483.73,1542.74,1479.68,1541.73,77539482.0,3485838326.0,7025159269.0,0.011037398446204537
2021-07-06,1552.86,1556.57,1495.87,1530.94,66539632.0,3008064045.0,7025159269.0,0.00947161899853576
2021-07-07,1514.08,1559.6,1500.93,1528.24,68308728.0,3109383929.0,7025159269.0,0.009723441901371076
2021-07-08,1537.71,1596.19,1537.71,1577.26,92588517.0,4315418398.0,7025159269.0,0.01317956126753829
2021-07-09,1554.95,1594.83,1509.65,1564.07,80860178.0,3709110645.0,7025159269.0,0.011510084669085386
2021-07-12,1571.85,1581.99,1521.14,1538.04,87021677.0,3977668288.0,7025159269.0,0.0123871464927495
2021-07-13,1520.8,1520.8,1450.49,1455.56,118168691.0,5148898128.0,7025159269.0,0.016820784622128687
2021-07-14,1457.25,1491.73,1449.82,1457.93,62440675.0,2707569577.0,7025159269.0,0.008888150803289639
2021-07-15,1477.87,1479.9,1408.58,1428.52,79908417.0,3378827953.0,7025159269.0,0.011374605747746215
2021-07-16,1425.82,1446.1,1393.03,1394.72,65526765.0,2740235663.0,7025159269.0,0.009327441911409853
2021-07-19,1399.45,1442.38,1387.96,1442.38,71499296.0,3001673592.0,7025159269.0,0.010177604985484921
2021-07-20,1423.11,1464.01,1419.73,1460.97,59886359.0,2557439665.0,7025159269.0,0.008524555345565078
2021-07-21,1457.25,1484.3,1419.06,1421.42,94214362.0,4045580538.0,7025159269.0,0.013410993031252798
2021-07-22,1419.73,1436.97,1367.34,1395.73,110137613.0,4542490451.0,7025159269.0,0.0156775965900169
2021-07-23,1389.65,1404.52,1355.51,1367.34,83651868.0,3398587149.0,7025159269.0,0.011907469253989948
2021-07-26,1370.72,1388.3,1320.35,1345.03,76384737.0,3057646901.0,7025159269.0,0.010873025660366704
2021-07-27,1352.8,1374.44,1304.46,1305.82,90813389.0,3577802411.0,7025159269.0,0.01292687973648274
2021-07-28,1294.66,1304.8,1239.22,1274.04,75476829.0,2848493953.0,7025159269.0,0.010743789017433022
2021-07-29,1297.03,1313.93,1279.45,1293.65,67993461.0,2605669113.0,7025159269.0,0.009678565054038777
2021-07-30,1279.45,1280.46,1220.29,1250.04,89239224.0,3281056249.0,7025159269.0,0.012702804389615326
2021-08-02,1227.39,1309.53,1203.39,1293.31,106437216.0,3963711198.0,7025159269.0,0.0151508616281024
2021-08-03,1291.28,1347.06,1280.13,1321.03,86338767.0,3372611530.0,7025159269.0,0.012289937308750857
2021-08-04,1328.8,1418.38,1318.66,1404.18,123330424.0,5013346581.0,7025159269.0,0.017555534227419095
2021-08-05,1406.21,1434.94,1385.25,1400.46,83602195.0,3473587028.0,7025159269.0,0.011900398524615998
2021-08-06,1395.39,1395.39,1361.59,1374.1,61015900.0,2482353618.0,7025159269.0,0.008685340454734678
2021-08-09,1352.8,1431.23,1345.7,1425.82,85018529.0,3524466020.0,7025159269.0,0.012102007334575634
2021-08-10,1418.72,1429.87,1388.63,1413.65,61606723.0,2561132541.0,7025159269.0,0.008769441466167562
2021-08-11,1421.42,1424.8,1396.75,1413.31,45304498.0,1893794559.0,7025159269.0,0.006448892653568108
2021-08-12,1412.3,1443.39,1403.51,1425.14,70445224.0,2972919217.0,7025159269.0,0.01002756255090962
2021-08-13,1429.87,1435.28,1314.27,1329.82,117604448.0,4720100306.0,7025159269.0,0.016740467154809497
2021-08-16,1325.08,1340.97,1301.42,1305.82,60187324.0,2338193540.0,7025159269.0,0.008567396367166975
2021-08-17,1304.13,1321.03,1265.59,1277.08,50677824.0,1935496882.0,7025159269.0,0.007213761576001075
2021-08-18,1281.48,1301.42,1269.31,1292.29,35093925.0,1337337277.0,7025159269.0,0.004995463256592539
2021-08-19,1284.52,1314.94,1273.03,1274.38,50132783.0,1908559907.0,7025159269.0,0.007136177427495701
2021-08-20,1267.62,1290.27,1245.31,1282.83,53365907.0,2000189557.0,7025159269.0,0.007596398167866221
2021-08-23,1299.73,1323.73,1286.21,1317.31,49158619.0,1911378698.0,7025159269.0,0.006997509539310062
2021-08-24,1328.46,1331.84,1304.13,1307.51,40496134.0,1573995742.0,7025159269.0,0.005764443544888405
2021-08-25,1252.41,1297.37,1252.41,1257.48,97918682.0,3663282369.0,7025159269.0,0.013938286414670608
2021-08-26,1258.83,1272.35,1237.2,1258.15,51901051.0,1929902059.0,7025159269.0,0.007387882468234472
2021-08-27,1260.86,1308.86,1251.05,1283.84,66848781.0,2537622534.0,7025159269.0,0.009515624975932484
2021-08-30,1291.62,1301.08,1183.11,1207.45,142568627.0,5172287952.0,7025159269.0,0.02029400637635565
2021-08-31,1187.84,1193.93,1135.79,1144.58,112646202.0,3851116130.0,7025159269.0,0.016034683013817948
2021-09-01,1142.55,1171.28,1127.67,1159.79,74435243.0,2538031727.0,7025159269.0,0.010595523909110678
2021-09-02,1166.89,1189.53,1141.53,1157.76,60200238.0,2067779438.0,7025159269.0,0.008569234617305585
2021-09-03,1158.43,1168.91,1135.45,1156.07,43619042.0,1489014659.0,7025159269.0,0.006208975530630066
2021-09-06,1156.07,1198.66,1149.31,1192.24,56463415.0,1971160665.0,7025159269.0,0.008037314577216313
2021-09-07,1194.27,1197.31,1173.31,1186.83,53791515.0,1882211423.0,7025159269.0,0.007656981563018283
2021-09-08,1194.27,1245.31,1191.56,1220.97,96705665.0,3473006834.0,7025159269.0,0.0137656188702702
2021-09-09,1196.63,1206.77,1176.69,1194.6,49465778.0,1743337627.0,7025159269.0,0.007041232249107604
2021-09-10,1188.18,1228.41,1178.04,1217.59,78049232.0,2773610862.0,7025159269.0,0.01110995907870854
2021-09-13,1216.91,1216.91,1178.38,1182.77,63222031.0,2225376005.0,7025159269.0,0.00899937333506168
2021-09-14,1183.45,1194.94,1156.07,1160.12,51206542.0,1776258330.0,7025159269.0,0.007289022218465521
2021-09-15,1159.45,1159.79,1126.32,1129.03,73609720.0,2466658242.0,7025159269.0,0.0104780144024376
2021-09-16,1135.79,1154.04,1123.96,1152.01,57778233.0,1945625799.0,7025159269.0,0.008224473038633965
2021-09-17,1145.59,1149.98,1126.66,1133.42,38121450.0,1279312387.0,7025159269.0,0.005426417898910699
2021-09-22,1115.5,1134.1,1108.74,1112.12,36584038.0,1208645203.0,7025159269.0,0.005207574177205462
2021-09-23,1115.5,1202.72,1115.5,1199.34,124902384.0,4325737863.0,7025159269.0,0.017779295702398973
2021-09-24,1193.25,1238.55,1179.73,1203.39,96029201.0,3438634261.0,7025159269.0,0.01366932724554006
2021-09-27,1203.39,1262.89,1196.63,1245.31,97216171.0,3563584307.0,7025159269.0,0.013838287115992786
2021-09-28,1245.31,1245.31,1203.39,1210.49,54630919.0,1970308996.0,7025159269.0,0.0077764669679548015
2021-09-29,1189.87,1221.31,1169.25,1207.11,55123583.0,1947621866.0,7025159269.0,0.007846595484780602
2021-09-30,1207.11,1223.67,1200.01,1207.11,36161039.0,1296961130.0,7037494534.0,0.0051383399056718895
2021-10-08,1250.72,1281.82,1233.82,1273.7,85883773.0,3219976765.0,7037494534.0,0.012203742764569514
2021-10-11,1271.0,1311.22,1264.24,1269.98,61218403.0,2321984291.0,7037494534.0,0.008698891729753775
2021-10-12,1269.98,1274.04,1221.31,1232.13,54341366.0,1998069467.0,7037494534.0,0.007721692107533791
2021-10-13,1224.35,1233.48,1203.39,1222.32,42932294.0,1546910553.0,7037494534.0,0.006100508326163909
2021-10-14,1231.45,1232.13,1206.43,1207.45,30636883.0,1100443794.0,7037494534.0,0.004353379295995912
2021-10-15,1210.15,1237.2,1195.62,1223.0,45622473.0,1649168065.0,7037494534.0,0.0064827720688926645
2021-10-18,1219.62,1219.62,1168.24,1176.01,53496594.0,1871388290.0,7037494534.0,0.007601653364211338
2021-10-19,1180.74,1273.7,1180.74,1250.38,85650788.0,3136367583.0,7037494534.0,0.012170636522159748
2021-10-20,1263.9,1265.59,1234.15,1253.76,43810396.0,1617056769.0,7037494534.0,0.0062252831300032094
2021-10-21,1250.72,1294.66,1245.65,1260.18,62284897.0,2341408076.0,7037494534.0,0.008850436287955205
2021-10-22,1259.84,1288.58,1248.69,1278.77,52173896.0,1967833552.0,7037494534.0,0.007413703235993163
2021-10-25,1277.76,1290.6,1255.79,1276.41,45601381.0,1723877627.0,7037494534.0,0.006479774979531089
2021-10-26,1269.31,1335.22,1258.15,1329.14,106445939.0,4120783650.0,7037494534.0,0.0151255448207784
2021-10-27,1321.7,1321.7,1284.86,1288.58,65933802.0,2534874646.0,7037494534.0,0.00936893118445156
2021-10-28,1250.72,1355.51,1242.27,1314.27,161341374.0,6296787924.0,7037494534.0,0.022925967930847703
2021-10-29,1313.59,1329.14,1291.28,1306.15,70400190.0,2729298439.0,7037494534.0,0.0100035871658412
2021-11-01,1306.15,1353.14,1284.52,1345.03,77827635.0,3075787414.0,7037494534.0,0.011058997577048776
2021-11-02,1341.99,1368.35,1325.08,1344.69,61693472.0,2454522531.0,7037494534.0,0.008766397146305763
2021-11-03,1352.13,1358.21,1321.37,1344.69,43989694.0,1744057258.0,7037494534.0,0.0062507606631130065
2021-11-04,1350.77,1418.72,1347.39,1392.69,84409087.0,3471367875.0,7037494534.0,0.011994195745687239
2021-11-05,1393.03,1425.48,1391.0,1392.69,61838355.0,2575714612.0,7039256943.0,0.008784784459600311
2021-11-08,1386.61,1392.35,1341.31,1375.79,54968691.0,2224415591.0,7039256943.0,0.007808876909183168
2021-11-09,1375.79,1385.93,1325.08,1348.75,55546972.0,2214451004.0,7039256943.0,0.00789102776753123
2021-11-10,1348.41,1356.52,1325.08,1336.92,44249832.0,1750723853.0,7039256943.0,0.00628615098984319
2021-11-11,1331.84,1371.39,1325.76,1348.41,53265399.0,2135757856.0,7039256943.0,0.007566906483356648
2021-11-12,1345.7,1378.49,1322.72,1368.35,41360725.0,1663609144.0,7039256943.0,0.00587572315301405
2021-11-15,1367.68,1421.08,1362.61,1410.94,73746743.0,3060626289.0,7039256943.0,0.010476495402449468
2021-11-16,1400.8,1465.37,1398.1,1449.48,82704926.0,3536763834.0,7039256943.0,0.011749098899173398
2021-11-17,1443.39,1448.47,1419.73,1435.28,44762453.0,1898891110.0,7039256943.0,0.006358974159128091
2021-11-18,1425.14,1460.3,1372.41,1380.86,59439768.0,2458748463.0,7039256943.0,0.008444040114078842
2021-11-19,1378.15,1485.65,1378.15,1456.92,100674080.0,4327723695.0,7039256943.0,0.014301804979588455
2021-11-22,1464.01,1464.69,1427.51,1445.42,62009621.0,2650383357.0,7039256943.0,0.008809114584411328
2021-11-23,1438.32,1445.76,1412.97,1420.41,39431766.0,1662439846.0,7039256943.0,0.005601694371905526
2021-11-24,1430.55,1441.7,1398.1,1429.87,40528369.0,1706186555.0,7039256943.0,0.005757478286156659
2021-11-25,1416.35,1436.3,1398.77,1411.28,30363795.0,1267978224.0,7039256943.0,0.004313494342637181
2021-11-26,1406.21,1406.21,1352.46,1356.18,58685609.0,2370541106.0,7039256943.0,0.008336903948130253
2021-11-29,1334.55,1384.92,1326.77,1355.51,47973768.0,1917982636.0,7039256943.0,0.006815175009019414
2021-11-30,1355.51,1358.21,1336.24,1340.3,41789412.0,1660144225.0,7039256943.0,0.005936622620595823
2021-12-01,1337.93,1354.83,1331.84,1345.37,28399157.0,1127115635.0,7039256943.0,0.004034396986778666
2021-12-02,1332.18,1354.49,1299.39,1305.82,55814395.0,2174994247.0,7039256943.0,0.007929017998910116
2021-12-03,1306.49,1318.32,1287.9,1305.82,49644792.0,1906614345.0,7044431579.0,0.007047380820334035
2021-12-06,1305.82,1355.51,1291.28,1336.24,55477791.0,2194139358.0,7044431579.0,0.00787541058179678
2021-12-07,1358.89,1419.73,1354.83,1403.51,93176852.0,3857078460.0,7044431579.0,0.01322702207482112
2021-12-08,1409.59,1498.49,1381.87,1490.38,127202000.0,5449433170.0,7044431579.0,0.0180570992241871
2021-12-09,1490.72,1580.97,1475.17,1541.76,141326263.0,6449809820.0,7044431579.0,0.020062124447528827
2021-12-10,1516.41,1550.55,1512.69,1531.96,68168209.0,3085637204.0,7044431579.0,0.009676892767787645
2021-12-13,1531.96,1588.75,1528.58,1577.26,81295238.0,3787744880.0,7044431579.0,0.011540354546468653
2021-12-14,1575.23,1587.4,1551.57,1566.78,54704238.0,2538941182.0,7044431579.0,0.007765600018470986
2021-12-15,1559.0,1577.26,1524.52,1533.65,55691552.0,2542784494.0,7044431579.0,0.007905755258667125
2021-12-16,1551.9,1581.31,1536.35,1573.88,51777043.0,2392758635.0,7044431579.0,0.0073500668463231875
2021-12-17,1554.95,1580.97,1543.11,1547.51,39077016.0,1802560121.0,7044431579.0,0.005547220604213352
2021-12-20,1538.04,1570.83,1483.28,1499.85,58466809.0,2616827957.0,7044431579.0,0.008299719905619372
2021-12-21,1493.42,1568.47,1493.09,1538.38,52356448.0,2384098773.0,7044431579.0,0.007432316917674189
2021-12-22,1538.72,1661.76,1538.72,1615.79,112857310.0,5392390911.0,7044431579.0,0.01602078304464429
2021-12-23,1639.45,1666.5,1597.2,1656.35,70412659.0,3421805702.0,7044431579.0,0.009995506125704398
2021-12-24,1640.13,1693.54,1640.13,1674.61,63864285.0,3165356971.0,7044431579.0,0.009065924522623574
2021-12-27,1666.5,1719.9,1636.41,1646.21,58720559.0,2890982302.0,7044431579.0,0.008335741264781472
2021-12-28,1650.27,1666.5,1602.61,1628.64,51961671.0,2501066530.0,7044431579.0,0.007376275916271484
2021-12-29,1638.78,1638.78,1589.42,1612.75,39897502.0,1901397008.0,7044431579.0,0.005663693592956111
2021-12-30,1588.75,1659.74,1580.97,1639.79,64092036.0,3093128783.0,7044431579.0,0.009098255165266047
2021-12-31,1641.14,1675.96,1615.12,1663.12,54164381.0,2651785712.0,7065170118.0,0.007666394452697593
2022-01-04,1696.92,1734.78,1650.27,1723.96,88469975.0,4442153958.0,7065170118.0,0.012521987938351862
2022-01-05,1693.54,1705.37,1577.26,1629.65,101360115.0,4861484266.0,7065170118.0,0.014346450730430947
2022-01-06,1588.75,1638.78,1575.23,1583.68,67872217.0,3208550065.0,7065170118.0,0.009606593453012733
2022-01-07,1588.75,1631.0,1545.48,1575.57,56094463.0,2618795348.0,7065170118.0,0.007939577117483358
2022-01-10,1554.95,1686.1,1537.37,1642.83,72721548.0,3506114786.0,7065170118.0,0.010292964894748484
2022-01-11,1666.5,1666.5,1572.52,1580.97,55048944.0,2602080557.0,7065170118.0,0.0077915949765669885
2022-01-12,1597.2,1654.33,1585.37,1599.9,52355839.0,2498239120.0,7065170118.0,0.007410414487630318
2022-01-13,1615.79,1615.79,1526.21,1533.31,46583182.0,2139747178.0,7065170118.0,0.0065933560299304885
2022-01-14,1514.38,1581.65,1504.58,1565.09,48852821.0,2242659739.0,7065170118.0,0.006914599391674549
2022-01-17,1554.61,1631.0,1550.89,1585.37,47309831.0,2225462422.0,7065170118.0,0.006696205499633802
2022-01-18,1574.21,1651.28,1572.86,1620.19,51613938.0,2474772306.0,7065170118.0,0.007305406258867382
2022-01-19,1598.89,1639.12,1587.06,1604.3,34132406.0,1622243416.0,7065170118.0,0.004831080558561577
2022-01-20,1592.13,1670.55,1581.31,1656.02,67456869.0,3286982442.0,7065170118.0,0.009547805342738953
2022-01-21,1638.78,1667.85,1587.4,1595.17,52596401.0,2516425649.0,7065170118.0,0.007444463490836499
2022-01-24,1583.68,1696.24,1578.61,1666.16,74583662.0,3657342614.0,7065170118.0,0.010556527409012063
2022-01-25,1664.81,1710.1,1632.69,1635.73,44862999.0,2198796970.0,7065170118.0,0.006349882345465698
2022-01-26,1634.72,1661.43,1586.04,1622.21,45220882.0,2170292893.0,7065170118.0,0.006400536893625581
2022-01-27,1615.79,1636.07,1560.02,1564.75,53446321.0,2522121872.0,7065170118.0,0.00756476066497455
2022-01-28,1586.72,1629.31,1543.45,1577.26,54735697.0,2577842342.0,7065170118.0,0.007747258181448363
2022-02-07,1602.27,1605.31,1509.65,1571.85,53584302.0,2470849045.0,7065170118.0,0.00758429041410946
2022-02-08,1561.37,1568.47,1414.66,1461.99,114974276.0,4935569920.0,7065170118.0,0.016273391026647606
2022-02-09,1460.3,1495.45,1438.66,1481.59,57974930.0,2524768245.0,7065170118.0,0.008205737304512559
2022-02-10,1480.58,1527.9,1468.41,1477.54,42486103.0,1877566991.0,7065170118.0,0.0060134578913758575
2022-02-11,1466.04,1466.04,1382.89,1387.62,82735383.0,3458274314.0,7065170118.0,0.011710317178239529
2022-02-14,1413.65,1477.2,1399.45,1416.35,87745290.0,3730040283.0,7065170118.0,0.012419416452046994
2022-02-15,1417.03,1534.33,1415.68,1533.65,86057292.0,3824428329.0,7065170118.0,0.012180498213447265
2022-02-16,1541.42,1548.18,1483.96,1489.37,57223952.0,2546173773.0,7065170118.0,0.008099444322537968
2022-02-17,1485.65,1509.31,1460.63,1497.14,42253374.0,1863177679.0,7065170118.0,0.005980517566357062
2022-02-18,1483.28,1490.04,1456.92,1472.13,28820721.0,1251922849.0,7065170118.0,0.00407926780511246
2022-02-21,1458.94,1468.75,1436.63,1450.49,34781997.0,1490337741.0,7071897590.0,0.004918340029298982
2022-02-22,1392.69,1410.94,1335.9,1406.55,90350265.0,3687237907.0,7071897590.0,0.012775957775146458
2022-02-23,1412.3,1464.69,1412.3,1453.54,48217961.0,2062516634.0,7071897590.0,0.006818249329314736
2022-02-24,1457.59,1473.48,1416.35,1440.35,43080191.0,1841649775.0,7071897590.0,0.006091744182059062
2022-02-25,1453.54,1497.48,1453.54,1462.66,42993502.0,1877171125.0,7071897590.0,0.006079485944592136
2022-02-28,1451.51,1484.63,1444.07,1468.07,30323756.0,1309472909.0,7071897590.0,0.004287923518982972
2022-03-01,1451.17,1468.75,1424.13,1453.54,33649679.0,1438814676.0,7071897590.0,0.004758224871296532
2022-03-02,1446.1,1448.8,1369.03,1382.21,68014090.0,2793589651.0,7071897590.0,0.009617516251391305
2022-03-03,1387.62,1391.0,1302.1,1319.34,85364301.0,3344824431.0,7071897590.0,0.012070918719285357
2022-03-04,1301.42,1330.49,1276.75,1293.65,66822429.0,2562826001.0,7071897590.0,0.009449009710560586
2022-03-07,1260.86,1266.27,1212.86,1222.32,78286718.0,2865992719.0,7071897590.0,0.011070114775233899
2022-03-08,1228.74,1277.76,1201.03,1248.01,88541432.0,3255845587.0,7071897590.0,0.012520180174158886
2022-03-09,1249.36,1275.39,1196.97,1265.93,72920651.0,2695890858.0,7071897590.0,0.010311327344885943
2022-03-10,1300.75,1314.94,1254.77,1256.13,76795479.0,2905309283.0,7071897590.0,0.01085924647842645
2022-03-11,1222.66,1228.74,1166.21,1210.15,108974158.0,3844937476.0,7071897590.0,0.015409464943906237
2022-03-14,1203.73,1206.77,1158.77,1159.45,59446204.0,2074905718.0,7071897590.0,0.008405976365390212
2022-03-15,1159.79,1186.49,1118.88,1139.17,85118500.0,2903290728.0,7071897590.0,0.012036161287228142
2022-03-16,1164.86,1169.59,1074.26,1153.36,131899185.0,4392113769.0,7071897590.0,0.018651172944940793
2022-03-17,1183.11,1200.01,1154.38,1172.97,94583223.0,3299889658.0,7071897590.0,0.01337451819632473
2022-03-18,1165.19,1206.43,1156.41,1179.73,56519780.0,1977068691.0,7071897590.0,0.00799216607433932
2022-03-21,1224.01,1226.38,1176.69,1186.15,59739714.0,2119151318.0,7071897590.0,0.008447480077267353
2022-03-22,1186.15,1200.01,1173.65,1180.41,37436764.0,1312526311.0,7071897590.0,0.0052937367267503095
2022-03-23,1186.15,1195.62,1163.84,1189.53,39265144.0,1374670445.0,7071897590.0,0.005552278366632852
2022-03-24,1176.69,1181.42,1159.45,1162.49,37944335.0,1307474917.0,7071897590.0,0.005365509683519045
2022-03-25,1172.97,1176.35,1133.08,1135.45,42832443.0,1457460647.0,7071897590.0,0.006056711434929023
2022-03-28,1117.19,1137.81,1102.32,1107.05,45514581.0,1499204856.0,7071897590.0,0.006435978522138073
2022-03-29,1120.57,1121.93,1029.31,1039.45,122681267.0,3842475559.0,7071897590.0,0.017347715438283094
2022-03-30,1049.93,1098.6,1049.93,1095.9,82859610.0,2659781700.0,7071897590.0,0.011716743482989267
2022-03-31,1096.91,1099.28,1065.81,1071.56,48420677.0,1540344144.0,7078783979.0,0.006840253515807987
2022-04-01,1071.22,1074.26,1051.62,1058.04,49113606.0,1541628765.0,7078783979.0,0.006938141656208323
2022-04-06,1059.39,1060.74,1011.39,1021.53,75353395.0,2290681440.0,7078783979.0,0.01064496320604559
2022-04-07,1017.48,1035.05,1011.39,1016.8,47429327.0,1435411372.0,7078783979.0,0.0067002082759841765
2022-04-08,1025.25,1026.94,983.67,991.78,61176166.0,1797615542.0,7078783979.0,0.008642185745671277
2022-04-11,989.76,994.49,939.73,941.42,73595734.0,2071080415.0,7078783979.0,0.010396663356069338
2022-04-12,960.35,977.93,941.42,976.24,68562843.0,1947835081.0,7078783979.0,0.009685680930990308
2022-04-13,969.14,972.18,947.16,954.26,38658384.0,1097877442.0,7078783979.0,0.005461161707248646
2022-04-14,968.12,979.95,952.24,970.15,48046839.0,1373653665.0,7078783979.0,0.00678744246787814
2022-04-15,956.63,996.52,952.57,987.73,51660581.0,1501485725.0,7078783979.0,0.00729794568576423
2022-04-18,984.35,1022.55,973.53,1016.12,51102670.0,1524068243.0,7078783979.0,0.007219131160323829
2022-04-19,1010.71,1010.71,974.21,981.98,57844237.0,1690636639.0,7078783996.0,0.00817149344190838
2022-04-20,983.67,991.45,967.11,970.15,37559514.0,1089481147.0,7078783996.0,0.005305927405218709
2022-04-21,967.78,1013.76,962.71,986.71,79413438.0,2346070089.0,7078783996.0,0.011218514090114073
2022-04-22,987.39,994.49,957.64,980.29,58916664.0,1704233352.0,7078783996.0,0.008322992202233034
2022-04-25,962.38,963.39,898.49,906.94,70137849.0,1919939331.0,7078783996.0,0.009908177596552277
2022-04-26,907.61,928.57,874.83,880.57,65118674.0,1729263290.0,7078783996.0,0.00919913279410652
2022-04-27,872.8,939.73,865.7,937.7,74237171.0,2004841488.0,7078783996.0,0.010487277340564299
2022-04-28,976.24,1003.95,944.12,993.47,93765923.0,2713866004.0,7078783996.0,0.013246049470217512
2022-04-29,994.49,1054.32,977.59,1043.84,95745143.0,2891651588.0,7078783996.0,0.013525648339333788
2022-05-05,1064.8,1064.8,1006.66,1009.02,64734656.0,1963377993.0,7078783996.0,0.009144883646199621
2022-05-06,981.98,1001.25,970.15,986.38,36287110.0,1055316569.0,7078783996.0,0.005126178453884835
2022-05-09,977.59,983.33,948.18,956.29,48790499.0,1388524777.0,7078783996.0,0.006892497218105537
2022-05-10,938.38,986.71,919.45,980.29,60390332.0,1730364419.0,7078783996.0,0.008531173155463522
2022-05-11,992.46,1078.32,992.46,1034.71,112987548.0,3488354761.0,7078783996.0,0.015961434628298552
2022-05-12,1024.24,1040.8,1010.71,1025.59,53164142.0,1610081533.0,7078783996.0,0.007510349521901134
2022-05-13,1031.0,1036.4,1005.64,1021.87,38044089.0,1145754063.0,7078783996.0,0.005374381959033858
2022-05-16,1034.71,1056.35,997.19,1005.64,50491145.0,1520939998.0,7078783996.0,0.007132742718033347
2022-05-17,1007.33,1033.02,1000.57,1030.32,48541331.0,1463437965.0,7078783996.0,0.006857297952223036
2022-05-18,1031.0,1039.79,1010.71,1025.25,41063693.0,1244772347.0,7078783996.0,0.0058009529635603815
2022-05-19,1004.29,1028.29,1002.6,1026.94,35394501.0,1065844654.0,7078783996.0,0.005000082079068994
2022-05-20,1047.22,1058.04,1020.18,1047.56,63346122.0,1955812375.0,7078783996.0,0.008948729334839842
2022-05-23,1042.83,1052.29,1013.08,1025.93,51969850.0,1575978686.0,7078783996.0,0.0073416352341541345
2022-05-24,1024.91,1047.22,980.29,982.32,64974559.0,1942727601.0,7078783996.0,0.00917877407146695
2022-05-25,982.32,996.86,971.5,989.42,39672102.0,1151994319.0,7078783996.0,0.005604366798367837
2022-05-26,989.42,1066.49,964.4,1034.38,100780817.0,3061831458.0,7078783996.0,0.014237023909325118
2022-05-27,1060.41,1069.87,1040.12,1049.93,70110014.0,2190509483.0,7078783996.0,0.009904245424018727
2022-05-30,1052.63,1061.08,1031.0,1047.9,37937063.0,1173305205.0,7078783996.0,0.0053592626956038
2022-05-31,1057.7,1149.31,1038.1,1142.88,124083746.0,4082647526.0,7078783996.0,0.017528963458994632
2022-06-01,1132.41,1142.55,1101.98,1108.41,74697424.0,2466518205.0,7078783996.0,0.010552295993522219
2022-06-02,1101.31,1138.49,1096.57,1132.41,65121764.0,2167676820.0,7078783996.0,0.009199569309756912
2022-06-06,1183.45,1235.84,1177.03,1210.15,127915918.0,4562465539.0,7078783996.0,0.01807032367031983
2022-06-07,1188.52,1216.91,1169.93,1181.08,73145832.0,2569737753.0,7078783996.0,0.010333106934938604
2022-06-08,1175.34,1209.14,1167.9,1191.22,62229848.0,2189040316.0,7078783996.0,0.008791036431562843
2022-06-09,1189.87,1189.87,1132.41,1136.46,81704054.0,2779719089.0,7078783996.0,0.011542103000482628
2022-06-10,1132.41,1159.79,1109.76,1155.39,55468967.0,1874907813.0,7078783996.0,0.007835945697925489
2022-06-13,1136.12,1152.69,1117.19,1127.34,55100679.0,1836027363.0,7078783996.0,0.007783918683086767
2022-06-14,1122.26,1122.26,1077.98,1117.19,67797378.0,2194200199.0,7078783996.0,0.009577545809889126
2022-06-15,1118.88,1153.36,1102.66,1118.21,71598325.0,2384782665.0,7078783996.0,0.01011449495287015
2022-06-16,1126.66,1145.25,1118.55,1124.97,50361030.0,1686339138.0,7078783996.0,0.007114361736204614
2022-06-17,1110.77,1141.87,1105.7,1124.63,70259023.0,2339778471.0,7078783996.0,0.009925295508338887
2022-06-20,1129.03,1139.84,1099.28,1121.93,72604985.0,2401590694.0,7078783996.0,0.01025670299320149
2022-06-21,1125.98,1165.53,1120.91,1145.25,80540653.0,2732917593.0,7078783996.0,0.011377752597834743
2022-06-22,1145.59,1150.66,1055.0,1086.1,142087226.0,4567269955.0,7078783996.0,0.020072264682788606
2022-06-23,1081.7,1089.14,1059.73,1086.77,93692472.0,2980189726.0,7078783996.0,0.013235673253053448
2022-06-24,1092.86,1115.5,1087.11,1095.56,79755357.0,2592745213.0,7078783996.0,0.01126681603013558
2022-06-27,1095.22,1120.91,1081.03,1113.14,91985003.0,2996901379.0,7078783996.0,0.012994463887014755
2022-06-28,1109.08,1154.38,1099.28,1152.69,95919817.0,3190650575.0,7078783996.0,0.013550324046361818
2022-06-29,1152.01,1158.1,1104.69,1106.04,77786074.0,2596823695.0,7078783996.0,0.010988620933193397
2022-06-30,1101.98,1152.35,1101.65,1142.21,70764791.0,2372040971.0,7074663913.0,0.010002565757218041
2022-07-01,1146.27,1182.1,1139.5,1153.03,77827149.0,2669508933.0,7074663913.0,0.011000826322928113
2022-07-04,1132.41,1133.42,1095.56,1101.98,104700242.0,3429975794.0,7074663913.0,0.014799323796514035
2022-07-05,1098.26,1098.26,1041.14,1051.62,157946233.0,4934890292.0,7074663913.0,0.022325616445152536
2022-07-06,1051.62,1061.42,1037.08,1043.17,76728745.0,2377586998.0,7074663913.0,0.01084556749883307
2022-07-07,1041.14,1106.38,1010.71,1093.87,135498586.0,4296353360.0,7074663913.0,0.019152653421601485
2022-07-08,1098.6,1185.81,1098.6,1170.94,188385268.0,6518988498.0,7074663913.0,0.02662815793324598
2022-07-11,1165.19,1168.91,1125.65,1136.12,78984766.0,2668239573.0,7074663913.0,0.01116445487323604
2022-07-12,1136.46,1143.9,1118.88,1129.03,57696898.0,1930055908.0,7074663913.0,0.008155425997548727
2022-07-13,1125.29,1142.25,1095.11,1104.61,59188923.0,1933452460.0,7074663913.0,0.00836632294167894
2022-07-14,1101.21,1122.92,1080.19,1107.32,44688059.0,1459753630.0,7074663913.0,0.006316633489526445
2022-07-15,1107.66,1154.8,1087.31,1119.19,66692537.0,2222294331.0,7074663913.0,0.009426954809464459
2022-07-18,1119.87,1131.06,1068.32,1102.23,74720045.0,2411136612.0,7074663913.0,0.010561638816891173
2022-07-19,1081.54,1105.62,1075.1,1099.52,62051183.0,1990652161.0,7074663913.0,0.008770901877893913
2022-07-20,1106.64,1123.26,1078.83,1083.92,58487142.0,1890094470.0,7074663913.0,0.008267126568730333
2022-07-21,1077.14,1104.61,1068.32,1082.22,50939959.0,1636365038.0,7074663913.0,0.007200336245852701
2022-07-22,1084.6,1085.27,1043.56,1057.13,63174794.0,1973507410.0,7074663913.0,0.00892972369809873
2022-07-25,1057.13,1061.53,1041.19,1044.58,30377596.0,936910388.0,7074663913.0,0.004293857117958615
2022-07-26,1051.7,1055.77,1031.69,1053.39,36664504.0,1131516153.0,7074663913.0,0.005182508236557696
2022-07-27,1047.97,1063.57,1044.24,1046.61,30749431.0,951186248.0,7074663913.0,0.004346415798423525
2022-07-28,1049.66,1151.07,1049.66,1137.16,177689231.0,5869650977.0,7074663913.0,0.025116278763926633
2022-07-29,1133.09,1172.44,1121.9,1151.41,114451438.0,3896869616.0,7074663913.0,0.01617765019051867
2022-08-01,1151.75,1235.52,1125.97,1219.24,136913820.0,4874906244.0,7074663913.0,0.019352695998521564
2022-08-02,1194.82,1207.37,1170.06,1176.17,88481363.0,3095057422.0,7074663913.0,0.012506793833331316
2022-08-03,1176.51,1199.91,1132.76,1141.91,70427436.0,2419355234.0,7074663913.0,0.009954880806505388
2022-08-04,1154.46,1187.36,1147.0,1172.78,56950316.0,1961552788.0,7074663913.0,0.008049897026960014
2022-08-05,1172.1,1192.11,1151.75,1177.52,61701916.0,2137491694.0,7074663913.0,0.00872153317228541
2022-08-08,1171.42,1231.11,1171.42,1204.32,76523411.0,2718643649.0,7074663913.0,0.01081654364660135
2022-08-09,1187.02,1209.74,1181.25,1199.91,48489372.0,1708301369.0,7074663913.0,0.006853947070319296
2022-08-10,1188.72,1209.06,1169.38,1176.51,40757692.0,1425698244.0,7074663913.0,0.005761078194132443
2022-08-11,1203.3,1294.19,1194.48,1294.19,148539249.0,5515564568.0,7074663913.0,0.02099594423518165
2022-08-12,1278.59,1298.26,1251.46,1253.49,90115535.0,3376003908.0,7074663913.0,0.012737783180683512
2022-08-15,1260.28,1306.4,1248.07,1264.68,90229084.0,3409527897.0,7074663913.0,0.012753833271740326
2022-08-16,1252.14,1278.93,1229.41,1242.3,79539759.0,2921371063.0,7074663913.0,0.011242902840068807
2022-08-17,1250.1,1326.07,1222.29,1303.01,103890793.0,3946662671.0,7074663913.0,0.014684908608746232
2022-08-18,1292.16,1319.29,1279.95,1296.56,63225938.0,2419328248.0,7074663913.0,0.00893695287543195
2022-08-19,1296.23,1315.9,1266.04,1268.41,48664462.0,1841054678.0,7074663913.0,0.006878695949156956
2022-08-22,1261.63,1354.9,1253.15,1301.65,94584029.0,3663496747.0,7074663913.0,0.013369402442736222
2022-08-23,1301.65,1318.27,1281.98,1301.31,58353611.0,2228988731.0,7074663913.0,0.008248252032548533
2022-08-24,1291.82,1298.6,1237.55,1242.98,65139344.0,2414163596.0,7074663913.0,0.009207411800905998
2022-08-25,1256.88,1288.76,1240.94,1278.59,61512423.0,2298835980.0,7074663913.0,0.008694748437020205
2022-08-26,1352.52,1363.38,1305.04,1312.5,147325632.0,5806570578.0,7074663913.0,0.02082440011451043
2022-08-29,1290.46,1343.37,1282.66,1310.13,64145277.0,2484184646.0,7074663913.0,0.009066900956543007
2022-08-30,1310.81,1311.15,1254.85,1283.0,54698813.0,2063400821.0,7074663913.0,0.007731648269465999
2022-08-31,1271.81,1291.48,1251.46,1272.48,53105207.0,1993519213.0,7074663913.0,0.007506392904745184
2022-09-01,1268.41,1284.02,1217.54,1217.54,57200523.0,2088163638.0,7074663913.0,0.008085263653993736
2022-09-02,1227.38,1307.42,1218.9,1285.37,65944856.0,2469619210.0,7074663913.0,0.009321270495807367
2022-09-05,1281.3,1298.26,1247.05,1287.07,42898755.0,1619278129.0,7074663913.0,0.006063716316074278
2022-09-06,1283.0,1288.42,1238.23,1249.42,66566741.0,2458648205.0,7074663913.0,0.009409173611439088
2022-09-07,1246.71,1253.83,1224.33,1232.13,75199565.0,2738722218.0,7074663913.0,0.010629418715116284
2022-09-08,1241.28,1257.9,1212.79,1230.43,55071976.0,1996457723.0,7086571992.0,0.007771313981170376
2022-09-09,1227.04,1237.89,1196.85,1229.07,44446820.0,1602313086.0,7086571992.0,0.006271977487870838
2022-09-13,1258.24,1295.55,1245.01,1247.05,75475252.0,2823968551.0,7086571992.0,0.010650460065205529
2022-09-14,1219.24,1227.04,1200.59,1202.62,52227633.0,1865408122.0,7086571992.0,0.0073699431910039925
2022-09-15,1203.98,1209.06,1162.6,1183.97,45801468.0,1595518058.0,7086571992.0,0.006463134510127757
2022-09-16,1170.06,1191.09,1153.44,1159.21,43067331.0,1484574138.0,7086571992.0,0.006077315103638053
2022-09-19,1146.32,1152.77,1108.34,1147.0,69658082.0,2327419859.0,7086571992.0,0.009829587856954914
2022-09-20,1159.89,1167.35,1102.23,1136.15,55169703.0,1835410237.0,7086571992.0,0.007785104428809985
2022-09-21,1124.96,1140.22,1102.23,1112.41,60170926.0,1976826229.0,7086571992.0,0.008490836763942664
2022-09-22,1099.86,1112.07,1086.29,1091.04,53083132.0,1714009100.0,7086571992.0,0.007490664324009594
2022-09-23,1093.41,1107.66,1069.33,1081.54,45858593.0,1467247944.0,7086571992.0,0.006471195530331105
2022-09-26,1070.01,1098.16,1068.32,1074.42,39616975.0,1260423625.0,7086571992.0,0.005590428636684059
2022-09-27,1074.42,1082.56,1054.41,1081.88,50085008.0,1583383149.0,7086571992.0,0.007067593196899819
2022-09-28,1068.32,1073.07,1035.08,1036.44,58867709.0,1819122285.0,7086571992.0,0.008306937270439855
2022-09-29,1054.75,1055.77,1019.14,1027.96,49153096.0,1494639157.0,7086571992.0,0.006936089276379146
2022-09-30,1014.05,1024.91,987.6,997.1,65709531.0,1942384190.0,7087494913.0,0.009271192686075088
2022-10-10,997.1,1000.49,947.92,949.62,61602451.0,1749510558.0,7087494913.0,0.008691710083206941
2022-10-11,949.62,956.4,929.27,941.14,49226740.0,1367309413.0,7087494913.0,0.006945576766440777
2022-10-12,942.83,971.32,932.66,970.64,57522675.0,1612529134.0,7087494913.0,0.008116079899329586
2022-10-13,962.16,986.24,957.76,967.59,61441562.0,1760857990.0,7087494913.0,0.00866900967890684
2022-10-14,980.14,1012.02,970.98,1003.54,68446783.0,2003397505.0,7087494913.0,0.009657401358335198
2022-10-17,987.6,1038.47,985.57,1034.4,50453255.0,1515650080.0,7087494913.0,0.007118630153435145
2022-10-18,1044.58,1055.77,1008.29,1009.64,47714893.0,1434073991.0,7087494913.0,0.006732264867306015
2022-10-19,999.47,1011.0,983.53,989.97,42417517.0,1244448154.0,7087494913.0,0.00598483914566162
2022-10-20,988.96,1006.25,965.89,986.92,52601289.0,1532639782.0,7087494913.0,0.007421703951211005
2022-10-21,986.92,989.3,958.09,962.84,50161434.0,1431398355.0,7087494913.0,0.0070774560850820605
2022-10-24,962.84,981.83,922.82,936.05,67021419.0,1874898712.0,7087494913.0,0.009456291654907323
2022-10-25,949.62,954.7,929.61,935.37,48842707.0,1356437528.0,7087494913.0,0.006891392177285644
2022-10-26,939.44,964.88,926.55,949.62,48911708.0,1368930134.0,7087494913.0,0.006901127775102221
2022-10-27,950.29,966.57,941.14,946.56,44697443.0,1254918399.0,7087494913.0,0.006306522057323133
2022-10-28,929.61,942.49,898.4,903.15,63754276.0,1719442708.0,7087494913.0,0.008995318766728263
2022-10-31,955.04,993.03,941.14,966.57,129880394.0,3710962841.0,7087494913.0,0.018325289202221682
2022-11-01,968.27,1002.52,952.67,999.81,96311830.0,2783123220.0,7087494913.0,0.013588980476492936
2022-11-02,1033.72,1054.75,1024.23,1034.4,103697227.0,3187421885.0,7087494913.0,0.014631012547154966
2022-11-03,1015.41,1049.66,1010.66,1034.4,69816348.0,2131449139.0,7087494913.0,0.009850638181332829
2022-11-04,1037.79,1093.75,1034.4,1077.81,74941156.0,2371825937.0,7087494913.0,0.010573715666806574
2022-11-07,1119.53,1123.26,1081.88,1098.5,68645218.0,2229004951.0,7087494913.0,0.009685399262028367
2022-11-08,1092.74,1111.39,1071.71,1085.61,59010832.0,1889355491.0,7087494913.0,0.00832604929165612
2022-11-09,1135.81,1135.81,1078.49,1087.99,110196761.0,3575789001.0,7087494913.0,0.01554805503957051
2022-11-10,1068.32,1068.32,1002.86,1032.03,133679262.0,4056213731.0,7087494913.0,0.018861285071937517
2022-11-11,1068.32,1078.15,1055.43,1065.94,86743711.0,2732133840.0,7087494913.0,0.012238980354101314
2022-11-14,1075.44,1098.84,1070.69,1076.46,62898930.0,2011954076.0,7087494913.0,0.00887463494113128
2022-11-15,1071.71,1168.37,1068.32,1158.87,113933572.0,3799950721.0,7087494913.0,0.0160752950652594
2022-11-16,1153.1,1155.14,1125.29,1138.86,60350548.0,2026582003.0,7087494913.0,0.008515074612512812
2022-11-17,1136.15,1136.15,1096.13,1127.67,48946098.0,1607918062.0,7087494913.0,0.006905979983170395
2022-11-18,1132.42,1132.42,1102.23,1106.3,59086603.0,1937120936.0,7087494913.0,0.008336740092980155
2022-11-21,1092.74,1111.73,1080.19,1108.0,38812454.0,1255301987.0,7087494913.0,0.0054761879163834825
2022-11-22,1103.59,1120.89,1092.4,1104.61,31896135.0,1039771316.0,7087494913.0,0.004500339738021622
2022-11-23,1096.13,1106.98,1075.78,1089.68,33219508.0,1066316627.0,7087494913.0,0.00468705916657072
2022-11-24,1100.54,1112.41,1069.0,1074.08,36096492.0,1149834819.0,7087494913.0,0.005092983126349935
2022-11-25,1074.08,1097.15,1064.59,1064.59,45177881.0,1435658560.0,7087494913.0,0.006374308772643207
2022-11-28,1024.23,1054.07,1017.45,1042.2,42832244.0,1312826510.0,7087494913.0,0.006043354461029156
2022-11-29,1050.34,1065.6,1041.19,1063.23,44090518.0,1370488446.0,7087494913.0,0.006220888838894042
2022-11-30,1052.04,1062.89,1035.08,1048.31,55943047.0,1724251622.0,7087494913.0,0.007893204536540596
2022-12-01,1068.32,1088.33,1047.29,1053.06,65869228.0,2069793393.0,7087494913.0,0.00929372490683296
2022-12-02,1053.06,1058.14,1038.13,1039.49,42040801.0,1297346981.0,7087494913.0,0.005931686938199852
2022-12-05,1029.99,1044.24,1010.66,1022.87,99715413.0,3001313390.0,7088729726.0,0.01406675340354202
2022-12-06,1022.19,1090.02,1016.09,1072.39,110264370.0,3452048168.0,7088729726.0,0.015554884198162191
2022-12-07,1072.73,1102.23,1068.32,1086.97,61526982.0,1967178081.0,7088729726.0,0.0086795497046998
2022-12-08,1086.97,1093.75,1068.66,1073.07,36924273.0,1171918944.0,7088729726.0,0.0052088701963864375
2022-12-09,1074.08,1085.27,1061.87,1083.58,36996133.0,1174150869.0,7088729726.0,0.005219007414587385
2022-12-12,1074.08,1121.22,1065.27,1112.41,68819866.0,2244024920.0,7088729726.0,0.009708349543583657
2022-12-13,1105.62,1109.69,1075.1,1077.14,39436560.0,1266540123.0,7088729726.0,0.00556327600632802
2022-12-14,1083.58,1090.36,1068.32,1069.33,31802778.0,1011549609.0,7088729726.0,0.0044863860281418215
2022-12-15,1069.67,1105.62,1067.64,1077.47,32051398.0,1025556053.0,7088729726.0,0.004521458602440727
2022-12-16,1069.0,1077.14,1048.99,1075.44,33392146.0,1048378241.0,7088729726.0,0.004710596579458304
2022-12-19,1067.98,1084.6,1046.27,1048.65,28606154.0,894886583.0,7088729726.0,0.00403544148327147
2022-12-20,1047.29,1059.84,1027.28,1031.35,44641352.0,1366409057.0,7088729726.0,0.006297510798904452
2022-12-21,1035.08,1055.09,1031.01,1035.08,27390596.0,840815704.0,7088729726.0,0.0038639639341216435
2022-12-22,1045.26,1088.67,1031.35,1072.39,63817442.0,2016941921.0,7088729726.0,0.009002662602007631
2022-12-23,1064.93,1079.51,1055.43,1066.96,23879119.0,751981308.0,7088729726.0,0.0033686033920035507
2022-12-26,1066.96,1112.07,1065.27,1081.54,36959037.0,1189507444.0,7088729726.0,0.005213774319035167
2022-12-27,1092.4,1102.23,1072.39,1095.45,30802835.0,987985887.0,7088729726.0,0.004345325071009767
2022-12-28,1087.31,1103.93,1079.85,1080.53,31994579.0,1025738616.0,7088729726.0,0.004513443203039675
2022-12-29,1075.1,1102.23,1072.05,1087.65,34099624.0,1096063901.0,7088729726.0,0.004810399792071294
2022-12-30,1096.13,1099.86,1075.78,1076.8,29132127.0,930866795.0,7104305122.999999,0.004100630039901512
2023-01-03,1072.73,1089.34,1050.0,1069.0,42583625.0,1343981752.0,7104305122.999999,0.005994059132136181
2023-01-04,1058.14,1058.82,962.16,962.16,182030574.0,5267043589.0,7104305122.999999,0.02562257263003539
2023-01-05,985.57,997.77,962.16,997.1,147581393.0,4280210207.0,7104305122.999999,0.02077351555780018
2023-01-06,975.05,989.97,962.16,978.44,91100438.0,2621224436.0,7104305122.999999,0.012823272145936518
2023-01-09,977.76,993.03,977.76,986.58,57421456.0,1669552658.0,7104305122.999999,0.008082628069295555
2023-01-10,988.62,1014.39,973.7,1005.57,61175602.0,1797812206.0,7104305122.999999,0.008611060609143266
2023-01-11,1005.91,1020.84,995.74,995.74,39790521.0,1177362625.0,7104305122.999999,0.005600902595129149
2023-01-12,1000.15,1007.61,987.94,999.13,29387862.0,863995294.0,7104305122.999999,0.004136627226899022
2023-01-13,998.11,1003.2,981.5,991.67,36166631.0,1055345418.0,7104305122.999999,0.005090804853371443
2023-01-16,985.57,1023.55,984.55,1009.98,70538556.0,2097452010.0,7104305122.999999,0.009928987392677335
2023-01-17,1010.32,1061.53,1006.25,1052.72,75035306.0,2320152768.0,7104305122.999999,0.01056194866364554
2023-01-18,1051.02,1056.79,1041.86,1044.58,33701760.0,1041884366.0,7104305122.999999,0.004743850301543419
2023-01-19,1044.58,1054.41,1035.08,1051.36,28039415.0,865731785.0,7104305122.999999,0.003946820204726728
2023-01-20,1053.73,1065.94,1047.97,1054.41,30586823.0,951760939.0,7104305122.999999,0.00430539264156546
2023-01-30,1086.29,1129.02,1081.88,1106.98,96629607.0,3156136460.0,7104305122.999999,0.013601556426280765
2023-01-31,1107.66,1118.51,1092.4,1101.55,35712673.0,1162534725.0,7104305122.999999,0.005026905852393807
2023-02-01,1101.89,1126.31,1094.09,1122.92,48989587.0,1605961375.0,7104305122.999999,0.006895760549669737
2023-02-02,1123.6,1135.47,1105.96,1106.64,39514599.0,1298848210.0,7104305122.999999,0.0055620638916637375
2023-02-03,1102.57,1121.56,1081.54,1111.73,48332291.0,1568488779.0,7104305122.999999,0.006803239748744109
2023-02-06,1094.77,1104.27,1073.4,1082.56,56937923.0,1820977251.0,7104305122.999999,0.008014566099598537
2023-02-07,1088.33,1093.08,1071.71,1076.46,35235395.0,1120617698.0,7104305122.999999,0.00495972433474547
2023-02-08,1078.83,1090.36,1066.62,1072.05,33620930.0,1064595805.0,7104305122.999999,0.004732472693374772
2023-02-09,1067.64,1101.55,1065.94,1100.2,44329759.0,1427874207.0,7104305122.999999,0.006239844465081262
2023-02-10,1095.45,1103.93,1084.6,1089.68,30056808.0,967718330.0,7104305122.999999,0.0042307878785628
2023-02-13,1077.47,1119.87,1076.12,1117.83,55097698.0,1799988142.0,7104305122.999999,0.007755536543837717
2023-02-14,1117.83,1122.58,1108.68,1118.51,32635530.0,1073433696.0,7104305122.999999,0.004593768065274018
2023-02-15,1120.21,1139.54,1115.12,1126.99,35209202.0,1169086275.0,7104305122.999999,0.004956037415399171
2023-02-16,1126.31,1153.1,1111.39,1120.21,56823264.0,1902036708.0,7104305122.999999,0.007998426730861572
2023-02-17,1120.21,1132.08,1074.42,1076.8,46261068.0,1496019421.0,7104305122.999999,0.00651169497917974
2023-02-20,1071.71,1076.8,1028.64,1061.53,72295634.0,2243960417.0,7104305122.999999,0.010176313199998238
2023-02-21,1060.52,1078.49,1056.11,1066.96,34513345.0,1083399604.0,7111047209.0,0.004853482755158573
2023-02-22,1055.09,1058.14,1029.65,1043.22,50228304.0,1541871539.0,7111047209.0,0.007063418723536138
2023-02-23,1043.9,1095.45,1040.51,1075.44,72418403.0,2291784243.0,7111047209.0,0.01018392943705178
2023-02-24,1077.81,1077.81,1046.27,1051.36,43673896.0,1359347216.0,7111047209.0,0.006141696815727046
2023-02-27,1051.02,1056.79,1010.66,1017.45,78645155.0,2371225006.0,7111047209.0,0.0110595743058018
2023-02-28,1016.77,1034.4,1008.97,1015.41,45971647.0,1380752213.0,7111047209.0,0.006464820953771283
2023-03-01,1018.12,1048.99,1015.75,1047.97,61036588.0,1868432208.0,7111047209.0,0.008583347319470734
2023-03-02,1044.58,1049.66,1033.05,1034.74,31817692.0,974643529.0,7111047209.0,0.004474403145535354
2023-03-03,1039.49,1043.9,1017.45,1025.92,38698398.0,1169336592.0,7111047209.0,0.005442011121937413
2023-03-06,1025.92,1028.3,1010.66,1017.78,35000307.0,1049562871.0,7111047209.0,0.004921962401782727
2023-03-07,1014.73,1016.43,990.31,994.72,40845941.0,1207538295.0,7111047209.0,0.005744012070163716
2023-03-08,987.26,992.01,981.83,987.94,34728239.0,1010086200.0,7111047209.0,0.004883702495470242
2023-03-09,990.31,997.77,981.16,993.03,30362550.0,887301114.0,7111047209.0,0.0042697719629215865
2023-03-10,983.53,990.31,975.05,976.75,34635287.0,1000956368.0,7111047209.0,0.004870631003006747
2023-03-13,972.68,981.16,964.2,976.75,34155660.0,979840338.0,7111047209.0,0.004803182850026837
2023-03-14,976.75,978.1,942.83,960.81,56423009.0,1591612182.0,7111047209.0,0.007934556942413346
2023-03-15,966.57,993.03,964.2,974.71,46008327.0,1328237466.0,7111047209.0,0.00646997912512382
2023-03-16,964.88,971.66,938.76,940.12,52927147.0,1482057452.0,7111047209.0,0.007442946930940562
2023-03-17,949.95,960.47,932.66,935.71,44719431.0,1246831835.0,7111047209.0,0.006288726496345216
2023-03-20,936.05,959.45,922.48,946.22,65925939.0,1837050925.0,7111047209.0,0.009270918482521356
2023-03-21,949.62,957.76,939.78,957.76,36474283.0,1023531146.0,7111047209.0,0.005129242139447031
2023-03-22,958.09,982.17,953.35,978.78,49779626.0,1429756584.0,7111047209.0,0.007000322812791496
2023-03-23,976.75,1012.36,971.66,994.72,77009087.0,2264227049.0,7111047209.0,0.010829500175801744
2023-03-24,1013.38,1068.66,1011.68,1061.53,178939932.0,5549377089.0,7111047209.0,0.02516365406399315
2023-03-27,1061.53,1081.88,1034.4,1051.36,102554393.0,3196310534.0,7111047209.0,0.014421841113669367
2023-03-28,1047.63,1050.68,1004.9,1009.64,81846188.0,2467551590.0,7111047209.0,0.01150972361657401
2023-03-29,1022.87,1039.49,1017.45,1024.23,52126517.0,1579515102.0,7111047209.0,0.007330357325433979
2023-03-30,1042.54,1051.02,1012.36,1032.71,48236586.0,1463980199.0,7111047209.0,0.006783330862850977
2023-03-31,1017.45,1035.76,1010.66,1027.96,41466970.0,1255259238.0,7118503726.0,0.005825236818875833
2023-04-03,1027.96,1041.86,1023.89,1037.12,51652955.0,1573829488.0,7118503726.0,0.007256153397987278
2023-04-04,1037.79,1053.73,1032.71,1043.56,66931935.0,2057747172.0,7118503726.0,0.009402528617851846
2023-04-06,1031.01,1083.58,1026.6,1061.53,83632969.0,2603834023.0,7118503726.0,0.011748672504663377
2023-04-07,1055.77,1073.4,1047.97,1054.75,46884107.0,1461850645.0,7118503726.0,0.006586230590672869
2023-04-10,1054.75,1083.92,1034.74,1042.2,62084313.0,1939299568.0,7118503726.0,0.00872153972094444
2023-04-11,1024.57,1046.27,1020.16,1033.05,43822431.0,1334579505.0,7118503726.0,0.006156129530415308
2023-04-12,1053.39,1088.67,1053.39,1085.95,120619408.0,3838895426.0,7118503726.0,0.016944488988527642
2023-04-13,1077.14,1084.26,1032.03,1035.42,75410575.0,2338427016.0,7118503726.0,0.010593599147046369
2023-04-14,1038.13,1042.88,1023.21,1036.78,41788319.0,1271956856.0,7118503726.0,0.005870379592184539
2023-04-17,1031.01,1031.01,999.81,1006.93,72851507.0,2165731387.0,7118503726.0,0.010234103935903453
2023-04-18,993.7,1008.97,986.58,1001.51,41243979.0,1213885094.0,7118503726.0,0.005793911275112256
2023-04-19,1000.49,1002.86,974.03,979.12,55095752.0,1598894250.0,7118503726.0,0.007739793939949116
2023-04-20,980.82,989.97,962.84,970.64,50549073.0,1449773835.0,7118503726.0,0.0071010812026931856
2023-04-21,979.8,992.01,936.73,940.12,75759346.0,2130821183.0,7118503726.0,0.010642594134395484
2023-04-24,940.12,944.19,909.94,915.7,82220066.0,2243541318.0,7118503726.0,0.011550189360679138
2023-04-25,912.31,917.4,873.65,882.46,82043574.0,2143373764.0,7118503726.0,0.011525395948075395
2023-04-26,883.48,925.2,882.8,903.49,72671744.0,1928541084.0,7118503726.0,0.010208851016621636
2023-04-27,894.33,894.67,847.87,852.96,140127870.0,3557987821.0,7118503726.0,0.019685017440981247
2023-04-28,888.57,906.88,874.32,885.18,107272065.0,2807247071.0,7118504124.0,0.015069467282927152
2023-05-04,883.48,884.16,864.49,868.9,58950401.0,1511944170.0,7118504124.0,0.008281290559522052
2023-05-05,868.9,878.73,860.76,876.36,53480969.0,1372848062.0,7118504124.0,0.007512950483471547
2023-05-08,881.79,883.14,863.47,868.22,50652277.0,1299730137.0,7118504124.0,0.007115578795441883
2023-05-09,868.56,911.63,857.03,895.01,97037768.0,2553638576.0,7118504124.0,0.01363176396468433
2023-05-10,886.87,903.83,878.39,902.13,65214842.0,1714785501.0,7119819145.0,0.009159620584716411
2023-05-11,902.13,914.68,894.67,899.76,48851384.0,1303248280.0,7119819145.0,0.006861323722570484
2023-05-12,895.01,899.76,886.87,894.67,38044793.0,1002049048.0,7119819145.0,0.005343505533664788
2023-05-15,896.03,910.61,886.87,908.92,53980041.0,1433526689.0,7119819145.0,0.007581659014177108
2023-05-16,928.59,932.66,904.17,910.95,64127707.0,1732748690.0,7119819145.0,0.009006929206205279
2023-05-17,915.36,942.83,911.63,938.42,83929067.0,2306203166.0,7119819145.0,0.011788089738057525
2023-05-18,938.08,954.36,929.61,932.66,68120744.0,1887691293.0,7119819145.0,0.009567763255312296
2023-05-19,959.79,967.59,942.15,953.69,96738168.0,2726628896.0,7119819145.0,0.013587166475701259
2023-05-22,953.01,964.2,937.41,944.53,50307828.0,1405825422.0,7119819145.0,0.007065885660217848
2023-05-23,942.15,953.69,933.68,938.08,37006559.0,1029441730.0,7119819145.0,0.005197682447592565
2023-05-24,930.62,955.72,926.55,944.19,44226302.0,1228687279.0,7119819145.0,0.006211717053383102
2023-05-25,940.8,948.26,929.27,938.76,33423023.0,923412146.0,7119819145.0,0.004694364044832771
2023-05-26,937.07,938.42,918.07,930.96,34547899.0,945119937.0,7119819145.0,0.004852356260237563
2023-05-29,936.05,942.49,922.48,927.57,32551244.0,893284636.0,7119819145.0,0.004571920063848756
2023-05-30,924.52,938.08,910.61,937.75,46957979.0,1279682125.0,7119819145.0,0.006595389299035348
2023-05-31,935.71,944.19,920.79,925.88,47560752.0,1304723226.0,7119819145.0,0.006680050578728569
2023-06-01,926.21,979.46,924.86,966.57,120197793.0,3409847553.0,7119819145.0,0.016882141322987213
2023-06-02,983.19,990.99,962.5,976.41,94942253.0,2730744865.0,7119819145.0,0.013334924815706115
2023-06-05,976.07,976.75,956.74,961.49,56034452.0,1588795791.0,7119819145.0,0.007870207214371594
2023-06-06,939.78,942.49,886.87,890.94,140328774.0,3739193183.0,7119819145.0,0.01970959811507965
2023-06-07,893.66,941.14,893.66,921.13,108675864.0,2966631520.0,7119819145.0,0.015263851761785165
2023-06-08,921.81,935.03,908.24,929.61,57765789.0,1572717666.0,7120166083.0,0.008112983366767345
2023-06-09,925.54,931.98,900.1,921.81,59389481.0,1604610773.0,7120166083.0,0.008341024676629021
2023-06-12,924.18,945.55,921.81,932.32,67019753.0,1851458731.0,7120166083.0,0.009412667094945346
2023-06-13,931.64,979.46,931.3,975.39,93738175.0,2648929590.0,7120166083.0,0.013165166922694099
2023-06-14,980.82,1000.15,965.56,971.32,69816936.0,2016667836.0,7120166083.0,0.00980552071203702
2023-06-15,976.09,979.84,954.97,967.57,48026379.0,1362376866.0,7120166083.0,0.006745120610973816
2023-06-16,968.25,1013.23,964.51,1009.82,118649259.0,3473898201.0,7120166083.0,0.016663833064692855
2023-06-19,1007.09,1025.49,1000.96,1018.34,78032600.0,2320365209.0,7120166083.0,0.010959379190087918
2023-06-20,1045.25,1092.95,1042.87,1075.91,226956843.0,7154680435.0,7120166083.0,0.03187521756576419
2023-06-21,1083.41,1087.84,1035.71,1035.71,96394178.0,2995535999.0,7120166146.0,0.013538192230830564
2023-06-26,1022.08,1062.97,1010.84,1034.01,84499610.0,2576616448.0,7120166146.0,0.011867645819960337
2023-06-27,1031.62,1080.68,1012.54,1071.82,109838146.0,3406357382.0,7120166146.0,0.015426345923360986
2023-06-28,1069.44,1069.44,1022.08,1038.44,87905214.0,2680994867.0,7120166146.0,0.012345949827221911
2023-06-29,1029.24,1120.88,1029.24,1104.19,144123872.0,4581219561.0,7120166146.0,0.020241644512883534
2023-06-30,1118.5,1155.98,1100.44,1105.55,120342772.0,3948270608.0,7120166146.0,0.016901680316491873
2023-07-03,1122.59,1176.42,1122.59,1147.46,201650552.0,6819137230.0,7120166146.0,0.02832104586678559
2023-07-04,1128.38,1170.97,1120.54,1158.7,97004476.0,3288509284.0,7120166146.0,0.01362390624192044
2023-07-05,1158.36,1165.17,1137.58,1147.8,62726268.0,2118216766.0,7120166146.0,0.008809663526635352
2023-07-06,1137.24,1149.5,1114.41,1132.81,86829863.0,2878623770.0,7120166146.0,0.012194920907678493
2023-07-07,1132.81,1144.39,1113.73,1134.85,44579232.0,1478959731.0,7120166146.0,0.006260981989169442
2023-07-10,1131.45,1141.33,1106.58,1112.37,58155225.0,1907192526.0,7120166146.0,0.008167678086089425
2023-07-11,1117.82,1140.3,1114.07,1132.47,48394601.0,1605051509.0,7120166146.0,0.006796835917542085
2023-07-12,1128.72,1142.69,1111.69,1115.77,41870909.0,1383017985.0,7120166146.0,0.00588060842140916
2023-07-13,1122.59,1181.87,1121.23,1172.67,89363886.0,3043283616.0,7120166146.0,0.01255081470959821
2023-07-14,1170.29,1186.64,1158.36,1164.15,53069973.0,1822575143.0,7120166146.0,0.007453473965605971
2023-07-17,1164.83,1199.24,1158.36,1160.41,71549761.0,2476979933.0,7120166146.0,0.01004888924399546
2023-07-18,1171.99,1203.33,1155.98,1169.94,71988594.0,2488542060.0,7120166146.0,0.010110521654110851
2023-07-19,1154.95,1171.99,1132.13,1143.37,63282889.0,2122759899.0,7120166146.0,0.008887838809147924
2023-07-20,1149.84,1156.32,1098.4,1102.83,74544600.0,2441432083.0,7120166146.0,0.01046950288398509
2023-07-21,1102.49,1107.26,1080.0,1090.56,57125139.0,1829495915.0,7120166146.0,0.008023006462018029
2023-07-24,1085.11,1112.03,1075.57,1091.24,35711005.0,1149487810.0,7120166146.0,0.005015473553248739
2023-07-25,1112.37,1120.88,1087.5,1092.27,54752377.0,1765608318.0,7120166146.0,0.007689761148447223
2023-07-26,1083.41,1099.76,1069.78,1092.61,41985166.0,1339344924.0,7120166146.0,0.005896655378412289
2023-07-27,1091.93,1097.72,1063.31,1068.42,58780734.0,1851412560.0,7120166146.0,0.008255528423732375
2023-07-28,1067.05,1091.58,1061.26,1084.09,50915697.0,1611712019.0,7120166146.0,0.007150914171940167
2023-07-31,1078.3,1117.48,1078.3,1101.12,68780458.0,2219041702.0,7120166146.0,0.009659951269345001
2023-08-01,1102.15,1149.84,1088.18,1132.81,86763095.0,2869497196.0,7120166146.0,0.012185543598409171
2023-08-02,1125.31,1150.53,1121.57,1136.22,41519239.0,1386553978.0,7120166146.0,0.005831217720014142
2023-08-03,1126.0,1188.68,1126.0,1152.57,74095959.0,2526765257.0,7120166146.0,0.010406492977923832
2023-08-04,1151.89,1174.71,1144.05,1149.5,38377406.0,1299698434.0,7120166146.0,0.005389959337052807
2023-08-07,1136.9,1171.31,1121.91,1162.79,49821142.0,1687684145.0,7120166146.0,0.0069971881243233005
2023-08-08,1160.75,1212.19,1160.41,1186.3,75784522.0,2642767649.0,7120166146.0,0.010643645168669917
2023-08-09,1178.8,1182.89,1151.55,1164.49,37449532.0,1280822663.0,7120166146.0,0.005259642995976797
2023-08-10,1159.38,1170.97,1149.16,1158.02,34524640.0,1171896100.0,7120166146.0,0.004848853143601911
2023-08-11,1166.88,1168.58,1124.29,1127.7,49359786.0,1652252575.0,7120166146.0,0.006932392445326514
2023-08-14,1113.05,1124.29,1086.82,1108.96,70165577.0,2270142220.0,7120166146.0,0.00985448591525044
2023-08-15,1124.29,1136.22,1093.63,1107.26,42218508.0,1377674103.0,7120166146.0,0.005929427366483254
2023-08-16,1101.12,1106.58,1080.34,1084.77,43318674.0,1382530716.0,7120166146.0,0.006083941457508792
2023-08-17,1079.66,1089.2,1064.67,1085.45,43366150.0,1371932960.0,7120166146.0,0.0060906092794425085
2023-08-18,1084.77,1086.13,1056.15,1056.49,43675057.0,1370024265.0,7120166146.0,0.006133994081660015
2023-08-21,1056.83,1061.26,1032.64,1033.33,41548152.0,1271154508.0,7120166146.0,0.0058352784398635294
2023-08-22,1042.52,1093.63,1029.58,1080.34,58193694.0,1812296292.0,7120166146.0,0.008173080909452138
2023-08-23,1074.89,1080.0,1056.15,1060.92,39744539.0,1244168012.0,7120166146.0,0.005581967918308743
2023-08-24,1071.82,1092.27,1063.31,1071.48,52626514.0,1668216277.0,7120166146.0,0.007391191851550369
2023-08-25,1059.9,1071.48,1043.55,1056.15,31907835.0,989199899.0,7120166146.0,0.004481332927592614
2023-08-28,1144.39,1144.39,1082.73,1092.27,62866013.0,2033021852.0,7120166146.0,0.00882929017538687
2023-08-29,1084.43,1123.61,1078.64,1103.51,76747838.0,2486578805.0,7120166146.0,0.01077893920257967
2023-08-30,1114.07,1144.73,1114.07,1120.88,61280304.0,2031951229.0,7120166146.0,0.008606583434071455
2023-08-31,1120.88,1127.7,1107.26,1124.29,39628290.0,1301641366.0,7120166146.0,0.005565641192553149
2023-09-01,1128.72,1132.47,1107.26,1114.07,25219991.0,828312340.0,7120166146.0,0.0035420509132596863
2023-09-04,1120.2,1135.19,1114.07,1128.72,38897009.0,1284768350.0,7120166146.0,0.005462935583582097
2023-09-05,1125.65,1127.7,1060.24,1067.05,91597522.0,2901934089.0,7120166146.0,0.012864520310591078
2023-09-06,1065.35,1069.1,1046.27,1064.33,39771086.0,1237450810.0,7120166146.0,0.005585696342541499
2023-09-07,1045.93,1045.93,981.2,1020.04,125971813.0,3740235683.0,7120166146.0,0.017692257514351547
2023-09-08,1005.05,1015.27,984.27,999.94,65188500.0,1902536216.0,7120166146.0,0.00915547455821967
2023-09-11,993.81,1025.49,970.98,1016.97,77118443.0,2276264135.0,7120166146.0,0.01083098925203086
2023-09-12,1014.59,1034.01,1007.43,1030.6,50320540.0,1512891233.0,7120166146.0,0.007067326656172104
2023-09-13,1008.46,1019.02,983.24,988.01,68996163.0,2015768247.0,7120166146.0,0.009690246208476607
2023-09-14,997.89,1000.28,977.11,977.45,49421078.0,1429823582.0,7120166146.0,0.006941000671418883
2023-09-15,977.79,986.31,961.44,970.98,52678735.0,1500284750.0,7120166146.0,0.007398526090517439
2023-09-18,964.51,1015.61,962.46,996.53,62047778.0,1820066005.0,7120166146.0,0.008714372210943068
2023-09-19,996.53,1006.75,988.7,996.53,31931203.0,933816178.0,7120166146.0,0.004484614873479949
2023-09-20,996.19,1005.39,991.42,995.17,23972755.0,703008140.0,7120166146.0,0.003366881405354217
2023-09-21,988.35,997.89,981.54,984.61,26629785.0,771662330.0,7120166146.0,0.0037400510681847225
2023-09-22,989.04,1028.9,976.43,1027.19,61965517.0,1846289253.0,7120166146.0,0.008702818969303304
2023-09-25,1027.19,1039.12,1016.97,1019.36,30974484.0,932896819.0,7120166146.0,0.004350247362893489
2023-09-26,1019.7,1028.22,1008.46,1011.52,28269672.0,842595285.0,7120166146.0,0.00397036690160404
2023-09-27,1005.39,1027.19,1005.05,1019.7,30031913.0,898080729.0,7120166146.0,0.004217866884591095
2023-09-28,1026.85,1030.6,1009.82,1015.95,29161102.0,869976883.0,7135076023.0,0.004087006488227855
2023-10-09,1014.59,1075.91,998.23,1063.31,65072303.0,1992239149.0,7135076023.0,0.009120057416380523
2023-10-10,1063.31,1073.19,1052.06,1054.79,38217229.0,1188594522.0,7135076023.0,0.005356246923901907
2023-10-11,1056.15,1086.82,1056.15,1084.09,55629843.0,1759988779.0,7135076023.0,0.007796671376825777
2023-10-12,1097.04,1100.44,1085.11,1093.63,36150069.0,1158660263.0,7135076023.0,0.005066528917627483
2023-10-13,1093.63,1113.39,1078.64,1088.52,38753915.0,1243743785.0,7135076023.0,0.005431464903117543
2023-10-16,1089.2,1091.24,1062.63,1084.09,38156831.0,1211127382.0,7135076023.0,0.005347781982560664
2023-10-17,1083.07,1087.84,1069.78,1078.3,36870564.0,1165668022.0,7135076023.0,0.005167508220115288
2023-10-18,1087.5,1090.22,1059.56,1080.0,28479927.0,900465024.0,7135076023.0,0.003991537988970913
2023-10-19,1071.14,1083.75,1053.77,1056.49,42308154.0,1323251547.0,7135076023.0,0.005929601011064097
2023-10-20,1049.0,1068.08,1040.48,1046.27,26233866.0,809457495.0,7135076023.0,0.0036767465287594454
2023-10-23,1086.82,1097.72,1028.9,1077.28,72228776.0,2274398493.0,7135076023.0,0.010123056259971121
2023-10-24,1095.67,1097.72,1038.78,1067.74,64979522.0,2029341964.0,7135076023.0,0.009107053910923691
2023-10-25,1076.59,1086.47,1059.22,1061.6,46601324.0,1461234604.0,7135076023.0,0.006531300276238136
2023-10-26,1061.6,1066.37,1039.8,1063.65,39629322.0,1226116018.0,7135076023.0,0.0055541555369913965
2023-10-27,1059.56,1097.72,1049.34,1090.22,55019264.0,1748141932.0,7135076023.0,0.00771109709590266
2023-10-30,1090.22,1173.01,1087.5,1150.87,106000719.0,3543995572.0,7135076023.0,0.014856284454195786
2023-10-31,1150.87,1155.64,1109.98,1116.46,65928196.0,2178889779.0,7135076023.0,0.00924001311092968
2023-11-01,1116.11,1120.2,1091.93,1098.4,46803522.0,1512923498.0,7135076023.0,0.0065596388670741985
2023-11-02,1102.83,1104.87,1073.19,1073.87,46989612.0,1496646582.0,7135076023.0,0.0065857198786009345
2023-11-03,1072.51,1105.89,1061.6,1090.22,60830167.0,1946215477.0,7135076023.0,0.008525510702887153
2023-11-06,1107.26,1154.95,1106.58,1134.51,93073248.0,3091646818.0,7135076023.0,0.013044464796167176
2023-11-07,1130.42,1142.01,1108.96,1119.18,74514867.0,2444559440.0,7135076023.0,0.010443458031813601
2023-11-08,1116.46,1120.2,1100.78,1110.66,62117582.0,2023443978.0,7135076023.0,0.008705945360604884
2023-11-09,1106.58,1110.32,1082.73,1087.5,61543504.0,1970399125.0,7135076023.0,0.00862548679251823
2023-11-10,1089.88,1107.26,1080.34,1104.19,52254392.0,1681882973.0,7135076023.0,0.007323592885563849
2023-11-13,1107.94,1117.48,1087.16,1090.9,43383761.0,1392150902.0,7135076023.0,0.00608035021072683
2023-11-14,1093.63,1096.35,1078.3,1086.47,44106886.0,1405186275.0,7135076023.0,0.006181698114753219
2023-11-15,1100.1,1113.05,1090.22,1113.05,61930570.0,2005621270.0,7135076023.0,0.008679735128310629
2023-11-16,1106.58,1115.09,1098.4,1100.78,46262168.0,1500274609.0,7135076023.0,0.006483766655165743
2023-11-17,1098.4,1107.26,1076.94,1086.82,49733212.0,1586325469.0,7135076023.0,0.00697024276121017
2023-11-20,1086.47,1086.82,1056.15,1061.26,75977953.0,2380148876.0,7135076023.0,0.010648513450324032
2023-11-21,1062.29,1066.37,1043.55,1046.27,60225979.0,1864001620.0,7135076023.0,0.008440832137718065
2023-11-22,1046.61,1048.32,1023.11,1028.22,58797886.0,1780282069.0,7135076023.0,0.008240681081808286
2023-11-23,1025.49,1056.49,1015.95,1052.41,62393127.0,1903571958.0,7135819065.0,0.00874365317164891
2023-11-24,1046.95,1063.99,1033.33,1058.2,48993346.0,1510203705.0,7135819065.0,0.0068658335579589135
2023-11-27,1072.17,1086.82,1060.92,1079.66,69871231.0,2205796250.0,7135819065.0,0.009791620326068343
2023-11-28,1079.32,1088.52,1069.78,1081.36,41855021.0,1326495105.0,7135819065.0,0.005865482381033437
2023-11-29,1085.11,1089.54,1076.59,1083.41,32668976.0,1039652637.0,7135819065.0,0.004578167650050976
2023-11-30,1078.3,1087.84,1066.37,1084.43,33152484.0,1052938214.0,7135819065.0,0.004645925533987737
2023-12-01,1078.64,1084.09,1060.58,1068.42,37640594.0,1182195788.0,7135819065.0,0.005274880662910979
2023-12-04,1071.14,1071.48,1041.16,1055.81,34765586.0,1077716756.0,7135819065.0,0.004871982554955659
2023-12-05,1047.64,1055.81,1034.69,1035.71,35032780.0,1072489555.0,7135819065.0,0.004909426609739859
2023-12-06,1032.3,1040.82,1019.02,1031.96,46601180.0,1406142087.0,7135819065.0,0.006530600001977489
2023-12-07,1025.49,1029.92,1011.86,1019.02,41080860.0,1229911883.0,7135819065.0,0.005756992943037857
2023-12-08,1019.02,1063.31,1019.02,1052.41,55884829.0,1716984752.0,7135819065.0,0.007831592770352846
2023-12-11,1043.55,1074.21,1039.46,1070.8,42496142.0,1316841301.0,7135819065.0,0.005955327848548806
2023-12-12,1066.71,1095.33,1063.65,1090.22,54764173.0,1747130712.0,7135819065.0,0.0076745461875020226
2023-12-13,1086.82,1100.78,1082.05,1082.73,35884954.0,1149019050.0,7135819065.0,0.005028848639956372
2023-12-14,1090.22,1094.65,1070.12,1072.85,32631672.0,1035244483.0,7135819065.0,0.004572939939025766
2023-12-15,1079.32,1108.96,1077.28,1081.02,49878085.0,1596585134.0,7135819065.0,0.006989819184828224
2023-12-18,1081.02,1097.72,1076.25,1088.52,43898025.0,1404492591.0,7135819065.0,0.006151785043893907
2023-12-19,1090.22,1116.11,1062.29,1107.26,50691406.0,1636253411.0,7135819065.0,0.007103796430129917
2023-12-20,1107.26,1126.0,1101.47,1113.05,54991879.0,1804514364.0,7135819065.0,0.007706456469689089
2023-12-21,1107.26,1118.16,1094.99,1109.98,43435458.0,1410450754.0,7135819065.0,0.006086961791540324
2023-12-22,1107.26,1122.25,1096.7,1102.15,33180853.0,1078313739.0,7135819065.0,0.004649901111246856
2023-12-25,1098.74,1119.18,1096.7,1117.14,27364752.0,894426793.0,7135819065.0,0.003834843870161946
2023-12-26,1114.75,1114.75,1085.45,1098.74,26943133.0,866548717.0,7135819065.0,0.0037757589920057763
2023-12-27,1097.04,1115.43,1093.63,1111.0,31640983.0,1028648310.0,7135819065.0,0.004434106682327995
2023-12-28,1115.77,1146.78,1112.03,1131.11,49446331.0,1645968951.0,7135819065.0,0.006929314007207104
2023-12-29,1131.11,1187.32,1129.06,1173.69,80296593.0,2760421409.0,7148333067.0,0.011232911539990502
2024-01-02,1173.35,1191.07,1156.66,1157.68,47135341.0,1615427568.0,7148333067.0,0.006593892668152028
2024-01-03,1147.8,1155.98,1104.19,1113.05,77036854.0,2534226473.0,7148333067.0,0.010776897673618151
2024-01-04,1110.66,1117.48,1096.01,1107.26,37764767.0,1223579711.0,7148333067.0,0.005283017263750561
2024-01-05,1117.48,1135.53,1097.04,1107.26,38630291.0,1265820915.0,7148333067.0,0.0054040977998542385
2024-01-08,1105.89,1112.37,1066.37,1067.4,42717314.0,1352044405.0,7148333067.0,0.0059758427034133045
2024-01-09,1074.89,1100.44,1065.35,1071.82,37069356.0,1174568318.0,7148333067.0,0.00518573430372589
2024-01-10,1071.82,1073.87,1055.13,1063.65,38505387.0,1200801470.0,7148333067.0,0.005386624635295551
2024-01-11,1056.15,1071.82,1043.55,1066.37,52965789.0,1647592779.0,7148333067.0,0.0074095300965360015
2024-01-12,1056.49,1059.22,1032.99,1042.52,56166163.0,1719490146.0,7148333067.0,0.00785723922956093
2024-01-15,1034.01,1052.75,1023.11,1045.25,37287390.0,1137104937.0,7148333067.0,0.005216235680474344
2024-01-16,1035.71,1042.52,1019.7,1031.96,47749127.0,1442796232.0,7148333067.0,0.006679756882122907
2024-01-17,1028.9,1028.9,967.57,967.57,98052204.0,2836256308.0,7148333067.0,0.013716792863591397
2024-01-18,960.76,981.2,945.43,978.47,64972329.0,1828744329.0,7148333067.0,0.009089158044403696
2024-01-19,972.0,1007.77,971.32,999.6,55332145.0,1620327537.0,7148333067.0,0.007740566154568074
2024-01-22,1012.88,1020.04,973.7,985.63,54209205.0,1589908870.0,7148333067.0,0.007583474985273794
2024-01-23,985.29,1004.37,973.02,997.21,55257836.0,1603952894.0,7148333067.0,0.0077301708639033115
2024-01-24,997.89,1004.71,962.12,989.72,49589962.0,1422758883.0,7148333067.0,0.0069372763601251485
2024-01-25,988.01,997.89,974.73,992.44,51852423.0,1504726631.0,7148333067.0,0.007253778260469519
2024-01-26,988.01,990.06,940.32,947.81,91775202.0,2572233224.0,7148333067.0,0.012838685766290974
2024-01-29,947.81,951.22,922.6,925.33,58346279.0,1596066872.0,7148333067.0,0.008162221661068553
2024-01-30,920.56,930.1,901.14,903.52,41576574.0,1112621828.0,7148333067.0,0.0058162614430959615
2024-01-31,901.14,901.14,858.55,868.43,84855353.0,2171478153.0,7148333067.0,0.011870649031692635
2024-02-01,867.75,893.98,853.78,880.7,54342080.0,1397901938.0,7148333067.0,0.00760206323497545
2024-02-02,879.67,901.14,847.65,873.2,61710704.0,1590845567.0,7148333067.0,0.008632880340297104
2024-02-05,873.54,942.36,861.96,919.19,95097387.0,2507389708.0,7148333067.0,0.013303435375586144
2024-02-06,904.2,962.8,902.84,961.44,80515312.0,2236373340.0,7148333067.0,0.011263508743275518
2024-02-07,962.12,976.09,952.58,961.78,63385176.0,1791035762.0,7148333067.0,0.008867126840048232
2024-02-08,970.98,1001.64,967.57,985.97,61329176.0,1781272198.0,7148333067.0,0.008579507337609064
2024-02-19,981.2,987.33,920.22,936.57,128291954.0,3545870084.0,7148333067.0,0.017947114774527616
2024-02-20,926.35,929.76,895.34,919.19,111635211.0,2980169056.0,7148333067.0,0.015616957121844193
2024-02-21,908.29,949.86,902.84,935.89,86538829.0,2372792197.0,7148333067.0,0.012106155125801724
2024-02-22,936.23,942.36,922.6,940.32,60572042.0,1659768550.0,7148333067.0,0.00847358977712279
2024-02-23,936.91,939.64,911.02,925.33,104489905.0,2824126847.0,7148333067.0,0.014617380586583684
2024-02-26,922.26,949.17,909.99,934.52,102153957.0,2778574239.0,7148333067.0,0.014290598387418424
2024-02-27,924.99,957.69,921.58,957.69,110904231.0,3064076548.0,7148333067.0,0.015514698316448774
2024-02-28,958.03,974.05,925.67,925.67,128868824.0,3577996983.0,7155235452.000001,0.018010423956625932
2024-02-29,916.47,942.36,911.7,939.64,121373622.0,3316658334.0,7155235452.000001,0.01696291097815295
2024-03-01,935.21,968.93,930.1,965.53,137896433.0,3858537359.0,7155235452.000001,0.019272102773565024
2024-03-04,973.7,981.88,942.36,954.29,116590007.0,3272789949.0,7155235452.000001,0.01629436344647628
2024-03-05,942.36,970.64,935.21,960.42,121381544.0,3400763491.0,7155235452.000001,0.01696401813948302
2024-03-06,945.43,977.11,930.1,952.58,124821301.0,3481125658.0,7155235452.000001,0.01744475102704139
2024-03-07,945.09,954.63,926.01,926.01,97554058.0,2684561497.0,7155235452.000001,0.01363394100088378
2024-03-08,931.12,943.04,921.58,938.95,85690500.0,2347920404.0,7155235452.000001,0.011975916177020863
2024-03-11,932.14,964.17,922.26,962.8,127592919.0,3558325671.0,7155235452.000001,0.01783210627462102
2024-03-12,962.12,979.84,958.03,970.64,103177865.0,2932752551.0,7155235452.000001,0.014419911922138099
2024-03-13,970.64,975.75,960.42,962.46,61453704.0,1743565052.0,7155235452.000001,0.008588634771315978
2024-03-14,959.4,960.08,931.12,938.95,88645752.0,2453006387.0,7155235452.000001,0.012388935709337436
2024-03-15,935.21,946.45,931.8,946.11,57163998.0,1575093637.0,7155235452.000001,0.007989114877277975
2024-03-18,947.13,960.08,940.66,955.31,91010663.0,2539839820.0,7155235452.000001,0.012719450479377458
2024-03-19,957.35,1018.68,952.24,1003.69,228672617.0,6701403148.0,7155235452.000001,0.03195878298261763
2024-03-20,1006.41,1041.5,1003.35,1010.16,177707139.0,5320563308.0,7155235452.000001,0.024835959653896234
2024-03-21,1024.13,1034.01,1008.46,1012.88,113120000.0,3383200424.0,7155235452.000001,0.01580940288532101
2024-03-22,1020.72,1099.76,1016.97,1084.77,239235815.0,7459121640.0,7155235452.000001,0.03343507234735788
2024-03-25,1073.19,1076.59,1034.35,1038.1,157434103.0,4852813285.0,7155235452.000001,0.022002644644767727
2024-03-26,1022.08,1066.03,1021.74,1054.45,117003425.0,3602634666.0,7155235452.000001,0.016352141838644276
2024-03-27,1037.41,1043.89,1001.98,1001.98,93305065.0,2790902241.0,7155235452.000001,0.013040111066354883
2024-03-28,1001.64,1028.9,994.83,1013.57,72942948.0,2170592445.0,7155235452.000001,0.01019434629221199
2024-03-29,1005.39,1013.91,983.93,1001.98,68843016.0,2013985449.0,7162441883.0,0.009611668356206611
2024-04-01,1015.27,1022.08,1002.32,1010.84,62494581.0,1856919377.0,7162441883.0,0.008725317708801295
2024-04-02,1010.84,1013.57,967.23,975.75,100655975.0,2896339356.0,7162441883.0,0.014053304256318809
2024-04-03,976.09,995.51,969.28,979.84,68825783.0,1984368703.0,7162441883.0,0.00960926233319358
2024-04-08,973.7,974.39,947.13,955.31,79831166.0,2246027916.0,7162441883.0,0.011145802968325461
2024-04-09,957.35,973.02,952.92,969.28,44640675.0,1262310289.0,7162441883.0,0.006232605545596718
2024-04-10,966.55,966.89,935.21,943.38,61341963.0,1702273476.0,7162441883.0,0.008564392423985271
2024-04-11,935.21,960.08,933.5,941.34,48540225.0,1349239803.0,7162441883.0,0.006777049753829046
2024-04-12,947.81,970.98,943.72,947.81,62005888.0,1744261717.0,7162441883.0,0.00865708776599926
2024-04-15,948.15,956.67,937.25,947.13,57402917.0,1596636434.0,7162441883.0,0.00801443389526767
2024-04-16,938.61,943.04,909.99,914.76,79544584.0,2154982859.0,7162441883.0,0.0111057911951507
2024-04-17,918.85,932.14,914.76,929.41,63563527.0,1724587974.0,7162441883.0,0.008874560944203615
2024-04-18,922.6,932.14,903.86,921.58,70081220.0,1888643493.0,7162441883.0,0.009784542917735532
2024-04-19,913.06,913.74,889.21,899.09,66995287.0,1770229115.0,7162441883.0,0.009353693627729502
2024-04-22,889.21,932.14,883.08,928.39,73706838.0,1979564502.0,7162441883.0,0.010290741510230276
2024-04-23,920.56,946.79,920.56,939.98,60469334.0,1661766671.0,7162441883.0,0.008442558416218845
2024-04-24,943.38,955.99,926.69,942.7,78469021.0,2166209970.0,7162441883.0,0.01095562411281069
2024-04-25,958.71,995.51,958.71,972.34,123113698.0,3532718835.0,7162441883.0,0.017188788406396625
2024-04-26,972.34,991.08,967.57,980.86,83063450.0,2386161535.0,7162441883.0,0.011597085373516322
2024-04-29,995.17,1027.53,989.72,1016.29,121044632.0,3595607198.0,7162441883.0,0.016899911228222108
2024-04-30,1013.91,1020.38,992.78,994.83,63759996.0,1877974569.0,7162441883.0,0.008901991393652192
2024-05-06,1032.3,1061.94,1032.3,1055.81,141580671.0,4362093786.0,7162441883.0,0.0197670952606318
2024-05-07,1045.59,1065.01,1041.16,1051.38,58136777.0,1797858075.0,7162441883.0,0.008116893365374061
2024-05-08,1039.12,1039.12,1007.77,1008.46,79533024.0,2372896262.0,7162441883.0,0.011104177220449218
2024-05-09,1008.8,1028.9,1008.8,1015.95,49408990.0,1476124916.0,7162441883.0,0.006898344280778299
2024-05-10,1016.97,1020.72,993.81,1005.05,51489926.0,1515276800.0,7162441883.0,0.007188878714982796
2024-05-13,1001.3,1054.45,998.23,1041.84,87320975.0,2657530498.0,7162441883.0,0.01219150904487695
2024-05-14,1088.52,1097.04,1056.49,1058.88,107402519.0,3383702906.0,7162441883.0,0.014995237763104095
2024-05-15,1056.15,1066.03,1042.52,1044.57,41907108.0,1293998461.0,7162441883.0,0.005850952605907518
2024-05-16,1062.97,1091.93,1054.79,1082.05,101764044.0,3222156377.0,7162441883.0,0.014208009734995012
2024-05-17,1074.55,1088.52,1069.78,1077.96,52585866.0,1665148626.0,7162441883.0,0.007341890776777141
2024-05-20,1070.46,1090.22,1066.71,1077.28,47529836.0,1502283358.0,7162441883.0,0.006635982082145992
2024-05-21,1073.19,1100.1,1067.74,1085.79,57889521.0,1850377742.0,7162441883.0,0.008082372177762493
2024-05-22,1083.41,1124.29,1080.0,1119.52,84265286.0,2748987218.0,7162441883.0,0.011764882337126253
2024-05-23,1110.66,1122.59,1097.38,1107.6,49572096.0,1612873100.0,7162441883.0,0.006921116681959959
2024-05-24,1102.49,1119.18,1069.78,1073.53,81032670.0,2589338578.0,7162441883.0,0.01131355357902874
2024-05-27,1083.75,1104.87,1072.51,1086.47,55784571.0,1773904806.0,7162441883.0,0.007788484976388324
2024-05-28,1081.7,1082.05,1056.15,1059.9,61610249.0,1926962938.0,7162441883.0,0.008601849761075402
2024-05-29,1065.35,1072.85,1049.0,1062.29,43161349.0,1342584228.0,7162441883.0,0.006026066208291774
2024-05-30,1056.83,1115.77,1050.36,1099.08,77273319.0,2487336940.0,7163771159.0,0.010786681663179577
2024-05-31,1097.04,1115.43,1080.0,1083.07,56636132.0,1821116748.0,7163771159.0,0.007905910273089447
2024-06-03,1077.96,1127.7,1076.94,1107.6,82983440.0,2699177158.0,7163771159.0,0.011583764773913265
2024-06-04,1103.85,1119.18,1095.33,1115.09,48444111.0,1575657990.0,7163771159.0,0.006762375559573622
2024-06-05,1109.98,1140.99,1107.26,1120.2,69564774.0,2303493634.0,7163771159.0,0.00971063598431732
2024-06-06,1131.11,1149.84,1123.95,1127.7,68692722.0,2290997652.0,7163771159.0,0.009588905127671457
2024-06-07,1126.34,1127.7,1085.11,1097.04,77733824.0,2507079748.0,7163771159.0,0.010850964146494451
2024-06-11,1056.15,1088.18,1052.06,1082.73,67357208.0,2120334751.0,7163771159.0,0.009402479016289862
2024-06-12,1144.05,1158.36,1130.76,1138.6,130909933.0,4394573914.0,7163771159.0,0.01827388537328346
2024-06-13,1156.66,1171.31,1125.65,1132.13,89348348.0,3010452013.0,7163771159.0,0.012472250441410282
2024-06-14,1131.11,1181.87,1129.74,1170.29,101763049.0,3473393693.0,7164495286.0,0.014203798723805875
2024-06-17,1177.1,1284.42,1173.01,1260.57,161677724.0,5878248630.0,7164495286.0,0.022566519698314448
2024-06-18,1286.8,1304.18,1254.44,1294.3,160707602.0,6048554178.0,7164495286.0,0.022431112811817405
2024-06-19,1290.21,1311.67,1274.2,1297.02,96946397.0,3678586917.0,7164495286.0,0.013531504052970912
2024-06-20,1291.23,1307.24,1265.68,1269.43,78078057.0,2935429678.0,7164495286.0,0.010897914491279073
2024-06-21,1248.99,1294.64,1245.92,1285.1,67055863.0,2513337692.0,7164495286.0,0.009359467809411857
2024-06-24,1279.31,1326.32,1276.92,1290.55,103828100.0,3971924083.0,7164495286.0,0.014492032705065555
2024-06-25,1278.29,1289.19,1253.41,1266.02,82936164.0,3083180797.0,7164495286.0,0.011575995333832368
2024-06-26,1269.09,1311.67,1267.72,1301.45,79007294.0,2989094129.0,7164495286.0,0.011027614765046549
2024-06-27,1298.05,1370.27,1294.98,1323.6,124871233.0,4902288044.0,7164495286.0,0.017429173726167205
2024-06-28,1311.67,1358.35,1303.16,1339.27,93374949.0,3667487400.0,7185356953.0,0.012995171932413807
2024-07-01,1335.52,1345.74,1292.25,1325.64,66548863.0,2575664847.0,7185356953.0,0.009261733750362228
2024-07-02,1345.4,1358.01,1322.58,1331.77,69065252.0,2716509617.0,7185356953.0,0.0096119444659133
2024-07-03,1331.77,1355.28,1315.76,1324.96,52607251.0,2051170080.0,7185356953.0,0.007321452691092214
2024-07-04,1324.62,1347.79,1317.81,1323.94,54728067.0,2141164150.0,7187746213.999999,0.0076140789296932744
2024-07-05,1328.71,1330.75,1290.89,1319.51,67356616.0,2583811836.0,7187746213.999999,0.009371034256719516
2024-07-08,1320.19,1351.19,1311.67,1341.31,78229655.0,3064039456.0,7187746213.999999,0.010883753080712209
2024-07-09,1341.31,1417.63,1330.75,1410.13,114299394.0,4665735421.0,7187746213.999999,0.015901979646606373
2024-07-10,1410.13,1421.72,1390.71,1399.57,74875260.0,3085524886.0,7187746213.999999,0.010417070632538614
2024-07-11,1408.8,1473.67,1393.02,1433.86,105249414.0,4391554900.0,7187746213.999999,0.01464289512545664
2024-07-12,1386.5,1417.04,1379.29,1404.34,68089326.0,2772799718.0,7187746213.999999,0.009472973025588798
2024-07-15,1409.15,1420.13,1384.78,1406.74,47474505.0,1942358326.0,7187746213.999999,0.0066049222644409865
2024-07-16,1418.41,1486.02,1417.38,1481.56,91165556.0,3874989350.0,7187746213.999999,0.012683468960330214
2024-07-17,1475.73,1481.56,1424.25,1443.12,70718199.0,2996429462.0,7187746213.999999,0.009838716740201257
2024-07-18,1402.97,1428.02,1360.41,1405.37,104068538.0,4211742716.0,7187746213.999999,0.014478604962053271
2024-07-19,1363.16,1405.71,1362.13,1377.92,91800284.0,3684921261.0,7187746213.999999,0.012771775917908058
2024-07-22,1374.83,1374.83,1325.75,1363.16,83778097.0,3306643348.0,7187746213.999999,0.011655683785387476
2024-07-23,1363.84,1368.65,1313.74,1318.89,70356038.0,2726808397.0,7187746213.999999,0.009788330848822038
2024-07-24,1317.86,1335.02,1283.88,1300.01,70153192.0,2660422227.0,7187746213.999999,0.009760109763385701
2024-07-25,1280.11,1295.89,1239.61,1272.9,76151560.0,2803169140.0,7187746213.999999,0.010594636723772342
2024-07-26,1265.35,1307.56,1256.08,1301.38,73427917.0,2758321201.0,7187746213.999999,0.010215708069516992
2024-07-29,1301.38,1351.49,1284.91,1317.17,74061425.0,2851512370.0,7187746213.999999,0.01030384529377876
2024-07-30,1308.93,1316.83,1274.27,1285.6,59510817.0,2229260996.0,7187746213.999999,0.00827948222268717
2024-07-31,1283.54,1321.29,1277.36,1312.02,77101523.0,2935218917.0,7187746213.999999,0.01072680096158999
2024-08-01,1338.11,1341.88,1297.27,1298.29,50157070.0,1915660369.0,7187746213.999999,0.0069781359144687255
2024-08-02,1273.24,1313.74,1269.81,1276.33,50303135.0,1882352287.0,7187746213.999999,0.00699845730529851
2024-08-05,1201.17,1236.52,1178.52,1184.36,131097835.0,4589180290.0,7187746213.999999,0.018239073987427794
2024-08-06,1218.33,1234.46,1195.34,1214.56,60047568.0,2121263051.0,7187746213.999999,0.008354158064601918
2024-08-07,1208.04,1223.48,1195.68,1203.92,33397531.0,1175636337.0,7187746213.999999,0.004646453840419358
2024-08-08,1198.08,1235.15,1180.92,1219.02,50770196.0,1796470399.0,7187746213.999999,0.007063437479346709
2024-08-09,1230.69,1265.69,1228.28,1246.82,52899059.0,1927040758.0,7187746213.999999,0.007359616968245953
2024-08-12,1242.35,1268.44,1238.24,1250.25,32336494.0,1180919203.0,7187746213.999999,0.004498836358052862
2024-08-13,1245.79,1280.79,1245.79,1269.81,38124101.0,1404964639.0,7187746213.999999,0.005304041053333718
2024-08-14,1269.47,1280.45,1249.22,1255.05,29233796.0,1076515366.0,7187746213.999999,0.004067171423367676
2024-08-15,1250.25,1284.91,1248.19,1259.86,44894654.0,1657492618.0,7187746213.999999,0.006245998768369983
2024-08-16,1268.44,1284.91,1265.35,1271.18,38596955.0,1431879105.0,7187746213.999999,0.00536982718238193
2024-08-19,1285.6,1295.89,1256.08,1260.2,35662385.0,1319697290.0,7187746213.999999,0.0049615531681597574
2024-08-20,1259.51,1272.9,1248.53,1257.11,28854946.0,1056238431.0,7187746213.999999,0.004014463663699967
2024-08-21,1246.13,1315.45,1242.35,1283.54,57936482.0,2170789722.0,7187746213.999999,0.00806045181271894
2024-08-22,1290.4,1306.19,1259.51,1297.27,51112243.0,1914992682.0,7187746213.999999,0.00711102499702141
2024-08-23,1288.0,1302.07,1278.73,1300.35,34066567.0,1284706434.0,7187746213.999999,0.004739533921446271
2024-08-26,1301.38,1304.13,1253.34,1281.82,71316219.0,2655200552.0,7187746213.999999,0.009921916672724641
2024-08-27,1271.18,1286.28,1250.93,1254.02,43929070.0,1618481514.0,7187746213.999999,0.006111661248478243
2024-08-28,1252.65,1277.36,1247.5,1256.08,36117885.0,1325186415.0,7187746213.999999,0.0050249249103496525
2024-08-29,1252.65,1290.4,1221.76,1277.7,50789140.0,1870534741.0,7187746213.999999,0.007066073076018598
2024-08-30,1271.87,1376.2,1271.87,1352.86,110454923.0,4332383271.0,7187746213.999999,0.015367115047114547
2024-09-02,1346.0,1351.49,1310.99,1323.0,55486913.0,2148528240.0,7187746213.999999,0.007719653887045268
2024-09-03,1315.8,1343.94,1309.62,1325.75,37163998.0,1437278502.0,7187746213.999999,0.005170466081233291
2024-09-04,1297.27,1304.13,1252.65,1298.64,65136532.0,2430239364.0,7187746213.999999,0.009062163585176355
2024-09-05,1288.69,1302.07,1269.81,1277.7,48329744.0,1806366229.0,7187746213.999999,0.006723907962396515
2024-09-06,1277.02,1277.7,1232.06,1232.06,54216550.0,1966184557.0,7187746213.999999,0.0075429137849078775
2024-09-09,1228.63,1254.02,1222.45,1231.72,44537791.0,1606088449.0,7187746213.999999,0.006196349964784665
2024-09-10,1224.51,1265.69,1204.6,1252.99,51234751.0,1853396929.0,7187746213.999999,0.007128069004468611
2024-09-11,1248.53,1258.83,1228.97,1240.3,31646457.0,1144664790.0,7187746213.999999,0.004402834498853107
2024-09-12,1242.7,1262.26,1228.97,1252.31,37511638.0,1362558039.0,7187746213.999999,0.005218831728774224
2024-09-13,1251.96,1300.01,1246.82,1274.96,48331329.0,1802034491.0,7187746213.999999,0.006724128476581742
2024-09-18,1256.08,1262.95,1195.68,1232.06,61762617.0,2202235564.0,7187746213.999999,0.008592765403945577
2024-09-19,1232.4,1240.98,1216.62,1227.94,44188739.0,1584574839.0,7187746213.999999,0.006147787871799227
2024-09-20,1240.98,1269.47,1236.18,1256.08,60453449.0,2213207426.0,7187746213.999999,0.008410626530226017
2024-09-23,1240.98,1284.22,1236.18,1251.96,31380333.0,1153690715.0,7187746213.999999,0.00436580981933929
2024-09-24,1269.81,1331.24,1245.44,1330.55,71238103.0,2692513679.0,7187746213.999999,0.009911048731971829
2024-09-25,1349.77,1362.13,1313.74,1319.92,67874566.0,2654197117.0,7187746213.999999,0.00944309439693303
2024-09-26,1317.86,1328.15,1281.82,1318.54,100399439.0,3816399171.0,7187746213.999999,0.013968139109370064
2024-09-27,1318.89,1413.61,1317.86,1389.24,120514394.0,4810204420.0,7187746213.999999,0.016766645678900984
2024-09-30,1441.41,1508.33,1407.43,1491.51,160489237.0,6841666996.0,7209116748.0,0.022261983348310175
2024-10-08,1640.8,1640.8,1483.62,1590.01,204655351.0,9363148071.0,7209116748.0,0.02838840847691596
2024-10-09,1544.36,1547.8,1434.2,1444.15,150181120.0,6533912050.0,7209116748.0,0.020832110957512823
2024-10-10,1444.84,1533.72,1444.84,1491.17,117036667.0,5121025720.0,7209116748.0,0.01623453622560199
2024-10-11,1489.11,1491.17,1424.59,1448.27,71084276.0,3008618404.0,7209116748.0,0.009860330812331574
2024-10-14,1436.26,1511.76,1436.26,1509.7,82799109.0,3593805899.0,7209116748.0,0.011485333348633959
2024-10-15,1509.7,1544.36,1486.02,1496.32,72966286.0,3228800891.0,7209116748.0,0.010121390532375936
2024-10-16,1471.61,1475.73,1433.86,1452.04,65647769.0,2779632344.0,7209116748.0,0.009106215268078774
2024-10-17,1452.39,1478.81,1439.69,1440.03,54229309.0,2303664924.0,7209116748.0,0.00752232359325359
2024-10-18,1441.41,1551.57,1441.41,1525.49,122207404.0,5381693426.0,7209116748.0,0.016951785949908992
2024-10-21,1539.9,1618.15,1506.96,1558.78,126019307.0,5778409422.0,7209116748.0,0.017480547396456173
2024-10-22,1558.78,1612.66,1524.46,1580.4,66556801.0,3045018325.0,7209116748.0,0.009232310049419663
2024-10-23,1570.79,1590.01,1541.96,1551.57,53475365.0,2437777062.0,7209116748.0,0.007417741572133019
2024-10-24,1527.2,1529.26,1497.0,1508.33,73218121.0,3219872263.0,7209116748.0,0.010156323383209551
2024-10-25,1508.33,1515.19,1462.0,1487.74,78582374.0,3392614768.0,7214296476.0,0.01089259004830508
2024-10-28,1496.32,1509.01,1452.73,1497.35,60362218.0,2613416856.0,7214296476.0,0.008367027637526218
2024-10-29,1497.35,1523.77,1483.28,1490.14,65641108.0,2873779548.0,7214296476.0,0.009098753872726203
2024-10-30,1479.16,1505.24,1468.86,1475.04,58656295.0,2536235915.0,7214296476.0,0.008130563416007857
2024-10-31,1475.04,1482.25,1438.32,1448.96,75889926.0,3220955107.0,7214296476.0,0.010519379991169633
2024-11-01,1449.3,1486.02,1444.15,1447.93,59438846.0,2533553743.0,7214296476.0,0.008239035670038908
2024-11-04,1447.93,1484.3,1445.18,1469.2,49086963.0,2096422340.0,7214296476.0,0.00680412333528279
2024-11-05,1465.77,1494.6,1445.52,1482.59,85913683.0,3698184436.0,7214296476.0,0.011908809581892209
2024-11-06,1482.93,1484.3,1410.18,1418.41,187046952.0,7817062352.0,7214296476.0,0.02592726160094117
2024-11-07,1391.64,1405.37,1372.77,1404.68,145996560.0,5888382814.0,7214296476.0,0.02023711674252518
2024-11-08,1424.25,1425.96,1377.57,1383.06,127029815.0,5178888519.0,7214296476.0,0.017608066901962458
2024-11-11,1373.45,1400.91,1355.95,1396.79,137219615.0,5520264021.0,7214296476.0,0.01902051231973794
2024-11-12,1398.51,1465.09,1376.2,1425.62,199168114.0,8259616975.0,7214296476.0,0.02760742016391731
2024-11-13,1407.09,1430.42,1389.93,1427.34,104325052.0,4287516984.0,7214296476.0,0.014460876725410585
2024-11-14,1426.99,1426.99,1372.77,1376.2,82870623.0,3378252845.0,7214296476.0,0.011486999914085593
2024-11-15,1369.34,1383.75,1348.74,1348.74,77059914.0,3071696125.0,7214296476.0,0.010681556303702981
2024-11-18,1348.74,1366.25,1315.11,1321.63,80179234.0,3125441187.0,7214296476.0,0.011113936648810383
2024-11-19,1324.72,1334.67,1295.21,1322.32,86837859.0,3319633660.0,7214296476.0,0.012036912994757827
2024-11-20,1322.66,1328.84,1310.31,1324.38,80278112.0,3085803304.0,7214296476.0,0.011127642489751207
2024-11-21,1321.63,1360.07,1304.13,1346.34,97058882.0,3767308387.0,7214296476.0,0.01345368634667129
2024-11-22,1338.45,1360.07,1290.4,1292.12,90272285.0,3483981190.0,7214296476.0,0.012512971334115712
2024-11-25,1292.46,1297.27,1246.13,1258.14,98755019.0,3640404674.0,7214296476.0,0.013688794094965609
2024-11-26,1263.29,1300.01,1258.14,1275.3,75555362.0,2826202314.0,7214296476.0,0.010473004852427692
2024-11-27,1270.84,1355.61,1266.38,1342.91,149536528.0,5771038359.0,7214296476.0,0.02072780464421823
2024-11-28,1333.64,1336.39,1308.93,1310.99,72952300.0,2804772468.0,7214296476.0,0.010112184915423485
2024-11-29,1305.85,1348.06,1305.85,1327.47,90114601.0,3495824651.0,7214296476.0,0.012491114178601716
2024-12-02,1344.97,1401.94,1344.63,1391.99,136620360.0,5524834213.0,7214296476.0,0.01893744739414283
2024-12-03,1391.99,1398.16,1370.02,1383.41,70054661.0,2828060681.0,7214296476.0,0.009710532583884345
2024-12-04,1384.78,1389.93,1349.77,1358.7,57137971.0,2269379055.0,7214296476.0,0.007920102977481238
2024-12-05,1355.61,1365.9,1335.36,1351.15,52403894.0,2060728937.0,7214296476.0,0.0072638952632919215
2024-12-06,1362.47,1389.93,1355.61,1379.97,88541042.0,3558019205.0,7214296476.0,0.01227299741486255
2024-12-09,1379.97,1393.02,1360.76,1368.65,42567215.0,1705033838.0,7214296476.0,0.005900397237847035
2024-12-10,1415.67,1435.57,1395.08,1403.31,131004166.0,5402388325.0,7214296476.0,0.018158966218787265
2024-12-11,1404.0,1443.81,1379.63,1415.67,95806317.0,3948090977.0,7214296476.0,0.013280063734380966
2024-12-12,1420.47,1448.27,1404.68,1419.78,70657387.0,2925719292.0,7214296476.0,0.009794078637474616
2024-12-13,1407.09,1409.83,1386.5,1392.67,66249573.0,2695769596.0,7214296476.0,0.009183095430080298
2024-12-16,1386.5,1395.42,1360.76,1365.22,52391558.0,2094235045.0,7214296476.0,0.007262185325248615
2024-12-17,1365.22,1419.1,1362.13,1383.06,72002397.0,2924980197.0,7214296476.0,0.009980515389065638
2024-12-18,1390.96,1396.45,1371.39,1374.83,45473497.0,1824141818.0,7214296476.0,0.006303247607202995
2024-12-19,1360.76,1436.26,1350.12,1430.08,108465775.0,4462268150.0,7214296476.0,0.015034837473180664
2024-12-20,1431.8,1439.69,1413.26,1416.7,61438712.0,2548121264.0,7219745384.0,0.00850981699938575
2024-12-23,1416.7,1435.57,1383.06,1388.55,56971925.0,2328081978.0,7219745384.0,0.00789112662148142
2024-12-24,1391.99,1422.53,1381.35,1420.81,59517513.0,2443465108.0,7219745384.0,0.0082437135708275
2024-12-25,1420.81,1440.72,1404.34,1409.49,46893438.0,1944421155.0,7219745384.0,0.006495165065505308
2024-12-26,1405.71,1454.45,1394.39,1452.39,90524293.0,3803538747.0,7219745384.0,0.012538432892746457
2024-12-27,1451.02,1451.36,1414.98,1419.1,82637027.0,3444499184.0,7219745384.0,0.011445975253245855
2024-12-30,1419.1,1444.84,1412.23,1429.39,58529459.0,2441348732.0,7219745384.0,0.008106859160117993
2024-12-31,1444.84,1444.84,1388.21,1398.85,64087258.0,2629811164.0,7219824257.0,0.00887656758928225
2025-01-02,1393.02,1398.85,1332.61,1345.66,69199878.0,2745078822.0,7219824257.0,0.00958470393969868
2025-01-03,1345.66,1385.81,1327.47,1346.34,75841360.0,2999349151.0,7219824257.0,0.010504599184179283
2025-01-06,1346.68,1372.42,1328.84,1338.11,47753489.0,1872510846.0,7219824257.0,0.006614217645768936
2025-01-07,1344.97,1407.77,1341.88,1388.55,85922232.0,3474460650.0,7219824257.0,0.01190087583041843
2025-01-08,1377.57,1379.63,1333.3,1343.6,79378319.0,3121740431.0,7219824257.0,0.010994494626796287
2025-01-09,1341.54,1355.26,1326.78,1338.79,51304803.0,2006498055.0,7219824257.0,0.00710610136392964
2025-01-10,1335.02,1338.79,1297.27,1309.62,69849104.0,2667795342.0,7219824257.0,0.009674626627133979
2025-01-13,1293.83,1328.15,1290.74,1299.32,41423127.0,1578515755.0,7219824257.0,0.005737414862950175
2025-01-14,1308.93,1359.73,1283.54,1359.38,84003361.0,3247577928.0,7219824257.0,0.011635097754430009
2025-01-15,1343.6,1354.24,1322.66,1340.85,54012770.0,2106706097.0,7219824257.0,0.007481175175092631
2025-01-16,1354.58,1363.84,1331.58,1346.0,42670600.0,1674538754.0,7219824257.0,0.005910199262624516
2025-01-17,1329.53,1362.82,1325.75,1343.94,43459256.0,1703744563.0,7219824257.0,0.006019434054487401
2025-01-20,1367.96,1412.92,1367.62,1399.88,89874838.0,3663689664.0,7219824257.0,0.012448341510925507
2025-01-21,1404.34,1461.31,1401.25,1437.63,84934605.0,3536767857.0,7219824257.0,0.01176408205748934
2025-01-22,1424.25,1437.63,1362.47,1375.86,119390461.0,4822425427.0,7219824257.0,0.016536477447390032
2025-01-23,1396.79,1398.85,1358.35,1359.73,69816032.0,2799986341.0,7219824257.0,0.009670045906215747
2025-01-24,1361.79,1416.7,1361.79,1406.06,88692895.0,3603808742.0,7219824257.0,0.012284633509466323
2025-01-27,1398.51,1414.64,1376.2,1379.29,47324827.0,1915915319.0,7219824257.0,0.00655484473242075
2025-02-05,1396.79,1419.44,1369.68,1387.18,71598541.0,2915141629.0,7219824257.0,0.009916936818868054
2025-02-06,1365.9,1428.71,1365.22,1426.99,87679481.0,3600238475.0,7219824257.0,0.012144268042949954
2025-02-07,1426.99,1482.59,1424.25,1462.0,109034598.0,4633013766.0,7219824257.0,0.015102112477915956
2025-02-10,1475.73,1484.65,1454.45,1464.06,59180009.0,2531358791.0,7219824257.0,0.008196876668101979
2025-02-11,1464.74,1474.7,1437.29,1449.3,43863664.0,1855163678.0,7219824257.0,0.0060754476062865196
2025-02-12,1475.04,1522.4,1462.68,1522.06,108024465.0,4727512281.0,7219824257.0,0.014962201454594216
2025-02-13,1522.4,1525.14,1486.02,1489.8,66262456.0,2900819047.0,7219824257.0,0.009177848884029977
2025-02-14,1489.45,1509.7,1482.59,1493.91,42474759.0,1849179114.0,7219824257.0,0.005883073810116428
2025-02-17,1503.18,1509.01,1455.82,1467.83,72270346.0,3102003920.0,7219824257.0,0.010009986867745443
2025-02-18,1465.77,1481.9,1439.0,1444.49,56875206.0,2425228794.0,7219824257.0,0.007877644105375071
2025-02-19,1445.18,1471.26,1440.72,1467.15,58122373.0,2462531718.0,7219824257.0,0.008050386121746288
2025-02-20,1462.0,1521.37,1459.6,1508.33,83503583.0,3660808374.0,7219824257.0,0.011565874739823324
2025-02-21,1508.67,1557.4,1502.15,1543.68,98727100.0,4402765057.0,7219824257.0,0.01367444642496372
2025-02-24,1543.68,1583.49,1522.06,1540.93,63477699.0,2867210759.0,7219824257.0,0.008792139079902814
2025-02-25,1516.91,1613.0,1509.7,1584.86,91192687.0,4187616242.0,7219824257.0,0.012630873516288695
2025-02-26,1580.06,1584.86,1533.38,1542.65,67023369.0,3031406284.0,7219824257.0,0.00928324106158364
2025-02-27,1544.71,1551.23,1512.79,1529.95,55001425.0,2453864638.0,7219824257.0,0.007618111333759021
2025-02-28,1521.03,1525.49,1475.73,1480.87,53568391.0,2339938727.0,7221713646.0,0.007417684171079081
2025-03-03,1509.36,1509.36,1437.97,1452.04,53295292.0,2274783985.0,7221713646.0,0.007379867800424276
2025-03-04,1439.0,1448.96,1423.22,1436.26,46619624.0,1951184570.0,7221713646.0,0.0064554794450790666
2025-03-05,1440.38,1458.22,1422.19,1438.32,49178050.0,2061881286.0,7221713646.0,0.006809747992048812
2025-03-06,1446.55,1474.01,1446.55,1454.1,65533785.0,2784636589.0,7221713646.0,0.009074547706041792
2025-03-07,1455.48,1461.31,1418.07,1425.28,66511576.0,2786193023.0,7221713646.0,0.009209943686543121
2025-03-10,1417.38,1429.05,1392.33,1409.83,72141563.0,2947723362.0,7221713646.0,0.009989535245551883
2025-03-11,1389.93,1395.08,1362.47,1382.03,79944368.0,3205706431.0,7221713646.0,0.01106999971458021
2025-03-12,1380.66,1405.71,1357.67,1391.64,83744329.0,3374346260.0,7221713646.0,0.01159618521379406
2025-03-13,1393.36,1402.28,1381.0,1385.47,54042239.0,2188742250.0,7230818016.0,0.007473876244764836
2025-03-14,1379.63,1415.32,1373.11,1407.09,85991245.0,3515359694.0,7230818016.0,0.011892325987145961
2025-03-17,1417.38,1419.78,1390.96,1395.76,58908430.0,2400289271.0,7230818016.0,0.008146855565947077
2025-03-18,1397.13,1406.74,1385.81,1402.28,59891173.0,2440209990.0,7230818016.0,0.008282765914931857
2025-03-19,1394.05,1402.97,1372.77,1397.82,58447257.0,2363325242.0,7230818016.0,0.008083076751575102
2025-03-20,1402.28,1402.63,1383.75,1387.18,37680052.0,1530040598.0,7230818016.0,0.0052110358629719935
2025-03-21,1395.08,1413.61,1359.04,1367.96,64442157.0,2592809767.0,7230818016.0,0.008912153072778978
2025-03-24,1370.71,1418.76,1368.65,1409.15,90318338.0,3693446598.0,7230818016.0,0.012490749704963947
2025-03-25,1407.43,1413.95,1388.55,1399.54,41623439.0,1695844789.0,7230818016.0,0.0057563942154121
2025-03-26,1399.54,1409.49,1395.08,1398.85,30331420.0,1238959999.0,7230818016.0,0.004194742549582097
2025-03-27,1396.1,1410.52,1384.09,1399.54,29203780.0,1191469512.0,7230818016.0,0.0040387933889885356
2025-03-28,1400.22,1424.25,1390.61,1414.29,49787332.0,2045454663.0,7230818016.0,0.006885435629804682
2025-03-31,1407.09,1420.47,1386.84,1403.31,41213435.0,1684704254.0,7234251375.0,0.005696986856501099
2025-04-01,1403.31,1412.23,1386.84,1387.87,38061001.0,1546945685.0,7234251375.0,0.005261221794356019
2025-04-02,1387.18,1396.79,1328.15,1350.46,102838106.0,4058599131.0,7234251375.0,0.014215445478627704
2025-04-03,1277.7,1284.57,1215.59,1215.59,223302734.0,8003539896.0,7234251375.0,0.03086742807579036
2025-04-07,1094.1,1094.1,1094.1,1094.1,45487000.0,1450125560.0,7234251375.0,0.006287727318571371
2025-04-08,1001.78,1029.58,984.62,995.26,282376468.0,8156305835.0,7234251375.0,0.03903326735034833
2025-04-09,955.45,1011.04,930.39,984.27,263513235.0,7469385701.0,7234251375.0,0.03642577805778832
2025-04-10,1082.77,1082.77,1041.59,1054.63,289876902.0,9030336180.0,7234251375.0,0.04007006212166632
2025-04-11,1029.92,1132.53,1017.22,1104.39,276209891.0,8623901340.0,7234251375.0,0.03818085337129994
2025-04-14,1163.76,1181.61,1080.71,1105.08,352863107.0,11506239054.0,7234251375.0,0.0487767273638594
2025-04-15,1084.49,1085.17,1046.74,1057.37,196604382.0,6077454172.0,7234251375.0,0.027176880067980774
2025-04-16,1031.63,1035.41,1003.84,1015.5,181417827.0,5385566086.0,7234251375.0,0.02507762276922538
2025-04-17,1012.07,1025.46,1007.27,1011.04,100329318.0,2967875217.0,7234251375.0,0.013868652442285363
2025-04-18,1011.04,1031.29,1011.04,1027.86,99219909.0,2961451144.0,7234251375.0,0.013715297389703989
2025-04-21,1029.23,1063.55,1021.68,1059.43,119343647.0,3632231354.0,7234251375.0,0.01649702793193304
2025-04-22,1051.2,1066.3,1035.41,1039.87,103146009.0,3139583730.0,7234251375.0,0.014258007311779375
2025-04-23,1094.78,1104.39,1062.52,1082.08,201335409.0,6343222065.0,7234251375.0,0.027830856098776356
2025-04-24,1081.05,1081.4,1054.29,1055.66,107500103.0,3333508538.0,7234251375.0,0.014859879402517998
2025-04-25,1063.89,1098.21,1063.89,1084.83,162430397.0,5144752380.0,7234251375.0,0.022452965563420167
2025-04-28,1091.69,1095.81,1060.46,1062.18,100914629.0,3151247228.0,7234251375.0,0.013949560744977569
2025-04-29,1057.03,1062.18,1042.96,1047.76,88706625.0,2716087535.0,7234251375.0,0.01226203243455858
2025-04-30,1049.82,1067.33,1042.96,1058.75,123844275.0,3812272580.0,7234251375.0,0.017119155608551134
2025-05-06,1063.55,1093.07,1060.46,1091.69,137657726.0,4326017981.0,7234251375.0,0.01902860695105442
2025-05-07,1113.66,1138.02,1071.45,1081.74,163862696.0,5223223649.0,7234251375.0,0.022650954121704127
2025-05-08,1077.97,1132.53,1074.88,1123.61,210253628.0,6843239366.0,7234251375.0,0.02906363313923412
2025-05-09,1115.72,1116.06,1087.92,1100.96,131228032.0,4206692095.0,7234251375.0,0.01813982196602893
2025-05-12,1144.54,1182.98,1128.41,1170.97,275246598.0,9200878069.0,7234251375.0,0.03804769612391303
2025-05-13,1217.99,1217.99,1154.15,1159.99,286919563.0,9870473584.0,7234251375.0,0.039661265295747344
2025-05-14,1154.84,1164.79,1133.56,1150.38,182208017.0,6094580543.0,7234306375.0,0.02518666027605169
2025-05-15,1151.41,1151.41,1119.49,1120.86,119460056.0,3927343842.0,7234306375.0,0.016512993756087637
2025-05-16,1115.37,1124.98,1112.28,1115.37,83902847.0,2734254058.0,7234306375.0,0.011597911762480477
2025-05-19,1111.6,1111.6,1087.92,1106.11,103206077.0,3296746780.0,7234306375.0,0.014266202127774828
2025-05-20,1100.96,1120.52,1093.41,1118.81,95218088.0,3077663929.0,7234306375.0,0.013162020387891023
2025-05-21,1111.94,1112.63,1100.27,1102.33,95979441.0,3086281303.0,7234306375.0,0.013267262405651157
2025-05-22,1093.07,1100.62,1089.29,1090.32,67868291.0,2161876192.0,7234306375.0,0.009381451030956648
2025-05-23,1087.92,1099.24,1074.19,1074.19,94013492.0,2970257974.0,7234642664.0,0.012994904705911263
2025-05-26,1046.74,1073.5,1042.62,1072.13,110267907.0,3404917098.0,7234642664.0,0.015241652161854444
2025-05-27,1064.92,1067.67,1044.33,1047.42,98797805.0,3027491578.0,7234642664.0,0.013656210760985278
2025-05-28,1053.94,1060.12,1040.21,1042.96,66241302.0,2024475646.0,7234642664.0,0.009156126304567956
2025-05-29,1064.24,1081.74,1064.24,1077.97,148791273.0,4661225819.0,7234642664.0,0.020566499260619184
2025-05-30,1060.12,1060.12,1041.59,1043.3,110852081.0,3382102389.0,7234642664.0,0.01532239892809169
2025-06-03,1036.1,1045.36,1033.69,1040.56,58999291.0,1789426646.0,7234642664.0,0.008155107824963337
2025-06-04,1042.62,1063.21,1039.87,1057.03,83923933.0,2579308768.0,7234642664.0,0.011600287242604302
2025-06-05,1058.75,1093.41,1058.06,1085.52,142089309.0,4455372111.0,7234642664.0,0.019640128144413353
2025-06-06,1077.97,1082.77,1069.73,1074.88,85342289.0,2672851415.0,7234642664.0,0.011796337837757787
2025-06-09,1087.92,1100.96,1082.08,1095.81,96008164.0,3058275406.0,7234642664.0,0.013270615904465077
2025-06-10,1091.01,1105.08,1075.91,1090.66,119822235.0,3810618393.0,7234642664.0,0.016562287947716112
2025-06-11,1094.78,1116.75,1091.35,1097.18,98953985.0,3179019577.0,7234642664.0,0.013677798558372586
2025-06-12,1086.2,1103.71,1082.77,1092.72,71827337.0,2291824378.0,7234642664.0,0.009928249443115827
2025-06-13,1084.49,1097.53,1070.76,1072.47,80057462.0,2517333047.0,7234642664.0,0.011065848821859656
2025-06-16,1065.61,1099.93,1064.58,1095.13,96095757.0,3052267761.0,7234642664.0,0.013282723344191972
2025-06-17,1095.13,1125.67,1092.38,1121.21,153613079.0,4998428887.0,7234642664.0,0.021232987741659663
2025-06-18,1112.28,1134.25,1111.94,1130.47,118317520.0,3886671308.0,7234642664.0,0.016354300481038933
2025-06-19,1131.16,1144.2,1119.49,1122.92,106169164.0,3497212070.0,7234642664.0,0.01467510821623629
2025-06-20,1120.52,1149.35,1118.46,1139.74,119142685.0,3949672870.0,7234642664.0,0.016468357945702127
2025-06-23,1132.19,1158.96,1128.41,1139.05,93648663.0,3121733432.0,7234642664.0,0.012944476645128744
2025-06-24,1142.83,1151.75,1132.88,1140.43,100540645.0,3337390355.0,7234642664.0,0.013897112776598637
2025-06-25,1141.46,1142.14,1124.64,1140.77,104900759.0,3460741468.0,7234642664.0,0.01449978442224828
2025-06-26,1140.77,1151.41,1130.82,1131.5,83772483.0,2786154335.0,7234642664.0,0.011579353243921323
2025-06-27,1131.85,1170.28,1121.89,1162.39,154936383.0,5218421989.0,7234642664.0,0.021415899885556533
2025-06-30,1165.14,1193.62,1165.14,1190.53,126686312.0,4377077239.0,7238252014.0,0.01750233506031115
2025-07-01,1193.96,1199.8,1175.78,1191.22,78165837.0,2703071306.0,7238252014.0,0.0107989935759095
2025-07-02,1187.1,1187.1,1161.7,1164.11,71185833.0,2419827416.0,7238252014.0,0.00983467180505937
2025-07-03,1166.51,1241.67,1166.51,1227.6,191836317.0,6774927117.0,7238252014.0,0.026503127637578273
2025-07-04,1222.45,1224.17,1209.75,1211.12,86384591.0,3057264304.0,7238252014.0,0.011934454732015083
2025-07-07,1210.78,1210.78,1175.43,1192.59,88363281.0,3056920478.0,7238252014.0,0.01220782045569711
2025-07-08,1187.44,1217.3,1187.1,1213.53,88517185.0,3118524498.0,7238871337.0,0.012228036786282226
2025-07-09,1214.56,1233.77,1205.29,1211.47,84498679.0,2998487617.0,7238871337.0,0.011672907980571834
2025-07-10,1208.04,1235.15,1205.63,1227.25,83702372.0,2982205576.0,7238871337.0,0.011562903677010057
2025-07-11,1231.37,1235.49,1215.24,1227.25,80263494.0,2870070347.0,7238871337.0,0.011087846469897826
2025-07-14,1227.94,1231.05,1204.82,1220.35,50633138.0,1789863007.0,7238871337.0,0.006994617757771041
2025-07-15,1221.73,1273.5,1219.66,1269.35,145528729.0,5279131620.0,7238871337.0,0.020103787210053018
2025-07-16,1263.49,1300.76,1259.69,1278.67,118652484.0,4422970732.0,7238871337.0,0.0163910198808939
2025-07-17,1276.95,1367.37,1273.15,1359.78,169445288.0,6562532358.0,7238871337.0,0.023407694392068457
2025-07-18,1358.05,1374.62,1330.1,1336.65,135944065.0,5315102285.0,7238871337.0,0.018779732180782095
2025-07-21,1337.34,1345.28,1305.25,1334.24,102689902.0,3932374605.0,7238871337.0,0.01418589959944746
2025-07-22,1318.02,1326.99,1303.87,1314.57,91418826.0,3481265540.0,7238871337.0,0.012628878418204714
2025-07-23,1308.35,1328.72,1300.42,1310.08,68221901.0,2601928803.0,7238871337.0,0.009424383695189857
2025-07-24,1304.56,1311.46,1287.3,1306.97,98031544.0,3684466150.0,7238871337.0,0.01354237966614104
2025-07-25,1307.66,1330.44,1304.21,1322.85,81962679.0,3137604862.0,7238871337.0,0.011322577123461864
2025-07-28,1325.26,1327.68,1291.1,1303.18,93740755.0,3540657759.0,7238871337.0,0.012949636847510113
2025-07-29,1295.93,1298.0,1271.08,1296.62,95293958.0,3548773907.0,7238871337.0,0.013164201097610972
2025-07-30,1287.3,1325.26,1273.84,1302.49,92427309.0,3487636330.0,7238871337.0,0.012768193368429806
2025-07-31,1291.79,1311.46,1258.31,1264.18,100622208.0,3740230941.0,7238871337.0,0.013900261976710418
2025-08-01,1267.28,1289.72,1252.1,1264.52,75000417.0,2757967414.0,7238871337.0,0.010360788789911325
2025-08-04,1246.58,1255.89,1235.53,1250.72,80242555.0,2891254070.0,7238871337.0,0.011084953891894267
2025-08-05,1255.55,1263.49,1246.92,1258.66,56864800.0,2069672759.0,7238871337.0,0.00785547875527878
2025-08-06,1255.55,1255.55,1238.29,1249.68,63985419.0,2310885966.0,7238871337.0,0.008839143012937901
2025-08-07,1311.46,1334.24,1276.95,1277.64,183170454.0,6922956076.0,7238871337.0,0.025303731130537153
2025-08-08,1276.95,1276.95,1257.28,1257.62,74280423.0,2722198489.0,7238871697.0,0.01026132608908982
2025-08-11,1259.35,1318.36,1259.35,1311.8,141479671.0,5351015630.0,7238871697.0,0.01954443688491306
2025-08-12,1310.08,1332.86,1302.49,1317.33,76452626.0,2921966269.0,7238871697.0,0.010561400892308148
2025-08-13,1323.19,1345.28,1305.25,1323.54,105807028.0,4068295554.0,7238871697.0,0.014616508266592089
2025-08-14,1328.72,1347.7,1318.71,1328.03,97923455.0,3779698853.0,7238871697.0,0.013527447245761014
2025-08-15,1314.91,1339.76,1310.77,1331.82,87417002.0,3363990014.0,7238871697.0,0.01207605351483549
2025-08-18,1332.17,1392.91,1321.47,1366.33,153895921.0,6098343355.0,7238871697.0,0.02125965584716455
2025-08-19,1366.68,1371.86,1332.51,1349.42,108849590.0,4259042373.0,7238871697.0,0.015036817138934849
2025-08-20,1345.63,1406.37,1319.05,1382.21,132784734.0,5282232776.0,7238871697.0,0.01834329154570178
2025-08-21,1383.93,1464.35,1373.93,1456.06,200684428.0,8301490958.0,7238871697.0,0.027723164106247318
2025-08-22,1430.87,1479.88,1426.38,1473.67,140167282.0,5900362776.0,7238871697.0,0.019363139432087104
2025-08-25,1497.13,1528.54,1453.99,1482.29,152354512.0,6570702104.0,7238871697.0,0.02104672086716776
2025-08-26,1490.92,1615.17,1490.92,1573.75,222321982.0,10000629712.0,7238871697.0,0.03071224236397735
2025-08-27,1553.73,1627.94,1549.59,1552.35,200969020.0,9278340405.0,7238871697.0,0.027762478520414642
2025-08-28,1552.7,1591.01,1530.61,1591.01,165324126.0,7484800174.0,7238871697.0,0.022838383234298123
2025-08-29,1590.66,1634.49,1558.91,1586.87,173029403.0,7971168566.0,7238871697.0,0.023902813897324418
2025-09-01,1591.01,1615.17,1549.59,1562.36,140621009.0,6401671201.0,7238871697.0,0.019425818675343764
2025-09-02,1555.8,1573.41,1501.28,1511.63,148018338.0,6557335184.0,7238871697.0,0.020447708454529333
2025-09-03,1518.88,1533.37,1483.67,1491.61,100889947.0,4402641695.0,7238871697.0,0.013937247574343906
2025-09-04,1508.52,1576.86,1501.28,1531.99,200637662.0,8941490727.0,7238871697.0,0.027716703707174436
2025-09-05,1530.96,1628.97,1508.18,1628.97,228191530.0,10489291676.0,7238871697.0,0.031523079777000224
2025-09-08,1694.2,1791.87,1683.5,1716.98,289125512.0,14557101684.0,7238871697.0,0.03994068745821563
2025-09-09,1718.01,1751.49,1638.63,1646.57,188129323.0,9103502528.0,7238871697.0,0.025988763287235258
2025-09-10,1597.22,1690.06,1581.34,1659.69,201877336.0,9549391987.0,7238871697.0,0.027887956086259116
2025-09-11,1628.97,1825.69,1605.16,1825.69,284214404.0,14306453448.0,7238871697.0,0.039262251894557926
2025-09-12,1870.56,1920.94,1810.5,1819.13,425849206.0,23093057572.0,7238871697.0,0.058828119052929805
2025-09-15,1799.46,1871.59,1797.04,1820.17,249499806.0,13237384440.0,7238871697.0,0.03446667055908727
2025-09-16,1817.41,1870.56,1799.81,1808.09,200349016.0,10610989503.0,7238871697.0,0.02767682926097868
2025-09-17,1816.37,1828.8,1777.37,1794.97,194955234.0,10192389842.0,7238871697.0,0.026931715626455313
2025-09-18,1777.37,1896.09,1763.57,1832.94,315536216.0,16692440412.0,7238871697.0,0.0435891433371816
2025-09-19,1874.35,1998.59,1864.69,1912.31,319703998.0,17827566857.0,7238871697.0,0.04416489356103585
2025-09-22,2103.51,2103.51,2075.21,2103.51,90279351.0,5501600825.0,7238871697.0,0.012471467209097573
2025-09-23,2314.04,2314.04,2197.04,2267.44,554123874.0,36353840908.0,7238871697.0,0.07654837621029326
2025-09-24,2216.71,2491.77,2198.42,2422.75,451635559.0,29906689611.0,7238871697.0,0.062390325164510235
2025-09-25,2408.94,2470.38,2353.72,2372.36,331771538.0,22988862615.0,7238871697.0,0.04583194065139956
2025-09-26,2371.67,2373.74,2214.3,2217.4,332090893.0,21965504720.0,7238871697.0,0.0458760573333035
2025-09-29,2217.4,2255.71,2163.22,2236.38,262852479.0,16918393242.0,7238871697.0,0.036311249874608736
2025-09-30,2257.09,2290.91,2200.49,2232.59,229529053.0,14884453179.0,7265330667.0,0.03159237528479583
2025-10-09,2203.25,2282.97,2186.69,2253.64,261650982.0,17046509786.0,7265330667.0,0.03601363709272725
2025-10-10,2226.03,2241.56,2077.97,2098.33,260955086.0,16258524771.0,7265330667.0,0.03591785397811131
2025-10-13,1902.31,2014.47,1902.31,1993.07,267290302.0,15306475401.0,7265330667.0,0.03678983300981255
2025-10-14,2029.31,2069.69,1882.63,1898.51,248599086.0,14241316173.0,7265330667.0,0.034217174330298104
2025-10-15,1899.55,2014.82,1859.51,2008.6,242527395.0,13673494569.0,7265330667.0,0.03338146687549796
2025-10-16,2003.08,2125.94,1992.38,2043.12,256325542.0,15334036992.0,7265330667.0,0.03528064361395982
2025-10-17,2044.84,2044.84,1911.97,1915.08,179240230.0,10165620025.0,7265330667.0,0.024670622469274598
2025-10-20,1962.36,1996.52,1947.86,1972.37,162519564.0,9272508356.0,7265330667.0,0.02236919026110997
2025-10-21,2036.21,2169.77,2034.49,2110.41,292936570.0,17821150490.0,7265330667.0,0.04031978493842722
2025-10-22,2074.18,2110.41,2054.5,2074.52,132425023.0,7986543312.0,7265330667.0,0.018226978105964298
2025-10-23,2046.57,2086.26,2011.36,2075.56,109740953.0,6524692837.0,7265330667.0,0.015104743063995217
2025-10-24,2101.44,2213.95,2093.5,2205.67,234445779.0,14736755293.0,7265330667.0,0.03226911337496045
2025-10-27,2273.66,2277.45,2192.55,2257.09,233992056.0,15195422274.0,7265330667.0,0.03220666294829771
2025-10-28,2232.93,2270.9,2208.77,2231.55,142632780.0,9262740420.0,7265330667.0,0.019631973620671546
2025-10-29,2274.69,2328.88,2249.15,2321.97,180052783.0,11983703878.0,7265330667.0,0.024782462251556045
2025-10-30,2315.76,2322.32,2197.04,2244.67,178788411.0,11675786638.0,7265330667.0,0.02460843410914225
2025-10-31,2284.7,2308.17,2174.26,2174.26,173415239.0,11158675824.0,7265625627.0,0.023867901802642658
2025-11-03,2167.36,2172.88,2094.54,2171.5,140414271.0,8693261074.0,7265625627.0,0.01932583348063001
2025-11-04,2157.01,2168.74,2072.8,2089.36,128990576.0,7901104870.0,7265625627.0,0.01775354011093751
2025-11-05,2022.41,2121.11,2014.13,2104.55,112172866.0,6760397261.0,7265625627.0,0.01543884474079578
2025-11-06,2104.55,2134.92,2063.82,2128.02,132471322.0,8075585074.0,7265625627.0,0.018232610486799583
2025-11-07,2095.57,2105.24,2065.2,2067.27,105363369.0,6346313297.0,7265625627.0,0.014501623729201813
2025-11-10,2053.47,2077.63,1974.44,2015.51,153527579.0,8911656168.0,7265625627.0,0.021130675716275794
2025-11-11,2035.52,2041.39,1940.61,1949.59,108489718.0,6189292993.0,7265625627.0,0.014931916887767826
2025-11-12,1947.86,2017.58,1945.45,1993.76,135717529.0,7815417070.0,7265625627.0,0.01867940022888823
2025-11-13,1974.09,2013.78,1963.05,1980.3,93995272.0,5397445322.0,7265625627.0,0.012936982556698418
2025-11-14,1955.45,2009.64,1936.13,1950.28,101754426.0,5829324295.0,7265625627.0,0.014004909036582818
2025-11-17,1949.59,1982.37,1936.82,1951.66,74185638.0,4205657010.0,7265625627.0,0.010210495531770399
2025-11-18,1936.82,1993.07,1911.97,1953.73,105402888.0,5974063197.0,7265625627.0,0.014507062902925978
2025-11-19,1967.19,1999.63,1946.83,1958.56,93532984.0,5330936920.0,7265625627.0,0.012873355826705327
2025-11-20,2005.15,2008.6,1921.63,1924.05,95981221.0,5436030226.0,7265625627.0,0.01321031744923953
2025-11-21,1863.65,1873.32,1822.24,1823.96,149999606.0,8020601930.0,7265625627.0,0.020645105280759603
2025-11-24,1835.7,1858.48,1801.53,1837.77,95703000.0,5077293741.0,7265625627.0,0.013172024669748374
2025-11-25,1871.25,1946.14,1865.03,1922.32,145075983.0,8050188476.0,7265625627.0,0.01996744539945452
2025-11-26,1909.21,2031.04,1895.06,1987.9,159153919.0,9136365853.0,7265625627.0,0.021905053627944104
2025-11-27,1991.35,2040.7,1960.29,1965.81,126380424.0,7319810271.0,7265625627.0,0.017394293415057622
2025-11-28,1960.98,2007.91,1958.56,1994.11,96257755.0,5543542167.0,7265625627.0,0.01324837803950341
2025-12-01,1996.52,2046.22,1946.48,2022.75,137736228.0,7969904521.0,7265625627.0,0.01895724264792208
2025-12-02,2021.37,2122.49,2007.91,2070.73,181396504.0,10920312512.0,7265625627.0,0.02496639839601799
2025-12-03,2073.49,2084.53,2017.23,2030.0,108086644.0,6408961263.0,7265625627.0,0.014876440040942396
2025-12-04,2022.75,2061.41,1970.99,2057.96,103890858.0,6085818537.0,7265625627.0,0.01429895556604626
2025-12-05,2057.61,2059.68,2026.2,2044.84,71699567.0,4248662542.0,7265625627.0,0.009868326649470512
2025-12-08,2039.66,2095.23,2027.24,2073.49,111448052.0,6690195483.0,7265625627.0,0.015339085403168131
2025-12-09,2073.14,2122.84,2056.92,2091.43,110658149.0,6714668917.0,7265625627.0,0.015230367580292064
2025-12-10,2067.27,2067.27,2002.39,2054.5,95668514.0,5632613696.0,7265625627.0,0.013167278209942925
2025-12-11,2052.78,2115.59,2008.26,2010.33,87639849.0,5200843714.0,7265625627.0,0.012062257746162841
2025-12-12,2009.64,2101.1,1987.9,2083.84,132191892.0,7900964056.0,7265625627.0,0.018194151307322787
2025-12-15,2055.19,2059.34,1977.2,1979.61,122673493.0,7143771178.0,7265625627.0,0.01688409220317236
2025-12-16,1956.84,1997.9,1943.72,1978.58,72495956.0,4138588438.0,7265625627.0,0.009977937169043737
2025-12-17,1972.37,2028.97,1969.95,2024.48,76178566.0,4427953757.0,7265625627.0,0.010484790974766253
2025-12-18,1995.83,2007.57,1965.81,1966.5,59964677.0,3442857271.0,7265625627.0,0.008253202143689256
2025-12-19,1974.44,1997.21,1958.56,1959.6,61846149.0,3534311770.0,7265625627.0,0.008512157407363758
2025-12-22,1970.64,2010.67,1966.84,1992.38,77726256.0,4485816559.0,7265625627.0,0.010697806354233175
2025-12-23,1986.17,2022.41,1982.03,2003.43,77505600.0,4507631681.0,7269267438.000001,0.010662092248090982
2025-12-24,2007.91,2057.61,1988.24,2046.22,91859271.0,5404246113.0,7269267438.000001,0.012636661366977208
2025-12-25,2036.21,2069.0,2010.33,2051.05,79411049.0,4697050390.0,7269267438.000001,0.010924216185097245
2025-12-26,2042.43,2043.12,2014.47,2015.51,74266500.0,4354917584.0,7269267438.000001,0.010216504019617278
2025-12-29,2005.15,2048.64,1998.59,2009.29,93055053.0,5441701496.0,7269267438.000001,0.012801159648296322
2025-12-30,2001.01,2049.33,1973.4,2004.12,99164728.0,5783619694.0,7269267438.000001,0.013641639800128644
2025-12-31,2020.68,2024.13,1946.48,1957.18,104905173.0,6003869905.0,7269111078.999999,0.014431637081879846
2026-01-05,1971.33,2053.12,1970.99,2020.68,159455283.0,9358442265.0,7269111078.999999,0.02193600858028655
2026-01-06,2032.07,2053.47,1995.49,2043.81,141539975.0,8330556573.0,7269111078.999999,0.019471428275308657
2026-01-07,2036.21,2039.66,1960.29,1986.17,187357397.0,10829848832.0,7269111078.999999,0.02577445783450244
2026-01-08,1967.88,1969.26,1890.23,1903.69,240111695.0,13264652378.0,7269111078.999999,0.03303178234456582
2026-01-09,1892.99,1943.03,1863.65,1920.6,154079007.0,8518973944.0,7269111078.999999,0.02119640287863044
2026-01-12,1905.07,1918.87,1863.65,1913.0,188390485.0,10301185319.0,7269111078.999999,0.025916578100484415
2026-01-13,1920.6,1951.66,1875.39,1883.67,133498244.0,7385100189.0,7269111078.999999,0.018365140186902353
2026-01-14,1870.56,1891.26,1845.02,1849.16,169913878.0,9190861212.0,7269111078.999999,0.023374780788653845
2026-01-15,1840.87,1986.86,1837.08,1979.96,262847130.0,14597266865.0,7269111078.999999,0.03615945982162093
2026-01-16,2011.36,2067.62,1998.59,2004.46,259990309.0,15284928361.0,7269111078.999999,0.035766451519924566
2026-01-19,2005.15,2087.29,1994.8,1996.87,195719959.0,11530425069.0,7269111078.999999,0.026924882131107136
2026-01-20,1998.25,2013.09,1908.86,1983.06,177225955.0,10048349855.0,7269111078.999999,0.024380691541775246
2026-01-21,1955.11,2012.05,1953.38,1969.26,111719948.0,6424873922.0,7269111078.999999,0.015369134793214516
2026-01-22,1982.03,2013.78,1936.13,1946.83,149804210.0,8531018706.0,7269111078.999999,0.020608325883583602
2026-01-23,1954.42,1954.42,1898.16,1915.42,144925368.0,8052423541.0,7269111078.999999,0.019937151382743372
2026-01-26,1911.28,1911.97,1864.0,1866.76,127111156.0,6917918137.0,7269111078.999999,0.01748647869300224
2026-01-27,1874.7,1890.92,1824.31,1853.99,122784313.0,6608414372.0,7269111078.999999,0.016891241812869814
2026-01-28,1853.3,1896.44,1822.93,1838.8,151194870.0,8124725548.0,7269111078.999999,0.020799636758446628
2026-01-29,1829.14,1833.63,1785.31,1790.83,147260590.0,7686631742.0,7269111078.999999,0.020258404143173227
2026-01-30,1781.17,1811.88,1760.81,1783.93,108558812.0,5631865241.0,7269111078.999999,0.014934262363058328
2026-02-02,1794.28,1849.85,1794.28,1802.22,138486234.0,7315678565.0,7269111078.999999,0.019051330003757673
2026-02-03,1823.27,1842.6,1768.74,1810.5,104663797.0,5464439702.0,7269111078.999999,0.014398431371115936
2026-02-04,1794.97,1796.35,1748.04,1791.18,124442380.0,6390867495.0,7269111078.999999,0.017119339441586764
2026-02-05,1777.37,1814.65,1774.61,1784.27,75985941.0,3948087323.0,7269111078.999999,0.01045326452907269
2026-02-06,1772.89,1794.97,1749.76,1765.98,72491146.0,3723195003.0,7269272739.0,0.009972269386878483
2026-02-09,1794.28,1794.63,1771.51,1784.97,77530036.0,4004057333.0,7269272739.0,0.010665446019661308
2026-02-10,1783.93,1793.94,1772.89,1783.93,74683050.0,3859138594.0,7269272739.0,0.010273799413154747
2026-02-11,1773.58,1791.87,1760.81,1765.29,68945249.0,3542639012.0,7269272739.0,0.009484476848709417
2026-02-12,1769.1,1777.06,1741.4,1745.9,97024007.0,4903262372.0,7269272756.000001,0.013347140801659581
2026-02-13,1727.9,1768.41,1705.4,1758.71,114492599.0,5776476638.0,7269272756.000001,0.015750213651771244
2026-02-24,1779.83,1782.6,1748.67,1752.83,84415339.0,4300015328.0,7269272756.000001,0.011612625063535309
2026-02-25,1750.06,1797.83,1747.29,1785.72,124704783.0,6391742056.0,7269272756.000001,0.01715505624645459
2026-02-26,1786.06,1787.45,1767.02,1771.18,106425064.0,5454795825.0,7269272756.000001,0.014640400432375794
2026-02-27,1753.52,1754.9,1707.47,1738.63,127271550.0,6349492767.0,7269272756.000001,0.017508154429196655
2026-03-02,1707.13,1721.32,1674.93,1700.2,128983380.0,6329687455.0,7269272756.000001,0.017743642910295
2026-03-03,1701.94,1722.01,1634.08,1640.66,136026519.0,6548505878.0,7269272756.000001,0.018712534742588216
2026-03-04,1615.73,1630.27,1585.61,1602.23,119890568.0,5557272421.0,7269272756.000001,0.016492787108730134
2026-03-05,1627.16,1653.47,1623.0,1627.16,100873314.0,4765363060.0,7269272756.000001,0.013876672039405862
2026-03-06,1612.96,1641.7,1608.81,1637.54,73249601.0,3447363241.0,7269272756.000001,0.010076606485778147
2026-03-09,1601.88,1614.0,1572.8,1609.85,97374939.0,4484441010.0,7269272756.000001,0.01339541688260734
2026-03-10,1634.08,1720.63,1634.08,1709.9,181409372.0,8875107862.0,7269272756.000001,0.024955642481603972
2026-03-11,1711.97,1761.48,1706.09,1736.9,168648425.0,8476553856.0,7269272756.000001,0.023200178430613835
2026-03-12,1727.55,1745.9,1706.09,1720.63,86041581.0,4282954480.0,7269272756.000001,0.011836339602057435
2026-03-13,1708.51,1740.71,1698.13,1707.82,81983337.0,4071284136.0,7269272756.000001,0.011278065874241903
2026-03-16,1696.74,1705.74,1644.81,1705.4,96527204.0,4675886931.0,7269272756.000001,0.013278797926563864
2026-03-17,1737.25,1791.95,1722.71,1725.13,185009493.0,9421830949.0,7269272756.000001,0.025450894361790814
2026-03-18,1719.25,1727.21,1692.93,1708.17,86120488.0,4245300752.0,7269272756.000001,0.011847194470577105
2026-03-19,1674.93,1689.47,1656.58,1663.16,91805865.0,4422841914.0,7269272756.000001,0.012629305307635369
2026-03-20,1675.28,1720.63,1669.39,1669.39,100484471.0,4918969446.0,7269272756.000001,0.013823180718739836
2026-03-23,1645.5,1653.12,1590.8,1602.92,101744612.0,4757499917.0,7269272756.000001,0.013996532447626317
2026-03-24,1620.23,1625.08,1543.03,1604.31,110560688.0,5039460248.0,7269272756.000001,0.015209318966432243
2026-03-25,1640.31,1764.6,1627.16,1764.6,260886146.0,13043880637.0,7269272756.000001,0.03588889215701345
2026-03-26,1790.22,1790.22,1729.63,1737.59,220019409.0,11164299113.0,7269272756.000001,0.030267045464540822
2026-03-27,1668.01,1775.68,1668.01,1752.13,174981118.0,8737181238.0,7269272756.000001,0.02407133751523795
2026-03-30,1724.09,1731.02,1665.24,1688.09,159640570.0,7806460835.0,7269272756.000001,0.02196100976789376
2026-03-31,1675.62,1752.48,1661.78,1705.4,167150472.0,8302284090.0,7269273007.0,0.022994111218417747
2026-04-01,1747.63,1769.44,1724.09,1744.86,110977737.0,5578244766.0,7269273007.0,0.015266689928020749
2026-04-02,1734.48,1762.17,1716.13,1727.21,85965881.0,4306449474.0,7269273007.0,0.011825925497256537
2026-04-03,1741.4,1744.17,1683.93,1689.47,74514475.0,3668426747.0,7269273007.0,0.010250608957490762
2026-04-07,1696.4,1729.29,1665.58,1675.28,79987772.0,3915337449.0,7269273007.0,0.011003544910608693
2026-04-08,1715.78,1819.99,1715.78,1809.6,201928715.0,10341801422.0,7269273007.0,0.027778391980264223
2026-04-09,1782.95,1931.12,1776.02,1907.23,299603070.0,16300584856.0,7269273007.0,0.04121499766365839
2026-04-10,1918.66,2048.83,1900.66,2014.21,386896937.0,22240373573.0,7269273007.0,0.05322360800418897
2026-04-13,2000.36,2060.6,1990.67,2028.75,238813216.0,13958472897.0,7269273007.0,0.032852420836311014
2026-04-14,2042.6,2099.72,2027.02,2047.45,243274497.0,14486703394.0,7269273007.0,0.033466138466080035
2026-04-15,2042.6,2111.15,2023.56,2034.98,198003810.0,11789558135.0,7269273060.0,0.027238460897766853
2026-04-16,2034.29,2099.72,2007.98,2092.8,199642241.0,11903948272.0,7269273060.0,0.027463852210828907
2026-04-17,2072.03,2107.69,2051.25,2068.56,134342400.0,8048223623.0,7269273060.0,0.01848085756184264
2026-04-20,2168.62,2275.59,2108.72,2275.59,392926863.0,25188235807.0,7269273060.0,0.05405311641986936
2026-04-21,2245.47,2284.94,2177.62,2276.29,262573277.0,16943576025.0,7269273060.0,0.03612098140113064
2026-04-22,2263.82,2378.07,2236.47,2355.22,236665585.0,15963581222.0,7269273060.0,0.032556981013999765
2026-04-23,2388.8,2446.96,2329.95,2346.22,232237089.0,15938711239.0,7269273060.0,0.0319477734682868
2026-04-24,2337.22,2347.26,2228.51,2284.94,262279111.0,17251346199.0,7269273060.0,0.036080514356135636
2026-04-27,2353.49,2513.44,2336.87,2491.62,327349997.0,23372375964.0,7269273060.0,0.04503201273333375
2026-04-28,2458.74,2506.51,2387.07,2419.27,215990814.0,15245939862.0,7269273060.0,0.02971284916899242
2026-04-29,2354.18,2415.46,2302.25,2376.34,210391849.0,14341701763.0,7269274403.0,0.028942620313407365
2026-04-30,2405.42,2405.42,2312.64,2319.56,155047490.0,10467151556.0,7269274403.0,0.0213291563097429
2026-05-06,2363.53,2458.04,2315.06,2322.33,213054399.0,14608440724.0,7269274403.0,0.029308894834410616
2026-05-07,2336.87,2433.81,2294.98,2406.8,214188521.0,14678541091.0,7269274403.0,0.029464910680989737
2026-05-08,2358.68,2495.43,2323.37,2468.08,215071024.0,15166942308.0,7269274403.0,0.029586312481372428
2026-05-11,2613.83,2714.93,2577.83,2633.22,270015409.0,20583695884.0,7269274403.0,0.03714475393700446
2026-05-12,2679.27,2727.39,2613.83,2672.34,198024613.0,15270074423.0,7269274403.0,0.027241317636637303
2026-05-13,2622.49,2831.25,2600.33,2774.82,226366456.0,18021923742.0,7269274403.0,0.03114017210666576
2026-05-14,2745.05,2747.12,2604.14,2610.37,221670631.0,16975179746.0,7269274403.0,0.03049418947625879
2026-05-15,2647.42,2658.84,2513.78,2561.9,198921177.0,14751129626.0,7269274403.0,0.02736465374286958
2026-05-18,2530.05,2600.33,2481.24,2523.82,204511202.0,14953197726.0,7269274403.0,0.028133647275111674
2026-05-19,2494.39,2517.24,2424.81,2506.51,143082046.0,10235474979.0,7269274403.0,0.01968312627474217
2026-05-20,2493.7,2513.44,2399.19,2425.85,182380377.0,12861203395.0,7269274403.0,0.025089213433012292
2026-05-21,2458.39,2526.94,2339.3,2349.68,194798584.0,13796884415.0,7269274403.0,0.026797527951291453
2026-05-22,2406.11,2523.13,2385.34,2506.51,186637744.0,13302102231.0,7275950762.0,0.02565132037104349
2026-05-25,2537.67,2594.1,2475.35,2586.14,215299602.0,15835830718.0,7275950762.0,0.02959057984895143
2026-05-26,2551.52,2551.86,2463.24,2508.24,156425313.0,11298770434.0,7275950762.0,0.021498951562036423
2026-05-27,2497.86,2571.94,2447.31,2478.47,165224776.0,11955068270.0,7275950762.0,0.022708341686823525
2026-05-28,2466.01,2539.4,2399.88,2520.36,159715750.0,11412577159.0,7275950762.0,0.021951186205677074
2026-05-29,2665.76,2693.46,2467.74,2537.32,267669781.0,19878578233.0,7275950762.0,0.036788289222345345
2026-06-01,2539.4,2628.72,2446.62,2448.0,230254020.0,16789308026.0,7275950762.0,0.03164590134426751
2026-06-02,2423.77,2590.64,2359.38,2561.9,232560683.0,16748451139.0,7275950762.0,0.03196292699156119
2026-06-03,2596.52,2700.39,2538.71,2589.6,263847122.0,20073822599.0,7275950762.0,0.03626290647512218
2026-06-04,2537.67,2617.3,2509.97,2582.33,145871086.0,10824292100.0,7275950762.0,0.02004838828237249
2026-06-05,2527.28,2540.79,2353.49,2380.84,255104538.0,18017428381.0,7275950762.0,0.0350613337479317
2026-06-08,2249.63,2342.06,2236.47,2289.79,189971946.0,12545747660.0,7275950762.0,0.02610957003614753
2026-06-09,2291.17,2419.27,2255.86,2400.57,171147687.0,11550214648.0,7275950762.0,0.02352238114279861
2026-06-10,2354.18,2355.91,2243.4,2267.98,134616156.0,8906551912.0,7275950762.0,0.018501521024998933
2026-06-11,2251.71,2287.02,2188.7,2235.78,122484282.0,7910698034.0,7275950762.0,0.01683412738850527
2026-06-12,2291.87,2326.14,2205.31,2207.39,137189604.0,8987153483.0,7275950762.0,0.018855213358025744
2026-06-15,2250.32,2367.34,2215.7,2359.38,160091391.0,10715165050.0,7275950762.0,0.022002813960219046
2026-06-16,2359.38,2378.42,2300.52,2328.56,159415022.0,10757497506.0,7275950762.0,0.021909854425152857
2026-06-17,2300.52,2342.41,2271.09,2330.64,151118249.0,10067605183.0,7275950762.0,0.020769553552951875
2026-06-18,2319.56,2450.08,2299.14,2421.0,228771532.0,15855359540.0,7275950762.0,0.03144214955312805
2026-06-22,2447.66,2458.39,2298.1,2368.03,208719620.0,14229475755.0,7275950762.0,0.02868623315733208
2026-06-23,2367.68,2492.32,2346.57,2401.27,258144995.0,18109829043.0,7301528020.0,0.03535492766622294
2026-06-24,2370.11,2641.53,2300.87,2598.26,406475770.0,29659436724.0,7301528020.0,0.055669959614836895
2026-06-25,2599.99,2624.22,2533.52,2576.44,252368956.0,18757393549.0,7301528020.0,0.03456385503263466
2026-06-26,2458.04,2475.35,2321.29,2354.18,340361721.0,23313769531.0,7301528020.0,0.0466151359095928
2026-06-29,2318.87,2337.56,2163.08,2260.71,227235979.0,14739681221.0,7301528020.0,0.03112170197492442
2026-06-30,2258.63,2453.89,2236.47,2437.27,245170389.0,17001653980.0,7302358846.0,0.033574135997753184
2026-07-01,2437.27,2450.08,2267.63,2293.25,208917983.0,14148227157.0,7302358846.0,0.02860965715406312
2026-07-02,2234.74,2246.86,2100.07,2108.38,211597717.0,13173882136.0,7302358846.0,0.028976625425071584
2026-07-03,2163.42,2283.9,2158.58,2230.93,205775393.0,13275301052.0,7302358846.0,0.02817930443293912
2026-07-06,2243.05,2257.94,2120.84,2176.93,130177779.0,8216421561.0,7325075161.0,0.017771528092037827
2026-07-07,2165.16,2246.86,2146.46,2190.77,137058392.0,8712510967.0,7325075161.0,0.018710851286512828
2026-07-08,2181.08,2225.39,2097.99,2162.73,128144800.0,8007434110.0,7325075161.0,0.017493991144591343
2026-07-09,2174.16,2238.55,2066.83,2231.63,190354127.0,11897521866.0,7325075161.0,0.025986644889799786
2026-07-10,2228.86,2273.17,2148.54,2151.31,142232648.0,9121289842.0,7325075161.0,0.01941722711014241
2026-07-13,2142.31,2143.0,2016.29,2041.91,132193670.0,7940234256.0,7325075161.0,0.018046732230656493
